respondent_id,variant_id,application_intent_pct,preference_pct,credibility,differentiation,culture_fit,reward_fairness,respondent_composite_0_100
1,A,1,1,6.3,5.4,6.2,8.7,77.7
1,B,1,0,5.1,5.4,6.8,6.6,56.5
1,C,0,0,4.7,7.7,9.0,6.1,45.8
1,D,1,0,5.9,7.4,9.0,5.5,63.0
2,A,1,0,5.3,4.9,6.7,7.5,57.3
2,B,1,0,6.9,6.5,7.6,3.8,58.0
2,C,1,1,4.9,6.8,7.6,9.3,81.0
2,D,0,1,8.4,7.9,8.0,8.5,71.3
3,A,1,0,7.0,6.4,4.5,7.3,58.7
3,B,0,1,6.2,8.2,7.5,6.4,63.8
3,C,1,0,3.9,5.4,5.1,6.5,51.5
3,D,1,0,8.6,5.1,8.9,7.1,66.2
4,A,1,0,5.3,6.7,4.9,10,61.5
4,B,1,0,6.9,6.7,7.0,7.8,64.0
4,C,0,0,6.5,4.5,9.4,6.8,45.3
4,D,1,1,8.0,6.5,7.6,8.3,84.0
5,A,1,0,8.0,4.8,7.6,8.1,64.2
5,B,1,0,5.8,6.5,8.7,6.3,62.2
5,C,0,1,5.1,5.1,8.9,5.8,58.2
5,D,1,1,7.4,6.9,7.4,7.4,81.8
6,A,0,1,7.0,3.5,4.1,7.5,53.5
6,B,1,1,5.7,6.8,5.6,6.6,74.5
6,C,1,1,7.5,5.2,8.0,5.5,77.0
6,D,1,1,8.9,8.1,7.7,5.6,83.8
7,A,0,1,7.3,3.6,9.0,7.9,63.0
7,B,1,0,7.0,7.9,8.1,6.6,66.0
7,C,1,1,8.1,5.5,8.4,7.3,82.2
7,D,1,0,7.5,4.8,7.4,10,66.2
8,A,0,0,7.1,3.6,6.2,8.0,41.5
8,B,1,1,6.9,6.4,6.2,7.9,79.0
8,C,0,0,5.7,2.1,7.1,5.6,34.2
8,D,1,0,5.7,8.2,6.7,7.3,63.2
9,A,0,1,6.8,4.9,7.6,7.9,62.0
9,B,1,0,7.9,7.5,8.4,9.1,71.5
9,C,1,1,8.7,6.6,7.2,6.6,81.8
9,D,1,1,9.6,5.4,10,7.8,88.0
10,A,1,1,5.0,6.3,5.6,8.6,75.8
10,B,1,1,8.1,7.5,9.0,9.5,90.2
10,C,1,1,5.7,5.9,7.1,6.0,74.5
10,D,1,0,7.7,7.2,7.0,7.0,64.8
11,A,1,0,8.0,4.4,6.2,8.4,61.7
11,B,1,0,7.7,6.9,7.1,8.8,67.5
11,C,1,1,9.1,5.1,8.1,5.6,79.8
11,D,0,0,7.8,5.9,8.0,6.9,47.7
12,A,1,1,8.5,5.6,4.2,6.3,74.3
12,B,0,1,6.4,7.4,8.3,8.0,66.8
12,C,1,0,5.3,5.7,8.7,6.3,60.0
12,D,0,0,7.2,7.6,6.4,6.8,46.7
13,A,1,1,7.0,7.1,5.7,7.8,79.3
13,B,1,0,6.4,7.4,4.7,8.1,61.0
13,C,1,1,5.6,8.0,7.9,6.3,79.7
13,D,1,1,8.2,8.7,7.4,8.8,88.5
14,A,1,0,7.5,7.2,5.5,6.3,60.8
14,B,0,0,7.9,6.1,5.5,8.7,47.0
14,C,1,1,7.0,3.5,8.2,6.6,75.5
14,D,0,1,7.7,6.7,9.7,6.9,68.3
15,A,0,0,6.2,5.9,4.3,7.4,39.7
15,B,0,1,6.0,6.7,6.3,5.3,57.2
15,C,0,0,8.4,6.7,5.2,6.6,44.8
15,D,0,0,5.3,7.8,7.3,8.0,47.3
16,A,1,0,6.0,6.8,5.0,5.6,55.7
16,B,1,0,5.9,7.3,10,8.0,68.7
16,C,1,0,7.9,6.5,5.1,5.2,57.8
16,D,1,1,9.2,6.2,6.2,8.6,83.7
17,A,1,0,7.0,7.1,4.1,9.0,62.0
17,B,1,0,6.8,5.7,6.1,5.6,57.0
17,C,1,0,6.1,3.7,7.7,4.9,54.0
17,D,1,0,9.4,9.3,9.1,7.2,75.0
18,A,0,0,6.1,5.6,6.5,7.7,43.2
18,B,1,1,6.7,7.5,7.8,6.3,80.5
18,C,1,0,7.8,4.8,10,5.8,64.0
18,D,1,1,6.5,4.0,8.0,7.7,77.0
19,A,1,0,6.9,4.3,5.9,9.2,60.5
19,B,1,1,8.6,6.8,5.2,6.1,77.8
19,C,1,0,7.0,6.8,8.5,6.6,64.8
19,D,1,1,7.0,6.7,7.8,7.2,81.2
20,A,1,0,6.4,3.6,5.8,7.5,55.5
20,B,1,0,6.6,5.8,10,6.5,64.8
20,C,1,1,8.1,6.1,8.7,5.6,80.8
20,D,0,1,10.0,7.7,10,7.2,74.8
21,A,0,1,7.2,4.8,6.8,7.4,60.3
21,B,1,0,7.1,6.5,5.4,7.2,60.3
21,C,1,1,7.7,8.1,6.8,8.4,85.0
21,D,1,1,8.8,6.3,9.1,5.3,82.5
22,A,1,1,5.7,3.4,7.7,10,78.0
22,B,1,0,6.2,6.3,8.5,5.9,61.5
22,C,1,0,6.3,4.4,7.3,7.9,59.8
22,D,1,1,7.9,5.3,8.6,8.9,84.5
23,A,0,0,5.4,4.3,7.2,7.7,41.0
23,B,1,0,7.2,7.2,6.6,7.4,64.0
23,C,1,0,8.2,8.4,7.3,6.9,68.0
23,D,0,1,9.1,8.0,8.2,6.2,69.2
24,A,0,0,6.4,7.3,8.3,8.1,50.2
24,B,1,0,7.4,9.0,9.3,7.1,71.3
24,C,1,0,6.4,6.8,7.8,7.9,64.8
24,D,1,1,8.9,7.1,8.2,5.7,83.2
25,A,1,1,5.6,6.5,6.2,7.5,76.3
25,B,0,1,7.1,8.0,5.6,7.3,63.3
25,C,1,1,5.0,7.4,7.6,5.6,76.0
25,D,1,1,6.9,7.1,6.8,8.9,82.8
26,A,1,0,5.3,6.8,5.3,8.5,59.8
26,B,0,0,7.4,7.3,5.7,6.8,45.3
26,C,0,1,7.5,7.4,7.6,6.5,65.0
26,D,1,0,10,6.3,9.6,7.9,73.0
27,A,0,1,6.6,6.7,6.8,7.6,62.8
27,B,1,1,7.5,6.5,6.0,5.1,75.2
27,C,0,0,6.3,6.1,7.7,7.3,45.7
27,D,0,1,7.9,9.0,7.1,9.7,72.8
28,A,1,1,5.8,4.7,4.4,6.7,69.3
28,B,1,1,6.0,7.0,6.8,8.3,80.2
28,C,0,0,6.2,9.1,9.3,5.2,49.7
28,D,1,0,7.9,6.3,8.6,6.6,65.7
29,A,0,1,4.7,6.4,6.2,7.5,58.0
29,B,1,1,7.2,7.9,9.0,5.4,82.5
29,C,1,0,7.4,7.0,9.0,7.4,68.0
29,D,1,0,7.3,7.2,7.4,10,69.8
30,A,1,1,5.6,4.5,4.5,6.2,68.0
30,B,1,1,7.5,8.6,9.2,5.7,85.0
30,C,0,1,7.3,5.9,7.8,4.8,59.7
30,D,1,1,8.1,8.1,10,7.5,89.5
31,A,1,0,6.7,6.0,7.0,8.3,63.3
31,B,1,0,6.9,10,10.0,7.8,74.5
31,C,1,0,8.1,6.0,8.2,5.3,62.7
31,D,1,1,9.2,8.5,6.3,9.5,89.2
32,A,1,1,5.3,4.2,4.4,8.3,70.3
32,B,1,0,8.6,8.2,7.5,6.5,68.0
32,C,1,1,6.5,4.4,8.2,5.0,73.5
32,D,1,1,4.9,7.1,8.7,6.5,78.7
33,A,0,0,5.5,2.6,5.8,9.1,38.3
33,B,1,0,6.7,7.2,9.8,8.5,70.3
33,C,0,1,6.7,5.9,9.1,5.3,61.7
33,D,1,0,8.1,7.0,6.6,8.1,66.3
34,A,1,0,5.1,3.2,4.0,7.1,49.0
34,B,1,0,7.9,7.8,7.8,7.9,69.0
34,C,0,0,5.7,7.9,8.4,8.0,50.0
34,D,1,1,9.5,6.2,7.7,9.1,87.5
35,A,0,1,5.3,5.6,3.9,6.1,51.5
35,B,1,1,7.3,8.0,6.3,7.8,82.3
35,C,1,0,8.5,6.6,8.6,8.4,70.2
35,D,1,1,7.9,5.6,6.1,9.9,82.5
36,A,0,0,6.7,5.3,5.1,7.1,40.3
36,B,0,1,8.3,6.1,8.0,6.6,65.0
36,C,0,1,9.4,5.5,8.1,6.1,65.2
36,D,1,1,7.9,7.6,7.8,8.1,85.7
37,A,1,1,6.3,5.6,5.2,7.9,75.0
37,B,1,1,2.8,8.7,5.7,6.8,73.3
37,C,1,0,7.7,6.3,8.4,6.0,64.0
37,D,0,1,8.1,8.7,6.7,5.9,65.7
38,A,0,0,3.7,6.9,4.7,6.0,35.5
38,B,0,0,7.3,7.7,7.0,6.1,46.8
38,C,0,1,7.9,5.9,7.3,7.2,63.8
38,D,1,1,5.0,9.5,6.6,4.0,75.2
39,A,1,0,7.3,4.7,4.7,6.5,55.3
39,B,1,0,4.0,6.1,7.1,6.6,56.3
39,C,0,0,8.5,4.7,8.6,7.4,48.7
39,D,1,1,8.0,7.7,10,7.3,88.3
40,A,1,0,7.8,4.5,4.8,5.9,55.0
40,B,1,1,10,7.7,8.3,7.2,88.7
40,C,0,1,6.8,6.9,6.6,6.1,60.7
40,D,1,0,7.6,7.1,8.0,6.2,64.8
41,A,1,1,7.1,4.3,6.4,5.0,71.3
41,B,1,0,7.7,7.6,7.3,6.7,65.5
41,C,1,0,6.5,5.0,7.3,5.8,57.7
41,D,1,1,7.1,6.6,8.2,8.4,83.8
42,A,1,1,3.7,6.6,7.0,6.8,73.5
42,B,0,1,7.6,7.5,7.1,9.0,68.7
42,C,0,1,7.6,5.4,8.4,5.5,61.5
42,D,0,1,8.8,8.1,9.0,5.7,69.3
43,A,0,1,7.1,5.3,6.6,7.7,61.2
43,B,1,0,7.7,7.5,9.1,5.0,65.5
43,C,1,0,6.5,6.8,10,5.7,65.0
43,D,1,0,8.0,9.8,8.8,7.1,72.8
44,A,0,1,6.8,5.4,5.0,7.8,58.3
44,B,0,1,8.6,7.1,9.9,6.4,70.0
44,C,0,0,7.5,6.2,7.6,8.5,49.7
44,D,1,0,9.2,6.5,9.0,7.5,70.3
45,A,0,1,6.4,4.0,6.7,9.6,61.2
45,B,1,1,8.4,7.9,7.7,8.2,87.0
45,C,1,1,6.6,5.6,5.6,6.1,73.2
45,D,0,1,6.8,5.0,9.2,8.5,65.8
46,A,1,0,7.3,5.9,6.3,4.8,57.2
46,B,1,0,5.3,7.4,6.6,5.1,57.3
46,C,1,1,8.7,6.0,7.7,5.3,79.5
46,D,0,0,9.4,9.1,10,7.2,59.5
47,A,0,1,5.2,6.2,4.9,6.8,55.2
47,B,1,0,5.6,7.0,7.8,5.3,59.5
47,C,1,1,7.9,5.3,5.8,5.8,74.7
47,D,1,1,8.4,7.4,9.6,6.2,86.0
48,A,0,1,6.4,5.0,5.5,6.7,56.0
48,B,1,1,5.7,8.3,8.0,6.9,81.5
48,C,1,1,7.5,5.2,7.8,6.0,77.5
48,D,1,0,5.5,7.9,8.7,3.5,59.3
49,A,0,1,5.9,5.0,6.7,8.3,59.8
49,B,1,1,5.8,8.1,6.5,6.6,78.3
49,C,1,0,5.3,5.4,9.0,6.6,60.5
49,D,1,1,8.8,7.4,6.8,4.8,79.7
50,A,0,0,4.2,6.1,7.7,7.1,41.8
50,B,1,1,7.2,6.4,8.3,8.2,83.5
50,C,0,1,7.4,6.2,7.7,6.5,63.0
50,D,1,0,8.3,5.5,6.9,7.4,63.5
51,A,0,1,4.1,5.9,6.8,7.6,57.3
51,B,1,0,7.4,8.2,7.3,7.2,66.8
51,C,0,1,5.3,6.7,5.4,6.1,55.8
51,D,1,0,8.9,5.8,9.1,7.2,68.3
52,A,1,0,5.9,7.5,5.2,7.4,60.0
52,B,1,1,8.1,7.6,5.7,7.1,80.8
52,C,0,1,8.7,7.3,7.4,7.5,68.2
52,D,1,0,7.2,8.2,4.3,6.8,60.8
53,A,1,1,4.1,5.7,4.7,6.6,68.5
53,B,1,0,4.4,8.7,7.8,6.9,63.0
53,C,0,0,5.7,6.4,9.7,6.2,46.7
53,D,1,1,6.6,8.2,6.6,8.1,82.5
54,A,0,0,5.2,4.8,6.7,6.6,38.8
54,B,0,1,6.8,10.0,6.9,7.6,68.8
54,C,1,0,5.6,7.2,6.9,6.4,60.2
54,D,1,1,4.8,6.8,7.6,8.0,78.7
55,A,1,0,5.3,3.5,6.5,7.7,55.0
55,B,1,0,7.6,9.7,5.5,6.3,65.2
55,C,1,0,7.9,6.7,7.2,8.0,66.3
55,D,1,1,8.3,7.6,8.9,9.2,90.0
56,A,0,0,6.8,5.4,3.3,6.2,36.2
56,B,0,0,7.2,6.8,4.8,7.8,44.3
56,C,0,0,7.1,5.6,6.7,6.3,42.8
56,D,1,0,6.7,7.2,8.8,6.7,65.7
57,A,1,1,6.6,4.4,8.0,7.2,77.0
57,B,1,1,7.3,7.3,8.2,7.9,84.5
57,C,0,0,4.3,7.3,5.9,8.2,42.8
57,D,1,1,7.0,6.3,8.1,6.9,80.5
58,A,1,0,7.4,6.6,4.9,9.7,64.3
58,B,0,1,5.8,5.2,6.7,6.3,56.7
58,C,0,1,7.2,8.3,8.2,7.6,68.8
58,D,0,0,9.6,7.3,8.9,7.7,55.8
59,A,0,1,5.7,7.0,4.4,5.4,54.2
59,B,0,1,8.2,6.9,6.0,7.5,64.3
59,C,0,0,8.4,5.9,10,6.4,51.2
59,D,0,1,6.9,7.5,8.7,7.9,68.3
60,A,0,0,7.5,5.3,5.2,7.2,42.0
60,B,1,0,8.9,7.2,7.4,6.6,66.8
60,C,0,1,7.5,5.5,9.6,5.4,63.3
60,D,0,1,8.5,7.1,10,7.2,71.3
61,A,1,1,5.8,4.8,4.6,8.0,72.0
61,B,1,1,7.6,6.8,8.2,8.0,84.3
61,C,0,0,7.7,6.4,7.5,6.8,47.3
61,D,1,1,6.9,6.2,6.9,6.8,78.0
62,A,1,0,5.6,4.8,4.1,5.6,50.2
62,B,1,0,9.6,8.8,7.7,5.9,70.0
62,C,0,0,7.0,8.2,6.2,5.6,45.0
62,D,0,0,5.9,9.8,7.3,6.2,48.7
63,A,1,0,6.6,3.1,4.5,6.6,51.3
63,B,1,0,6.6,6.9,6.6,7.7,63.0
63,C,1,0,7.5,6.3,6.8,8.2,64.7
63,D,1,1,7.7,8.3,6.7,7.9,84.3
64,A,1,0,7.5,6.6,6.2,8.3,64.3
64,B,0,1,5.7,6.9,7.5,5.5,59.3
64,C,0,1,5.8,5.2,5.9,7.0,56.5
64,D,1,1,9.8,5.9,10,8.3,90.0
65,A,1,1,5.1,2.5,7.7,7.8,71.8
65,B,1,0,5.6,5.2,6.1,7.7,57.7
65,C,0,1,6.5,6.0,7.5,4.4,57.3
65,D,1,0,8.2,7.8,9.4,7.1,70.8
66,A,1,1,7.2,4.7,5.0,7.4,73.8
66,B,1,0,6.1,6.4,3.6,4.7,51.3
66,C,1,0,7.5,7.2,5.9,6.4,61.7
66,D,1,0,8.7,5.0,8.4,7.2,65.5
67,A,1,0,5.5,4.1,4.0,7.6,52.0
67,B,1,0,8.8,7.2,7.8,6.0,66.3
67,C,0,1,8.2,4.3,4.8,6.4,56.2
67,D,1,0,7.1,9.5,7.0,6.6,67.0
68,A,1,0,6.2,5.4,6.6,6.9,58.5
68,B,1,0,7.5,4.5,8.8,7.2,63.3
68,C,1,0,6.0,3.5,7.6,7.9,58.3
68,D,1,0,7.9,7.4,8.8,5.0,65.2
69,A,1,0,7.5,4.8,5.5,7.5,58.8
69,B,1,1,7.0,6.0,5.8,4.4,72.0
69,C,1,0,6.3,5.7,8.6,6.5,61.8
69,D,1,0,6.6,5.8,10,5.7,63.5
70,A,0,0,5.8,6.5,5.0,7.8,41.8
70,B,0,0,8.0,8.1,8.1,7.7,53.2
70,C,1,1,8.3,2.9,6.6,6.9,74.5
70,D,1,0,7.0,8.0,10,8.3,72.2
71,A,0,1,7.0,4.9,4.8,8.8,59.2
71,B,1,1,6.3,8.8,6.3,7.3,81.2
71,C,1,1,8.6,4.4,8.5,6.2,79.5
71,D,1,1,8.8,8.1,7.5,7.4,86.3
72,A,1,0,9.3,6.3,7.2,7.2,66.7
72,B,1,0,7.8,7.3,8.6,6.5,67.0
72,C,0,1,6.4,6.4,8.4,7.2,64.0
72,D,1,1,9.8,6.1,8.2,7.1,85.3
73,A,1,0,5.1,5.4,4.2,7.7,54.0
73,B,1,1,6.7,6.8,5.6,6.4,75.8
73,C,1,0,5.6,6.5,8.4,7.7,63.7
73,D,1,0,8.2,6.0,7.3,8.6,66.8
74,A,0,0,8.2,5.5,7.7,9.1,50.8
74,B,0,0,7.8,5.0,8.8,8.9,50.8
74,C,1,1,7.1,6.6,5.5,5.8,75.0
74,D,1,1,7.2,8.8,8.6,6.0,84.3
75,A,1,1,5.0,5.0,5.7,7.6,72.2
75,B,0,1,6.5,7.2,7.5,8.6,66.3
75,C,1,0,6.5,5.2,5.3,8.0,58.3
75,D,1,1,7.9,7.6,8.4,9.6,89.2
76,A,1,1,5.5,7.1,7.3,6.7,77.7
76,B,0,1,6.0,7.9,6.8,7.4,63.5
76,C,1,1,7.6,6.3,9.7,4.7,80.5
76,D,1,1,7.4,8.5,6.9,7.4,83.7
77,A,1,0,5.9,6.8,4.7,7.4,58.0
77,B,1,0,7.2,7.6,7.8,6.7,65.5
77,C,1,1,6.9,3.2,6.1,6.0,70.3
77,D,0,0,8.9,7.3,8.4,7.2,53.0
78,A,1,0,5.8,6.7,7.4,6.6,60.8
78,B,1,1,6.5,9.5,8.6,6.0,84.3
78,C,1,1,6.7,5.1,8.8,4.9,75.8
78,D,1,0,5.5,8.1,9.7,7.0,67.2
79,A,0,0,5.4,3.2,3.5,8.3,34.0
79,B,1,0,6.6,10,7.1,6.6,67.2
79,C,1,1,7.0,8.0,7.3,7.4,82.8
79,D,1,1,7.1,10,8.2,8.9,90.3
80,A,0,0,7.3,3.4,7.1,5.3,38.5
80,B,1,0,7.4,7.7,8.9,6.7,67.8
80,C,1,0,6.2,4.4,9.0,6.8,60.7
80,D,1,0,7.0,7.9,9.6,9.8,73.8
81,A,0,0,7.2,4.4,7.0,7.6,43.7
81,B,1,1,6.9,6.4,6.4,5.9,76.0
81,C,1,1,7.7,7.0,9.7,4.6,81.7
81,D,1,1,6.5,6.8,8.7,5.7,79.5
82,A,0,0,5.7,5.0,5.7,7.8,40.3
82,B,0,0,7.5,8.7,6.4,6.9,49.2
82,C,1,0,8.0,6.5,9.5,7.3,68.8
82,D,1,1,5.9,5.3,6.9,6.7,74.7
83,A,1,0,6.5,2.8,6.5,8.8,57.7
83,B,1,1,6.9,7.5,8.1,8.1,84.3
83,C,1,1,7.6,3.1,10,6.7,79.0
83,D,1,0,6.6,6.4,7.7,8.9,66.0
84,A,1,1,8.3,3.8,5.8,7.3,75.3
84,B,1,0,8.0,6.6,5.4,8.6,64.3
84,C,1,1,7.3,7.2,6.4,6.3,78.7
84,D,1,0,6.4,6.6,5.6,8.2,61.3
85,A,0,0,5.3,6.7,7.1,9.5,47.7
85,B,0,0,6.2,7.5,6.8,7.2,46.2
85,C,0,1,8.0,7.0,9.1,5.8,66.5
85,D,1,1,8.0,7.2,6.9,7.4,82.5
86,A,0,0,8.1,7.6,5.4,7.2,47.2
86,B,1,0,7.0,7.2,6.1,8.8,65.2
86,C,1,1,7.8,6.5,6.5,8.1,81.5
86,D,1,1,8.7,7.9,9.0,7.8,89.0
87,A,0,1,6.4,4.4,3.5,8.0,53.8
87,B,1,1,5.9,7.0,5.8,5.6,73.8
87,C,1,0,6.9,6.3,7.7,6.9,63.0
87,D,1,0,7.6,7.0,7.2,6.8,64.3
88,A,1,0,6.7,6.1,4.8,9.1,61.2
88,B,0,0,7.8,7.8,7.4,7.8,51.3
88,C,0,1,5.8,4.8,5.7,7.6,56.5
88,D,1,1,6.9,5.9,10,5.6,80.7
89,A,1,0,5.6,6.8,6.2,9.1,62.8
89,B,1,1,5.9,7.6,7.0,7.1,79.3
89,C,1,1,7.0,5.9,6.3,6.3,75.8
89,D,1,1,7.5,7.6,7.9,6.3,82.2
90,A,0,0,5.0,3.4,7.1,8.0,39.2
90,B,0,0,6.3,8.9,9.6,4.0,48.0
90,C,0,1,8.0,7.6,7.5,9.4,70.8
90,D,1,0,7.1,7.8,6.5,8.1,65.8
91,A,1,1,4.2,1.9,6.3,9.5,69.8
91,B,0,0,5.1,6.0,5.5,10,44.3
91,C,0,0,6.0,7.7,8.3,9.2,52.0
91,D,1,0,9.8,7.7,7.5,6.7,69.5
92,A,1,1,5.2,6.9,2.9,7.4,70.7
92,B,1,1,5.1,7.9,8.1,5.5,77.7
92,C,1,0,9.4,3.0,7.2,6.0,59.3
92,D,1,0,7.1,7.6,6.8,7.7,65.3
93,A,0,0,6.4,7.6,7.0,6.2,45.3
93,B,0,0,7.7,8.0,9.6,6.5,53.0
93,C,1,0,6.6,4.3,9.5,7.4,63.0
93,D,1,1,8.5,6.9,6.7,7.0,81.8
94,A,0,1,5.9,6.1,6.2,8.3,60.8
94,B,0,1,6.1,5.6,4.9,7.8,57.3
94,C,1,1,7.9,6.2,7.3,8.7,83.5
94,D,1,0,6.6,7.7,5.2,7.1,61.0
95,A,1,0,4.4,5.3,5.9,8.8,57.3
95,B,1,0,4.9,7.4,6.0,6.5,58.0
95,C,0,0,4.7,5.6,8.0,6.8,41.8
95,D,0,1,7.7,7.1,7.2,7.5,65.8
96,A,1,0,6.1,4.7,7.1,9.4,62.2
96,B,1,0,6.0,6.5,8.5,8.2,65.3
96,C,0,1,8.5,6.4,9.1,5.7,66.2
96,D,1,1,8.6,8.9,8.5,7.9,89.8
97,A,1,1,6.7,2.6,3.7,7.3,67.2
97,B,0,1,7.8,6.7,8.1,5.9,64.2
97,C,0,1,8.4,8.5,5.8,4.9,62.7
97,D,0,1,8.4,8.9,7.9,7.4,71.0
98,A,0,0,4.8,3.7,6.9,5.3,34.5
98,B,1,0,5.3,8.3,7.6,6.6,63.0
98,C,1,1,8.4,5.7,6.6,4.6,75.5
98,D,1,0,5.9,6.1,6.4,6.8,58.7
99,A,1,1,6.5,3.8,7.8,8.7,78.0
99,B,1,0,8.6,5.6,8.0,5.6,63.0
99,C,1,0,8.1,7.3,7.7,5.0,63.5
99,D,1,0,4.4,9.0,10,7.2,67.7
100,A,0,0,5.7,2.7,4.6,5.8,31.3
100,B,0,1,7.5,7.4,6.7,5.5,61.8
100,C,0,0,6.8,5.6,8.7,5.9,45.0
100,D,1,1,8.9,8.0,7.5,7.0,85.7
101,A,1,0,5.0,6.1,6.6,6.0,56.2
101,B,0,1,7.9,7.7,8.5,7.4,69.2
101,C,1,0,7.1,5.4,6.9,6.7,60.2
101,D,1,1,6.4,5.9,8.6,7.5,80.7
102,A,1,1,7.5,4.9,4.8,8.7,76.5
102,B,1,1,5.8,4.3,8.6,5.9,74.3
102,C,0,1,6.6,6.7,6.3,6.7,60.5
102,D,1,1,7.2,7.5,8.6,5.1,80.7
103,A,1,1,6.1,4.8,5.0,6.4,70.5
103,B,0,0,6.7,7.7,6.0,7.2,46.0
103,C,0,1,6.5,3.3,6.9,6.6,55.5
103,D,0,0,7.5,7.2,6.6,8.9,50.3
104,A,0,1,3.9,4.7,6.7,7.6,54.8
104,B,1,0,8.5,8.8,7.3,6.7,68.8
104,C,0,1,5.4,5.0,6.1,7.5,56.7
104,D,1,0,8.4,6.9,9.2,6.4,68.2
105,A,1,1,5.6,4.3,7.4,6.6,73.2
105,B,1,0,5.1,8.0,7.6,6.4,61.8
105,C,1,1,6.3,4.3,7.8,5.4,73.0
105,D,0,0,6.9,8.0,8.5,6.3,49.5
106,A,1,1,7.3,3.8,4.5,9.8,75.7
106,B,0,1,6.2,7.4,8.8,5.9,63.8
106,C,1,1,7.1,5.7,10,7.6,84.0
106,D,1,1,7.8,7.8,8.2,6.2,83.3
107,A,0,1,5.6,7.5,6.4,8.4,63.2
107,B,0,0,6.9,7.3,8.7,7.7,51.0
107,C,0,1,8.8,5.2,8.0,4.6,61.0
107,D,1,1,8.2,7.8,7.5,6.5,83.3
108,A,0,0,5.0,4.6,5.4,7.8,38.0
108,B,0,1,7.1,9.0,5.7,5.8,62.7
108,C,0,0,7.6,6.7,6.6,3.5,40.7
108,D,0,1,7.6,7.6,10,6.8,70.0
109,A,0,1,7.9,4.8,6.1,7.2,60.0
109,B,1,0,6.8,8.3,8.2,7.5,68.0
109,C,1,0,6.7,6.8,9.8,6.9,67.0
109,D,1,1,7.0,7.2,9.8,7.7,86.2
110,A,1,0,5.8,5.5,5.9,6.5,56.2
110,B,1,1,7.3,4.6,6.4,6.5,74.7
110,C,1,0,5.4,8.0,7.2,8.4,65.0
110,D,1,1,10.0,7.2,7.8,6.5,85.8
111,A,1,0,4.9,4.4,4.7,7.9,53.2
111,B,1,1,4.0,7.5,6.6,6.3,74.0
111,C,0,0,8.4,6.8,8.0,6.3,49.2
111,D,0,1,7.0,6.3,7.7,8.1,65.2
112,A,1,0,5.2,6.2,4.2,9.0,57.7
112,B,1,1,7.4,6.5,8.1,5.8,79.7
112,C,1,1,5.1,5.0,8.1,6.7,74.8
112,D,1,1,7.8,7.2,7.9,5.9,81.3
113,A,0,0,5.6,3.2,6.6,7.9,38.8
113,B,1,1,7.2,8.5,5.1,5.7,77.5
113,C,1,1,7.5,7.0,7.3,8.0,83.0
113,D,1,0,7.4,8.0,10,8.8,73.7
114,A,0,0,5.2,6.0,5.8,5.6,37.7
114,B,1,1,7.6,5.8,5.9,7.8,78.5
114,C,1,1,7.3,6.7,7.2,4.9,76.8
114,D,1,1,8.3,6.4,8.5,6.7,83.2
115,A,1,1,6.5,5.0,2.6,7.7,69.7
115,B,1,0,8.5,5.3,6.0,9.1,64.8
115,C,1,0,8.2,6.4,8.8,8.5,69.8
115,D,1,0,7.7,7.4,9.0,5.6,66.2
116,A,0,1,4.1,5.8,4.9,9.1,56.5
116,B,1,1,6.7,6.0,7.2,6.7,77.7
116,C,1,1,6.3,6.6,8.2,7.3,80.7
116,D,0,1,8.8,8.6,8.2,8.2,73.0
117,A,0,1,5.9,4.5,5.8,7.9,56.8
117,B,1,0,7.4,8.1,8.6,8.7,71.3
117,C,1,0,8.7,7.6,7.8,7.1,68.7
117,D,1,0,8.4,7.1,8.3,5.1,64.8
118,A,1,0,5.6,6.7,5.4,7.7,59.0
118,B,0,0,8.9,6.1,6.9,7.7,49.3
118,C,0,1,5.1,6.4,8.6,6.1,60.3
118,D,1,1,8.8,7.4,9.7,9.0,91.5
119,A,1,0,5.2,5.6,4.9,8.1,56.3
119,B,1,1,6.1,7.6,7.3,7.2,80.3
119,C,0,1,6.2,6.3,8.7,8.0,65.3
119,D,1,1,8.8,8.0,6.3,6.1,82.0
120,A,1,1,7.2,4.0,6.4,8.0,76.0
120,B,1,0,9.5,5.9,8.0,6.0,65.7
120,C,0,0,7.2,6.3,6.2,8.0,46.2
120,D,0,0,8.5,5.4,8.3,8.6,51.3
121,A,0,0,6.3,6.1,3.4,10,43.0
121,B,0,0,5.3,8.4,7.1,6.7,45.8
121,C,1,1,5.4,5.6,9.0,6.7,77.8
121,D,1,0,8.5,5.4,8.5,6.9,65.5
122,A,0,0,2.9,4.2,5.9,8.5,35.8
122,B,0,0,6.6,8.2,8.3,7.8,51.5
122,C,0,0,7.0,5.7,8.3,6.8,46.3
122,D,0,0,8.3,8.5,6.8,7.0,51.0
123,A,1,1,5.4,7.7,5.4,8.8,78.8
123,B,0,1,9.1,8.2,7.7,6.8,69.7
123,C,1,0,4.7,6.6,8.3,5.8,59.0
123,D,1,0,6.3,9.4,10,8.3,73.3
124,A,0,0,5.6,5.1,5.7,6.7,38.5
124,B,1,1,7.6,7.8,4.9,7.0,78.8
124,C,0,0,6.1,8.4,8.9,6.1,49.2
124,D,1,1,6.4,7.0,6.0,6.4,76.3
125,A,1,0,7.2,7.2,5.0,6.9,60.5
125,B,1,0,7.4,7.5,10,6.5,69.0
125,C,1,0,7.1,6.8,7.6,8.0,65.8
125,D,1,0,7.9,9.2,5.6,7.9,67.7
126,A,1,1,7.4,5.3,5.9,7.7,77.2
126,B,1,1,8.4,9.5,8.5,5.4,86.3
126,C,1,1,5.4,7.2,10,4.5,78.5
126,D,0,0,6.1,7.4,7.1,8.0,47.7
127,A,1,0,7.1,5.9,6.5,8.5,63.3
127,B,1,1,7.5,6.4,7.1,8.8,83.0
127,C,1,0,8.9,6.3,9.4,7.1,69.5
127,D,1,1,3.6,6.0,6.3,8.6,74.2
128,A,1,1,6.7,6.2,6.3,7.9,78.5
128,B,0,0,7.5,6.0,5.4,5.8,41.2
128,C,1,0,6.1,4.8,9.0,7.5,62.3
128,D,1,1,7.2,7.9,8.3,4.2,79.3
129,A,1,1,8.9,5.4,5.9,7.6,79.7
129,B,0,1,8.3,8.8,7.8,4.3,65.3
129,C,1,0,6.9,6.2,10,5.4,64.2
129,D,1,0,6.8,9.6,5.8,7.3,65.8
130,A,0,0,5.1,6.5,6.9,8.0,44.2
130,B,1,0,5.9,6.3,6.0,8.8,61.7
130,C,0,1,7.2,8.8,9.1,6.3,69.0
130,D,1,1,8.0,6.1,6.8,6.7,79.3
131,A,1,1,7.2,6.7,7.0,7.2,80.2
131,B,1,0,6.5,9.3,6.1,9.0,68.2
131,C,1,0,7.7,7.6,7.7,7.8,68.0
131,D,1,1,7.4,7.0,6.3,7.3,80.0
132,A,1,1,6.7,3.7,4.5,8.0,71.5
132,B,1,1,3.8,6.0,8.5,7.4,76.2
132,C,1,1,7.8,5.5,7.1,6.8,78.7
132,D,0,1,7.7,6.7,8.0,6.5,64.8
133,A,0,1,7.7,5.9,5.2,6.8,59.3
133,B,1,0,9.1,8.1,8.2,7.6,71.7
133,C,1,0,5.0,8.5,6.8,5.8,60.2
133,D,1,0,7.0,6.2,9.9,7.4,67.5
134,A,1,0,6.1,4.4,4.3,10,58.0
134,B,0,0,8.6,7.8,8.3,7.0,52.8
134,C,0,0,8.3,5.4,5.2,6.5,42.3
134,D,1,1,5.9,7.8,8.6,6.0,80.5
135,A,1,1,6.6,6.4,3.7,7.4,73.5
135,B,1,0,6.0,7.0,8.2,7.1,63.8
135,C,0,1,7.5,6.1,7.1,8.7,65.7
135,D,1,0,8.6,7.0,7.3,8.5,69.0
136,A,1,1,4.2,5.6,4.9,9.0,72.8
136,B,1,0,7.1,7.6,7.3,6.8,64.7
136,C,1,1,5.9,6.0,5.3,7.1,73.8
136,D,0,1,7.4,7.5,7.1,7.1,65.2
137,A,0,0,4.7,4.0,5.1,8.3,36.8
137,B,1,1,7.3,7.0,6.5,8.1,81.5
137,C,1,0,7.4,8.0,9.2,4.6,65.3
137,D,1,1,9.0,5.7,9.1,7.8,86.0
138,A,1,0,5.6,7.1,6.3,7.2,60.3
138,B,1,1,7.3,7.6,7.0,7.3,82.0
138,C,1,1,5.9,7.4,8.3,7.0,81.0
138,D,1,1,9.1,5.9,7.9,4.7,79.3
139,A,1,0,7.1,3.0,3.9,9.0,55.0
139,B,1,1,7.4,7.8,6.5,9.5,85.3
139,C,0,0,5.8,6.7,8.9,6.7,46.8
139,D,1,1,8.5,7.8,10,5.8,86.8
140,A,1,1,6.0,6.4,3.6,9.6,76.0
140,B,1,1,7.7,8.3,6.1,5.5,79.3
140,C,1,0,7.8,6.5,9.0,7.1,67.3
140,D,1,1,6.5,7.6,7.2,6.1,79.0
141,A,1,0,4.9,5.4,7.2,6.0,55.8
141,B,1,0,9.6,8.2,7.1,7.2,70.2
141,C,1,1,7.2,5.1,8.8,5.1,77.0
141,D,1,1,9.1,8.6,9.7,4.4,86.3
142,A,1,0,6.4,6.9,5.1,6.3,57.8
142,B,1,0,7.8,6.4,9.7,7.8,69.5
142,C,1,1,6.1,5.2,9.4,7.1,79.7
142,D,1,1,6.7,8.1,6.9,4.6,77.2
143,A,1,0,6.4,3.7,4.8,6.1,51.7
143,B,1,0,7.8,8.1,8.4,7.9,70.3
143,C,1,1,7.1,5.0,6.2,5.6,73.2
143,D,1,0,7.7,7.7,9.6,4.4,65.7
144,A,1,0,7.0,3.4,7.0,8.1,59.2
144,B,1,0,6.3,7.3,8.6,9.4,69.3
144,C,1,1,8.7,6.3,7.8,3.7,77.5
144,D,1,1,7.9,7.2,8.8,7.0,84.8
145,A,1,0,9.2,4.7,4.7,8.5,61.8
145,B,1,1,5.1,8.2,6.8,7.4,79.2
145,C,0,0,7.0,7.0,6.0,3.8,39.7
145,D,1,1,6.6,5.7,9.2,7.8,82.2
146,A,1,1,6.5,4.5,6.8,6.1,73.2
146,B,0,1,6.1,7.1,9.3,6.4,64.8
146,C,0,1,7.5,6.0,8.1,6.8,64.0
146,D,0,1,9.1,6.9,6.5,4.2,61.2
147,A,0,0,5.4,3.8,7.2,5.5,36.5
147,B,1,1,5.9,7.4,7.2,5.9,77.3
147,C,0,1,7.2,6.2,8.7,6.5,64.3
147,D,1,1,8.0,8.3,7.5,6.5,83.8
148,A,0,0,4.5,5.7,5.0,9.0,40.3
148,B,0,0,4.3,6.5,7.0,6.8,41.0
148,C,0,1,6.1,6.3,6.6,7.7,61.2
148,D,1,1,9.3,8.2,6.5,6.4,84.0
149,A,0,0,5.2,6.2,5.0,6.1,37.5
149,B,1,1,6.1,7.2,8.8,8.6,84.5
149,C,1,0,6.7,8.3,7.8,7.3,66.8
149,D,1,0,9.7,8.2,8.5,8.5,74.8
150,A,1,0,2.9,5.3,6.3,7.9,54.0
150,B,1,1,7.5,8.0,6.9,5.7,80.2
150,C,1,0,5.9,8.0,6.2,4.6,57.8
150,D,1,0,6.5,5.7,9.3,9.0,67.5
151,A,0,0,5.0,4.2,7.6,7.9,41.2
151,B,0,1,6.7,6.6,7.4,7.7,64.0
151,C,0,1,6.1,7.8,6.2,6.0,60.2
151,D,1,0,9.9,4.6,10,6.3,68.0
152,A,0,1,7.0,3.4,4.9,7.9,55.3
152,B,1,0,5.4,8.4,8.5,7.1,65.7
152,C,1,1,6.7,5.5,5.3,7.9,75.7
152,D,0,0,9.5,8.9,8.2,10,61.0
153,A,1,0,7.3,6.6,4.3,9.5,62.8
153,B,1,1,5.8,5.8,8.3,6.2,76.8
153,C,1,1,9.0,5.3,7.7,3.9,76.5
153,D,1,1,7.1,8.6,9.1,6.7,85.8
154,A,0,1,7.1,4.8,6.9,6.6,59.0
154,B,1,0,3.4,4.9,8.1,4.7,51.8
154,C,1,0,5.3,6.3,7.2,3.6,54.0
154,D,1,1,6.2,6.9,8.5,6.9,80.8
155,A,0,1,5.3,5.7,7.6,6.7,58.8
155,B,1,0,8.0,7.3,6.2,5.6,61.8
155,C,1,0,9.1,6.4,8.7,6.4,67.7
155,D,1,0,8.0,8.7,7.5,7.0,68.7
156,A,1,0,5.3,6.0,4.2,9.2,57.8
156,B,1,0,4.9,10,6.9,5.4,62.0
156,C,1,0,8.4,4.0,7.3,6.4,60.2
156,D,0,1,7.1,7.3,8.9,8.1,69.0
157,A,1,0,5.6,6.0,5.4,10,61.7
157,B,1,1,6.6,7.7,7.0,7.2,80.8
157,C,1,1,8.1,5.2,7.8,7.4,80.8
157,D,1,1,5.0,6.2,7.5,6.4,75.2
158,A,1,0,5.5,5.0,6.9,8.2,59.3
158,B,0,1,4.4,7.6,8.1,6.6,61.2
158,C,1,1,9.1,5.8,6.6,4.2,76.2
158,D,1,1,6.9,8.6,9.3,6.8,86.0
159,A,1,1,6.0,3.7,6.4,8.1,73.7
159,B,1,0,7.2,7.0,6.1,7.2,62.5
159,C,1,0,5.9,8.8,7.8,4.2,61.2
159,D,1,1,8.9,7.3,8.2,7.7,86.8
160,A,1,1,7.3,7.7,5.9,9.3,83.7
160,B,1,1,6.5,8.2,7.7,5.1,79.2
160,C,0,1,7.0,5.9,6.8,9.3,65.0
160,D,1,0,6.7,6.7,7.2,7.5,63.5
161,A,1,1,3.8,6.1,6.4,8.0,73.8
161,B,1,0,6.1,7.3,7.8,5.9,61.8
161,C,0,1,7.8,5.6,6.2,6.3,59.8
161,D,1,1,6.8,5.8,7.5,5.4,75.8
162,A,0,1,5.7,4.5,6.4,10,61.0
162,B,1,0,6.8,5.6,10,5.4,63.0
162,C,0,0,6.4,5.8,8.5,6.0,44.5
162,D,1,0,6.7,7.9,8.9,5.0,64.2
163,A,1,1,5.5,4.4,5.4,6.1,69.0
163,B,1,0,5.2,8.3,7.6,7.8,64.8
163,C,1,0,7.5,5.3,6.8,8.0,62.7
163,D,1,1,6.9,8.5,8.0,6.3,82.8
164,A,0,0,7.4,5.2,5.9,8.9,45.7
164,B,0,1,8.0,6.0,8.3,5.2,62.5
164,C,0,0,9.7,6.1,9.4,6.4,52.7
164,D,1,1,6.5,7.0,6.8,7.2,79.2
165,A,1,1,5.3,5.6,7.1,8.8,78.0
165,B,1,0,8.7,8.6,7.5,6.9,69.5
165,C,0,1,6.9,7.3,6.3,5.5,60.0
165,D,1,0,7.5,6.8,8.8,8.2,68.8
166,A,0,1,4.7,6.1,6.9,6.9,57.7
166,B,1,1,8.0,7.9,5.0,9.6,84.2
166,C,0,0,6.5,6.8,8.1,4.5,43.2
166,D,1,0,9.3,8.1,7.1,7.6,70.2
167,A,1,0,8.4,5.8,5.5,7.5,62.0
167,B,0,0,8.3,6.9,6.8,5.2,45.3
167,C,1,1,8.9,8.4,8.2,4.7,83.7
167,D,1,1,7.4,8.8,9.2,8.0,89.0
168,A,1,1,7.6,4.5,5.1,8.9,76.8
168,B,1,0,5.7,7.6,9.7,4.2,62.0
168,C,1,0,7.3,6.7,7.9,4.6,60.8
168,D,1,0,10,7.1,8.6,8.1,73.0
169,A,1,0,4.3,7.1,7.5,7.4,60.5
169,B,0,1,7.3,7.6,5.2,8.0,63.5
169,C,1,0,7.0,6.1,7.7,8.2,65.0
169,D,1,1,5.9,6.4,10,6.7,81.7
170,A,1,0,6.9,5.6,6.8,8.3,62.7
170,B,1,1,6.7,9.4,8.7,6.2,85.0
170,C,0,1,7.6,6.1,8.0,6.4,63.5
170,D,1,0,5.7,7.7,7.0,7.4,63.0
171,A,1,0,5.3,7.8,7.9,7.1,63.5
171,B,1,1,9.6,5.5,8.9,8.3,87.2
171,C,0,0,7.7,7.0,9.0,7.5,52.0
171,D,0,1,5.7,5.7,5.9,8.3,59.3
172,A,1,0,6.4,4.6,5.0,7.6,56.0
172,B,1,1,5.1,5.2,5.9,5.7,69.8
172,C,1,1,10,4.7,7.4,5.3,79.0
172,D,1,1,8.2,7.4,5.7,5.4,77.8
173,A,1,0,7.1,3.7,4.6,8.6,56.7
173,B,1,1,6.9,7.5,6.7,7.4,80.8
173,C,1,0,6.5,6.3,7.6,4.5,58.2
173,D,1,0,10,7.8,4.4,9.3,69.2
174,A,0,0,5.9,4.0,6.3,6.7,38.2
174,B,0,1,7.6,7.9,6.9,6.8,65.3
174,C,0,0,6.5,6.6,7.0,8.6,47.8
174,D,1,1,7.0,8.9,8.3,7.8,86.7
175,A,0,0,4.8,3.6,4.8,8.3,35.8
175,B,1,0,5.6,5.9,7.8,7.6,61.5
175,C,1,1,7.8,6.0,7.8,6.5,80.2
175,D,1,1,9.0,7.1,10,7.6,89.5
176,A,0,0,7.0,5.6,5.3,6.9,41.3
176,B,1,0,7.1,8.6,7.7,5.6,65.0
176,C,1,1,6.6,7.5,7.3,4.1,75.8
176,D,1,0,9.7,4.9,7.4,5.1,61.8
177,A,0,0,6.3,3.0,7.2,8.2,41.2
177,B,1,1,7.5,7.9,6.0,6.2,79.3
177,C,0,0,5.7,7.2,8.1,7.8,48.0
177,D,0,1,9.2,6.8,7.8,4.6,64.0
178,A,1,1,5.9,6.1,6.1,5.5,72.7
178,B,0,1,7.7,7.9,7.5,7.7,68.0
178,C,1,0,7.0,6.0,6.4,6.1,59.2
178,D,1,1,8.5,8.5,10,6.3,88.8
179,A,1,0,5.7,5.8,6.1,7.4,58.3
179,B,1,1,6.8,6.4,7.9,9.6,84.5
179,C,0,0,7.1,5.6,8.3,6.8,46.3
179,D,1,1,5.1,8.5,8.2,6.8,81.0
180,A,1,0,5.5,3.1,6.7,8.4,56.2
180,B,1,1,6.9,8.1,6.1,7.5,81.0
180,C,0,0,7.3,6.6,8.2,3.5,42.7
180,D,1,0,8.9,6.7,7.1,8.6,68.8
181,A,1,1,6.1,4.0,7.2,6.9,73.7
181,B,1,1,5.5,7.5,8.8,5.4,78.7
181,C,1,0,6.2,7.1,6.9,4.6,58.0
181,D,1,1,7.5,5.6,9.0,7.4,82.5
182,A,1,1,8.0,3.9,5.1,6.9,73.2
182,B,0,0,10,6.6,7.0,6.3,49.8
182,C,0,0,4.7,7.6,7.1,7.4,44.7
182,D,1,1,5.6,5.9,8.2,8.5,80.3
183,A,0,1,5.9,3.8,5.6,9.3,57.7
183,B,1,0,7.5,8.5,7.5,6.8,67.2
183,C,1,0,5.7,4.8,8.6,5.0,56.8
183,D,1,1,6.7,9.5,9.2,8.0,89.0
184,A,1,1,7.1,5.9,4.7,7.8,75.8
184,B,1,1,5.5,5.9,6.0,4.4,69.7
184,C,0,0,8.4,6.7,8.2,6.1,49.0
184,D,1,1,8.4,7.6,10,7.4,89.0
185,A,1,0,6.8,6.3,5.0,8.2,60.5
185,B,1,0,8.3,8.6,7.5,6.8,68.7
185,C,1,0,7.6,6.0,7.6,6.0,62.0
185,D,1,1,9.1,9.8,6.7,8.7,90.5
186,A,1,1,7.1,6.3,6.5,8.6,80.8
186,B,1,1,7.1,8.8,7.2,6.6,82.8
186,C,0,1,6.7,8.1,9.2,5.8,66.3
186,D,0,1,7.1,6.0,9.0,6.7,64.7
187,A,0,0,6.4,4.3,6.3,8.2,42.0
187,B,1,0,6.2,8.7,8.2,7.4,67.5
187,C,0,1,7.0,7.1,7.9,6.6,64.3
187,D,0,1,8.7,6.9,8.6,8.4,71.0
188,A,1,0,6.0,4.9,6.4,6.5,56.3
188,B,1,0,5.6,8.4,8.3,6.0,63.8
188,C,0,1,8.0,6.1,7.4,9.3,68.0
188,D,0,1,7.2,5.8,9.3,5.7,63.3
189,A,0,1,6.1,5.0,6.7,6.3,56.8
189,B,1,1,5.5,8.3,8.6,7.1,82.5
189,C,0,1,7.5,4.8,6.1,6.3,57.8
189,D,1,1,7.8,8.0,7.9,7.3,85.0
190,A,1,0,5.4,4.8,4.3,9.4,56.5
190,B,1,1,6.0,6.8,7.9,5.7,77.3
190,C,1,0,5.8,5.7,9.0,5.2,59.5
190,D,1,0,7.2,8.4,7.4,7.1,66.8
191,A,0,1,6.3,4.0,7.1,8.5,59.8
191,B,0,0,7.4,5.6,8.2,8.0,48.7
191,C,0,0,10,5.1,8.1,5.7,48.2
191,D,0,1,6.2,8.3,8.8,8.1,69.0
192,A,1,0,5.4,4.1,6.1,7.6,55.3
192,B,1,0,6.2,8.1,9.1,6.0,65.7
192,C,0,1,8.0,9.1,7.3,6.4,68.0
192,D,0,1,7.4,7.7,9.3,4.9,65.5
193,A,1,0,8.0,7.5,5.6,9.0,66.8
193,B,1,1,7.3,7.9,7.5,8.3,85.0
193,C,1,1,6.5,5.1,10,6.6,80.3
193,D,0,0,6.8,8.1,7.4,6.0,47.2
194,A,0,1,5.4,5.5,5.4,5.2,52.5
194,B,1,1,7.2,6.2,8.4,8.9,84.5
194,C,1,0,7.0,6.3,9.2,7.3,66.3
194,D,1,1,8.9,7.2,7.5,7.4,85.0
195,A,1,0,6.1,5.6,5.3,8.6,59.3
195,B,0,0,6.9,8.1,8.1,8.8,53.2
195,C,1,0,6.0,6.9,5.0,7.5,59.0
195,D,1,1,6.6,8.1,7.6,7.4,82.8
196,A,0,0,4.9,5.8,7.0,7.3,41.7
196,B,0,1,7.2,8.8,5.4,7.5,64.8
196,C,1,1,7.0,6.5,8.9,7.2,82.7
196,D,1,0,8.6,7.8,7.5,6.2,66.8
197,A,1,1,4.1,5.8,5.4,7.6,71.5
197,B,1,1,5.0,5.7,5.1,6.5,70.5
197,C,1,1,6.5,7.7,7.8,5.2,78.7
197,D,1,0,5.8,7.7,5.8,6.4,59.5
198,A,1,0,7.2,5.9,5.9,7.3,60.5
198,B,1,0,5.8,7.6,7.7,8.3,65.7
198,C,1,1,7.3,7.1,7.9,7.2,82.5
198,D,1,1,6.5,6.6,10,7.2,83.8
199,A,1,0,6.2,2.7,5.6,7.1,52.7
199,B,1,0,8.1,5.7,7.8,6.7,63.8
199,C,1,0,6.9,6.2,9.4,7.9,67.3
199,D,1,1,8.6,8.1,10,9.2,93.2
200,A,1,1,6.6,5.2,4.5,6.4,71.2
200,B,0,1,4.4,8.0,6.3,7.1,59.7
200,C,0,0,6.5,7.2,8.3,7.2,48.7
200,D,1,0,8.3,7.5,9.7,6.7,70.3
201,A,1,0,6.7,3.1,4.3,7.0,51.8
201,B,1,1,7.1,8.1,7.6,6.0,81.3
201,C,1,1,8.7,6.7,6.1,6.0,79.2
201,D,1,0,7.7,6.9,8.6,6.9,66.8
202,A,0,0,6.9,7.5,7.7,6.8,48.2
202,B,1,1,9.1,8.7,6.8,6.0,84.3
202,C,1,1,6.7,8.5,9.2,9.9,90.5
202,D,1,1,9.7,8.9,6.2,6.8,86.0
203,A,1,1,5.3,5.8,7.6,8.1,78.0
203,B,1,0,6.7,6.2,7.2,8.0,63.5
203,C,1,0,7.7,5.9,8.8,7.4,66.3
203,D,1,0,7.2,8.3,9.9,7.8,72.0
204,A,1,1,4.6,5.3,5.9,3.9,66.2
204,B,1,0,8.5,7.2,8.4,5.4,65.8
204,C,1,0,6.8,6.1,8.7,4.7,60.5
204,D,1,0,8.1,4.9,9.5,6.5,65.0
205,A,1,1,5.5,4.3,4.9,5.8,67.5
205,B,1,0,8.3,7.9,7.5,8.3,70.0
205,C,0,1,7.4,6.7,8.8,7.4,67.2
205,D,1,0,6.9,7.2,8.7,7.6,67.3
206,A,1,0,4.0,4.4,6.7,6.5,52.7
206,B,1,1,6.3,8.8,8.6,6.2,83.2
206,C,1,1,5.6,6.6,5.8,5.5,72.5
206,D,1,1,7.0,9.5,8.7,9.1,90.5
207,A,0,0,7.7,4.3,6.1,7.8,43.2
207,B,1,0,5.0,6.4,5.2,6.3,54.8
207,C,1,1,5.1,6.3,6.4,6.0,73.0
207,D,1,1,7.2,6.6,8.1,8.0,83.2
208,A,0,0,7.1,3.6,5.0,8.0,39.5
208,B,1,0,6.8,8.4,5.7,4.9,59.7
208,C,1,1,8.9,6.4,5.4,4.5,75.3
208,D,1,1,7.8,7.3,7.9,6.9,83.2
209,A,1,0,5.7,4.8,5.1,9.9,59.2
209,B,1,0,6.8,7.4,6.8,7.4,64.0
209,C,1,0,7.5,5.3,7.4,6.7,61.5
209,D,1,1,7.2,8.5,6.4,6.6,81.2
210,A,1,1,6.8,6.0,4.4,7.1,73.8
210,B,1,1,6.8,7.3,6.6,5.3,76.7
210,C,1,1,7.5,6.8,8.7,6.1,81.8
210,D,0,0,10,7.9,10,8.4,60.5
211,A,0,1,5.9,3.3,4.7,6.9,51.3
211,B,1,0,6.8,8.1,7.8,7.5,67.0
211,C,1,0,9.4,6.2,7.7,7.9,68.7
211,D,1,1,6.0,5.6,9.8,10,85.7
212,A,0,0,4.8,5.4,5.0,9.0,40.3
212,B,0,1,6.4,8.7,6.6,7.9,66.0
212,C,1,1,5.6,4.9,7.6,6.8,74.8
212,D,1,1,8.6,6.4,9.4,6.0,84.0
213,A,1,1,4.8,6.2,5.8,5.2,70.0
213,B,1,1,8.5,8.6,8.4,5.3,84.7
213,C,0,1,8.1,6.2,6.2,6.0,60.8
213,D,1,1,5.9,7.1,10,7.6,84.3
214,A,1,0,7.4,4.5,6.2,9.0,61.8
214,B,1,1,6.7,7.7,8.4,6.0,81.3
214,C,0,0,8.0,3.7,7.2,6.8,42.8
214,D,1,1,9.2,7.3,8.8,7.2,87.5
215,A,1,0,5.6,4.9,1.9,6.5,48.2
215,B,0,1,5.2,8.3,8.8,7.3,66.0
215,C,1,0,8.6,7.0,8.8,6.9,68.8
215,D,1,0,9.0,8.1,7.8,7.3,70.3
216,A,0,1,4.4,5.8,5.6,8.2,56.7
216,B,1,0,7.8,7.2,7.3,5.1,62.3
216,C,1,0,7.3,5.2,7.0,5.5,58.3
216,D,0,1,8.8,6.0,10.0,7.6,70.7
217,A,0,0,6.9,6.0,4.0,9.3,43.7
217,B,1,1,3.9,6.4,8.4,6.2,74.8
217,C,1,1,7.2,5.7,9.5,9.1,85.8
217,D,1,1,6.3,9.1,7.9,8.3,86.0
218,A,1,1,4.2,5.8,6.4,6.8,72.0
218,B,1,1,7.5,6.8,7.6,9.1,85.0
218,C,0,0,9.2,7.4,7.9,7.0,52.5
218,D,1,0,8.4,9.2,10,7.5,75.2
219,A,0,0,6.2,4.8,6.1,9.8,44.8
219,B,1,1,6.5,7.9,9.6,6.4,84.0
219,C,1,0,9.1,9.1,8.2,6.3,71.2
219,D,1,1,8.2,6.9,8.7,5.7,82.5
220,A,0,1,6.3,3.9,5.8,5.8,53.0
220,B,1,1,8.4,9.7,6.7,6.6,85.7
220,C,1,0,7.5,6.6,7.2,5.3,61.0
220,D,1,1,7.8,7.7,7.2,6.8,82.5
221,A,1,1,5.7,4.9,5.3,7.6,72.5
221,B,1,1,6.7,6.3,4.9,6.8,74.5
221,C,1,0,9.3,8.5,8.1,4.5,67.3
221,D,1,1,6.9,6.9,7.4,6.6,79.7
222,A,0,0,7.6,6.2,7.1,7.6,47.5
222,B,1,1,4.8,9.6,5.5,6.2,76.8
222,C,1,0,5.9,4.1,7.6,4.5,53.5
222,D,0,1,7.5,6.1,9.2,8.0,68.0
223,A,1,0,6.6,5.6,4.7,7.2,56.8
223,B,1,1,4.5,6.4,7.1,6.2,73.7
223,C,0,1,8.2,5.0,7.4,6.2,61.3
223,D,0,1,7.5,7.7,7.8,5.6,64.3
224,A,1,0,6.9,3.9,3.5,8.5,54.7
224,B,1,0,7.7,7.5,8.5,7.3,68.3
224,C,1,0,6.9,6.4,6.9,6.7,61.5
224,D,1,0,7.9,9.5,8.9,5.5,69.7
225,A,1,1,5.9,6.4,5.6,8.1,76.7
225,B,0,1,7.8,7.3,7.0,7.7,66.3
225,C,0,1,7.2,6.0,9.0,9.1,68.8
225,D,1,1,4.7,8.5,7.2,5.7,76.8
226,A,1,1,6.4,4.8,7.0,7.5,76.2
226,B,1,1,5.7,6.0,8.5,3.5,72.8
226,C,0,0,9.9,7.8,8.1,6.7,54.2
226,D,1,1,4.5,5.9,6.4,6.2,71.7
227,A,0,0,6.7,3.5,5.6,7.8,39.3
227,B,1,1,8.6,10,6.6,5.2,84.0
227,C,1,1,6.5,4.6,6.9,6.7,74.5
227,D,1,0,7.7,8.2,9.1,6.8,69.7
228,A,1,0,7.0,4.8,3.4,7.0,53.7
228,B,1,1,9.5,10,8.4,7.7,92.7
228,C,1,1,6.3,6.1,8.4,8.2,81.7
228,D,1,1,8.9,7.6,8.7,7.1,87.2
229,A,1,0,5.4,5.9,6.0,5.8,55.2
229,B,1,1,6.5,7.1,6.4,5.6,76.0
229,C,1,0,7.8,5.7,7.5,7.9,64.8
229,D,1,0,7.8,7.2,10,7.9,71.5
230,A,1,0,4.7,6.5,8.0,9.8,65.0
230,B,0,1,6.6,8.2,6.8,6.4,63.3
230,C,1,0,7.0,5.9,10,5.8,64.5
230,D,1,0,5.3,5.5,7.4,7.1,58.8
231,A,1,0,3.3,7.2,5.4,7.0,54.8
231,B,0,1,6.6,5.1,9.9,7.1,64.5
231,C,0,0,6.2,4.0,8.5,5.6,40.5
231,D,1,1,8.8,8.6,8.6,7.3,88.8
232,A,1,0,6.6,5.9,3.9,9.6,60.0
232,B,1,1,6.3,5.2,7.7,7.0,77.0
232,C,1,1,6.9,5.0,6.5,5.2,72.7
232,D,1,1,6.2,7.7,8.0,7.9,83.0
233,A,1,0,5.1,5.6,5.2,7.7,56.0
233,B,1,0,4.8,7.6,9.8,6.1,63.8
233,C,0,1,7.0,7.6,4.5,9.4,64.2
233,D,1,1,6.2,6.4,9.9,7.6,83.5
234,A,1,0,6.0,6.4,6.4,7.4,60.3
234,B,1,1,5.5,8.5,6.3,8.8,81.8
234,C,1,1,7.2,6.4,8.3,2.8,74.5
234,D,1,0,7.3,8.7,7.0,5.5,64.2
235,A,0,1,7.0,7.4,8.0,6.9,65.5
235,B,1,0,6.6,6.1,7.2,7.9,63.0
235,C,1,0,5.6,5.6,7.4,6.7,58.8
235,D,1,1,10,5.9,6.6,6.2,81.2
236,A,0,0,4.4,4.6,4.4,7.2,34.3
236,B,1,1,4.2,6.9,8.8,9.5,82.3
236,C,1,1,7.3,8.3,9.9,6.2,86.2
236,D,1,1,8.6,7.8,8.5,6.8,86.2
237,A,1,1,4.5,3.5,4.7,5.6,63.8
237,B,0,1,9.9,9.1,9.8,6.4,75.3
237,C,1,1,7.2,6.5,6.0,6.8,77.5
237,D,1,0,9.5,7.2,7.8,8.1,71.0
238,A,1,1,7.0,6.0,3.8,7.6,74.0
238,B,1,1,7.6,8.8,8.0,8.1,87.5
238,C,0,1,6.7,7.6,5.7,7.1,61.8
238,D,0,0,6.0,5.7,8.9,8.8,49.0
239,A,0,1,4.9,4.3,4.0,10,55.3
239,B,0,0,8.4,7.9,7.6,7.1,51.7
239,C,1,1,6.9,6.6,5.3,3.0,69.7
239,D,0,1,10.0,7.9,6.6,7.3,69.7
240,A,1,0,5.7,4.6,5.8,5.9,53.3
240,B,0,1,6.0,7.3,5.9,5.5,57.8
240,C,1,0,8.5,8.6,8.3,7.1,70.8
240,D,0,0,6.9,6.8,7.9,6.3,46.5
241,A,1,0,5.0,3.3,5.6,8.3,53.7
241,B,1,0,7.0,6.5,6.0,5.4,58.2
241,C,0,0,7.4,5.4,7.7,6.4,44.8
241,D,1,0,5.5,8.5,9.3,8.5,69.7
242,A,1,1,8.3,4.8,5.6,7.9,77.7
242,B,1,0,7.2,6.6,6.0,7.2,61.7
242,C,1,0,8.6,5.2,7.1,8.5,65.7
242,D,0,0,5.7,4.9,9.0,9.2,48.0
243,A,1,0,8.5,5.9,5.8,8.1,63.8
243,B,1,0,9.7,6.7,9.1,8.5,73.3
243,C,1,0,7.7,8.5,8.7,6.0,68.2
243,D,0,1,9.5,7.5,8.3,8.4,72.8
244,A,0,1,7.2,5.2,6.2,4.4,55.0
244,B,1,1,6.9,9.1,8.3,8.1,87.3
244,C,0,0,7.9,5.1,7.9,4.5,42.3
244,D,0,1,8.4,7.2,8.4,8.7,71.2
245,A,0,0,7.5,5.2,5.7,10,47.3
245,B,1,1,6.7,7.0,7.9,5.4,78.3
245,C,1,1,7.3,7.7,7.4,9.6,86.7
245,D,1,0,7.7,6.3,7.0,6.5,62.5
246,A,1,0,5.9,1.9,6.7,8.0,54.2
246,B,1,1,7.5,8.8,5.8,7.9,83.3
246,C,0,1,7.8,7.0,7.7,5.1,62.7
246,D,1,0,7.2,8.7,9.1,7.2,70.3
247,A,1,0,6.3,4.8,5.0,9.8,59.8
247,B,1,1,6.1,6.3,6.3,6.0,74.5
247,C,1,0,7.5,4.3,8.6,4.1,57.5
247,D,1,0,7.7,8.6,5.9,7.9,66.8
248,A,0,1,5.6,6.8,5.5,9.2,61.8
248,B,1,0,7.5,5.7,8.6,6.2,63.3
248,C,1,1,6.4,6.3,9.2,5.9,79.7
248,D,1,0,8.7,7.5,6.3,6.3,64.7
249,A,1,0,4.5,4.5,4.9,9.2,55.2
249,B,1,0,7.1,8.2,8.6,7.2,68.5
249,C,1,0,4.8,7.0,5.9,7.8,59.2
249,D,1,0,5.8,7.2,8.3,7.3,64.3
250,A,1,1,7.1,5.9,5.4,7.8,77.0
250,B,1,0,5.3,6.3,6.6,6.9,58.5
250,C,0,1,9.4,7.1,5.9,6.7,65.2
250,D,1,1,7.6,6.1,7.5,7.3,80.8
251,A,1,0,5.6,3.3,5.2,6.3,50.7
251,B,1,0,5.4,6.1,7.9,6.2,59.3
251,C,0,0,7.2,4.9,10,8.1,50.3
251,D,0,1,5.9,8.0,10,7.4,68.8
252,A,1,1,7.2,3.9,6.1,9.2,77.3
252,B,1,1,8.5,7.7,7.8,5.6,82.7
252,C,1,0,6.8,5.9,6.6,4.5,56.3
252,D,0,1,5.0,6.7,9.6,5.9,62.0
253,A,1,1,5.0,5.5,7.0,9.2,77.8
253,B,1,1,9.2,9.7,6.5,6.5,86.5
253,C,1,1,6.8,3.7,6.7,6.5,72.8
253,D,1,1,6.7,5.6,8.5,5.8,77.7
254,A,0,1,6.7,4.7,6.2,5.8,55.7
254,B,1,0,7.3,5.4,7.0,6.8,60.8
254,C,1,0,8.6,4.5,10,8.8,69.8
254,D,1,0,6.1,6.1,7.8,7.7,62.8
255,A,0,1,6.6,5.8,6.5,5.9,58.0
255,B,1,1,7.4,7.2,5.1,6.2,76.5
255,C,1,0,6.8,6.9,8.8,7.1,66.0
255,D,1,1,10,6.8,7.7,6.3,84.7
256,A,0,1,4.7,4.3,6.1,9.6,57.8
256,B,1,0,7.7,6.9,7.7,8.0,67.2
256,C,1,1,9.1,5.7,7.3,4.4,77.5
256,D,1,1,6.3,9.8,9.2,7.3,87.7
257,A,1,1,7.4,5.2,4.6,9.1,77.2
257,B,1,1,8.9,7.9,8.9,7.8,89.2
257,C,1,0,6.1,6.5,6.5,4.1,55.3
257,D,1,0,6.7,6.8,8.7,9.2,69.0
258,A,1,0,4.3,4.6,5.7,5.8,50.7
258,B,1,1,5.4,8.9,6.1,5.8,77.0
258,C,0,1,8.2,5.2,8.8,7.7,66.5
258,D,1,1,7.3,6.1,9.6,6.9,83.2
259,A,0,1,6.8,6.4,4.1,7.5,58.0
259,B,1,1,6.4,7.4,8.6,8.2,84.3
259,C,0,1,6.9,5.7,8.9,8.7,67.0
259,D,0,1,6.8,6.5,7.2,7.6,63.5
260,A,1,0,4.9,4.3,7.7,7.1,56.7
260,B,1,0,8.6,5.8,9.4,7.9,69.5
260,C,1,1,6.9,8.3,7.9,5.6,81.2
260,D,0,1,6.2,8.2,8.4,8.5,68.8
261,A,1,0,7.3,5.0,4.4,9.4,60.2
261,B,1,0,5.7,8.9,7.6,5.2,62.3
261,C,1,0,7.2,5.7,8.9,7.5,65.5
261,D,1,1,8.4,6.6,6.6,5.1,77.8
262,A,1,0,5.1,7.6,6.7,5.7,58.5
262,B,0,1,7.7,7.7,6.8,7.9,66.8
262,C,0,0,6.5,6.5,7.8,4.7,42.5
262,D,1,0,8.6,7.0,6.7,9.0,68.8
263,A,1,0,6.2,5.6,5.9,9.1,61.3
263,B,1,1,9.1,8.2,7.5,7.4,87.0
263,C,0,1,7.2,7.4,7.9,5.6,63.5
263,D,0,0,6.9,6.3,6.6,7.3,45.2
264,A,1,0,4.1,4.8,5.9,6.7,52.5
264,B,1,1,6.1,8.8,7.1,4.6,77.7
264,C,1,0,7.7,7.9,9.7,6.6,69.8
264,D,0,1,6.2,8.4,10,8.3,71.5
265,A,1,0,5.9,4.1,7.3,8.0,58.8
265,B,1,0,5.4,8.8,7.9,7.9,66.7
265,C,1,0,7.4,3.9,7.9,6.3,59.2
265,D,0,1,7.7,6.2,6.5,7.4,63.0
266,A,1,1,5.7,5.9,6.2,7.4,75.3
266,B,1,0,8.2,8.2,8.1,10,74.2
266,C,1,0,7.7,5.6,7.4,5.4,60.2
266,D,0,1,7.0,8.5,9.2,5.8,67.5
267,A,1,0,5.4,6.4,3.8,7.4,55.0
267,B,1,0,7.7,7.4,6.7,4.7,60.8
267,C,1,0,8.9,7.1,8.4,5.9,67.2
267,D,1,1,7.0,6.6,6.4,7.3,78.8
268,A,1,0,8.0,6.0,5.9,6.7,61.0
268,B,1,1,7.3,9.2,6.9,3.7,78.5
268,C,1,1,7.3,6.7,8.3,6.2,80.8
268,D,1,1,5.6,8.1,7.4,5.6,77.8
269,A,1,0,4.3,6.6,5.8,7.0,56.2
269,B,1,0,5.3,7.5,5.8,7.1,59.5
269,C,0,0,7.2,6.8,6.8,7.9,47.8
269,D,1,1,9.6,8.0,9.0,5.0,86.0
270,A,1,1,5.2,6.3,4.4,6.4,70.5
270,B,0,0,6.5,6.8,8.1,6.3,46.2
270,C,0,1,9.2,6.1,6.5,7.8,66.0
270,D,1,0,6.6,5.9,7.8,7.6,63.2
271,A,1,0,8.1,6.5,5.6,7.6,63.0
271,B,1,0,7.6,7.3,5.2,8.9,65.0
271,C,1,0,7.1,7.4,8.4,3.3,60.3
271,D,1,1,8.1,7.4,8.6,6.4,84.2
272,A,1,0,5.3,4.2,4.2,6.6,50.5
272,B,1,1,5.5,7.1,8.5,6.8,79.8
272,C,0,1,8.8,5.2,9.8,5.3,65.2
272,D,1,1,6.8,7.1,5.8,7.8,79.2
273,A,0,1,6.1,5.4,6.1,5.9,55.8
273,B,1,1,5.3,5.4,7.0,8.8,77.5
273,C,1,1,9.4,6.9,8.9,4.4,82.7
273,D,0,0,9.3,6.2,8.7,7.0,52.0
274,A,1,0,8.9,3.2,6.0,6.3,57.3
274,B,1,1,5.6,4.6,8.7,5.4,73.8
274,C,0,1,9.3,5.3,10,4.9,65.8
274,D,1,1,6.6,8.1,8.3,7.8,84.7
275,A,1,0,9.7,4.3,5.4,7.9,62.2
275,B,1,0,6.7,8.2,5.9,8.4,65.3
275,C,1,0,6.9,4.0,6.6,3.3,51.3
275,D,1,1,5.3,8.2,7.0,7.1,79.3
276,A,1,1,5.5,5.5,4.4,7.0,70.7
276,B,1,1,7.2,7.9,7.3,4.9,78.8
276,C,1,0,4.9,5.0,8.4,6.5,58.0
276,D,1,0,7.6,8.1,7.3,10,71.7
277,A,1,0,4.7,5.0,6.2,8.3,57.0
277,B,0,1,8.6,7.3,7.5,7.6,68.3
277,C,0,1,9.3,5.7,6.6,6.5,63.5
277,D,1,1,8.3,4.8,6.4,6.1,76.0
278,A,0,1,8.0,4.5,6.4,8.0,61.5
278,B,1,0,8.0,5.5,6.7,7.3,62.5
278,C,1,0,8.3,7.6,8.4,6.5,68.0
278,D,1,0,8.9,5.7,7.7,7.5,66.3
279,A,1,0,5.4,3.4,6.2,7.4,54.0
279,B,0,0,6.6,7.9,8.3,8.5,52.2
279,C,1,0,8.0,5.9,5.7,5.3,58.2
279,D,0,0,7.1,5.2,7.0,8.8,46.8
280,A,0,1,3.5,5.7,6.2,7.3,54.5
280,B,1,0,6.4,5.8,6.8,6.8,59.7
280,C,1,0,9.8,4.4,7.4,6.8,64.0
280,D,1,0,7.3,8.3,9.4,8.2,72.0
281,A,0,0,4.2,7.6,4.3,8.5,41.0
281,B,0,0,7.1,6.8,7.4,6.9,47.0
281,C,0,0,8.4,5.4,8.2,5.3,45.5
281,D,1,0,5.7,8.6,9.2,7.4,68.2
282,A,1,0,6.6,3.5,4.4,7.5,53.3
282,B,1,1,8.1,7.7,6.0,7.2,81.7
282,C,1,1,7.2,6.1,7.8,6.9,80.0
282,D,1,0,7.4,6.9,7.7,8.9,68.2
283,A,0,1,5.4,4.8,6.6,7.5,57.2
283,B,1,1,7.9,7.8,6.7,7.7,83.5
283,C,0,1,5.2,6.2,5.6,7.3,57.2
283,D,1,0,5.9,5.3,8.6,7.8,62.7
284,A,1,1,5.5,4.5,6.3,5.4,69.5
284,B,1,1,7.0,5.0,5.8,7.8,76.0
284,C,1,0,7.7,6.7,8.9,8.1,69.0
284,D,1,0,10,5.3,7.9,3.9,61.8
285,A,1,0,4.1,6.4,6.4,8.1,58.3
285,B,1,0,8.3,6.4,6.6,4.7,60.0
285,C,1,1,8.1,8.0,9.5,5.4,85.0
285,D,0,0,7.7,6.9,8.4,7.3,50.5
286,A,1,1,6.8,5.3,6.1,8.1,77.2
286,B,1,1,7.1,7.1,8.7,5.8,81.2
286,C,1,1,6.5,6.2,6.7,6.8,77.0
286,D,1,1,7.1,6.7,9.4,6.1,82.2
287,A,0,0,6.5,7.1,5.8,6.9,43.8
287,B,1,1,7.0,8.3,4.7,6.4,77.3
287,C,0,0,6.0,6.7,8.1,5.7,44.2
287,D,1,0,7.1,7.6,9.4,6.1,67.0
288,A,1,0,5.2,5.8,4.7,8.5,57.0
288,B,1,1,6.6,7.8,6.8,5.5,77.8
288,C,0,1,6.6,6.6,6.5,4.7,57.3
288,D,1,0,8.4,8.3,9.9,7.4,73.3
289,A,1,1,5.7,4.3,7.7,8.3,76.7
289,B,1,1,8.1,6.8,7.0,6.9,81.3
289,C,1,0,6.0,7.3,8.8,4.7,61.3
289,D,1,1,7.2,6.9,9.3,7.6,85.0
290,A,1,0,5.7,4.3,5.9,7.3,55.3
290,B,1,0,6.4,7.1,7.4,7.7,64.3
290,C,1,1,7.5,5.3,6.5,6.5,76.3
290,D,1,1,4.6,7.5,9.7,6.7,80.8
291,A,0,0,4.8,5.5,5.9,7.2,39.0
291,B,1,0,8.0,5.4,7.6,7.7,64.5
291,C,0,1,7.3,6.6,6.4,7.8,63.5
291,D,1,1,8.6,8.6,8.0,8.4,89.3
292,A,1,1,7.9,6.1,5.0,7.1,76.8
292,B,1,1,5.5,9.6,8.3,9.3,87.8
292,C,1,1,6.9,6.6,7.6,8.0,81.8
292,D,1,1,8.4,7.9,7.7,7.5,85.8
293,A,0,1,8.1,6.1,5.5,7.5,62.0
293,B,1,1,5.2,6.9,6.5,6.0,74.3
293,C,1,0,5.8,4.8,8.9,6.3,59.7
293,D,1,1,8.6,6.3,6.7,7.6,82.0
294,A,0,1,7.0,5.3,3.3,7.2,54.7
294,B,1,1,5.3,6.0,7.9,5.2,74.0
294,C,1,0,6.0,4.2,6.1,5.7,53.3
294,D,0,0,6.8,8.1,9.4,6.6,51.5
295,A,1,1,6.0,7.2,6.2,7.9,78.8
295,B,1,0,6.7,8.1,4.3,8.5,62.7
295,C,1,0,6.3,8.3,5.9,5.4,59.8
295,D,0,1,8.0,7.0,7.7,7.9,67.7
296,A,1,0,4.7,5.6,5.5,6.0,53.0
296,B,1,0,10.0,7.9,7.0,4.7,66.0
296,C,1,1,10,6.6,6.3,5.9,81.3
296,D,1,0,6.9,6.5,6.7,6.7,61.3
297,A,1,1,7.2,4.4,5.8,8.5,76.5
297,B,1,0,6.3,9.4,6.7,8.6,68.3
297,C,1,1,7.3,5.4,8.2,5.2,76.8
297,D,1,1,7.1,8.7,9.5,6.8,86.8
298,A,1,1,6.4,6.5,5.2,7.7,76.3
298,B,1,1,6.1,7.9,6.8,6.3,78.5
298,C,1,1,7.9,6.2,7.6,8.0,82.8
298,D,0,0,6.5,7.5,8.5,8.5,51.7
299,A,1,0,4.7,4.9,5.4,8.7,56.2
299,B,1,1,6.3,7.6,8.1,7.4,82.3
299,C,1,1,5.4,6.7,6.9,5.5,74.2
299,D,1,1,6.2,8.2,6.6,7.5,80.8
300,A,1,1,4.1,3.8,6.6,9.6,73.5
300,B,0,0,6.2,9.1,6.7,6.9,48.2
300,C,1,1,6.9,7.8,8.4,7.8,84.8
300,D,1,1,7.1,6.8,9.5,8.6,86.7
301,A,0,1,6.2,4.8,6.6,6.9,57.5
301,B,1,0,7.0,8.7,8.5,7.4,69.3
301,C,1,0,7.5,7.1,8.9,8.1,69.3
301,D,1,0,5.6,6.6,9.4,7.9,65.8
302,A,1,0,6.2,2.6,6.1,8.0,54.8
302,B,1,0,9.0,5.3,7.6,6.6,64.2
302,C,0,0,8.7,5.2,9.9,6.4,50.3
302,D,1,0,7.2,7.1,9.9,6.2,67.3
303,A,1,0,6.1,5.0,7.1,6.1,57.2
303,B,0,1,4.2,5.6,8.2,4.5,54.2
303,C,1,1,7.3,5.3,6.2,6.5,75.5
303,D,1,1,9.3,7.8,9.7,7.8,91.0
304,A,1,0,6.4,3.5,7.2,8.4,59.2
304,B,0,1,4.7,6.6,5.5,6.6,55.7
304,C,1,0,5.0,5.7,6.7,7.2,57.7
304,D,0,1,7.3,6.6,9.5,7.2,67.7
305,A,1,0,7.3,6.3,6.8,10,67.3
305,B,1,0,8.0,9.3,9.1,7.9,73.8
305,C,1,1,6.3,4.7,9.6,4.8,75.7
305,D,1,1,5.2,5.6,10,5.4,77.0
306,A,1,1,7.5,5.4,6.8,8.7,80.7
306,B,1,0,6.3,9.5,7.9,7.7,69.0
306,C,0,0,7.6,5.7,6.4,9.6,48.8
306,D,1,0,7.8,9.1,7.5,8.5,71.5
307,A,1,1,5.6,6.8,6.7,7.9,78.3
307,B,1,1,6.8,8.9,8.6,7.0,85.5
307,C,1,1,6.0,7.6,9.4,7.3,83.8
307,D,1,1,6.7,8.7,6.1,6.9,80.7
308,A,1,0,5.7,8.1,4.8,8.3,61.5
308,B,1,1,8.5,5.8,4.6,9.7,81.0
308,C,0,1,6.9,5.5,6.7,3.9,55.0
308,D,1,1,8.2,8.7,9.0,6.2,86.8
309,A,1,0,4.7,3.6,5.8,8.2,53.8
309,B,1,0,8.6,9.1,7.0,6.1,68.0
309,C,0,1,4.6,5.4,7.1,6.8,56.5
309,D,1,0,7.3,5.1,8.8,6.2,62.3
310,A,1,0,5.0,5.1,4.3,6.8,52.0
310,B,1,1,3.8,8.9,7.9,6.3,78.2
310,C,1,0,8.2,8.0,9.1,6.8,70.2
310,D,1,0,9.3,6.8,6.8,7.5,67.3
311,A,0,1,5.1,4.5,5.0,7.5,53.5
311,B,1,0,7.3,8.2,6.9,6.2,64.3
311,C,0,0,7.6,7.0,7.2,4.5,43.8
311,D,1,1,8.6,7.9,9.4,9.9,93.0
312,A,0,0,6.7,5.2,3.9,6.5,37.2
312,B,0,0,9.0,7.2,9.3,7.5,55.0
312,C,1,1,7.8,6.3,8.9,8.0,85.0
312,D,1,0,8.2,6.2,8.2,3.5,60.2
313,A,0,1,8.6,6.7,4.2,7.3,61.3
313,B,1,0,5.9,9.5,6.9,8.7,68.3
313,C,1,1,8.3,5.6,7.3,4.1,75.5
313,D,1,1,8.8,6.6,9.0,6.3,84.5
314,A,1,1,8.3,2.4,6.9,8.3,76.5
314,B,1,1,6.2,8.7,9.3,9.1,88.8
314,C,1,1,6.4,6.0,5.8,5.6,73.0
314,D,1,1,8.2,5.8,8.7,8.4,85.2
315,A,0,1,8.3,4.6,5.7,8.3,61.5
315,B,1,1,8.3,8.0,7.3,5.9,82.5
315,C,1,0,7.8,6.8,5.9,7.8,63.8
315,D,1,1,6.9,7.0,7.7,8.0,82.7
316,A,1,0,6.2,6.2,6.3,6.2,58.2
316,B,1,1,4.9,7.3,9.1,7.2,80.8
316,C,1,1,7.5,7.5,7.2,8.6,84.7
316,D,0,1,7.0,7.8,9.1,7.4,68.8
317,A,0,1,5.1,8.2,3.8,7.6,57.8
317,B,0,0,7.3,8.5,6.1,8.0,49.8
317,C,1,0,8.8,6.4,8.6,5.4,65.3
317,D,1,0,7.4,8.5,9.5,5.9,68.8
318,A,1,1,4.8,5.0,6.4,4.8,68.3
318,B,1,1,9.6,6.8,9.3,8.9,91.0
318,C,1,1,5.7,6.0,8.0,7.7,79.0
318,D,1,0,6.8,8.2,8.9,9.0,71.5
319,A,1,0,7.8,6.8,5.4,7.8,63.0
319,B,1,1,4.8,7.9,6.6,6.1,75.7
319,C,0,0,6.4,8.7,6.7,8.4,50.3
319,D,1,1,7.2,9.3,9.1,4.0,82.7
320,A,0,0,4.6,7.1,5.8,9.1,44.3
320,B,1,1,5.9,6.5,6.2,5.4,73.3
320,C,0,1,5.9,5.5,7.5,5.7,57.7
320,D,1,0,7.4,8.8,7.5,6.6,67.2
321,A,1,0,9.0,5.3,7.4,10,69.5
321,B,1,0,5.8,7.4,6.9,5.4,59.2
321,C,1,0,7.5,5.7,6.0,4.5,56.2
321,D,1,0,9.3,6.6,6.3,8.1,67.2
322,A,1,0,6.0,3.6,7.6,8.7,59.8
322,B,1,0,6.7,6.4,9.0,6.2,63.8
322,C,0,0,8.3,4.7,6.1,4.9,40.0
322,D,0,0,5.9,6.4,6.0,7.9,43.7
323,A,1,0,6.2,8.0,6.7,8.0,64.8
323,B,0,0,6.5,5.4,6.8,4.4,38.5
323,C,1,1,6.9,5.5,7.4,4.9,74.5
323,D,1,0,7.3,5.0,7.8,7.9,63.3
324,A,1,1,5.8,9.2,5.7,6.8,79.2
324,B,1,1,5.5,7.7,7.6,5.3,76.8
324,C,0,1,8.4,5.5,6.9,6.2,61.7
324,D,1,0,7.1,6.8,7.9,6.0,63.0
325,A,0,0,4.1,3.2,4.0,7.6,31.5
325,B,1,0,6.4,5.3,8.9,6.2,61.3
325,C,1,1,7.8,4.6,6.3,6.4,75.2
325,D,0,0,8.7,6.7,9.8,8.1,55.5
326,A,0,1,5.2,8.7,5.0,9.8,64.5
326,B,1,1,10.0,7.4,10,4.2,86.0
326,C,1,0,7.1,4.0,9.7,6.6,62.3
326,D,1,0,7.5,6.3,8.6,7.6,66.7
327,A,1,0,5.4,4.7,7.4,7.5,58.3
327,B,1,0,5.6,7.6,5.3,7.5,60.0
327,C,1,0,5.4,7.7,7.0,7.4,62.5
327,D,0,1,7.7,6.2,6.9,6.5,62.2
328,A,0,0,6.2,3.5,3.8,7.0,34.2
328,B,1,1,6.5,8.5,7.0,7.2,82.0
328,C,1,1,8.6,5.3,7.2,10,85.2
328,D,1,0,8.4,9.0,8.1,6.2,69.5
329,A,0,1,5.4,2.8,5.3,6.8,50.5
329,B,0,1,5.2,8.6,5.6,7.1,60.8
329,C,1,0,10,6.5,8.0,9.6,73.5
329,D,1,1,6.5,8.0,8.3,4.8,79.3
330,A,0,0,5.3,5.2,4.6,7.1,37.0
330,B,0,1,4.6,9.7,7.8,5.5,62.7
330,C,0,1,6.1,5.8,8.9,5.8,61.0
330,D,1,0,7.6,8.0,8.7,6.1,67.3
331,A,1,1,4.5,5.8,4.2,8.5,71.7
331,B,1,0,6.7,5.0,9.6,7.8,65.2
331,C,1,1,5.6,8.0,9.6,7.2,84.0
331,D,1,1,5.5,8.3,6.9,9.4,83.5
332,A,1,1,6.4,4.2,7.1,7.6,75.5
332,B,0,0,6.1,8.7,5.1,5.7,42.7
332,C,1,1,7.6,6.3,6.3,7.2,79.0
332,D,0,1,9.4,5.7,9.1,9.4,72.7
333,A,1,1,5.4,4.6,6.4,9.0,75.7
333,B,1,0,6.3,7.3,6.7,7.6,63.2
333,C,1,0,9.4,7.8,8.6,7.9,72.8
333,D,1,0,8.4,5.9,8.4,9.1,69.7
334,A,0,0,5.3,3.4,5.5,7.7,36.5
334,B,1,1,4.5,8.5,5.4,6.9,75.5
334,C,1,0,6.1,5.2,7.7,7.6,61.0
334,D,0,0,8.7,7.7,8.1,5.4,49.8
335,A,1,1,4.6,4.6,6.8,9.0,75.0
335,B,1,1,8.2,8.5,10,8.5,92.0
335,C,1,1,5.9,7.0,7.1,8.7,81.2
335,D,1,1,5.5,7.2,8.5,7.0,80.3
336,A,1,1,3.9,6.1,7.0,7.3,73.8
336,B,1,0,8.4,7.1,5.1,6.2,61.3
336,C,1,0,10,6.3,8.3,5.8,67.3
336,D,1,1,6.8,7.0,7.5,7.7,81.7
337,A,1,0,5.1,4.2,4.5,6.4,50.3
337,B,1,0,7.9,8.9,9.7,5.1,69.3
337,C,0,0,7.1,5.5,8.5,7.1,47.0
337,D,1,1,8.2,9.3,9.1,6.9,89.2
338,A,0,1,6.6,6.4,4.6,6.5,56.8
338,B,1,1,9.4,8.2,6.6,6.6,84.7
338,C,1,0,8.0,4.2,6.3,6.9,59.0
338,D,1,1,8.9,5.4,8.2,7.7,83.7
339,A,0,1,6.4,8.2,5.3,6.8,61.2
339,B,1,0,7.2,8.3,8.1,6.7,67.2
339,C,1,1,6.2,5.0,5.7,6.6,72.5
339,D,1,1,7.4,6.1,6.1,7.3,78.2
340,A,0,1,4.7,4.2,5.0,10,56.5
340,B,1,0,7.2,7.4,6.5,7.1,63.7
340,C,0,0,9.8,7.5,10,6.2,55.8
340,D,0,1,9.1,6.0,9.0,7.0,68.5
341,A,0,1,6.7,6.1,4.2,7.7,57.8
341,B,1,1,8.1,7.4,8.5,7.8,86.3
341,C,1,1,7.3,4.7,9.2,3.3,74.2
341,D,1,1,6.9,8.2,6.8,6.1,80.0
342,A,0,0,5.8,6.3,3.7,10,43.0
342,B,1,0,5.9,8.9,5.7,6.3,61.3
342,C,1,0,6.5,7.0,6.7,5.6,59.7
342,D,1,1,9.2,8.9,10.0,10,96.8
343,A,0,1,3.7,4.6,8.3,7.8,57.3
343,B,1,0,5.6,8.8,5.9,10,67.2
343,C,1,1,7.6,5.5,7.7,6.1,78.2
343,D,1,1,7.7,6.9,6.9,8.0,82.5
344,A,0,0,6.7,6.9,6.1,5.2,41.5
344,B,1,0,6.8,6.7,5.5,7.8,61.3
344,C,0,1,5.1,5.9,9.1,5.6,59.5
344,D,1,0,6.9,7.9,6.9,7.5,65.3
345,A,1,0,4.9,6.7,5.7,7.0,57.2
345,B,1,1,6.6,7.6,7.4,7.7,82.2
345,C,0,1,7.3,6.9,7.9,5.9,63.3
345,D,1,0,8.2,7.2,10,7.9,72.2
346,A,1,1,3.9,3.6,6.0,7.7,68.7
346,B,1,1,6.7,7.6,6.2,7.7,80.3
346,C,1,0,5.7,6.2,9.8,6.7,64.0
346,D,1,1,7.1,3.7,9.0,5.9,76.2
347,A,0,0,6.7,4.2,4.2,8.0,38.5
347,B,1,1,8.1,5.4,8.4,6.2,80.2
347,C,0,0,5.1,4.7,6.4,5.2,35.7
347,D,1,0,5.6,5.8,6.0,7.6,58.3
348,A,0,0,3.4,3.8,8.2,6.1,35.8
348,B,0,0,7.6,7.5,6.7,6.5,47.2
348,C,0,0,7.6,6.8,6.5,5.0,43.2
348,D,1,0,7.2,7.5,10,6.2,68.2
349,A,1,1,5.2,4.8,7.7,8.0,76.2
349,B,1,1,5.9,7.3,6.0,4.8,73.3
349,C,1,1,7.4,5.1,8.4,8.5,82.3
349,D,1,1,3.7,7.3,9.5,7.1,79.3
350,A,0,1,8.5,5.5,6.0,7.5,62.5
350,B,1,1,6.9,7.2,8.3,6.8,82.0
350,C,0,1,7.3,5.9,8.8,3.7,59.5
350,D,1,1,6.5,6.3,9.3,6.4,80.8
351,A,1,1,6.4,3.8,7.0,7.7,74.8
351,B,1,0,5.1,7.4,4.6,8.4,59.2
351,C,0,1,6.9,5.5,7.5,7.0,61.5
351,D,1,1,5.3,6.9,8.9,5.3,77.3
352,A,0,1,5.8,4.3,5.1,8.2,55.7
352,B,1,1,9.1,6.7,7.7,7.2,84.5
352,C,1,0,8.6,5.2,6.8,6.1,61.2
352,D,1,0,6.9,5.6,5.3,9.3,61.8
353,A,0,0,5.3,3.0,5.6,8.6,37.5
353,B,1,0,6.2,7.2,9.6,6.6,66.0
353,C,1,0,7.8,5.8,8.7,4.9,62.0
353,D,1,1,8.3,10,10,7.4,92.8
354,A,1,1,5.3,5.8,6.9,7.8,76.3
354,B,0,0,6.5,6.9,8.0,8.5,49.8
354,C,1,1,6.2,6.4,8.3,5.5,77.3
354,D,1,0,6.5,7.1,7.9,6.8,63.8
355,A,0,0,7.4,6.3,6.3,9.8,49.7
355,B,1,1,6.5,7.4,6.6,6.1,77.7
355,C,1,1,8.2,4.7,8.3,6.7,79.8
355,D,1,1,8.7,6.2,9.7,6.1,84.5
356,A,1,0,6.1,5.7,4.5,8.5,58.0
356,B,0,0,8.5,7.0,7.3,8.1,51.5
356,C,1,0,7.3,4.9,8.3,6.1,61.0
356,D,0,1,7.5,5.1,6.7,7.5,61.3
357,A,1,1,6.3,4.7,5.7,8.1,74.7
357,B,0,1,4.6,8.8,7.2,6.8,62.3
357,C,1,0,6.8,6.4,8.7,6.9,64.7
357,D,1,0,8.0,6.1,7.3,8.2,66.0
358,A,1,0,3.8,2.1,7.2,8.8,53.2
358,B,1,1,5.5,8.4,5.5,9.3,81.2
358,C,1,1,7.6,5.1,8.6,9.0,83.8
358,D,0,0,8.1,6.9,7.8,8.0,51.3
359,A,1,1,5.3,6.4,4.7,9.9,77.2
359,B,1,1,7.3,7.9,7.5,7.1,83.0
359,C,0,0,5.5,6.5,9.5,7.6,48.5
359,D,1,1,8.3,9.4,7.7,7.2,87.7
360,A,1,0,7.0,6.4,5.0,5.9,57.2
360,B,0,0,7.4,5.1,6.4,8.1,45.0
360,C,1,1,5.8,5.8,6.8,5.1,72.5
360,D,1,0,5.7,7.7,7.0,6.7,61.8
361,A,0,1,4.8,5.9,4.3,7.4,54.0
361,B,1,1,5.0,8.8,8.9,5.3,80.0
361,C,1,0,8.3,5.3,7.4,5.9,61.5
361,D,1,1,7.2,8.2,8.7,8.8,88.2
362,A,1,0,6.0,4.2,6.5,7.1,56.3
362,B,1,0,9.1,7.6,6.4,7.0,66.8
362,C,0,1,9.3,6.0,6.8,4.3,60.7
362,D,1,0,6.8,6.0,9.9,5.1,63.0
363,A,1,0,6.5,4.3,5.6,7.1,55.8
363,B,1,1,6.5,6.0,8.8,6.0,78.8
363,C,1,1,7.0,6.8,6.9,5.7,77.3
363,D,1,1,7.0,6.5,8.3,7.5,82.2
364,A,0,1,6.1,5.7,4.5,7.4,56.2
364,B,1,0,6.0,7.4,7.3,6.3,61.7
364,C,1,0,6.1,3.3,10.0,6.3,59.5
364,D,0,1,7.7,8.9,8.2,6.9,69.5
365,A,1,1,5.6,8.9,6.8,6.8,80.2
365,B,1,0,7.1,9.5,9.4,7.3,72.2
365,C,1,0,7.7,5.1,7.5,7.6,63.2
365,D,1,1,5.7,8.1,10,5.9,82.8
366,A,1,0,6.2,8.3,6.8,8.8,66.8
366,B,1,1,3.1,9.8,8.7,5.2,78.0
366,C,0,0,7.3,6.4,8.6,5.8,46.8
366,D,0,0,8.6,6.0,9.2,6.9,51.2
367,A,1,0,5.4,2.9,5.5,7.4,52.0
367,B,1,1,8.7,6.9,8.3,7.1,85.0
367,C,1,1,5.9,5.4,6.5,7.9,76.2
367,D,1,0,7.5,5.7,6.6,7.4,62.0
368,A,1,0,6.9,6.7,5.0,7.1,59.5
368,B,1,1,6.3,7.0,7.9,6.0,78.7
368,C,1,0,8.1,7.2,6.2,5.7,62.0
368,D,1,1,9.7,6.6,9.6,5.7,86.0
369,A,1,0,6.3,5.5,4.8,5.5,53.5
369,B,0,0,6.4,7.7,6.4,6.6,45.2
369,C,0,0,7.6,6.9,7.2,6.3,46.7
369,D,0,0,7.1,6.7,7.1,7.0,46.5
370,A,0,1,5.7,4.0,5.6,6.5,53.0
370,B,0,0,7.0,6.9,8.9,6.5,48.8
370,C,1,0,7.2,6.9,8.0,3.9,60.0
370,D,1,1,8.0,6.8,9.1,6.4,83.8
371,A,1,0,5.1,5.1,5.9,7.4,55.8
371,B,1,1,9.3,8.5,7.2,5.7,84.5
371,C,1,1,7.3,6.9,9.3,4.3,79.7
371,D,1,1,7.2,7.4,8.5,8.3,85.7
372,A,1,0,7.6,4.3,6.0,8.8,61.2
372,B,1,0,8.0,6.1,5.7,7.1,61.5
372,C,1,1,7.9,5.0,7.0,4.8,74.5
372,D,1,1,5.4,6.1,7.4,4.4,72.2
373,A,1,0,4.4,7.2,4.7,8.3,57.7
373,B,0,0,7.2,9.2,9.4,6.1,53.2
373,C,0,0,8.4,5.8,8.7,5.4,47.2
373,D,1,1,7.2,5.5,7.2,9.5,82.3
374,A,1,1,7.7,2.8,5.5,6.1,70.2
374,B,1,1,6.2,6.4,9.1,6.4,80.2
374,C,1,1,5.3,6.0,7.0,8.3,77.7
374,D,1,1,8.5,6.7,8.4,6.2,83.0
375,A,0,1,5.5,4.9,3.2,7.5,51.8
375,B,1,1,7.6,7.8,8.0,7.4,84.7
375,C,1,1,6.7,6.8,5.0,9.1,79.3
375,D,0,1,7.2,7.2,8.1,7.1,66.0
376,A,1,0,4.4,2.8,6.8,10.0,56.7
376,B,1,1,8.0,7.8,8.9,5.4,83.5
376,C,1,0,6.2,5.2,6.5,8.3,60.3
376,D,1,0,7.0,7.4,7.0,7.1,64.2
377,A,1,0,6.6,5.5,7.9,7.6,62.7
377,B,1,0,8.7,8.3,7.4,6.8,68.7
377,C,0,1,7.2,8.3,8.9,5.8,67.0
377,D,1,0,6.3,5.2,7.6,5.5,57.7
378,A,0,0,5.8,4.2,5.2,7.6,38.0
378,B,0,1,8.5,7.4,6.9,5.1,63.2
378,C,1,1,7.8,7.1,8.0,5.0,79.8
378,D,0,0,7.3,5.8,8.1,7.5,47.8
379,A,0,1,5.4,7.0,6.0,7.9,60.5
379,B,1,1,9.1,9.1,8.2,7.6,90.0
379,C,1,1,10.0,7.2,8.2,5.6,85.0
379,D,1,1,7.2,7.5,7.6,8.2,84.2
380,A,1,1,6.2,4.7,4.8,7.0,71.2
380,B,1,0,7.3,4.8,8.3,6.3,61.2
380,C,1,0,8.8,7.2,7.3,7.0,67.2
380,D,0,1,7.5,9.1,8.4,5.2,67.0
381,A,1,1,5.1,5.7,7.1,10,79.8
381,B,1,1,5.8,8.5,8.3,8.5,85.2
381,C,1,1,8.1,6.5,7.6,4.1,77.2
381,D,0,0,5.9,8.6,6.5,8.0,48.3
382,A,0,0,6.4,4.9,7.0,7.1,42.3
382,B,1,0,4.7,5.2,8.5,8.5,61.5
382,C,1,1,7.6,3.8,9.1,7.9,80.7
382,D,1,1,7.6,8.0,9.0,7.1,86.2
383,A,1,0,7.5,4.7,7.6,7.2,61.7
383,B,1,1,5.4,8.7,3.3,7.1,74.2
383,C,1,1,8.2,7.8,7.9,5.0,81.5
383,D,0,1,6.2,7.6,8.5,10,70.5
384,A,1,1,6.6,4.6,5.5,8.7,75.7
384,B,1,1,6.2,7.5,5.9,8.5,80.2
384,C,1,0,6.5,6.5,7.3,7.7,63.3
384,D,1,0,9.3,5.7,7.0,6.3,63.8
385,A,0,0,5.4,3.7,5.0,6.7,34.7
385,B,1,0,6.6,6.9,5.3,5.5,57.2
385,C,0,1,8.5,5.4,7.5,6.8,63.7
385,D,1,0,6.6,6.9,8.0,6.4,63.2
386,A,1,1,3.0,6.5,4.9,8.4,71.3
386,B,0,1,8.4,7.7,8.3,6.6,68.3
386,C,1,0,9.1,4.6,7.1,7.5,63.8
386,D,1,0,8.3,7.9,9.5,7.2,71.5
387,A,1,0,7.6,7.1,6.6,9.1,67.3
387,B,1,1,8.0,6.8,8.4,6.3,82.5
387,C,1,0,7.4,6.1,9.1,6.8,65.7
387,D,1,1,6.1,8.2,10,5.7,83.3
388,A,0,1,7.1,6.5,7.1,8.6,65.5
388,B,1,0,7.2,6.4,8.8,8.2,67.7
388,C,1,0,9.4,5.8,8.5,7.0,67.8
388,D,0,1,7.5,9.4,10,8.9,76.3
389,A,1,0,5.1,5.7,7.4,9.4,62.7
389,B,1,1,7.8,9.1,8.9,6.7,87.5
389,C,1,0,6.4,4.2,6.4,8.4,59.0
389,D,1,1,7.6,8.4,8.2,5.5,82.8
390,A,0,1,5.8,7.4,3.3,8.5,58.3
390,B,0,1,7.8,8.7,5.6,7.0,65.2
390,C,1,1,7.7,6.7,6.7,6.1,78.7
390,D,0,1,8.5,9.1,10,6.1,72.8
391,A,0,0,3.4,5.9,3.0,6.4,31.2
391,B,1,1,7.6,7.6,7.2,6.6,81.7
391,C,1,1,6.3,6.6,7.7,6.2,78.0
391,D,1,1,7.1,5.7,9.6,7.7,83.5
392,A,1,1,4.0,5.5,7.2,8.8,75.8
392,B,1,0,8.8,9.5,7.2,7.4,71.5
392,C,1,1,7.0,9.0,7.3,5.5,81.3
392,D,1,0,8.1,5.6,9.0,7.8,67.5
393,A,0,1,5.1,2.6,6.0,6.9,51.0
393,B,1,1,5.2,5.3,7.4,7.8,76.2
393,C,1,0,8.2,6.6,7.8,8.2,68.0
393,D,1,0,7.3,7.3,9.2,7.0,68.0
394,A,0,0,10,4.2,4.6,6.8,42.7
394,B,0,1,7.6,8.9,7.8,6.3,67.7
394,C,1,1,7.7,8.2,7.1,8.0,85.0
394,D,1,1,8.5,6.9,7.8,5.1,80.5
395,A,1,0,7.4,7.0,4.2,8.3,61.5
395,B,1,0,8.2,5.8,7.5,6.3,63.0
395,C,0,1,7.1,9.6,8.6,5.8,68.5
395,D,1,1,7.7,4.4,7.6,5.4,75.2
396,A,1,1,10,5.5,5.4,8.6,82.5
396,B,0,1,7.7,8.2,5.4,6.4,62.8
396,C,1,1,8.1,6.4,9.4,6.5,84.0
396,D,0,1,5.9,7.6,6.5,8.4,64.0
397,A,1,0,6.3,5.8,7.4,7.2,61.2
397,B,1,1,8.6,6.9,7.4,7.8,84.5
397,C,1,0,7.2,6.4,9.6,5.3,64.2
397,D,1,0,7.8,7.3,10,8.0,71.8
398,A,1,0,6.3,6.1,5.4,10,63.0
398,B,1,0,8.7,8.2,5.5,10,70.7
398,C,0,0,6.7,4.0,10.0,5.1,43.0
398,D,1,1,6.8,8.9,10,8.0,89.5
399,A,0,1,5.5,5.7,5.7,7.2,56.8
399,B,0,0,6.9,8.7,8.2,6.3,50.2
399,C,1,0,7.3,7.0,8.1,7.4,66.3
399,D,1,0,9.8,7.1,10,8.3,75.3
400,A,1,0,6.3,5.1,4.7,8.7,58.0
400,B,1,0,6.1,7.5,5.2,7.3,60.2
400,C,1,1,7.3,7.6,6.7,4.9,77.5
400,D,1,0,6.1,6.4,8.8,8.8,66.8
401,A,0,0,6.5,6.7,3.6,7.3,40.2
401,B,0,0,7.1,7.1,6.8,6.9,46.5
401,C,1,1,8.7,4.7,6.8,6.2,77.3
401,D,1,0,6.1,5.4,8.6,7.2,62.2
402,A,1,1,6.8,4.7,5.0,8.6,75.2
402,B,1,1,4.8,5.0,8.5,7.5,76.3
402,C,0,0,6.3,7.4,7.0,7.0,46.2
402,D,1,1,7.5,7.8,7.4,8.5,85.3
403,A,0,0,5.1,6.8,6.5,7.4,43.0
403,B,1,1,7.4,9.1,8.3,8.0,88.0
403,C,1,1,7.0,5.4,8.4,5.4,77.0
403,D,1,0,6.9,7.3,9.8,7.4,69.0
404,A,1,0,4.7,5.9,6.8,9.3,61.2
404,B,0,1,7.4,9.2,6.4,8.9,69.8
404,C,1,1,7.4,4.9,6.3,4.0,71.0
404,D,0,1,8.6,6.1,7.4,7.3,65.7
405,A,1,0,6.6,4.8,4.1,8.8,57.2
405,B,0,0,5.0,7.0,8.4,6.6,45.0
405,C,1,0,7.7,5.9,9.0,6.8,65.7
405,D,1,1,5.7,6.3,9.3,6.4,79.5
406,A,1,1,5.0,4.7,7.7,6.5,73.2
406,B,0,0,6.8,9.1,8.7,10.0,57.7
406,C,1,1,8.9,5.2,7.3,7.7,81.8
406,D,0,1,6.9,6.0,7.1,7.5,62.5
407,A,1,1,7.1,5.9,5.6,6.2,74.7
407,B,0,1,8.3,7.2,7.4,7.6,67.5
407,C,0,1,8.5,5.2,6.6,5.0,58.8
407,D,0,0,9.3,8.1,9.4,6.9,56.2
408,A,1,1,7.9,4.8,5.8,6.5,75.0
408,B,1,0,6.2,9.1,4.9,6.8,61.7
408,C,1,1,5.5,7.4,7.4,9.0,82.2
408,D,0,1,6.9,6.8,7.3,6.7,62.8
409,A,1,0,7.9,7.3,7.7,8.1,68.3
409,B,1,1,7.5,7.3,8.7,7.5,85.0
409,C,0,1,7.0,5.1,7.5,5.5,58.5
409,D,0,1,7.1,6.2,8.7,5.4,62.3
410,A,0,1,5.5,6.5,3.8,9.3,58.5
410,B,1,0,9.8,7.2,7.9,8.4,72.2
410,C,0,1,7.3,5.4,7.6,5.8,60.2
410,D,1,1,8.0,8.0,10,5.2,85.3
411,A,1,1,7.7,3.5,5.6,7.2,73.3
411,B,1,0,5.6,7.9,8.1,7.2,64.7
411,C,0,0,4.7,6.2,9.5,5.0,42.3
411,D,1,0,7.0,6.0,7.1,5.2,58.8
412,A,1,1,3.5,4.8,5.6,5.7,66.0
412,B,0,0,7.2,7.5,6.5,6.0,45.3
412,C,1,1,5.5,5.7,10.0,6.6,79.7
412,D,1,0,7.6,7.3,9.3,6.9,68.5
413,A,1,0,5.8,5.6,5.6,7.5,57.5
413,B,0,0,4.7,7.8,8.0,5.2,42.8
413,C,1,0,8.2,4.7,7.1,7.5,62.5
413,D,0,1,8.4,8.7,8.1,8.0,72.0
414,A,1,1,7.1,5.5,4.5,6.3,72.3
414,B,1,1,7.1,7.4,7.9,7.9,83.8
414,C,0,1,8.9,4.6,8.6,6.3,64.0
414,D,1,0,7.6,6.4,8.5,6.1,64.3
415,A,1,1,7.0,5.3,5.1,7.1,74.2
415,B,1,0,7.7,5.7,7.6,8.0,65.0
415,C,0,0,6.5,5.4,8.0,6.1,43.3
415,D,1,1,7.6,5.4,6.9,8.7,81.0
416,A,1,0,4.0,5.9,5.7,4.1,49.5
416,B,1,1,6.4,7.9,6.9,8.3,82.5
416,C,0,1,8.4,4.2,9.5,5.5,62.7
416,D,1,1,8.7,4.3,7.9,6.6,79.2
417,A,1,1,6.2,5.1,6.9,7.5,76.2
417,B,1,1,6.5,7.1,9.6,6.8,83.3
417,C,1,0,6.1,6.6,8.1,4.6,59.0
417,D,1,0,5.7,6.2,7.6,6.5,60.0
418,A,0,1,6.9,4.5,4.2,6.5,53.5
418,B,1,1,4.3,9.2,7.9,9.4,84.7
418,C,1,0,7.1,6.2,7.6,5.8,61.2
418,D,1,0,5.9,7.9,9.3,7.0,66.8
419,A,1,0,5.1,8.0,6.2,9.4,64.5
419,B,1,0,8.9,6.7,8.9,5.7,67.0
419,C,1,1,5.0,6.1,7.4,6.5,75.0
419,D,1,0,7.5,8.0,7.9,6.7,66.8
420,A,1,1,5.6,7.0,4.5,5.2,70.5
420,B,1,1,8.3,7.6,7.6,5.9,82.3
420,C,1,0,7.8,6.3,7.0,8.5,66.0
420,D,1,0,7.6,5.4,9.1,9.7,69.7
421,A,1,0,6.2,3.6,6.0,7.5,55.5
421,B,0,1,7.3,9.5,8.8,8.8,74.0
421,C,1,0,7.4,6.8,7.3,7.9,65.7
421,D,1,1,7.5,7.5,7.7,6.5,82.0
422,A,1,0,3.8,4.7,7.8,8.5,58.0
422,B,1,1,9.6,7.2,6.2,5.5,80.8
422,C,0,1,10,7.9,7.1,9.0,73.3
422,D,1,1,10.0,7.8,6.1,6.4,83.8
423,A,1,0,5.3,4.8,6.0,6.1,53.7
423,B,1,0,6.6,8.2,10,5.5,67.2
423,C,1,0,8.1,7.7,5.8,4.9,60.8
423,D,1,0,7.0,6.3,6.7,8.9,64.8
424,A,1,1,6.9,4.3,5.6,8.0,74.7
424,B,1,0,7.3,6.4,8.6,8.5,68.0
424,C,1,0,7.1,8.3,6.3,5.1,61.3
424,D,1,1,7.1,6.8,10,8.4,87.2
425,A,1,0,3.1,3.4,5.1,9.0,51.0
425,B,0,0,5.2,7.3,7.5,7.0,45.0
425,C,1,0,6.4,6.4,8.9,8.0,66.2
425,D,0,1,7.6,8.1,8.3,7.7,69.5
426,A,0,0,4.7,4.2,4.9,8.5,37.2
426,B,1,1,8.7,6.7,8.7,8.4,87.5
426,C,1,1,6.4,8.1,9.5,6.6,84.3
426,D,1,0,7.8,9.4,8.1,6.3,69.3
427,A,1,0,5.9,4.3,8.1,6.3,57.7
427,B,1,1,4.1,8.9,6.2,8.3,79.2
427,C,0,0,5.2,7.0,9.2,5.9,45.5
427,D,0,0,8.6,6.5,6.7,5.8,46.0
428,A,1,1,4.6,5.8,5.6,8.5,74.2
428,B,0,0,6.2,7.4,6.3,6.9,44.7
428,C,0,0,8.0,4.7,7.3,7.4,45.7
428,D,1,0,6.1,7.6,8.5,6.6,64.7
429,A,0,0,5.3,6.6,6.3,6.1,40.5
429,B,1,0,6.6,7.7,6.0,6.5,61.3
429,C,0,1,6.3,7.6,9.1,5.9,64.8
429,D,1,0,7.8,8.2,9.6,6.3,69.8
430,A,1,0,8.2,7.0,7.9,9.0,70.2
430,B,1,1,5.6,7.9,6.6,8.4,80.8
430,C,1,0,8.2,5.7,7.1,6.9,63.2
430,D,1,0,8.2,7.7,8.1,7.5,69.2
431,A,1,0,8.1,4.6,5.3,6.1,56.8
431,B,1,1,5.0,8.1,7.2,8.3,81.0
431,C,1,0,7.3,4.1,7.1,3.7,53.7
431,D,1,0,7.5,4.2,6.6,4.2,54.2
432,A,0,1,6.7,4.0,4.7,6.1,52.5
432,B,1,0,7.4,7.5,7.0,6.7,64.3
432,C,1,1,4.7,7.6,8.5,5.1,76.5
432,D,1,1,9.1,7.6,8.8,7.3,88.0
433,A,1,1,8.0,4.7,6.5,7.9,78.5
433,B,0,0,8.8,7.6,7.0,5.1,47.5
433,C,1,0,6.6,3.5,6.7,7.2,56.7
433,D,1,1,9.5,8.7,8.7,6.9,89.7
434,A,1,0,5.5,6.3,7.6,5.9,58.8
434,B,0,1,9.3,8.3,10,5.5,71.8
434,C,0,0,7.2,6.4,6.7,5.8,43.5
434,D,1,0,8.0,6.1,9.1,7.2,67.3
435,A,1,1,3.5,4.7,5.1,6.2,65.8
435,B,1,0,9.0,7.5,7.5,4.9,64.8
435,C,0,1,8.7,5.6,7.2,6.1,62.7
435,D,0,0,7.9,7.9,8.8,5.3,49.8
436,A,1,0,9.3,4.2,5.5,8.3,62.2
436,B,0,0,6.8,6.4,5.4,6.3,41.5
436,C,1,0,6.1,8.8,9.5,6.2,67.7
436,D,1,0,5.1,6.0,8.5,7.0,61.0
437,A,0,0,5.0,4.2,4.8,8.4,37.3
437,B,1,0,6.9,5.4,7.7,7.2,62.0
437,C,1,1,8.4,7.6,9.6,5.7,85.5
437,D,1,0,8.8,7.7,8.1,6.6,68.7
438,A,1,0,4.7,5.4,3.3,7.4,51.3
438,B,0,1,8.0,6.8,6.1,7.7,64.3
438,C,0,1,7.6,5.2,6.3,2.4,52.5
438,D,1,1,7.6,5.4,5.2,5.0,72.0
439,A,1,0,6.0,5.3,6.2,9.6,61.8
439,B,1,1,10,9.5,6.2,7.5,88.7
439,C,0,1,5.6,6.6,8.0,5.9,60.2
439,D,1,1,9.2,9.1,8.8,9.1,93.7
440,A,1,1,7.0,7.3,6.7,9.2,83.7
440,B,1,1,6.8,7.1,8.5,6.8,82.0
440,C,1,0,7.8,5.2,8.5,7.0,64.2
440,D,1,1,8.3,6.1,8.9,8.5,86.3
441,A,1,1,6.4,5.7,7.4,8.0,79.2
441,B,1,0,5.1,7.7,7.3,8.3,64.0
441,C,0,0,6.1,7.7,6.6,7.0,45.7
441,D,1,1,6.0,4.9,7.1,8.9,78.2
442,A,1,1,5.3,5.0,5.6,7.1,71.7
442,B,1,1,6.4,8.1,6.3,6.8,79.3
442,C,0,0,6.9,6.5,8.6,5.8,46.3
442,D,1,0,7.9,7.5,8.4,9.0,71.3
443,A,1,0,5.1,5.2,5.6,9.3,58.7
443,B,1,1,7.8,6.8,6.9,6.7,80.3
443,C,0,0,5.0,7.8,7.9,5.3,43.3
443,D,1,0,8.0,7.3,7.6,8.0,68.2
444,A,0,0,5.2,4.4,7.1,5.3,36.7
444,B,0,0,6.3,5.7,7.0,5.8,41.3
444,C,1,0,6.0,7.4,8.1,8.4,66.5
444,D,1,0,7.9,8.0,8.7,7.7,70.5
445,A,1,0,5.3,6.0,6.0,9.0,60.5
445,B,1,1,8.4,8.0,6.5,7.0,83.2
445,C,0,1,7.3,4.8,7.1,6.2,59.0
445,D,1,0,6.2,8.6,8.3,6.6,66.2
446,A,0,0,6.5,7.8,6.4,5.5,43.7
446,B,0,1,6.1,6.1,7.0,6.9,60.2
446,C,1,0,8.1,6.1,8.3,5.2,62.8
446,D,1,1,7.5,6.8,7.4,10,86.2
447,A,1,1,3.9,5.7,5.7,5.6,68.2
447,B,0,0,6.5,6.3,7.1,7.3,45.3
447,C,0,0,5.0,6.6,7.9,5.0,40.8
447,D,0,0,6.0,6.2,8.7,9.4,50.5
448,A,1,1,6.5,4.5,7.3,9.7,80.0
448,B,0,1,6.3,6.9,8.4,6.7,63.8
448,C,1,1,6.5,4.3,10,4.9,76.2
448,D,1,0,4.5,8.1,7.7,7.6,63.2
449,A,0,1,5.8,5.6,7.0,7.8,60.3
449,B,1,0,6.8,7.6,8.2,5.5,63.5
449,C,0,0,6.3,7.4,6.9,5.7,43.8
449,D,1,1,7.3,6.2,6.1,6.1,76.2
450,A,1,0,6.1,5.4,5.4,8.2,58.5
450,B,1,1,5.1,6.9,7.6,7.0,77.7
450,C,1,1,6.5,4.3,7.1,7.1,75.0
450,D,1,1,7.4,9.2,6.6,8.0,85.3
451,A,0,1,5.7,4.6,6.4,8.7,59.0
451,B,0,0,7.7,9.7,7.3,7.5,53.7
451,C,1,1,6.0,6.8,7.5,7.7,80.0
451,D,1,1,8.3,6.1,8.5,8.0,84.8
452,A,1,0,5.7,3.0,3.1,5.4,45.3
452,B,1,0,6.8,7.8,10.0,4.6,65.3
452,C,1,0,8.0,7.2,8.7,6.9,68.0
452,D,0,1,9.3,6.2,8.2,8.9,71.0
453,A,1,0,6.7,8.1,4.4,6.6,59.7
453,B,1,1,6.0,7.0,5.2,9.1,78.8
453,C,0,1,7.4,5.0,7.3,5.2,58.2
453,D,1,0,8.6,6.3,8.9,7.0,68.0
454,A,1,0,6.3,5.8,6.0,7.2,58.8
454,B,1,1,9.0,7.5,9.2,6.1,86.3
454,C,0,1,8.1,5.5,8.6,6.0,63.7
454,D,1,1,6.5,9.3,8.7,5.8,83.8
455,A,1,0,4.7,5.8,4.9,7.7,55.2
455,B,0,1,5.4,9.2,7.2,7.3,65.2
455,C,1,0,7.0,9.4,5.8,5.1,62.2
455,D,1,0,6.7,7.0,10,8.5,70.3
456,A,1,1,6.7,4.9,5.6,7.1,73.8
456,B,1,0,6.6,7.4,6.7,6.8,62.5
456,C,1,1,6.2,5.9,9.4,5.7,78.7
456,D,1,1,7.4,9.8,7.8,5.9,84.8
457,A,0,1,4.7,6.0,7.0,5.4,55.2
457,B,1,1,7.1,6.8,9.3,7.8,85.0
457,C,0,0,6.6,6.6,6.8,6.2,43.7
457,D,1,1,8.7,6.0,7.5,6.5,81.2
458,A,0,1,4.6,5.1,8.1,7.4,58.7
458,B,1,0,7.7,7.5,6.9,6.9,65.0
458,C,1,0,7.6,7.8,7.2,5.7,63.8
458,D,0,1,6.8,6.1,8.7,8.1,66.2
459,A,1,0,7.0,3.2,7.9,9.2,62.2
459,B,1,0,7.9,7.5,6.2,6.7,63.8
459,C,1,1,9.2,5.2,7.6,7.9,83.2
459,D,1,0,7.6,7.2,8.0,9.7,70.8
460,A,0,1,4.9,3.9,4.7,8.1,52.7
460,B,0,0,5.2,7.1,7.3,9.1,47.8
460,C,1,1,7.5,7.9,7.0,7.0,82.3
460,D,1,0,7.1,4.5,9.4,5.2,60.3
461,A,1,0,6.6,5.7,6.0,7.3,59.3
461,B,1,0,8.3,7.0,8.2,5.2,64.5
461,C,1,0,8.1,6.4,9.5,6.9,68.2
461,D,1,1,9.3,6.8,9.6,6.4,86.8
462,A,1,0,5.4,6.0,6.5,10,63.2
462,B,1,0,4.8,9.1,6.0,7.4,62.2
462,C,1,1,6.1,7.1,9.9,6.3,82.3
462,D,0,1,6.8,9.7,9.1,4.4,66.7
463,A,0,0,5.2,6.3,4.0,8.5,40.0
463,B,1,0,6.2,7.0,9.1,5.9,63.7
463,C,0,0,8.4,6.7,5.9,6.9,46.5
463,D,1,1,8.8,9.1,7.9,5.4,85.3
464,A,0,1,4.8,5.6,6.4,6.4,55.3
464,B,0,1,7.0,7.4,7.4,5.2,61.7
464,C,1,0,5.5,5.9,7.6,7.6,61.0
464,D,0,1,7.0,7.3,7.5,8.1,66.5
465,A,0,0,3.4,4.3,4.3,4.2,27.0
465,B,1,0,6.8,8.4,9.2,8.2,71.0
465,C,0,1,6.7,5.8,7.1,5.3,58.2
465,D,0,1,7.5,8.8,7.5,8.9,71.2
466,A,1,1,7.4,5.6,6.0,6.6,76.0
466,B,0,1,4.5,6.0,7.1,6.1,56.2
466,C,1,0,7.4,6.8,10,6.8,68.3
466,D,1,1,8.8,7.2,10,7.1,88.5
467,A,1,0,7.1,5.1,6.1,7.7,60.0
467,B,0,0,7.0,9.3,7.6,6.3,50.3
467,C,0,0,9.3,6.5,5.8,4.7,43.8
467,D,1,1,7.9,6.0,9.7,7.0,84.3
468,A,1,0,5.8,3.9,6.4,8.9,58.3
468,B,0,1,6.6,6.6,6.0,5.9,58.5
468,C,0,0,6.4,4.9,7.1,5.7,40.2
468,D,0,0,7.2,7.5,9.1,7.4,52.0
469,A,0,1,6.2,5.5,6.1,6.3,56.8
469,B,1,0,4.9,6.3,9.9,7.8,64.8
469,C,0,1,7.8,6.2,9.9,8.8,71.2
469,D,1,0,8.2,7.2,7.7,8.0,68.5
470,A,0,0,6.3,3.1,3.6,8.3,35.5
470,B,1,0,7.2,7.2,5.8,6.0,60.3
470,C,0,0,9.4,4.9,7.6,7.8,49.5
470,D,1,1,8.8,4.8,7.9,7.3,81.3
471,A,1,1,5.5,4.5,4.8,7.2,70.0
471,B,1,1,5.6,6.2,6.2,6.0,73.3
471,C,0,0,7.0,5.1,8.9,6.3,45.5
471,D,1,0,8.8,4.8,8.0,6.9,64.2
472,A,1,0,6.7,5.5,6.7,6.7,59.3
472,B,1,1,6.5,8.0,10,5.6,83.5
472,C,1,0,5.8,7.5,8.8,6.0,63.5
472,D,1,0,8.5,5.5,6.7,5.7,60.7
473,A,1,1,6.3,5.5,5.8,6.4,73.3
473,B,1,1,7.7,5.6,8.1,7.9,82.2
473,C,1,0,7.4,5.7,6.6,8.7,64.0
473,D,1,1,7.1,7.4,7.3,6.8,81.0
474,A,1,1,4.9,5.2,4.9,7.4,70.7
474,B,1,0,6.1,7.3,6.2,8.0,62.7
474,C,1,1,5.8,8.7,6.7,5.4,77.7
474,D,1,1,7.1,6.5,7.8,6.5,79.8
475,A,1,0,6.8,4.3,6.9,8.8,61.3
475,B,1,0,6.6,6.6,6.6,7.6,62.3
475,C,1,1,6.2,7.1,9.3,8.3,84.8
475,D,1,1,6.8,8.5,7.4,7.0,82.8
476,A,1,0,4.2,7.5,5.3,6.8,56.3
476,B,1,0,7.0,6.2,6.8,7.0,61.7
476,C,0,1,8.2,6.3,9.1,6.3,66.5
476,D,0,1,9.1,8.0,7.9,7.1,70.2
477,A,0,0,3.8,3.4,4.2,6.0,29.0
477,B,1,1,5.1,7.0,6.5,6.7,75.5
477,C,0,0,9.2,8.1,9.5,4.5,52.2
477,D,1,0,7.4,7.1,7.5,7.3,65.5
478,A,1,0,6.1,4.9,7.8,8.5,62.2
478,B,1,0,7.2,6.6,6.1,6.4,60.5
478,C,1,0,9.0,4.8,8.6,6.5,64.8
478,D,1,0,9.0,7.9,7.7,7.2,69.7
479,A,0,0,6.9,4.9,6.9,7.0,42.8
479,B,1,1,7.2,8.3,8.5,5.9,83.2
479,C,1,0,7.7,7.8,7.5,6.0,65.0
479,D,1,1,7.1,9.1,6.3,5.7,80.3
480,A,1,1,5.5,4.1,5.1,7.4,70.2
480,B,1,1,7.3,8.1,6.3,5.5,78.7
480,C,0,1,8.0,3.7,8.1,6.1,59.8
480,D,1,0,6.6,8.6,7.2,9.0,69.0
481,A,1,0,5.4,5.4,6.1,6.4,55.5
481,B,1,0,7.5,10,6.7,6.5,67.8
481,C,1,0,6.1,6.8,6.3,6.6,59.7
481,D,1,1,7.9,7.0,9.0,8.6,87.5
482,A,1,0,4.7,3.6,6.0,5.9,50.3
482,B,1,0,6.2,7.8,6.2,8.2,64.0
482,C,1,1,5.9,6.6,5.7,7.5,76.2
482,D,1,1,9.4,7.5,6.0,8.0,84.8
483,A,1,1,5.7,6.4,4.9,7.5,74.2
483,B,0,1,8.6,9.0,7.6,7.3,70.8
483,C,1,1,6.5,6.6,6.6,6.4,76.8
483,D,1,1,7.1,7.4,10,7.2,86.2
484,A,1,1,6.2,4.0,6.8,9.1,76.8
484,B,0,0,9.2,8.0,8.4,7.2,54.7
484,C,1,0,7.6,8.2,7.7,6.2,66.2
484,D,1,1,7.1,6.1,8.6,8.3,83.5
485,A,1,0,4.8,4.8,5.9,9.3,58.0
485,B,1,1,7.9,7.2,5.8,7.6,80.8
485,C,1,1,9.5,6.7,8.0,8.9,88.5
485,D,0,1,6.3,7.2,6.6,7.6,62.8
486,A,1,0,5.4,4.6,5.5,7.8,55.5
486,B,0,0,6.1,8.0,7.8,7.1,48.3
486,C,1,0,7.3,7.3,5.6,5.9,60.2
486,D,0,0,7.1,7.3,7.3,5.7,45.7
487,A,1,0,5.3,5.2,6.7,8.1,58.8
487,B,1,1,9.4,7.4,6.6,6.5,83.2
487,C,1,1,7.1,5.2,6.0,7.7,76.7
487,D,0,0,5.7,4.7,9.1,5.8,42.2
488,A,1,1,5.7,4.8,6.0,4.3,68.0
488,B,1,1,7.1,6.3,9.5,5.2,80.2
488,C,0,0,8.4,5.0,5.4,6.1,41.5
488,D,1,0,8.2,7.9,9.7,9.1,74.8
489,A,1,0,4.8,7.3,5.6,8.7,60.7
489,B,1,1,7.0,6.2,6.3,9.1,81.0
489,C,0,0,9.1,6.0,9.9,5.8,51.3
489,D,1,0,7.2,8.1,7.1,7.8,67.0
490,A,1,0,5.4,5.3,6.8,8.3,59.7
490,B,1,1,5.6,8.6,6.2,6.0,77.3
490,C,0,1,6.5,5.5,9.1,5.6,61.2
490,D,1,1,5.9,7.9,8.2,5.7,79.5
491,A,0,0,2.8,5.1,6.9,7.1,36.5
491,B,1,1,4.3,8.6,7.3,7.1,78.8
491,C,0,0,7.2,8.0,4.7,6.5,44.0
491,D,0,1,8.0,8.0,9.8,5.7,69.2
492,A,1,1,5.6,5.0,5.3,7.9,73.0
492,B,1,1,7.8,6.2,6.1,8.8,81.5
492,C,1,0,8.2,5.9,6.7,7.5,63.8
492,D,1,0,7.9,8.5,10,7.3,72.8
493,A,1,0,3.4,7.8,6.3,7.3,58.0
493,B,1,0,8.1,7.9,7.0,6.3,65.5
493,C,0,0,8.5,4.9,5.9,6.8,43.5
493,D,1,1,6.7,6.0,9.0,7.6,82.2
494,A,0,0,6.1,5.3,7.7,9.2,47.2
494,B,1,0,5.7,10,8.1,8.7,70.8
494,C,0,0,10,4.3,7.9,8.0,50.3
494,D,0,0,8.6,7.6,7.6,8.3,53.5
495,A,0,0,3.1,6.0,5.7,8.7,39.2
495,B,1,1,6.4,8.5,7.7,6.8,82.3
495,C,1,1,6.5,5.9,9.1,5.1,77.7
495,D,1,0,4.1,8.5,9.3,5.4,62.2
496,A,1,1,5.9,4.1,5.5,9.5,75.0
496,B,1,0,4.5,8.2,6.0,8.7,62.3
496,C,1,0,7.7,5.6,10.0,7.2,67.5
496,D,1,0,6.5,7.5,5.5,7.5,61.7
497,A,1,0,6.7,5.0,4.2,7.4,55.5
497,B,1,1,8.5,7.0,6.3,6.0,79.7
497,C,1,1,5.7,7.3,6.2,6.1,75.5
497,D,0,1,9.7,9.0,9.0,6.4,73.5
498,A,1,0,7.2,6.1,4.7,8.9,61.5
498,B,1,1,7.3,5.9,7.1,8.6,81.5
498,C,1,1,7.6,6.5,7.1,7.9,81.8
498,D,1,1,9.5,8.9,6.8,6.1,85.5
499,A,0,0,7.2,7.0,5.0,6.6,43.0
499,B,1,1,8.4,4.9,6.9,6.3,77.5
499,C,1,0,7.9,5.2,7.7,5.9,61.2
499,D,1,1,9.1,6.9,8.1,6.8,84.8
500,A,1,1,7.3,3.4,6.1,7.4,73.7
500,B,1,1,8.6,7.9,6.9,6.9,83.8
500,C,1,0,8.1,5.8,8.0,5.6,62.5
500,D,1,0,6.2,7.4,9.1,8.9,69.3
501,A,1,0,3.9,4.6,5.3,6.5,50.5
501,B,1,0,8.4,8.8,7.0,7.2,69.0
501,C,1,0,7.5,6.5,7.5,6.1,62.7
501,D,0,0,10,9.0,8.9,8.7,61.0
502,A,0,1,6.0,5.2,6.1,6.8,56.8
502,B,1,0,5.0,8.2,7.7,5.4,60.5
502,C,1,0,6.6,5.8,7.9,6.6,61.5
502,D,1,1,8.0,8.7,8.1,7.2,86.7
503,A,0,0,4.0,4.4,3.6,6.0,30.0
503,B,1,1,4.9,8.6,6.8,5.0,75.5
503,C,0,1,6.9,8.7,7.2,7.9,67.8
503,D,0,0,7.8,6.5,7.8,7.4,49.2
504,A,1,1,4.5,5.6,6.2,6.9,72.0
504,B,1,0,6.1,5.2,6.1,6.8,57.0
504,C,1,1,8.7,4.0,7.4,6.5,77.7
504,D,1,1,7.1,7.0,8.0,9.7,86.3
505,A,1,0,5.4,7.7,5.3,6.7,58.5
505,B,1,0,7.6,7.7,8.3,7.2,68.0
505,C,1,1,8.1,5.4,7.9,7.7,81.8
505,D,0,0,7.2,7.8,8.2,7.8,51.7
506,A,1,0,5.9,4.3,4.8,9.6,57.7
506,B,1,1,8.2,6.2,6.9,7.2,80.8
506,C,0,0,6.5,5.1,6.7,7.2,42.5
506,D,1,0,7.8,6.8,10,5.4,66.7
507,A,1,1,6.0,6.3,6.8,8.6,79.5
507,B,1,0,9.1,7.0,7.5,5.5,65.2
507,C,1,0,7.4,7.0,7.4,5.6,62.3
507,D,0,1,6.2,7.8,9.3,6.4,66.2
508,A,0,1,9.3,6.5,6.5,10.0,70.5
508,B,1,0,10,7.3,5.2,7.0,65.8
508,C,0,0,7.3,4.3,8.3,4.9,41.3
508,D,0,1,7.6,7.9,10,6.3,69.7
509,A,1,1,5.9,5.4,7.1,8.6,78.3
509,B,1,0,6.8,7.4,8.7,4.8,62.8
509,C,1,0,7.4,5.1,8.9,5.8,62.0
509,D,0,1,8.1,7.7,9.0,6.8,69.3
510,A,0,1,6.0,6.5,6.3,7.7,60.8
510,B,1,1,4.8,7.0,8.8,8.3,81.5
510,C,1,0,8.3,5.9,5.8,8.0,63.3
510,D,1,1,9.0,6.0,7.1,5.2,78.8
511,A,0,1,7.9,3.1,4.4,7.6,55.0
511,B,1,1,6.9,7.0,7.9,8.1,83.2
511,C,1,0,5.7,6.6,7.4,5.1,58.0
511,D,1,0,7.7,7.2,8.9,7.9,69.5
512,A,1,0,6.2,6.4,5.2,5.9,56.2
512,B,1,1,5.8,7.1,6.0,5.4,73.8
512,C,0,0,6.5,6.8,10,6.9,50.3
512,D,1,1,8.3,7.6,10,7.4,88.8
513,A,0,0,6.2,4.2,10,10,50.7
513,B,1,1,6.4,7.2,5.7,5.4,74.5
513,C,1,0,7.5,5.0,10,4.4,61.5
513,D,1,0,8.3,8.2,7.8,7.0,68.8
514,A,1,0,7.1,7.3,4.9,6.9,60.3
514,B,1,1,6.7,8.1,7.2,7.4,82.3
514,C,1,1,6.3,5.8,8.8,6.1,78.3
514,D,1,0,8.6,8.2,8.1,8.3,72.0
515,A,0,0,8.2,4.5,7.1,8.4,47.0
515,B,1,1,10,7.8,7.0,6.7,85.8
515,C,1,0,6.7,5.9,7.2,5.7,59.2
515,D,0,1,8.8,7.3,6.9,6.1,65.2
516,A,1,1,5.7,6.1,5.0,7.7,74.2
516,B,1,1,5.7,9.3,7.2,4.4,77.7
516,C,1,0,5.3,7.5,7.5,6.6,61.5
516,D,1,1,7.0,7.0,9.2,6.7,83.2
517,A,1,0,4.8,4.9,6.5,9.8,60.0
517,B,0,0,6.5,6.4,6.8,5.8,42.5
517,C,0,0,6.5,5.3,7.5,5.8,41.8
517,D,1,1,9.9,5.9,10,8.3,90.2
518,A,1,1,6.6,3.9,6.2,8.1,74.7
518,B,1,1,10,9.4,8.8,6.4,91.0
518,C,1,0,7.8,7.9,6.8,4.9,62.3
518,D,0,0,9.8,7.9,9.7,6.6,56.7
519,A,1,1,6.3,5.1,6.1,8.6,76.8
519,B,0,1,8.3,5.8,9.5,6.9,67.5
519,C,1,1,5.4,6.5,6.7,5.5,73.5
519,D,1,0,6.5,6.9,9.7,7.0,66.8
520,A,1,0,7.4,5.7,5.9,6.1,58.5
520,B,1,1,6.7,9.2,5.8,7.8,82.5
520,C,1,0,6.0,7.8,8.3,5.8,63.2
520,D,1,0,7.6,9.8,8.0,5.8,68.7
521,A,1,1,4.0,4.6,8.6,9.1,77.2
521,B,0,0,8.0,9.2,6.3,5.2,47.8
521,C,1,0,7.5,5.9,7.1,5.5,60.0
521,D,0,1,9.3,5.1,8.6,7.9,68.2
522,A,1,0,5.9,5.4,5.0,10,60.5
522,B,1,1,6.0,7.4,7.1,6.2,77.8
522,C,1,1,7.3,6.9,5.8,4.9,74.8
522,D,1,1,7.3,9.2,9.3,6.2,86.7
523,A,1,0,4.8,3.7,3.2,10,52.8
523,B,1,0,6.2,7.3,6.2,6.6,60.5
523,C,0,1,7.8,5.9,8.9,5.9,64.2
523,D,1,0,7.5,8.3,7.3,7.5,67.7
524,A,1,0,6.0,5.0,6.1,6.7,56.3
524,B,1,1,4.9,9.4,8.6,7.4,83.8
524,C,1,1,9.3,5.6,9.0,6.6,84.2
524,D,1,1,7.3,8.1,7.2,5.5,80.2
525,A,1,0,7.0,5.0,4.6,5.6,53.7
525,B,1,0,7.4,7.9,7.8,9.7,71.3
525,C,1,0,6.5,4.2,8.2,6.7,59.3
525,D,0,1,5.6,9.0,10,5.4,66.7
526,A,1,0,5.3,6.4,5.8,7.3,58.0
526,B,1,1,8.2,10,7.7,5.6,85.8
526,C,1,0,8.6,8.0,8.3,9.4,73.8
526,D,1,1,10,7.4,8.3,7.6,88.8
527,A,1,0,3.6,6.8,6.9,6.9,57.0
527,B,0,0,5.5,5.9,5.8,7.3,40.8
527,C,1,0,6.3,4.2,6.9,6.6,56.7
527,D,1,0,6.8,6.8,6.4,6.2,60.3
528,A,1,1,8.8,6.2,6.5,8.0,82.5
528,B,1,0,7.1,8.2,7.6,7.0,66.5
528,C,1,1,7.3,6.3,6.6,7.6,79.7
528,D,1,1,8.5,6.4,8.1,6.5,82.5
529,A,1,0,6.0,5.5,4.9,6.7,55.2
529,B,0,0,6.6,8.2,7.0,4.2,43.3
529,C,1,0,8.5,6.7,8.3,5.6,65.2
529,D,1,1,7.8,6.6,8.2,6.1,81.2
530,A,1,1,8.4,6.2,7.0,7.7,82.2
530,B,1,1,4.0,8.7,7.5,6.8,78.3
530,C,0,1,6.1,7.1,9.1,7.3,66.0
530,D,1,0,7.7,5.5,8.5,7.1,64.7
531,A,0,1,7.1,4.5,7.1,8.1,61.3
531,B,1,1,7.8,6.6,7.0,9.2,84.3
531,C,1,0,6.1,5.3,8.8,8.7,64.8
531,D,0,1,8.1,8.1,8.4,8.4,71.7
532,A,1,1,6.7,4.6,5.5,8.1,74.8
532,B,0,0,7.0,7.5,8.2,7.7,50.7
532,C,1,0,8.8,5.9,6.5,6.0,62.0
532,D,1,1,6.6,8.3,9.4,6.7,85.0
533,A,0,0,7.8,6.2,7.0,7.6,47.7
533,B,1,1,7.3,8.1,7.5,6.6,82.5
533,C,0,1,9.9,7.7,4.9,5.0,62.5
533,D,1,1,7.6,7.1,8.7,5.6,81.7
534,A,0,1,6.5,7.6,7.4,8.3,66.3
534,B,1,0,7.0,8.4,6.8,6.6,64.7
534,C,1,0,5.5,5.4,7.9,6.1,58.2
534,D,1,1,9.9,6.1,7.4,6.7,83.5
535,A,0,0,6.2,4.8,6.3,7.2,40.8
535,B,1,0,8.5,7.2,8.1,8.0,69.7
535,C,1,0,6.3,7.0,7.1,6.1,60.8
535,D,1,0,6.9,6.2,8.0,5.8,61.5
536,A,1,1,7.8,5.4,6.9,5.4,75.8
536,B,1,1,7.4,7.6,5.1,5.6,76.2
536,C,1,0,7.4,6.5,8.0,7.5,65.7
536,D,1,1,6.8,6.9,9.7,4.7,80.2
537,A,1,0,5.3,6.4,6.2,6.5,57.3
537,B,1,0,8.3,8.2,8.1,8.2,71.3
537,C,1,1,5.0,6.3,8.8,6.4,77.5
537,D,0,0,8.0,7.7,8.9,6.5,51.8
538,A,0,1,5.8,2.9,5.5,9.2,55.7
538,B,1,0,6.9,6.0,10,8.3,68.7
538,C,1,1,7.0,4.6,5.0,6.3,71.5
538,D,1,1,6.6,7.0,6.8,5.3,76.2
539,A,1,1,5.8,5.3,6.5,8.0,76.0
539,B,1,1,6.9,8.1,8.6,6.2,83.0
539,C,1,1,7.9,8.2,6.1,6.6,81.3
539,D,1,1,8.9,6.4,8.5,8.2,86.7
540,A,1,1,5.4,7.4,6.1,6.9,76.3
540,B,1,0,7.9,7.9,5.9,6.8,64.2
540,C,0,1,5.4,6.1,8.1,4.7,57.2
540,D,0,1,6.7,6.8,7.7,9.3,67.5
541,A,1,0,4.3,4.4,6.7,8.1,55.8
541,B,1,0,9.1,8.2,8.9,6.1,70.5
541,C,0,0,7.0,5.4,8.0,6.8,45.3
541,D,1,0,7.7,8.9,8.6,7.4,71.0
542,A,0,0,7.7,3.4,4.8,7.1,38.3
542,B,1,1,6.3,8.4,7.2,8.6,84.2
542,C,1,0,5.7,7.8,9.1,5.8,64.0
542,D,1,1,8.2,8.9,6.0,5.5,81.0
543,A,1,0,7.0,6.7,5.8,8.7,63.7
543,B,0,0,7.7,5.9,5.6,5.3,40.8
543,C,1,1,5.8,4.8,8.4,7.4,77.3
543,D,1,1,10,6.6,7.3,7.9,86.3
544,A,0,1,8.2,3.7,6.2,8.2,60.5
544,B,0,0,6.4,7.7,5.3,5.6,41.7
544,C,1,0,6.8,7.3,8.1,5.8,63.3
544,D,1,1,5.4,4.5,6.4,8.3,74.3
545,A,0,1,4.5,3.6,6.0,8.4,54.2
545,B,1,1,6.2,6.4,5.4,8.2,77.0
545,C,1,1,8.6,7.0,8.4,6.3,83.8
545,D,1,0,7.1,5.5,6.7,3.9,55.3
546,A,1,0,3.9,5.2,5.3,9.6,56.7
546,B,1,1,6.9,6.5,8.2,6.2,79.7
546,C,1,0,8.3,6.3,10,7.8,70.7
546,D,0,1,7.9,7.4,6.3,8.4,66.7
547,A,1,1,4.2,6.0,4.9,7.4,70.8
547,B,1,1,5.5,7.3,7.9,7.4,80.2
547,C,1,1,7.9,6.3,6.7,6.3,78.7
547,D,1,0,8.9,6.9,5.5,5.8,61.8
548,A,1,1,6.1,6.1,6.2,8.2,77.7
548,B,1,1,7.5,8.9,6.0,8.8,85.3
548,C,0,1,5.9,6.1,9.1,6.9,63.3
548,D,1,1,7.6,8.7,7.0,7.5,84.7
549,A,1,1,4.4,4.5,5.4,8.1,70.7
549,B,1,1,6.3,8.0,5.3,6.0,76.0
549,C,0,0,6.8,8.8,7.8,6.0,49.0
549,D,0,1,5.6,8.7,9.4,8.0,69.5
550,A,1,0,6.2,3.2,5.1,7.7,53.7
550,B,1,1,6.7,6.6,6.1,6.3,76.2
550,C,0,1,5.6,6.6,7.1,6.8,60.2
550,D,1,1,6.9,5.3,8.1,8.4,81.2
551,A,0,1,7.0,8.0,5.3,6.3,61.0
551,B,1,0,7.0,7.0,7.6,7.0,64.3
551,C,1,0,6.6,6.1,7.0,5.5,58.7
551,D,1,1,6.0,6.6,9.7,6.7,81.7
552,A,1,1,5.7,3.0,5.1,7.2,68.3
552,B,1,1,5.9,7.1,9.6,7.4,83.3
552,C,0,0,7.2,7.1,9.5,3.3,45.2
552,D,1,0,7.2,6.4,10,6.2,66.3
553,A,0,0,6.9,5.9,5.8,9.5,46.8
553,B,1,0,7.2,7.7,8.5,7.2,67.7
553,C,1,1,7.9,2.0,5.9,7.3,71.8
553,D,1,1,7.6,5.9,8.8,9.1,85.7
554,A,1,1,8.5,4.6,7.5,6.9,79.2
554,B,1,0,5.5,9.0,7.3,8.0,66.3
554,C,1,0,7.5,2.7,7.5,8.5,60.3
554,D,0,0,6.1,6.2,10,7.0,48.8
555,A,1,0,4.2,7.0,4.9,7.7,56.3
555,B,1,0,4.3,7.0,6.1,7.2,57.7
555,C,0,0,4.7,6.1,9.2,6.3,43.8
555,D,1,0,7.6,9.9,8.7,5.6,69.7
556,A,1,1,3.7,4.5,3.8,8.1,66.8
556,B,1,1,6.9,7.8,9.3,7.9,86.5
556,C,0,0,8.7,8.3,8.5,6.0,52.5
556,D,1,0,8.5,8.4,9.3,6.0,70.3
557,A,0,1,5.8,5.6,3.6,6.9,53.2
557,B,1,1,5.0,6.3,6.6,7.3,75.3
557,C,0,1,8.5,5.7,8.1,3.0,58.8
557,D,0,1,8.6,7.7,4.9,6.8,63.3
558,A,1,1,6.5,3.7,6.1,7.0,72.2
558,B,1,0,5.2,9.3,8.4,7.6,67.5
558,C,1,0,7.6,5.2,7.4,5.8,60.0
558,D,1,0,7.7,10,6.4,5.8,66.5
559,A,0,0,6.3,6.8,4.7,6.7,40.8
559,B,0,1,7.8,9.4,7.7,6.8,69.5
559,C,1,1,7.1,7.3,7.6,5.3,78.8
559,D,1,0,9.2,7.6,8.7,5.6,68.5
560,A,1,1,7.2,5.1,5.9,8.0,77.0
560,B,1,0,8.9,7.5,7.3,4.4,63.5
560,C,1,0,7.9,6.1,8.0,7.6,66.0
560,D,0,0,6.3,7.7,9.4,9.4,54.7
561,A,0,0,6.0,6.3,7.4,6.7,44.0
561,B,1,1,7.2,4.6,6.9,8.3,78.3
561,C,1,0,7.6,4.3,7.4,8.6,63.2
561,D,1,1,8.2,5.6,10,9.2,88.3
562,A,0,0,5.7,5.9,7.7,5.6,41.5
562,B,1,0,6.8,8.8,6.2,7.3,65.2
562,C,0,0,6.4,8.0,9.1,6.8,50.5
562,D,0,1,9.0,7.3,7.2,8.2,69.5
563,A,1,1,4.6,5.6,5.7,9.9,76.3
563,B,1,1,7.8,7.9,6.9,7.6,83.7
563,C,1,1,5.5,4.5,7.2,7.7,74.8
563,D,1,0,6.1,8.5,6.9,8.1,66.0
564,A,1,1,5.7,3.3,5.2,8.0,70.3
564,B,0,1,7.3,7.9,7.9,5.5,64.3
564,C,1,0,9.4,5.6,6.4,6.3,62.8
564,D,1,0,8.0,7.7,7.0,6.0,64.5
565,A,0,0,6.3,6.4,5.9,10.0,47.7
565,B,1,1,5.7,4.8,5.1,5.2,68.0
565,C,0,0,8.2,4.9,5.3,7.5,43.2
565,D,1,0,9.3,7.2,8.4,7.0,69.8
566,A,1,1,7.3,4.1,5.3,8.6,75.5
566,B,1,1,9.5,5.4,7.2,6.8,81.5
566,C,0,0,5.4,7.1,8.2,6.8,45.8
566,D,1,1,6.0,5.6,6.1,5.1,71.3
567,A,0,0,6.6,5.1,4.1,7.2,38.3
567,B,0,1,7.7,7.6,8.3,6.3,66.5
567,C,0,1,6.4,4.7,9.2,3.3,56.0
567,D,1,1,8.5,7.0,8.0,8.3,86.3
568,A,0,1,3.7,4.5,7.4,6.1,52.8
568,B,1,0,7.1,6.9,6.1,5.9,60.0
568,C,0,1,7.4,4.7,5.9,6.7,57.8
568,D,1,0,10,7.1,5.8,8.5,69.0
569,A,0,0,5.5,2.7,4.7,4.8,29.5
569,B,1,0,7.6,6.5,6.7,7.3,63.5
569,C,1,1,5.1,7.4,10,7.4,83.2
569,D,1,1,8.2,7.2,7.4,8.1,84.8
570,A,1,0,6.5,6.9,4.4,8.1,59.8
570,B,1,0,7.6,6.8,8.7,5.8,64.8
570,C,0,1,8.5,7.2,8.1,4.6,64.0
570,D,1,0,7.7,8.9,9.6,6.5,71.2
571,A,1,0,7.3,5.3,7.2,5.6,59.0
571,B,1,0,6.2,6.9,6.1,6.1,58.8
571,C,1,0,9.1,5.4,7.8,7.0,65.5
571,D,0,0,7.5,6.2,7.4,7.5,47.7
572,A,1,1,6.2,5.9,6.5,6.2,74.7
572,B,1,1,5.2,7.4,8.0,7.7,80.5
572,C,0,0,5.8,6.6,9.0,6.8,47.0
572,D,1,0,6.7,7.1,7.8,6.6,63.7
573,A,1,0,6.9,2.9,5.3,7.8,54.8
573,B,1,0,6.6,7.7,7.2,6.4,63.2
573,C,0,0,6.4,6.5,7.0,5.0,41.5
573,D,1,0,7.6,7.4,6.5,6.7,63.7
574,A,1,1,7.0,4.1,6.2,6.2,72.5
574,B,0,1,6.2,6.9,7.2,5.8,60.2
574,C,1,1,9.0,7.2,8.4,5.6,83.7
574,D,0,0,7.1,5.1,8.7,8.2,48.5
575,A,1,1,7.6,5.5,5.9,8.9,79.8
575,B,1,0,7.2,10,6.2,8.5,69.8
575,C,1,1,8.5,8.1,6.6,9.2,87.3
575,D,1,0,6.0,8.5,9.1,6.5,66.8
576,A,1,0,6.1,3.2,5.1,7.8,53.7
576,B,1,0,6.8,5.9,6.9,6.3,59.8
576,C,1,0,8.0,5.4,9.7,7.2,67.2
576,D,1,1,6.5,9.2,9.9,7.4,88.3
577,A,1,1,7.0,6.9,5.6,5.6,75.2
577,B,1,1,8.0,10,7.8,7.2,88.3
577,C,0,1,6.3,7.4,7.9,5.1,61.2
577,D,1,1,6.8,9.2,6.8,6.6,82.3
578,A,1,1,5.7,3.7,5.6,9.3,73.8
578,B,1,0,7.6,4.3,6.3,7.8,60.0
578,C,0,1,8.7,7.1,10,8.8,74.3
578,D,1,1,6.8,7.8,8.0,9.6,87.0
579,A,0,0,7.1,5.1,5.0,8.3,42.5
579,B,0,0,6.3,7.0,8.7,5.8,46.3
579,C,0,0,9.5,6.3,8.7,6.8,52.2
579,D,1,1,7.6,7.9,7.0,8.0,84.2
580,A,1,0,5.9,2.9,3.7,8.4,51.5
580,B,1,1,8.1,6.7,8.0,5.6,80.7
580,C,0,0,6.8,5.8,6.0,3.7,37.2
580,D,1,1,10,6.8,9.6,8.9,92.2
581,A,0,0,7.6,3.7,5.7,7.6,41.0
581,B,1,0,5.1,5.3,7.1,5.6,55.2
581,C,0,0,3.8,7.2,8.8,8.0,46.3
581,D,0,1,7.4,6.7,9.3,6.6,66.7
582,A,0,1,7.2,5.6,5.0,8.3,60.2
582,B,1,1,7.5,7.9,7.5,7.2,83.5
582,C,1,0,7.6,7.8,8.2,5.5,65.2
582,D,1,0,8.2,6.9,8.5,9.3,71.5
583,A,0,0,7.9,7.2,5.0,7.8,46.5
583,B,0,0,6.7,9.8,9.8,7.0,55.5
583,C,0,1,6.2,6.5,7.1,7.8,62.7
583,D,1,0,9.1,6.4,8.7,5.9,66.8
584,A,0,0,6.7,6.4,5.9,6.9,43.2
584,B,1,0,9.0,6.0,7.4,7.1,65.8
584,C,1,1,8.6,6.8,7.0,8.2,84.3
584,D,1,0,6.4,9.2,8.8,5.7,66.8
585,A,1,1,6.9,6.0,7.1,5.9,76.5
585,B,0,0,6.5,6.1,6.6,8.1,45.5
585,C,1,0,9.3,7.6,9.3,7.4,72.7
585,D,1,0,8.9,5.0,6.8,8.1,64.7
586,A,0,0,5.5,4.6,4.9,8.4,39.0
586,B,0,0,8.5,8.3,7.3,7.3,52.3
586,C,1,0,7.6,4.7,3.3,7.2,54.7
586,D,1,1,6.0,7.0,9.2,6.4,81.0
587,A,0,1,3.7,3.7,7.2,6.2,51.3
587,B,1,1,7.8,10,7.8,4.5,83.5
587,C,1,1,9.0,5.4,8.5,5.7,81.0
587,D,1,0,7.9,7.4,7.5,7.8,67.7
588,A,1,0,6.7,5.3,5.1,7.9,58.3
588,B,1,1,7.2,8.1,7.5,6.2,81.7
588,C,1,0,8.0,7.1,6.6,5.6,62.2
588,D,1,0,7.6,4.2,8.7,7.2,62.8
589,A,1,1,5.4,5.7,8.6,8.7,80.7
589,B,1,0,6.3,7.2,7.7,7.1,63.8
589,C,0,1,6.7,7.8,9.7,8.3,70.8
589,D,1,1,5.9,5.1,7.9,6.7,76.0
590,A,1,1,8.8,6.5,7.1,8.9,85.5
590,B,1,0,6.8,6.9,8.0,5.9,62.7
590,C,0,0,7.0,9.4,7.3,8.3,53.3
590,D,1,0,7.5,5.9,6.1,6.8,60.5
591,A,0,0,7.1,5.8,7.0,8.1,46.7
591,B,1,1,5.3,6.8,7.8,6.2,76.8
591,C,1,1,8.5,5.2,9.7,6.8,83.7
591,D,0,1,7.9,9.3,7.4,7.4,70.0
592,A,0,0,6.9,4.4,4.6,6.8,37.8
592,B,1,1,7.2,7.4,8.5,5.3,80.7
592,C,0,0,7.5,7.2,9.6,5.3,49.3
592,D,1,1,7.4,6.5,9.5,7.3,84.5
593,A,1,1,7.0,3.2,5.9,7.2,72.2
593,B,0,1,6.7,6.3,7.7,7.5,63.7
593,C,1,0,7.2,5.9,8.0,6.3,62.3
593,D,1,1,6.1,9.8,8.1,8.3,87.2
594,A,0,1,4.9,3.6,5.1,6.4,50.0
594,B,1,1,8.0,7.2,7.1,5.7,80.0
594,C,1,0,7.3,6.1,7.4,5.8,61.0
594,D,0,1,6.3,7.9,10,9.7,73.2
595,A,0,0,5.8,5.3,6.7,7.4,42.0
595,B,1,0,6.6,7.5,6.7,6.8,62.7
595,C,1,1,5.7,5.8,7.9,5.5,74.8
595,D,1,1,7.5,7.6,7.9,8.1,85.2
596,A,1,1,7.5,7.1,7.1,9.3,85.0
596,B,1,1,9.4,8.0,5.5,6.6,82.5
596,C,1,0,6.4,4.8,7.5,5.6,57.2
596,D,0,0,7.0,6.4,7.4,6.9,46.2
597,A,0,0,7.4,6.4,3.5,4.9,37.0
597,B,1,1,8.1,5.1,5.2,4.8,72.0
597,C,1,0,8.4,5.9,8.6,6.2,65.2
597,D,0,0,7.5,4.8,7.2,8.6,46.8
598,A,0,0,6.3,4.3,6.4,7.0,40.0
598,B,1,0,6.1,8.6,9.4,8.1,70.3
598,C,1,1,7.6,4.4,7.6,5.1,74.5
598,D,1,1,9.0,7.3,8.3,6.5,85.2
599,A,1,0,4.5,5.5,4.5,6.8,52.2
599,B,1,0,8.1,8.0,7.3,9.9,72.2
599,C,0,1,7.0,6.1,7.5,6.1,61.2
599,D,1,1,9.5,7.8,10,6.4,89.5
600,A,1,1,6.8,5.7,5.8,9.0,78.8
600,B,1,1,7.1,6.6,5.6,5.7,75.0
600,C,1,1,7.6,6.6,6.2,3.0,72.3
600,D,1,0,8.5,7.5,7.0,7.3,67.2
601,A,1,0,6.5,3.5,7.8,8.5,60.5
601,B,1,0,8.6,8.8,7.6,7.7,71.2
601,C,1,0,7.7,5.9,9.6,8.3,69.2
601,D,1,1,6.5,9.0,8.2,8.3,86.7
602,A,0,1,7.2,6.9,6.6,7.4,63.5
602,B,1,0,7.7,7.9,7.5,7.5,67.7
602,C,1,1,10.0,6.8,7.9,6.1,84.7
602,D,1,0,6.0,5.6,9.4,8.2,65.3
603,A,1,0,4.3,5.0,6.7,6.1,53.5
603,B,1,0,6.4,5.7,6.8,7.4,60.5
603,C,1,0,6.7,7.3,7.7,4.4,60.2
603,D,1,1,7.0,7.5,9.5,5.2,82.0
604,A,1,0,4.1,6.8,5.5,7.8,57.0
604,B,1,1,7.3,7.5,7.7,7.8,83.8
604,C,1,0,6.7,4.6,9.0,5.9,60.3
604,D,1,1,6.2,7.5,7.0,7.6,80.5
605,A,0,0,5.3,3.0,5.3,7.1,34.5
605,B,1,1,7.9,9.4,8.4,6.9,87.7
605,C,1,0,7.4,6.5,7.5,5.6,61.7
605,D,1,1,6.5,7.2,8.4,7.9,83.3
606,A,1,0,9.1,4.6,6.2,9.8,66.2
606,B,1,1,5.0,9.2,7.8,8.6,84.3
606,C,0,0,7.5,6.7,10,7.2,52.3
606,D,1,1,8.8,8.9,7.9,8.4,90.0
607,A,1,0,4.5,5.9,3.8,5.8,50.0
607,B,1,1,7.1,8.3,8.2,5.6,82.0
607,C,1,0,7.8,6.8,8.4,6.6,66.0
607,D,0,0,6.6,8.2,10,5.9,51.2
608,A,1,1,4.3,1.8,4.1,6.4,61.0
608,B,1,0,8.8,7.0,6.8,7.2,66.3
608,C,0,0,7.4,4.3,8.3,5.5,42.5
608,D,1,1,5.6,9.2,8.0,5.4,80.3
609,A,1,0,5.7,7.6,6.5,8.7,64.2
609,B,1,0,7.7,8.0,7.6,7.2,67.5
609,C,1,1,8.5,7.1,6.6,4.1,77.2
609,D,1,1,8.6,5.6,9.0,6.8,83.3
610,A,0,1,5.0,4.8,6.2,7.1,55.2
610,B,1,0,6.5,6.4,7.9,8.2,65.0
610,C,1,1,7.6,6.5,8.6,4.9,79.3
610,D,1,0,6.0,7.1,8.6,8.7,67.3
611,A,1,0,6.2,4.6,8.0,10,64.7
611,B,1,0,6.5,9.8,6.4,7.3,66.7
611,C,1,1,9.5,4.4,8.3,6.9,81.8
611,D,1,1,6.7,7.0,7.9,10,86.0
612,A,1,1,4.9,3.5,8.6,6.0,71.7
612,B,1,1,7.2,7.8,9.1,5.6,82.8
612,C,0,1,8.5,3.4,10,5.8,62.8
612,D,1,0,6.0,7.3,6.7,7.2,62.0
613,A,0,0,7.3,2.7,8.3,9.3,46.0
613,B,1,0,7.8,5.7,7.5,7.9,64.8
613,C,1,0,7.4,4.7,7.8,3.4,55.5
613,D,1,0,5.3,9.2,9.7,8.1,70.5
614,A,1,0,3.2,6.6,8.0,9.4,62.0
614,B,0,1,7.6,7.2,5.7,7.5,63.3
614,C,1,0,10,4.6,8.7,6.5,66.3
614,D,1,0,8.0,7.2,10,6.9,70.2
615,A,1,1,6.6,5.9,7.8,7.5,79.7
615,B,1,0,6.7,9.1,5.7,7.2,64.5
615,C,1,0,5.4,5.8,7.6,6.7,59.2
615,D,0,1,9.4,5.1,5.9,8.0,64.0
616,A,0,0,7.3,5.4,5.4,7.5,42.7
616,B,1,1,7.7,10,9.1,7.4,90.3
616,C,0,0,6.4,6.4,8.6,7.0,47.3
616,D,1,1,6.3,7.7,8.7,7.2,83.2
617,A,0,0,5.9,5.6,6.6,7.7,43.0
617,B,1,1,5.3,6.9,5.6,6.9,74.5
617,C,1,1,6.0,9.9,9.3,5.4,84.3
617,D,1,0,10,6.5,9.9,3.8,67.0
618,A,1,1,6.7,5.6,6.3,10,81.0
618,B,1,0,6.9,10,8.0,7.8,71.2
618,C,0,1,5.7,6.1,9.7,4.6,60.2
618,D,1,1,6.0,7.4,8.0,8.7,83.5
619,A,1,0,6.0,4.6,5.2,10,59.7
619,B,1,1,6.6,8.6,8.4,5.9,82.5
619,C,0,0,7.7,6.2,8.0,3.8,42.8
619,D,1,1,7.3,8.5,6.5,4.2,77.5
620,A,1,0,3.8,4.1,5.3,7.4,51.0
620,B,1,1,6.1,8.3,6.5,8.8,82.8
620,C,1,1,4.7,6.5,6.6,9.4,78.7
620,D,0,1,6.4,6.0,6.4,7.2,60.0
621,A,1,0,8.1,4.2,6.2,9.0,62.5
621,B,0,1,6.8,8.4,8.2,4.3,62.8
621,C,0,0,6.4,6.5,6.1,5.1,40.2
621,D,1,0,6.3,7.4,7.7,6.3,62.8
622,A,0,1,6.4,6.1,5.9,6.1,57.5
622,B,1,0,3.6,7.9,8.0,7.3,61.3
622,C,1,0,7.2,6.4,8.0,6.6,63.7
622,D,1,1,7.3,7.2,6.4,6.5,79.0
623,A,1,1,5.6,4.1,7.3,6.3,72.2
623,B,0,0,5.9,9.4,5.0,7.5,46.3
623,C,1,1,7.4,5.8,9.1,5.6,79.8
623,D,1,1,6.2,7.4,5.6,7.2,77.3
624,A,0,0,5.9,2.5,6.9,7.3,37.7
624,B,0,0,7.8,7.6,5.7,8.4,49.2
624,C,0,0,6.2,5.9,6.7,8.6,45.7
624,D,1,1,8.6,8.0,6.7,8.3,86.0
625,A,1,0,5.7,7.3,5.8,7.9,61.2
625,B,0,0,7.1,8.5,7.7,8.6,53.2
625,C,0,1,8.1,6.8,6.3,7.5,64.5
625,D,1,0,7.7,7.2,9.0,8.0,69.8
626,A,1,1,8.6,5.8,7.0,8.3,82.8
626,B,0,1,6.0,6.1,6.8,6.2,58.5
626,C,1,1,6.3,7.6,7.2,6.9,80.0
626,D,0,1,7.8,8.8,9.7,8.3,74.3
627,A,1,1,7.9,5.1,6.6,4.4,73.3
627,B,0,0,7.4,8.1,8.6,7.2,52.2
627,C,1,0,9.1,4.5,9.3,6.6,65.8
627,D,1,0,6.7,7.3,9.7,5.6,65.5
628,A,1,0,6.9,5.9,6.5,6.1,59.0
628,B,1,1,6.9,4.3,8.2,7.8,78.7
628,C,0,0,7.4,6.6,7.5,7.1,47.7
628,D,1,0,9.3,7.4,9.2,8.0,73.2
629,A,1,0,5.1,3.6,5.4,7.0,51.8
629,B,1,1,8.3,8.0,7.2,6.6,83.5
629,C,1,1,6.5,5.9,8.6,7.4,80.7
629,D,1,1,6.7,4.4,7.6,6.5,75.3
630,A,0,0,6.3,6.1,5.7,7.8,43.2
630,B,0,1,7.2,9.8,6.2,6.7,66.5
630,C,1,0,6.9,7.7,6.9,4.4,59.8
630,D,1,0,6.4,6.7,7.7,7.1,63.2
631,A,1,1,6.4,4.2,6.4,7.4,74.0
631,B,0,1,7.8,6.2,6.7,5.2,59.8
631,C,0,1,7.2,4.8,6.8,4.8,56.0
631,D,1,0,7.5,6.6,8.4,8.1,67.7
632,A,1,1,6.1,4.6,7.3,9.2,78.7
632,B,1,0,7.8,5.8,9.2,7.7,67.5
632,C,0,1,7.4,4.2,10,6.9,64.2
632,D,1,1,7.5,4.3,7.1,6.0,74.8
633,A,1,0,2.9,2.9,6.1,7.4,48.8
633,B,1,0,5.8,6.5,7.8,5.6,59.5
633,C,1,1,8.4,6.9,8.5,8.8,87.7
633,D,0,0,8.9,3.9,10,6.7,49.2
634,A,1,1,7.0,5.9,6.4,8.6,79.8
634,B,1,1,6.6,7.9,7.2,6.0,79.5
634,C,1,0,6.3,3.8,8.9,3.9,54.8
634,D,0,1,5.1,7.7,7.9,7.0,62.8
635,A,1,1,4.7,6.9,4.1,7.4,71.8
635,B,1,1,7.5,8.6,9.8,7.8,89.5
635,C,1,0,7.9,6.0,7.8,6.7,64.0
635,D,1,0,7.1,7.6,8.8,7.6,68.5
636,A,1,0,5.5,4.2,4.3,6.5,50.8
636,B,0,1,6.3,7.7,7.7,8.2,66.5
636,C,1,0,8.0,5.7,8.5,6.0,63.7
636,D,0,1,7.9,6.0,8.5,7.0,65.7
637,A,1,1,7.5,5.6,3.8,8.1,75.0
637,B,1,1,7.9,6.5,7.3,8.2,83.2
637,C,1,0,8.9,3.3,8.4,4.7,58.8
637,D,1,1,5.2,6.8,10,6.2,80.3
638,A,1,0,7.6,5.3,4.1,7.0,56.7
638,B,0,1,8.2,10,6.4,7.0,69.3
638,C,1,0,8.9,6.2,9.2,8.8,71.8
638,D,1,1,8.0,9.5,8.7,7.4,89.3
639,A,0,0,4.8,4.6,2.7,7.7,33.0
639,B,1,0,8.3,7.0,7.2,7.7,67.0
639,C,1,0,3.3,4.9,10,4.5,54.5
639,D,1,0,7.4,7.4,10,5.1,66.5
640,A,0,0,6.1,4.4,4.8,6.6,36.5
640,B,1,0,6.8,7.8,7.3,7.7,66.0
640,C,1,1,8.9,5.9,7.7,7.9,84.0
640,D,1,1,5.8,7.2,7.8,4.3,75.2
641,A,0,1,6.7,4.2,4.7,7.5,55.2
641,B,0,0,7.1,8.2,9.5,7.2,53.3
641,C,1,1,7.4,4.8,6.3,5.0,72.5
641,D,1,1,9.2,8.3,9.2,4.9,86.0
642,A,1,0,5.3,4.3,6.9,6.1,54.3
642,B,1,0,5.8,8.3,7.2,7.3,64.3
642,C,1,0,6.3,5.2,9.3,6.5,62.2
642,D,1,1,5.4,7.2,8.3,8.4,82.2
643,A,1,0,5.7,4.9,5.7,6.5,54.7
643,B,1,1,6.6,8.1,6.7,6.9,80.5
643,C,1,1,9.2,4.3,8.9,4.5,78.2
643,D,1,1,8.0,8.4,7.3,5.1,81.3
644,A,1,1,5.4,2.9,5.9,6.1,67.2
644,B,1,1,8.0,6.4,8.0,3.6,76.7
644,C,1,0,8.4,7.2,10,6.9,70.8
644,D,1,1,5.2,8.3,10,6.0,82.5
645,A,0,0,5.8,4.8,5.7,8.5,41.3
645,B,1,0,6.7,8.0,9.4,9.2,72.2
645,C,0,1,8.0,4.9,9.8,6.4,65.2
645,D,0,1,7.5,7.5,9.6,8.3,71.5
646,A,1,1,7.2,6.3,7.0,8.8,82.2
646,B,1,0,4.6,6.8,6.7,8.6,61.2
646,C,1,0,8.9,6.5,7.6,8.5,69.2
646,D,0,0,7.8,8.3,6.3,8.6,51.7
647,A,1,1,6.4,6.5,6.4,7.0,77.2
647,B,0,0,5.9,6.0,8.7,4.9,42.5
647,C,0,0,8.3,5.5,9.8,3.9,45.8
647,D,0,1,6.0,6.2,9.1,7.6,64.8
648,A,0,1,4.4,4.1,4.4,6.5,49.0
648,B,1,1,7.4,8.6,5.0,6.8,79.7
648,C,1,0,6.9,6.5,7.4,5.2,60.0
648,D,1,1,4.4,5.9,5.1,8.2,72.7
649,A,1,0,7.6,5.6,7.9,8.5,66.0
649,B,1,0,6.5,6.4,9.4,6.8,65.2
649,C,1,1,4.6,4.4,6.9,5.2,68.5
649,D,1,0,9.0,7.5,8.7,4.5,66.2
650,A,0,1,6.6,5.5,5.8,6.8,57.8
650,B,1,1,9.4,4.8,8.9,5.8,81.5
650,C,1,1,7.0,5.6,6.3,7.3,77.0
650,D,1,1,8.9,7.2,8.4,7.8,87.2
651,A,0,0,5.7,4.4,4.5,9.0,39.3
651,B,0,1,8.2,7.8,7.4,4.4,63.0
651,C,0,0,9.7,8.0,7.7,5.2,51.0
651,D,1,1,9.9,7.8,8.1,6.5,87.2
652,A,1,1,7.0,5.7,5.2,8.5,77.3
652,B,1,1,8.7,5.5,8.5,8.1,84.7
652,C,0,0,7.6,7.1,8.2,7.2,50.2
652,D,0,0,9.3,8.3,7.7,9.0,57.2
653,A,0,1,6.1,5.9,4.3,7.7,56.7
653,B,0,1,7.4,7.7,7.6,6.3,65.0
653,C,1,0,4.9,5.6,7.3,6.5,57.2
653,D,1,1,8.3,5.5,7.3,8.2,82.2
654,A,1,1,5.5,6.9,5.3,7.5,75.3
654,B,1,1,9.0,7.1,6.8,6.5,82.3
654,C,1,1,7.7,7.1,9.7,7.8,87.2
654,D,1,0,8.2,7.2,8.0,6.8,67.0
655,A,1,0,4.1,5.2,4.4,6.1,49.7
655,B,1,1,7.3,6.4,9.0,7.6,83.8
655,C,1,1,8.8,6.5,9.1,6.2,84.3
655,D,1,0,7.4,8.2,8.2,8.0,69.7
656,A,1,1,5.8,4.2,6.7,9.2,76.5
656,B,1,0,8.6,9.4,8.0,7.6,72.7
656,C,1,1,9.8,6.4,7.7,8.1,86.7
656,D,1,0,7.8,7.5,8.9,5.1,65.5
657,A,0,1,6.2,6.3,5.8,7.1,59.0
657,B,1,0,5.3,7.2,10,8.3,68.0
657,C,1,1,7.0,8.1,9.0,7.3,85.7
657,D,0,1,8.9,8.0,8.2,7.7,71.3
658,A,1,0,5.9,3.2,3.8,7.8,51.2
658,B,0,1,9.7,8.0,7.0,6.7,69.0
658,C,1,0,8.3,5.5,9.2,8.3,68.8
658,D,1,1,10,7.0,6.8,7.8,86.0
659,A,1,0,5.4,5.8,5.9,6.9,56.7
659,B,1,1,4.9,8.2,7.1,7.4,79.3
659,C,0,1,7.4,5.0,8.4,8.3,65.2
659,D,0,1,8.2,6.5,8.9,8.6,70.3
660,A,1,1,5.7,4.7,5.4,6.4,70.3
660,B,1,0,5.8,8.0,8.1,5.0,61.5
660,C,1,0,7.7,7.0,9.9,4.4,65.0
660,D,0,1,7.9,7.4,7.5,6.7,65.8
661,A,1,0,6.0,7.7,4.3,7.5,59.2
661,B,1,1,6.3,8.0,4.8,6.9,76.7
661,C,0,0,6.8,6.1,7.4,7.5,46.3
661,D,1,1,6.2,7.1,9.1,8.8,85.3
662,A,1,1,5.6,4.3,5.1,7.7,71.2
662,B,1,1,4.3,8.5,5.0,6.7,74.2
662,C,1,0,8.3,6.9,8.8,4.9,64.8
662,D,1,1,9.4,9.4,8.0,4.6,85.7
663,A,0,0,6.5,4.6,3.9,8.4,39.0
663,B,0,0,5.9,6.4,7.3,6.0,42.7
663,C,1,0,6.3,6.7,8.0,6.2,62.0
663,D,1,1,5.1,8.5,7.1,4.5,75.3
664,A,1,1,8.7,6.0,7.7,8.0,84.0
664,B,1,0,7.5,9.2,8.0,6.6,68.8
664,C,1,1,7.7,5.9,7.4,7.1,80.2
664,D,1,1,6.6,4.2,8.8,8.1,79.5
665,A,1,1,5.5,5.2,7.0,8.7,77.3
665,B,1,0,6.6,6.4,6.6,5.7,58.8
665,C,0,0,4.3,4.9,7.2,7.0,39.0
665,D,0,1,7.8,7.1,8.9,10,73.0
666,A,1,0,7.3,5.4,5.1,8.8,61.0
666,B,1,1,7.8,7.6,6.9,7.7,83.3
666,C,0,1,6.0,7.8,7.7,8.2,66.2
666,D,0,1,7.5,7.1,8.0,4.9,62.5
667,A,1,1,6.2,4.4,6.5,5.6,71.2
667,B,1,1,5.3,6.9,8.0,7.2,79.0
667,C,1,0,7.4,5.6,8.4,6.8,63.7
667,D,0,0,7.4,7.2,8.9,7.7,52.0
668,A,0,1,5.9,5.7,7.3,8.1,61.7
668,B,1,0,6.8,8.0,5.1,8.0,63.2
668,C,1,0,8.2,3.5,7.9,4.3,56.5
668,D,1,0,6.3,9.9,7.0,6.6,66.3
669,A,1,0,7.9,4.1,5.6,8.0,59.3
669,B,1,0,6.5,9.2,7.8,7.3,68.0
669,C,0,1,8.2,8.7,8.7,5.0,67.7
669,D,1,0,6.9,8.4,9.6,7.5,70.7
670,A,1,1,7.0,4.3,5.6,8.9,76.3
670,B,0,0,6.7,9.1,6.3,5.3,45.7
670,C,0,0,5.8,8.2,6.2,5.3,42.5
670,D,1,1,8.4,7.0,9.5,7.9,88.0
671,A,0,0,5.7,6.4,5.9,8.6,44.3
671,B,1,0,7.4,6.2,6.7,6.8,61.8
671,C,1,1,7.7,6.2,9.6,8.5,86.7
671,D,1,1,7.4,6.9,8.5,5.2,80.0
672,A,1,1,5.1,3.4,6.1,7.5,70.2
672,B,1,0,7.4,7.4,8.8,6.5,66.8
672,C,1,1,7.8,7.3,8.3,6.9,83.8
672,D,0,0,8.7,4.4,8.1,7.9,48.5
673,A,1,0,7.4,5.2,6.3,5.7,57.7
673,B,1,0,7.9,7.8,8.7,5.7,66.8
673,C,1,1,7.9,5.6,7.1,7.7,80.5
673,D,0,0,7.5,8.9,9.4,6.6,54.0
674,A,0,0,6.7,5.4,5.7,10,46.3
674,B,1,0,6.0,9.5,6.6,6.0,63.5
674,C,1,0,4.4,8.1,7.3,6.4,60.3
674,D,1,1,6.0,4.0,9.4,7.6,78.3
675,A,1,0,5.7,6.0,6.5,7.3,59.2
675,B,0,1,6.9,8.4,7.0,5.8,63.5
675,C,1,1,6.6,6.6,8.7,6.7,81.0
675,D,0,0,7.9,6.0,8.5,5.0,45.7
676,A,1,0,6.2,4.6,6.4,6.4,56.0
676,B,1,1,8.7,8.3,7.0,6.1,83.5
676,C,0,1,8.3,7.5,10,6.3,70.2
676,D,1,1,8.4,7.8,8.2,3.9,80.5
677,A,1,1,6.2,3.8,4.0,7.8,69.7
677,B,1,1,9.1,8.1,7.7,9.2,90.2
677,C,1,1,6.8,7.0,8.8,6.5,81.8
677,D,0,1,8.7,7.8,8.4,6.4,68.8
678,A,1,0,8.5,5.2,4.4,6.7,58.0
678,B,1,0,6.4,7.7,7.3,6.4,63.0
678,C,1,1,6.0,7.2,5.3,6.6,75.2
678,D,1,0,4.4,6.0,8.7,6.6,59.5
679,A,0,0,6.0,6.3,5.0,7.5,41.3
679,B,1,0,7.3,6.9,7.9,7.5,66.0
679,C,1,0,8.1,6.5,10,5.2,66.3
679,D,0,0,8.2,6.6,9.6,6.8,52.0
680,A,0,0,6.5,3.3,6.5,6.0,37.2
680,B,1,0,5.6,8.2,6.3,8.0,63.5
680,C,1,1,3.4,7.4,7.3,5.8,73.2
680,D,0,0,7.4,10,8.1,5.5,51.7
681,A,1,1,5.5,6.8,6.3,6.2,74.7
681,B,0,1,6.6,6.7,9.4,5.4,63.5
681,C,0,1,7.0,6.8,8.1,7.9,66.3
681,D,0,1,10,8.0,7.6,5.0,67.7
682,A,1,1,8.8,4.1,4.3,7.6,74.7
682,B,1,1,6.2,6.2,6.7,4.9,73.3
682,C,0,1,8.1,5.9,10,5.2,65.3
682,D,1,1,9.7,6.8,7.8,7.0,85.5
683,A,0,0,5.7,5.8,7.5,8.4,45.7
683,B,1,0,6.6,8.0,8.2,9.1,69.8
683,C,1,0,7.2,5.3,7.6,6.3,60.7
683,D,1,1,9.1,7.8,8.0,8.1,88.3
684,A,1,1,4.4,4.5,9.2,7.6,76.2
684,B,1,1,6.2,6.3,5.7,6.7,74.8
684,C,0,0,8.2,8.6,8.3,7.2,53.8
684,D,1,1,9.4,8.0,7.2,6.6,85.3
685,A,0,1,6.9,3.7,5.5,7.3,55.7
685,B,1,0,7.0,6.0,4.9,8.1,60.0
685,C,1,0,9.2,6.1,5.9,5.7,61.5
685,D,0,1,10,9.5,9.0,8.9,79.0
686,A,1,0,4.4,4.4,7.8,7.7,57.2
686,B,1,0,8.4,7.4,7.6,6.4,66.3
686,C,1,1,8.5,4.9,7.8,5.8,78.3
686,D,1,1,8.2,7.2,10,7.4,88.0
687,A,1,1,6.0,4.8,5.1,7.6,72.5
687,B,0,1,7.9,8.4,7.6,6.9,68.0
687,C,0,0,7.7,8.3,8.3,5.9,50.3
687,D,1,1,8.6,9.2,7.5,6.8,86.8
688,A,1,0,6.6,4.9,6.1,8.8,60.7
688,B,1,0,7.5,8.2,8.0,8.6,70.5
688,C,1,0,9.1,5.5,7.9,6.6,65.2
688,D,1,0,9.7,7.4,8.5,5.8,69.0
689,A,1,1,4.4,5.4,8.3,4.7,71.3
689,B,0,0,5.7,9.0,6.5,8.5,49.5
689,C,1,1,5.9,4.8,8.6,8.7,80.0
689,D,1,1,6.9,5.4,8.8,7.6,81.2
690,A,1,1,7.4,5.3,4.0,6.9,72.7
690,B,1,0,7.5,9.8,7.8,6.4,69.2
690,C,1,1,7.6,4.7,8.3,5.1,76.2
690,D,1,0,6.9,8.4,10,5.9,68.7
691,A,1,0,4.7,2.6,7.2,5.9,50.7
691,B,1,1,8.8,7.0,8.0,5.2,81.7
691,C,1,1,5.8,5.7,5.5,4.6,69.3
691,D,1,1,6.6,7.7,6.2,7.7,80.3
692,A,1,1,6.1,3.9,5.7,8.7,74.0
692,B,0,1,6.8,8.6,6.5,7.4,65.5
692,C,0,0,7.2,6.3,6.3,8.1,46.5
692,D,0,1,8.7,8.3,5.9,9.6,70.8
693,A,0,0,6.5,3.8,6.5,7.4,40.3
693,B,1,0,5.4,8.2,8.4,5.3,62.2
693,C,1,1,6.6,10,7.8,6.9,85.5
693,D,1,0,6.8,8.3,7.8,5.9,64.7
694,A,1,0,5.9,2.5,5.9,7.0,52.2
694,B,0,0,9.4,7.5,7.4,6.4,51.2
694,C,1,1,7.1,2.1,9.1,6.1,74.0
694,D,0,0,6.7,5.5,8.1,5.4,42.8
695,A,0,0,5.6,7.5,7.7,7.1,46.5
695,B,0,0,6.7,10,7.5,8.0,53.7
695,C,1,1,7.6,4.8,4.4,4.3,68.5
695,D,1,1,7.9,6.9,6.3,5.8,78.2
696,A,1,0,6.2,6.1,5.0,7.8,58.5
696,B,1,1,6.4,6.8,6.4,6.2,76.3
696,C,1,1,8.4,6.8,8.4,5.6,82.0
696,D,1,0,8.2,5.8,7.3,4.0,58.8
697,A,1,0,5.1,5.2,6.3,7.4,56.7
697,B,1,0,5.0,6.7,6.4,5.4,55.8
697,C,1,0,5.9,6.3,8.3,5.8,60.5
697,D,1,0,7.7,3.3,6.9,5.6,55.8
698,A,1,1,6.0,5.7,5.3,7.0,73.3
698,B,1,0,9.3,8.1,7.5,6.3,68.7
698,C,1,1,6.8,5.1,8.8,6.0,77.8
698,D,1,0,6.2,3.7,7.2,7.6,57.8
699,A,0,0,7.6,3.8,5.4,7.4,40.3
699,B,0,1,4.9,7.0,5.9,7.0,58.0
699,C,0,0,7.1,6.1,7.2,6.8,45.3
699,D,1,0,8.2,5.3,7.1,6.4,61.7
700,A,1,1,8.3,5.1,2.6,7.6,72.7
700,B,1,1,6.2,7.9,7.8,7.5,82.3
700,C,1,1,8.0,5.5,7.2,5.5,77.0
700,D,1,1,9.0,9.0,6.5,8.8,88.8
701,A,1,0,6.0,5.7,6.1,6.7,57.5
701,B,1,1,7.0,7.6,7.0,6.6,80.3
701,C,1,0,6.0,5.4,8.4,4.6,57.3
701,D,1,0,7.3,5.8,7.5,5.9,60.8
702,A,1,1,5.2,4.5,7.8,5.7,72.0
702,B,1,1,6.8,6.6,8.2,6.4,80.0
702,C,1,1,7.6,5.6,10,7.1,83.8
702,D,1,0,10,8.9,9.6,7.0,75.8
703,A,1,0,8.4,3.9,4.7,6.5,55.8
703,B,1,0,7.0,6.3,6.6,6.2,60.2
703,C,1,1,6.8,3.8,7.3,7.6,75.8
703,D,1,1,6.3,5.0,8.9,7.2,79.0
704,A,0,0,6.0,6.0,5.8,6.6,40.7
704,B,1,0,7.1,5.1,7.3,7.2,61.2
704,C,0,1,7.6,6.9,8.3,5.2,63.3
704,D,1,0,4.7,7.2,9.3,6.8,63.3
705,A,0,0,6.7,5.4,5.8,10,46.5
705,B,0,1,5.2,8.3,7.1,6.5,61.8
705,C,1,1,6.3,6.2,9.7,5.9,80.2
705,D,1,1,7.5,8.5,6.7,8.2,84.8
706,A,1,1,5.4,4.5,7.2,9.1,77.0
706,B,0,1,8.1,7.8,6.0,7.9,66.3
706,C,0,0,5.4,7.1,10,6.7,48.7
706,D,1,1,5.5,6.5,6.9,7.2,76.8
707,A,1,0,6.6,7.2,6.5,7.5,63.0
707,B,1,1,7.4,6.4,10,4.5,80.5
707,C,0,1,7.7,6.5,9.0,6.2,65.7
707,D,1,1,9.0,7.2,7.1,7.5,84.7
708,A,1,1,5.3,3.8,6.2,6.7,70.0
708,B,1,0,6.6,6.4,6.3,6.0,58.8
708,C,0,0,6.4,4.4,7.6,6.7,41.8
708,D,1,0,9.0,8.9,6.8,9.3,73.3
709,A,1,0,8.7,6.3,6.3,6.8,63.5
709,B,1,1,5.0,6.8,5.8,7.1,74.5
709,C,0,0,7.7,6.8,9.2,8.3,53.3
709,D,1,0,8.0,9.1,7.2,7.6,69.8
710,A,0,1,5.2,5.3,6.8,8.0,58.8
710,B,1,1,7.6,8.6,7.5,6.8,84.2
710,C,0,0,6.4,8.9,8.6,3.3,45.3
710,D,1,0,7.3,7.6,7.3,9.3,69.2
711,A,1,0,5.4,5.4,5.4,9.0,58.7
711,B,0,0,7.3,8.6,7.4,7.6,51.5
711,C,1,1,7.4,4.8,5.5,8.8,77.5
711,D,0,0,8.6,7.8,8.5,8.6,55.8
712,A,1,1,6.2,3.8,5.0,7.4,70.7
712,B,0,1,7.3,5.8,6.1,6.9,60.2
712,C,1,0,6.9,5.8,7.5,6.8,61.7
712,D,1,1,7.6,8.1,9.6,7.2,87.5
713,A,1,0,6.1,6.3,5.5,6.6,57.5
713,B,1,1,8.1,7.7,7.1,6.9,83.0
713,C,1,0,6.5,5.8,8.4,6.9,62.7
713,D,1,0,7.8,7.6,9.5,4.8,66.2
714,A,1,0,4.8,4.6,7.6,7.8,58.0
714,B,1,1,6.7,9.1,7.7,5.2,81.2
714,C,0,1,7.1,5.6,9.5,5.9,63.5
714,D,1,1,10,8.7,8.1,7.0,89.7
715,A,1,1,5.3,3.5,4.7,5.1,64.3
715,B,1,1,7.6,6.3,8.0,8.0,83.2
715,C,0,1,7.5,6.2,6.4,7.5,62.7
715,D,1,1,8.3,7.2,6.9,7.0,82.3
716,A,1,0,6.1,6.0,8.9,7.5,64.2
716,B,1,0,6.2,8.3,5.6,8.6,64.5
716,C,0,0,6.7,7.8,9.5,8.4,54.0
716,D,1,1,8.1,7.6,7.9,6.8,84.0
717,A,1,1,5.6,4.2,6.9,7.5,73.7
717,B,1,1,6.9,8.7,6.6,8.1,83.8
717,C,1,1,5.4,3.7,6.2,4.5,66.3
717,D,1,1,6.6,6.7,10,6.7,83.3
718,A,1,0,5.0,6.6,6.5,4.1,53.7
718,B,1,0,8.2,6.9,7.6,8.2,68.2
718,C,1,0,5.4,5.2,7.8,7.2,59.3
718,D,1,0,7.6,8.5,8.4,7.1,69.3
719,A,1,0,4.3,5.1,6.1,7.1,54.3
719,B,1,1,9.0,6.7,7.5,6.5,82.8
719,C,1,0,5.6,4.8,7.4,7.2,58.3
719,D,0,1,10,8.4,7.3,4.6,67.2
720,A,0,0,5.8,6.5,6.5,8.8,46.0
720,B,0,0,6.7,7.9,7.6,5.0,45.3
720,C,0,0,8.7,6.8,6.8,5.2,45.8
720,D,1,1,7.1,8.8,6.5,4.9,78.8
721,A,1,0,5.1,5.6,4.8,7.1,54.3
721,B,1,0,5.8,9.3,7.6,6.5,65.3
721,C,1,1,8.3,7.1,8.5,6.6,84.2
721,D,0,1,10,8.5,7.4,8.0,73.2
722,A,1,0,5.1,5.4,6.7,6.7,56.5
722,B,1,0,7.0,5.9,7.8,5.6,60.5
722,C,0,1,6.0,4.9,9.7,9.5,66.8
722,D,1,1,7.3,5.9,8.0,6.9,80.2
723,A,1,1,8.5,4.6,5.5,7.2,76.3
723,B,1,0,8.9,8.6,9.7,6.5,72.8
723,C,0,1,6.9,5.0,6.8,6.7,59.0
723,D,0,0,5.7,7.5,8.5,7.5,48.7
724,A,0,1,6.0,6.4,5.6,7.6,59.3
724,B,1,1,5.5,7.9,7.5,7.4,80.5
724,C,0,1,8.7,4.7,7.2,6.6,62.0
724,D,1,1,9.9,8.1,8.4,5.1,85.8
725,A,1,1,6.4,4.8,6.0,8.0,75.3
725,B,1,0,9.6,8.4,6.5,7.0,69.2
725,C,0,1,7.9,7.2,10,7.6,71.2
725,D,1,1,5.3,9.2,8.6,5.0,80.2
726,A,1,1,7.9,5.4,7.0,6.3,77.7
726,B,0,1,7.8,10,4.4,7.3,65.8
726,C,0,1,7.9,3.3,9.1,4.6,58.2
726,D,1,0,6.7,5.3,9.0,7.9,64.8
727,A,1,1,5.7,5.6,4.0,8.1,72.3
727,B,1,1,7.2,6.9,8.5,7.7,83.8
727,C,1,1,6.6,3.4,7.4,6.0,72.3
727,D,1,0,6.8,7.9,9.1,9.5,72.2
728,A,1,0,7.2,5.1,4.3,7.6,57.0
728,B,1,0,7.3,7.3,7.8,6.8,65.3
728,C,1,0,6.6,5.4,8.5,8.4,64.8
728,D,0,0,9.0,7.6,7.2,6.9,51.2
729,A,1,0,6.1,6.3,7.2,8.9,64.2
729,B,0,1,6.0,8.1,4.7,4.8,56.0
729,C,0,0,8.6,6.2,10,4.6,49.0
729,D,1,0,6.2,8.4,8.2,6.3,65.2
730,A,0,1,6.3,3.8,7.2,8.8,60.2
730,B,1,0,6.0,6.5,6.6,5.4,57.5
730,C,1,1,8.0,6.2,8.1,6.8,81.8
730,D,1,1,8.6,7.2,5.7,7.2,81.2
731,A,0,1,7.3,3.5,6.4,6.9,56.8
731,B,0,0,7.4,4.9,6.9,9.0,47.0
731,C,1,0,8.6,6.6,5.9,5.5,61.0
731,D,1,0,9.4,7.2,8.4,8.0,71.7
732,A,1,0,5.8,4.6,3.1,8.0,52.5
732,B,1,0,7.6,8.2,5.9,6.4,63.5
732,C,0,0,4.4,7.6,8.4,5.5,43.2
732,D,1,1,8.3,9.0,6.8,8.2,87.2
733,A,1,0,5.2,5.8,4.7,6.9,54.3
733,B,0,1,5.8,6.7,9.0,6.5,63.3
733,C,1,0,8.2,7.0,9.3,5.3,66.3
733,D,1,1,6.3,5.9,7.5,8.4,80.2
734,A,0,1,5.8,4.9,7.1,5.1,54.8
734,B,1,1,6.1,7.5,7.2,7.0,79.7
734,C,1,1,7.4,5.2,5.3,6.6,74.2
734,D,0,1,9.2,5.0,7.8,6.5,64.2
735,A,1,1,4.6,4.8,7.6,6.3,72.2
735,B,1,0,5.8,9.5,4.0,7.0,60.5
735,C,1,0,8.1,8.4,5.8,6.7,65.0
735,D,1,1,7.2,6.7,7.2,7.2,80.5
736,A,1,1,5.6,4.9,5.5,7.9,73.2
736,B,1,1,6.1,8.2,5.2,7.5,78.3
736,C,1,1,8.3,7.2,7.2,8.1,84.7
736,D,1,0,6.9,8.0,7.0,6.8,64.5
737,A,1,1,3.9,5.1,4.3,6.6,66.5
737,B,1,1,8.5,8.6,8.3,6.8,87.0
737,C,1,1,6.6,8.0,8.2,5.8,81.0
737,D,1,0,7.5,7.6,6.4,6.9,64.0
738,A,1,0,4.5,4.7,4.6,7.5,52.2
738,B,1,1,9.2,9.1,10,6.4,91.2
738,C,1,0,7.4,6.4,8.9,7.1,66.3
738,D,1,0,5.8,6.7,6.3,8.1,61.5
739,A,0,1,5.4,4.4,7.1,7.2,56.8
739,B,0,0,7.7,7.6,6.6,6.4,47.2
739,C,1,1,5.9,7.5,6.6,7.3,78.8
739,D,1,1,7.5,5.7,9.1,7.9,83.7
740,A,0,1,5.1,2.7,4.8,5.0,46.0
740,B,1,0,9.2,8.2,9.8,9.4,77.7
740,C,0,0,7.9,5.8,7.6,7.9,48.7
740,D,1,0,7.0,7.6,9.5,7.7,69.7
741,A,1,1,8.7,5.8,6.4,9.0,83.2
741,B,1,1,6.7,6.6,6.9,8.3,80.8
741,C,1,0,8.8,6.9,8.6,3.7,63.3
741,D,1,0,6.4,4.9,7.5,6.9,59.5
742,A,1,0,8.3,5.4,5.1,6.0,58.0
742,B,1,1,8.0,9.3,7.4,7.2,86.5
742,C,1,1,7.7,7.4,8.4,5.7,82.0
742,D,1,1,5.8,7.7,9.2,5.2,79.8
743,A,1,1,4.9,2.9,5.9,9.9,72.7
743,B,1,1,6.7,6.1,7.3,7.6,79.5
743,C,1,0,6.4,6.3,8.0,7.9,64.3
743,D,1,0,7.1,8.2,9.1,6.1,67.5
744,A,1,0,4.2,5.4,7.3,6.0,54.8
744,B,1,1,7.8,6.7,6.6,8.8,83.2
744,C,1,1,9.3,8.6,8.1,5.8,86.3
744,D,1,1,6.5,9.9,9.3,7.8,89.2
745,A,0,0,5.0,3.5,4.1,9.1,36.2
745,B,1,1,6.5,7.3,8.8,7.6,83.7
745,C,1,1,6.5,6.2,6.4,6.9,76.7
745,D,0,0,8.1,6.6,6.5,6.7,46.5
746,A,1,0,6.7,5.7,7.4,6.7,60.8
746,B,1,1,5.3,7.4,7.4,8.8,81.5
746,C,1,0,7.8,4.1,8.2,5.8,59.8
746,D,0,0,4.7,6.0,7.0,6.3,40.0
747,A,1,1,7.9,5.5,4.7,6.3,74.0
747,B,1,0,4.7,8.7,8.4,7.4,65.3
747,C,1,1,7.4,5.8,6.5,6.1,76.3
747,D,1,0,6.1,5.9,6.9,7.0,59.8
748,A,0,0,6.7,3.9,6.7,6.5,39.7
748,B,0,0,4.9,8.5,6.4,4.7,40.8
748,C,1,0,6.7,7.2,6.1,8.2,63.7
748,D,1,1,6.3,6.6,8.4,8.0,82.2
749,A,1,1,6.0,3.9,6.6,9.4,76.5
749,B,1,0,10,6.7,9.0,6.9,71.0
749,C,0,1,10.0,5.6,7.7,5.5,64.7
749,D,1,0,8.9,6.0,8.1,6.4,65.7
750,A,1,0,4.6,6.5,6.7,6.4,57.0
750,B,1,1,7.8,9.3,7.6,8.1,88.0
750,C,1,1,8.8,8.1,7.4,6.9,85.3
750,D,1,0,6.3,7.1,6.8,8.1,63.8
751,A,0,1,5.1,4.0,6.2,10,58.8
751,B,1,1,8.4,5.2,7.9,6.5,80.0
751,C,1,1,8.3,5.5,8.7,4.9,79.0
751,D,1,1,8.6,4.3,9.0,8.1,83.3
752,A,1,0,4.9,4.9,5.5,8.1,55.7
752,B,1,1,8.3,6.0,9.3,5.9,82.5
752,C,0,0,6.9,5.7,7.8,7.2,46.0
752,D,1,0,7.8,5.9,7.4,6.9,63.3
753,A,0,1,6.8,4.7,4.5,7.8,56.3
753,B,1,1,7.4,7.2,4.5,8.8,79.8
753,C,1,0,5.7,5.7,5.2,6.3,54.8
753,D,1,1,8.0,8.1,7.8,6.3,83.7
754,A,0,1,6.4,5.5,6.6,5.2,56.2
754,B,1,1,8.6,7.7,6.1,6.2,81.0
754,C,0,1,5.9,5.8,8.2,3.0,54.8
754,D,1,1,7.7,6.1,8.4,6.6,81.3
755,A,1,0,6.3,4.5,4.7,9.6,58.5
755,B,1,0,6.6,10.0,7.7,7.5,69.7
755,C,0,0,9.2,3.1,6.9,4.0,38.7
755,D,1,0,6.0,7.7,8.4,5.7,63.0
756,A,1,1,7.6,4.1,6.4,8.9,78.3
756,B,1,1,5.0,7.4,6.6,7.8,78.0
756,C,1,0,6.5,5.2,8.5,6.9,61.8
756,D,0,0,6.9,6.3,7.4,6.3,44.8
757,A,0,0,8.5,5.8,6.6,7.0,46.5
757,B,0,1,6.2,8.4,10,7.6,70.3
757,C,1,1,9.4,7.7,8.5,8.3,89.8
757,D,1,0,7.3,8.3,6.5,7.2,65.5
758,A,1,0,5.6,4.4,6.0,8.5,57.5
758,B,0,1,8.2,7.9,6.9,6.8,66.3
758,C,1,0,6.4,5.2,6.3,6.3,57.0
758,D,1,0,9.5,6.6,8.5,7.0,69.3
759,A,1,0,5.3,5.5,7.0,6.6,57.3
759,B,0,0,6.3,8.5,6.9,5.0,44.5
759,C,1,0,5.5,5.9,10,4.8,60.3
759,D,1,0,7.1,6.2,5.6,6.5,59.0
760,A,0,0,5.1,3.1,5.1,7.5,34.7
760,B,0,1,6.1,7.5,5.9,6.2,59.5
760,C,0,0,5.4,6.1,9.6,7.9,48.3
760,D,1,1,5.0,9.2,10,10,90.3
761,A,0,1,4.8,2.8,4.4,7.0,48.3
761,B,1,1,6.3,9.7,7.6,6.0,82.7
761,C,1,1,6.9,7.6,7.2,7.1,81.3
761,D,1,1,6.1,6.2,8.2,8.7,82.0
762,A,1,0,7.6,3.7,2.9,6.1,50.5
762,B,1,0,5.5,7.4,5.7,5.9,57.5
762,C,1,1,7.6,8.0,6.3,7.2,81.8
762,D,0,0,6.7,7.0,6.9,6.9,45.8
763,A,1,0,6.2,3.8,7.0,7.2,57.0
763,B,1,0,10,6.0,6.8,7.7,67.5
763,C,1,0,6.9,6.5,7.6,7.7,64.5
763,D,1,1,8.4,7.5,7.3,8.8,86.7
764,A,0,0,5.7,2.2,4.9,6.2,31.7
764,B,0,1,5.4,7.6,8.8,6.5,63.8
764,C,1,0,5.9,6.8,8.4,4.3,59.0
764,D,0,1,6.9,7.9,7.4,5.4,62.7
765,A,0,0,3.8,6.0,4.5,9.2,39.2
765,B,0,1,4.8,5.6,6.4,9.7,60.8
765,C,1,0,7.8,5.8,9.4,5.3,63.8
765,D,1,0,7.8,7.7,7.5,6.2,65.3
766,A,1,1,5.2,5.0,3.8,9.7,72.8
766,B,0,0,7.5,9.4,8.1,6.4,52.3
766,C,1,1,6.2,8.5,7.8,8.0,84.2
766,D,1,1,7.8,6.5,8.6,7.7,84.3
767,A,1,0,5.1,3.8,8.0,7.3,57.0
767,B,0,1,7.9,8.9,7.5,5.2,65.8
767,C,0,0,7.9,4.4,6.3,5.2,39.7
767,D,1,1,7.9,5.3,7.3,5.9,77.3
768,A,1,0,6.1,4.4,5.8,7.5,56.3
768,B,1,0,7.9,7.8,8.0,5.8,65.8
768,C,0,1,5.7,6.5,9.5,6.0,62.8
768,D,1,0,9.1,9.4,9.7,6.7,74.8
769,A,1,0,3.2,4.3,4.7,8.5,51.2
769,B,1,1,6.3,7.7,6.5,5.3,76.3
769,C,0,1,6.8,5.4,8.5,5.7,60.7
769,D,1,1,7.2,6.7,6.3,7.1,78.8
770,A,1,1,5.2,6.9,4.6,5.5,70.3
770,B,0,1,7.6,7.7,8.0,6.1,65.7
770,C,0,0,7.7,5.4,8.2,7.2,47.5
770,D,1,1,5.2,8.2,8.7,7.7,83.0
771,A,0,0,6.9,4.4,7.6,7.2,43.5
771,B,1,0,7.0,7.2,4.2,6.2,57.7
771,C,1,0,8.5,4.7,7.1,7.0,62.2
771,D,1,1,8.1,7.8,7.4,7.0,83.8
772,A,0,0,4.7,6.3,5.9,7.6,40.8
772,B,0,1,8.4,8.4,6.9,7.6,68.8
772,C,1,1,6.4,7.3,4.2,10,79.8
772,D,1,1,7.9,8.0,5.6,4.6,76.8
773,A,1,0,6.8,5.5,6.4,6.5,58.7
773,B,1,0,7.7,8.3,6.1,5.8,63.2
773,C,0,1,8.5,7.8,8.8,6.1,68.7
773,D,1,1,7.1,6.3,7.9,7.5,81.3
774,A,0,1,7.8,6.5,5.0,8.0,62.2
774,B,0,1,7.7,8.6,4.6,6.3,62.0
774,C,1,0,6.6,3.3,7.1,7.0,56.7
774,D,1,1,7.4,6.2,8.3,5.4,78.8
775,A,1,0,5.1,3.9,4.0,5.9,48.2
775,B,1,0,6.3,7.3,6.6,7.4,62.7
775,C,1,1,6.9,6.8,8.6,4.3,77.7
775,D,1,1,4.9,7.6,7.0,6.2,76.2
776,A,1,1,7.4,4.3,6.2,6.6,74.2
776,B,0,0,7.2,6.3,7.3,6.0,44.7
776,C,1,0,9.2,8.6,6.8,6.4,68.3
776,D,0,1,8.4,9.8,9.9,5.2,72.2
777,A,0,0,5.3,4.6,5.1,7.4,37.3
777,B,1,1,6.6,7.3,7.6,7.8,82.2
777,C,1,1,6.6,5.6,6.1,4.7,71.7
777,D,1,0,9.7,6.4,8.9,8.9,73.2
778,A,0,0,5.7,5.8,5.8,7.6,41.5
778,B,1,1,6.7,7.4,6.9,6.1,78.5
778,C,1,0,6.8,5.9,7.7,8.6,65.0
778,D,1,1,6.2,7.8,7.3,8.7,83.3
779,A,0,0,6.5,5.3,4.2,9.4,42.3
779,B,1,1,4.8,7.8,7.0,7.9,79.2
779,C,1,0,6.8,4.9,7.2,5.7,57.7
779,D,1,0,8.3,8.7,10,7.4,74.0
780,A,1,0,6.6,6.6,4.6,7.8,59.3
780,B,0,1,7.8,8.9,5.9,7.6,67.0
780,C,0,0,8.8,5.7,7.2,7.3,48.3
780,D,1,1,8.2,8.4,8.0,7.9,87.5
781,A,1,0,7.3,4.9,5.7,7.1,58.3
781,B,0,0,10.0,8.5,8.5,7.9,58.2
781,C,1,1,8.6,4.5,7.7,7.1,79.8
781,D,1,0,7.1,7.0,9.6,7.5,68.7
782,A,1,1,6.3,6.0,4.8,7.7,74.7
782,B,0,1,5.9,6.3,8.6,6.0,61.3
782,C,1,0,9.0,5.5,8.8,8.7,70.0
782,D,1,0,7.4,7.6,7.3,8.4,67.8
783,A,1,1,7.0,6.3,8.0,6.9,80.3
783,B,1,1,3.6,6.4,9.0,6.2,75.3
783,C,1,0,7.2,5.2,4.8,6.3,55.8
783,D,1,1,5.6,6.6,8.7,6.3,78.7
784,A,0,0,6.5,6.9,5.5,8.0,44.8
784,B,1,0,6.8,6.2,8.2,7.3,64.2
784,C,1,0,7.0,7.1,7.1,7.7,64.8
784,D,1,1,10,5.1,9.5,7.1,86.2
785,A,1,0,6.1,5.7,6.8,4.8,55.7
785,B,0,0,5.8,6.0,8.3,10,50.2
785,C,0,1,7.9,7.7,8.3,6.0,66.5
785,D,1,1,7.3,5.4,5.7,8.6,78.3
786,A,1,1,7.0,6.2,4.0,6.0,72.0
786,B,1,0,7.3,6.7,8.0,6.7,64.5
786,C,0,0,8.2,6.9,4.6,7.1,44.7
786,D,1,1,8.2,8.2,8.6,8.3,88.8
787,A,1,1,6.6,5.7,3.8,6.8,71.5
787,B,0,0,6.7,6.3,8.1,4.5,42.7
787,C,1,0,5.1,4.9,8.6,5.2,56.3
787,D,0,1,8.2,7.3,8.1,7.6,68.7
788,A,0,0,6.5,5.6,4.0,5.6,36.2
788,B,0,1,5.0,4.7,8.5,5.1,55.5
788,C,1,0,5.4,5.0,7.9,5.6,56.5
788,D,1,0,6.3,5.6,7.6,8.4,63.2
789,A,0,1,8.2,5.7,5.1,6.7,59.5
789,B,1,0,5.9,5.4,8.1,4.6,56.7
789,C,1,1,6.9,8.3,8.5,7.7,85.7
789,D,1,0,6.9,8.1,7.4,7.6,66.7
790,A,0,0,5.8,4.9,5.8,10,44.2
790,B,1,0,6.4,7.1,4.9,7.4,59.7
790,C,1,1,6.9,4.6,7.0,4.5,71.7
790,D,1,1,8.5,7.2,8.5,8.4,87.7
791,A,1,0,5.9,4.9,7.8,7.3,59.8
791,B,1,0,9.6,8.1,9.4,6.3,72.3
791,C,1,1,6.3,7.7,8.4,6.2,81.0
791,D,1,1,7.8,6.0,9.7,6.5,83.3
792,A,1,0,8.2,5.1,6.1,6.7,60.2
792,B,1,0,7.6,8.2,8.6,8.3,71.2
792,C,0,0,6.0,7.1,8.7,5.9,46.2
792,D,1,1,7.1,9.8,9.3,7.8,90.0
793,A,1,0,5.4,2.9,3.9,8.2,50.7
793,B,1,0,6.2,7.0,5.1,7.9,60.3
793,C,1,1,6.0,4.1,9.6,4.5,73.7
793,D,1,0,8.7,6.6,7.7,5.0,63.3
794,A,1,1,5.9,4.9,4.9,7.8,72.5
794,B,1,1,9.1,10,5.9,7.9,88.2
794,C,1,1,7.2,6.2,8.7,8.5,84.3
794,D,0,0,8.5,8.8,7.9,8.0,55.3
795,A,0,0,5.9,4.9,6.2,7.7,41.2
795,B,0,0,5.9,6.7,5.6,4.8,38.3
795,C,1,0,10,6.0,7.9,6.7,67.7
795,D,1,0,8.9,7.7,8.7,6.4,69.5
796,A,0,0,2.7,2.4,7.1,8.8,35.0
796,B,1,0,7.1,6.5,8.0,5.7,62.2
796,C,1,0,9.9,6.4,8.2,5.6,66.8
796,D,0,1,8.5,5.7,10,6.1,67.2
797,A,1,1,7.8,5.3,5.8,6.7,76.0
797,B,1,1,7.6,7.5,5.4,6.5,78.3
797,C,0,0,8.4,5.8,6.7,7.6,47.5
797,D,0,1,6.6,9.3,7.2,8.9,70.0
798,A,1,0,6.8,2.5,5.4,8.0,54.5
798,B,1,1,7.0,8.3,7.2,6.5,81.7
798,C,1,0,8.3,5.4,6.9,6.8,62.3
798,D,1,1,7.9,10,9.0,8.7,92.7
799,A,1,1,5.9,4.3,6.4,7.5,73.5
799,B,0,0,6.7,7.5,7.3,7.8,48.8
799,C,1,1,7.1,5.2,9.5,6.4,80.3
799,D,1,1,8.1,6.7,7.9,8.5,85.3
800,A,0,0,4.7,4.2,4.4,7.3,34.3
800,B,1,0,6.5,7.1,8.1,10,69.5
800,C,1,1,7.9,8.6,9.7,6.6,88.0
800,D,1,0,8.8,6.7,9.8,8.0,72.2
801,A,1,0,5.5,5.0,3.7,7.0,52.0
801,B,1,0,8.8,7.2,7.9,6.7,67.7
801,C,0,0,7.3,5.4,5.6,6.0,40.5
801,D,0,1,9.3,7.8,7.0,7.2,68.8
802,A,1,0,4.4,6.6,6.2,7.2,57.3
802,B,1,0,5.7,8.7,7.4,9.4,68.7
802,C,0,0,9.6,6.4,7.3,5.2,47.5
802,D,1,0,7.0,7.9,7.7,5.8,64.0
803,A,1,1,4.6,4.2,7.8,7.7,73.8
803,B,0,1,4.9,4.9,8.7,7.8,60.5
803,C,0,0,7.4,6.9,8.5,9.0,53.0
803,D,0,1,8.8,7.4,9.6,5.9,69.5
804,A,0,1,7.3,6.7,5.3,6.2,59.2
804,B,1,0,7.0,7.2,7.2,5.7,61.8
804,C,0,0,6.3,5.6,9.3,6.4,46.0
804,D,1,0,8.7,7.0,8.7,8.8,72.0
805,A,1,1,4.1,4.2,6.0,6.3,67.7
805,B,1,1,6.6,8.2,7.7,7.1,82.7
805,C,1,1,7.6,7.6,6.8,7.9,83.2
805,D,1,1,5.6,9.3,8.6,6.5,83.3
806,A,1,0,6.2,5.4,5.4,7.6,57.7
806,B,1,0,8.5,8.6,7.0,8.2,70.5
806,C,0,1,6.2,5.1,7.0,6.9,58.7
806,D,1,0,7.6,6.1,8.9,9.3,69.8
807,A,1,0,6.5,6.6,5.4,8.5,61.7
807,B,1,0,8.6,6.8,5.9,7.7,65.0
807,C,0,0,10,5.9,8.4,4.4,47.8
807,D,1,1,7.2,6.5,8.1,7.1,81.5
808,A,0,1,3.9,4.9,5.5,7.6,53.2
808,B,1,1,5.2,7.9,7.4,7.5,80.0
808,C,1,0,9.0,6.4,7.7,6.7,66.3
808,D,1,0,9.5,8.2,6.7,6.8,68.7
809,A,0,0,7.9,6.2,5.0,7.6,44.5
809,B,1,1,5.6,6.3,5.1,7.9,74.8
809,C,0,0,7.3,7.0,8.4,6.4,48.5
809,D,0,1,9.2,5.1,10,6.6,68.2
810,A,0,1,6.4,5.6,4.1,9.3,59.0
810,B,1,0,8.0,8.9,7.5,7.0,69.0
810,C,1,0,8.9,6.9,7.4,6.9,66.8
810,D,1,1,9.3,6.0,7.9,6.9,83.5
811,A,1,0,4.2,6.3,2.1,6.5,48.5
811,B,1,0,7.4,8.0,7.2,6.3,64.8
811,C,1,0,3.7,6.6,8.6,7.0,59.8
811,D,0,0,7.7,6.2,6.6,7.4,46.5
812,A,1,1,5.5,7.4,6.1,9.6,81.0
812,B,1,1,8.5,5.0,7.9,9.6,85.0
812,C,1,1,6.0,6.2,9.4,6.9,80.8
812,D,1,1,8.1,8.3,7.9,8.9,88.7
813,A,0,0,5.3,6.6,5.4,7.2,40.8
813,B,1,1,6.4,7.0,8.4,5.3,78.5
813,C,1,1,7.5,5.6,7.8,6.8,79.5
813,D,0,0,7.0,6.8,5.6,8.0,45.7
814,A,0,1,5.1,5.4,6.8,6.6,56.5
814,B,0,0,7.1,7.5,7.1,7.1,48.0
814,C,1,0,8.6,7.2,8.4,6.1,67.2
814,D,1,0,5.2,6.2,6.5,5.4,55.5
815,A,0,0,6.3,5.7,4.8,7.6,40.7
815,B,0,1,5.9,6.1,8.2,6.2,60.7
815,C,1,0,7.2,6.3,8.7,7.2,65.7
815,D,1,1,5.0,7.2,8.1,6.9,78.7
816,A,1,1,5.6,3.4,6.4,8.8,73.7
816,B,1,1,6.5,5.9,8.9,8.8,83.5
816,C,1,1,5.6,5.3,5.8,7.7,74.0
816,D,1,1,7.8,7.3,9.0,7.4,85.8
817,A,0,1,5.6,4.8,6.7,7.7,58.0
817,B,0,1,8.5,8.4,7.1,6.6,67.7
817,C,1,1,6.8,4.8,8.5,6.4,77.5
817,D,1,0,9.5,6.7,8.7,7.5,70.7
818,A,1,0,5.3,6.0,5.8,8.6,59.5
818,B,1,0,6.8,6.6,8.7,5.2,62.2
818,C,1,0,6.0,5.3,7.9,7.5,61.2
818,D,1,1,7.0,6.6,5.5,7.5,77.7
819,A,1,0,4.6,5.8,5.3,7.7,55.7
819,B,1,0,7.6,4.9,9.0,6.7,63.7
819,C,0,0,8.5,6.6,6.7,6.7,47.5
819,D,1,1,4.5,5.9,8.1,8.0,77.5
820,A,1,1,8.4,3.1,5.2,7.7,74.0
820,B,0,1,8.4,4.7,10,6.4,65.8
820,C,1,0,6.4,3.9,8.6,7.5,60.7
820,D,1,0,8.8,6.1,7.2,6.9,65.0
821,A,0,0,5.5,5.5,7.5,7.5,43.3
821,B,0,0,8.0,8.0,6.8,6.9,49.5
821,C,0,1,7.6,4.0,10.0,6.5,63.5
821,D,1,1,7.4,7.2,8.7,9.1,87.3
822,A,1,0,5.2,4.0,4.2,6.2,49.3
822,B,0,1,7.8,5.8,6.9,7.7,63.7
822,C,1,1,6.5,7.9,10,5.8,83.7
822,D,1,1,7.1,8.0,9.2,6.7,85.0
823,A,0,1,6.3,4.3,7.0,7.3,58.2
823,B,1,0,8.2,9.7,6.8,9.5,73.7
823,C,1,0,5.6,7.4,5.6,4.2,54.7
823,D,1,0,9.1,9.1,9.4,9.1,77.8
824,A,1,1,4.9,5.8,6.2,7.1,73.3
824,B,0,1,6.4,8.2,9.2,6.5,67.2
824,C,1,0,10,6.0,6.6,7.0,66.0
824,D,0,1,10,6.2,10,7.7,73.2
825,A,0,0,5.6,5.6,5.2,6.0,37.3
825,B,1,1,7.8,6.4,5.6,8.6,80.7
825,C,0,0,6.8,6.2,7.3,8.3,47.7
825,D,1,0,8.5,8.6,10,7.5,74.3
826,A,1,1,4.8,5.1,8.6,8.1,77.7
826,B,1,0,8.4,8.9,7.2,5.0,65.8
826,C,0,1,7.9,6.5,8.0,5.8,63.7
826,D,1,1,6.6,6.6,8.2,7.5,81.5
827,A,1,0,5.2,5.1,7.4,7.9,59.3
827,B,1,1,7.3,8.2,7.9,6.4,83.0
827,C,1,1,7.3,6.4,7.4,6.0,78.5
827,D,0,0,6.0,6.8,6.9,5.2,41.5
828,A,1,1,3.3,4.5,5.7,9.4,71.5
828,B,1,1,6.8,6.8,9.1,7.6,83.8
828,C,1,0,4.5,6.1,7.1,5.1,54.7
828,D,1,1,6.0,9.2,10,8.7,89.8
829,A,0,0,3.3,6.6,6.3,5.5,36.2
829,B,1,0,7.3,8.8,6.9,7.4,67.3
829,C,1,1,7.7,5.8,4.8,6.6,74.8
829,D,1,1,8.1,6.3,7.5,7.4,82.2
830,A,1,0,5.8,4.0,5.7,7.2,54.5
830,B,1,1,7.8,9.3,5.8,8.8,86.2
830,C,1,0,7.1,6.2,7.9,6.8,63.3
830,D,1,0,6.7,5.6,8.3,6.7,62.2
831,A,0,1,5.0,5.8,4.3,6.5,52.7
831,B,0,1,6.5,7.7,7.1,7.6,64.8
831,C,1,0,8.6,7.0,6.8,6.0,64.0
831,D,0,0,8.4,9.1,7.5,9.2,57.0
832,A,1,0,7.2,3.9,6.0,7.7,58.0
832,B,1,1,7.8,6.0,7.4,6.6,79.7
832,C,1,0,8.1,5.8,8.7,10,71.0
832,D,1,1,8.5,6.6,6.9,8.3,83.8
833,A,1,0,9.3,6.6,4.6,9.6,66.8
833,B,0,0,7.0,7.4,7.8,5.5,46.2
833,C,1,1,7.8,7.1,8.3,5.7,81.5
833,D,1,1,6.1,4.5,9.5,6.7,78.0
834,A,1,0,4.6,5.6,4.8,9.7,57.8
834,B,1,1,7.6,8.5,7.8,5.7,82.7
834,C,1,1,8.5,6.5,9.5,6.2,84.5
834,D,1,1,8.3,8.3,10,7.6,90.3
835,A,0,1,5.4,4.9,4.6,5.5,50.7
835,B,0,1,8.9,4.3,7.4,8.1,64.5
835,C,1,1,8.6,6.8,6.2,7.4,81.7
835,D,1,0,8.7,7.6,7.7,9.0,71.7
836,A,0,0,8.8,6.3,6.0,8.3,49.0
836,B,1,0,6.9,7.1,7.7,8.3,66.7
836,C,1,0,6.5,7.1,8.9,3.4,59.8
836,D,1,1,5.1,6.3,7.1,8.9,79.0
837,A,1,0,3.8,3.5,4.8,8.4,50.8
837,B,1,1,6.0,7.1,8.1,8.2,82.3
837,C,0,1,8.1,7.7,6.9,5.5,63.7
837,D,1,0,7.1,6.3,9.8,6.0,65.3
838,A,0,1,6.6,5.4,5.5,7.1,57.7
838,B,0,0,8.0,7.3,6.2,5.6,45.2
838,C,0,1,7.0,7.2,7.1,6.3,62.7
838,D,0,0,6.8,7.5,8.9,6.5,49.5
839,A,1,0,5.0,4.7,7.0,8.3,58.3
839,B,0,0,6.0,7.7,7.7,5.9,45.5
839,C,0,0,5.8,4.3,5.6,6.0,36.2
839,D,1,0,6.0,6.7,9.3,8.0,66.7
840,A,1,0,3.8,5.3,6.2,9.1,57.3
840,B,0,0,7.5,6.3,6.7,6.8,45.5
840,C,1,0,9.0,6.2,6.3,8.2,66.2
840,D,1,1,8.7,8.2,8.0,8.8,89.5
841,A,1,0,4.8,2.7,5.5,7.1,50.2
841,B,1,1,7.6,7.0,7.5,6.5,81.0
841,C,1,1,6.2,5.5,6.6,5.1,72.3
841,D,1,1,10.0,5.4,7.9,6.9,83.7
842,A,1,0,5.8,3.8,6.2,6.1,53.2
842,B,0,0,9.2,8.3,5.3,8.8,52.7
842,C,1,1,7.7,8.1,8.1,2.9,78.0
842,D,1,0,7.4,5.9,8.6,4.9,61.3
843,A,0,1,8.8,4.9,7.2,9.0,66.5
843,B,1,0,6.0,7.2,7.6,6.0,61.3
843,C,1,0,5.4,7.0,7.1,7.4,61.5
843,D,1,1,7.2,6.8,8.1,6.7,81.3
844,A,1,1,5.1,4.1,9.1,7.5,76.3
844,B,1,0,7.4,7.7,10,6.3,69.0
844,C,1,0,6.7,7.8,8.7,7.2,67.3
844,D,1,1,6.2,6.6,7.3,5.9,76.7
845,A,0,0,7.2,6.2,5.5,7.6,44.2
845,B,1,0,6.0,7.2,8.1,5.2,60.8
845,C,1,0,6.9,5.3,6.1,5.5,56.3
845,D,1,0,8.9,8.3,7.9,8.7,73.0
846,A,1,0,5.9,3.7,5.6,6.5,52.8
846,B,1,0,7.3,6.6,7.8,7.2,64.8
846,C,1,1,7.2,7.4,8.0,6.4,81.7
846,D,1,1,8.4,6.9,6.9,8.0,83.7
847,A,1,1,4.1,8.2,6.4,7.7,77.3
847,B,0,0,7.0,7.6,7.4,7.2,48.7
847,C,1,1,8.0,5.3,5.7,5.3,73.8
847,D,1,0,8.6,7.1,4.8,8.9,65.7
848,A,0,0,5.6,5.0,5.4,8.9,41.5
848,B,0,0,5.3,8.4,8.0,6.2,46.5
848,C,1,1,7.1,8.1,5.8,4.7,76.2
848,D,1,0,9.5,7.9,7.5,7.4,70.5
849,A,1,1,6.2,3.7,4.6,5.3,66.3
849,B,1,0,8.4,8.5,5.4,6.6,64.8
849,C,0,0,9.1,6.1,8.2,8.3,52.8
849,D,0,1,7.5,8.2,10,6.7,70.7
850,A,1,0,7.1,4.5,6.7,6.3,57.7
850,B,0,1,7.7,7.4,8.6,6.1,66.3
850,C,1,1,6.5,7.5,8.6,2.9,75.8
850,D,1,0,8.5,7.4,8.9,8.7,72.5
851,A,0,1,7.8,4.2,5.8,9.2,61.7
851,B,0,0,7.4,7.5,8.3,9.0,53.7
851,C,1,0,7.5,6.8,6.8,5.7,61.3
851,D,1,0,8.9,7.1,7.0,8.7,69.5
852,A,1,1,6.1,6.0,7.1,7.7,78.2
852,B,1,1,6.4,5.8,7.4,6.8,77.3
852,C,1,0,7.8,9.4,8.6,7.6,72.3
852,D,1,0,7.9,6.0,7.0,8.5,65.7
853,A,1,1,7.7,5.4,7.3,7.9,80.5
853,B,1,1,6.7,8.1,8.6,5.0,80.7
853,C,0,0,6.6,5.7,8.9,4.4,42.7
853,D,0,1,8.9,8.7,4.7,6.8,65.2
854,A,1,1,6.3,4.4,5.2,7.4,72.2
854,B,1,0,6.8,6.2,6.1,7.7,61.3
854,C,1,1,6.4,7.3,6.5,5.6,76.3
854,D,0,0,8.0,7.1,10,9.0,56.8
855,A,1,0,4.7,3.5,4.9,8.4,52.5
855,B,1,1,4.9,4.0,6.9,5.2,68.3
855,C,1,0,7.8,8.6,6.0,7.6,66.7
855,D,1,0,8.6,6.6,10,8.3,72.5
856,A,1,0,7.1,5.9,4.5,9.4,61.5
856,B,0,1,6.5,9.3,7.2,7.9,68.2
856,C,1,0,7.5,6.8,7.7,7.6,66.0
856,D,1,0,7.9,6.4,7.0,9.6,68.2
857,A,1,0,6.3,6.7,5.3,8.7,61.7
857,B,0,0,5.3,9.3,7.2,9.0,51.3
857,C,0,0,6.8,5.9,8.9,6.7,47.2
857,D,0,0,8.8,6.9,9.0,5.0,49.5
858,A,0,0,5.5,5.1,5.6,7.6,39.7
858,B,0,1,7.2,7.4,8.2,7.4,67.0
858,C,0,0,6.2,8.1,10,5.0,48.8
858,D,1,0,6.2,7.5,8.1,9.4,68.7
859,A,1,1,7.6,6.2,7.5,9.1,84.0
859,B,1,1,6.4,8.5,9.1,7.1,85.2
859,C,1,0,10,6.2,5.6,7.7,65.8
859,D,1,1,6.9,8.9,8.7,6.8,85.5
860,A,1,0,5.1,6.0,5.9,7.5,57.5
860,B,1,1,9.4,8.3,8.1,5.6,85.7
860,C,0,0,6.6,5.6,6.7,4.5,39.0
860,D,1,0,6.9,5.5,9.1,6.1,62.7
861,A,1,0,5.5,5.3,6.3,9.5,61.0
861,B,1,1,7.1,5.9,7.8,6.3,78.5
861,C,1,0,5.5,7.0,7.0,7.8,62.2
861,D,1,0,7.3,8.0,7.0,6.3,64.3
862,A,0,0,5.8,3.2,5.3,6.9,35.3
862,B,1,0,6.0,6.3,7.2,5.6,58.5
862,C,1,1,9.8,5.1,10,6.6,85.8
862,D,1,0,6.5,6.9,6.2,7.2,61.3
863,A,1,1,5.8,8.4,5.3,6.1,76.0
863,B,1,1,7.6,10,9.0,6.9,89.2
863,C,1,0,5.5,6.9,8.5,6.3,62.0
863,D,0,1,8.1,7.0,9.9,6.2,68.7
864,A,1,0,6.8,5.0,5.7,4.4,53.2
864,B,1,1,5.2,9.7,6.0,5.2,76.8
864,C,1,0,6.9,4.6,5.8,4.8,53.5
864,D,1,0,7.1,8.5,8.3,7.6,69.2
865,A,1,0,7.8,7.1,7.3,9.6,69.7
865,B,0,0,5.1,8.2,7.4,6.5,45.3
865,C,1,0,9.1,6.2,5.5,7.7,64.2
865,D,1,0,7.0,6.7,7.1,6.2,61.7
866,A,1,0,6.1,6.7,5.5,7.9,60.3
866,B,1,0,7.3,7.0,8.1,8.3,67.8
866,C,0,0,7.4,9.9,7.5,5.1,49.8
866,D,1,0,6.8,5.3,10,8.3,67.3
867,A,1,0,3.6,4.6,5.0,7.7,51.5
867,B,1,1,4.3,6.7,7.3,7.6,76.5
867,C,0,1,6.1,8.3,9.2,4.7,63.8
867,D,1,1,7.1,7.6,6.3,6.0,78.3
868,A,0,1,6.9,5.9,6.3,7.3,60.7
868,B,1,1,9.9,8.1,6.8,6.2,85.0
868,C,1,1,8.5,8.0,8.9,7.0,87.3
868,D,1,0,9.0,9.3,10,8.4,77.8
869,A,1,1,5.0,4.7,5.8,8.8,73.8
869,B,1,1,6.9,5.5,5.5,7.5,75.7
869,C,0,1,6.0,7.6,8.3,4.7,61.0
869,D,1,1,6.2,6.9,9.4,5.4,79.8
870,A,0,1,6.8,4.6,4.2,8.1,56.2
870,B,1,0,6.8,6.9,7.5,7.2,64.0
870,C,0,0,8.7,6.4,6.6,7.8,49.2
870,D,1,1,7.3,9.1,8.4,7.2,86.7
871,A,1,0,5.8,6.3,4.3,7.7,56.8
871,B,1,1,5.6,5.8,9.4,6.7,79.2
871,C,1,0,9.2,6.6,8.8,6.7,68.8
871,D,0,0,7.6,5.9,10,10,55.8
872,A,1,1,4.2,6.4,5.0,7.3,71.5
872,B,1,0,7.3,5.6,5.9,7.6,60.7
872,C,0,0,7.8,6.6,7.3,7.6,48.8
872,D,1,1,7.1,10,8.8,7.0,88.2
873,A,1,0,7.6,5.7,6.1,7.3,61.2
873,B,0,1,7.7,7.9,5.9,4.7,60.3
873,C,1,0,7.4,7.8,8.5,8.2,69.8
873,D,0,0,8.3,6.2,8.8,7.7,51.7
874,A,0,1,7.0,5.8,5.3,6.8,58.2
874,B,1,1,6.8,8.2,6.9,5.5,79.0
874,C,1,0,6.3,8.7,5.0,7.1,61.8
874,D,1,0,7.8,6.6,7.0,6.7,63.5
875,A,1,0,7.6,4.6,3.8,6.2,53.7
875,B,1,1,7.5,8.1,6.8,6.1,80.8
875,C,1,1,6.9,5.3,5.7,7.1,75.0
875,D,0,1,6.7,6.8,8.4,9.0,68.2
876,A,1,0,7.8,6.0,4.9,5.6,57.2
876,B,1,0,7.7,5.6,8.1,6.8,63.7
876,C,1,1,6.1,6.5,9.0,6.9,80.8
876,D,1,0,9.2,7.2,6.6,7.5,67.5
877,A,0,1,4.4,5.4,6.9,7.7,57.3
877,B,1,1,6.9,8.1,9.1,6.7,84.7
877,C,0,1,5.8,7.1,5.7,7.3,59.8
877,D,0,1,6.8,7.0,7.7,9.7,68.7
878,A,1,0,5.4,7.0,6.9,7.8,61.8
878,B,1,1,8.7,7.2,4.5,7.2,79.3
878,C,1,1,5.2,8.7,8.9,6.2,81.7
878,D,1,0,8.9,9.8,9.6,7.9,77.0
879,A,1,0,4.2,5.4,4.4,7.8,53.0
879,B,1,0,7.8,5.3,8.5,4.3,59.8
879,C,0,0,6.2,6.1,7.3,8.1,46.2
879,D,1,1,6.5,7.9,7.7,9.6,86.2
880,A,0,1,6.8,6.0,4.1,9.0,59.8
880,B,1,0,7.2,3.1,8.3,8.2,61.3
880,C,0,1,7.8,4.5,9.1,6.6,63.3
880,D,1,1,7.4,4.8,8.8,6.3,78.8
881,A,1,0,7.9,3.6,5.5,6.5,55.8
881,B,1,1,8.8,7.3,9.1,5.5,84.5
881,C,1,0,8.0,8.1,9.0,8.0,71.8
881,D,1,1,6.9,7.5,9.0,7.7,85.2
882,A,1,1,5.2,6.3,4.8,8.7,75.0
882,B,1,1,5.9,8.0,6.3,7.8,80.0
882,C,0,0,7.1,6.2,8.2,5.6,45.2
882,D,1,0,6.4,7.0,8.0,8.3,66.2
883,A,1,1,2.8,4.5,8.1,5.9,68.8
883,B,0,0,7.2,6.1,7.0,6.5,44.7
883,C,0,0,7.2,6.1,8.4,8.4,50.2
883,D,1,1,6.7,6.8,7.2,6.9,79.3
884,A,1,1,4.0,4.4,6.8,8.1,72.2
884,B,0,0,3.9,6.5,8.8,7.3,44.2
884,C,0,0,6.3,4.2,8.1,6.8,42.3
884,D,1,1,8.0,6.7,7.7,6.0,80.7
885,A,0,0,7.2,4.4,5.8,6.3,39.5
885,B,1,0,7.7,9.0,5.9,6.0,64.3
885,C,1,0,7.3,5.7,7.6,7.2,63.0
885,D,1,0,6.6,6.2,8.7,5.5,61.7
886,A,1,1,7.0,4.6,4.4,5.7,69.5
886,B,0,1,7.0,8.2,9.0,8.3,70.8
886,C,1,0,8.2,7.5,6.7,6.5,64.8
886,D,1,1,7.3,6.2,6.8,8.3,81.0
887,A,0,0,6.3,3.9,6.7,7.9,41.3
887,B,1,1,4.7,7.0,6.1,8.0,76.3
887,C,1,1,6.8,7.3,7.8,6.9,81.3
887,D,0,0,7.5,7.9,8.8,6.2,50.7
888,A,1,1,6.2,6.0,8.0,9.4,82.7
888,B,1,0,4.4,8.2,8.9,5.2,61.2
888,C,1,0,6.7,4.3,5.4,7.7,56.8
888,D,1,0,7.6,7.5,6.0,3.8,58.2
889,A,0,1,5.3,6.3,6.5,5.1,55.3
889,B,1,1,6.6,5.6,6.9,6.8,76.5
889,C,1,1,7.8,7.2,8.2,6.6,83.0
889,D,1,0,6.7,8.4,9.1,7.2,69.0
890,A,0,0,5.8,6.3,7.5,8.3,46.5
890,B,0,0,5.4,7.7,6.7,7.5,45.5
890,C,0,0,5.7,7.2,9.1,5.4,45.7
890,D,1,1,6.0,5.6,9.1,9.8,84.2
891,A,0,1,6.2,4.8,6.1,8.9,60.0
891,B,1,1,6.4,8.2,5.8,6.1,77.5
891,C,1,0,6.0,7.6,8.1,5.6,62.2
891,D,1,0,8.0,7.1,8.2,7.2,67.5
892,A,1,0,5.5,3.2,4.7,8.0,52.3
892,B,1,0,6.7,7.7,8.8,6.9,66.8
892,C,0,1,7.3,6.3,5.0,7.7,60.5
892,D,1,1,7.2,5.8,5.2,7.9,76.8
893,A,0,0,3.6,6.6,5.4,9.2,41.3
893,B,0,1,7.0,9.0,4.6,5.7,60.5
893,C,1,1,8.0,6.7,7.9,4.3,78.2
893,D,1,1,6.5,8.6,9.9,6.9,86.5
894,A,0,0,9.3,3.9,5.7,9.1,46.7
894,B,1,0,3.6,8.0,9.5,8.4,65.8
894,C,1,1,10.0,5.5,6.0,4.9,77.3
894,D,1,1,10.0,8.5,9.1,8.5,93.5
895,A,1,1,7.3,5.3,6.9,9.1,81.0
895,B,1,0,6.7,8.1,9.3,7.1,68.7
895,C,1,1,8.0,7.7,6.7,6.8,82.0
895,D,1,0,7.3,7.8,8.1,6.5,66.2
896,A,0,1,4.2,5.3,7.5,7.6,57.7
896,B,1,0,7.4,9.2,7.8,8.4,71.3
896,C,0,1,7.1,5.8,6.1,5.8,58.0
896,D,0,0,5.0,6.9,5.9,7.2,41.7
897,A,1,1,8.5,5.1,7.2,8.0,81.3
897,B,1,0,5.4,7.5,5.4,5.0,55.5
897,C,0,0,8.5,7.9,10.0,8.8,58.7
897,D,1,0,7.6,4.9,5.6,7.3,59.0
898,A,1,0,5.6,2.7,5.3,10,56.0
898,B,1,0,8.8,7.4,6.6,5.7,64.2
898,C,0,0,7.3,6.6,7.8,6.4,46.8
898,D,1,1,8.0,10,9.5,7.3,91.3
899,A,1,0,7.1,5.9,4.3,8.6,59.8
899,B,1,1,5.1,7.2,7.0,5.1,74.0
899,C,0,1,7.3,8.0,4.0,5.6,58.2
899,D,1,1,7.4,7.9,8.3,7.3,84.8
900,A,0,1,6.7,8.0,10.0,7.9,71.0
900,B,1,0,5.2,8.6,6.6,5.7,60.2
900,C,1,0,8.4,4.8,7.9,5.1,60.3
900,D,1,1,8.8,7.3,7.4,4.8,80.5
901,A,1,0,6.3,7.3,5.9,8.9,64.0
901,B,0,1,6.8,7.5,8.1,5.2,62.7
901,C,1,0,6.4,5.0,7.5,8.8,62.8
901,D,1,1,6.7,8.2,7.9,6.5,82.2
902,A,1,0,6.8,4.5,7.0,7.7,60.0
902,B,1,0,6.8,8.4,9.2,4.7,65.2
902,C,1,1,8.2,7.8,10.0,7.4,89.0
902,D,1,1,7.8,8.4,7.4,7.2,84.7
903,A,1,1,5.8,4.6,6.2,6.8,72.3
903,B,1,0,6.3,8.9,8.2,8.5,69.8
903,C,0,0,9.0,7.0,5.3,5.6,44.8
903,D,1,0,9.6,7.7,8.2,6.4,69.8
904,A,1,0,5.5,5.6,6.1,7.4,57.7
904,B,1,1,7.3,7.4,6.7,6.1,79.2
904,C,1,1,7.2,7.0,7.9,7.3,82.3
904,D,1,1,9.6,8.8,7.8,7.3,89.2
905,A,1,1,5.0,5.6,7.6,6.9,75.2
905,B,0,1,7.5,6.6,7.5,6.5,63.5
905,C,1,0,8.1,6.5,9.3,6.9,68.0
905,D,1,0,8.5,8.8,8.3,4.9,67.5
906,A,1,0,6.6,6.5,6.2,8.4,62.8
906,B,0,1,8.0,6.7,7.8,5.9,64.0
906,C,0,1,6.1,8.1,6.2,5.7,60.2
906,D,1,0,9.0,8.7,7.8,8.3,73.0
907,A,1,1,6.6,5.4,5.8,8.5,77.2
907,B,1,1,6.3,7.9,7.6,6.9,81.2
907,C,1,1,8.6,5.5,4.0,5.9,73.3
907,D,1,1,7.9,8.5,9.3,7.4,88.5
908,A,0,1,6.5,3.0,4.8,9.5,56.3
908,B,0,1,7.7,10,6.2,8.6,70.8
908,C,1,1,8.3,5.4,9.4,4.7,79.7
908,D,1,1,5.4,9.2,6.2,8.3,81.8
909,A,1,0,7.1,4.1,5.2,6.2,54.3
909,B,0,0,7.7,7.0,6.9,7.7,48.8
909,C,1,0,5.9,6.7,7.8,3.3,56.2
909,D,1,0,8.1,7.6,6.9,7.0,66.0
910,A,0,0,5.9,6.8,6.3,7.9,44.8
910,B,1,0,6.7,8.3,7.6,8.5,68.5
910,C,0,1,9.3,5.6,10,4.6,65.8
910,D,0,1,8.9,3.4,5.0,7.8,58.5
911,A,0,0,7.6,4.7,4.9,9.3,44.2
911,B,1,0,5.7,8.5,6.2,7.7,63.5
911,C,0,1,6.9,6.5,7.3,5.4,60.2
911,D,1,0,5.0,9.0,9.3,7.2,67.5
912,A,1,1,6.6,6.8,4.2,9.8,79.0
912,B,1,1,6.5,5.6,5.1,6.4,72.7
912,C,0,0,7.6,5.6,8.9,6.2,47.2
912,D,0,1,6.6,6.3,7.2,7.0,61.8
913,A,0,0,5.3,5.9,4.5,7.0,37.8
913,B,1,1,6.8,7.4,7.9,8.6,84.5
913,C,1,1,7.2,7.1,7.2,8.4,83.2
913,D,0,1,7.1,6.8,9.2,6.4,65.8
914,A,1,0,7.0,8.4,3.6,5.7,57.8
914,B,1,0,7.0,6.1,5.5,5.1,56.2
914,C,1,1,5.9,6.3,7.5,6.5,77.0
914,D,1,0,7.3,7.4,7.4,7.6,66.2
915,A,0,0,7.4,4.2,4.7,8.6,41.5
915,B,1,0,7.7,9.6,6.6,7.7,69.3
915,C,0,1,4.4,7.1,8.6,8.2,63.8
915,D,1,1,8.8,6.9,9.1,7.9,87.8
916,A,0,0,6.8,4.3,6.0,8.0,41.8
916,B,1,0,6.4,8.1,7.3,8.9,67.8
916,C,0,1,7.9,6.3,9.6,6.4,67.0
916,D,1,0,8.3,6.0,10,7.4,69.5
917,A,1,0,7.1,6.5,2.8,6.0,54.0
917,B,0,0,7.4,6.8,8.1,7.3,49.3
917,C,1,1,9.0,5.8,6.4,7.8,81.7
917,D,1,0,7.5,8.0,8.1,6.8,67.3
918,A,1,1,4.2,5.4,5.0,7.2,69.7
918,B,1,0,7.4,7.3,7.7,6.5,64.8
918,C,1,0,8.4,7.7,7.9,5.7,66.2
918,D,0,1,8.3,6.6,7.7,6.7,65.5
919,A,1,0,4.9,5.6,8.7,8.6,63.0
919,B,0,0,4.9,6.5,6.1,7.2,41.2
919,C,1,1,9.4,6.6,7.4,8.1,85.8
919,D,1,1,8.8,9.5,9.3,6.0,89.3
920,A,1,1,6.1,4.2,4.8,7.4,70.8
920,B,1,0,5.6,6.0,8.4,5.7,59.5
920,C,0,0,6.9,7.4,7.3,5.4,45.0
920,D,1,1,6.1,6.3,7.2,8.4,80.0
921,A,0,1,6.8,4.6,5.2,8.9,59.2
921,B,0,1,10,5.8,7.6,6.1,65.8
921,C,1,0,7.2,8.5,7.0,6.7,65.7
921,D,0,0,6.5,7.7,8.7,7.0,49.8
922,A,1,1,6.0,5.0,3.6,7.1,69.5
922,B,1,1,7.1,7.3,9.0,6.8,83.7
922,C,1,1,6.9,6.7,8.2,6.0,79.7
922,D,1,1,8.0,10,9.6,7.5,91.8
923,A,1,0,6.5,5.6,4.6,9.2,59.8
923,B,1,1,4.9,9.0,8.4,4.8,78.5
923,C,1,1,6.8,5.6,6.2,7.3,76.5
923,D,1,0,6.9,6.9,8.3,5.9,63.3
924,A,1,0,3.7,4.5,7.0,6.6,53.0
924,B,1,1,6.2,7.8,7.3,6.4,79.5
924,C,1,0,8.0,4.2,6.5,6.3,58.3
924,D,1,0,8.4,7.5,7.0,9.1,70.0
925,A,0,1,5.1,5.9,5.8,9.5,60.5
925,B,1,0,5.7,5.8,6.6,5.9,56.7
925,C,1,0,8.0,5.9,8.1,6.9,64.8
925,D,1,0,9.0,6.2,8.7,8.0,69.8
926,A,1,1,4.5,6.4,7.3,8.1,77.2
926,B,1,1,6.2,9.2,8.8,6.0,83.7
926,C,1,1,6.3,5.8,7.2,5.9,75.3
926,D,1,1,7.7,5.1,9.8,5.0,79.3
927,A,1,1,7.2,5.5,6.5,8.5,79.5
927,B,0,0,5.6,4.7,6.3,5.3,36.5
927,C,1,0,7.7,5.2,5.2,6.4,57.5
927,D,0,0,8.3,5.6,9.7,8.0,52.7
928,A,1,0,6.3,5.9,6.4,9.0,62.7
928,B,1,1,9.0,7.0,5.4,7.8,82.0
928,C,1,1,6.3,3.6,7.5,4.8,70.3
928,D,0,1,7.0,8.0,7.7,6.4,65.2
929,A,1,0,4.5,7.8,7.5,8.6,64.0
929,B,1,0,9.1,7.3,7.3,7.1,68.0
929,C,0,1,7.2,5.7,9.4,6.6,64.8
929,D,1,0,5.5,8.0,10,7.7,68.7
930,A,1,0,7.1,5.4,6.1,6.4,58.3
930,B,1,1,6.8,4.9,7.5,6.3,75.8
930,C,1,0,7.9,6.0,10,7.4,68.8
930,D,1,1,7.5,7.7,6.5,8.1,83.0
931,A,0,0,5.4,4.2,7.4,9.3,43.8
931,B,1,0,7.7,6.9,7.1,9.0,67.8
931,C,1,0,7.4,6.0,10,5.2,64.3
931,D,1,0,7.9,6.2,6.8,6.1,61.7
932,A,1,0,5.5,4.6,5.7,6.4,53.7
932,B,1,1,8.6,6.2,8.2,6.4,82.3
932,C,1,0,6.3,6.2,7.5,6.9,61.5
932,D,1,1,7.2,6.5,7.2,9.6,84.2
933,A,0,0,7.2,6.0,5.7,7.2,43.5
933,B,1,1,8.5,6.6,9.0,8.8,88.2
933,C,1,1,5.2,6.0,9.3,5.1,76.0
933,D,0,0,7.9,4.1,6.7,7.8,44.2
934,A,0,0,7.4,4.2,5.1,10,44.5
934,B,1,0,6.9,6.3,8.6,6.7,64.2
934,C,0,0,7.6,6.9,6.9,6.7,46.8
934,D,0,1,5.9,7.8,9.6,10.0,72.2
935,A,1,0,7.0,5.1,6.0,4.6,54.5
935,B,1,0,6.4,5.8,7.2,6.2,59.3
935,C,1,1,6.3,5.7,7.8,4.7,74.2
935,D,1,0,6.5,7.7,8.7,8.4,68.8
936,A,1,0,7.5,6.4,9.2,8.1,68.7
936,B,1,0,6.9,7.7,7.8,9.0,69.0
936,C,0,1,7.0,5.2,7.1,8.4,62.8
936,D,1,0,9.2,9.6,9.9,8.6,78.8
937,A,0,0,7.2,5.3,4.8,8.4,42.8
937,B,0,0,9.1,7.9,5.0,4.5,44.2
937,C,0,0,7.5,5.3,6.7,4.5,40.0
937,D,1,1,5.9,7.2,9.0,8.3,84.0
938,A,1,1,5.5,3.4,4.7,9.5,71.8
938,B,1,1,7.1,7.0,5.7,8.4,80.3
938,C,1,1,6.4,4.1,9.6,6.5,77.7
938,D,1,0,8.5,6.5,8.8,6.7,67.5
939,A,1,1,4.0,6.0,5.3,6.2,69.2
939,B,1,0,7.2,9.7,8.0,6.9,69.7
939,C,1,0,9.6,5.9,7.3,7.3,66.8
939,D,1,1,8.4,4.7,10,7.8,84.8
940,A,0,0,5.7,4.0,5.8,9.0,40.8
940,B,1,0,6.0,6.9,8.2,6.4,62.5
940,C,0,1,6.0,6.9,6.5,5.6,58.3
940,D,0,0,7.7,6.4,9.9,6.7,51.2
941,A,0,1,5.5,5.2,4.1,9.0,56.3
941,B,0,0,8.0,9.8,9.0,5.4,53.7
941,C,1,0,8.5,5.4,8.8,7.1,66.3
941,D,1,0,8.2,5.4,8.3,6.6,64.2
942,A,0,0,5.8,4.1,6.5,5.9,37.2
942,B,1,0,7.6,7.2,6.5,7.1,64.0
942,C,0,1,10,4.3,9.2,6.2,66.2
942,D,1,1,9.1,6.7,6.7,7.1,82.7
943,A,1,1,7.8,6.7,5.6,8.8,81.5
943,B,1,1,7.5,7.9,7.1,6.8,82.2
943,C,1,0,8.9,5.2,8.6,5.5,63.7
943,D,1,0,8.3,6.5,6.6,8.2,66.0
944,A,1,0,5.1,7.0,7.2,7.9,62.0
944,B,0,1,8.3,8.1,7.9,6.5,68.0
944,C,0,1,10,6.7,7.5,4.2,64.0
944,D,1,1,7.3,6.8,9.1,6.0,82.0
945,A,1,0,5.1,3.8,7.0,7.2,55.2
945,B,1,0,7.2,7.0,9.3,6.2,66.2
945,C,0,1,6.3,6.2,9.5,7.7,66.2
945,D,1,1,8.7,6.3,7.4,8.0,84.0
946,A,1,1,5.8,4.7,4.9,6.2,69.3
946,B,0,1,6.5,9.6,8.3,7.0,69.0
946,C,0,1,5.6,6.0,6.6,6.5,57.8
946,D,0,0,5.9,3.9,9.0,9.1,46.5
947,A,1,0,4.1,3.2,4.4,8.1,49.7
947,B,0,1,7.2,5.8,6.7,7.1,61.3
947,C,1,0,8.4,7.0,8.0,5.6,65.0
947,D,1,1,8.4,6.4,6.0,7.0,79.7
948,A,1,0,8.4,4.3,5.2,7.7,59.3
948,B,1,1,4.9,7.1,6.6,5.9,74.2
948,C,0,0,6.7,8.7,8.6,6.9,51.5
948,D,1,1,7.0,6.3,9.4,7.6,83.8
949,A,1,0,5.6,4.1,5.7,7.7,55.2
949,B,1,0,7.7,6.8,8.2,7.8,67.5
949,C,0,0,6.1,7.8,5.1,6.0,41.7
949,D,1,0,7.0,6.9,8.6,7.0,65.8
950,A,0,1,6.9,6.0,4.6,8.0,59.2
950,B,0,0,7.5,6.6,7.2,5.9,45.3
950,C,0,1,6.6,5.9,7.5,3.7,56.2
950,D,1,0,6.7,7.3,9.3,7.7,68.3
951,A,0,0,5.6,7.1,4.9,7.8,42.3
951,B,1,1,7.2,9.3,6.1,8.0,84.3
951,C,1,0,5.3,6.2,6.8,6.6,58.2
951,D,1,0,5.1,8.0,6.9,7.3,62.2
952,A,1,1,4.5,6.3,5.8,6.4,71.7
952,B,1,1,7.4,7.2,6.4,8.8,83.0
952,C,1,0,4.2,4.8,7.9,7.6,57.5
952,D,1,1,10,10,6.2,9.1,92.2
953,A,1,0,6.4,5.3,6.1,7.4,58.7
953,B,1,1,7.7,8.0,6.3,6.4,80.7
953,C,0,1,6.6,9.0,8.8,7.5,69.8
953,D,1,1,7.5,7.5,7.0,6.5,80.8
954,A,0,1,5.3,3.6,6.7,7.8,55.7
954,B,1,0,7.5,7.4,7.0,4.0,59.8
954,C,0,0,8.6,7.4,7.3,7.1,50.7
954,D,1,1,6.4,7.7,9.6,7.2,84.8
955,A,1,1,6.7,6.7,9.0,8.3,84.5
955,B,1,1,8.1,7.5,7.7,4.4,79.5
955,C,0,0,6.9,7.4,8.3,7.1,49.5
955,D,1,1,7.3,7.7,5.8,7.0,79.7
956,A,1,0,4.8,4.2,6.4,7.9,55.5
956,B,1,1,6.9,10,6.1,9.3,87.2
956,C,0,1,6.9,7.4,10,6.1,67.3
956,D,0,1,4.3,8.3,6.5,7.8,61.5
957,A,1,1,5.7,6.7,4.5,8.1,75.0
957,B,0,0,5.2,6.6,6.7,8.3,44.7
957,C,1,1,8.7,5.7,7.9,5.9,80.3
957,D,1,0,7.2,6.0,5.0,5.0,55.3
958,A,1,0,8.2,4.9,5.0,5.9,56.7
958,B,0,1,3.8,6.6,7.8,5.9,56.8
958,C,1,1,8.5,4.9,6.1,4.6,73.5
958,D,1,1,7.1,7.3,8.6,5.4,80.7
959,A,1,1,4.7,5.1,4.1,7.9,69.7
959,B,1,1,6.4,7.7,5.4,7.8,78.8
959,C,1,0,7.1,4.8,6.7,7.6,60.3
959,D,1,1,9.0,9.2,7.7,8.9,91.3
960,A,0,0,6.5,4.5,6.4,10,45.7
960,B,1,1,6.8,7.1,7.4,6.4,79.5
960,C,1,1,8.5,7.2,7.2,5.8,81.2
960,D,1,1,8.3,9.2,9.2,6.8,89.2
961,A,0,0,6.1,4.1,5.9,6.9,38.3
961,B,1,1,5.9,7.1,6.9,8.4,80.5
961,C,1,0,7.0,7.0,7.5,6.6,63.5
961,D,1,1,7.8,5.7,8.3,7.6,82.3
962,A,1,0,7.8,5.4,5.2,9.3,62.8
962,B,1,0,8.6,6.8,8.5,4.8,64.5
962,C,1,1,9.8,5.6,8.7,7.4,85.8
962,D,0,0,9.1,8.2,8.7,7.5,55.8
963,A,1,1,5.3,5.9,5.1,9.1,75.7
963,B,1,0,7.3,8.5,6.9,9.6,70.5
963,C,1,1,7.6,5.5,6.5,5.7,75.5
963,D,1,1,8.2,5.2,8.2,4.3,76.5
964,A,0,0,5.0,5.4,5.2,9.2,41.3
964,B,0,1,7.5,8.3,8.8,5.5,66.8
964,C,1,1,6.1,5.4,7.6,7.4,77.5
964,D,0,0,8.4,6.7,8.8,6.3,50.3
965,A,1,1,6.4,5.3,5.8,6.6,73.5
965,B,0,0,7.3,7.9,5.5,6.6,45.5
965,C,0,1,5.8,6.9,10,6.4,65.2
965,D,1,1,7.1,6.9,8.2,6.2,80.7
966,A,0,0,6.0,4.2,4.1,5.1,32.3
966,B,1,1,6.6,5.9,5.6,4.5,71.0
966,C,1,0,10.0,8.0,8.7,5.2,69.8
966,D,1,1,6.6,6.4,8.6,5.7,78.8
967,A,1,1,6.4,6.6,6.9,5.9,76.3
967,B,1,0,7.1,7.2,3.6,6.8,57.8
967,C,1,1,7.9,5.6,5.4,7.9,78.0
967,D,1,0,6.2,9.4,8.5,9.6,72.8
968,A,1,0,7.9,5.4,5.1,6.9,58.8
968,B,1,1,5.3,7.5,5.7,7.9,77.3
968,C,1,1,6.6,5.9,8.3,7.0,79.7
968,D,0,1,8.9,5.9,7.1,8.1,66.7
969,A,1,0,6.2,5.9,5.3,6.0,55.7
969,B,1,1,7.6,7.7,7.7,6.5,82.5
969,C,1,0,8.7,7.0,7.0,4.4,61.8
969,D,1,1,6.5,5.0,10,6.9,80.7
970,A,1,0,6.7,3.0,5.7,9.4,58.0
970,B,1,0,7.7,7.0,3.7,8.4,61.3
970,C,0,0,6.3,5.6,8.1,7.4,45.7
970,D,1,1,7.3,8.2,10,8.9,90.7
971,A,1,1,4.8,6.5,4.2,6.8,70.5
971,B,1,0,5.1,6.0,6.7,6.2,56.7
971,C,0,0,9.3,4.9,5.3,5.5,41.7
971,D,1,0,7.2,8.4,7.4,6.1,65.2
972,A,0,0,4.9,6.7,6.7,5.4,39.5
972,B,0,1,6.8,6.2,6.7,6.7,60.7
972,C,1,0,6.4,8.4,7.3,6.3,64.0
972,D,1,1,6.6,4.8,9.7,6.6,79.5
973,A,1,0,6.0,6.0,3.8,5.9,52.8
973,B,1,0,8.4,7.7,5.7,6.3,63.5
973,C,1,1,8.8,4.5,6.0,7.3,77.7
973,D,0,0,5.3,6.6,8.1,7.3,45.5
974,A,0,1,5.3,5.5,5.4,5.5,52.8
974,B,0,0,5.9,8.3,7.6,7.0,48.0
974,C,1,0,7.7,5.0,6.7,8.0,62.3
974,D,1,1,7.9,6.2,9.8,5.9,83.0
975,A,1,0,7.8,3.2,6.4,8.8,60.3
975,B,1,1,6.4,8.7,8.5,3.9,79.2
975,C,0,1,5.8,6.9,7.9,7.3,63.2
975,D,0,0,6.8,8.1,8.5,6.9,50.5
976,A,0,1,6.4,5.9,4.7,6.7,56.2
976,B,1,0,9.6,7.8,7.5,8.2,71.8
976,C,0,1,7.9,7.2,6.0,7.4,64.2
976,D,1,1,10,8.1,10,7.6,92.8
977,A,0,1,6.5,4.6,5.6,6.8,55.8
977,B,1,0,7.8,5.9,10,6.8,67.5
977,C,0,0,8.2,6.5,7.1,4.5,43.8
977,D,1,1,8.8,6.4,7.8,7.0,83.3
978,A,1,1,6.4,7.1,7.1,6.7,78.8
978,B,1,1,8.7,8.6,8.9,6.0,87.0
978,C,1,0,7.3,8.2,5.9,6.6,63.3
978,D,1,1,6.2,6.3,6.6,7.3,77.3
979,A,1,0,5.4,4.2,6.0,7.9,55.8
979,B,1,0,7.9,9.0,7.7,7.3,69.8
979,C,1,1,8.3,7.5,7.4,6.0,82.0
979,D,1,1,9.8,6.0,9.7,8.4,89.8
980,A,1,1,6.7,5.5,3.8,5.5,69.2
980,B,1,0,8.6,9.4,8.4,7.0,72.3
980,C,0,1,6.7,5.5,7.3,6.4,59.8
980,D,1,0,5.5,5.6,5.6,6.6,55.5
981,A,1,0,5.2,5.0,4.9,8.8,56.5
981,B,1,1,7.1,8.0,9.5,5.1,82.8
981,C,0,1,6.1,4.6,8.4,5.6,57.8
981,D,1,1,9.9,7.1,9.2,6.6,88.0
982,A,1,1,6.3,4.8,5.6,7.1,73.0
982,B,0,1,5.8,7.7,9.0,6.8,65.5
982,C,1,0,5.6,5.5,9.4,4.0,57.5
982,D,1,1,7.4,8.6,7.9,7.1,85.0
983,A,1,0,5.7,4.9,5.4,6.8,54.7
983,B,1,0,5.7,6.9,6.6,8.0,62.0
983,C,1,1,8.2,5.0,9.1,7.9,83.7
983,D,0,0,8.6,7.4,7.8,7.4,52.0
984,A,1,0,6.3,4.4,6.2,9.1,60.0
984,B,1,0,5.3,7.8,7.2,5.7,60.0
984,C,1,0,8.6,4.2,10,8.3,68.5
984,D,1,1,10,10,8.9,7.3,93.7
985,A,1,0,6.0,6.8,3.6,7.4,56.3
985,B,0,1,6.7,7.5,7.0,5.7,61.5
985,C,1,1,7.6,6.6,7.6,8.1,83.2
985,D,1,0,7.9,10,6.8,8.0,71.2
986,A,0,0,5.8,4.1,6.2,7.0,38.5
986,B,1,0,8.7,7.6,7.4,6.3,66.7
986,C,0,1,6.3,6.0,6.6,7.2,60.2
986,D,1,0,6.8,8.3,7.6,7.6,67.2
987,A,1,0,7.5,5.1,6.8,7.3,61.2
987,B,1,1,6.7,4.3,6.3,6.7,73.3
987,C,1,0,6.8,8.2,10,5.9,68.2
987,D,1,0,8.6,9.3,7.8,8.8,74.2
988,A,0,0,6.6,7.4,6.3,7.2,45.8
988,B,0,1,7.4,5.8,5.6,7.4,60.3
988,C,0,0,6.4,6.5,8.9,7.4,48.7
988,D,1,0,5.7,5.8,8.7,4.8,58.3
989,A,1,1,4.5,5.6,5.2,8.2,72.5
989,B,0,0,5.1,7.6,6.8,7.3,44.7
989,C,1,0,8.5,6.4,6.6,6.6,63.5
989,D,1,0,5.9,7.6,7.0,6.0,60.8
990,A,1,0,4.9,2.9,4.6,8.6,51.7
990,B,1,1,5.8,5.4,8.4,7.9,79.2
990,C,0,1,6.9,5.9,10,5.7,64.2
990,D,1,1,8.0,7.3,10,6.5,86.3
991,A,1,0,7.9,5.7,5.3,7.0,59.8
991,B,0,0,4.4,6.9,7.0,4.9,38.7
991,C,0,0,8.0,7.4,5.4,5.8,44.3
991,D,1,1,5.4,6.4,8.4,7.4,79.3
992,A,1,0,6.1,6.1,6.2,10,64.0
992,B,0,1,7.0,8.3,6.6,8.1,66.7
992,C,0,1,6.3,6.4,6.9,5.6,58.7
992,D,1,1,6.5,7.0,6.9,5.9,77.2
993,A,0,1,6.6,5.9,2.9,7.4,54.7
993,B,0,1,7.4,7.2,7.2,6.5,63.8
993,C,1,0,5.8,9.9,7.9,5.9,65.8
993,D,1,0,7.2,7.8,8.9,7.1,68.3
994,A,1,1,7.0,5.7,5.4,8.4,77.5
994,B,1,0,6.8,8.5,5.4,5.2,59.8
994,C,1,1,7.0,6.8,6.3,6.5,77.7
994,D,1,0,5.9,6.9,6.7,6.2,59.5
995,A,1,0,7.6,4.0,5.6,6.8,56.7
995,B,0,1,8.6,8.0,6.5,7.1,67.0
995,C,1,0,7.9,5.5,9.5,7.8,67.8
995,D,1,1,6.9,6.6,10,7.5,85.0
996,A,1,1,6.9,6.0,3.6,7.6,73.5
996,B,0,1,8.2,7.2,6.6,6.5,64.2
996,C,0,0,6.4,6.8,8.6,7.4,48.7
996,D,0,0,7.9,8.0,8.7,8.4,55.0
997,A,1,0,7.4,3.6,6.4,7.6,58.3
997,B,1,0,7.3,7.4,6.9,7.0,64.3
997,C,1,1,5.3,7.2,7.8,4.7,75.0
997,D,1,1,7.9,8.7,7.3,8.0,86.5
998,A,1,0,8.2,5.8,6.7,7.3,63.3
998,B,1,0,6.5,7.5,8.8,6.0,64.7
998,C,0,1,6.8,6.4,6.7,6.0,59.8
998,D,1,1,9.1,7.3,7.8,8.7,88.2
999,A,1,1,7.9,6.6,4.7,7.1,77.2
999,B,0,1,6.8,5.3,6.6,6.4,58.5
999,C,1,0,3.6,6.3,7.5,5.5,54.8
999,D,1,0,10.0,7.2,7.7,7.6,70.8
1000,A,0,1,7.0,6.1,7.2,9.7,66.7
1000,B,1,0,6.2,6.7,8.0,8.9,66.3
1000,C,1,0,8.5,6.6,8.4,7.4,68.2
1000,D,1,0,9.2,7.2,8.7,7.2,70.5
1001,A,0,1,4.7,7.1,4.6,9.1,59.2
1001,B,1,1,6.6,8.1,7.5,5.1,78.8
1001,C,1,0,8.1,5.1,9.6,7.1,66.5
1001,D,1,1,7.8,6.9,7.8,6.3,81.3
1002,A,1,1,5.5,7.6,7.0,5.8,76.5
1002,B,1,1,7.3,9.2,6.8,5.8,81.8
1002,C,1,1,5.5,6.6,9.1,5.7,78.2
1002,D,1,1,7.9,7.5,10,7.1,87.5
1003,A,1,0,6.2,5.1,4.9,9.4,59.3
1003,B,1,0,7.1,7.6,8.8,9.2,71.2
1003,C,0,1,8.1,6.8,10.0,6.1,68.3
1003,D,1,1,4.3,7.7,9.0,9.6,84.3
1004,A,1,1,8.2,3.5,2.5,7.0,68.7
1004,B,1,1,5.3,6.1,5.7,6.1,72.0
1004,C,1,1,7.4,7.8,8.6,5.8,82.7
1004,D,1,1,6.8,5.9,8.6,6.7,80.0
1005,A,1,0,7.0,4.8,8.0,8.1,63.2
1005,B,1,0,7.0,8.6,10,6.8,70.7
1005,C,0,1,7.0,6.5,5.4,9.4,63.8
1005,D,1,1,6.9,7.5,7.9,7.1,82.3
1006,A,0,1,8.3,4.1,4.2,8.9,59.2
1006,B,1,0,6.4,7.9,8.1,6.6,65.0
1006,C,0,1,8.0,6.8,7.6,6.3,64.5
1006,D,1,0,7.3,4.5,7.4,7.8,61.7
1007,A,0,1,5.5,5.6,6.7,7.6,59.0
1007,B,0,1,7.0,8.3,7.0,6.5,64.7
1007,C,1,1,7.1,5.7,8.0,6.1,78.2
1007,D,1,0,6.4,10,7.8,8.1,70.5
1008,A,1,0,6.6,5.6,5.4,7.8,59.0
1008,B,1,1,5.6,8.7,7.4,3.9,76.0
1008,C,1,1,8.9,7.2,7.9,4.6,81.0
1008,D,1,0,8.2,7.7,9.0,10.0,74.8
1009,A,1,0,6.6,4.2,5.8,8.5,58.5
1009,B,0,0,7.0,6.1,7.6,6.3,45.0
1009,C,1,0,9.1,6.3,5.9,4.0,58.8
1009,D,0,0,6.5,7.1,7.4,8.3,48.8
1010,A,0,0,6.5,8.7,5.2,7.3,46.2
1010,B,1,1,6.5,7.0,7.3,7.2,80.0
1010,C,1,0,7.1,8.8,7.6,7.0,67.5
1010,D,1,0,8.2,6.4,7.6,8.0,67.0
1011,A,1,0,5.4,4.1,4.6,9.4,55.8
1011,B,1,0,9.2,6.4,6.2,7.8,66.0
1011,C,1,0,8.1,6.9,9.5,6.9,69.0
1011,D,0,1,6.4,9.6,8.0,4.5,64.2
1012,A,1,0,5.9,6.2,5.2,7.9,58.7
1012,B,1,1,9.5,5.4,6.5,7.8,82.0
1012,C,0,0,7.6,6.4,6.4,4.2,41.0
1012,D,1,1,8.4,6.6,6.5,6.0,79.2
1013,A,1,0,5.5,4.1,7.9,8.5,60.0
1013,B,1,1,6.6,8.8,6.7,7.1,82.0
1013,C,0,1,6.9,5.5,8.2,4.5,58.5
1013,D,1,0,8.0,9.3,9.0,6.9,72.0
1014,A,0,1,5.0,2.6,5.1,8.2,51.5
1014,B,1,1,5.2,7.6,8.2,6.9,79.8
1014,C,0,0,6.6,4.4,8.8,6.2,43.3
1014,D,0,0,8.7,8.1,9.5,5.0,52.2
1015,A,1,1,5.2,3.9,4.6,8.8,70.8
1015,B,1,0,5.7,7.2,6.2,7.5,61.0
1015,C,0,0,7.2,5.1,6.9,6.4,42.7
1015,D,0,0,8.6,6.6,8.6,7.4,52.0
1016,A,1,0,2.6,5.0,5.5,7.9,51.7
1016,B,1,1,7.3,6.6,7.3,7.5,81.2
1016,C,0,0,6.1,6.7,7.4,7.3,45.8
1016,D,1,1,9.0,8.3,8.0,4.8,83.5
1017,A,1,0,4.3,3.3,7.4,6.2,52.0
1017,B,1,0,6.4,5.1,7.4,4.1,55.0
1017,C,1,0,6.1,7.3,9.6,6.3,65.5
1017,D,1,1,6.8,6.0,7.6,6.3,77.8
1018,A,1,0,5.6,5.4,6.1,6.2,55.5
1018,B,1,1,7.8,9.0,5.2,6.3,80.5
1018,C,0,1,6.2,7.6,6.1,7.5,62.3
1018,D,1,1,9.5,5.9,7.7,7.5,84.3
1019,A,1,1,4.8,5.7,6.4,8.5,75.7
1019,B,1,1,8.3,5.3,10,6.7,83.8
1019,C,1,0,7.2,6.6,7.2,8.1,65.2
1019,D,1,1,8.1,7.5,9.1,8.4,88.5
1020,A,0,1,4.8,5.4,4.9,6.2,52.2
1020,B,0,1,6.9,7.2,7.5,8.3,66.5
1020,C,0,0,9.8,7.4,7.4,6.5,51.8
1020,D,1,1,9.4,7.7,7.9,6.4,85.7
1021,A,1,1,5.8,6.9,7.4,8.7,81.3
1021,B,1,1,7.5,7.3,5.2,5.6,76.0
1021,C,0,1,7.3,5.3,7.4,6.4,60.7
1021,D,1,1,7.3,4.8,7.1,7.6,78.0
1022,A,1,1,5.5,6.1,5.0,9.2,76.3
1022,B,0,1,7.5,8.3,7.7,6.7,67.0
1022,C,1,0,5.3,6.2,8.4,6.2,60.2
1022,D,0,1,7.2,7.4,6.3,5.1,60.0
1023,A,1,0,9.5,2.6,5.3,7.7,58.5
1023,B,1,0,7.3,8.3,7.6,7.1,67.2
1023,C,0,0,8.4,7.2,9.4,7.4,54.0
1023,D,1,1,6.2,6.0,7.1,6.2,75.8
1024,A,0,0,4.4,5.8,5.2,5.4,34.7
1024,B,1,1,5.4,5.3,8.2,6.9,76.3
1024,C,1,1,6.2,6.6,6.2,7.7,77.8
1024,D,1,1,8.9,6.8,6.9,7.4,83.3
1025,A,1,1,4.3,7.1,5.0,6.9,72.2
1025,B,1,0,9.3,6.7,6.4,6.5,64.8
1025,C,1,0,7.5,6.8,6.2,7.0,62.5
1025,D,1,1,7.5,7.3,6.9,7.3,81.7
1026,A,1,0,6.9,3.7,5.3,8.6,57.5
1026,B,1,1,8.5,6.4,8.7,7.2,84.7
1026,C,1,1,6.3,8.8,9.0,6.0,83.5
1026,D,1,0,9.3,7.0,5.6,6.3,63.7
1027,A,0,1,9.2,3.8,7.3,8.5,64.7
1027,B,1,1,5.3,8.1,8.4,6.7,80.8
1027,C,1,0,9.4,4.7,9.8,6.7,67.7
1027,D,1,1,7.8,7.0,10,8.2,88.3
1028,A,1,0,3.2,6.5,4.3,5.0,48.3
1028,B,0,1,6.1,7.0,7.9,4.7,59.5
1028,C,1,0,9.4,5.0,7.5,6.1,63.3
1028,D,1,1,6.9,5.6,8.6,5.9,78.3
1029,A,1,0,6.6,3.9,5.8,7.2,55.8
1029,B,0,0,6.6,8.3,4.2,4.3,39.0
1029,C,1,0,7.4,7.0,7.3,8.0,66.2
1029,D,1,1,7.5,6.3,8.3,8.3,84.0
1030,A,0,0,4.7,3.9,5.2,7.8,36.0
1030,B,0,1,7.6,10,6.7,7.4,69.5
1030,C,1,0,7.2,4.5,7.8,6.4,59.8
1030,D,0,0,9.2,6.2,8.7,6.8,51.5
1031,A,0,1,5.3,6.8,6.5,6.2,58.0
1031,B,1,0,7.2,7.2,8.1,5.7,63.7
1031,C,1,0,6.2,7.4,8.5,7.1,65.3
1031,D,1,0,6.1,7.5,7.0,7.0,62.7
1032,A,1,1,6.3,8.5,5.6,7.9,80.5
1032,B,1,0,8.0,9.7,5.9,5.9,65.8
1032,C,1,1,7.9,6.7,6.1,8.3,81.7
1032,D,1,1,8.0,5.9,6.6,5.0,75.8
1033,A,1,1,6.7,2.3,6.7,10,76.2
1033,B,0,1,7.9,7.2,6.8,6.2,63.5
1033,C,0,0,6.0,6.5,7.1,7.3,44.8
1033,D,1,1,7.9,5.8,6.9,6.1,77.8
1034,A,0,0,6.1,5.9,7.8,8.9,47.8
1034,B,0,0,5.8,7.2,7.7,8.5,48.7
1034,C,1,1,6.0,5.5,8.7,8.2,80.7
1034,D,1,0,7.5,9.4,8.7,7.1,71.2
1035,A,0,1,4.6,2.4,5.8,5.8,47.7
1035,B,1,0,7.0,7.0,7.5,6.7,63.7
1035,C,1,1,7.9,5.2,8.3,7.3,81.2
1035,D,1,0,7.4,7.0,7.2,5.1,61.2
1036,A,1,1,7.4,5.7,6.4,5.9,75.7
1036,B,1,1,7.0,7.9,6.8,6.9,81.0
1036,C,1,0,9.8,5.4,5.7,6.3,62.0
1036,D,1,1,7.0,8.3,7.0,7.9,83.7
1037,A,0,1,7.0,4.4,4.1,7.5,55.0
1037,B,1,0,5.7,8.4,7.3,7.8,65.3
1037,C,1,1,6.7,5.2,7.1,5.7,74.5
1037,D,1,0,6.3,7.8,6.1,7.4,62.7
1038,A,1,0,6.0,7.4,5.3,7.3,60.0
1038,B,1,1,9.1,7.0,8.3,5.7,83.5
1038,C,1,1,7.2,4.3,6.5,6.9,74.8
1038,D,1,1,7.8,8.5,6.2,7.7,83.7
1039,A,1,0,6.5,5.4,4.6,7.6,56.8
1039,B,1,0,6.0,7.1,8.8,5.4,62.2
1039,C,1,0,7.7,6.8,8.2,7.5,67.0
1039,D,1,0,8.1,6.6,7.6,7.0,65.5
1040,A,0,0,5.4,6.0,6.5,7.5,42.3
1040,B,1,0,7.6,8.7,8.9,5.2,67.3
1040,C,1,0,6.6,3.1,6.1,5.1,51.5
1040,D,0,1,8.6,7.4,6.8,7.7,67.5
1041,A,0,1,7.1,4.2,5.2,8.5,58.3
1041,B,0,0,7.6,7.0,5.6,7.7,46.5
1041,C,1,1,5.6,8.8,9.3,9.0,87.8
1041,D,1,1,8.7,7.6,9.0,5.2,84.2
1042,A,0,0,5.5,3.6,7.5,7.5,40.2
1042,B,1,0,8.0,7.2,8.7,7.2,68.5
1042,C,1,1,7.1,4.6,8.7,5.5,76.5
1042,D,1,1,6.4,5.3,7.1,7.2,76.7
1043,A,0,1,5.1,4.4,6.4,9.4,58.8
1043,B,1,0,6.1,7.8,6.2,4.9,58.3
1043,C,1,1,6.6,7.0,6.4,5.0,75.0
1043,D,0,1,8.8,8.0,7.8,6.6,68.7
1044,A,0,0,4.8,4.8,6.9,7.8,40.5
1044,B,0,0,7.0,6.1,7.8,6.3,45.3
1044,C,1,1,7.7,7.0,8.2,6.4,82.2
1044,D,0,1,6.7,6.3,5.8,7.6,60.7
1045,A,1,1,7.2,7.2,4.7,6.2,75.5
1045,B,1,1,5.3,5.9,4.6,7.6,72.3
1045,C,1,1,6.3,8.0,7.9,5.4,79.3
1045,D,1,0,5.0,7.1,7.1,5.0,57.0
1046,A,1,1,6.0,3.9,5.3,7.6,71.3
1046,B,1,0,5.2,7.8,7.1,7.1,62.0
1046,C,1,1,7.4,6.9,8.9,8.2,85.7
1046,D,0,0,7.7,8.4,8.0,8.0,53.5
1047,A,0,0,6.5,3.9,4.6,7.7,37.8
1047,B,0,1,7.1,6.6,5.5,6.3,59.2
1047,C,1,1,9.5,6.8,6.6,7.1,83.3
1047,D,1,0,6.8,7.8,7.8,6.8,65.3
1048,A,1,0,7.1,6.7,6.6,7.1,62.5
1048,B,0,0,5.1,6.7,5.8,5.8,39.0
1048,C,1,1,7.6,6.0,7.9,6.5,80.0
1048,D,0,0,6.0,8.5,7.6,8.0,50.2
1049,A,0,0,5.6,5.2,8.0,8.6,45.7
1049,B,0,1,6.6,9.1,7.5,7.2,67.3
1049,C,0,0,7.2,7.5,8.3,4.6,46.0
1049,D,1,1,6.0,9.2,8.6,8.8,87.7
1050,A,1,1,6.3,5.6,4.3,8.4,74.3
1050,B,0,1,9.4,10.0,6.4,5.7,69.2
1050,C,1,0,7.8,4.8,7.2,6.5,60.5
1050,D,0,1,8.2,7.5,8.4,7.8,69.8
1051,A,0,0,5.6,5.4,5.3,7.6,39.8
1051,B,0,0,9.9,7.2,7.6,7.1,53.0
1051,C,1,0,8.0,5.3,7.2,7.6,63.5
1051,D,0,0,4.7,8.0,10,8.4,51.8
1052,A,1,0,4.9,4.1,7.8,9.0,59.7
1052,B,0,0,5.1,7.7,7.2,7.8,46.3
1052,C,1,1,4.5,7.4,9.1,6.6,79.3
1052,D,1,0,7.4,8.6,7.3,8.4,69.5
1053,A,0,1,4.8,4.3,8.7,7.7,59.2
1053,B,0,1,6.6,7.2,7.2,8.7,66.2
1053,C,0,1,7.8,7.9,5.9,6.7,63.8
1053,D,1,0,6.7,5.7,6.8,7.7,61.5
1054,A,0,0,5.4,4.2,3.8,8.8,37.0
1054,B,1,1,7.5,6.7,8.3,7.9,84.0
1054,C,1,0,6.5,5.8,9.4,7.7,65.7
1054,D,1,1,5.4,7.0,9.0,7.5,81.5
1055,A,0,1,6.5,5.2,6.9,8.8,62.3
1055,B,1,1,8.3,9.0,8.3,7.3,88.2
1055,C,0,1,7.3,5.8,8.5,6.5,63.5
1055,D,1,0,7.3,10,9.2,7.1,72.7
1056,A,0,0,8.3,4.4,6.4,9.0,46.8
1056,B,0,0,6.8,7.5,6.1,6.3,44.5
1056,C,1,0,9.5,4.8,7.5,8.8,67.7
1056,D,0,1,7.6,5.2,8.5,7.8,65.2
1057,A,1,1,5.3,5.5,7.0,6.6,74.0
1057,B,0,1,5.8,8.0,8.6,9.5,69.8
1057,C,0,1,6.3,6.8,9.3,5.5,63.2
1057,D,1,1,7.1,5.8,9.7,9.2,86.3
1058,A,0,0,6.3,4.7,3.5,5.8,33.8
1058,B,0,0,8.9,8.2,6.8,5.7,49.3
1058,C,1,0,6.7,6.9,9.0,6.6,65.3
1058,D,0,1,4.5,6.6,8.3,7.6,61.7
1059,A,0,1,6.2,5.4,7.2,8.4,62.0
1059,B,1,1,8.9,8.0,7.5,5.7,83.5
1059,C,1,0,6.0,6.2,6.0,6.5,57.8
1059,D,1,1,9.1,6.5,8.8,6.3,84.5
1060,A,1,0,6.4,6.4,5.5,8.7,61.7
1060,B,0,1,7.5,6.0,8.2,7.7,65.7
1060,C,0,1,6.7,5.5,7.8,7.3,62.2
1060,D,1,1,8.2,7.3,7.9,5.7,81.8
1061,A,1,0,5.6,6.0,4.0,7.9,55.8
1061,B,1,0,5.8,9.1,7.8,7.4,66.8
1061,C,1,0,9.6,4.9,9.3,5.3,65.2
1061,D,1,1,7.6,7.1,7.8,8.3,84.7
1062,A,1,0,7.5,7.0,6.0,7.9,64.0
1062,B,0,1,6.6,8.6,9.4,6.7,68.8
1062,C,1,0,7.7,6.3,7.3,5.5,61.3
1062,D,1,1,8.7,6.3,8.3,7.7,85.0
1063,A,1,0,6.5,5.4,5.3,7.3,57.5
1063,B,1,1,7.3,7.2,5.3,6.6,77.3
1063,C,0,0,7.7,6.8,8.2,6.5,48.7
1063,D,1,1,6.0,9.0,8.3,8.2,85.8
1064,A,0,0,5.3,5.7,6.9,7.2,41.8
1064,B,0,0,7.4,7.0,6.4,6.2,45.0
1064,C,1,0,7.6,6.6,8.6,7.2,66.7
1064,D,1,0,4.6,8.1,7.1,6.8,61.0
1065,A,1,1,4.9,4.9,5.8,9.9,75.8
1065,B,1,1,8.8,7.5,6.1,5.9,80.5
1065,C,1,0,7.6,6.2,7.1,7.1,63.3
1065,D,1,0,8.9,6.1,8.6,7.7,68.8
1066,A,1,1,5.0,6.9,6.2,7.7,76.3
1066,B,1,0,6.2,7.4,6.4,3.4,55.7
1066,C,1,0,8.5,5.1,8.5,5.5,62.7
1066,D,1,1,4.7,5.6,6.1,7.5,73.2
1067,A,1,0,7.0,3.8,6.0,8.4,58.7
1067,B,1,1,7.7,8.6,7.9,6.8,85.0
1067,C,0,0,5.3,7.1,8.0,7.5,46.5
1067,D,1,0,5.8,4.3,8.7,6.5,58.8
1068,A,1,1,4.8,5.4,6.3,8.3,74.7
1068,B,1,0,5.4,7.8,5.7,8.2,61.8
1068,C,1,1,8.0,7.6,8.4,4.5,80.8
1068,D,1,1,9.4,5.9,8.6,6.4,83.8
1069,A,1,1,6.7,5.6,6.7,8.3,78.8
1069,B,0,0,5.0,4.4,7.9,8.9,43.7
1069,C,1,1,8.0,7.4,6.7,7.0,81.8
1069,D,1,1,10,8.1,9.8,6.7,91.0
1070,A,0,0,6.0,6.6,6.3,6.3,42.0
1070,B,1,1,5.8,8.6,7.1,6.9,80.7
1070,C,1,0,7.1,4.8,9.9,6.5,63.8
1070,D,1,1,8.5,8.4,5.4,5.5,79.7
1071,A,0,0,5.4,6.7,7.6,7.2,44.8
1071,B,1,0,8.3,7.8,7.1,7.8,68.3
1071,C,0,1,5.7,6.4,8.5,6.7,62.2
1071,D,1,0,5.9,5.7,7.8,6.6,60.0
1072,A,1,0,5.4,7.1,3.6,8.1,57.0
1072,B,1,1,6.8,9.2,8.3,5.6,83.2
1072,C,0,0,7.5,5.3,8.0,5.6,44.0
1072,D,1,0,7.1,5.9,7.0,5.4,59.0
1073,A,1,1,7.0,6.0,4.8,7.8,76.0
1073,B,1,0,5.8,9.1,6.4,7.8,65.2
1073,C,1,0,6.4,6.0,6.4,7.2,60.0
1073,D,0,0,8.4,8.8,8.2,7.2,54.3
1074,A,1,1,5.8,5.5,3.6,6.9,69.7
1074,B,1,1,5.3,7.3,8.2,8.5,82.2
1074,C,0,0,8.5,5.1,8.6,5.0,45.3
1074,D,1,1,9.5,4.8,10,6.3,84.3
1075,A,0,1,8.5,6.5,5.3,6.8,61.8
1075,B,1,1,7.4,5.9,6.9,7.2,79.0
1075,C,1,0,8.3,5.9,5.2,5.9,58.8
1075,D,1,0,7.5,6.5,9.1,6.9,66.7
1076,A,1,0,6.1,5.3,4.8,8.2,57.3
1076,B,1,1,5.7,6.6,7.9,6.0,77.0
1076,C,1,0,6.9,7.9,8.9,6.1,66.3
1076,D,0,0,7.8,8.9,7.4,6.7,51.3
1077,A,0,0,6.5,6.5,5.8,7.7,44.2
1077,B,0,1,6.9,9.8,6.6,6.6,66.5
1077,C,1,0,8.5,6.7,8.5,6.5,67.0
1077,D,0,0,6.0,7.1,8.6,6.6,47.2
1078,A,0,1,4.1,6.0,5.9,9.1,58.5
1078,B,0,1,6.2,8.2,7.4,7.1,64.8
1078,C,0,0,6.1,5.3,7.0,5.3,39.5
1078,D,0,0,9.5,6.9,9.3,7.4,55.2
1079,A,1,1,6.8,7.0,7.8,5.7,78.8
1079,B,0,1,7.0,7.0,7.2,9.1,67.2
1079,C,0,0,7.5,5.9,9.3,8.4,51.8
1079,D,1,0,8.8,7.8,9.3,8.3,73.7
1080,A,1,1,7.3,4.4,6.7,7.0,75.7
1080,B,1,0,6.0,6.0,5.8,6.0,56.3
1080,C,1,0,7.0,6.8,9.3,7.9,68.3
1080,D,1,1,5.4,7.7,7.4,5.1,76.0
1081,A,1,0,9.3,7.3,5.2,7.6,65.7
1081,B,1,1,7.2,6.2,8.1,5.1,77.7
1081,C,1,1,8.3,3.8,6.2,6.1,74.0
1081,D,0,1,7.8,6.9,9.0,5.8,65.8
1082,A,1,0,6.2,5.2,6.8,9.8,63.3
1082,B,1,1,6.6,7.0,6.5,6.2,77.2
1082,C,1,0,5.8,8.3,8.7,8.7,69.2
1082,D,1,0,7.5,7.9,8.8,7.9,70.2
1083,A,1,0,3.5,3.8,4.7,8.8,51.3
1083,B,1,0,8.3,7.9,7.9,6.3,67.3
1083,C,1,0,5.4,6.8,7.3,3.6,55.2
1083,D,1,0,6.5,7.1,7.2,8.0,64.7
1084,A,1,1,5.9,7.1,6.3,6.3,76.0
1084,B,0,0,9.2,5.2,7.7,9.1,52.0
1084,C,1,1,8.1,9.7,8.6,7.6,90.0
1084,D,1,1,7.6,7.9,7.9,8.1,85.8
1085,A,1,1,4.8,4.9,5.8,7.1,71.0
1085,B,1,0,7.3,8.9,8.0,6.6,68.0
1085,C,1,0,7.4,6.8,7.5,6.0,62.8
1085,D,1,1,5.9,8.1,6.5,6.1,77.7
1086,A,1,1,5.1,7.0,7.8,9.6,82.5
1086,B,1,1,7.6,9.5,7.0,8.8,88.2
1086,C,1,0,5.8,6.9,6.7,6.0,59.0
1086,D,1,1,7.5,7.9,8.3,8.1,86.3
1087,A,0,1,6.2,6.1,3.5,7.2,55.0
1087,B,1,1,6.5,7.2,6.6,9.1,82.3
1087,C,1,1,7.5,6.4,8.0,6.4,80.5
1087,D,0,1,7.8,8.7,9.8,7.0,72.2
1088,A,1,0,6.4,5.4,5.2,9.9,61.5
1088,B,1,1,6.0,8.7,8.6,6.2,82.5
1088,C,0,0,8.0,5.4,6.7,8.3,47.3
1088,D,1,0,7.1,6.0,7.4,7.6,63.5
1089,A,1,0,5.5,5.9,6.9,7.8,60.2
1089,B,1,0,9.7,7.1,9.4,6.9,71.8
1089,C,1,1,6.7,6.5,7.8,5.6,77.7
1089,D,1,1,5.5,7.5,8.3,7.2,80.8
1090,A,0,0,5.8,3.9,7.0,7.1,39.7
1090,B,1,0,7.6,8.2,7.5,6.8,66.8
1090,C,1,1,7.1,6.7,8.5,7.7,83.3
1090,D,1,0,6.0,7.5,8.1,7.4,65.0
1091,A,0,0,6.7,4.1,4.4,8.0,38.7
1091,B,1,1,8.1,7.5,8.2,5.5,82.2
1091,C,1,1,9.3,5.2,8.4,6.5,82.3
1091,D,1,0,10,6.0,7.8,6.5,67.2
1092,A,1,1,5.1,7.3,5.3,6.8,74.2
1092,B,0,0,9.1,9.0,7.0,8.5,56.0
1092,C,1,0,7.6,7.3,8.0,5.7,64.3
1092,D,0,1,7.9,6.3,8.3,5.5,63.3
1093,A,0,0,7.2,5.3,6.8,6.3,42.7
1093,B,1,1,5.5,8.7,8.2,8.4,84.7
1093,C,0,0,5.6,4.9,7.2,6.7,40.7
1093,D,1,1,7.5,8.7,9.2,6.7,86.8
1094,A,1,1,7.4,3.6,6.4,9.3,77.8
1094,B,1,1,9.9,8.5,5.4,5.3,81.8
1094,C,1,0,4.3,4.6,7.2,5.1,52.0
1094,D,1,1,8.9,8.4,10.0,5.8,88.5
1095,A,0,0,6.8,6.1,5.6,7.8,43.8
1095,B,0,1,7.2,6.4,7.2,7.5,63.8
1095,C,1,0,6.4,4.9,8.4,7.5,62.0
1095,D,1,1,6.2,5.4,7.9,8.4,79.8
1096,A,1,0,3.9,3.7,5.8,7.3,51.2
1096,B,0,0,8.0,7.5,6.7,5.9,46.8
1096,C,0,0,3.9,8.9,10,6.6,49.0
1096,D,1,0,4.3,8.4,10,6.5,65.3
1097,A,1,0,4.9,5.9,4.4,8.9,56.8
1097,B,1,1,4.9,6.8,8.0,6.4,76.8
1097,C,1,0,5.6,6.9,6.6,4.9,56.7
1097,D,1,0,6.8,8.4,7.7,6.2,65.2
1098,A,1,1,6.3,5.5,4.9,6.5,72.0
1098,B,0,0,7.7,4.4,7.1,6.7,43.2
1098,C,1,1,8.1,6.5,7.9,8.5,85.0
1098,D,1,0,8.4,8.2,7.0,6.3,66.5
1099,A,1,1,6.4,4.0,4.8,8.9,73.5
1099,B,0,0,8.5,7.4,7.4,6.4,49.5
1099,C,1,0,8.7,5.4,8.5,4.4,61.7
1099,D,1,0,6.9,8.0,7.8,6.2,64.8
1100,A,1,0,7.2,3.5,5.2,7.9,56.3
1100,B,1,1,6.6,7.7,8.7,6.7,82.8
1100,C,1,0,7.4,4.3,7.1,5.4,57.0
1100,D,1,1,8.8,9.1,8.8,7.4,90.2
1101,A,1,1,7.0,4.9,4.2,6.6,71.2
1101,B,0,1,7.3,9.4,7.3,6.2,67.0
1101,C,1,1,6.7,5.5,5.0,6.4,72.7
1101,D,1,0,6.1,8.1,6.8,8.4,65.7
1102,A,1,1,2.9,6.3,6.5,5.7,69.0
1102,B,1,0,5.7,9.0,9.5,6.8,68.3
1102,C,0,0,7.5,7.1,6.7,6.6,46.5
1102,D,1,0,8.4,7.4,8.2,6.6,67.7
1103,A,1,0,5.0,7.9,5.5,7.8,60.3
1103,B,1,1,8.1,6.9,9.6,5.8,84.0
1103,C,0,0,6.6,6.9,7.4,4.5,42.3
1103,D,1,0,9.8,6.5,7.3,7.2,68.0
1104,A,1,0,4.7,3.6,5.3,6.3,49.8
1104,B,0,0,5.0,9.2,7.1,9.0,50.5
1104,C,0,1,8.6,5.5,7.7,4.0,59.7
1104,D,1,0,7.0,6.1,8.9,8.0,66.7
1105,A,0,0,3.6,4.6,5.6,6.7,34.2
1105,B,0,1,6.6,7.9,6.5,7.4,64.0
1105,C,1,0,4.5,5.5,6.4,5.0,52.3
1105,D,1,1,7.2,5.9,9.0,8.0,83.5
1106,A,1,1,5.1,6.1,4.0,9.2,74.0
1106,B,1,0,7.8,5.5,5.5,8.0,61.3
1106,C,0,1,8.2,7.6,7.0,7.0,66.3
1106,D,1,1,6.8,8.4,7.9,6.1,82.0
1107,A,1,1,5.8,5.5,4.7,8.4,74.0
1107,B,0,1,7.4,5.8,7.5,3.4,56.8
1107,C,0,0,6.1,7.2,7.4,7.3,46.7
1107,D,1,1,8.0,8.6,8.8,8.8,90.3
1108,A,0,0,8.3,5.2,7.3,5.3,43.5
1108,B,1,0,6.8,8.3,7.7,7.3,66.8
1108,C,1,1,8.4,5.9,7.7,7.5,82.5
1108,D,1,1,6.2,10,9.1,8.2,89.2
1109,A,1,0,5.3,3.9,5.4,5.1,49.5
1109,B,1,0,8.3,8.2,7.3,4.5,63.8
1109,C,0,1,8.5,4.1,9.7,5.9,63.7
1109,D,0,0,6.4,9.5,7.6,6.8,50.5
1110,A,1,1,8.2,6.8,4.5,10,82.5
1110,B,1,0,9.0,6.5,7.6,5.7,64.7
1110,C,1,0,7.7,6.3,6.6,6.3,61.5
1110,D,1,0,6.3,8.8,8.7,7.3,68.5
1111,A,1,0,7.9,4.3,4.4,8.1,57.8
1111,B,1,1,6.9,6.5,8.0,4.5,76.5
1111,C,1,0,7.9,6.6,8.6,5.1,63.7
1111,D,1,1,7.6,8.7,8.8,5.5,84.3
1112,A,1,0,7.9,4.5,5.4,8.1,59.8
1112,B,1,0,6.2,6.5,6.6,8.0,62.2
1112,C,1,1,7.0,7.8,7.5,7.3,82.7
1112,D,1,0,8.7,8.5,9.4,6.8,72.3
1113,A,1,1,6.2,7.2,6.9,8.8,81.8
1113,B,1,1,5.2,6.8,7.3,6.5,76.3
1113,C,1,1,8.2,6.3,9.1,5.8,82.3
1113,D,1,1,7.4,7.1,6.9,9.0,84.0
1114,A,0,0,6.2,7.3,5.6,7.5,44.3
1114,B,1,0,9.3,7.7,8.0,9.6,74.3
1114,C,1,0,8.2,4.4,8.2,7.7,64.2
1114,D,0,1,6.8,3.2,8.3,6.4,57.8
1115,A,0,0,7.0,6.2,5.6,6.6,42.3
1115,B,0,0,6.8,8.7,9.0,7.5,53.3
1115,C,1,0,9.1,8.1,8.8,4.8,68.0
1115,D,0,0,10,7.7,6.5,5.7,49.8
1116,A,1,0,7.2,3.6,6.3,7.0,56.8
1116,B,1,0,7.4,8.8,6.5,6.5,65.3
1116,C,0,1,7.5,5.8,7.9,6.1,62.2
1116,D,1,1,8.9,6.9,7.2,7.7,84.5
1117,A,1,0,6.2,3.5,5.4,10,58.5
1117,B,1,0,6.7,5.6,5.0,7.4,57.8
1117,C,1,0,7.6,3.2,7.9,5.6,57.2
1117,D,1,1,7.7,8.4,8.8,7.7,87.7
1118,A,1,0,5.6,4.5,5.7,5.9,52.8
1118,B,0,1,5.3,5.5,6.8,6.8,57.3
1118,C,1,1,7.3,5.9,6.9,8.6,81.2
1118,D,1,1,7.6,6.7,7.7,7.2,82.0
1119,A,1,0,5.4,5.6,4.1,8.6,56.2
1119,B,1,1,7.8,6.9,8.8,8.4,86.5
1119,C,0,1,6.5,7.2,10,5.7,65.7
1119,D,1,1,5.4,7.5,8.3,9.8,85.0
1120,A,1,1,6.5,4.0,4.8,7.4,71.2
1120,B,1,1,7.6,9.5,8.8,6.5,87.3
1120,C,0,1,7.3,6.0,10,8.2,69.2
1120,D,1,1,8.1,6.1,10,3.8,80.0
1121,A,1,1,7.2,4.7,5.2,8.5,76.0
1121,B,1,1,6.3,8.3,7.7,7.6,83.2
1121,C,1,0,7.6,4.0,8.9,6.1,61.0
1121,D,0,0,6.5,7.7,8.8,7.6,51.0
1122,A,0,0,6.9,6.4,7.5,7.6,47.3
1122,B,1,1,6.8,9.8,6.8,4.9,80.5
1122,C,1,0,7.6,5.5,7.7,6.0,61.3
1122,D,1,0,6.2,7.6,7.2,5.6,61.0
1123,A,1,0,6.7,3.0,6.7,6.4,54.7
1123,B,1,0,8.7,6.2,6.5,5.0,60.7
1123,C,0,0,7.0,4.5,6.5,5.0,38.3
1123,D,1,0,6.9,5.8,7.2,7.8,62.8
1124,A,1,0,5.8,4.7,8.4,7.0,59.8
1124,B,1,0,8.5,10,8.8,7.3,74.3
1124,C,0,1,9.3,8.6,7.5,6.9,70.5
1124,D,1,1,8.1,6.3,6.6,7.3,80.5
1125,A,1,0,6.9,5.5,3.1,6.7,53.7
1125,B,1,1,6.1,5.3,10.0,7.7,81.8
1125,C,0,1,9.6,6.4,7.1,6.4,65.8
1125,D,1,1,8.1,6.9,9.3,7.6,86.5
1126,A,1,1,5.4,5.6,5.5,7.5,73.3
1126,B,0,0,7.4,5.4,7.6,6.6,45.0
1126,C,1,0,7.1,7.6,10,6.8,69.2
1126,D,1,1,8.1,8.8,7.2,9.2,88.8
1127,A,0,0,6.4,5.5,7.7,9.2,48.0
1127,B,1,1,7.8,7.3,7.6,7.9,84.3
1127,C,1,0,6.9,7.5,9.7,6.0,66.8
1127,D,1,1,9.0,8.2,7.8,5.5,84.2
1128,A,1,0,7.5,3.3,6.3,6.8,56.5
1128,B,0,0,7.6,7.5,8.8,7.5,52.3
1128,C,0,0,5.2,6.4,6.8,6.5,41.5
1128,D,0,1,7.8,8.0,9.2,8.0,71.7
1129,A,1,0,7.2,5.9,6.9,6.3,60.5
1129,B,1,1,7.9,4.9,8.7,6.5,80.0
1129,C,0,1,9.5,7.0,6.8,7.1,67.3
1129,D,0,1,7.8,8.8,8.4,8.0,71.7
1130,A,0,0,8.5,6.5,8.6,9.9,55.8
1130,B,1,1,7.5,7.6,7.8,7.4,83.8
1130,C,1,1,6.2,5.5,9.2,7.7,81.0
1130,D,0,0,8.2,10,8.3,8.5,58.3
1131,A,1,0,6.3,6.9,9.1,8.6,68.2
1131,B,1,1,7.5,6.6,9.3,8.0,85.7
1131,C,0,1,6.4,5.1,7.7,5.5,57.8
1131,D,0,0,6.2,9.3,8.1,7.1,51.2
1132,A,0,0,4.4,4.5,4.6,8.8,37.2
1132,B,1,1,6.8,6.2,7.9,7.3,80.3
1132,C,1,1,6.4,6.2,6.7,4.6,73.2
1132,D,1,0,9.0,6.4,7.4,6.7,65.8
1133,A,0,1,8.7,3.9,3.4,6.8,54.7
1133,B,1,0,5.0,6.5,7.8,6.7,60.0
1133,C,1,0,7.3,6.4,9.7,6.4,66.3
1133,D,1,0,8.6,7.9,6.2,6.9,66.0
1134,A,1,1,4.8,3.8,5.4,8.3,70.5
1134,B,1,1,9.2,6.5,6.8,7.2,82.8
1134,C,1,1,8.3,7.9,8.5,5.7,84.0
1134,D,1,1,9.5,5.1,7.7,9.6,86.5
1135,A,1,0,7.7,3.2,3.7,6.7,52.2
1135,B,1,0,7.9,6.2,7.1,7.0,63.7
1135,C,0,0,6.3,6.2,9.7,8.4,51.0
1135,D,1,0,4.1,7.4,6.7,7.8,60.0
1136,A,1,1,6.0,6.4,8.0,7.0,79.0
1136,B,1,1,8.6,8.0,6.1,7.3,83.3
1136,C,1,1,8.3,7.5,7.7,5.9,82.3
1136,D,1,0,8.9,10,10,7.6,77.5
1137,A,1,1,5.6,6.7,5.3,4.1,69.5
1137,B,0,1,4.6,7.0,5.3,7.3,57.0
1137,C,0,0,6.7,7.5,7.9,5.5,46.0
1137,D,1,1,9.0,8.6,9.8,7.9,92.2
1138,A,1,1,6.6,6.8,6.9,7.6,79.8
1138,B,0,1,7.4,8.3,7.1,6.0,64.7
1138,C,1,0,5.5,5.1,8.1,5.6,57.2
1138,D,1,0,8.3,8.6,8.6,7.0,70.8
1139,A,1,1,7.8,5.3,5.4,7.7,77.0
1139,B,1,0,8.5,7.9,7.1,7.3,68.0
1139,C,0,0,7.8,8.4,7.9,7.1,52.0
1139,D,0,1,8.2,5.7,6.8,8.8,65.8
1140,A,0,1,6.8,4.7,5.1,6.4,55.0
1140,B,1,1,6.8,8.3,7.4,7.9,84.0
1140,C,1,1,4.9,5.8,7.5,6.6,74.7
1140,D,1,1,7.8,6.5,7.8,8.2,83.8
1141,A,0,0,5.4,6.1,4.2,8.7,40.7
1141,B,1,1,6.8,8.3,5.0,7.4,79.2
1141,C,0,0,6.0,7.1,10,5.0,46.8
1141,D,1,1,8.3,5.3,8.0,6.0,79.3
1142,A,1,1,5.6,6.0,4.0,8.0,72.7
1142,B,1,1,6.7,8.8,8.8,7.2,85.8
1142,C,1,0,6.1,6.2,7.1,6.3,59.5
1142,D,1,1,8.9,6.5,8.0,4.7,80.2
1143,A,0,0,6.1,5.4,5.6,8.2,42.2
1143,B,1,1,4.3,7.6,9.0,6.1,78.3
1143,C,0,1,7.5,6.4,8.7,4.6,62.0
1143,D,1,1,10,7.2,7.1,6.4,84.5
1144,A,0,1,4.9,5.6,7.5,8.6,61.0
1144,B,1,0,5.1,5.9,4.9,7.1,55.0
1144,C,1,0,8.3,7.1,7.3,6.0,64.5
1144,D,1,1,7.2,7.0,9.3,8.0,85.8
1145,A,1,1,5.8,5.7,7.4,9.2,80.2
1145,B,1,0,7.7,8.0,6.5,6.6,64.7
1145,C,0,1,9.9,4.5,7.4,5.6,62.3
1145,D,1,1,5.6,6.4,7.8,7.7,79.2
1146,A,1,1,4.9,4.5,3.6,9.3,70.5
1146,B,1,1,8.1,6.6,7.5,5.9,80.2
1146,C,1,0,9.8,7.6,9.2,8.3,74.8
1146,D,0,1,9.3,8.7,8.8,8.8,76.0
1147,A,1,1,6.3,5.5,5.6,5.9,72.2
1147,B,1,1,4.8,8.9,6.5,6.0,77.0
1147,C,1,1,10,6.5,7.0,5.7,82.0
1147,D,1,0,6.4,8.3,9.7,8.3,71.2
1148,A,1,1,4.4,4.4,8.1,8.1,75.0
1148,B,0,0,5.4,7.4,7.7,8.7,48.7
1148,C,1,1,5.6,7.7,8.3,8.9,84.2
1148,D,1,1,7.7,7.9,8.4,5.4,82.3
1149,A,1,0,6.7,6.1,5.7,8.2,61.2
1149,B,1,1,8.3,8.0,5.5,5.8,79.3
1149,C,0,0,5.1,7.4,7.8,6.1,44.0
1149,D,1,1,6.5,7.1,10,8.0,86.0
1150,A,1,1,7.1,2.6,6.0,6.2,69.8
1150,B,1,1,7.1,7.0,7.5,10,86.0
1150,C,1,0,7.1,4.4,9.0,7.0,62.5
1150,D,1,0,7.2,5.8,10,7.8,68.0
1151,A,0,0,7.1,6.7,7.7,7.7,48.7
1151,B,0,1,6.9,7.2,5.9,7.2,62.0
1151,C,1,1,8.9,5.9,7.7,5.7,80.3
1151,D,0,1,10,7.7,8.2,6.3,70.3
1152,A,1,1,7.7,6.1,7.1,7.8,81.2
1152,B,1,1,6.9,9.0,7.0,8.0,84.8
1152,C,1,0,7.9,4.6,6.1,8.0,61.0
1152,D,0,1,9.6,8.9,9.8,6.2,74.2
1153,A,1,0,7.9,4.9,5.4,6.3,57.5
1153,B,1,0,8.7,5.1,5.4,5.9,58.5
1153,C,1,1,6.5,6.0,9.0,6.6,80.2
1153,D,1,0,7.7,5.3,8.8,6.4,63.7
1154,A,0,0,5.5,4.9,3.1,6.7,33.7
1154,B,1,0,5.6,9.8,7.7,6.7,66.3
1154,C,1,0,6.7,6.3,8.8,5.7,62.5
1154,D,1,1,6.5,8.0,8.4,7.3,83.7
1155,A,1,1,7.3,5.4,8.6,6.5,79.7
1155,B,1,1,5.4,8.9,9.5,5.8,82.7
1155,C,1,1,10.0,4.9,6.0,7.5,80.7
1155,D,1,0,4.9,7.9,7.8,5.7,60.5
1156,A,0,1,6.0,3.6,6.4,5.0,51.7
1156,B,1,0,5.4,8.2,8.4,7.0,65.0
1156,C,1,1,9.7,5.8,9.1,5.5,83.5
1156,D,1,1,8.3,5.1,6.8,8.2,80.7
1157,A,0,0,4.7,3.1,5.1,5.8,31.2
1157,B,1,0,7.1,6.5,8.3,8.2,66.8
1157,C,1,1,8.1,6.1,8.2,4.4,78.0
1157,D,1,0,9.7,8.8,9.0,6.2,72.8
1158,A,1,0,2.4,4.6,4.7,6.7,47.3
1158,B,1,1,7.1,6.0,7.4,7.0,79.2
1158,C,1,0,6.9,6.0,7.0,6.0,59.8
1158,D,1,0,6.8,7.2,7.0,6.8,63.0
1159,A,0,1,4.9,4.0,5.4,6.7,51.7
1159,B,0,0,5.9,8.2,6.9,5.1,43.5
1159,C,0,1,10,5.6,7.4,3.7,61.2
1159,D,1,1,7.4,6.9,8.0,8.9,85.3
1160,A,1,0,5.7,5.8,6.7,7.5,59.5
1160,B,1,1,6.6,5.6,7.5,7.1,78.0
1160,C,0,1,6.8,4.4,6.0,6.5,56.2
1160,D,1,1,8.2,7.2,6.1,6.6,80.2
1161,A,1,0,6.5,7.5,6.5,7.8,63.8
1161,B,1,1,6.7,8.3,8.6,6.0,82.7
1161,C,1,1,6.0,6.2,9.0,5.7,78.2
1161,D,1,1,7.5,7.5,8.5,6.1,82.7
1162,A,0,0,4.3,2.6,4.5,7.6,31.7
1162,B,1,1,5.5,6.2,8.5,6.3,77.5
1162,C,1,1,7.1,5.6,10,4.6,78.8
1162,D,1,1,8.4,5.8,7.9,7.6,82.8
1163,A,1,0,6.7,5.9,7.4,5.1,58.5
1163,B,0,1,7.0,8.6,8.6,7.0,68.7
1163,C,0,0,8.7,4.8,8.0,7.3,48.0
1163,D,0,1,10,9.6,5.5,6.9,70.0
1164,A,1,0,6.0,7.2,7.4,9.9,67.5
1164,B,1,0,7.6,8.4,8.0,5.2,65.3
1164,C,1,0,9.6,6.9,7.9,4.8,65.3
1164,D,1,0,8.3,7.4,8.5,6.8,68.3
1165,A,0,0,5.7,5.3,4.9,9.7,42.7
1165,B,1,0,8.5,7.5,5.5,6.6,63.5
1165,C,1,0,8.4,6.2,4.7,7.1,60.7
1165,D,0,0,7.6,9.0,5.8,6.6,48.3
1166,A,1,0,7.4,3.6,4.9,6.7,54.3
1166,B,0,1,7.8,9.2,6.8,8.1,69.8
1166,C,0,1,6.9,6.0,7.7,6.0,61.0
1166,D,1,1,7.5,7.3,7.8,5.5,80.2
1167,A,1,1,6.6,6.5,6.0,9.1,80.3
1167,B,1,0,7.7,6.4,8.5,6.3,64.8
1167,C,0,0,5.8,4.6,7.5,7.8,42.8
1167,D,1,0,8.2,7.3,7.9,7.0,67.3
1168,A,0,0,6.5,5.0,5.6,7.9,41.7
1168,B,1,0,6.4,8.3,7.5,7.7,66.5
1168,C,0,0,7.3,5.3,7.5,5.7,43.0
1168,D,1,1,6.3,7.1,9.5,8.0,84.8
1169,A,0,0,5.3,5.4,6.0,6.7,39.0
1169,B,1,1,7.8,7.3,5.9,7.1,80.2
1169,C,1,1,6.9,5.6,4.8,6.9,73.7
1169,D,1,0,6.9,7.3,7.8,6.6,64.3
1170,A,0,0,7.0,3.6,6.4,5.6,37.7
1170,B,0,0,6.7,8.2,6.3,7.4,47.7
1170,C,1,1,6.4,6.5,6.6,9.9,82.3
1170,D,1,1,6.8,7.4,7.0,7.9,81.8
1171,A,1,1,5.4,6.0,6.2,6.8,74.0
1171,B,1,1,7.1,7.8,6.5,6.6,80.0
1171,C,0,1,7.4,6.3,6.7,7.5,63.2
1171,D,0,0,6.6,7.2,8.4,5.7,46.5
1172,A,1,0,6.9,3.9,5.9,9.5,60.3
1172,B,1,0,6.1,7.0,7.6,6.4,61.8
1172,C,1,1,5.6,4.5,8.2,6.7,75.0
1172,D,1,0,7.0,7.2,5.6,6.6,60.7
1173,A,1,1,7.5,4.5,4.3,7.7,73.3
1173,B,1,0,5.9,6.0,9.7,8.5,66.8
1173,C,0,0,4.5,7.5,7.7,6.1,43.0
1173,D,1,0,7.2,6.6,8.7,8.2,67.8
1174,A,1,1,6.3,3.4,5.9,6.3,69.8
1174,B,1,0,8.5,7.0,8.2,8.3,70.0
1174,C,1,1,6.4,6.6,9.9,5.4,80.5
1174,D,1,1,6.3,5.5,8.8,7.4,80.0
1175,A,1,0,8.9,6.2,5.9,8.2,65.3
1175,B,1,0,5.9,6.6,5.4,6.3,57.0
1175,C,0,1,6.8,3.0,7.8,6.6,57.0
1175,D,1,1,7.2,9.0,10,7.6,89.7
1176,A,1,0,5.2,3.4,6.8,7.3,54.5
1176,B,1,0,6.5,7.4,6.3,6.5,61.2
1176,C,1,0,8.9,6.8,5.0,5.5,60.3
1176,D,0,0,6.9,6.3,7.1,7.0,45.5
1177,A,1,0,6.2,4.8,6.4,7.2,57.7
1177,B,1,1,8.3,7.2,9.7,7.5,87.8
1177,C,0,0,10,6.1,5.3,7.5,48.2
1177,D,1,1,8.9,8.7,8.8,8.3,91.2
1178,A,0,1,6.9,4.1,4.5,10,59.2
1178,B,1,1,6.9,8.2,8.8,6.1,83.3
1178,C,0,0,6.7,5.6,9.3,7.1,47.8
1178,D,1,1,6.7,6.2,7.8,6.7,79.0
1179,A,0,0,6.4,6.6,4.2,8.1,42.2
1179,B,1,1,5.9,7.0,6.6,7.2,77.8
1179,C,0,1,7.5,4.3,5.9,6.2,56.5
1179,D,1,1,9.9,6.1,9.3,8.0,88.8
1180,A,1,1,6.7,6.4,6.3,7.9,78.8
1180,B,0,1,8.4,7.2,6.8,7.0,65.7
1180,C,1,1,8.2,7.2,7.7,3.7,78.0
1180,D,1,1,7.1,8.1,8.2,9.8,88.7
1181,A,1,1,7.0,6.3,5.2,8.3,78.0
1181,B,1,1,4.9,8.2,5.8,8.0,78.2
1181,C,1,1,7.7,6.6,9.9,7.1,85.5
1181,D,0,1,7.8,6.2,7.3,5.4,61.2
1182,A,1,0,7.2,5.6,6.2,8.5,62.5
1182,B,0,0,7.6,9.4,8.7,5.1,51.3
1182,C,1,1,7.9,6.1,8.1,6.2,80.5
1182,D,1,1,8.5,7.6,7.7,5.8,82.7
1183,A,0,1,4.9,5.6,6.7,9.6,61.3
1183,B,1,0,7.1,5.8,5.6,7.6,60.2
1183,C,0,0,8.2,6.0,9.0,6.0,48.7
1183,D,0,0,7.0,9.5,8.0,7.9,54.0
1184,A,0,1,4.4,7.6,5.8,6.2,56.7
1184,B,0,1,8.2,10,6.7,5.8,67.8
1184,C,0,0,8.1,6.5,7.8,8.5,51.5
1184,D,1,0,7.9,8.9,8.6,7.1,70.8
1185,A,0,0,6.5,3.4,5.0,6.3,35.3
1185,B,1,1,7.2,7.4,6.0,7.2,79.7
1185,C,0,0,8.3,9.2,7.2,8.0,54.5
1185,D,1,0,8.8,7.6,8.3,9.2,73.2
1186,A,1,1,4.0,5.9,5.3,4.8,66.7
1186,B,1,0,5.2,8.2,7.6,6.8,63.0
1186,C,0,1,8.6,6.8,6.7,4.5,61.0
1186,D,1,0,7.3,7.7,9.0,9.5,72.5
1187,A,1,0,6.7,4.9,5.5,7.2,57.2
1187,B,1,1,3.2,6.9,6.0,6.9,71.7
1187,C,1,0,9.8,7.7,7.1,8.0,71.0
1187,D,1,0,6.5,4.1,6.7,6.2,55.8
1188,A,1,0,6.7,3.2,6.9,8.9,59.5
1188,B,1,1,7.3,7.0,6.2,8.7,82.0
1188,C,0,1,8.5,6.0,7.9,6.4,64.7
1188,D,1,0,6.8,5.2,7.6,7.9,62.5
1189,A,1,0,7.0,4.9,8.7,6.7,62.2
1189,B,1,1,7.5,8.4,6.6,7.0,82.5
1189,C,1,1,7.9,8.1,7.6,6.6,83.7
1189,D,1,1,8.1,7.5,8.1,8.3,86.7
1190,A,1,0,6.9,3.8,6.3,7.3,57.2
1190,B,1,1,6.7,7.3,7.0,4.3,75.5
1190,C,0,1,7.9,6.3,8.2,7.9,67.2
1190,D,1,1,8.4,8.4,7.0,7.4,85.3
1191,A,1,0,4.8,5.2,5.5,9.4,58.2
1191,B,0,1,6.9,6.2,7.6,5.9,61.0
1191,C,0,1,8.5,4.9,7.5,7.3,63.7
1191,D,1,0,7.1,5.9,7.5,8.6,65.2
1192,A,0,1,6.5,5.2,6.1,7.3,58.5
1192,B,1,1,6.1,5.0,6.2,6.1,72.3
1192,C,0,0,10,7.1,8.3,7.1,54.2
1192,D,1,1,8.0,9.2,6.4,7.4,85.0
1193,A,1,0,6.8,5.6,6.5,7.6,60.8
1193,B,0,1,8.7,7.7,4.7,8.5,66.0
1193,C,0,0,6.8,3.7,9.2,6.5,43.7
1193,D,0,0,7.7,8.2,8.3,5.6,49.7
1194,A,1,0,7.4,3.5,6.8,5.9,56.0
1194,B,0,1,5.7,6.5,7.6,5.2,58.3
1194,C,1,0,7.8,7.1,8.2,6.4,65.8
1194,D,1,1,8.6,8.3,9.2,5.6,86.2
1195,A,1,0,7.0,6.8,4.5,5.8,56.8
1195,B,1,0,6.3,6.1,7.0,7.5,61.5
1195,C,1,1,8.6,3.6,8.7,4.7,76.0
1195,D,1,0,9.6,8.3,6.8,5.3,66.7
1196,A,0,0,4.9,5.1,6.9,6.6,39.2
1196,B,0,0,6.9,7.8,7.9,6.8,49.0
1196,C,0,1,9.1,6.7,7.3,5.1,63.7
1196,D,1,1,6.9,7.8,10,8.3,88.3
1197,A,0,0,5.8,6.6,5.2,7.5,41.8
1197,B,1,1,8.3,8.9,8.7,7.3,88.7
1197,C,1,1,5.9,5.6,7.6,6.1,75.3
1197,D,1,0,8.5,6.7,8.4,8.3,69.8
1198,A,0,1,7.9,4.8,5.8,10,64.2
1198,B,0,0,5.1,9.9,9.5,6.1,51.0
1198,C,1,0,7.4,7.1,9.0,6.8,67.2
1198,D,1,0,6.7,8.1,6.1,8.6,65.8
1199,A,1,0,4.7,5.1,6.8,7.9,57.5
1199,B,1,0,7.7,6.6,8.2,6.6,65.2
1199,C,1,1,5.0,6.7,9.3,8.2,82.0
1199,D,1,0,9.0,6.2,10,6.4,69.3
1200,A,1,0,6.6,4.9,7.0,8.1,61.0
1200,B,1,1,9.1,8.2,8.8,6.0,86.8
1200,C,0,0,6.6,7.7,8.0,6.2,47.5
1200,D,1,1,7.4,6.5,7.8,6.4,80.2
1201,A,0,0,6.1,4.7,5.5,9.0,42.2
1201,B,1,1,8.1,8.1,8.4,7.2,86.3
1201,C,0,1,6.3,4.8,6.4,8.1,59.3
1201,D,1,0,6.6,7.3,7.5,6.9,63.8
1202,A,0,0,5.6,3.6,5.3,8.7,38.7
1202,B,1,0,8.3,4.6,8.6,6.5,63.3
1202,C,1,0,5.2,8.3,7.9,8.0,65.7
1202,D,1,1,7.0,7.8,8.1,7.5,84.0
1203,A,1,1,5.7,5.0,4.2,6.4,68.8
1203,B,0,0,5.9,8.7,9.7,8.3,54.3
1203,C,1,1,7.4,6.9,9.7,6.8,84.7
1203,D,1,0,6.9,6.0,10,7.4,67.2
1204,A,1,0,5.0,6.4,5.9,8.7,60.0
1204,B,0,1,7.6,7.9,7.9,8.7,70.2
1204,C,1,0,7.8,7.7,7.1,5.2,63.0
1204,D,1,1,5.9,7.1,5.4,6.2,74.3
1205,A,1,1,7.3,4.8,6.6,5.8,74.2
1205,B,1,0,8.1,7.5,7.7,5.5,64.7
1205,C,1,0,8.8,6.6,9.7,7.3,70.7
1205,D,1,1,9.2,6.9,7.8,6.9,84.7
1206,A,1,0,7.0,3.5,3.5,8.1,53.5
1206,B,0,1,5.1,6.9,9.2,7.8,65.0
1206,C,1,0,6.8,7.0,6.8,7.1,62.8
1206,D,1,1,6.9,6.1,8.7,8.2,83.2
1207,A,0,1,4.8,4.0,7.4,7.1,55.5
1207,B,1,0,8.2,8.5,6.3,6.4,65.7
1207,C,0,0,6.7,5.9,7.7,6.0,43.8
1207,D,0,1,6.8,7.5,6.0,4.4,57.8
1208,A,1,0,5.5,4.8,4.8,9.0,56.8
1208,B,0,0,5.5,6.4,7.8,6.7,44.0
1208,C,0,0,7.4,5.3,6.9,6.3,43.2
1208,D,1,0,7.0,5.6,8.8,8.8,67.0
1209,A,1,1,6.4,5.9,5.5,6.2,73.3
1209,B,0,1,6.8,6.4,8.7,8.1,66.7
1209,C,0,1,5.6,6.7,6.4,5.0,56.2
1209,D,1,0,8.3,8.9,6.5,6.4,66.8
1210,A,1,0,4.8,5.2,5.9,7.2,55.2
1210,B,1,0,9.0,6.1,8.9,7.7,69.5
1210,C,0,1,7.2,6.3,6.7,5.6,59.7
1210,D,1,0,7.2,7.2,8.7,5.1,63.7
1211,A,0,0,4.9,4.7,7.4,8.0,41.7
1211,B,1,0,9.6,7.5,7.5,8.6,72.0
1211,C,0,0,7.0,7.8,9.4,6.4,51.0
1211,D,1,0,9.2,4.5,9.4,7.8,68.2
1212,A,0,0,5.8,6.0,6.0,7.3,41.8
1212,B,1,0,5.8,6.4,7.4,5.7,58.8
1212,C,0,0,8.2,4.3,8.3,7.3,46.8
1212,D,1,0,8.1,8.5,7.6,7.4,69.3
1213,A,0,0,7.3,6.5,8.0,7.4,48.7
1213,B,1,1,5.5,5.2,6.9,7.6,75.3
1213,C,0,0,7.5,7.6,8.7,8.3,53.5
1213,D,1,0,6.6,8.5,6.1,7.1,63.8
1214,A,0,0,4.2,6.4,6.9,8.1,42.7
1214,B,1,1,5.8,6.4,6.3,8.5,78.3
1214,C,0,0,4.1,5.4,10,7.4,44.8
1214,D,1,0,9.3,7.1,8.9,7.1,70.7
1215,A,1,1,5.9,5.4,6.6,8.9,78.0
1215,B,1,1,6.0,9.3,6.9,6.9,81.8
1215,C,1,1,7.2,3.7,6.9,8.6,77.3
1215,D,1,1,7.8,7.9,7.9,5.8,82.3
1216,A,0,0,6.6,7.6,5.0,9.5,47.8
1216,B,0,0,7.1,5.0,7.6,7.4,45.2
1216,C,1,0,6.0,4.6,8.0,7.5,60.2
1216,D,1,0,6.4,6.6,7.9,5.5,60.7
1217,A,0,1,3.5,4.1,3.3,10,51.5
1217,B,1,1,3.8,7.8,8.0,6.9,77.5
1217,C,0,0,6.4,6.9,7.2,6.0,44.2
1217,D,1,1,8.5,8.7,6.9,6.1,83.7
1218,A,1,1,6.3,6.9,4.2,6.4,73.0
1218,B,1,1,6.3,8.2,8.8,6.4,82.8
1218,C,1,0,4.6,6.9,8.4,5.4,58.8
1218,D,1,0,8.1,8.0,10,9.6,76.2
1219,A,1,1,5.6,6.4,3.7,9.0,74.5
1219,B,1,1,6.4,7.4,8.4,7.0,82.0
1219,C,1,0,7.1,8.6,7.8,5.7,65.3
1219,D,1,0,5.9,7.4,6.1,4.8,57.0
1220,A,1,0,5.7,6.6,4.9,7.5,57.8
1220,B,0,1,4.7,9.6,6.0,7.8,63.5
1220,C,0,0,6.0,4.9,5.1,8.9,41.5
1220,D,1,1,5.5,8.1,6.8,5.5,76.5
1221,A,0,0,4.8,5.8,6.5,6.0,38.5
1221,B,0,0,6.3,7.6,7.6,5.9,45.7
1221,C,1,0,9.8,6.7,7.4,8.1,70.0
1221,D,0,1,7.7,5.4,8.1,5.7,61.5
1222,A,1,0,8.8,3.2,5.5,6.1,56.0
1222,B,1,0,7.4,6.9,8.8,4.4,62.5
1222,C,0,1,9.6,7.9,8.9,5.9,70.5
1222,D,1,0,8.5,7.1,10,6.9,70.8
1223,A,1,1,5.0,6.0,4.7,8.4,73.5
1223,B,0,1,5.3,6.9,6.0,7.9,60.2
1223,C,1,0,6.3,5.0,9.8,4.5,59.3
1223,D,1,0,8.7,8.6,6.9,8.3,70.8
1224,A,1,0,3.5,4.5,6.4,7.0,52.3
1224,B,0,0,6.4,10,8.8,4.6,49.7
1224,C,1,1,8.5,5.4,5.1,7.3,77.2
1224,D,0,0,7.7,7.6,8.0,9.8,55.2
1225,A,0,0,7.6,2.9,4.2,7.0,36.2
1225,B,0,0,6.2,6.8,7.6,5.9,44.2
1225,C,1,0,6.2,5.6,6.2,5.9,56.5
1225,D,1,1,9.2,8.9,7.6,5.3,85.0
1226,A,0,0,4.9,7.7,5.8,8.1,44.2
1226,B,1,0,6.8,9.1,5.2,8.3,65.7
1226,C,0,0,7.5,6.2,8.6,6.3,47.7
1226,D,1,1,7.2,5.9,8.0,9.3,84.0
1227,A,1,1,5.7,5.6,6.0,7.6,74.8
1227,B,1,1,6.4,6.8,6.9,6.9,78.3
1227,C,1,1,10,4.0,7.6,6.3,79.8
1227,D,1,1,5.0,7.5,5.2,7.9,76.0
1228,A,1,1,6.3,3.2,7.6,7.8,74.8
1228,B,1,1,5.6,7.4,8.8,6.9,81.2
1228,C,0,1,6.0,6.4,7.4,7.8,62.7
1228,D,1,1,9.3,9.1,7.6,8.0,90.0
1229,A,1,0,4.9,5.0,4.7,7.6,53.7
1229,B,0,1,9.0,6.2,6.9,7.2,65.5
1229,C,1,0,6.6,6.0,6.1,8.6,62.2
1229,D,1,1,5.4,8.0,6.3,8.7,80.7
1230,A,0,0,7.8,3.4,3.3,8.6,38.5
1230,B,1,0,8.1,7.8,5.3,6.6,63.0
1230,C,1,0,8.1,7.2,8.6,7.3,68.7
1230,D,1,1,8.7,6.3,6.4,8.7,83.5
1231,A,0,0,6.8,5.5,5.9,7.6,43.0
1231,B,1,0,5.7,8.2,6.6,6.2,61.2
1231,C,0,1,4.7,7.4,8.6,6.1,61.3
1231,D,0,0,7.1,5.1,8.0,5.6,43.0
1232,A,1,1,5.0,4.9,3.2,7.6,67.8
1232,B,1,0,7.2,7.9,8.0,6.7,66.3
1232,C,1,0,7.9,5.5,9.1,7.3,66.3
1232,D,0,1,6.0,6.9,9.4,6.5,64.7
1233,A,1,1,5.1,5.3,4.3,7.0,69.5
1233,B,0,0,7.0,7.6,7.4,5.8,46.3
1233,C,1,0,7.2,5.2,7.5,6.9,61.3
1233,D,1,0,7.2,8.1,7.9,4.3,62.5
1234,A,1,0,9.4,7.4,6.7,5.5,65.0
1234,B,1,1,6.9,10,7.4,7.4,86.2
1234,C,1,0,8.7,8.5,9.7,5.7,71.0
1234,D,1,1,7.0,6.4,10,7.0,84.0
1235,A,1,0,5.1,2.5,7.6,7.2,54.0
1235,B,1,1,7.8,6.0,7.0,7.7,80.8
1235,C,1,0,8.5,5.5,7.4,5.5,61.5
1235,D,0,0,6.6,5.3,9.5,7.9,48.8
1236,A,1,0,4.3,6.3,6.3,7.3,57.0
1236,B,1,0,7.4,8.3,5.7,4.3,59.5
1236,C,1,0,9.3,4.4,8.3,7.0,65.0
1236,D,1,1,8.8,10,7.1,6.5,87.3
1237,A,1,1,7.4,5.3,5.1,7.5,75.5
1237,B,0,1,7.2,8.0,7.6,7.6,67.3
1237,C,1,0,5.6,7.3,5.9,7.8,61.0
1237,D,1,1,9.3,9.5,7.5,5.1,85.7
1238,A,1,1,5.6,5.5,6.9,9.3,78.8
1238,B,1,1,7.6,9.1,5.8,7.6,83.5
1238,C,1,0,7.3,6.3,6.8,6.6,61.7
1238,D,0,1,7.2,4.3,8.9,6.5,61.5
1239,A,1,0,6.5,4.1,6.1,9.3,60.0
1239,B,1,1,6.7,7.8,9.5,7.2,85.3
1239,C,1,1,8.8,6.6,5.6,5.5,77.5
1239,D,1,0,7.7,8.2,6.9,9.4,70.3
1240,A,1,0,6.0,6.0,6.2,8.5,61.2
1240,B,1,0,6.7,10,7.9,6.1,67.8
1240,C,0,1,9.0,5.6,7.3,7.4,65.5
1240,D,1,0,5.4,6.6,7.2,6.2,59.0
1241,A,1,0,5.7,4.7,6.9,9.6,61.5
1241,B,1,1,6.7,6.3,8.3,6.6,79.8
1241,C,0,1,5.4,6.3,7.3,7.2,60.3
1241,D,0,0,9.0,7.8,9.3,9.2,58.8
1242,A,0,0,6.9,7.3,6.7,7.1,46.7
1242,B,1,0,6.9,7.1,7.4,5.4,61.3
1242,C,0,0,6.0,7.7,8.1,4.1,43.2
1242,D,0,0,8.6,8.9,6.9,7.6,53.3
1243,A,1,0,8.9,5.7,3.1,9.4,61.8
1243,B,1,1,6.2,10,9.5,4.8,84.2
1243,C,1,0,7.5,8.4,7.4,6.9,67.0
1243,D,1,1,8.1,7.0,6.6,7.4,81.8
1244,A,1,0,7.2,5.0,5.0,9.3,60.8
1244,B,0,1,6.5,8.6,7.8,8.9,69.7
1244,C,1,0,7.2,4.8,8.4,5.6,60.0
1244,D,0,1,7.6,7.4,8.0,8.8,69.7
1245,A,0,0,9.4,5.4,6.6,8.3,49.5
1245,B,1,1,6.7,6.5,8.6,6.3,80.2
1245,C,1,0,6.8,8.0,8.3,6.5,66.0
1245,D,1,1,6.7,7.9,9.7,8.2,87.5
1246,A,1,0,6.5,6.5,7.8,7.7,64.2
1246,B,1,0,6.9,9.3,8.2,5.7,66.8
1246,C,1,1,7.5,6.7,6.6,6.3,78.5
1246,D,1,0,8.9,7.3,8.6,8.3,71.8
1247,A,1,0,6.2,5.3,6.5,9.3,62.2
1247,B,0,1,6.4,4.0,8.4,7.9,61.2
1247,C,1,1,8.3,5.8,5.6,4.3,73.3
1247,D,0,1,5.3,7.2,7.8,8.4,64.5
1248,A,0,1,4.4,5.8,6.4,5.2,53.0
1248,B,1,1,5.3,8.0,7.2,7.0,79.2
1248,C,1,0,9.8,7.3,7.9,7.9,71.5
1248,D,1,1,9.1,7.4,6.5,7.0,83.3
1249,A,0,1,7.2,5.4,6.5,5.5,57.7
1249,B,1,0,7.5,7.1,7.0,9.1,67.8
1249,C,1,0,8.1,5.2,8.3,7.0,64.3
1249,D,1,1,7.0,5.3,9.3,9.2,84.7
1250,A,1,0,5.0,5.9,4.9,6.5,53.8
1250,B,0,0,4.9,8.9,7.3,5.3,44.0
1250,C,1,0,8.7,6.7,8.4,7.6,69.0
1250,D,1,0,9.3,7.0,5.9,8.2,67.3
1251,A,1,0,6.8,7.8,5.7,8.6,64.8
1251,B,0,1,3.7,7.2,8.6,5.6,58.5
1251,C,1,0,6.1,6.9,8.3,5.3,61.0
1251,D,0,1,6.5,5.6,8.2,6.0,60.5
1252,A,0,1,6.8,6.3,7.2,9.4,66.2
1252,B,1,1,6.6,7.6,8.6,8.2,85.0
1252,C,0,1,7.5,5.4,9.0,7.7,66.0
1252,D,1,1,8.4,10,8.5,7.6,90.8
1253,A,1,0,9.3,5.0,6.8,8.9,66.7
1253,B,1,1,7.2,7.1,7.5,7.5,82.2
1253,C,0,0,7.6,3.5,8.5,6.7,43.8
1253,D,1,1,5.2,7.7,7.5,9.6,83.3
1254,A,1,0,3.9,4.8,4.6,6.7,50.0
1254,B,1,0,6.0,8.0,7.3,6.4,62.8
1254,C,0,0,8.2,6.1,8.7,4.8,46.3
1254,D,0,1,8.7,8.0,7.7,9.0,72.3
1255,A,1,1,7.7,5.3,4.9,8.3,77.0
1255,B,1,1,4.5,7.5,6.7,9.9,81.0
1255,C,0,1,8.4,5.8,6.0,5.8,60.0
1255,D,1,1,8.6,4.1,9.1,9.3,85.2
1256,A,1,1,6.4,3.5,5.3,7.3,70.8
1256,B,0,0,6.4,9.8,6.8,7.7,51.2
1256,C,1,0,6.1,9.4,7.9,8.1,69.2
1256,D,1,0,9.8,7.4,8.6,6.5,70.5
1257,A,1,1,5.0,4.7,5.7,7.2,71.0
1257,B,1,1,5.5,7.6,8.3,5.2,77.7
1257,C,0,0,6.9,6.3,8.6,7.7,49.2
1257,D,1,1,4.7,6.5,8.0,8.2,79.0
1258,A,1,0,6.0,6.2,6.0,6.1,57.2
1258,B,0,1,7.8,5.9,5.8,8.4,63.2
1258,C,1,1,9.3,3.9,7.0,6.2,77.3
1258,D,1,1,9.5,9.6,7.1,7.6,89.7
1259,A,1,1,5.3,3.2,7.6,7.4,72.5
1259,B,1,1,7.9,6.6,5.6,6.8,78.2
1259,C,0,1,6.6,6.4,5.8,8.4,62.0
1259,D,1,0,8.0,7.7,7.6,8.1,69.0
1260,A,0,1,6.6,5.6,3.8,6.5,54.2
1260,B,1,0,5.9,5.5,7.2,7.4,60.0
1260,C,1,0,8.5,6.5,8.1,6.6,66.2
1260,D,1,0,9.1,6.6,9.4,6.4,69.2
1261,A,1,0,9.1,5.2,6.3,7.3,63.2
1261,B,1,0,8.0,7.3,7.4,8.7,69.0
1261,C,0,1,5.7,6.7,7.2,7.4,61.7
1261,D,0,0,6.5,7.0,8.6,8.5,51.0
1262,A,0,0,6.2,7.2,7.0,6.4,44.7
1262,B,1,1,6.7,7.4,6.1,4.1,73.8
1262,C,0,1,5.9,6.5,7.4,7.5,62.2
1262,D,1,1,7.9,8.3,8.1,7.2,85.8
1263,A,1,0,4.9,5.3,6.6,7.3,56.8
1263,B,1,1,5.8,7.4,8.0,9.2,84.0
1263,C,0,1,7.6,6.5,6.8,6.1,61.7
1263,D,1,1,5.0,6.6,7.1,4.3,71.7
1264,A,1,1,6.0,3.6,4.3,7.0,68.2
1264,B,1,0,7.1,9.0,6.2,7.0,65.5
1264,C,1,0,6.1,4.7,9.0,4.7,57.5
1264,D,1,0,6.2,6.2,9.3,6.3,63.3
1265,A,0,0,6.8,3.7,5.5,6.9,38.2
1265,B,1,0,6.6,7.6,8.0,5.9,63.5
1265,C,0,0,5.6,3.5,6.7,7.3,38.5
1265,D,0,1,4.9,9.1,10,4.4,64.0
1266,A,1,0,6.4,3.8,3.8,5.2,48.7
1266,B,1,0,6.3,7.1,9.5,7.0,66.5
1266,C,1,1,7.9,7.9,7.0,6.3,81.8
1266,D,1,1,6.9,7.5,5.2,7.6,78.7
1267,A,0,0,5.8,3.7,5.6,8.2,38.8
1267,B,1,1,7.1,8.4,7.0,4.7,78.7
1267,C,0,0,8.7,6.8,6.2,5.9,46.0
1267,D,1,1,8.9,7.5,9.0,7.1,87.5
1268,A,0,0,4.7,5.6,5.4,8.7,40.7
1268,B,1,1,6.3,9.4,9.9,9.2,91.3
1268,C,0,0,6.3,9.1,6.7,4.9,45.0
1268,D,1,0,8.1,4.7,7.3,4.9,58.3
1269,A,1,1,5.3,5.7,6.2,7.5,74.5
1269,B,1,0,5.3,5.4,8.0,7.6,60.5
1269,C,0,0,8.9,2.9,8.2,6.3,43.8
1269,D,1,1,7.3,7.6,7.1,7.9,83.2
1270,A,1,1,8.3,6.3,7.4,9.3,85.5
1270,B,1,1,5.6,6.5,7.0,5.6,74.5
1270,C,0,1,6.8,3.9,5.8,8.2,57.8
1270,D,0,1,9.3,8.5,8.3,6.5,71.0
1271,A,1,1,7.7,7.4,6.7,6.1,79.8
1271,B,0,0,8.6,6.5,6.2,5.4,44.5
1271,C,1,1,7.5,6.0,5.1,6.1,74.5
1271,D,1,0,8.7,9.4,7.1,5.0,67.0
1272,A,0,0,5.8,5.5,5.8,6.9,40.0
1272,B,0,1,7.2,4.6,7.6,6.4,59.7
1272,C,1,1,4.7,7.4,7.4,7.7,78.7
1272,D,1,1,7.8,6.3,9.4,4.9,80.7
1273,A,1,0,9.1,5.7,5.8,6.3,61.5
1273,B,0,0,8.0,7.6,7.1,6.1,48.0
1273,C,1,1,5.6,6.5,8.0,6.2,77.2
1273,D,1,1,9.0,7.6,9.0,7.1,87.8
1274,A,1,1,6.1,4.9,6.5,5.7,72.0
1274,B,1,0,6.5,9.0,7.8,4.0,62.2
1274,C,0,1,7.3,6.9,8.0,6.8,65.0
1274,D,0,1,6.8,6.3,6.9,5.1,58.5
1275,A,1,1,5.7,2.8,5.7,9.6,73.0
1275,B,1,1,7.9,6.8,7.4,6.6,81.2
1275,C,1,1,5.6,5.4,6.8,6.4,73.7
1275,D,1,1,8.4,7.5,8.0,7.3,85.3
1276,A,1,1,5.5,6.6,5.4,5.1,71.0
1276,B,1,0,5.6,4.2,5.5,6.6,53.2
1276,C,1,0,9.9,8.2,9.6,6.0,72.8
1276,D,1,1,6.3,4.6,9.2,6.5,77.7
1277,A,1,1,5.3,4.9,4.2,9.3,72.8
1277,B,0,0,6.9,7.4,9.5,8.9,54.5
1277,C,1,0,6.2,5.5,8.2,5.9,59.7
1277,D,1,1,7.4,4.7,7.0,5.9,75.0
1278,A,1,0,4.7,5.4,7.0,8.0,58.5
1278,B,1,0,5.7,6.0,7.0,8.3,61.7
1278,C,0,0,8.6,5.9,8.4,5.8,47.8
1278,D,1,1,8.1,6.2,7.5,7.7,82.5
1279,A,1,1,6.1,7.2,5.5,6.2,75.0
1279,B,1,1,8.4,8.8,8.4,4.5,83.5
1279,C,1,1,7.7,4.6,8.3,6.3,78.2
1279,D,1,0,6.7,8.6,8.8,6.6,67.8
1280,A,0,0,5.3,4.5,5.2,7.7,37.8
1280,B,1,1,5.2,8.1,7.5,6.8,79.3
1280,C,1,0,6.2,5.1,9.2,5.8,60.5
1280,D,1,1,8.9,7.6,8.1,5.9,84.2
1281,A,1,1,4.3,4.4,2.9,7.6,65.3
1281,B,1,1,9.5,6.4,5.4,7.2,80.8
1281,C,1,1,5.9,6.1,7.9,8.3,80.3
1281,D,1,1,7.0,6.7,8.7,7.4,83.0
1282,A,1,0,5.6,2.9,6.3,6.8,52.7
1282,B,1,1,8.0,7.9,8.9,5.2,83.3
1282,C,1,0,7.5,6.0,7.9,6.3,62.8
1282,D,1,1,10,7.2,8.3,8.3,89.7
1283,A,1,1,5.3,5.6,6.0,5.5,70.7
1283,B,1,1,7.9,9.2,7.9,6.3,85.5
1283,C,1,0,8.4,6.8,6.9,4.9,61.7
1283,D,0,1,6.6,5.1,7.9,8.5,63.5
1284,A,1,1,4.1,3.8,8.6,9.7,77.0
1284,B,0,1,5.0,8.0,9.1,6.1,63.7
1284,C,0,0,6.5,6.3,7.1,6.6,44.2
1284,D,1,0,7.8,5.4,8.7,9.3,68.7
1285,A,1,1,4.4,5.4,5.0,8.3,71.8
1285,B,0,0,4.3,5.6,6.4,4.8,35.2
1285,C,0,0,10,5.2,8.6,5.5,48.8
1285,D,1,0,7.0,6.1,8.3,8.5,66.5
1286,A,1,1,7.1,3.5,5.1,6.9,71.0
1286,B,1,0,6.2,8.5,8.8,8.5,70.0
1286,C,1,1,7.7,6.9,4.4,6.2,75.3
1286,D,1,0,6.8,7.6,9.2,5.7,65.5
1287,A,1,0,4.2,5.2,6.6,8.9,58.2
1287,B,1,0,6.9,6.1,9.5,8.5,68.3
1287,C,0,1,6.7,4.2,9.8,6.6,62.2
1287,D,1,1,7.1,7.5,6.5,5.5,77.7
1288,A,1,1,5.4,5.5,8.0,8.2,78.5
1288,B,1,1,5.5,7.8,8.1,6.0,79.0
1288,C,1,0,8.0,6.3,7.4,6.3,63.3
1288,D,1,1,4.8,5.6,6.7,6.4,72.5
1289,A,0,0,4.6,4.8,7.1,7.3,39.7
1289,B,1,1,8.9,7.5,7.4,8.9,87.8
1289,C,1,0,9.5,7.0,9.1,4.7,67.2
1289,D,0,0,7.2,8.1,7.0,5.6,46.5
1290,A,1,0,3.9,3.7,6.5,6.8,51.5
1290,B,1,0,5.3,8.2,8.2,7.2,64.8
1290,C,1,0,8.1,5.9,8.8,8.0,68.0
1290,D,1,1,6.2,6.4,7.0,8.3,79.8
1291,A,0,1,5.2,7.8,6.3,8.2,62.5
1291,B,0,0,5.7,8.3,5.5,5.0,40.8
1291,C,0,1,7.6,4.0,6.7,7.6,59.8
1291,D,1,1,8.2,7.6,6.5,5.4,79.5
1292,A,0,1,4.0,7.1,6.3,8.7,60.2
1292,B,1,0,8.2,5.9,8.9,6.1,65.2
1292,C,1,0,7.1,7.3,6.5,4.9,59.7
1292,D,1,1,8.4,8.0,9.3,7.8,89.2
1293,A,1,1,8.7,5.8,6.4,7.3,80.3
1293,B,1,0,6.8,5.5,6.2,5.5,56.7
1293,C,0,1,7.4,5.9,7.8,7.1,63.7
1293,D,1,0,7.7,8.2,8.3,6.9,68.5
1294,A,1,1,6.3,6.1,8.1,5.9,77.3
1294,B,1,1,6.3,8.8,5.0,7.5,79.3
1294,C,0,1,4.8,6.3,6.9,4.8,54.7
1294,D,1,0,6.0,6.9,7.7,5.2,59.7
1295,A,1,1,6.9,7.3,7.0,8.6,83.0
1295,B,1,0,6.2,7.1,4.1,5.6,55.0
1295,C,1,1,6.9,6.8,9.1,7.0,83.0
1295,D,1,1,6.2,7.7,7.5,8.4,83.0
1296,A,1,1,7.1,3.5,6.6,9.5,77.8
1296,B,1,1,8.8,5.7,9.1,5.4,81.7
1296,C,0,1,6.2,6.7,6.8,5.5,58.7
1296,D,1,1,8.7,7.4,6.7,7.8,84.3
1297,A,1,1,5.3,4.8,4.9,9.0,73.3
1297,B,1,1,6.9,9.8,5.5,7.5,82.8
1297,C,0,0,8.2,4.9,7.0,6.8,44.8
1297,D,0,0,6.2,5.7,8.5,5.6,43.3
1298,A,1,1,6.0,6.0,6.7,6.7,75.7
1298,B,1,1,7.9,7.9,7.0,7.7,84.2
1298,C,0,1,8.4,6.6,7.7,8.1,68.0
1298,D,1,0,6.0,4.4,7.3,7.8,59.2
1299,A,0,0,5.9,6.0,4.8,6.0,37.8
1299,B,0,1,7.3,9.3,8.7,8.0,72.2
1299,C,1,1,7.4,6.5,7.5,5.8,78.7
1299,D,1,1,10,5.9,9.9,6.3,86.8
1300,A,1,0,5.3,4.1,4.1,9.2,54.5
1300,B,1,0,8.8,6.5,7.4,7.0,66.2
1300,C,1,0,6.9,7.6,9.7,5.6,66.3
1300,D,1,1,10,7.1,8.9,6.3,87.2
