respondent_id,variant_id,trial_intent_pct,purchase_intent_pct,appeal,uniqueness,price_acceptance_pct,credibility,respondent_composite_0_100
1,A,1,0,5.6,6.8,0,7.6,50.0
1,B,1,1,4.1,4.7,1,3.3,70.2
1,C,1,1,6.3,8.1,0,5.4,66.3
1,D,1,0,5.8,2.9,0,5.5,40.3
2,A,0,0,2.5,7.6,0,5.7,26.3
2,B,1,1,5.3,3.5,0,6.4,58.7
2,C,0,0,8.9,4.9,0,5.4,32.0
2,D,1,0,8.0,3.6,1,6.2,63.0
3,A,0,0,5.7,6.1,0,8.8,34.3
3,B,1,0,5.8,6.7,1,5.8,63.8
3,C,1,0,6.6,6.2,0,5.4,47.0
3,D,1,1,8.5,3.9,1,6.4,81.3
4,A,0,1,6.0,3.7,0,4.4,40.2
4,B,1,1,6.1,5.2,1,5.1,77.3
4,C,1,0,5.9,8.9,0,6.6,52.3
4,D,0,1,6.3,6.6,1,5.7,64.3
5,A,0,0,6.6,6.2,0,5.3,30.2
5,B,0,0,5.0,4.4,1,7.2,44.3
5,C,1,1,5.8,5.8,0,7.8,65.7
5,D,1,0,7.7,4.6,1,7.4,66.2
6,A,1,1,5.3,4.4,1,7.2,78.2
6,B,1,0,5.2,2.6,0,6.9,41.2
6,C,1,0,5.0,6.3,1,5.0,60.5
6,D,1,0,5.6,5.2,0,5.1,43.2
7,A,1,0,3.7,5.5,0,6.5,42.8
7,B,1,0,5.7,3.3,0,5.2,40.3
7,C,1,0,6.7,5.8,1,4.7,62.0
7,D,1,1,4.9,3.9,1,4.9,72.8
8,A,0,1,5.7,5.6,1,5.1,60.7
8,B,1,0,6.1,3.0,1,5.0,56.8
8,C,0,1,7.1,3.8,1,6.7,62.7
8,D,1,0,6.3,3.9,1,9.2,65.7
9,A,0,1,5.5,6.7,0,6.6,48.0
9,B,0,0,7.8,3.0,1,3.3,40.2
9,C,1,0,8.5,4.3,0,6.6,49.0
9,D,0,1,7.1,3.8,1,6.0,61.5
10,A,0,1,6.4,4.5,0,6.3,45.3
10,B,0,0,5.6,4.3,1,4.6,40.8
10,C,1,0,5.5,4.2,1,6.6,60.5
10,D,1,1,6.6,5.3,0,6.8,64.5
11,A,1,0,3.9,4.7,1,4.7,55.5
11,B,1,0,5.3,4.6,1,4.6,57.5
11,C,1,0,7.5,5.0,0,5.0,45.8
11,D,0,0,6.0,7.1,1,8.4,52.5
12,A,1,1,6.8,6.1,1,6.2,81.8
12,B,0,1,5.2,2.4,0,7.6,42.0
12,C,0,0,6.1,4.2,0,7.0,28.8
12,D,1,0,6.1,6.3,0,7.7,50.2
13,A,1,1,7.2,3.3,1,6.0,77.5
13,B,1,0,4.5,2.3,1,3.5,50.5
13,C,0,0,5.9,5.1,0,6.3,28.8
13,D,0,1,6.8,6.8,0,5.4,48.3
14,A,0,0,5.8,4.2,1,5.2,42.0
14,B,0,0,4.7,5.0,0,5.4,25.2
14,C,1,0,4.5,5.2,1,7.6,62.2
14,D,1,1,4.4,6.1,1,6.4,78.2
15,A,0,0,5.0,5.0,0,6.4,27.3
15,B,1,1,8.0,4.5,0,7.7,67.0
15,C,0,0,6.3,7.3,0,6.5,33.5
15,D,0,1,6.1,4.3,1,6.1,60.8
16,A,1,0,6.7,5.2,1,7.5,65.7
16,B,1,0,5.8,1.8,1,6.1,56.2
16,C,0,1,6.5,6.6,0,4.8,46.5
16,D,1,1,6.2,5.1,1,7.6,81.5
17,A,1,0,2.9,8.0,1,6.4,62.2
17,B,1,1,7.9,5.0,1,4.9,79.7
17,C,1,0,5.7,7.6,0,7.8,51.8
17,D,1,1,4.5,5.2,1,6.8,77.5
18,A,0,0,4.4,4.5,1,6.2,41.8
18,B,1,1,5.5,4.2,1,6.4,76.8
18,C,1,0,6.2,6.2,1,4.3,61.2
18,D,1,0,7.1,4.1,1,5.2,60.7
19,A,0,1,4.9,6.1,0,6.1,45.2
19,B,0,0,7.1,4.6,1,9.0,51.2
19,C,1,1,4.0,3.8,0,5.5,55.5
19,D,1,1,7.7,5.3,1,7.6,84.3
20,A,1,0,5.8,5.0,0,7.1,46.5
20,B,1,0,7.2,1.7,0,6.8,42.8
20,C,1,1,3.7,6.8,0,6.6,61.8
20,D,1,0,6.0,4.4,1,8.2,64.3
21,A,1,0,6.2,6.7,0,4.8,46.2
21,B,0,0,6.0,5.6,1,6.5,46.8
21,C,0,0,6.0,5.8,0,4.7,27.5
21,D,0,0,2.9,5.5,0,7.0,25.7
22,A,0,0,4.6,4.9,0,7.9,29.0
22,B,0,1,5.4,6.4,1,5.5,62.2
22,C,0,0,7.2,7.1,1,3.8,46.8
22,D,1,1,6.4,4.4,0,6.4,62.0
23,A,1,0,6.8,6.2,0,6.9,49.8
23,B,0,1,6.0,2.5,1,6.0,57.5
23,C,0,0,4.8,4.3,1,6.2,42.2
23,D,0,0,7.5,4.5,0,7.0,31.7
24,A,1,0,7.4,3.3,0,5.0,42.8
24,B,0,1,6.4,4.6,1,5.4,60.7
24,C,0,0,4.9,7.0,0,7.0,31.5
24,D,0,0,4.1,3.6,1,7.8,42.5
25,A,1,1,6.1,1.7,1,6.0,73.0
25,B,1,1,6.1,5.9,0,6.3,63.8
25,C,1,0,6.4,6.9,0,7.7,51.7
25,D,1,0,7.2,5.2,1,8.1,67.5
26,A,0,0,6.1,4.3,1,4.5,41.5
26,B,1,0,6.4,4.5,1,5.5,60.7
26,C,1,0,8.7,6.8,0,4.1,49.3
26,D,1,1,7.2,3.0,0,8.4,64.3
27,A,0,1,6.7,5.0,0,5.5,45.3
27,B,0,0,4.3,3.0,0,3.6,18.2
27,C,1,1,4.4,6.0,0,6.2,61.0
27,D,0,0,5.0,3.6,0,6.7,25.5
28,A,1,0,4.1,6.8,0,3.7,41.0
28,B,1,0,8.4,4.0,1,4.5,61.5
28,C,0,0,4.4,5.6,0,4.4,24.0
28,D,0,0,5.3,4.8,1,6.2,43.8
29,A,0,1,3.3,2.7,1,6.1,53.5
29,B,0,0,6.3,3.8,1,6.6,44.5
29,C,1,0,4.7,7.8,0,5.5,46.7
29,D,1,0,5.2,4.5,1,7.0,61.2
30,A,1,0,6.1,5.8,1,4.9,61.3
30,B,1,0,7.9,5.2,1,4.8,63.2
30,C,0,0,6.1,7.1,1,7.2,50.7
30,D,0,0,5.1,5.4,0,7.3,29.7
31,A,1,1,7.0,5.6,0,5.6,63.7
31,B,1,1,5.6,3.2,1,4.9,72.8
31,C,0,0,5.8,8.3,0,6.2,33.8
31,D,1,1,6.4,6.0,1,4.5,78.2
32,A,1,0,4.3,6.3,0,7.6,47.0
32,B,1,1,4.8,3.4,0,9.4,62.7
32,C,1,0,5.8,6.2,0,5.7,46.2
32,D,1,1,7.6,4.4,1,5.9,79.8
33,A,1,0,5.7,6.5,0,5.3,45.8
33,B,1,1,6.8,5.1,1,6.7,81.0
33,C,1,1,6.9,5.6,0,8.4,68.2
33,D,1,1,9.4,5.5,1,5.3,83.7
34,A,1,0,5.2,5.2,1,6.6,61.7
34,B,0,0,4.7,5.4,0,7.6,29.5
34,C,1,0,5.7,5.3,1,7.7,64.5
34,D,0,1,8.6,5.9,0,7.8,53.8
35,A,0,0,6.4,7.2,1,4.8,47.3
35,B,1,0,6.9,5.1,1,7.9,66.5
35,C,0,1,8.0,3.5,0,7.0,47.5
35,D,1,0,6.4,5.8,1,7.9,66.8
36,A,0,0,5.5,4.4,0,2.9,21.3
36,B,1,1,6.5,3.8,0,7.9,63.7
36,C,0,0,5.4,7.5,0,6.3,32.0
36,D,1,1,7.9,5.5,0,5.7,65.2
37,A,0,1,4.8,4.2,1,7.9,61.5
37,B,0,0,6.6,3.4,1,5.1,41.8
37,C,0,0,7.4,5.0,0,4.2,27.7
37,D,0,0,4.7,3.4,1,6.3,40.7
38,A,0,1,5.2,5.4,0,6.4,45.0
38,B,0,1,5.9,5.7,0,4.6,43.7
38,C,0,0,7.6,5.5,0,5.9,31.7
38,D,1,1,5.9,5.5,1,8.1,82.5
39,A,0,0,6.3,6.8,0,6.0,31.8
39,B,1,1,5.8,5.6,1,5.2,77.7
39,C,1,1,8.0,7.4,0,6.6,70.0
39,D,1,0,8.4,2.1,0,7.4,46.5
40,A,0,0,5.2,5.0,1,4.9,41.8
40,B,1,0,6.0,3.6,1,5.6,58.7
40,C,1,0,4.7,4.8,0,6.8,43.8
40,D,1,0,7.5,6.4,0,8.1,53.3
41,A,1,0,3.9,5.5,0,6.1,42.5
41,B,1,0,4.5,1.8,1,5.6,53.2
41,C,1,0,4.6,8.7,1,6.8,66.8
41,D,1,0,8.7,4.2,0,4.1,45.0
42,A,1,0,7.8,5.0,0,6.0,48.0
42,B,1,1,5.7,4.6,1,4.6,74.8
42,C,0,0,7.7,9.0,1,5.4,53.5
42,D,0,0,4.5,3.5,0,5.5,22.5
43,A,1,0,7.3,5.7,1,8.2,68.7
43,B,0,1,7.2,1.7,1,5.0,56.5
43,C,1,1,7.4,7.9,0,6.7,70.0
43,D,1,0,7.2,5.8,0,7.4,50.7
44,A,0,0,4.8,5.0,0,3.9,22.8
44,B,1,0,6.2,5.6,0,7.3,48.5
44,C,0,0,6.1,6.1,0,5.6,29.7
44,D,0,0,4.3,7.1,1,7.3,47.8
45,A,0,1,6.0,4.9,0,6.5,45.7
45,B,0,0,5.3,3.9,1,5.2,40.7
45,C,0,0,10,3.8,0,5.8,32.7
45,D,1,0,5.0,6.2,1,7.3,64.2
46,A,1,0,5.1,5.9,1,7.3,63.8
46,B,1,1,7.0,5.2,1,5.6,79.7
46,C,0,1,7.6,5.7,0,6.6,49.8
46,D,1,1,6.6,4.2,1,6.9,79.5
47,A,1,0,5.1,5.3,1,5.9,60.5
47,B,1,1,4.7,3.7,1,5.7,73.5
47,C,1,1,4.4,5.0,0,5.8,58.7
47,D,1,0,6.1,4.8,1,6.1,61.7
48,A,0,1,6.3,4.4,0,5.2,43.2
48,B,0,1,4.6,3.1,1,5.7,55.7
48,C,1,0,4.2,5.2,0,7.8,45.3
48,D,1,1,7.0,3.7,1,9.4,83.5
49,A,1,1,6.4,5.4,0,6.2,63.3
49,B,1,0,5.3,5.4,0,4.6,42.2
49,C,0,0,7.4,4.2,0,8.8,34.0
49,D,1,0,5.8,2.4,1,9.6,63.0
50,A,1,0,6.9,6.2,0,6.2,48.8
50,B,1,0,5.2,2.9,1,4.8,54.8
50,C,0,1,6.2,6.2,0,5.6,46.7
50,D,1,1,5.5,4.4,0,7.6,62.5
51,A,1,0,5.5,4.3,1,5.9,59.5
51,B,0,0,5.1,7.1,1,7.3,49.2
51,C,0,0,5.4,6.1,0,5.4,28.2
51,D,1,1,5.6,3.8,0,5.0,57.3
52,A,0,0,3.0,8.2,0,6.4,29.3
52,B,1,0,3.8,3.3,0,5.0,36.8
52,C,0,0,7.1,3.9,0,4.3,25.5
52,D,1,0,4.8,3.7,1,8.1,61.0
53,A,0,0,3.2,4.8,0,6.4,24.0
53,B,0,0,5.6,1.6,1,5.5,37.8
53,C,0,0,6.4,2.6,0,6.0,25.0
53,D,1,0,5.0,5.8,0,6.3,45.2
54,A,0,0,6.6,6.0,0,4.6,28.7
54,B,1,0,7.2,3.3,0,3.8,40.5
54,C,1,0,9.2,8.1,0,6.4,56.2
54,D,0,0,6.2,2.2,1,5.9,40.5
55,A,0,0,6.1,2.2,1,6.7,41.7
55,B,1,1,4.1,4.2,0,4.1,54.0
55,C,1,0,4.5,5.1,0,5.9,42.5
55,D,0,0,6.6,6.1,1,5.0,46.2
56,A,1,0,4.3,5.7,0,4.1,40.2
56,B,1,0,5.3,2.4,1,5.9,56.0
56,C,0,1,7.7,4.6,1,3.9,60.3
56,D,1,0,6.1,3.6,1,7.0,61.2
57,A,1,0,4.9,4.7,1,5.7,58.8
57,B,1,0,4.2,3.7,0,5.6,39.2
57,C,0,0,8.9,5.5,0,6.3,34.5
57,D,1,1,5.7,6.7,1,6.2,81.0
58,A,0,0,5.3,5.0,1,5.1,42.3
58,B,0,0,5.4,5.1,1,3.5,40.0
58,C,0,0,5.5,6.1,0,6.8,30.7
58,D,1,0,6.2,5.0,1,7.8,65.0
59,A,1,0,5.3,3.5,0,4.0,38.0
59,B,0,0,6.3,3.2,0,6.8,27.2
59,C,1,0,7.0,3.9,1,5.2,60.2
59,D,0,1,7.2,4.1,1,8.3,66.0
60,A,1,1,7.0,7.4,1,6.8,85.3
60,B,1,1,7.1,3.8,0,6.4,62.2
60,C,0,0,6.8,5.1,1,5.2,45.2
60,D,1,0,6.8,5.4,1,6.3,64.2
61,A,0,0,4.9,4.7,1,2.9,37.5
61,B,1,1,8.2,1.7,0,7.0,61.5
61,C,0,0,6.4,8.2,0,7.4,36.7
61,D,1,0,7.4,4.9,0,7.5,49.7
62,A,1,0,6.4,4.3,1,5.6,60.5
62,B,0,1,5.4,4.2,0,4.8,40.7
62,C,0,1,8.5,7.0,0,8.9,57.3
62,D,1,1,5.7,3.6,1,9.7,81.7
63,A,0,0,5.6,5.0,0,4.4,25.0
63,B,0,0,5.2,4.6,1,5.3,41.8
63,C,0,0,6.4,5.6,0,7.5,32.5
63,D,1,0,6.2,5.2,0,5.7,45.2
64,A,0,0,5.5,4.3,1,5.5,42.2
64,B,1,1,5.3,5.0,0,6.9,62.0
64,C,0,1,5.9,6.7,0,3.3,43.2
64,D,1,0,7.4,4.9,1,8.1,67.3
65,A,1,1,6.1,5.5,0,7.4,65.0
65,B,0,0,7.1,2.3,1,6.1,42.5
65,C,1,1,7.4,5.9,1,7.3,84.3
65,D,0,0,4.3,5.1,0,8.2,29.3
66,A,1,0,5.9,6.2,0,7.7,49.7
66,B,0,0,4.7,4.2,0,8.2,28.5
66,C,0,1,8.0,6.2,0,4.1,47.2
66,D,0,0,6.2,5.0,0,6.5,29.5
67,A,0,0,6.1,5.6,1,6.2,46.5
67,B,0,1,3.1,3.6,1,6.6,55.5
67,C,0,0,8.4,6.1,1,6.1,51.0
67,D,1,0,5.2,5.8,0,6.6,46.0
68,A,1,1,8.0,3.2,1,5.4,77.7
68,B,1,1,7.4,3.0,1,5.0,75.7
68,C,1,0,8.0,6.9,0,6.9,53.0
68,D,1,0,5.0,3.9,1,4.5,55.7
69,A,1,1,4.5,6.0,0,6.0,60.8
69,B,1,1,6.0,5.4,1,5.2,77.7
69,C,0,1,6.2,5.9,0,5.7,46.3
69,D,0,0,4.5,5.7,1,7.3,45.8
70,A,0,1,3.3,5.3,1,6.4,58.3
70,B,1,1,3.9,5.4,1,6.5,76.3
70,C,1,1,5.7,6.6,0,3.5,59.7
70,D,1,0,1.8,4.5,0,5.1,35.7
71,A,0,0,5.4,4.1,1,5.1,41.0
71,B,0,1,5.5,6.4,0,6.0,46.5
71,C,0,1,6.7,4.9,0,6.6,47.0
71,D,0,1,5.9,6.6,1,5.5,63.3
72,A,0,0,5.0,6.6,1,6.2,46.3
72,B,0,0,4.4,4.0,1,4.8,38.7
72,C,0,1,7.9,6.0,0,7.7,52.7
72,D,1,0,7.6,4.7,0,5.5,46.3
73,A,0,0,8.6,6.3,0,6.3,35.3
73,B,0,1,6.5,3.1,0,6.2,43.0
73,C,0,0,6.5,5.2,1,6.6,47.2
73,D,0,1,8.4,3.3,0,9.4,51.8
74,A,1,0,6.0,4.0,0,5.7,42.8
74,B,1,1,6.6,2.4,0,6.6,59.3
74,C,0,0,7.8,7.5,0,5.1,34.0
74,D,1,1,5.8,6.3,1,7.3,82.3
75,A,1,1,4.5,4.5,1,5.1,73.5
75,B,1,0,2.8,5.1,0,4.2,36.8
75,C,1,0,6.9,6.9,1,7.3,68.5
75,D,1,0,6.5,3.7,0,6.3,44.2
76,A,1,0,6.5,7.6,0,7.0,51.8
76,B,1,0,7.9,3.3,1,6.3,62.5
76,C,1,1,6.2,7.5,0,6.5,67.0
76,D,0,0,5.9,5.7,1,7.6,48.7
77,A,0,1,4.7,3.8,1,3.1,52.7
77,B,1,0,5.7,2.8,1,7.7,60.3
77,C,0,0,7.1,8.2,0,6.4,36.2
77,D,1,0,6.8,5.3,1,8.5,67.7
78,A,0,1,6.7,5.0,0,6.5,47.0
78,B,1,0,7.4,5.5,0,7.2,50.2
78,C,1,0,5.8,4.2,0,5.5,42.5
78,D,0,1,6.2,6.0,1,8.1,67.2
79,A,1,0,5.4,6.5,0,6.8,47.8
79,B,0,1,6.1,3.4,1,5.6,58.5
79,C,1,1,5.9,6.7,0,7.0,66.0
79,D,1,1,7.6,4.5,1,7.6,82.8
80,A,0,1,6.1,6.6,0,5.4,46.8
80,B,1,1,4.2,5.4,1,5.9,75.8
80,C,0,0,2.9,5.9,0,8.2,28.3
80,D,0,0,6.4,6.1,0,7.4,33.2
81,A,0,1,5.4,4.6,1,9.0,65.0
81,B,1,0,5.0,3.9,1,6.9,59.7
81,C,1,0,5.5,6.4,1,6.3,63.7
81,D,1,1,5.8,5.1,1,7.6,80.8
82,A,0,0,3.8,5.4,0,6.8,26.7
82,B,0,0,7.1,3.5,0,5.4,26.7
82,C,0,1,7.5,6.5,1,4.6,64.3
82,D,1,0,5.7,5.3,0,8.3,48.8
83,A,0,0,4.5,6.8,1,5.7,45.0
83,B,0,0,3.7,4.2,1,6.4,40.5
83,C,1,0,5.7,6.8,0,7.2,49.5
83,D,1,0,5.9,5.4,1,7.5,64.7
84,A,0,1,5.5,7.1,1,7.5,66.8
84,B,1,1,5.3,5.4,0,6.4,61.8
84,C,0,0,7.0,4.5,1,7.1,47.7
84,D,1,0,4.8,4.5,1,7.1,60.7
85,A,0,1,5.8,8.0,0,7.9,52.8
85,B,0,0,5.7,4.4,1,7.5,46.0
85,C,0,0,7.0,5.4,0,5.4,29.7
85,D,0,1,4.4,4.2,0,6.1,41.2
86,A,0,1,5.7,7.2,0,7.8,51.2
86,B,0,0,5.9,4.5,1,6.3,44.5
86,C,1,1,4.7,6.7,0,4.9,60.5
86,D,0,0,7.0,3.0,0,7.2,28.7
87,A,0,0,5.1,5.4,0,5.8,27.2
87,B,1,1,6.0,3.5,1,5.0,74.2
87,C,1,0,9.3,6.6,0,6.9,54.7
87,D,1,1,9.4,4.5,1,6.4,83.8
88,A,1,1,6.4,6.2,0,4.3,61.5
88,B,1,0,6.7,3.4,0,8.5,47.7
88,C,1,0,8.3,6.7,1,5.2,67.0
88,D,0,0,8.4,7.7,0,6.0,36.8
89,A,0,0,5.4,5.4,1,6.4,45.3
89,B,0,1,4.4,3.7,0,5.5,39.3
89,C,0,1,5.3,4.8,0,5.1,42.0
89,D,0,0,7.1,6.7,0,5.9,32.8
90,A,0,0,6.8,3.6,0,7.6,30.0
90,B,1,1,2.9,3.3,0,6.9,55.2
90,C,1,1,7.0,5.5,0,6.2,64.5
90,D,1,0,5.4,4.9,1,6.8,61.8
91,A,0,0,5.9,5.1,1,6.3,45.5
91,B,0,1,6.6,4.0,1,5.7,60.5
91,C,1,0,4.6,6.2,1,5.0,59.7
91,D,1,0,6.5,2.3,1,6.4,58.7
92,A,0,1,9.1,5.1,0,3.9,46.8
92,B,1,0,6.9,5.4,1,7.4,66.2
92,C,0,0,8.6,8.1,1,6.0,54.5
92,D,1,0,5.5,6.0,0,7.3,48.0
93,A,0,0,6.4,7.4,1,8.4,53.7
93,B,1,0,5.5,3.0,1,5.1,56.0
93,C,0,0,7.1,8.1,0,4.6,33.0
93,D,0,1,7.6,5.3,0,5.3,47.0
94,A,1,0,6.6,5.4,0,5.3,45.5
94,B,0,1,4.7,4.0,0,5.7,40.7
94,C,1,1,7.8,4.8,1,4.5,78.5
94,D,0,0,7.3,5.1,0,5.3,29.5
95,A,1,0,5.4,7.5,1,6.8,66.2
95,B,0,0,7.2,2.8,1,7.0,45.0
95,C,0,0,5.0,6.8,0,6.5,30.5
95,D,1,1,4.4,6.0,0,6.3,61.2
96,A,1,1,5.5,3.7,1,6.9,76.8
96,B,0,0,3.9,4.7,0,7.2,26.3
96,C,0,0,7.1,6.3,0,3.8,28.7
96,D,1,1,6.9,3.7,1,6.3,78.2
97,A,1,1,7.3,5.7,1,8.5,85.8
97,B,0,0,5.9,2.7,1,6.1,41.2
97,C,1,0,4.6,6.3,0,6.0,44.8
97,D,1,0,4.8,2.9,0,7.2,41.5
98,A,0,1,7.7,6.9,1,3.2,63.0
98,B,1,1,4.8,3.6,1,5.4,73.0
98,C,1,1,4.7,3.2,1,6.6,74.2
98,D,0,0,5.7,6.5,0,7.0,32.0
99,A,0,0,6.4,4.6,1,6.4,45.7
99,B,0,0,6.1,6.5,0,3.8,27.3
99,C,0,0,8.2,7.3,0,6.4,36.5
99,D,1,1,5.9,4.3,1,6.0,77.0
100,A,1,1,4.9,6.8,0,7.6,65.5
100,B,0,0,5.5,5.3,1,6.6,45.7
100,C,1,0,5.3,7.2,0,5.9,47.3
100,D,1,0,9.0,4.8,0,7.1,51.5
101,A,1,0,6.7,5.8,1,7.9,67.3
101,B,1,1,4.1,2.8,1,7.9,74.7
101,C,0,0,4.9,5.2,1,6.6,44.5
101,D,1,1,5.4,6.0,0,7.8,65.3
102,A,1,0,4.5,4.5,0,4.9,39.8
102,B,1,1,4.6,6.6,0,7.3,64.2
102,C,1,0,4.8,5.2,0,7.2,45.3
102,D,0,0,4.3,3.4,1,6.0,39.5
103,A,0,1,6.3,5.9,1,6.9,65.2
103,B,0,0,5.0,3.5,1,6.1,41.0
103,C,1,0,8.4,6.7,0,3.6,47.8
103,D,0,0,4.9,4.1,0,4.8,23.0
104,A,1,1,6.4,5.3,1,6.2,79.8
104,B,1,0,8.1,4.4,0,4.0,44.2
104,C,1,0,6.3,5.1,0,4.3,42.8
104,D,0,1,4.7,3.1,1,5.9,56.2
105,A,0,0,7.0,7.4,0,6.0,34.0
105,B,0,1,5.5,3.8,0,6.6,43.2
105,C,0,1,7.7,4.7,0,4.4,44.7
105,D,0,0,3.4,4.2,1,8.4,43.3
106,A,0,0,4.1,6.6,1,5.6,43.8
106,B,1,1,5.1,2.4,1,5.3,71.3
106,C,1,0,7.2,5.7,0,5.1,46.7
106,D,0,0,6.1,4.5,0,6.8,29.0
107,A,0,1,4.4,5.3,0,6.0,42.8
107,B,1,1,8.3,2.4,1,7.0,79.5
107,C,1,1,7.0,6.9,1,5.9,83.0
107,D,1,0,7.2,3.9,0,7.5,47.7
108,A,1,0,7.0,5.1,1,6.4,64.2
108,B,1,0,6.5,2.8,1,6.8,60.2
108,C,1,1,7.0,8.4,0,7.4,71.3
108,D,1,0,4.7,2.3,0,8.3,42.2
109,A,0,0,6.5,6.0,1,7.9,50.7
109,B,0,0,4.0,2.0,1,6.3,37.2
109,C,1,0,5.7,7.2,0,5.7,47.7
109,D,0,1,5.3,6.4,0,6.9,47.7
110,A,1,0,7.4,5.9,0,4.8,46.8
110,B,0,0,6.7,5.6,0,4.9,28.7
110,C,0,0,3.8,6.1,0,5.3,25.3
110,D,1,0,7.0,2.6,0,5.9,42.5
111,A,0,0,5.1,4.9,0,7.8,29.7
111,B,1,1,6.0,5.0,1,6.7,79.5
111,C,1,0,6.5,2.6,0,4.8,39.8
111,D,1,0,7.3,4.2,1,6.4,63.2
112,A,0,1,6.6,7.6,1,5.6,66.3
112,B,0,1,6.3,5.9,1,9.3,69.2
112,C,0,0,5.7,3.5,0,5.8,25.0
112,D,1,0,4.9,5.5,0,7.0,45.7
113,A,0,0,6.5,5.5,0,5.4,29.0
113,B,1,0,6.1,4.8,0,7.4,47.2
113,C,1,0,7.3,3.0,0,6.4,44.5
113,D,1,1,4.6,3.2,0,7.8,59.3
114,A,1,0,6.0,6.0,0,6.2,47.0
114,B,1,0,5.9,2.3,1,6.2,57.3
114,C,1,0,8.1,6.9,1,5.2,67.0
114,D,1,0,7.2,5.2,0,8.1,50.8
115,A,1,1,6.1,6.5,1,5.7,80.5
115,B,0,0,7.0,4.3,1,4.6,43.2
115,C,1,0,5.4,6.0,1,6.6,63.3
115,D,1,0,6.2,5.2,0,8.5,49.8
116,A,0,0,6.1,5.8,0,7.1,31.7
116,B,0,0,7.2,5.0,0,6.0,30.3
116,C,1,0,5.7,4.2,1,4.6,57.5
116,D,1,0,6.7,3.4,0,7.8,46.5
117,A,1,1,4.8,4.6,1,5.6,75.0
117,B,0,1,6.3,3.9,1,6.3,60.8
117,C,1,1,8.2,4.2,0,5.8,63.7
117,D,1,0,5.1,6.3,1,6.9,63.8
118,A,0,0,6.8,6.4,1,3.7,44.8
118,B,0,0,4.5,5.0,1,5.8,42.2
118,C,0,1,3.5,3.5,1,8.7,59.5
118,D,1,0,6.9,5.4,0,4.9,45.3
119,A,1,0,5.4,4.2,0,6.2,43.0
119,B,1,1,7.1,5.4,0,5.9,64.0
119,C,0,0,6.3,5.2,1,4.1,42.7
119,D,1,1,4.0,5.7,0,6.0,59.5
120,A,1,1,5.3,5.7,0,6.7,62.8
120,B,1,0,6.0,3.4,0,5.2,41.0
120,C,1,1,4.9,4.6,0,4.8,57.2
120,D,1,1,7.0,3.2,0,6.3,60.8
121,A,1,1,5.0,5.8,0,5.5,60.5
121,B,0,1,5.4,2.5,1,4.5,54.0
121,C,1,0,5.4,6.4,0,9.0,51.3
121,D,0,1,6.5,3.8,1,7.9,63.7
122,A,0,1,4.6,4.6,0,6.8,43.3
122,B,1,1,6.3,4.2,1,4.8,75.5
122,C,1,0,7.0,7.2,0,6.8,51.7
122,D,1,0,5.6,7.4,0,5.0,46.7
123,A,0,0,4.5,5.6,1,6.3,44.0
123,B,0,1,4.5,4.1,1,6.8,59.0
123,C,1,0,4.8,9.0,1,6.0,66.3
123,D,0,0,6.1,7.2,1,7.6,51.5
124,A,0,1,8.3,5.7,1,7.5,69.2
124,B,1,0,3.4,4.2,1,4.7,53.8
124,C,0,1,7.0,4.6,0,5.2,44.7
124,D,0,0,5.4,6.1,0,7.6,31.8
125,A,1,1,6.1,5.8,1,5.7,79.3
125,B,0,0,5.4,4.4,1,6.4,43.7
125,C,0,1,6.7,8.7,0,6.9,53.8
125,D,0,0,5.9,4.5,0,6.8,28.7
126,A,1,0,6.2,3.0,1,4.8,56.7
126,B,0,1,3.4,3.3,0,3.7,34.0
126,C,1,0,7.0,6.4,0,6.3,49.5
126,D,1,1,3.7,5.7,0,5.9,58.8
127,A,0,0,8.2,6.1,1,7.0,52.2
127,B,0,1,4.2,5.1,1,4.5,56.3
127,C,1,0,7.6,7.5,0,7.2,53.8
127,D,1,0,5.4,4.1,1,6.1,59.3
128,A,1,0,5.3,4.5,0,6.7,44.2
128,B,0,0,5.7,3.6,1,3.7,38.3
128,C,0,0,5.4,6.9,1,4.7,45.0
128,D,0,0,6.8,4.2,0,7.7,31.2
129,A,0,0,6.2,5.0,0,5.4,27.7
129,B,1,0,6.6,5.1,1,7.3,65.0
129,C,1,1,6.0,4.7,1,5.4,76.8
129,D,1,0,6.4,8.1,0,5.7,50.3
130,A,0,1,6.1,3.8,0,7.5,45.7
130,B,1,1,8.0,3.3,1,5.4,77.8
130,C,1,1,6.0,6.6,0,5.2,63.0
130,D,0,0,6.9,5.9,1,7.2,50.0
131,A,1,0,7.9,6.4,1,6.9,68.7
131,B,1,0,6.9,5.1,0,6.0,46.7
131,C,1,0,3.9,6.9,0,5.1,43.2
131,D,0,1,7.1,3.2,1,6.5,61.3
132,A,0,0,3.3,4.4,1,8.2,43.2
132,B,0,1,4.2,3.0,0,6.5,39.5
132,C,1,0,5.0,6.9,0,5.1,45.0
132,D,1,0,9.2,4.8,1,3.6,62.7
133,A,0,0,3.2,4.9,1,6.3,40.7
133,B,1,0,4.6,5.1,1,5.4,58.5
133,C,1,1,3.7,6.3,1,8.2,80.3
133,D,0,1,6.8,3.7,1,7.0,62.5
134,A,0,1,7.1,5.7,0,7.3,50.2
134,B,0,1,5.0,1.5,1,4.1,51.0
134,C,0,0,5.6,6.6,0,8.3,34.2
134,D,0,0,5.2,4.9,1,7.4,45.8
135,A,1,0,5.6,3.5,0,5.1,40.3
135,B,1,1,6.3,4.3,0,5.5,60.2
135,C,1,0,5.4,6.1,0,5.4,44.8
135,D,0,1,6.9,4.8,1,4.9,61.0
136,A,1,0,3.8,4.1,0,6.5,40.7
136,B,1,0,4.4,3.3,0,6.3,40.0
136,C,0,0,8.5,4.2,0,5.7,30.7
136,D,1,1,6.8,5.3,0,7.6,66.2
137,A,1,1,4.7,4.2,1,5.9,74.7
137,B,0,1,3.8,6.0,0,7.0,44.7
137,C,0,0,5.4,5.2,0,8.8,32.3
137,D,1,1,7.6,5.8,1,5.8,82.0
138,A,0,0,3.8,7.4,1,9.3,50.8
138,B,1,0,7.8,4.4,1,8.2,67.3
138,C,0,1,7.1,6.0,1,6.7,66.3
138,D,1,1,5.2,5.4,1,8.7,82.2
139,A,1,0,7.2,3.9,0,6.1,45.3
139,B,0,0,5.0,3.8,0,6.7,25.8
139,C,1,1,6.6,5.0,0,4.2,59.7
139,D,0,1,2.9,3.7,1,8.1,57.8
140,A,0,0,6.7,3.8,1,7.6,46.8
140,B,0,1,6.3,5.0,1,5.8,61.8
140,C,0,1,6.1,4.4,0,5.7,43.7
140,D,1,1,5.6,3.4,1,6.7,76.2
141,A,1,0,3.1,6.5,1,4.9,57.5
141,B,1,0,5.8,3.9,0,8.5,47.0
141,C,1,0,6.6,7.1,1,7.4,68.5
141,D,1,0,4.6,5.2,0,6.7,44.2
142,A,0,1,5.4,8.1,0,7.6,51.8
142,B,0,0,4.6,3.9,1,6.7,42.0
142,C,0,0,5.3,6.5,0,5.6,29.0
142,D,1,1,5.4,4.7,1,7.7,79.7
143,A,1,1,5.5,3.9,0,7.1,60.8
143,B,0,0,4.2,6.0,1,6.5,44.5
143,C,1,0,4.8,6.4,0,6.3,45.8
143,D,1,0,4.6,5.9,1,8.6,65.2
144,A,1,0,7.5,5.2,0,2.6,42.2
144,B,0,0,5.3,5.3,1,3.5,40.2
144,C,1,0,7.0,6.2,0,5.1,47.2
144,D,1,0,4.8,4.2,1,8.4,62.3
145,A,0,1,6.0,2.6,1,7.3,59.8
145,B,1,0,3.4,3.7,0,5.6,37.8
145,C,0,0,5.9,4.7,1,3.3,39.8
145,D,1,0,4.9,5.1,1,8.2,63.7
146,A,1,0,6.6,6.6,1,6.7,66.5
146,B,1,0,6.5,5.8,1,5.4,62.8
146,C,0,0,8.3,6.1,0,5.5,33.2
146,D,1,1,7.5,5.7,0,7.2,67.3
147,A,0,1,5.7,4.6,0,3.9,40.3
147,B,1,0,7.2,4.4,0,4.7,43.8
147,C,1,0,4.1,5.3,1,6.8,60.3
147,D,1,1,7.4,4.3,1,6.2,79.8
148,A,1,0,6.2,6.3,1,8.4,68.2
148,B,0,1,4.6,4.5,1,7.3,60.7
148,C,0,0,5.5,6.5,0,7.4,32.3
148,D,0,1,6.4,4.4,0,5.6,44.0
149,A,0,0,5.4,5.3,0,6.8,29.2
149,B,0,1,4.1,6.4,0,5.1,42.7
149,C,0,0,4.4,6.8,1,4.8,43.3
149,D,0,0,7.1,5.6,0,7.1,33.0
150,A,0,0,3.4,5.1,1,6.6,41.8
150,B,1,0,4.5,2.4,1,4.3,52.0
150,C,1,1,6.9,6.0,0,4.4,62.2
150,D,0,0,6.3,5.7,0,7.6,32.7
151,A,0,1,7.4,3.6,0,6.3,45.5
151,B,0,0,4.0,6.4,1,5.5,43.2
151,C,1,1,7.1,8.0,1,5.7,84.7
151,D,1,0,5.2,5.4,0,3.9,40.8
152,A,1,1,7.4,5.8,0,7.3,67.5
152,B,0,0,4.6,2.0,0,3.7,17.2
152,C,1,0,5.8,3.6,0,8.5,46.5
152,D,1,0,5.7,4.9,1,7.4,63.3
153,A,1,0,6.7,7.9,0,4.2,48.0
153,B,1,1,3.6,3.4,1,7.8,74.7
153,C,1,1,6.9,8.3,1,5.8,85.0
153,D,1,1,7.0,4.3,1,6.4,79.5
154,A,0,1,7.4,5.5,0,5.2,46.8
154,B,0,1,5.1,2.9,1,3.6,52.7
154,C,0,0,5.6,6.9,0,7.9,34.0
154,D,1,1,5.8,6.4,1,6.0,80.3
155,A,0,1,4.8,5.6,1,5.9,60.5
155,B,1,1,5.3,4.0,1,6.3,76.0
155,C,0,1,5.8,4.5,0,7.0,45.5
155,D,1,0,6.6,6.0,0,5.8,47.3
156,A,1,1,5.9,3.2,0,6.1,58.7
156,B,1,1,4.9,5.5,1,5.0,75.7
156,C,0,1,4.9,5.2,0,6.0,43.5
156,D,1,1,5.3,5.9,1,8.6,83.0
157,A,1,1,8.1,4.0,1,4.7,78.0
157,B,1,0,6.3,3.7,0,5.7,42.8
157,C,0,0,5.7,7.0,1,5.4,46.8
157,D,1,0,5.5,4.1,0,7.3,44.8
158,A,1,1,5.7,5.5,0,6.0,62.0
158,B,1,1,8.0,3.7,1,5.5,78.7
158,C,0,0,7.1,5.8,1,6.9,49.7
158,D,0,0,5.4,5.0,0,8.1,30.8
159,A,0,0,10,5.1,1,5.5,51.0
159,B,0,1,5.1,3.2,1,5.3,56.0
159,C,1,0,6.2,5.0,0,4.4,42.7
159,D,0,0,6.6,6.9,1,7.0,50.8
160,A,0,0,7.2,6.6,1,6.9,51.2
160,B,0,0,5.3,4.7,0,6.3,27.2
160,C,1,1,6.2,7.2,0,4.7,63.5
160,D,1,1,5.5,3.2,0,7.3,60.0
161,A,1,0,5.0,4.8,0,7.7,45.8
161,B,1,1,4.0,4.0,1,2.8,68.0
161,C,1,0,6.6,6.8,0,3.5,44.8
161,D,1,1,5.8,4.9,1,5.7,77.3
162,A,0,0,6.1,4.4,0,4.6,25.2
162,B,1,0,5.6,7.3,1,6.2,65.2
162,C,1,0,8.5,7.6,0,5.6,52.8
162,D,0,0,4.7,6.3,1,7.8,48.0
163,A,1,0,5.2,4.7,0,7.2,45.2
163,B,1,1,4.5,4.3,0,5.7,57.5
163,C,1,0,7.9,5.1,0,6.2,48.7
163,D,1,1,6.9,6.3,0,8.6,69.7
164,A,0,0,6.5,3.8,1,6.9,45.3
164,B,1,0,4.8,2.7,0,4.4,36.5
164,C,0,1,6.2,6.6,1,5.8,64.3
164,D,0,0,5.5,3.0,1,8.3,44.7
165,A,0,0,4.9,4.2,0,7.5,27.7
165,B,1,0,8.1,4.0,0,6.6,47.8
165,C,1,0,7.7,8.0,0,5.7,52.3
165,D,0,0,7.1,4.0,1,6.7,46.3
166,A,0,0,7.2,4.4,1,7.0,47.7
166,B,1,1,4.4,3.9,1,6.7,75.0
166,C,0,1,4.3,4.8,0,7.2,43.8
166,D,1,0,5.4,3.8,1,4.4,56.0
167,A,0,0,4.5,3.3,0,5.9,22.8
167,B,0,0,7.0,5.3,1,8.7,51.7
167,C,0,1,5.9,5.7,1,6.4,63.3
167,D,0,0,5.4,5.4,0,4.8,26.0
168,A,0,1,5.8,5.5,1,4.8,60.2
168,B,1,1,5.6,3.3,1,7.9,78.0
168,C,1,0,7.2,6.2,1,5.9,65.5
168,D,0,0,10,5.9,0,7.1,38.3
169,A,1,0,5.9,5.3,0,8.6,49.7
169,B,1,0,5.9,5.3,0,5.2,44.0
169,C,0,0,7.6,7.7,0,8.8,40.2
169,D,1,1,5.7,8.1,0,10,73.0
170,A,0,0,6.6,4.0,1,6.1,44.5
170,B,0,0,4.2,4.2,1,7.2,42.7
170,C,0,0,6.8,7.4,1,7.1,52.2
170,D,1,0,5.8,5.5,0,6.5,46.3
171,A,0,0,6.1,5.7,0,6.7,30.8
171,B,0,0,6.7,4.4,1,6.0,45.2
171,C,0,0,2.5,8.9,1,6.0,45.7
171,D,1,1,6.0,5.5,0,7.8,65.5
172,A,1,0,7.4,3.6,0,7.0,46.7
172,B,0,0,5.2,2.0,0,5.4,21.0
172,C,0,0,5.2,5.7,0,6.6,29.2
172,D,1,0,6.6,5.5,0,7.8,49.8
173,A,1,1,5.8,4.8,1,5.9,77.5
173,B,1,1,7.4,4.5,1,5.9,79.7
173,C,1,0,5.9,6.8,0,6.6,48.8
173,D,1,0,6.5,4.3,0,6.8,46.0
174,A,1,0,7.0,5.3,1,6.8,65.2
174,B,1,0,5.8,4.2,1,4.6,57.7
174,C,1,0,5.6,6.7,0,5.2,45.8
174,D,1,0,3.7,6.1,1,4.9,57.8
175,A,0,1,2.9,5.2,1,6.2,57.2
175,B,0,1,6.0,4.0,1,5.8,59.7
175,C,1,0,6.9,4.9,0,4.1,43.2
175,D,0,1,4.5,3.2,1,5.9,56.0
176,A,0,1,7.8,5.0,1,9.3,70.2
176,B,1,1,4.6,3.8,0,4.7,55.2
176,C,0,0,4.2,4.3,0,4.4,21.5
176,D,1,0,7.6,2.5,0,6.5,44.3
177,A,0,0,7.2,4.6,0,5.8,29.3
177,B,1,0,4.4,4.3,1,5.7,57.3
177,C,0,1,5.8,5.9,0,7.0,47.8
177,D,1,0,4.4,5.5,0,7.4,45.5
178,A,0,1,5.9,5.6,0,7.8,48.8
178,B,0,0,5.5,4.1,1,7.2,44.7
178,C,0,0,5.1,7.9,0,7.4,34.0
178,D,0,0,3.7,3.8,0,7.1,24.3
179,A,1,0,6.1,4.7,0,7.2,46.7
179,B,0,1,6.3,4.1,1,4.4,58.0
179,C,0,0,7.2,6.0,0,6.7,33.2
179,D,0,0,8.0,4.0,0,6.6,31.0
180,A,0,1,5.4,5.4,0,8.1,48.2
180,B,1,0,4.5,5.3,0,6.3,43.5
180,C,0,0,8.3,5.1,0,6.7,33.5
180,D,1,1,7.9,6.2,0,4.2,63.8
181,A,0,0,3.8,6.3,0,7.4,29.2
181,B,1,0,6.9,5.0,0,5.1,45.0
181,C,0,1,7.5,7.2,1,5.2,66.5
181,D,1,0,6.2,5.3,1,6.6,63.5
182,A,1,0,4.7,5.8,1,3.8,57.2
182,B,1,0,6.6,5.3,1,4.6,60.8
182,C,0,0,8.0,5.0,0,7.0,33.3
182,D,1,1,6.5,6.4,1,8.6,85.8
183,A,0,1,6.0,4.2,0,7.8,46.7
183,B,0,0,7.2,3.7,1,7.0,46.5
183,C,1,0,6.5,5.1,0,5.6,45.3
183,D,1,0,3.8,5.4,0,9.5,47.8
184,A,1,0,6.9,4.4,0,3.0,40.5
184,B,1,0,6.5,3.9,1,5.3,59.5
184,C,0,0,5.6,5.3,0,6.4,28.8
184,D,1,1,6.4,5.8,0,5.4,62.7
185,A,1,1,6.9,7.3,0,6.1,67.2
185,B,1,1,4.8,3.6,1,6.6,75.0
185,C,1,0,5.2,4.8,1,7.1,61.8
185,D,0,1,6.1,4.9,1,6.1,61.8
186,A,1,0,5.6,6.1,0,8.1,49.7
186,B,1,1,4.8,5.1,1,7.0,78.2
186,C,1,0,7.5,7.2,0,7.5,53.7
186,D,1,1,3.3,3.6,1,5.0,69.8
187,A,0,0,4.5,3.1,1,6.5,40.2
187,B,1,0,4.0,3.1,0,6.9,40.0
187,C,0,1,5.5,6.8,0,6.2,47.5
187,D,0,0,5.7,4.4,1,5.7,43.0
188,A,1,0,5.3,3.4,1,6.8,59.2
188,B,1,0,6.4,4.6,1,5.9,61.5
188,C,0,0,6.4,4.0,0,6.9,28.8
188,D,1,0,5.6,4.3,1,6.8,61.2
189,A,1,0,6.1,6.6,1,6.4,65.2
189,B,0,0,4.9,3.4,1,5.9,40.3
189,C,0,0,7.2,6.9,0,7.6,36.2
189,D,1,0,4.9,4.3,0,7.6,44.7
190,A,1,0,5.2,4.8,0,6.2,43.7
190,B,0,0,5.7,5.7,1,6.0,45.7
190,C,1,0,6.6,6.8,0,4.7,46.8
190,D,1,0,5.6,5.2,0,6.5,45.5
191,A,1,0,6.9,3.6,0,6.3,44.7
191,B,1,1,3.8,3.6,1,8.3,76.2
191,C,0,0,6.1,5.3,0,7.5,31.5
191,D,1,0,5.9,4.2,0,9.0,48.5
192,A,1,0,6.1,4.0,0,4.5,41.0
192,B,0,1,4.9,2.5,1,4.1,52.5
192,C,1,0,6.7,7.0,0,3.2,44.8
192,D,0,0,6.4,6.4,0,7.1,33.2
193,A,0,1,5.3,3.9,0,6.5,42.8
193,B,0,1,6.8,6.0,0,4.8,46.0
193,C,1,0,7.4,5.7,0,5.8,48.2
193,D,1,0,6.3,3.7,1,6.6,61.0
194,A,1,0,3.1,3.5,0,5.7,37.2
194,B,1,1,2.8,3.7,1,5.3,69.7
194,C,1,1,5.2,5.0,0,9.1,65.5
194,D,0,1,4.5,3.9,1,6.7,58.5
195,A,1,0,6.0,5.8,1,6.6,64.0
195,B,1,1,6.5,6.2,0,5.5,63.7
195,C,1,1,6.3,7.6,0,7.2,68.5
195,D,1,0,5.2,4.8,0,6.8,44.7
196,A,0,0,8.5,5.6,0,4.5,31.0
196,B,0,1,4.6,3.7,0,6.3,41.0
196,C,1,0,5.9,6.1,0,5.7,46.2
196,D,0,0,6.5,3.8,0,5.9,27.0
197,A,0,0,5.1,3.5,1,8.2,44.7
197,B,0,1,5.7,3.8,0,5.1,41.0
197,C,0,0,6.3,7.6,1,7.1,51.7
197,D,0,0,5.0,6.8,0,7.7,32.5
198,A,0,0,7.1,4.4,0,8.3,33.0
198,B,1,1,4.1,3.3,1,5.1,70.8
198,C,1,0,7.1,6.9,0,7.5,52.5
198,D,0,0,6.3,5.6,1,7.2,48.5
199,A,0,0,8.3,3.0,1,4.3,42.7
199,B,1,0,5.8,4.5,0,4.4,41.2
199,C,0,1,4.8,5.4,1,4.7,58.2
199,D,1,0,4.5,6.2,0,7.2,46.5
200,A,0,0,5.7,4.7,1,7.9,47.2
200,B,1,0,5.9,4.8,1,6.2,61.5
200,C,0,0,4.8,5.8,0,6.4,28.3
200,D,1,1,6.3,5.2,1,5.7,78.7
201,A,1,1,6.4,5.2,1,6.4,80.0
201,B,1,0,6.4,6.3,1,7.7,67.3
201,C,0,0,4.0,6.7,0,4.4,25.2
201,D,0,0,4.5,3.6,1,5.2,38.8
202,A,0,0,6.5,4.3,1,4.3,41.8
202,B,1,0,8.1,4.1,1,6.9,65.2
202,C,1,1,8.0,6.1,0,6.1,67.0
202,D,1,1,4.2,3.8,1,4.4,70.7
203,A,1,0,6.7,4.2,0,7.3,47.0
203,B,1,0,7.7,2.6,0,5.5,43.0
203,C,1,1,5.5,6.1,0,7.1,64.5
203,D,0,0,7.8,5.1,1,5.9,48.0
204,A,1,0,5.2,1.8,0,6.6,39.3
204,B,0,0,9.6,2.5,1,3.1,42.0
204,C,1,0,8.6,6.0,0,6.7,52.2
204,D,1,1,7.8,3.9,1,6.3,80.0
205,A,0,0,3.5,5.2,1,5.2,39.8
205,B,1,1,9.0,3.2,0,8.5,67.8
205,C,0,0,4.6,4.5,0,4.7,23.0
205,D,1,0,4.5,5.3,1,9.3,65.2
206,A,1,0,5.4,5.3,1,7.4,63.5
206,B,0,1,7.6,4.0,1,5.7,62.2
206,C,1,0,7.9,6.3,0,4.7,48.2
206,D,0,1,6.2,4.9,1,6.7,63.0
207,A,0,0,5.3,3.6,0,5.4,23.8
207,B,0,1,3.2,1.6,1,6.2,51.7
207,C,0,1,6.8,4.6,1,4.3,59.5
207,D,1,0,4.2,3.8,0,7.5,42.5
208,A,1,1,7.4,4.8,0,7.8,66.7
208,B,1,1,6.1,6.7,1,7.0,83.0
208,C,1,1,7.6,5.7,1,7.4,84.5
208,D,1,0,4.1,3.1,0,9.1,43.8
209,A,1,0,5.4,5.8,0,6.0,45.3
209,B,0,0,6.4,3.7,1,7.0,45.2
209,C,1,1,6.2,5.6,0,7.4,65.3
209,D,1,1,6.4,6.6,0,5.8,64.7
210,A,1,1,5.7,8.0,1,4.8,80.8
210,B,1,0,4.8,4.6,1,7.8,62.0
210,C,1,1,6.3,7.9,1,4.9,81.8
210,D,1,1,6.3,4.5,1,7.6,80.7
211,A,1,0,5.2,6.5,1,4.2,59.8
211,B,1,1,7.2,3.1,1,9.3,82.7
211,C,1,0,6.4,5.8,0,5.1,45.5
211,D,0,1,7.3,4.1,1,5.5,61.5
212,A,1,0,5.3,5.5,0,5.3,43.5
212,B,1,1,6.6,6.9,1,4.2,79.5
212,C,0,0,3.7,5.6,1,7.9,45.3
212,D,1,0,6.6,4.1,0,7.2,46.5
213,A,0,0,3.1,6.1,1,6.5,42.8
213,B,1,0,7.0,3.7,1,7.7,64.0
213,C,1,1,6.6,5.5,1,6.9,81.7
213,D,1,0,7.1,5.1,1,7.7,66.5
214,A,0,1,5.4,5.2,1,5.1,59.5
214,B,0,0,5.6,2.8,1,5.6,40.0
214,C,0,0,5.5,6.4,1,7.2,48.5
214,D,0,0,6.4,4.9,1,4.1,42.3
215,A,0,0,7.4,5.3,0,7.0,32.8
215,B,0,1,6.0,3.4,1,5.7,58.5
215,C,0,0,7.1,5.5,0,7.8,34.0
215,D,1,0,6.0,4.6,0,5.9,44.2
216,A,0,0,2.9,5.5,1,6.0,40.7
216,B,1,1,5.8,3.9,1,5.0,74.5
216,C,1,1,6.4,3.8,0,5.6,59.7
216,D,1,0,5.3,4.0,0,8.8,46.8
217,A,1,1,4.0,4.8,0,5.1,56.5
217,B,0,1,5.7,4.0,1,5.6,58.8
217,C,1,0,5.0,5.3,0,5.1,42.3
217,D,0,1,6.3,5.7,0,7.3,48.8
218,A,1,1,8.0,5.3,0,6.7,66.7
218,B,0,1,3.9,4.0,1,7.0,58.2
218,C,0,1,4.7,6.1,1,6.0,61.3
218,D,0,1,8.4,6.1,0,7.0,52.5
219,A,0,1,6.7,5.2,1,5.8,62.8
219,B,0,1,6.2,4.7,1,5.9,61.3
219,C,1,0,7.6,6.5,0,7.1,52.0
219,D,1,0,7.8,4.0,1,7.5,65.5
220,A,1,1,7.4,4.5,1,6.3,80.3
220,B,0,0,5.5,4.5,1,8.2,47.0
220,C,1,1,5.0,6.4,0,5.9,62.2
220,D,1,1,5.2,4.6,0,8.1,63.2
221,A,0,0,6.3,6.8,0,6.4,32.5
221,B,0,1,4.8,3.9,1,6.4,58.5
221,C,1,0,6.5,4.9,0,5.9,45.5
221,D,1,0,5.7,5.2,0,7.6,47.5
222,A,1,1,5.0,6.0,1,5.9,78.2
222,B,0,0,5.9,3.9,0,4.9,24.5
222,C,1,1,6.6,5.1,0,3.7,59.0
222,D,1,1,6.3,3.9,1,6.8,78.3
223,A,0,0,8.4,6.1,1,5.1,49.3
223,B,0,1,8.3,5.3,1,6.8,67.3
223,C,0,1,6.5,5.6,0,5.4,45.8
223,D,1,0,6.8,5.6,0,6.4,48.0
224,A,0,1,7.6,5.4,1,5.5,64.2
224,B,1,1,6.6,5.2,1,8.6,84.0
224,C,0,1,5.2,7.5,0,4.8,45.8
224,D,1,0,7.4,5.5,0,6.0,48.2
225,A,0,1,5.9,6.0,0,5.7,46.0
225,B,0,1,2.2,1,0,5.6,31.3
225,C,1,0,6.8,4.5,1,6.9,63.7
225,D,1,0,5.8,5.4,1,6.6,63.0
226,A,0,1,5.7,7.6,1,6.4,66.2
226,B,1,0,5.9,3.7,1,6.4,60.0
226,C,1,0,6.4,5.1,0,5.4,44.8
226,D,1,0,5.9,3.4,1,6.7,60.0
227,A,1,1,7.2,5.3,1,5.0,79.2
227,B,0,1,5.6,3.5,1,7.0,60.2
227,C,0,1,8.5,6.3,1,5.8,67.7
227,D,0,0,7.0,4.0,1,6.6,46.0
228,A,1,0,5.8,5.6,0,6.1,45.8
228,B,0,1,3.2,6.1,1,5.9,58.7
228,C,0,0,6.6,7.3,0,5.8,32.8
228,D,0,1,6.2,5.2,1,7.6,65.0
229,A,1,0,5.8,6.5,0,7.3,49.3
229,B,1,0,8.2,2.9,0,4.4,42.5
229,C,1,0,4.0,6.7,0,5.2,43.2
229,D,0,1,6.3,4.8,1,5.1,60.3
230,A,0,0,6.1,4.5,0,4.8,25.7
230,B,1,0,5.9,4.5,1,9.4,66.3
230,C,0,1,6.5,5.0,1,6.9,64.0
230,D,1,0,4.9,6.1,0,6.6,46.0
231,A,0,0,1.4,5.1,1,7.3,39.7
231,B,1,1,5.3,4.1,1,4.7,73.5
231,C,1,1,8.4,4.8,0,7.1,67.2
231,D,1,0,8.4,3.4,0,6.7,47.5
232,A,0,0,3.5,6.2,0,4.4,23.5
232,B,1,1,7.0,2.7,1,6.4,76.8
232,C,1,0,6.6,5.3,1,8.0,66.5
232,D,0,0,5.9,4.7,0,6.3,28.2
233,A,0,0,4.2,2.4,0,4.9,19.2
233,B,1,1,6.2,3.6,1,8.6,80.7
233,C,0,0,6.1,7.8,1,5.3,48.7
233,D,1,1,7.5,4.2,1,5.9,79.3
234,A,0,0,4.7,6.6,0,7.0,30.5
234,B,1,1,6.7,4.5,0,3.0,57.0
234,C,0,1,4.6,5.3,1,6.3,60.3
234,D,1,1,5.7,4.3,1,5.7,76.2
235,A,0,1,6.3,4.7,1,7.2,63.7
235,B,1,0,4.7,5.3,1,6.8,61.3
235,C,1,1,5.6,6.1,1,5.8,79.2
235,D,0,1,7.6,5.4,1,8.0,68.3
236,A,1,1,5.2,5.5,0,7.0,62.8
236,B,1,1,5.5,4.7,1,6.4,77.7
236,C,0,0,2.6,4.4,0,7.7,24.5
236,D,1,1,7.4,6.5,1,8.2,86.8
237,A,0,0,6.0,5.6,1,5.7,45.5
237,B,0,0,3.7,4.5,1,6.2,40.7
237,C,0,1,5.5,6.0,0,5.5,45.0
237,D,1,1,7.8,7.9,0,6.8,70.8
238,A,1,0,6.9,7.0,0,6.1,50.0
238,B,1,0,5.7,2.9,1,6.7,58.8
238,C,1,1,6.5,5.5,0,5.4,62.3
238,D,0,1,6.6,3.3,0,7.0,44.8
239,A,1,1,4.3,5.4,0,5.2,58.2
239,B,1,1,6.3,4.6,1,2.7,72.7
239,C,1,0,6.0,6.8,0,5.3,46.8
239,D,0,0,6.3,4.0,0,7.6,29.8
240,A,1,0,3.9,4.9,1,6.4,58.7
240,B,1,0,6.5,2.9,0,1.7,35.2
240,C,0,1,7.3,5.4,0,5.3,46.7
240,D,1,0,6.9,3.3,0,5.6,43.0
241,A,1,0,7.1,5.5,1,9.0,69.3
241,B,0,1,6.4,3.8,1,5.7,59.8
241,C,1,1,6.0,7.0,0,5.5,64.2
241,D,0,0,6.2,5.4,1,7.4,48.3
242,A,1,0,5.5,3.3,1,6.9,59.5
242,B,0,0,4.9,3.3,1,8.2,44.0
242,C,0,1,5.5,7.6,0,6.2,48.8
242,D,1,0,5.2,4.5,1,9.6,65.5
243,A,0,0,7.2,7.1,0,8.5,38.0
243,B,1,0,7.4,3.5,0,5.0,43.2
243,C,0,0,6.5,5.2,0,6.7,30.7
243,D,1,0,5.4,5.1,0,6.6,45.2
244,A,1,0,6.2,5.5,0,6.5,47.0
244,B,0,0,5.9,6.1,1,6.8,48.0
244,C,1,0,6.1,6.2,1,6.4,64.5
244,D,0,1,6.9,5.1,1,8.6,67.7
245,A,0,1,6.9,5.1,0,5.1,45.2
245,B,1,0,3.9,4.7,1,4.6,55.3
245,C,0,0,7.1,6.1,0,6.2,32.3
245,D,1,1,6.1,4.9,0,5.4,60.7
246,A,0,1,7.8,5.1,0,7.1,50.0
246,B,0,0,5.6,4.9,0,3.6,23.5
246,C,0,0,4.7,5.5,0,4.8,25.0
246,D,1,0,4.3,3.7,1,6.0,56.7
247,A,0,0,5.3,4.9,1,5.3,42.5
247,B,1,1,8.0,4.4,0,6.3,64.5
247,C,1,0,5.0,3.5,0,4.4,38.2
247,D,0,0,7.0,4.2,1,7.2,47.3
248,A,0,1,6.4,3.8,1,4.6,58.0
248,B,0,1,5.1,3.3,0,4.4,38.0
248,C,0,0,6.3,5.7,0,6.8,31.3
248,D,0,0,5.9,5.9,0,8.5,33.8
249,A,0,1,5.6,7.0,1,6.3,64.8
249,B,0,1,6.1,3.4,0,4.7,40.3
249,C,1,0,5.3,5.7,0,6.0,45.0
249,D,1,0,4.3,5.7,0,6.8,44.7
250,A,0,0,6.6,4.6,0,5.1,27.2
250,B,1,1,5.5,2.5,1,4.4,70.7
250,C,1,1,7.7,8.0,0,5.1,68.0
250,D,0,0,3.9,4.3,0,5.7,23.2
251,A,1,0,7.0,5.8,0,7.5,50.5
251,B,1,0,4.3,3.7,1,6.0,56.7
251,C,0,1,6.1,5.0,1,6.0,61.8
251,D,1,0,9.6,4.6,0,7.8,53.3
252,A,1,0,6.4,7.3,0,4.9,47.7
252,B,0,0,4.5,5.4,1,5.9,43.0
252,C,0,0,4.7,5.1,0,4.5,23.8
252,D,0,0,6.3,5.6,1,6.1,46.7
253,A,0,1,6.2,4.7,0,5.9,44.7
253,B,0,1,6.6,3.2,1,7.1,61.5
253,C,0,0,5.6,5.1,0,4.8,25.8
253,D,1,0,6.1,6.6,1,4.1,61.3
254,A,1,1,7.8,7.5,0,3.4,64.5
254,B,0,1,6.6,2.1,1,4.3,55.0
254,C,1,0,5.7,4.9,0,7.0,46.0
254,D,1,0,5.4,4.6,1,6.6,61.0
255,A,0,0,4.7,6.1,0,6.5,28.8
255,B,0,0,4.4,4.1,1,5.8,40.5
255,C,0,0,6.9,7.0,0,6.9,34.7
255,D,1,0,4.4,6.3,1,7.1,63.0
256,A,0,0,6.7,3.9,1,4.5,41.8
256,B,1,0,5.7,4.4,1,5.1,58.7
256,C,0,0,7.7,6.7,0,7.5,36.5
256,D,1,1,8.3,3.0,1,4.2,75.8
257,A,1,0,2.9,5.0,1,6.6,57.5
257,B,0,0,4.6,3.8,1,6.5,41.5
257,C,1,0,4.6,8.5,0,2.7,43.0
257,D,1,1,6.7,5.6,1,8.6,84.8
258,A,1,0,7.7,6.7,1,3.6,63.3
258,B,0,1,7.9,3.2,1,7.0,63.5
258,C,1,0,6.6,6.4,0,4.5,45.8
258,D,0,1,3.3,3.4,0,6.9,39.3
259,A,1,1,5.8,4.3,1,6.1,77.0
259,B,1,1,6.8,3.3,1,5.6,76.2
259,C,0,1,4.0,4.7,1,7.2,59.8
259,D,1,0,7.5,3.5,0,6.3,45.5
260,A,1,0,5.1,4.9,1,5.0,58.3
260,B,0,1,5.3,3.1,1,7.3,59.5
260,C,0,1,7.6,4.8,0,6.1,47.5
260,D,1,1,6.3,6.3,1,7.3,83.2
261,A,1,1,8.2,6.2,0,4.5,64.8
261,B,0,1,5.9,4.2,1,3.8,56.5
261,C,0,1,7.4,5.7,0,5.7,48.0
261,D,1,1,5.2,5.9,1,5.1,77.0
262,A,0,0,6.8,4.4,1,6.0,45.3
262,B,0,1,5.1,3.5,0,5.7,40.5
262,C,1,0,6.0,6.7,0,5.7,47.3
262,D,1,0,7.4,6.5,1,5.6,65.8
263,A,0,1,9.1,5.0,0,8.4,54.2
263,B,1,0,5.8,3.4,0,7.2,44.0
263,C,1,0,6.8,2.4,0,4.4,39.3
263,D,1,0,6.9,2.9,0,7.9,46.2
264,A,0,0,7.4,5.2,1,5.7,47.2
264,B,1,0,5.3,4.6,1,3.0,54.8
264,C,0,0,8.9,4.0,0,6.5,32.3
264,D,1,1,4.7,4.3,1,5.7,74.5
265,A,0,1,5.7,6.2,0,7.6,49.2
265,B,1,0,4.9,4.8,1,7.2,61.5
265,C,0,0,6.6,5.2,0,9.2,35.0
265,D,1,1,5.5,7.1,1,6.7,82.2
266,A,1,1,7.2,5.0,1,6.3,80.8
266,B,0,0,4.8,3.4,0,7.0,25.3
266,C,0,0,6.1,5.0,0,6.4,29.2
266,D,1,1,5.2,4.1,0,6.5,59.7
267,A,1,1,5.5,5.5,1,6.2,78.7
267,B,1,1,7.5,3.3,0,6.5,62.2
267,C,1,0,7.1,7.7,1,6.1,68.2
267,D,0,0,4.6,4.6,1,5.7,41.5
268,A,1,0,7.2,5.2,0,6.4,48.0
268,B,0,1,2.5,4.5,0,6.4,39.0
268,C,0,0,4.3,5.5,0,5.7,25.8
268,D,0,1,7.3,5.0,0,6.1,47.3
269,A,1,0,5.8,6.0,0,5.5,45.5
269,B,1,0,3.8,3.7,1,5.5,55.0
269,C,1,0,4.8,4.7,0,6.7,43.7
269,D,1,0,7.7,3.2,1,6.7,62.7
270,A,0,0,6.8,6.4,1,6.9,50.2
270,B,0,1,5.8,5.9,1,5.7,62.3
270,C,0,1,6.6,5.9,1,6.3,64.7
270,D,0,0,5.8,5.1,1,6.5,45.7
271,A,0,0,4.6,3.8,0,2.8,18.7
271,B,1,0,4.2,1.9,1,6.0,53.5
271,C,0,0,6.0,5.7,0,3.8,25.8
271,D,0,0,6.1,2.0,1,6.2,40.5
272,A,0,0,4.7,5.9,0,5.3,26.5
272,B,1,0,5.1,4.5,1,4.2,56.3
272,C,1,0,5.5,4.4,0,7.3,45.3
272,D,1,1,7.4,5.4,1,8.2,85.0
273,A,0,0,5.3,7.1,1,6.5,48.2
273,B,1,0,5.1,1.7,1,5.6,54.0
273,C,1,0,8.2,6.5,0,6.8,52.5
273,D,1,0,3.4,6.3,1,3.8,55.8
274,A,1,0,6.0,4.2,0,6.2,44.0
274,B,1,1,5.3,4.0,0,5.5,58.0
274,C,0,1,5.9,6.2,0,5.8,46.5
274,D,0,1,6.8,4.3,1,6.6,62.8
275,A,0,0,5.6,5.1,0,5.7,27.3
275,B,1,0,5.7,3.1,1,6.3,58.5
275,C,0,1,5.9,6.7,1,3.8,60.7
275,D,1,1,5.3,4.6,0,6.3,60.3
276,A,0,0,6.0,6.2,0,6.4,31.0
276,B,1,0,7.5,1.2,1,8.3,61.7
276,C,0,0,6.3,7.6,0,4.8,31.2
276,D,0,1,8.0,3.9,1,8.3,67.0
277,A,1,1,6.1,7.1,1,4.9,80.2
277,B,0,0,4.7,4.5,1,5.0,40.3
277,C,0,0,6.2,5.7,0,6.5,30.7
277,D,1,0,6.6,5.1,0,8.5,50.3
278,A,1,1,5.0,5.1,0,5.1,58.7
278,B,1,0,4.1,4.2,1,6.2,57.5
278,C,1,1,6.3,6.4,0,6.2,64.8
278,D,1,1,7.2,3.4,1,7.3,79.8
279,A,0,0,4.9,5.8,0,8.2,31.5
279,B,1,0,6.9,5.6,1,5.5,63.3
279,C,0,0,6.1,5.6,0,8.0,32.8
279,D,0,1,6.1,5.5,0,8.4,50.0
280,A,0,0,6.2,4.1,0,5.9,27.0
280,B,1,1,3.5,4.7,0,6.1,57.2
280,C,1,0,6.9,7.6,1,6.4,68.2
280,D,0,0,6.3,4.9,1,8.5,49.5
281,A,0,0,5.8,5.3,0,8.1,32.0
281,B,0,1,6.1,3.3,1,5.0,57.3
281,C,0,0,6.6,5.4,0,6.7,31.2
281,D,1,1,6.6,2.6,1,8.4,79.3
282,A,1,0,4.4,3.2,0,5.6,38.7
282,B,0,0,2.8,3.7,1,3.2,32.8
282,C,1,0,8.1,4.9,0,6.6,49.3
282,D,1,1,7.0,6.0,0,7.4,67.3
283,A,1,0,4.1,3.9,0,4.3,37.2
283,B,0,0,4.6,3.4,1,4.8,38.0
283,C,0,1,5.6,7.1,1,8.0,67.8
283,D,1,1,6.7,4.9,0,3.8,59.0
284,A,0,1,6.0,4.2,0,6.8,45.0
284,B,1,0,6.7,4.2,1,6.0,61.5
284,C,0,0,6.7,8.8,0,7.1,37.7
284,D,0,1,5.9,4.2,0,5.7,43.0
285,A,0,1,4.3,4.0,1,5.6,56.5
285,B,1,1,5.9,5.2,1,5.1,77.0
285,C,1,0,6.8,7.0,0,7.7,52.5
285,D,1,0,6.6,5.4,0,9.6,52.7
286,A,1,0,6.4,6.1,1,8.2,67.8
286,B,0,1,4.9,6.0,1,4.9,59.7
286,C,1,0,6.5,6.7,1,7.5,67.8
286,D,0,1,8.8,6.2,0,7.0,53.3
287,A,1,1,5.6,5.9,1,7.8,82.2
287,B,0,1,7.7,5.1,1,5.1,63.2
287,C,0,0,7.3,8.2,0,4.2,32.8
287,D,1,1,5.7,5.7,0,7.6,65.0
288,A,0,1,6.5,5.9,1,7.6,66.7
288,B,0,0,4.8,4.0,1,5.3,40.2
288,C,1,1,5.2,8.1,1,7.1,84.0
288,D,1,0,6.2,6.2,0,7.5,49.8
289,A,0,0,6.9,5.9,0,6.6,32.3
289,B,1,1,3.8,3.5,1,3.3,67.7
289,C,0,0,6.1,4.4,1,3.4,39.8
289,D,1,1,6.0,6.7,0,5.0,62.8
290,A,1,0,4.4,5.4,1,5.9,59.5
290,B,1,1,5.8,3.4,1,4.5,72.8
290,C,1,0,5.5,5.9,0,6.4,46.3
290,D,1,1,5.7,4.9,1,5.5,76.8
291,A,0,0,6.2,5.7,1,6.9,48.0
291,B,1,0,4.9,2.9,1,8.1,59.8
291,C,1,1,8.5,6.6,0,5.2,67.2
291,D,0,0,5.4,7.7,1,5.7,48.0
292,A,0,1,7.0,5.1,0,5.9,46.7
292,B,0,0,6.2,1.0,1,6.5,39.5
292,C,1,1,6.0,4.5,1,7.0,79.2
292,D,1,0,6.4,6.2,1,9.2,69.7
293,A,0,0,5.9,4.3,1,6.4,44.3
293,B,1,1,6.4,4.6,1,5.6,77.7
293,C,1,0,7.5,6.1,1,6.4,66.7
293,D,0,0,6.6,3.9,1,5.7,43.7
294,A,0,1,7.4,5.8,1,6.9,66.8
294,B,1,1,5.9,4.2,1,5.4,75.8
294,C,1,0,5.5,5.8,1,7.0,63.8
294,D,1,1,4.1,2.6,0,5.4,53.5
295,A,0,1,3.4,3.0,0,7.6,40.0
295,B,0,1,6.4,4.2,1,4.4,58.3
295,C,1,1,6.0,6.3,0,5.5,63.0
295,D,0,1,4.9,5.9,1,8.0,64.7
296,A,0,1,3.7,3.8,1,5.5,55.0
296,B,0,1,5.0,5.2,0,7.0,45.3
296,C,0,1,4.5,6.8,0,6.4,46.2
296,D,1,0,5.5,6.8,0,6.0,47.2
297,A,0,1,3.9,3.8,0,7.3,41.7
297,B,0,0,5.2,5.4,1,5.5,43.5
297,C,0,0,6.0,6.8,0,6.6,32.3
297,D,1,1,6.3,4.4,1,8.0,81.2
298,A,0,1,5.9,5.1,1,6.1,61.8
298,B,1,1,5.3,6.5,1,7.5,82.2
298,C,1,1,6.8,5.3,1,7.5,82.7
298,D,1,0,4.8,4.8,0,6.7,43.8
299,A,0,0,3.7,4.2,1,6.7,41.0
299,B,1,1,5.7,2.2,1,6.7,74.3
299,C,1,1,7.3,5.4,1,6.1,81.3
299,D,1,1,7.4,4.8,1,7.3,82.5
300,A,0,0,6.5,3.8,0,3.8,23.5
300,B,1,0,4.9,6.6,1,6.5,63.3
300,C,1,0,6.6,6.1,0,4.1,44.7
300,D,0,0,7.9,3.6,1,7.4,48.2
301,A,0,0,5.6,4.3,1,7.6,45.8
301,B,0,0,5.9,5.5,0,4.1,25.8
301,C,1,0,7.5,5.6,0,6.5,49.3
301,D,1,0,8.7,4.0,0,6.2,48.2
302,A,0,0,6.6,4.9,1,5.8,45.5
302,B,1,1,3.6,5.0,0,7.3,59.8
302,C,0,1,6.6,7.6,1,7.3,69.2
302,D,0,0,4.9,5.4,1,7.3,46.0
303,A,1,0,5.8,5.3,1,7.7,64.7
303,B,1,1,4.3,4.1,0,4.8,55.3
303,C,1,0,4.3,3.3,0,6.1,39.5
303,D,1,0,5.2,1.1,1,4.8,51.8
304,A,1,0,4.8,4.9,1,4.6,57.2
304,B,0,1,4.5,4.3,0,5.7,40.8
304,C,1,1,5.2,5.6,1,6.7,79.2
304,D,1,1,6.5,6.0,0,5.4,63.2
305,A,0,0,3.6,4.3,0,6.9,24.7
305,B,0,0,5.7,4.3,1,9.2,48.7
305,C,0,0,9.1,1.3,0,7.2,29.3
305,D,1,1,7.5,6.4,0,6.5,67.3
306,A,1,0,5.3,6.1,1,5.7,61.8
306,B,0,1,5.3,3.1,1,6.5,58.2
306,C,1,0,8.8,6.2,0,4.5,49.2
306,D,1,1,6.4,6.7,0,8.0,68.5
307,A,0,0,7.2,4.3,0,5.4,28.2
307,B,0,1,4.2,4.2,1,5.1,55.8
307,C,1,1,4.9,6.0,0,4.7,59.3
307,D,0,1,4.8,2.5,0,7.2,40.8
308,A,1,0,3.5,6.2,1,5.4,58.5
308,B,0,0,5.8,4.4,0,6.7,28.2
308,C,1,1,7.0,8.8,1,6.9,87.8
308,D,1,0,8.0,6.5,0,6.5,51.7
309,A,1,1,4.9,5.3,1,5.7,76.5
309,B,1,1,6.4,6.4,1,5.4,80.3
309,C,1,0,7.7,6.4,0,4.1,47.0
309,D,0,0,5.3,4.3,0,8.7,30.5
310,A,0,0,4.6,5.6,0,7.0,28.7
310,B,1,0,4.6,3.8,0,6.4,41.3
310,C,1,0,5.6,8.0,1,6.0,66.0
310,D,1,0,4.4,3.5,0,9.9,46.3
311,A,0,0,6.3,5.3,0,7.2,31.3
311,B,1,0,7.7,4.7,1,6.2,64.3
311,C,1,0,8.7,7.2,1,5.2,68.5
311,D,1,1,4.4,5.1,1,7.8,78.8
312,A,1,1,4.5,4.4,1,6.7,76.0
312,B,1,1,5.6,4.9,1,5.5,76.7
312,C,1,0,5.8,7.9,0,6.7,50.7
312,D,1,1,5.4,5.2,1,3.7,73.8
313,A,1,0,5.4,8.1,0,6.7,50.3
313,B,1,0,4.4,2.8,1,4.4,52.7
313,C,0,1,6.3,8.1,0,6.7,51.8
313,D,0,1,5.5,5.5,0,7.5,47.5
314,A,1,0,4.9,3.2,1,6.5,57.7
314,B,0,0,5.5,3.4,1,5.3,40.3
314,C,0,1,8.1,6.2,0,8.3,54.3
314,D,0,1,7.0,5.2,0,7.5,49.5
315,A,1,1,5.8,6.3,1,6.5,81.0
315,B,0,0,6.0,3.5,1,6.9,44.0
315,C,1,0,5.7,4.9,1,6.2,61.3
315,D,0,1,6.6,4.9,1,7.2,64.5
316,A,1,1,4.4,7.2,0,4.7,60.5
316,B,0,0,5.0,4.3,1,7.0,43.8
316,C,0,0,7.5,7.1,0,5.8,34.0
316,D,0,0,6.0,7.2,1,4.6,46.3
317,A,0,0,6.9,4.5,1,6.4,46.3
317,B,0,1,7.0,4.2,0,7.9,48.5
317,C,1,0,5.3,4.5,0,4.7,40.8
317,D,1,1,4.6,5.9,0,8.2,64.5
318,A,1,0,5.6,7.7,1,7.2,67.5
318,B,1,0,8.1,3.7,1,5.4,62.0
318,C,1,0,6.4,5.0,0,6.4,46.3
318,D,1,0,6.7,6.7,1,6.0,65.7
319,A,1,0,2.5,5.9,0,4.7,38.5
319,B,1,0,7.1,5.0,0,4.2,43.8
319,C,0,0,7.5,6.0,0,6.6,33.5
319,D,0,1,3.2,5.9,0,4.7,39.7
320,A,1,0,4.6,4.0,1,5.8,57.3
320,B,0,1,6.9,4.9,0,4.5,43.8
320,C,0,0,6.0,5.4,0,7.4,31.3
320,D,1,1,7.4,2.5,1,5.5,75.7
321,A,1,0,8.7,4.5,0,5.5,47.8
321,B,1,1,7.7,2.6,1,8.1,80.7
321,C,0,0,6.6,4.7,1,6.5,46.3
321,D,1,1,6.8,4.4,1,7.2,80.7
322,A,1,0,5.3,5.7,0,6.7,46.2
322,B,0,1,5.4,2.8,0,4.4,37.7
322,C,1,0,7.2,5.8,0,6.6,49.3
322,D,1,1,4.8,2.7,0,8.3,59.7
323,A,0,0,5.8,3.8,0,6.3,26.5
323,B,0,1,3.7,5.9,1,5.6,58.7
323,C,1,0,6.2,6.5,0,5.2,46.5
323,D,0,1,6.9,2.9,0,5.8,42.7
324,A,0,1,4.0,7.1,0,5.5,44.3
324,B,0,1,3.4,4.1,1,6.1,56.0
324,C,1,1,5.3,8.3,0,5.5,65.2
324,D,1,0,7.6,6.2,1,5.7,65.8
325,A,0,0,4.2,3.6,1,7.1,41.5
325,B,0,1,2.4,4.4,1,5.0,53.0
325,C,1,0,5.1,6.2,0,9.2,50.8
325,D,1,1,6.5,4.8,0,5.8,61.8
326,A,1,1,2.2,3.6,1,4.1,66.5
326,B,1,1,6.2,3.3,0,4.8,57.2
326,C,0,0,5.8,5.0,0,5.2,26.7
326,D,1,0,7.4,2.7,1,7.7,63.0
327,A,0,0,3.4,4.8,1,3.9,36.8
327,B,1,1,6.8,2.8,0,2.9,54.2
327,C,1,0,5.4,6.0,1,5.6,61.7
327,D,1,0,8.5,3.0,0,6.5,46.7
328,A,1,1,4.8,6.6,1,7.3,81.2
328,B,0,1,4.7,3.2,1,4.3,53.7
328,C,1,0,4.5,6.0,1,5.8,60.5
328,D,0,0,6.6,4.2,0,7.1,29.8
329,A,0,0,5.0,3.6,1,6.8,42.3
329,B,1,0,5.1,2.7,1,7.9,59.5
329,C,0,0,8.5,5.6,0,5.3,32.3
329,D,0,1,5.0,4.1,0,4.4,39.2
330,A,1,1,6.0,5.5,1,7.5,81.7
330,B,1,0,7.2,4.9,1,7.0,65.2
330,C,0,0,6.5,8.3,0,6.1,34.8
330,D,1,1,6.0,4.0,0,6.4,60.7
331,A,1,0,3.7,5.9,1,6.2,59.7
331,B,1,0,5.0,2.8,1,6.6,57.3
331,C,0,0,7.5,6.6,0,8.6,37.8
331,D,1,1,6.2,3.9,0,6.4,60.8
332,A,0,0,4.2,5.5,1,5.9,42.7
332,B,1,0,8.0,4.9,1,6.6,65.8
332,C,1,1,5.9,5.1,1,4.5,75.8
332,D,1,0,5.5,4.0,0,7.8,45.5
333,A,0,1,5.2,4.7,1,5.6,59.2
333,B,0,0,5.6,2.5,1,4.6,37.8
333,C,0,0,5.2,4.6,0,6.5,27.2
333,D,1,0,7.3,4.4,0,6.1,46.3
334,A,0,0,5.4,4.4,0,5.4,25.3
334,B,0,1,4.5,5.6,1,6.2,60.5
334,C,1,0,5.7,7.0,1,6.3,65.0
334,D,0,0,7.2,3.2,1,8.4,48.0
335,A,1,0,6.3,3.9,1,5.9,60.2
335,B,1,1,6.4,3.9,1,6.9,78.7
335,C,0,1,3.6,6.1,0,6.9,44.3
335,D,1,0,7.9,4.1,0,7.6,49.3
336,A,0,0,4.1,5.7,0,6.2,26.7
336,B,1,0,3.8,6.5,0,6.5,44.7
336,C,1,0,6.7,4.0,1,7.3,63.3
336,D,0,0,5.2,6.1,0,3.8,25.2
337,A,0,0,4.4,5.3,1,3.9,39.3
337,B,1,0,6.8,2.4,1,6.0,58.7
337,C,1,0,6.4,6.8,1,6.9,66.8
337,D,0,1,6.7,3.3,0,8.0,46.7
338,A,1,1,7.6,6.6,0,5.9,66.8
338,B,0,1,4.5,5.6,1,6.3,60.7
338,C,0,0,5.7,4.0,0,5.1,24.7
338,D,1,0,5.9,3.0,0,5.9,41.3
339,A,0,0,8.5,8.7,1,5.8,55.0
339,B,0,1,7.1,2.8,1,7.9,63.0
339,C,0,1,7.5,4.7,0,7.4,49.3
339,D,1,1,4.1,5.1,0,6.9,60.2
340,A,1,1,7.3,4.3,0,6.7,63.8
340,B,1,0,5.8,7.2,0,6.2,48.7
340,C,1,0,6.5,5.0,0,8.0,49.2
340,D,0,1,7.3,3.4,0,5.9,44.3
341,A,1,0,6.2,8.7,0,5.3,50.3
341,B,1,1,6.5,6.2,1,7.5,83.7
341,C,1,0,10,3.8,0,6.3,50.2
341,D,1,0,5.8,3.3,0,6.2,42.2
342,A,1,0,6.3,3.3,0,5.1,41.2
342,B,0,0,4.2,6.2,1,6.3,44.5
342,C,0,0,8.8,5.0,1,6.9,51.2
342,D,1,1,6.8,6.5,0,5.3,64.3
343,A,1,0,8.0,5.9,0,5.7,49.3
343,B,0,0,6.4,4.5,1,6.6,45.8
343,C,0,0,6.9,5.1,1,6.7,47.8
343,D,1,0,4.4,4.8,1,7.6,61.3
344,A,0,1,5.8,7.6,0,6.9,50.5
344,B,1,1,6.4,2.8,0,6.6,59.7
344,C,0,0,4.8,4.6,0,6.5,26.5
344,D,1,1,5.9,4.1,0,5.6,59.3
345,A,1,1,5.5,6.3,0,6.0,63.0
345,B,0,1,6.2,5.1,1,5.4,61.2
345,C,1,1,5.4,6.3,0,6.2,63.2
345,D,0,0,6.1,3.7,0,6.8,27.7
346,A,1,0,4.7,6.1,1,6.3,61.8
346,B,1,1,4.5,2.5,1,5.2,70.3
346,C,1,0,8.0,5.7,0,5.6,48.8
346,D,1,1,9.2,5.2,1,8.6,88.3
347,A,1,0,5.9,7.3,1,7.0,67.0
347,B,0,0,8.1,7.2,1,8.0,55.5
347,C,1,0,7.1,5.4,0,3.8,43.8
347,D,1,0,5.3,6.3,1,5.1,61.2
348,A,1,0,7.6,5.6,0,6.0,48.7
348,B,1,1,6.5,2.3,1,5.1,73.2
348,C,0,1,5.9,7.1,1,7.0,66.7
348,D,1,0,5.4,5.7,0,7.5,47.7
349,A,0,0,6.7,3.9,0,7.2,29.7
349,B,0,1,5.8,5.4,1,5.7,61.5
349,C,0,1,5.7,6.3,1,5.8,63.0
349,D,0,0,5.8,4.7,0,3.8,23.8
350,A,1,0,5.0,3.2,1,7.3,59.2
350,B,1,1,5.3,4.4,1,6.4,76.8
350,C,1,1,7.1,6.6,1,3.1,78.0
350,D,0,0,6.4,5.2,1,7.0,47.7
351,A,0,0,4.0,5.8,0,5.5,25.5
351,B,0,0,3.9,5.0,0,7.5,27.3
351,C,0,0,5.5,5.6,0,3.1,23.7
351,D,0,0,6.1,5.4,0,6.7,30.3
352,A,0,1,7.1,6.0,1,8.1,68.7
352,B,0,0,4.3,5.6,0,7.4,28.8
352,C,1,0,9.2,3.9,0,4.3,45.7
352,D,0,0,6.4,3.9,0,5.0,25.5
353,A,0,0,6.4,5.3,1,7.2,48.2
353,B,1,1,6.3,3.3,1,5.2,74.7
353,C,1,1,6.7,4.4,0,7.8,64.8
353,D,0,0,5.3,5.3,1,6.4,45.0
354,A,1,0,6.2,5.2,1,4.6,60.0
354,B,1,0,4.6,3.6,0,4.7,38.2
354,C,1,0,5.9,6.5,1,8.4,68.0
354,D,0,1,6.8,5.9,1,9.4,70.2
355,A,1,0,4.5,6.8,0,4.4,42.8
355,B,0,0,6.5,3.4,0,4.9,24.7
355,C,1,0,8.2,6.5,1,7.3,70.0
355,D,1,1,5.8,3.5,1,7.8,78.5
356,A,0,1,5.0,6.2,0,4.9,43.5
356,B,0,0,6.6,5.3,1,4.7,44.3
356,C,1,1,6.5,6.2,1,6.3,81.7
356,D,0,1,6.4,5.8,0,7.5,49.5
357,A,0,0,6.9,6.2,0,5.6,31.2
357,B,1,0,7.2,3.0,1,5.7,59.8
357,C,0,0,9.0,6.8,0,5.0,34.7
357,D,0,0,7.5,6.1,0,7.8,35.7
358,A,0,0,5.5,2.9,0,5.7,23.5
358,B,0,0,5.6,3.8,0,8.0,29.0
358,C,1,0,6.6,5.5,0,6.0,46.8
358,D,1,0,6.6,5.7,1,6.8,65.2
359,A,0,0,5.9,6.5,0,6.6,31.7
359,B,1,1,6.0,6.6,1,6.8,82.3
359,C,1,1,6.7,4.4,0,6.8,63.2
359,D,1,0,8.1,5.9,0,7.3,52.2
360,A,0,0,6.9,6.7,1,4.4,46.7
360,B,1,1,6.2,6.6,1,3.4,77.0
360,C,1,1,6.7,5.6,1,8.8,85.2
360,D,1,1,4.6,3.9,1,7.1,76.0
361,A,1,0,5.2,5.3,1,5.5,60.0
361,B,1,1,8.6,4.6,1,7.9,85.2
361,C,1,1,6.4,4.2,0,6.3,61.5
361,D,0,1,8.0,3.6,1,9.2,68.0
362,A,1,0,6.5,4.0,1,5.0,59.2
362,B,1,1,7.3,4.7,1,4.3,77.2
362,C,0,0,4.2,5.6,0,4.5,23.8
362,D,1,0,5.5,6.3,1,6.1,63.2
363,A,0,0,6.0,4.3,0,4.8,25.2
363,B,0,0,4.4,4.3,1,6.4,41.8
363,C,0,0,5.9,6.0,1,7.6,49.2
363,D,0,1,4.6,2.2,1,7.8,57.7
364,A,1,1,5.1,4.5,1,6.2,76.3
364,B,1,0,4.4,5.5,1,6.3,60.3
364,C,1,0,6.5,5.4,1,6.5,64.0
364,D,1,1,6.1,4.6,0,6.6,62.2
365,A,0,1,7.1,7.8,0,6.6,52.5
365,B,1,1,5.6,6.0,0,6.6,63.7
365,C,0,0,7.5,6.9,0,6.6,35.0
365,D,0,0,7.1,3.4,0,6.6,28.5
366,A,0,0,4.7,4.9,0,4.9,24.2
366,B,0,0,4.1,6.0,1,4.8,41.5
366,C,1,1,4.5,5.6,1,5.9,76.7
366,D,1,0,6.7,5.1,0,7.3,48.5
367,A,1,1,6.5,5.9,0,6.5,64.8
367,B,1,1,5.9,5.5,0,7.1,64.2
367,C,0,1,5.0,4.8,0,8.6,47.3
367,D,1,1,5.2,5.0,0,7.7,63.2
368,A,1,1,5.6,4.9,0,9.1,66.0
368,B,1,0,5.6,2.5,1,4.4,54.2
368,C,0,0,7.7,5.0,1,5.5,47.0
368,D,1,1,6.4,5.6,1,7.0,81.7
369,A,1,0,6.5,5.3,0,6.7,47.5
369,B,1,1,5.4,2.1,1,6.3,73.0
369,C,1,0,6.0,7.6,0,7.5,51.8
369,D,0,0,7.4,4.2,0,4.2,26.3
370,A,0,0,4.7,5.2,0,5.4,25.5
370,B,1,1,5.7,4.0,1,5.7,75.7
370,C,1,0,7.0,5.5,0,5.8,47.2
370,D,1,0,8.4,4.5,0,5.9,48.0
371,A,0,0,4.5,5.2,1,7.3,45.0
371,B,0,0,6.2,2.8,1,4.7,39.5
371,C,1,0,6.6,6.9,0,6.8,50.5
371,D,0,1,5.7,4.4,0,8.2,47.2
372,A,0,1,4.3,5.0,0,4.9,40.3
372,B,1,0,5.8,4.6,1,4.2,57.7
372,C,1,1,6.0,6.3,0,5.1,62.3
372,D,1,0,3.2,4.0,0,7.7,41.5
373,A,0,1,8.6,5.7,0,6.4,51.2
373,B,1,0,3.6,3.0,0,6.4,38.3
373,C,0,1,6.6,5.7,0,4.9,45.3
373,D,0,0,7.8,5.0,0,5.8,31.0
374,A,0,0,7.3,5.8,0,5.5,31.0
374,B,1,1,4.4,5.0,1,6.6,76.7
374,C,0,1,5.7,6.1,1,8.4,67.0
374,D,1,1,6.3,5.3,0,5.6,62.0
375,A,1,0,6.8,5.0,0,6.9,47.8
375,B,1,0,4.8,5.8,0,6.3,44.8
375,C,1,0,6.8,6.8,1,6.9,67.5
375,D,1,0,5.7,6.4,1,6.5,64.3
376,A,1,1,7.5,6.4,0,7.6,69.2
376,B,1,0,5.1,3.1,1,6.7,58.2
376,C,0,0,6.3,4.7,0,7.0,30.0
376,D,1,0,6.2,4.2,1,6.0,60.7
377,A,0,1,5.6,4.9,0,5.6,43.5
377,B,0,1,4.3,4.7,0,7.3,43.8
377,C,0,1,8.0,6.9,0,6.4,52.2
377,D,1,0,6.8,7.2,1,6.3,67.2
378,A,0,0,4.5,6.7,1,8.1,48.8
378,B,1,0,5.0,4.3,1,8.4,62.8
378,C,0,0,9.1,4.0,0,4.3,29.0
378,D,1,1,8.3,4.6,1,6.6,82.5
379,A,1,0,6.3,3.0,1,8.2,62.5
379,B,1,0,5.1,6.2,1,7.9,65.3
379,C,1,0,4.8,3.3,0,4.5,37.7
379,D,0,0,5.1,4.7,1,6.8,44.3
380,A,0,0,7.9,6.4,0,7.2,35.8
380,B,1,1,5.0,4.1,0,7.2,60.5
380,C,1,0,5.3,5.9,0,5.7,44.8
380,D,0,1,4.3,3.1,1,8.9,60.5
381,A,0,0,7.5,4.9,0,7.7,33.5
381,B,0,0,4.5,7.3,1,5.6,45.7
381,C,0,1,9.6,7.6,0,6.4,56.0
381,D,0,1,6.9,2.9,1,6.6,60.7
382,A,0,0,7.4,5.0,0,4.6,28.3
382,B,1,0,6.5,2.9,0,6.9,43.8
382,C,1,0,7.7,5.8,1,7.6,68.5
382,D,1,1,6.7,2.8,1,8.0,79.2
383,A,1,0,4.7,6.5,0,5.7,44.8
383,B,0,0,7.1,3.3,0,6.8,28.7
383,C,1,0,6.8,2.9,0,4.8,40.8
383,D,1,0,7.9,2.8,1,7.3,63.3
384,A,1,0,5.5,5.6,1,5.6,61.2
384,B,1,0,9.0,6.1,1,5.5,67.7
384,C,0,0,6.1,5.4,0,5.3,28.0
384,D,1,1,7.7,4.3,0,8.9,68.2
385,A,0,1,4.0,8.8,1,7.0,66.3
385,B,1,1,6.4,5.8,0,5.1,62.2
385,C,1,0,5.7,5.5,1,6.3,62.5
385,D,0,0,7.1,6.3,1,8.3,52.8
386,A,1,0,5.4,4.9,0,4.7,41.7
386,B,0,0,6.5,4.8,0,4.8,26.8
386,C,0,0,9.0,4.8,0,7.4,35.3
386,D,1,1,7.6,4.3,1,9.1,85.0
387,A,1,0,4.3,3.4,1,6.4,56.8
387,B,1,0,5.5,3.8,1,5.9,58.7
387,C,0,1,7.5,10,0,5.7,55.3
387,D,1,0,4.0,3.7,0,7.8,42.5
388,A,0,1,5.5,5.6,1,5.9,61.7
388,B,1,0,4.4,5.9,0,4.5,41.3
388,C,0,0,4.4,4.5,1,3.7,37.7
388,D,1,0,5.1,3.4,0,6.0,40.8
389,A,0,0,7.3,4.4,0,6.0,29.5
389,B,1,0,6.0,3.3,1,4.3,56.0
389,C,0,0,6.0,6.0,0,5.7,29.5
389,D,0,0,5.7,3.4,0,5.8,24.8
390,A,1,0,3.3,4.2,1,3.0,50.8
390,B,1,0,6.4,5.1,1,6.2,62.8
390,C,1,0,5.9,5.9,0,5.3,45.2
390,D,0,0,6.3,4.8,1,7.4,47.5
391,A,1,1,5.2,5.7,1,3.1,73.3
391,B,0,0,5.2,4.2,1,6.0,42.3
391,C,0,0,4.5,3.8,0,6.4,24.5
391,D,1,0,6.0,5.0,1,8.6,66.0
392,A,0,0,6.9,6.5,0,7.3,34.5
392,B,1,0,6.9,7.2,1,7.3,69.0
392,C,0,0,5.2,5.7,0,6.3,28.7
392,D,0,0,7.6,5.7,0,7.1,34.0
393,A,1,0,6.6,4.6,0,4.9,43.5
393,B,0,0,5.0,6.2,1,5.5,44.5
393,C,1,0,6.7,6.5,0,4.1,45.5
393,D,1,1,5.2,4.2,0,8.2,62.7
394,A,1,0,6.2,5.4,1,6.7,63.8
394,B,0,0,3.8,3.5,1,4.5,36.3
394,C,1,0,7.0,5.9,0,4.5,45.7
394,D,0,0,4.7,6.0,0,8.1,31.3
395,A,0,0,6.3,4.2,1,6.7,45.3
395,B,1,0,6.4,2.9,0,6.1,42.3
395,C,0,0,6.4,6.2,0,7.8,34.0
395,D,0,1,5.9,4.9,1,6.8,62.7
396,A,1,0,5.7,7.4,1,6.4,65.8
396,B,1,0,6.2,4.2,0,8.4,48.0
396,C,0,0,5.5,7.8,0,7.7,35.0
396,D,1,0,6.7,4.7,0,6.4,46.3
397,A,1,1,6.4,4.4,0,6.8,62.7
397,B,0,0,3.4,3.3,1,7.4,40.2
397,C,1,1,6.9,6.1,0,5.8,64.7
397,D,1,1,4.6,4.6,1,5.7,74.8
398,A,0,1,4.7,5.9,0,5.4,43.3
398,B,1,1,5.1,5.3,1,5.9,77.2
398,C,0,1,8.3,6.0,1,7.3,69.3
398,D,1,1,4.6,2.2,0,4.3,51.8
399,A,1,0,5.2,5.9,0,7.0,46.8
399,B,1,1,6.1,3.1,1,4.4,72.7
399,C,0,0,6.1,6.1,0,5.8,30.0
399,D,1,1,4.2,4.2,0,8.3,61.2
400,A,0,1,5.7,7.2,1,6.0,64.8
400,B,0,0,4.7,4.7,1,4.9,40.5
400,C,0,1,6.3,6.9,0,6.4,49.3
400,D,1,0,6.0,5.6,1,7.7,65.5
401,A,1,1,5.5,2.6,0,4.8,54.8
401,B,1,0,5.5,3.3,0,6.6,42.3
401,C,0,1,7.5,5.3,0,6.2,48.3
401,D,0,0,5.8,6.5,1,6.8,48.5
402,A,1,0,4.4,5.1,0,8.8,47.2
402,B,0,0,5.0,5.8,1,7.5,47.2
402,C,0,0,5.2,6.4,0,7.3,31.5
402,D,0,1,5.8,5.6,0,8.3,49.5
403,A,0,1,7.4,6.8,1,4.9,65.2
403,B,1,0,5.2,3.7,1,4.2,55.2
403,C,0,0,3.2,5.8,0,5.3,23.8
403,D,1,1,9.4,3.7,0,5.1,63.7
404,A,1,1,5.8,5.3,1,6.2,78.8
404,B,1,0,6.2,4.6,1,5.3,60.2
404,C,0,0,6.7,7.6,1,5.7,50.0
404,D,1,1,7.5,5.0,1,4.5,78.3
405,A,1,0,7.6,4.9,1,7.2,66.2
405,B,1,0,5.0,3.3,1,4.7,55.0
405,C,1,0,4.8,7.4,0,4.6,44.7
405,D,0,0,6.2,4.8,1,6.5,45.8
406,A,1,0,7.3,5.3,1,5.7,63.8
406,B,0,0,6.3,3.3,1,6.3,43.2
406,C,0,1,7.5,4.4,1,7.0,64.8
406,D,1,0,9.3,4.7,1,6.9,68.2
407,A,1,0,6.3,5.5,0,6.6,47.3
407,B,1,0,5.4,4.2,0,5.1,41.2
407,C,0,0,7.7,7.1,1,4.8,49.3
407,D,1,0,5.7,7.9,0,6.6,50.3
408,A,1,0,5.1,5.5,0,5.3,43.2
408,B,0,0,4.0,2.7,0,7.1,23.0
408,C,0,1,8.8,5.7,1,5.8,67.2
408,D,1,0,6.2,3.6,0,7.7,45.8
409,A,1,1,6.9,6.2,1,5.4,80.8
409,B,0,1,6.8,2.4,1,5.5,57.8
409,C,1,0,5.4,6.8,0,6.2,47.3
409,D,1,1,7.9,4.8,0,6.5,65.3
410,A,1,0,7.0,6.5,0,6.9,50.7
410,B,0,0,6.5,4.9,1,5.1,44.2
410,C,1,1,6.9,6.9,0,6.4,67.0
410,D,1,1,4.8,4.8,1,8.5,80.2
411,A,1,0,5.3,7.8,1,7.1,67.0
411,B,1,1,5.6,5.1,1,4.4,75.2
411,C,1,0,5.3,6.5,0,6.4,47.0
411,D,0,1,6.6,5.2,0,6.3,46.8
412,A,1,0,6.9,3.8,1,5.5,60.3
412,B,1,0,4.6,5.0,0,6.4,43.3
412,C,1,0,7.3,6.2,0,6.5,50.0
412,D,0,1,7.4,4.7,1,6.3,64.0
413,A,0,0,5.2,3.9,1,7.2,43.8
413,B,0,1,8.6,3.8,1,7.4,66.3
413,C,0,1,8.7,6.4,0,6.0,51.8
413,D,1,1,7.1,5.5,1,9.0,86.0
414,A,1,1,4.1,6.0,0,7.4,62.5
414,B,1,1,6.2,3.9,1,6.0,76.8
414,C,0,1,6.4,6.7,0,4.3,45.7
414,D,0,0,6.9,5.4,0,4.7,28.3
415,A,1,0,5.8,6.9,1,7.1,66.3
415,B,1,0,7.1,5.9,1,8.1,68.5
415,C,0,0,6.1,5.0,0,6.8,29.8
415,D,1,1,6.2,5.8,0,7.6,66.0
416,A,1,0,5.1,4.6,0,5.8,42.5
416,B,1,1,6.1,4.7,1,7.6,80.7
416,C,0,1,7.2,6.8,1,4.7,64.5
416,D,1,0,8.0,6.4,1,7.7,70.2
417,A,0,1,9.2,3.6,1,4.3,61.8
417,B,1,1,5.1,4.7,0,6.0,59.7
417,C,1,0,5.3,8.2,0,6.6,50.2
417,D,0,0,6.8,6.2,0,5.7,31.2
418,A,1,1,4.4,4.6,0,7.0,60.0
418,B,1,0,6.6,4.1,1,4.7,59.0
418,C,0,0,5.1,5.2,0,7.1,29.0
418,D,1,0,4.6,5.9,0,5.7,43.7
419,A,0,0,5.2,3.7,1,4.8,39.5
419,B,1,1,5.7,6.8,1,7.1,82.7
419,C,0,0,9.8,6.4,1,4.8,51.7
419,D,1,1,7.7,5.3,1,7.5,84.2
420,A,1,1,7.2,4.5,1,5.2,78.2
420,B,1,1,6.8,5.4,0,5.6,63.0
420,C,1,1,5.6,7.0,1,5.9,80.8
420,D,0,0,5.4,4.5,0,6.6,27.5
421,A,1,0,4.5,4.8,0,6.4,42.8
421,B,1,1,6.0,5.1,1,5.0,76.8
421,C,1,0,4.0,3.4,0,6.0,39.0
421,D,1,1,6.0,4.0,1,7.5,79.2
422,A,0,1,7.9,6.6,0,5.6,50.2
422,B,0,1,5.0,5.2,1,4.8,58.3
422,C,0,0,6.6,5.5,0,5.8,29.8
422,D,0,1,6.5,2.9,1,8.3,62.8
423,A,1,0,5.5,3.0,0,5.4,39.8
423,B,1,0,5.3,5.0,0,7.1,45.7
423,C,0,0,7.8,6.4,0,6.6,34.7
423,D,1,1,5.8,5.7,1,6.4,79.8
424,A,1,1,6.6,6.1,1,5.7,80.7
424,B,1,1,6.9,5.8,1,7.0,82.8
424,C,0,1,5.3,5.8,0,6.4,45.8
424,D,1,0,6.4,5.8,0,6.4,47.7
425,A,0,1,7.0,4.7,0,5.9,46.0
425,B,1,0,5.6,1.3,0,6.9,39.7
425,C,0,1,4.6,6.3,0,6.2,45.2
425,D,0,1,5.1,5.2,0,7.7,46.7
426,A,1,0,6.4,5.3,0,5.8,45.8
426,B,0,0,5.2,4.0,1,4.8,40.0
426,C,0,0,6.4,7.2,0,4.4,30.0
426,D,1,1,4.0,4.4,0,8.0,60.7
427,A,1,0,7.5,3.8,0,6.9,47.0
427,B,1,0,5.5,4.8,1,6.8,61.8
427,C,0,1,5.2,6.8,0,6.1,46.8
427,D,0,1,4.4,4.0,0,6.7,41.8
428,A,0,1,7.0,4.1,1,9.4,67.5
428,B,1,0,5.3,4.5,1,5.0,58.0
428,C,0,0,6.1,5.5,0,7.2,31.3
428,D,0,1,4.2,3.9,1,6.8,58.2
429,A,1,0,7.4,5.0,1,6.0,64.0
429,B,0,0,6.2,3.6,0,5.8,26.0
429,C,1,1,7.5,6.0,0,9.9,72.3
429,D,0,0,7.4,4.9,1,6.8,48.5
430,A,1,0,5.3,6.8,0,4.5,44.3
430,B,0,1,6.1,4.4,1,6.8,62.2
430,C,1,0,6.4,3.9,1,6.5,61.3
430,D,1,1,7.1,5.6,1,4.8,79.2
431,A,0,0,5.6,5.7,1,4.1,42.3
431,B,1,1,4.7,3.7,1,7.5,76.5
431,C,1,0,7.6,4.7,1,6.0,63.8
431,D,0,0,6.9,3.1,1,5.8,43.0
432,A,1,0,8.0,3.1,0,5.6,44.5
432,B,1,1,3.1,2.8,1,5.5,69.0
432,C,1,1,7.8,6.5,0,8.6,71.5
432,D,0,1,5.2,3.6,0,7.9,44.5
433,A,0,0,8.7,7.4,0,6.7,38.0
433,B,1,1,5.2,3.7,1,6.6,75.8
433,C,1,0,5.4,6.9,0,6.2,47.5
433,D,1,0,5.1,5.4,1,7.5,63.3
434,A,1,1,6.3,6.5,0,7.8,67.7
434,B,1,1,5.4,2.8,0,4.3,54.2
434,C,1,0,8.7,5.2,0,5.4,48.8
434,D,0,0,5.8,4.8,0,5.6,27.0
435,A,1,1,4.2,5.9,1,5.1,75.3
435,B,0,1,4.8,4.3,1,5.8,58.2
435,C,1,1,7.0,4.9,0,6.6,64.2
435,D,1,0,7.1,2.9,0,5.0,41.7
436,A,1,1,4.7,4.7,1,5.1,74.2
436,B,0,1,2.6,3.5,0,4.1,33.7
436,C,0,0,4.3,4.5,0,6.1,24.8
436,D,1,0,6.3,3.3,1,6.1,59.5
437,A,0,0,6.0,3.6,0,5.1,24.5
437,B,1,0,6.0,4.2,1,6.2,60.7
437,C,0,0,6.4,6.5,0,4.3,28.7
437,D,1,0,6.4,5.1,0,6.7,47.0
438,A,0,0,5.5,6.4,1,6.9,48.0
438,B,1,0,4.5,3.7,0,4.5,37.8
438,C,1,0,6.8,5.3,0,7.3,49.0
438,D,1,0,4.8,5.1,0,6.5,44.0
439,A,1,0,3.9,5.6,0,6.4,43.2
439,B,1,0,6.3,4.7,1,5.6,61.0
439,C,1,1,5.8,7.0,1,4.8,79.3
439,D,1,0,3.3,6.1,0,6.8,43.7
440,A,1,1,7.5,4.9,1,5.0,79.0
440,B,0,0,3.5,3.5,0,7.7,24.5
440,C,1,1,6.8,6.9,0,6.2,66.5
440,D,1,0,6.4,4.1,1,5.8,60.5
441,A,0,1,4.7,4.0,1,3.0,52.8
441,B,1,1,6.5,4.5,1,5.1,76.8
441,C,1,0,6.4,7.7,1,7.5,69.3
441,D,1,1,7.1,5.3,0,7.2,66.0
442,A,0,1,6.0,4.9,1,6.2,61.8
442,B,0,0,4.9,3.1,0,3.8,19.7
442,C,1,1,5.3,6.6,1,4.9,78.0
442,D,0,0,8.9,4.5,0,6.8,33.7
443,A,1,0,7.3,5.0,1,7.0,65.5
443,B,1,0,8.1,3.4,0,6.2,46.2
443,C,0,0,5.8,5.6,0,6.0,29.0
443,D,1,0,4.3,5.9,1,7.5,62.8
444,A,1,0,3.8,4.7,1,6.6,58.5
444,B,1,0,7.0,4.4,1,7.9,65.5
444,C,1,0,5.2,7.7,1,8.4,68.8
444,D,1,0,6.6,6.9,1,5.9,65.7
445,A,0,1,5.1,4.2,0,7.6,44.8
445,B,1,1,4.0,2.8,1,6.7,72.5
445,C,0,0,7.1,7.1,0,5.0,32.0
445,D,1,0,7.4,5.3,0,5.4,46.8
446,A,1,0,8.3,5.5,1,7.2,68.3
446,B,1,0,7.0,3.1,0,6.5,44.3
446,C,1,0,5.5,6.8,0,5.7,46.7
446,D,1,0,6.3,4.6,1,7.3,63.7
447,A,0,1,7.9,3.1,1,4.2,58.7
447,B,1,1,6.8,4.8,1,3.0,74.3
447,C,0,1,7.8,5.8,1,7.1,67.8
447,D,1,0,6.5,5.4,1,6.4,63.8
448,A,0,0,5.7,6.2,1,5.2,45.2
448,B,0,0,6.2,3.4,0,8.1,29.5
448,C,1,0,7.8,7.1,0,6.9,53.0
448,D,1,0,6.8,5.3,1,7.3,65.7
449,A,1,0,4.8,5.6,0,6.3,44.5
449,B,1,0,4.2,4.0,1,6.7,58.2
449,C,1,0,4.7,6.2,0,6.3,45.3
449,D,1,1,5.1,5.9,0,6.3,62.2
450,A,1,0,5.2,6.1,0,6.3,46.0
450,B,1,1,4.6,5.0,1,5.9,75.8
450,C,0,1,8.2,6.7,1,6.0,68.2
450,D,1,1,4.9,4.7,1,6.3,76.5
451,A,0,0,3.4,5.5,1,9.1,46.7
451,B,0,1,5.7,2.5,1,5.2,55.7
451,C,0,1,5.8,5.4,0,5.0,43.7
451,D,1,0,5.4,4.9,1,8.1,64.0
452,A,1,0,5.3,6.6,1,7.2,65.2
452,B,1,1,6.0,2.7,1,5.2,73.2
452,C,1,0,4.5,5.1,0,6.5,43.5
452,D,0,1,5.5,6.3,0,6.2,46.7
453,A,0,0,7.7,7.0,0,6.8,35.8
453,B,1,0,5.1,4.3,1,4.7,56.8
453,C,1,0,3.7,4.5,0,5.7,39.8
453,D,1,0,5.5,5.0,0,7.3,46.3
454,A,0,0,5.3,5.3,0,7.1,29.5
454,B,1,0,6.5,6.3,1,6.0,64.7
454,C,1,0,7.7,7.2,1,6.0,68.2
454,D,1,0,6.1,5.8,0,8.2,50.2
455,A,0,0,5.7,5.5,0,6.5,29.5
455,B,1,1,6.6,3.9,1,6.4,78.2
455,C,0,0,4.6,6.3,0,4.8,26.2
455,D,0,0,7.0,3.8,1,5.2,43.3
456,A,0,1,5.0,3.3,1,7.4,59.5
456,B,1,0,8.6,4.6,0,5.3,47.5
456,C,1,1,2.5,7.3,0,7.8,62.7
456,D,1,0,4.3,2.6,1,8.2,58.5
457,A,0,1,3.8,3.1,1,5.7,54.3
457,B,0,0,4.3,3.2,1,3.9,35.7
457,C,0,0,6.1,4.2,1,7.6,46.5
457,D,1,1,6.8,4.2,0,6.5,62.5
458,A,1,0,8.1,6.8,0,7.0,53.2
458,B,1,1,5.7,5.1,1,6.9,79.5
458,C,0,1,8.5,6.1,0,8.0,54.3
458,D,0,0,7.8,3.1,0,7.7,31.0
459,A,1,0,3.5,5.6,0,6.0,41.8
459,B,0,0,5.3,1.7,1,5.5,37.5
459,C,1,0,4.0,7.3,1,7.5,64.7
459,D,1,0,4.9,5.8,0,7.9,47.7
460,A,0,0,6.3,6.2,0,5.0,29.2
460,B,1,0,8.4,5.5,1,5.2,65.2
460,C,0,0,8.2,5.8,0,5.3,32.2
460,D,1,1,6.5,3.2,0,5.1,58.0
461,A,1,0,6.1,5.6,0,6.1,46.3
461,B,1,0,6.8,6.3,1,8.3,69.0
461,C,0,1,7.0,4.8,0,6.4,47.0
461,D,1,1,8.9,6.7,0,6.5,70.2
462,A,1,1,4.5,7.4,0,7.0,64.8
462,B,0,0,6.5,4.3,0,4.9,26.2
462,C,1,1,6.9,7.7,0,6.0,67.7
462,D,0,0,5.3,2.6,1,6.5,40.7
463,A,1,0,5.4,4.1,0,6.9,44.0
463,B,1,0,4.1,6.2,1,5.3,59.3
463,C,1,0,6.9,9.2,0,6.9,55.0
463,D,1,0,7.2,2.7,0,8.4,47.2
464,A,1,1,6.5,6.6,0,6.3,65.7
464,B,1,1,4.6,4.0,1,6.0,74.3
464,C,0,1,6.3,5.4,1,7.8,65.8
464,D,1,0,5.5,4.9,1,5.9,60.5
465,A,1,0,6.3,2.5,1,4.2,55.0
465,B,1,0,5.2,4.1,1,6.4,59.5
465,C,0,1,6.2,6.3,1,5.7,63.7
465,D,1,1,5.4,4.1,1,6.3,76.3
466,A,1,0,6.5,4.7,1,5.2,60.7
466,B,1,0,4.9,3.5,1,4.8,55.3
466,C,0,0,6.6,6.9,0,5.3,31.3
466,D,0,1,5.9,3.8,0,6.8,44.2
467,A,1,0,6.4,4.4,0,6.9,46.2
467,B,1,0,5.1,3.4,1,7.0,59.2
467,C,1,0,6.0,5.1,0,9.0,50.2
467,D,1,0,8.8,3.7,1,7.3,66.3
468,A,0,0,7.6,7.3,0,5.5,34.0
468,B,1,0,5.9,5.9,1,5.6,62.3
468,C,1,0,7.6,7.5,0,7.1,53.7
468,D,0,0,6.9,6.4,1,6.9,50.3
469,A,1,1,6.4,5.4,0,5.5,62.2
469,B,1,0,4.0,3.6,1,4.3,53.2
469,C,1,0,6.3,6.1,0,6.3,47.8
469,D,0,1,6.7,2.3,0,6.9,43.2
470,A,0,0,6.1,6.9,0,7.8,34.7
470,B,1,1,4.6,4.7,0,5.2,57.5
470,C,1,0,6.4,4.9,1,5.9,62.0
470,D,1,0,6.5,3.5,0,7.8,46.3
471,A,0,1,5.7,5.4,1,5.3,60.7
471,B,1,1,6.2,4.4,0,5.6,60.3
471,C,0,1,7.3,8.0,0,7.0,53.8
471,D,1,0,6.9,5.6,0,9.8,53.8
472,A,1,1,4.7,5.0,0,5.0,57.8
472,B,1,0,8.2,5.4,1,7.5,68.5
472,C,1,1,6.1,3.6,1,3.5,72.0
472,D,1,0,5.4,4.8,1,6.9,61.8
473,A,0,0,4.4,4.2,0,6.7,25.5
473,B,1,0,5.9,4.1,1,6.1,60.2
473,C,0,1,5.6,6.8,0,6.4,48.0
473,D,0,0,6.5,6.0,1,9.1,52.7
474,A,0,0,3.5,4.6,0,5.6,22.8
474,B,0,0,6.7,3.5,1,7.5,46.2
474,C,1,0,6.7,4.0,1,5.3,60.0
474,D,1,0,6.5,6.7,1,8.2,69.0
475,A,1,1,5.1,6.5,0,5.8,62.3
475,B,0,1,7.1,3.7,0,4.7,42.5
475,C,0,0,5.3,4.0,1,6.0,42.2
475,D,0,1,5.7,3.7,1,6.4,59.7
476,A,1,1,5.8,3.9,1,6.7,77.3
476,B,1,1,4.0,2.4,0,6.1,54.2
476,C,1,1,8.9,5.6,0,6.4,68.2
476,D,1,1,4.8,5.4,0,7.5,62.8
477,A,1,0,6.1,4.1,1,5.7,59.8
477,B,0,1,8.2,4.7,1,5.5,64.0
477,C,0,0,9.8,5.8,0,4.9,34.2
477,D,1,1,5.8,3.9,1,6.7,77.3
478,A,1,0,4.8,3.0,1,4.4,53.7
478,B,1,1,7.8,3.3,1,6.9,80.0
478,C,1,1,6.9,4.7,0,7.5,65.2
478,D,1,1,6.9,4.2,0,8.0,65.2
479,A,0,1,5.2,4.9,1,5.3,59.0
479,B,1,0,7.3,4.4,0,6.3,46.7
479,C,1,0,5.5,2.4,0,5.9,39.7
479,D,1,1,6.9,3.3,0,8.1,63.8
480,A,0,1,5.2,4.3,0,7.6,45.2
480,B,0,1,5.5,4.1,1,6.2,59.7
480,C,0,1,4.0,7.6,0,6.8,47.3
480,D,1,1,6.8,4.8,1,5.6,78.7
481,A,1,0,8.8,6.4,1,5.2,67.3
481,B,0,1,4.0,3.9,1,7.1,58.3
481,C,1,1,3.3,8.0,0,7.7,65.0
481,D,1,0,4.5,4.5,1,7.5,60.8
482,A,1,1,5.5,3.1,0,5.2,56.3
482,B,1,0,3.6,5.1,1,4.4,55.2
482,C,0,0,9.5,7.6,1,4.8,53.2
482,D,1,1,6.5,6.0,0,7.9,67.3
483,A,1,0,4.3,6.7,0,6.5,45.8
483,B,1,1,4.4,4.3,0,8.2,61.5
483,C,1,0,7.4,7.7,1,3.7,64.7
483,D,0,1,5.1,4.3,1,6.3,59.5
484,A,0,0,5.2,6.9,0,6.0,30.2
484,B,0,0,7.2,4.6,1,6.3,46.8
484,C,0,0,5.4,6.3,0,6.4,30.2
484,D,0,0,6.0,5.6,0,8.5,33.5
485,A,0,0,7.9,2.9,1,6.8,46.0
485,B,1,0,7.5,6.8,0,6.1,50.7
485,C,0,0,6.7,7.1,0,7.9,36.2
485,D,1,1,6.6,3.0,1,6.8,77.3
486,A,1,1,6.2,3.5,1,1.9,69.3
486,B,0,0,6.0,3.1,0,7.0,26.8
486,C,0,0,8.8,5.6,0,5.9,33.8
486,D,0,0,4.3,4.2,1,7.5,43.3
487,A,1,1,5.5,5.7,0,6.8,63.3
487,B,0,1,6.2,4.8,0,7.2,47.0
487,C,0,0,7.0,6.8,1,7.8,52.7
487,D,0,1,7.1,5.4,0,7.0,49.2
488,A,0,0,5.3,5.0,1,4.9,42.0
488,B,1,1,7.8,3.7,1,5.0,77.5
488,C,1,0,5.8,4.4,0,3.2,39.0
488,D,1,1,7.3,2.4,0,6.5,60.3
489,A,0,0,5.6,8.6,0,4.8,31.7
489,B,1,0,4.5,4.9,0,8.3,46.2
489,C,1,0,5.7,5.5,0,5.5,44.5
489,D,1,0,4.7,3.4,0,6.4,40.8
490,A,0,0,4.3,3.0,0,5.5,21.3
490,B,1,0,7.2,4.4,1,7.2,64.7
490,C,1,1,6.7,7.3,1,6.7,84.5
490,D,1,0,5.7,3.7,1,4.8,57.0
491,A,1,0,6.5,5.8,0,4.6,44.8
491,B,1,0,6.3,3.3,1,4.8,57.3
491,C,0,0,6.5,5.0,1,4.2,42.8
491,D,1,0,7.1,3.1,0,6.2,44.0
492,A,1,0,4.4,6.6,0,4.8,43.0
492,B,1,1,4.1,4.9,1,6.4,75.7
492,C,0,0,7.4,6.7,0,7.0,35.2
492,D,0,0,5.9,5.2,0,7.7,31.3
493,A,0,0,5.1,5.6,1,6.5,45.3
493,B,1,1,6.8,4.2,0,8.1,65.2
493,C,0,0,6.2,4.2,1,8.9,48.8
493,D,0,1,5.9,7.2,0,6.5,49.3
494,A,0,1,5.2,3.7,1,7.8,61.2
494,B,1,0,5.2,4.8,0,5.2,42.0
494,C,1,1,8.2,7.4,1,6.2,86.3
494,D,0,1,6.3,6.7,0,5.8,48.0
495,A,1,0,5.7,6.1,0,6.7,47.5
495,B,0,0,5.4,3.3,1,6.5,42.0
495,C,0,0,6.8,7.9,1,5.7,50.7
495,D,1,0,7.1,5.0,0,7.4,49.2
496,A,0,0,6.7,5.3,0,6.2,30.3
496,B,0,0,7.9,5.8,0,5.9,32.7
496,C,0,1,6.1,6.0,0,7.5,49.3
496,D,1,1,5.8,7.3,1,6.3,82.3
497,A,0,0,4.7,4.8,0,4.4,23.2
497,B,1,1,6.2,3.6,0,3.9,56.2
497,C,1,1,5.7,5.6,1,5.7,78.3
497,D,1,1,4.2,5.8,0,7.8,63.0
498,A,0,1,7.3,4.9,0,3.7,43.2
498,B,0,0,5.0,4.6,1,4.5,40.2
498,C,0,1,6.1,6.1,0,5.2,45.7
498,D,1,0,4.9,4.6,1,7.3,61.3
499,A,1,1,5.1,5.6,1,5.4,76.8
499,B,1,0,6.4,1,0,7.3,41.2
499,C,1,0,6.9,6.8,0,5.6,48.8
499,D,0,0,5.2,4.7,1,6.4,43.8
500,A,1,1,4.9,5.6,1,6.3,78.0
500,B,0,0,7.9,4.0,1,5.7,46.0
500,C,1,0,3.6,5.9,0,6.3,43.0
500,D,1,0,3.8,5.6,1,6.1,59.2
501,A,0,0,3.7,6.5,0,3.7,23.2
501,B,0,1,4.1,4.5,1,6.0,57.7
501,C,1,0,6.4,4.7,0,4.6,42.8
501,D,1,0,6.9,4.3,0,6.4,46.0
502,A,0,0,7.4,3.2,0,4.8,25.7
502,B,1,1,6.2,4.5,1,7.1,79.7
502,C,0,0,6.5,5.4,0,6.1,30.0
502,D,1,1,6.6,5.3,0,7.7,66.0
503,A,0,0,5.1,5.8,1,7.9,48.0
503,B,1,1,5.2,4.5,1,5.3,75.0
503,C,0,1,9.2,7.8,0,7.0,56.7
503,D,1,0,5.6,6.4,1,6.3,63.8
504,A,0,0,4.9,6.0,0,4.3,25.3
504,B,1,0,5.7,5.1,1,5.1,59.8
504,C,0,0,8.9,4.8,0,6.0,32.8
504,D,1,0,5.2,7.2,1,5.8,63.7
505,A,0,1,8.1,4.6,0,6.9,49.3
505,B,1,0,6.6,5.5,0,5.8,46.5
505,C,0,1,8.2,5.7,0,6.5,50.7
505,D,0,1,4.1,4.4,1,6.7,58.7
506,A,0,0,5.3,6.1,0,6.3,29.5
506,B,0,0,5.8,3.4,1,4.6,39.7
506,C,0,1,6.0,6.3,1,7.6,66.5
506,D,0,1,4.9,5.8,1,5.7,60.7
507,A,0,0,5.0,3.5,1,5.8,40.5
507,B,1,0,4.6,2.6,0,4.5,36.2
507,C,0,0,7.4,5.2,0,5.8,30.7
507,D,1,1,4.3,4.5,0,6.5,58.8
508,A,1,0,7.1,7.7,1,7.5,70.5
508,B,1,0,3.4,4.8,1,5.5,56.2
508,C,1,1,5.8,6.6,0,7.0,65.7
508,D,1,1,3.8,5.3,1,8.7,79.7
509,A,0,0,6.2,6.8,0,4.9,29.8
509,B,0,1,5.2,5.3,0,5.1,42.7
509,C,1,1,7.0,5.9,0,5.1,63.3
509,D,1,0,6.5,4.7,1,6.2,62.3
510,A,1,0,8.0,5.4,0,8.1,52.5
510,B,1,0,5.7,3.2,1,6.9,59.7
510,C,1,0,7.2,7.7,1,5.1,66.7
510,D,0,1,5.1,5.7,1,6.5,62.2
511,A,0,1,5.5,6.0,1,7.1,64.3
511,B,1,1,6.3,3.2,0,6.9,60.7
511,C,1,1,7.5,6.1,1,6.1,82.8
511,D,0,0,7.0,4.9,0,7.4,32.2
512,A,0,1,5.7,4.9,1,5.9,60.8
512,B,1,0,6.0,3.4,1,5.9,58.8
512,C,0,1,5.5,6.5,0,4.9,44.8
512,D,0,1,5.6,7.1,1,6.9,66.0
513,A,1,0,6.2,5.7,0,5.2,45.2
513,B,1,1,6.8,4.5,0,4.7,60.0
513,C,0,0,6.1,7.9,0,5.7,32.8
513,D,1,0,4.9,4.9,0,5.5,42.2
514,A,0,1,4.4,7.8,0,8.5,51.2
514,B,0,1,4.3,2.4,0,5.6,37.2
514,C,0,0,6.4,6.2,0,6.1,31.2
514,D,0,1,6.7,5.3,1,6.4,64.0
515,A,1,0,5.9,5.8,0,4.6,43.8
515,B,0,1,6.2,2.7,1,3.9,54.7
515,C,1,1,5.4,6.9,0,7.4,66.2
515,D,1,1,4.7,4.2,1,9.1,80.0
516,A,1,1,5.7,6.3,0,6.2,63.7
516,B,0,1,6.5,4.0,1,4.4,58.2
516,C,1,1,6.1,7.0,1,6.8,83.2
516,D,1,1,6.1,7.1,0,4.3,62.5
517,A,1,0,6.7,4.4,0,6.4,45.8
517,B,1,1,6.7,5.3,1,4.0,76.7
517,C,0,0,6.0,5.6,0,6.3,29.8
517,D,1,1,6.0,4.2,0,8.3,64.2
518,A,1,0,5.7,6.4,0,5.2,45.5
518,B,1,1,4.6,4.7,1,3.0,70.5
518,C,0,0,4.7,4.1,0,4.6,22.3
518,D,1,0,3.3,5.8,1,6.8,59.8
519,A,0,0,5.6,5.5,0,7.2,30.5
519,B,1,0,8.0,8.0,0,7.2,55.3
519,C,0,0,6.4,5.2,0,5.2,28.0
519,D,0,0,6.1,6.0,0,6.3,30.7
520,A,1,1,5.4,2.4,1,4.3,70.2
520,B,1,0,7.5,4.7,1,5.4,62.7
520,C,1,1,6.8,6.4,1,8.0,85.3
520,D,0,1,6.3,5.1,0,7.1,47.5
521,A,0,1,6.4,5.4,1,5.4,62.0
521,B,1,0,3.9,3.3,0,7.1,40.5
521,C,1,0,7.2,4.6,0,7.6,49.0
521,D,1,0,6.3,2.4,0,8.0,44.5
522,A,0,0,6.2,5.3,1,6.7,47.0
522,B,0,1,3.4,5.0,0,4.7,38.5
522,C,1,1,5.9,5.8,0,9.9,69.3
522,D,1,0,5.5,4.4,0,9.4,48.8
523,A,0,1,6.5,5.3,1,5.8,62.7
523,B,1,1,5.4,6.2,0,5.4,61.7
523,C,0,0,5.0,4.5,0,6.2,26.2
523,D,0,0,6.1,6.4,0,6.2,31.2
524,A,1,0,3.5,4.4,0,3.6,35.8
524,B,1,0,5.8,1.3,1,5.9,55.0
524,C,1,0,7.4,7.3,0,6.8,52.5
524,D,0,1,7.6,5.5,0,7.5,51.0
525,A,0,0,4.7,5.5,1,6.1,43.8
525,B,1,0,4.2,4.0,0,4.3,37.5
525,C,1,0,6.0,6.5,1,4.1,61.0
525,D,1,0,6.2,5.5,1,5.0,61.2
526,A,0,0,3.6,5.4,0,6.5,25.8
526,B,1,1,6.1,3.8,1,3.8,72.8
526,C,1,0,5.8,4.1,0,8.0,46.5
526,D,1,1,5.8,2.5,1,2.8,68.5
527,A,1,1,6.5,4.8,0,7.2,64.2
527,B,0,0,6.8,1.7,0,5.3,23.0
527,C,1,0,6.0,5.6,0,7.3,48.2
527,D,1,0,7.5,3.8,1,5.5,61.3
528,A,0,0,6.6,5.3,1,6.8,47.8
528,B,0,1,4.8,3.4,1,7.0,58.7
528,C,0,0,6.2,6.4,1,3.3,43.2
528,D,1,1,4.5,4.9,1,4.2,72.7
529,A,0,1,4.3,5.7,1,7.7,62.8
529,B,0,1,6.6,2.1,0,7.5,43.7
529,C,1,1,5.5,4.4,1,6.2,76.8
529,D,1,1,9.5,5.6,1,3.9,81.7
530,A,1,0,5.7,2.4,0,5.2,38.8
530,B,0,0,4.6,5.6,1,3.7,39.8
530,C,0,0,5.8,6.2,1,7.1,48.5
530,D,1,1,5.7,3.1,0,6.0,58.0
531,A,1,0,4.4,6.2,0,7.9,47.5
531,B,0,0,6.9,5.7,1,5.6,47.0
531,C,1,0,6.6,7.4,0,5.6,49.3
531,D,0,0,5.6,5.6,1,7.2,47.3
532,A,0,0,5.8,6.9,0,8.7,35.7
532,B,0,0,4.1,4.6,1,5.4,40.2
532,C,0,0,7.5,6.0,0,4.1,29.3
532,D,0,0,5.6,4.2,0,4.8,24.3
533,A,0,0,5.7,5.1,1,4.7,42.5
533,B,1,0,4.6,3.0,1,6.0,56.0
533,C,0,0,6.9,5.7,0,4.9,29.2
533,D,1,1,6.5,5.0,1,6.2,79.5
534,A,0,0,6.9,8.4,0,4.8,33.5
534,B,1,1,4.3,4.5,1,7.2,76.7
534,C,0,0,6.3,7.1,0,4.4,29.7
534,D,1,1,6.1,4.6,0,5.7,60.7
535,A,0,1,4.8,6.9,1,6.5,63.7
535,B,0,1,7.0,4.6,1,4.7,60.5
535,C,1,0,5.8,4.6,0,6.4,44.7
535,D,0,0,7.2,3.8,1,7.2,47.0
536,A,0,0,6.3,4.3,1,5.7,43.8
536,B,0,0,3.0,5.9,0,5.3,23.7
536,C,0,0,7.3,5.9,0,5.7,31.5
536,D,1,0,4.8,5.1,0,5.3,42.0
537,A,0,1,5.0,5.5,0,6.5,45.0
537,B,0,0,4.9,3.5,1,6.5,41.5
537,C,0,1,7.1,7.5,0,7.7,53.8
537,D,0,0,9.0,5.6,0,6.9,35.8
538,A,1,0,7.3,5.0,1,8.1,67.3
538,B,0,1,5.0,4.1,1,8.1,62.0
538,C,0,0,7.7,6.2,1,4.6,47.5
538,D,1,1,4.3,4.1,1,7.1,75.8
539,A,0,1,2.2,7.2,1,7.2,61.0
539,B,1,0,5.3,4.8,1,5.1,58.7
539,C,0,0,5.5,5.8,0,6.2,29.2
539,D,1,1,5.4,4.4,1,7.8,79.3
540,A,0,1,5.9,6.4,0,6.3,47.7
540,B,0,0,4.3,1.4,1,7.6,38.8
540,C,0,0,7.2,6.9,0,6.9,35.0
540,D,1,1,6.4,4.3,0,7.5,63.7
541,A,1,0,6.8,4.0,0,6.6,45.7
541,B,0,0,3.6,4.5,0,4.9,21.7
541,C,1,0,3.6,5.5,1,6.7,59.7
541,D,1,1,6.6,6.0,0,8.9,69.2
542,A,0,0,5.9,5.9,0,4.8,27.7
542,B,0,0,4.9,4.3,1,7.3,44.2
542,C,1,0,7.0,4.4,0,5.4,44.7
542,D,1,1,7.4,5.5,0,5.3,63.7
543,A,1,0,5.5,3.0,1,8.3,61.3
543,B,1,0,5.2,5.9,0,8.4,49.2
543,C,1,0,6.6,6.8,0,5.7,48.5
543,D,0,0,3.9,4.6,1,6.2,41.2
544,A,1,1,6.1,3.9,1,7.4,79.0
544,B,1,1,5.5,4.5,1,4.8,74.7
544,C,1,0,6.8,6.8,1,5.2,64.7
544,D,0,1,7.4,3.4,1,6.4,62.0
545,A,1,0,6.3,6.4,0,7.0,49.5
545,B,0,0,4.6,3.8,1,6.4,41.3
545,C,1,1,5.2,5.1,0,7.0,62.2
545,D,0,1,2.4,5.8,0,6.4,41.0
546,A,1,0,5.0,4.8,0,4.8,41.0
546,B,1,1,4.2,5.1,0,6.1,59.0
546,C,1,0,7.5,5.2,1,5.4,63.5
546,D,1,0,6.3,2.6,0,4.9,39.7
547,A,0,0,4.5,3.9,0,5.9,23.8
547,B,0,1,4.4,3.1,1,6.4,56.5
547,C,0,0,7.4,6.8,0,6.6,34.7
547,D,1,1,6.2,5.8,0,6.2,63.7
548,A,0,0,6.0,3.4,0,6.0,25.7
548,B,0,1,4.7,3.8,1,7.2,59.5
548,C,1,0,4.4,5.2,0,5.8,42.3
548,D,0,1,6.6,6.9,1,9.5,71.7
549,A,0,1,5.6,4.6,1,4.7,58.2
549,B,1,1,8.1,4.6,1,6.6,82.2
549,C,1,1,5.3,5.6,0,6.9,63.0
549,D,1,0,8.6,4.8,0,5.4,48.0
550,A,0,1,8.3,4.2,0,6.5,48.3
550,B,1,0,6.5,5.4,1,6.4,63.8
550,C,0,0,9.9,3.6,0,7.3,34.7
550,D,0,1,6.5,4.0,1,6.9,62.3
551,A,0,1,5.8,7.4,1,7.8,68.3
551,B,1,1,5.4,5.8,1,4.4,76.0
551,C,0,0,8.7,6.5,0,8.2,39.0
551,D,0,1,5.4,4.7,1,5.7,59.7
552,A,1,0,7.6,5.1,0,6.1,48.0
552,B,0,1,5.9,3.5,1,5.6,58.3
552,C,1,0,5.8,6.0,0,5.4,45.3
552,D,0,0,5.5,3.5,0,6.4,25.7
553,A,1,1,5.9,3.9,0,5.2,58.3
553,B,1,0,5.7,3.7,0,4.0,39.0
553,C,0,1,3.3,6.6,1,6.1,60.0
553,D,1,0,5.6,7.0,1,9.4,70.0
554,A,1,0,7.0,5.8,0,3.5,43.8
554,B,1,0,5.3,3.9,1,5.8,58.3
554,C,1,1,7.1,4.1,0,7.9,65.2
554,D,1,0,4.9,4.2,1,2.9,53.3
555,A,1,0,5.4,7.9,1,6.4,66.2
555,B,1,1,3.6,6.2,1,6.4,77.0
555,C,0,0,6.3,4.4,0,7.8,30.8
555,D,1,0,6.1,5.1,1,7.3,64.2
556,A,1,0,6.9,5.9,0,5.9,47.8
556,B,1,0,4.9,1.5,0,6.0,37.3
556,C,1,1,4.7,5.0,0,4.9,57.7
556,D,1,0,3.8,5.6,0,6.5,43.2
557,A,1,1,6.5,4.4,0,6.8,62.8
557,B,1,0,5.0,4.9,0,4.5,40.7
557,C,1,0,8.7,5.0,0,7.3,51.7
557,D,1,1,7.7,6.4,1,9.2,88.8
558,A,1,0,7.6,4.5,1,6.9,65.0
558,B,1,0,6.4,5.7,1,5.0,61.8
558,C,0,1,5.9,5.6,0,5.2,44.5
558,D,1,1,7.3,6.8,0,8.0,70.2
559,A,0,0,6.3,5.9,1,6.9,48.5
559,B,1,1,5.9,4.8,1,4.4,75.2
559,C,0,0,5.9,8.0,0,7.2,35.2
559,D,0,0,5.7,1.7,0,5.9,22.2
560,A,0,0,5.4,5.3,0,5.6,27.2
560,B,1,1,5.3,3.0,0,7.3,59.3
560,C,1,0,6.6,6.3,0,5.1,46.7
560,D,0,1,5.8,6.1,0,8.6,50.8
561,A,1,1,4.1,4.7,1,5.9,74.5
561,B,1,1,5.2,7.4,1,7.0,82.7
561,C,0,0,7.9,5.5,1,5.5,48.2
561,D,1,1,7.4,4.1,1,5.0,77.5
562,A,1,1,5.6,3.3,1,4.6,72.5
562,B,0,1,6.0,2.0,0,5.5,39.2
562,C,1,0,9.0,7.5,0,8.1,57.7
562,D,0,0,5.7,4.5,0,6.0,27.0
563,A,0,1,6.8,5.2,0,7.9,49.8
563,B,0,0,8.0,4.7,0,3.9,27.7
563,C,1,0,5.9,4.0,0,6.0,43.2
563,D,0,0,6.0,3.1,1,6.7,43.0
564,A,0,0,7.5,3.3,1,4.2,41.7
564,B,1,0,5.1,4.1,0,4.9,40.2
564,C,0,1,7.6,5.7,0,7.2,50.8
564,D,1,0,6.0,4.4,1,6.3,61.2
565,A,0,0,6.6,5.5,0,8.6,34.5
565,B,1,0,5.5,5.6,1,5.4,60.8
565,C,1,0,6.5,6.6,0,6.6,49.5
565,D,1,1,5.9,6.0,0,6.8,64.5
566,A,1,0,4.5,4.6,0,8.3,45.7
566,B,1,1,5.9,3.9,1,6.7,77.5
566,C,1,0,6.0,5.0,0,4.9,43.2
566,D,0,1,6.2,6.2,1,7.6,66.7
567,A,1,0,4.3,4.9,1,4.8,56.7
567,B,0,1,5.0,5.5,1,5.1,59.3
567,C,0,0,6.0,8.1,1,5.1,48.7
567,D,0,1,5.6,3.0,1,6.5,58.5
568,A,0,0,8.4,2.5,0,6.7,29.3
568,B,0,1,8.1,3.2,0,4.8,43.5
568,C,0,0,7.2,6.3,0,4.5,30.0
568,D,1,0,8.6,3.2,0,6.1,46.5
569,A,1,0,6.7,4.2,1,5.4,60.5
569,B,0,0,5.1,1,0,8.0,23.5
569,C,0,0,4.9,7.6,1,7.8,50.5
569,D,1,1,7.9,5.1,0,7.2,67.0
570,A,0,0,5.0,5.0,0,4.9,24.8
570,B,1,1,5.1,2.3,1,3.8,68.7
570,C,0,1,4.3,4.4,1,6.5,58.7
570,D,1,0,4.4,4.4,0,7.1,43.2
571,A,0,0,7.4,5.0,0,5.6,30.0
571,B,1,0,3.9,3.3,1,5.9,55.2
571,C,1,0,8.6,6.1,0,5.8,50.8
571,D,0,1,6.7,4.4,0,5.4,44.2
572,A,1,0,4.1,5.2,0,6.6,43.2
572,B,0,1,3.7,7.1,0,6.4,45.3
572,C,1,0,6.0,5.5,0,7.2,47.8
572,D,0,1,5.6,6.0,0,6.1,46.2
573,A,0,0,4.9,6.0,1,5.3,43.7
573,B,1,1,6.4,1.0,1,5.3,71.2
573,C,1,0,5.5,5.8,0,5.8,45.2
573,D,1,1,4.9,4.9,1,8.4,80.3
574,A,0,0,4.7,5.6,0,7.9,30.3
574,B,1,1,5.8,4.2,0,8.1,63.5
574,C,0,0,6.0,7.6,0,6.1,32.8
574,D,1,0,5.3,5.7,1,5.6,61.0
575,A,0,1,5.8,5.3,1,5.7,61.3
575,B,1,0,5.8,3.5,0,4.7,40.0
575,C,1,1,4.3,5.2,1,4.1,72.7
575,D,0,0,6.0,6.1,0,6.9,31.7
576,A,1,0,7.9,6.3,1,3.8,63.3
576,B,1,0,7.3,4.3,1,6.2,63.0
576,C,1,1,9.1,6.7,0,5.7,69.2
576,D,1,1,6.2,6.3,1,7.4,83.2
577,A,0,0,6.2,5.8,1,6.4,47.3
577,B,1,1,6.9,4.8,0,4.5,60.3
577,C,0,0,5.4,5.5,1,7.4,47.2
577,D,1,0,4.5,5.5,0,8.0,46.7
578,A,1,0,9.4,5.3,1,5.3,66.7
578,B,0,1,6.5,4.1,1,7.6,63.7
578,C,1,1,5.7,3.7,0,7.4,61.3
578,D,1,0,5.7,5.8,0,8.8,50.5
579,A,0,0,7.3,5.4,1,3.7,44.0
579,B,0,1,3.3,6.7,0,2.8,38.0
579,C,0,0,6.9,4.6,1,6.7,47.0
579,D,1,1,8.7,4.7,1,7.9,85.5
580,A,1,0,3.7,5.3,0,4.1,38.5
580,B,1,0,4.5,4.1,1,5.4,56.7
580,C,0,1,6.2,4.5,0,5.1,43.0
580,D,1,0,7.4,6.4,0,7.5,52.2
581,A,1,1,8.2,6.4,0,4.4,65.0
581,B,0,1,5.5,4.5,0,6.6,44.3
581,C,1,1,7.3,5.9,0,6.2,65.7
581,D,1,1,6.7,6.1,1,6.7,82.5
582,A,1,1,5.0,5.9,1,8.5,82.3
582,B,1,0,6.1,3.6,1,5.6,58.8
582,C,1,1,4.9,4.2,1,6.1,75.3
582,D,1,0,8.5,6.2,0,6.9,52.7
583,A,0,1,4.9,5.8,0,4.5,42.0
583,B,1,0,4.9,4.2,1,4.5,56.0
583,C,1,0,5.9,7.0,0,1.8,41.2
583,D,1,1,4.5,6.2,1,8.1,81.3
584,A,1,0,6.6,4.3,0,6.3,45.3
584,B,0,1,4.4,3.1,0,6.5,40.0
584,C,1,1,6.3,6.8,0,5.0,63.5
584,D,0,1,6.5,4.5,0,7.2,47.0
585,A,1,0,4.0,4.0,0,6.6,41.0
585,B,1,0,4.1,3.1,0,7.1,40.5
585,C,0,1,4.2,7.3,1,5.5,61.7
585,D,1,0,4.0,6.4,1,7.9,63.8
586,A,0,1,7.2,4.2,0,6.2,46.0
586,B,0,0,6.5,2.5,1,5.4,40.7
586,C,0,1,7.9,6.2,1,6.0,66.8
586,D,0,1,6.1,3.8,1,8.1,63.3
587,A,0,1,6.1,7.1,1,4.8,63.3
587,B,1,1,5.4,3.5,1,6.7,76.0
587,C,1,0,7.7,8.4,0,5.8,53.2
587,D,0,0,8.3,5.1,0,6.3,32.8
588,A,1,0,5.4,3.7,1,7.2,60.5
588,B,0,0,5.7,1.2,1,6.0,38.2
588,C,0,1,7.8,5.2,0,4.5,45.8
588,D,0,0,7.3,3.5,0,7.5,30.5
589,A,1,0,6.6,7.4,0,8.6,54.3
589,B,0,1,5.5,3.8,1,5.4,57.8
589,C,1,1,8.2,5.4,0,7.0,67.7
589,D,1,1,6.7,5.0,0,5.9,62.7
590,A,0,1,5.7,4.8,0,7.3,46.3
590,B,0,0,4.2,5.3,0,5.0,24.2
590,C,0,1,6.5,5.2,0,8.4,50.2
590,D,0,0,7.7,5.5,0,4.7,29.8
591,A,0,0,5.9,6.9,0,7.8,34.3
591,B,0,1,6.9,5.9,1,5.6,64.0
591,C,0,0,4.6,5.2,1,5.9,42.8
591,D,0,1,6.9,6.2,1,5.4,64.2
592,A,0,1,4.5,6.5,1,5.0,60.0
592,B,0,0,5.0,5.1,0,5.9,26.7
592,C,1,0,4.5,6.9,0,6.0,45.7
592,D,0,1,6.6,6.3,1,6.1,65.0
593,A,0,0,6.1,3.3,0,6.8,27.0
593,B,0,0,6.8,2.2,1,7.5,44.2
593,C,1,1,6.7,6.5,0,6.2,65.7
593,D,0,1,5.6,3.4,1,7.0,60.0
594,A,0,1,5.3,6.5,0,9.2,51.7
594,B,1,0,4.4,3.8,1,4.9,55.2
594,C,0,0,6.2,7.3,0,7.6,35.2
594,D,0,1,5.3,4.2,1,5.9,59.0
595,A,0,0,6.1,2.5,0,5.3,23.2
595,B,0,0,6.7,3.2,1,4.3,40.3
595,C,1,0,7.0,6.3,0,3.0,43.8
595,D,1,0,6.6,6.8,0,7.0,50.7
596,A,1,0,7.2,2.2,0,6.5,43.2
596,B,0,1,5.6,3.8,1,4.6,56.7
596,C,0,0,7.5,7.1,1,5.0,49.3
596,D,0,1,5.1,5.3,1,6.4,61.3
597,A,1,0,6.1,6.5,0,6.3,48.2
597,B,0,0,6.6,2.6,1,7.3,44.2
597,C,0,0,5.5,6.1,0,7.6,32.0
597,D,1,0,4.8,5.9,1,7.7,64.0
598,A,0,1,7.2,5.2,0,2.2,41.0
598,B,0,0,4.4,1.1,0,5.4,18.2
598,C,0,0,9.6,4.5,0,4.4,30.8
598,D,1,1,4.9,5.1,0,5.8,59.7
599,A,0,0,5.9,5.2,1,8.1,48.7
599,B,1,0,5.8,5.2,1,5.8,61.3
599,C,1,1,6.7,5.5,1,8.3,84.2
599,D,1,1,6.7,6.1,1,6.0,81.3
600,A,1,1,7.0,4.2,0,6.9,63.5
600,B,1,1,6.7,5.8,0,4.7,62.0
600,C,1,0,5.4,6.0,1,6.4,63.0
600,D,1,0,6.3,3.7,0,7.6,46.0
601,A,1,1,4.9,5.7,1,5.9,77.5
601,B,1,1,8.0,3.7,1,7.9,82.7
601,C,1,1,6.5,6.9,0,6.0,65.7
601,D,1,1,5.2,5.5,1,5.9,77.7
602,A,1,0,4.7,3.4,0,3.9,36.7
602,B,1,1,4.6,2.6,1,7.5,74.5
602,C,1,0,6.1,5.6,0,7.1,48.0
602,D,0,1,7.8,3.0,1,3.8,57.7
603,A,1,0,7.2,6.0,0,8.6,53.0
603,B,1,0,4.3,4.0,0,5.1,39.0
603,C,0,0,7.2,7.2,1,8.0,54.0
603,D,1,1,5.8,5.7,0,7.8,65.5
604,A,0,0,5.9,5.1,1,7.2,47.0
604,B,1,1,5.1,5.2,1,3.9,73.7
604,C,0,0,7.1,6.5,1,6.1,49.5
604,D,0,1,7.7,4.9,1,7.7,67.2
605,A,1,0,7.2,4.0,1,5.3,60.8
605,B,0,1,4.5,5.1,1,5.4,58.3
605,C,0,0,6.1,7.7,0,6.3,33.5
605,D,0,1,7.2,6.6,0,7.1,51.5
606,A,0,0,5.5,6.8,1,6.1,47.3
606,B,1,1,3.8,2.5,1,4.1,67.3
606,C,0,0,7.6,7.8,0,5.6,35.0
606,D,1,1,6.0,3.1,1,8.0,78.5
607,A,0,0,5.2,6.3,0,6.2,29.5
607,B,0,0,5.6,2.2,1,4.7,37.5
607,C,0,0,5.4,6.3,0,5.7,29.0
607,D,1,1,5.4,3.5,0,5.9,58.0
608,A,0,0,6.4,4.7,0,6.5,29.3
608,B,0,1,3.5,4.6,1,5.9,56.7
608,C,1,0,6.7,5.5,0,7.8,50.0
608,D,1,0,6.9,4.6,1,6.5,63.3
609,A,0,1,7.6,6.3,0,6.5,50.7
609,B,1,0,5.8,5.3,1,5.5,61.0
609,C,0,0,5.5,6.9,1,6.3,47.8
609,D,0,0,5.8,2.9,0,5.6,23.8
610,A,0,1,7.4,5.8,1,4.2,62.3
610,B,1,1,4.2,4.8,0,4.6,56.0
610,C,0,0,5.2,8.0,1,4.5,46.2
610,D,1,0,6.0,6.2,1,7.3,65.8
611,A,1,0,7.0,4.9,0,4.5,44.0
611,B,1,1,4.5,4.9,1,8.1,79.2
611,C,1,0,9.2,4.3,1,4.8,63.8
611,D,0,1,7.2,5.3,1,7.6,66.8
612,A,0,0,7.4,4.3,1,5.4,45.2
612,B,0,0,5.8,3.7,1,5.4,41.5
612,C,0,1,5.3,5.2,1,7.7,63.7
612,D,1,0,4.4,4.2,0,6.4,41.7
613,A,0,0,3.7,6.0,1,4.6,40.5
613,B,1,1,7.3,4.0,0,5.8,61.8
613,C,0,0,8.0,6.4,0,5.2,32.7
613,D,1,0,7.1,5.6,0,6.8,49.2
614,A,1,0,5.6,5.4,1,8.9,66.5
614,B,1,0,5.2,4.6,1,7.6,62.3
614,C,0,1,8.3,4.4,1,3.3,60.0
614,D,0,1,7.7,5.3,1,8.2,68.7
615,A,1,1,6.3,3.5,1,7.0,78.0
615,B,1,1,4.6,6.2,1,4.7,75.8
615,C,1,0,5.6,7.0,0,5.5,46.8
615,D,0,0,6.0,4.4,0,5.4,26.3
616,A,0,0,6.9,6.1,0,6.2,32.0
616,B,0,1,2.7,4.9,0,5.0,37.7
616,C,1,1,5.9,6.9,0,6.3,65.2
616,D,1,1,7.7,4.8,0,8.4,68.2
617,A,0,1,5.3,5.3,0,6.1,44.5
617,B,1,0,5.4,3.7,0,7.4,44.2
617,C,1,0,8.5,7.3,0,5.8,52.7
617,D,1,0,6.3,5.4,1,8.3,66.7
618,A,1,1,6.0,4.1,0,5.9,60.0
618,B,1,0,6.0,5.5,1,8.2,66.2
618,C,0,1,7.3,8.9,1,7.0,72.0
618,D,1,1,5.3,5.5,1,6.5,78.8
619,A,1,0,3.2,4.8,1,6.8,58.0
619,B,1,1,5.6,4.9,1,7.1,79.3
619,C,1,0,5.7,6.1,0,6.6,47.3
619,D,1,1,5.2,3.5,1,6.7,75.7
620,A,1,0,3.8,5.8,0,4.7,40.5
620,B,1,0,7.0,6.4,1,6.5,66.5
620,C,0,1,6.2,6.6,0,5.1,46.5
620,D,0,0,6.4,5.3,0,5.5,28.7
621,A,1,0,5.5,4.5,0,5.8,43.0
621,B,1,0,3.1,6.0,1,5.7,58.0
621,C,0,1,6.5,5.2,0,5.8,45.8
621,D,1,1,4.6,5.1,0,5.7,59.0
622,A,1,1,8.0,4.6,1,5.1,79.5
622,B,1,1,5.4,5.1,0,8.2,64.5
622,C,0,0,5.1,8.9,0,7.9,36.5
622,D,0,1,9.8,5.0,1,8.3,71.8
623,A,0,0,6.0,4.9,0,6.8,29.5
623,B,1,1,4.3,6.8,0,7.2,63.8
623,C,0,0,6.5,6.2,1,4.8,45.8
623,D,0,1,5.7,6.2,1,7.4,65.5
624,A,0,0,4.4,5.4,1,7.3,45.2
624,B,1,1,5.2,4.4,0,7.8,62.3
624,C,1,0,5.6,5.5,0,4.9,43.3
624,D,1,0,6.0,5.6,1,6.2,63.0
625,A,0,0,7.0,5.6,1,6.4,48.3
625,B,0,0,7.1,3.6,1,5.3,43.3
625,C,0,1,7.3,5.1,0,5.9,47.2
625,D,1,0,5.6,4.1,1,6.8,60.8
626,A,0,1,6.7,3.3,1,8.0,63.3
626,B,1,0,5.6,3.8,1,7.6,61.7
626,C,1,1,4.9,5.7,1,8.3,81.5
626,D,1,0,3.5,6.0,0,8.9,47.3
627,A,1,0,4.5,5.9,0,5.0,42.3
627,B,1,1,6.9,4.5,1,6.5,79.8
627,C,0,0,8.0,6.6,0,4.8,32.3
627,D,0,0,6.0,5.7,1,6.6,47.2
628,A,1,0,8.1,3.4,1,8.4,66.5
628,B,1,0,6.5,5.8,0,6.0,47.2
628,C,0,0,6.4,6.2,0,7.4,33.3
628,D,1,0,7.0,5.2,0,8.4,51.0
629,A,0,1,3.9,6.0,0,7.3,45.3
629,B,0,0,3.8,4.6,1,5.0,39.0
629,C,0,0,4.2,7.2,1,3.6,41.7
629,D,0,1,5.2,4.1,1,7.9,62.0
630,A,1,0,7.3,4.4,0,3.5,42.0
630,B,1,1,5.4,2.2,1,5.7,72.2
630,C,0,1,6.0,6.0,1,7.8,66.3
630,D,0,1,5.7,4.0,0,7.8,45.8
631,A,0,1,6.9,4.3,0,3.0,40.3
631,B,1,0,4.0,3.0,1,6.8,56.3
631,C,0,0,8.0,5.8,0,7.1,34.8
631,D,1,0,5.9,4.5,0,7.0,45.7
632,A,0,0,6.5,5.9,1,6.3,47.8
632,B,1,0,4.8,5.0,1,7.3,61.8
632,C,0,0,7.8,3.9,0,6.5,30.3
632,D,1,0,6.5,4.5,1,5.7,61.2
633,A,1,1,4.3,7.5,1,5.5,78.8
633,B,1,1,3.9,3.4,0,4.7,53.3
633,C,1,0,6.2,5.5,0,7.8,49.2
633,D,0,1,6.8,3.6,1,6.7,61.8
634,A,1,1,4.8,4.7,0,6.0,59.2
634,B,1,1,5.5,5.0,1,7.3,79.7
634,C,1,0,8.6,5.3,0,5.0,48.2
634,D,1,1,5.8,5.2,1,9.1,83.5
635,A,0,1,4.5,4.9,0,7.7,45.2
635,B,1,0,4.0,2.1,1,7.6,56.2
635,C,1,1,6.5,5.2,1,4.2,76.5
635,D,1,0,5.2,6.5,1,7.2,64.8
636,A,1,0,6.1,4.0,0,6.0,43.5
636,B,0,1,4.1,2.8,1,5.5,54.0
636,C,0,0,6.8,5.9,0,5.1,29.7
636,D,1,1,5.8,6.8,0,8.9,69.2
637,A,0,0,5.1,5.6,0,4.5,25.3
637,B,1,0,4.9,5.1,1,7.6,62.7
637,C,1,1,6.8,5.7,0,4.8,62.2
637,D,1,0,6.7,3.1,1,7.4,62.0
638,A,1,0,6.2,4.4,1,5.6,60.3
638,B,0,0,6.0,4.5,0,6.5,28.3
638,C,0,0,7.1,5.8,0,5.6,30.8
638,D,1,1,8.0,4.2,0,9.6,69.7
639,A,0,0,5.2,4.7,1,6.7,44.3
639,B,1,1,5.5,5.5,1,7.6,81.0
639,C,0,0,7.8,4.2,0,4.3,27.2
639,D,1,1,6.3,4.7,0,5.1,60.2
640,A,0,1,4.1,5.3,0,8.6,46.7
640,B,0,1,7.1,6.1,1,8.4,69.3
640,C,0,1,4.9,6.7,1,4.7,60.5
640,D,1,0,4.5,6.5,1,6.0,61.7
641,A,0,0,5.9,6.0,1,5.0,44.8
641,B,0,1,6.2,4.1,0,7.7,46.7
641,C,0,1,5.8,6.9,0,7.0,49.5
641,D,0,1,5.8,5.0,0,9.2,50.0
642,A,0,0,6.4,6.7,0,7.0,33.5
642,B,1,1,6.2,4.4,1,5.7,77.2
642,C,0,0,4.0,5.1,0,6.1,25.3
642,D,1,1,7.6,4.5,1,6.4,80.8
643,A,0,1,6.0,5.4,1,6.7,63.5
643,B,1,0,8.7,3.1,0,6.9,47.8
643,C,0,0,6.9,4.8,0,7.3,31.7
643,D,1,0,3.4,5.2,1,4.6,55.3
644,A,1,0,6.0,5.9,0,7.3,48.7
644,B,0,0,4.2,3.9,1,4.7,38.0
644,C,0,0,6.5,5.7,1,6.9,48.5
644,D,1,0,7.7,2.6,0,6.2,44.2
645,A,0,0,4.8,5.7,1,6.4,44.8
645,B,0,0,4.7,5.5,1,4.8,41.7
645,C,1,1,7.1,5.7,0,4.8,62.7
645,D,0,0,7.8,6.7,1,8.5,55.0
646,A,0,0,4.0,4.3,1,5.8,40.2
646,B,0,0,6.2,5.1,1,5.6,44.8
646,C,1,0,6.9,5.8,0,8.6,52.2
646,D,0,1,5.2,5.3,1,7.1,62.7
647,A,0,0,4.0,3.4,0,6.8,23.7
647,B,1,1,3.9,1.7,1,6.8,70.7
647,C,0,1,7.5,7.2,1,5.3,66.7
647,D,0,0,4.9,4.7,0,5.2,24.7
648,A,1,0,5.2,6.4,1,5.7,62.2
648,B,1,0,5.8,4.5,1,4.4,57.8
648,C,1,0,5.5,5.5,1,5.7,61.2
648,D,0,1,6.4,4.3,1,7.5,63.7
649,A,0,0,7.6,4.9,0,4.1,27.7
649,B,1,1,6.2,2.9,1,6.2,75.5
649,C,0,1,7.0,7.1,0,6.1,50.3
649,D,1,0,6.8,3.9,1,5.0,59.5
650,A,0,1,7.5,4.8,0,6.9,48.7
650,B,0,0,4.6,4.9,1,5.7,42.0
650,C,1,1,7.0,6.3,1,4.6,79.8
650,D,1,0,5.8,7.0,1,8.9,69.5
651,A,1,1,7.1,5.4,0,7.8,67.2
651,B,0,1,3.7,3.4,1,5.8,54.8
651,C,0,0,5.2,5.4,0,7.1,29.5
651,D,1,0,5.6,3.6,1,6.6,59.7
652,A,0,0,6.4,4.0,1,4.5,41.5
652,B,0,1,6.6,4.6,1,5.6,61.3
652,C,1,0,7.6,5.9,0,4.3,46.3
652,D,1,1,3.8,6.1,1,7.9,79.7
653,A,1,0,5.6,6.4,1,4.4,60.7
653,B,0,0,7.2,4.4,1,6.7,47.2
653,C,0,0,5.7,5.4,0,6.9,30.0
653,D,1,0,4.7,5.3,1,9.0,65.0
654,A,0,1,7.6,4.6,1,6.8,65.0
654,B,0,1,6.7,4.1,0,8.9,49.5
654,C,0,0,6.0,5.7,0,5.8,29.2
654,D,1,0,5.2,5.9,1,6.1,62.0
655,A,1,0,5.7,7.7,0,4.9,47.2
655,B,0,1,5.6,3.7,1,5.5,58.0
655,C,1,1,5.2,5.4,1,7.3,79.8
655,D,1,0,7.1,6.5,1,7.0,67.7
656,A,0,0,6.3,4.8,1,6.7,46.3
656,B,0,0,4.5,3.2,1,5.9,39.3
656,C,0,1,6.2,5.3,1,5.8,62.2
656,D,1,0,4.8,5.8,0,7.0,46.0
657,A,0,0,5.3,6.1,0,4.3,26.2
657,B,0,0,7.2,3.9,0,6.5,29.3
657,C,0,0,5.1,6.1,0,4.7,26.5
657,D,1,1,4.0,4.0,1,7.7,76.2
658,A,1,0,4.4,6.5,1,6.1,61.7
658,B,0,1,5.5,4.1,1,4.2,56.3
658,C,0,0,9.1,8.3,0,5.6,38.3
658,D,1,0,3.5,6.3,0,4.9,41.2
659,A,0,0,5.1,6.7,0,7.1,31.5
659,B,1,1,4.7,3.7,1,7.4,76.3
659,C,1,1,7.2,6.2,0,6.8,67.0
659,D,0,1,6.0,5.3,0,7.4,47.8
660,A,1,0,9.1,4.7,1,6.0,66.3
660,B,0,1,4.2,4.1,1,5.3,56.0
660,C,1,1,7.3,8.1,0,6.6,70.0
660,D,0,0,6.5,4.4,1,3.7,41.0
661,A,1,0,5.4,6.5,0,5.9,46.3
661,B,1,0,3.2,4.6,1,5.6,55.7
661,C,1,0,6.3,6.6,0,6.1,48.3
661,D,1,1,7.6,5.7,1,7.4,84.5
662,A,1,0,6.3,3.8,1,6.8,61.5
662,B,0,0,5.4,4.7,1,4.5,41.0
662,C,0,0,8.0,8.0,1,5.1,51.8
662,D,1,0,6.3,5.2,1,7.5,65.0
663,A,0,0,6.9,3.0,1,7.9,46.3
663,B,0,1,4.9,3.7,0,4.5,38.5
663,C,0,1,7.8,4.8,0,7.0,49.3
663,D,1,0,4.9,3.2,1,8.5,61.0
664,A,1,0,5.6,4.6,0,5.1,42.2
664,B,0,1,5.6,3.8,1,7.2,61.0
664,C,1,0,6.8,6.0,0,5.6,47.3
664,D,1,0,8.0,5.5,1,7.9,69.0
665,A,0,0,5.3,4.8,0,4.2,23.8
665,B,1,1,5.8,3.9,1,6.8,77.5
665,C,1,1,7.1,6.1,0,4.6,63.0
665,D,1,0,7.4,1.2,1,5.4,56.7
666,A,0,1,6.6,4.0,0,6.5,45.2
666,B,0,0,3.3,2.7,0,5.0,18.3
666,C,1,1,8.2,6.4,0,6.3,68.2
666,D,1,1,7.9,3.4,1,7.1,80.7
667,A,1,0,6.8,4.4,1,5.8,61.7
667,B,1,0,6.3,4.5,0,6.6,45.7
667,C,1,0,5.2,10.0,0,6.6,53.0
667,D,0,0,6.2,3.7,1,6.2,43.5
668,A,0,0,6.8,7.5,0,4.6,31.5
668,B,0,0,5.1,1.8,1,5.0,36.5
668,C,0,0,5.7,7.1,1,5.2,46.7
668,D,1,0,7.0,4.3,0,5.4,44.5
669,A,0,0,4.8,4.5,0,8.3,29.3
669,B,1,0,7.1,6.1,1,2.7,59.8
669,C,0,0,7.7,7.4,0,6.9,36.7
669,D,1,0,6.8,4.6,1,8.0,65.7
670,A,0,1,6.2,2.8,1,4.6,56.0
670,B,1,0,5.7,5.2,1,8.0,64.8
670,C,0,1,6.3,5.3,0,5.6,45.3
670,D,1,1,8.2,3.4,1,5.7,78.8
671,A,0,0,4.8,4.5,1,6.3,42.7
671,B,1,0,6.9,3.1,1,6.5,60.8
671,C,1,0,6.5,4.5,0,6.3,45.5
671,D,1,1,6.7,3.6,0,4.4,57.8
672,A,1,1,4.3,6.3,1,5.7,77.2
672,B,1,0,6.7,2.2,1,3.7,54.3
672,C,1,1,6.5,6.0,0,6.2,64.5
672,D,1,0,5.4,1.9,0,7.1,40.7
673,A,1,0,6.7,3.4,0,7.5,46.0
673,B,1,0,5.9,5.4,1,8.0,65.5
673,C,0,0,6.9,5.3,0,6.2,30.7
673,D,0,1,8.4,3.7,0,6.9,48.3
674,A,1,0,4.9,2.9,1,4.6,54.0
674,B,1,1,5.7,2.7,1,4.5,71.5
674,C,0,0,5.3,5.9,0,9.1,33.8
674,D,1,0,6.3,1.2,1,7.9,59.0
675,A,1,1,8.3,3.7,0,4.9,61.5
675,B,0,0,3.6,1.2,1,6.5,35.5
675,C,0,0,6.2,6.6,0,8.2,35.0
675,D,1,0,6.2,5.1,1,6.9,63.7
676,A,1,0,5.6,3.9,1,6.7,60.3
676,B,0,1,6.1,2.5,0,7.1,42.8
676,C,1,0,4.2,4.3,0,7.2,42.8
676,D,1,1,7.1,8.5,0,7.3,71.5
677,A,1,0,7.2,6.2,0,4.0,45.7
677,B,1,1,5.4,6.2,0,6.7,63.8
677,C,1,1,6.2,5.8,0,4.3,60.5
677,D,1,0,5.4,4.9,1,7.5,63.0
678,A,0,0,6.0,5.4,1,6.7,46.8
678,B,1,1,5.9,3.2,1,3.9,71.7
678,C,1,1,6.1,6.2,1,5.4,79.5
678,D,1,1,5.5,4.6,0,8.2,63.8
679,A,1,0,5.0,5.8,0,6.6,45.7
679,B,1,1,6.4,5.5,1,7.3,82.0
679,C,1,1,7.4,9.4,0,5.8,71.0
679,D,0,1,4.7,2.4,0,5.9,38.3
680,A,0,0,7.2,5.2,0,5.4,29.7
680,B,1,1,3.9,4.1,1,5.0,71.7
680,C,1,1,5.3,7.4,1,5.0,79.5
680,D,1,1,5.4,7.5,1,7.8,84.5
681,A,1,1,4.8,6.8,1,5.1,77.8
681,B,0,0,5.7,4.1,0,4.7,24.2
681,C,0,0,8.8,6.4,0,6.0,35.3
681,D,0,1,6.1,2.8,1,6.0,58.2
682,A,0,1,4.9,5.1,1,6.5,60.8
682,B,1,0,4.7,2.7,1,9.7,61.8
682,C,0,1,3.4,5.0,0,8.2,44.3
682,D,1,1,3.4,3.6,0,5.1,53.5
683,A,0,0,7.3,6.6,0,4.1,30.0
683,B,0,0,4.3,4.1,0,6.3,24.5
683,C,0,1,5.9,5.1,1,6.0,61.7
683,D,1,0,5.6,4.0,1,6.8,60.7
684,A,0,0,5.2,7.2,0,5.0,29.0
684,B,0,0,4.6,4.5,1,4.5,39.3
684,C,1,1,5.5,7.7,0,4.6,63.0
684,D,0,0,6.4,8.7,1,7.9,55.0
685,A,1,0,4.6,5.0,1,9.9,65.8
685,B,0,1,5.2,1,1,5.4,52.7
685,C,1,0,5.2,6.5,0,9.5,52.0
685,D,1,0,4.7,5.1,0,8.0,46.3
686,A,0,1,3.7,7.4,1,6.1,62.0
686,B,0,0,5.6,4.3,0,5.0,24.8
686,C,1,0,5.8,5.7,0,3.0,40.8
686,D,1,1,6.2,6.6,0,6.6,65.7
687,A,0,0,4.6,9.0,1,6.8,50.7
687,B,0,1,4.4,3.8,1,5.8,56.7
687,C,1,0,6.9,4.6,0,7.5,48.3
687,D,0,1,6.1,4.8,0,6.8,46.2
688,A,1,1,6.3,7.3,1,7.1,84.5
688,B,0,1,7.7,5.3,1,7.4,67.3
688,C,0,1,6.6,6.6,0,5.8,48.3
688,D,1,0,6.1,5.1,0,6.5,46.2
689,A,1,0,6.8,6.5,1,5.9,65.3
689,B,0,0,4.4,3.9,0,7.1,25.7
689,C,0,1,8.0,7.1,1,8.7,73.0
689,D,0,1,7.1,7.1,1,6.9,68.5
690,A,1,0,7.3,4.3,1,6.4,63.3
690,B,1,1,5.5,3.5,1,4.1,71.8
690,C,0,0,6.9,5.1,0,6.4,30.7
690,D,1,1,6.2,5.2,1,5.6,78.3
691,A,1,1,6.1,5.9,0,5.6,62.7
691,B,1,0,5.1,4.1,1,4.3,55.8
691,C,1,0,4.3,6.1,0,7.1,45.8
691,D,1,1,7.7,5.0,1,4.9,79.3
692,A,1,1,4.3,4.5,0,6.0,58.0
692,B,1,1,4.6,3.9,1,5.3,73.0
692,C,0,0,8.4,7.7,1,5.0,51.8
692,D,1,0,4.8,3.2,0,4.8,38.0
693,A,0,0,4.6,4.6,1,6.4,42.7
693,B,0,0,7.4,4.8,0,6.6,31.3
693,C,1,0,5.7,8.4,0,5.8,49.8
693,D,1,1,7.3,6.5,1,8.2,86.7
694,A,1,1,6.0,6.1,0,5.3,62.3
694,B,0,1,4.3,4.8,0,7.9,45.0
694,C,0,0,6.5,4.3,0,6.8,29.3
694,D,0,0,6.4,7.1,0,7.9,35.7
695,A,1,0,5.2,6.7,1,6.1,63.3
695,B,1,0,5.0,4.1,0,5.7,41.3
695,C,1,1,3.8,6.7,0,6.6,61.8
695,D,0,1,8.4,3.8,0,7.6,49.7
696,A,1,0,5.3,4.4,1,6.6,60.5
696,B,1,0,5.6,7.6,1,7.7,68.2
696,C,0,0,6.1,8.7,0,6.1,34.8
696,D,1,1,6.0,6.9,0,7.5,67.3
697,A,1,0,5.2,7.3,1,5.2,62.8
697,B,0,0,6.2,6.5,1,7.0,49.5
697,C,0,1,6.2,5.8,0,5.7,46.2
697,D,1,1,7.6,4.6,0,5.8,63.3
698,A,0,0,6.5,3.0,0,6.5,26.7
698,B,0,0,3.5,4.3,0,6.8,24.3
698,C,1,1,9.7,4.7,0,8.3,71.2
698,D,1,0,9.8,5.8,1,6.3,69.8
699,A,0,0,4.3,6.4,1,3.7,40.7
699,B,1,0,5.3,4.1,1,5.6,58.3
699,C,0,0,5.9,3.0,1,5.8,41.2
699,D,0,1,6.4,2.8,0,5.0,40.3
700,A,1,1,6.2,4.3,1,6.4,78.2
700,B,0,1,6.5,3.6,1,6.5,61.0
700,C,0,1,7.8,6.0,0,5.0,48.0
700,D,1,0,5.3,4.9,1,6.7,61.5
701,A,0,0,5.2,7.8,1,5.5,47.5
701,B,0,0,6.0,3.4,1,5.7,41.8
701,C,1,1,8.3,5.8,0,6.4,67.5
701,D,1,0,7.3,8.3,0,7.5,55.2
702,A,1,1,6.7,6.3,0,6.8,66.3
702,B,1,0,4.4,5.8,1,5.6,59.7
702,C,1,1,8.7,8.3,0,5.3,70.5
702,D,1,1,7.3,5.5,0,8.6,69.0
703,A,0,0,5.0,5.3,1,8.5,48.0
703,B,1,1,7.6,3.4,1,6.9,79.8
703,C,0,0,3.9,6.0,0,5.6,25.8
703,D,0,0,6.6,3.4,0,7.8,29.7
704,A,1,1,6.0,7.0,0,6.8,66.3
704,B,0,0,6.6,3.7,1,6.9,45.3
704,C,1,0,5.4,5.7,0,4.9,43.3
704,D,1,0,5.7,6.3,0,8.4,50.7
705,A,0,0,7.6,5.8,0,7.8,35.3
705,B,0,0,5.1,6.2,0,6.6,29.8
705,C,0,0,7.3,6.1,0,6.8,33.7
705,D,1,0,4.9,5.1,1,6.8,61.3
706,A,0,0,5.6,4.9,0,6.2,27.8
706,B,0,0,4.0,1.9,0,4.5,17.3
706,C,1,0,5.5,5.0,0,7.0,45.8
706,D,0,0,5.6,3.7,0,7.0,27.2
707,A,0,0,5.3,3.4,0,4.8,22.5
707,B,1,1,5.9,5.9,1,5.5,78.8
707,C,0,0,6.7,7.5,1,5.6,49.7
707,D,0,0,6.8,6.0,1,8.9,52.8
708,A,1,0,5.9,3.0,0,7.9,44.7
708,B,1,0,6.4,4.3,1,5.3,60.0
708,C,0,1,6.5,4.8,0,4.6,43.2
708,D,1,1,5.7,4.4,1,7.0,78.5
709,A,0,0,6.3,7.4,1,7.7,52.3
709,B,1,1,7.1,7.4,1,5.2,82.8
709,C,1,1,6.3,5.5,0,7.5,65.5
709,D,1,0,3.8,2.7,0,8.5,41.7
710,A,1,1,6.8,4.7,0,6.5,63.3
710,B,1,0,6.3,4.9,0,5.9,45.2
710,C,1,1,4.6,6.3,0,5.2,60.2
710,D,1,1,6.4,5.3,1,6.6,80.5
711,A,1,0,5.0,4.7,0,7.4,45.2
711,B,0,0,6.6,1.2,1,4.1,36.5
711,C,1,0,4.6,8.9,0,5.6,48.5
711,D,1,0,7.7,7.1,0,8.4,55.3
712,A,1,0,6.0,6.1,0,7.8,49.8
712,B,1,1,4.0,3.7,1,3.9,69.3
712,C,1,0,6.8,4.8,1,6.7,63.8
712,D,0,0,8.4,2.9,1,7.0,47.2
713,A,0,0,6.0,5.1,0,5.3,27.3
713,B,1,0,5.8,2.0,0,7.1,41.5
713,C,1,0,6.6,4.7,0,6.0,45.5
713,D,0,1,7.7,7.4,0,5.5,51.0
714,A,0,0,7.2,3.0,0,7.0,28.7
714,B,0,1,5.9,5.1,1,5.0,60.0
714,C,0,1,6.0,6.2,0,5.9,46.8
714,D,1,0,5.7,4.6,0,6.7,45.0
715,A,1,0,5.5,5.9,1,4.8,60.3
715,B,0,1,4.8,5.6,1,6.5,61.5
715,C,1,0,7.6,8.0,0,4.9,50.8
715,D,1,0,6.0,5.7,0,9.9,52.7
716,A,0,0,6.4,5.9,0,5.8,30.2
716,B,0,0,7.2,3.1,1,6.4,44.5
716,C,1,0,7.9,5.1,1,6.6,66.0
716,D,1,0,6.8,3.1,1,8.6,64.2
717,A,0,0,5.4,5.5,0,6.4,28.8
717,B,1,0,5.3,3.7,1,4.1,55.2
717,C,1,0,8.0,6.6,0,4.6,48.7
717,D,1,0,6.8,4.8,1,5.6,62.0
718,A,0,0,5.9,4.9,1,4.6,42.3
718,B,1,1,4.2,4.4,1,7.5,76.8
718,C,1,1,7.9,6.1,0,7.3,68.8
718,D,1,1,7.7,4.6,1,7.4,82.8
719,A,0,0,4.8,4.3,0,4.4,22.5
719,B,0,0,5.1,4.9,1,5.7,42.8
719,C,1,1,5.4,6.0,1,7.9,82.2
719,D,0,0,6.9,6.7,1,5.6,48.7
720,A,0,0,5.1,7.4,1,5.3,46.3
720,B,0,0,6.7,5.1,0,6.3,30.2
720,C,1,0,6.4,5.1,0,5.8,45.5
720,D,1,0,6.5,5.5,1,6.0,63.3
721,A,1,0,4.4,3.4,1,6.1,56.5
721,B,0,1,4.9,5.5,1,6.0,60.7
721,C,0,1,6.0,6.1,0,4.1,43.7
721,D,1,1,5.8,5.1,1,8.6,82.5
722,A,0,0,6.3,4.4,0,6.5,28.7
722,B,0,1,6.4,5.1,1,5.0,60.8
722,C,0,0,4.6,2.0,1,5.2,36.3
722,D,1,0,7.8,6.2,1,5.4,65.7
723,A,1,0,4.2,6.8,0,6.2,45.3
723,B,1,1,5.1,5.8,1,6.5,79.0
723,C,1,1,5.6,7.4,0,4.8,63.0
723,D,0,1,5.7,6.8,1,6.0,64.2
724,A,1,0,4.0,6.5,0,6.6,45.2
724,B,0,1,4.0,2.0,0,5.4,35.7
724,C,1,1,6.5,5.3,0,4.2,60.0
724,D,0,0,6.3,5.2,0,5.9,29.0
725,A,1,0,6.0,5.2,0,6.1,45.5
725,B,1,0,2.6,4.8,1,6.3,56.2
725,C,0,1,6.2,5.7,0,5.3,45.3
725,D,0,1,6.3,1.5,0,5.6,39.0
726,A,0,0,6.3,6.7,0,4.8,29.7
726,B,0,1,8.1,5.6,0,6.6,50.5
726,C,1,0,6.1,5.7,0,6.5,47.2
726,D,1,1,7.0,4.7,1,6.8,80.8
727,A,1,0,7.6,4.2,0,7.1,48.2
727,B,1,1,7.9,4.1,0,6.0,63.3
727,C,0,1,5.2,4.6,1,6.5,60.5
727,D,1,0,6.9,5.4,1,7.5,66.3
728,A,0,1,4.0,6.0,1,6.8,61.3
728,B,1,0,4.4,1.5,1,5.5,52.3
728,C,0,0,8.9,4.5,0,6.0,32.3
728,D,0,1,8.0,3.9,0,7.6,49.2
729,A,0,0,3.8,4.5,1,7.4,42.8
729,B,0,1,7.8,5.8,1,6.9,67.5
729,C,1,0,5.7,6.3,0,7.0,48.3
729,D,1,1,5.7,4.7,0,6.9,62.2
730,A,1,0,7.7,4.4,1,6.8,64.8
730,B,1,1,3.5,6.4,0,4.7,57.7
730,C,0,0,5.9,6.0,0,5.8,29.5
730,D,1,1,8.8,6.1,0,7.0,69.8
731,A,1,0,5.9,4.9,0,5.5,43.8
731,B,0,0,4.1,5.2,1,7.2,44.2
731,C,1,1,3.9,5.8,0,4.7,57.3
731,D,1,0,6.3,4.0,1,6.9,62.0
732,A,1,0,5.2,7.6,1,6.2,65.0
732,B,0,0,7.5,3.1,0,5.6,27.0
732,C,1,0,5.4,5.0,0,8.5,48.2
732,D,1,1,7.7,4.8,0,9.0,69.2
733,A,0,1,7.5,5.2,1,6.2,64.8
733,B,1,1,6.6,4.7,0,7.3,64.3
733,C,1,1,6.9,6.6,0,6.6,66.8
733,D,1,0,5.1,5.6,0,6.2,44.8
734,A,1,0,6.1,4.1,1,3.6,56.3
734,B,0,0,7.4,3.2,1,7.8,47.3
734,C,1,0,5.9,5.8,0,5.1,44.7
734,D,0,1,2.9,4.1,0,5.0,36.7
735,A,0,0,6.1,5.0,0,2.6,22.8
735,B,1,1,5.1,4.2,1,3.7,71.7
735,C,1,0,5.7,5.9,0,4.8,44.0
735,D,0,1,6.0,6.5,1,6.7,65.3
736,A,1,1,7.1,5.2,1,5.1,79.0
736,B,1,1,5.2,6.6,0,6.0,63.0
736,C,1,0,6.0,4.7,1,5.9,61.0
736,D,1,1,6.9,4.0,0,7.0,63.2
737,A,0,0,5.7,5.9,1,7.0,47.7
737,B,1,1,6.9,6.3,1,4.2,79.0
737,C,1,0,7.3,5.0,0,5.6,46.5
737,D,1,1,7.4,4.9,0,4.7,61.7
738,A,0,0,6.0,3.8,1,5.5,42.2
738,B,1,1,6.0,4.2,0,7.2,62.3
738,C,1,0,5.6,7.6,0,6.2,49.0
738,D,1,0,5.8,6.2,1,6.2,63.7
739,A,1,0,4.4,5.4,0,7.4,45.3
739,B,1,1,6.8,2.0,1,6.5,75.5
739,C,0,0,7.0,6.9,0,4.8,31.2
739,D,0,0,6.7,4.1,1,6.7,45.8
740,A,1,0,5.5,2.7,0,8.7,44.8
740,B,1,1,5.3,3.3,1,5.7,73.8
740,C,0,1,7.8,2.1,0,3.8,39.5
740,D,0,1,5.5,6.6,1,5.0,61.8
741,A,0,0,4.8,5.8,0,5.0,26.0
741,B,1,0,6.0,4.1,0,5.9,43.3
741,C,1,0,7.6,7.8,1,6.8,70.3
741,D,1,1,9.2,5.2,0,6.4,68.0
742,A,0,0,5.4,3.9,1,7.1,44.0
742,B,1,0,6.1,3.0,0,5.6,41.2
742,C,1,0,6.6,5.1,0,7.3,48.3
742,D,1,1,6.1,6.6,0,5.7,64.0
743,A,0,0,4.8,5.1,0,6.9,28.0
743,B,1,0,6.3,1.2,0,6.4,39.8
743,C,1,0,6.0,6.2,0,6.3,47.5
743,D,1,1,6.1,4.7,0,8.9,66.2
744,A,0,0,6.6,5.6,1,6.4,47.7
744,B,0,0,4.7,3.8,0,6.4,24.8
744,C,0,0,5.7,6.9,0,6.2,31.3
744,D,1,1,7.7,6.0,0,6.2,66.5
745,A,1,1,5.2,5.7,0,6.7,62.7
745,B,0,1,7.7,4.2,1,5.0,61.5
745,C,0,0,6.3,4.1,0,6.4,28.0
745,D,1,0,4.0,6.1,1,4.4,57.5
746,A,0,0,5.5,5.3,0,5.2,26.7
746,B,1,0,7.0,2.3,1,7.3,61.0
746,C,1,0,4.3,4.6,0,6.0,41.5
746,D,1,0,4.6,4.6,0,7.6,44.7
747,A,0,0,7.8,4.3,0,4.6,27.8
747,B,0,0,5.6,4.0,1,6.1,42.8
747,C,0,1,6.0,7.2,0,3.8,45.0
747,D,1,0,6.5,6.1,0,7.9,50.8
748,A,1,1,5.7,6.6,1,7.9,83.7
748,B,0,0,6.1,4.9,1,6.0,45.0
748,C,0,0,5.5,4.5,0,6.3,27.2
748,D,1,0,7.0,2.5,1,6.9,60.7
749,A,1,1,5.4,7.0,1,5.9,80.5
749,B,1,0,4.9,4.6,1,6.1,59.3
749,C,1,1,9.2,5.4,0,6.4,68.3
749,D,1,0,7.4,5.3,0,6.9,49.3
750,A,1,0,7.1,5.5,0,4.9,45.8
750,B,1,1,6.1,5.6,1,5.3,78.3
750,C,0,0,7.1,5.5,0,5.5,30.2
750,D,0,0,7.1,1.8,1,8.7,46.0
751,A,1,0,4.2,7.4,1,4.0,59.3
751,B,1,0,4.4,3.3,1,7.1,58.0
751,C,0,0,4.9,5.7,0,5.4,26.7
751,D,0,0,7.2,3.8,0,6.9,29.8
752,A,1,0,4.2,5.4,1,5.4,58.3
752,B,1,1,5.5,3.7,1,8.2,79.0
752,C,0,1,5.1,7.2,1,7.4,66.2
752,D,1,1,4.4,5.8,1,6.1,77.2
753,A,0,1,8.0,5.0,0,7.2,50.3
753,B,1,0,5.0,4.9,1,7.6,62.5
753,C,1,0,5.2,9.1,1,5.8,66.8
753,D,1,0,5.4,3.5,1,7.2,60.2
754,A,0,1,6.0,5.7,0,8.4,50.2
754,B,1,1,5.7,4.6,1,6.7,78.3
754,C,1,0,5.5,5.4,0,5.1,43.3
754,D,1,1,6.0,6.7,1,7.4,83.5
755,A,0,0,6.3,4.4,1,7.3,46.7
755,B,1,1,4.8,3.3,0,5.9,56.7
755,C,0,0,7.2,6.4,0,4.3,29.8
755,D,0,0,7.0,4.3,0,6.4,29.5
756,A,1,1,7.2,7.1,0,4.7,65.0
756,B,1,1,4.7,3.3,1,7.5,75.8
756,C,0,1,6.5,5.7,1,4.6,61.3
756,D,0,0,5.6,5.9,1,5.6,45.2
757,A,0,0,4.0,6.4,1,7.5,46.5
757,B,0,0,6.3,4.9,1,5.5,44.5
757,C,1,1,5.5,8.3,1,7.6,85.7
757,D,0,0,5.4,4.5,0,8.7,31.0
758,A,1,1,5.9,2.9,0,4.8,56.0
758,B,1,0,4.7,4.5,0,5.6,41.3
758,C,1,1,6.4,6.4,0,8.1,68.2
758,D,0,1,7.2,6.4,0,7.3,51.5
759,A,1,0,7.4,7.6,1,7.0,70.0
759,B,0,1,7.3,2.1,1,3.2,54.3
759,C,0,0,5.6,5.6,0,6.0,28.7
759,D,1,1,7.0,5.6,0,8.6,68.7
760,A,1,0,4.5,5.4,0,6.3,43.7
760,B,1,1,6.3,4.2,0,6.3,61.3
760,C,1,1,6.9,5.6,0,5.4,63.2
760,D,1,0,4.2,5.4,1,6.7,60.5
761,A,1,0,5.7,5.5,0,6.1,45.5
761,B,0,1,6.2,4.6,1,5.7,60.8
761,C,1,1,8.6,6.9,1,5.0,84.2
761,D,0,1,6.1,5.1,1,7.0,63.7
762,A,1,0,6.0,4.2,0,6.9,45.2
762,B,0,0,5.6,4.1,1,7.2,44.8
762,C,0,0,7.2,6.5,0,4.7,30.7
762,D,1,0,4.6,5.2,0,6.5,43.8
763,A,1,1,6.1,5.2,0,6.7,63.3
763,B,1,0,5.8,4.1,1,4.8,57.8
763,C,0,0,5.8,5.9,1,6.6,47.2
763,D,1,1,5.4,5.5,1,5.2,76.8
764,A,0,1,5.6,6.6,0,8.6,51.3
764,B,0,0,5.5,3.7,1,6.8,43.3
764,C,0,0,5.8,6.3,0,7.8,33.2
764,D,1,0,5.2,3.2,1,5.4,56.3
765,A,1,0,6.8,6.0,0,8.5,52.2
765,B,1,1,4.6,4.3,1,7.8,77.8
765,C,1,0,8.6,5.8,0,7.4,53.0
765,D,1,1,5.8,4.4,0,6.3,60.8
766,A,0,0,3.8,2.9,1,7.2,39.8
766,B,1,1,5.1,5.7,1,6.9,79.5
766,C,1,0,6.8,5.4,0,5.6,46.3
766,D,1,1,6.2,5.6,1,6.3,80.2
767,A,0,0,4.7,4.8,0,5.4,24.8
767,B,1,1,6.7,2.3,1,7.5,77.5
767,C,1,0,8.4,5.7,1,8.4,70.8
767,D,1,0,5.2,5.7,0,7.0,46.5
768,A,0,0,6.3,3.6,0,7.4,28.8
768,B,0,1,4.3,2.2,1,3.9,50.7
768,C,1,1,6.6,6.3,0,5.1,63.3
768,D,0,0,5.3,6.1,1,6.9,47.2
769,A,0,1,7.0,6.9,0,6.0,49.8
769,B,1,1,5.7,3.4,0,6.2,58.8
769,C,0,0,6.6,7.3,0,7.0,34.8
769,D,0,1,5.4,4.6,1,4.0,56.7
770,A,1,1,6.1,4.9,1,5.6,77.7
770,B,0,1,6.4,7.3,1,6.4,66.8
770,C,0,1,6.0,5.7,0,7.8,49.2
770,D,1,1,6.2,4.5,1,6.0,77.8
771,A,0,0,6.1,7.3,1,7.6,51.7
771,B,1,1,3.5,2.0,1,4.6,66.8
771,C,0,1,6.1,5.0,0,6.9,46.7
771,D,0,1,5.9,4.6,0,5.4,43.2
772,A,0,0,5.0,5.6,0,5.2,26.3
772,B,0,1,5.6,4.1,0,7.1,44.7
772,C,1,1,5.0,4.8,0,5.2,58.3
772,D,0,0,7.9,2.7,1,10.0,51.0
773,A,1,0,4.0,6.0,1,6.4,60.7
773,B,1,0,5.3,3.9,1,5.9,58.5
773,C,0,0,5.8,6.3,0,5.2,28.8
773,D,1,1,7.0,2.7,1,8.3,80.0
774,A,1,1,4.3,4.3,0,6.6,58.7
774,B,0,0,4.5,3.1,1,7.3,41.5
774,C,0,1,6.1,7.1,0,6.3,49.2
774,D,1,0,4.9,4.4,0,7.1,44.0
775,A,1,0,5.7,5.1,0,6.3,45.2
775,B,1,0,5.8,5.0,0,5.3,43.5
775,C,0,1,3.5,6.7,0,8.0,47.0
775,D,1,0,7.9,5.0,1,6.6,65.8
776,A,0,0,8.6,4.0,0,6.1,31.2
776,B,1,0,6.7,4.1,1,7.8,64.3
776,C,0,0,5.0,8.1,0,4.3,29.0
776,D,1,1,5.6,4.8,1,8.5,81.5
777,A,1,0,5.6,4.9,0,6.4,44.8
777,B,1,1,4.5,5.4,0,6.5,60.7
777,C,0,0,5.4,4.4,1,4.1,39.8
777,D,0,1,6.3,4.1,1,7.4,63.0
778,A,0,0,6.4,3.1,1,5.9,42.3
778,B,1,1,6.8,3.3,0,5.8,59.8
778,C,0,0,4.2,4.1,0,6.0,23.8
778,D,1,0,7.9,5.1,0,9.2,53.7
779,A,0,0,4.5,4.9,0,4.9,23.8
779,B,1,1,5.2,4.7,1,5.8,76.2
779,C,1,1,6.2,6.2,0,7.0,65.7
779,D,1,0,6.4,4.3,0,6.9,46.0
780,A,0,0,6.6,6.0,0,5.8,30.7
780,B,0,0,6.8,3.6,0,3.7,23.5
780,C,1,0,5.8,7.6,1,5.2,64.3
780,D,0,1,6.0,5.1,1,8.6,66.2
781,A,1,0,5.8,4.8,0,4.5,41.8
781,B,1,1,4.5,4.0,1,5.3,73.0
781,C,0,0,6.1,6.3,1,4.9,45.5
781,D,0,0,5.9,3.6,1,6.3,43.0
782,A,1,0,6.8,5.2,1,8.9,68.2
782,B,1,1,6.2,5.5,1,8.0,82.8
782,C,1,0,6.0,6.6,0,7.8,50.7
782,D,1,1,6.6,4.7,0,6.8,63.5
783,A,1,0,5.1,4.1,0,3.8,38.3
783,B,0,0,5.5,4.0,1,6.0,42.5
783,C,0,0,4.7,6.0,0,6.0,27.8
783,D,0,0,5.2,3.9,1,7.0,43.5
784,A,0,1,5.6,3.9,1,5.7,58.7
784,B,0,1,5.3,3.8,0,6.8,43.2
784,C,1,0,10,3.5,0,4.2,46.2
784,D,1,0,4.3,4.8,1,5.7,58.0
785,A,1,1,5.9,6.1,0,6.6,64.3
785,B,0,1,4.2,4.9,1,5.6,57.8
785,C,0,1,5.6,4.5,0,4.9,41.7
785,D,1,0,6.7,7.4,1,6.9,68.3
786,A,0,1,5.0,2.6,1,5.9,55.8
786,B,1,0,5.7,4.6,0,7.0,45.5
786,C,1,0,4.8,5.4,0,6.4,44.3
786,D,0,1,7.5,4.4,0,6.8,47.8
787,A,0,1,7.5,4.8,0,6.8,48.5
787,B,1,0,4.7,4.3,1,4.6,56.0
787,C,1,1,7.1,5.5,1,6.4,81.7
787,D,0,0,5.6,5.3,1,5.8,44.5
788,A,0,0,5.1,3.3,1,7.2,42.7
788,B,1,0,3.4,4.9,1,5.8,56.8
788,C,0,0,7.5,7.3,1,5.1,49.8
788,D,0,1,5.8,4.5,0,9.6,49.8
789,A,0,0,4.8,6.5,0,5.1,27.3
789,B,0,0,7.2,3.8,1,6.8,46.3
789,C,0,1,5.7,6.0,1,8.3,66.7
789,D,1,1,5.5,5.6,1,7.4,80.8
790,A,1,1,5.1,6.6,1,5.5,78.7
790,B,1,0,4.8,3.9,0,6.6,42.2
790,C,0,0,7.8,6.0,0,8.2,36.7
790,D,1,1,6.0,4.3,0,9.0,65.5
791,A,0,0,4.5,6.0,0,6.2,27.8
791,B,1,1,6.2,3.5,1,5.3,75.0
791,C,1,1,6.1,5.3,0,5.2,61.0
791,D,1,0,6.4,5.8,0,6.4,47.7
792,A,1,0,5.4,3.7,0,7.5,44.3
792,B,1,1,6.7,4.2,1,7.6,80.8
792,C,1,1,5.6,5.3,1,5.4,77.2
792,D,1,1,5.8,6.4,0,7.5,66.2
793,A,1,1,8.3,5.5,0,5.6,65.7
793,B,0,1,6.6,4.1,0,5.4,43.5
793,C,1,1,7.4,6.0,0,4.9,63.8
793,D,0,1,8.0,5.1,0,7.6,51.2
794,A,1,0,6.7,5.3,0,4.3,43.8
794,B,1,1,5.7,4.5,1,5.7,76.5
794,C,1,0,7.6,6.3,0,6.9,51.3
794,D,0,1,3.8,2.3,1,6.8,54.8
795,A,0,0,6.6,5.5,1,5.8,46.5
795,B,0,1,3.3,4.8,0,6.7,41.3
795,C,0,0,6.6,5.6,0,5.0,28.7
795,D,1,0,6.1,5.8,1,5.9,63.0
796,A,0,0,6.7,4.3,1,5.4,44.0
796,B,1,0,7.4,1.1,1,5.7,57.0
796,C,0,0,6.0,4.0,1,5.2,42.0
796,D,1,0,6.0,5.0,0,7.4,47.3
797,A,0,0,5.9,7.1,0,5.8,31.3
797,B,0,0,8.5,3.0,1,6.0,45.8
797,C,0,1,4.4,5.0,0,7.7,45.2
797,D,1,1,6.2,5.2,1,6.9,80.5
798,A,1,0,6.7,5.7,1,4.4,61.3
798,B,0,0,7.1,5.8,1,3.9,44.7
798,C,1,0,4.4,5.7,0,6.6,44.5
798,D,1,1,6.6,6.7,0,7.0,67.2
799,A,1,0,6.7,5.5,1,6.9,65.2
799,B,1,1,6.0,5.2,1,5.9,78.5
799,C,1,1,5.7,4.5,1,7.6,79.7
799,D,1,1,5.1,5.3,1,6.7,78.5
800,A,0,0,4.9,5.3,1,4.8,41.7
800,B,1,1,5.7,4.6,1,7.3,79.3
800,C,0,0,7.9,6.1,0,5.8,33.0
800,D,0,0,5.0,5.0,0,7.3,28.8
801,A,0,0,7.5,6.1,1,6.6,50.3
801,B,1,0,4.4,4.8,0,3.3,37.5
801,C,0,0,5.3,8.1,1,5.5,48.2
801,D,1,0,6.3,4.1,1,6.9,62.2
802,A,0,1,4.2,5.1,1,5.4,57.8
802,B,1,0,4.2,3.9,0,6.2,40.5
802,C,0,0,4.7,7.0,0,9.6,35.5
802,D,1,1,6.2,4.8,1,7.3,80.5
803,A,1,1,4.4,7.4,0,7.1,64.8
803,B,1,1,4.6,4.6,1,6.3,75.8
803,C,0,1,8.3,6.3,1,7.3,69.8
803,D,0,1,6.6,3.9,0,8.1,47.7
804,A,1,1,7.0,5.8,0,5.2,63.3
804,B,0,0,4.1,2.2,1,5.7,36.7
804,C,1,1,6.4,5.0,0,8.4,66.3
804,D,0,0,8.5,4.9,0,4.4,29.7
805,A,0,1,4.5,5.4,0,5.3,42.0
805,B,0,0,4.6,4.2,0,7.2,26.7
805,C,1,1,6.4,5.9,0,5.0,62.2
805,D,1,0,5.1,5.3,1,8.4,64.7
806,A,0,0,5.7,6.1,1,7.6,49.0
806,B,0,0,4.7,4.9,1,7.2,44.7
806,C,1,0,4.9,4.7,1,7.2,61.3
806,D,1,1,6.9,4.2,1,5.3,77.3
807,A,1,0,4.7,6.4,0,4.9,43.3
807,B,1,1,6.0,3.4,1,6.1,75.8
807,C,1,0,5.1,6.0,0,4.8,43.2
807,D,0,1,5.2,4.3,1,7.6,61.8
808,A,0,0,5.9,3.6,1,7.5,45.0
808,B,1,0,4.6,5.8,1,6.3,61.2
808,C,0,0,6.5,6.8,0,6.6,33.2
808,D,0,0,5.4,3.7,0,5.6,24.5
809,A,1,0,6.6,6.7,1,7.4,67.8
809,B,0,1,5.2,2.7,1,7.9,59.7
809,C,1,0,6.4,7.4,0,4.1,46.5
809,D,0,0,6.0,3.2,0,8.5,29.5
810,A,0,1,8.7,4.2,1,6.1,65.0
810,B,1,0,5.1,4.2,1,6.1,59.0
810,C,0,1,6.3,5.3,0,5.5,45.2
810,D,1,0,7.0,5.4,1,8.6,68.3
811,A,1,1,7.2,6.8,1,5.0,81.7
811,B,0,1,4.3,5.0,1,6.4,59.5
811,C,1,0,7.0,5.5,1,7.5,66.7
811,D,0,1,5.4,6.2,1,8.6,67.0
812,A,1,0,7.1,6.4,0,5.9,49.0
812,B,1,1,7.6,4.4,1,7.4,82.3
812,C,1,0,7.2,5.1,1,5.3,62.7
812,D,0,1,6.3,3.1,0,7.3,44.5
813,A,1,0,5.5,5.4,1,6.4,62.2
813,B,1,0,6.2,6.4,1,4.7,62.2
813,C,0,0,4.5,5.1,0,2.8,20.7
813,D,1,1,6.4,4.3,0,7.6,63.8
814,A,0,1,5.5,5.6,0,5.7,44.7
814,B,0,1,5.1,6.9,1,3.7,59.5
814,C,0,1,7.1,7.7,0,6.0,51.3
814,D,0,1,6.1,2.0,1,8.2,60.5
815,A,0,0,7.7,3.7,0,5.6,28.3
815,B,1,0,5.6,4.1,1,5.7,59.0
815,C,0,1,7.1,6.2,1,7.4,67.8
815,D,0,1,5.7,6.8,0,5.9,47.3
816,A,1,1,7.2,4.4,0,5.1,61.2
816,B,1,0,4.5,3.2,1,5.0,54.5
816,C,1,1,6.6,3.8,0,3.4,56.3
816,D,0,1,6.2,4.6,0,7.7,47.5
817,A,0,0,6.0,4.7,0,4.3,25.0
817,B,0,0,7.0,6.1,0,4.7,29.7
817,C,1,0,6.1,3.8,1,9.0,64.8
817,D,0,1,7.6,6.2,1,6.1,66.5
818,A,0,1,8.9,5.2,1,6.0,66.8
818,B,1,1,3.9,2.5,0,5.5,53.2
818,C,1,1,9.1,6.0,0,4.9,66.7
818,D,0,1,7.1,4.2,0,7.2,47.5
819,A,0,0,4.8,6.0,0,6.1,28.2
819,B,1,0,7.0,5.7,1,4.5,62.0
819,C,0,1,8.3,6.5,0,6.0,51.3
819,D,1,0,6.0,4.2,0,8.3,47.5
820,A,1,0,8.9,5.2,1,7.1,68.7
820,B,1,0,3.5,6.5,1,5.4,59.0
820,C,0,1,6.2,4.8,1,5.0,60.0
820,D,1,0,6.2,3.7,0,7.4,45.5
821,A,1,0,6.5,4.9,1,7.0,64.0
821,B,0,0,6.9,4.5,1,4.9,43.8
821,C,0,0,5.0,6.3,0,8.1,32.3
821,D,1,1,6.8,6.2,1,9.1,86.8
822,A,1,0,3.9,5.2,1,5.6,57.8
822,B,1,0,6.8,5.4,0,7.3,49.2
822,C,1,1,8.3,6.3,0,8.0,71.0
822,D,1,0,7.5,6.8,1,9.4,72.8
823,A,0,1,5.0,4.1,1,4.2,55.5
823,B,0,0,4.1,6.0,0,7.8,29.8
823,C,1,0,6.2,5.2,0,6.9,47.2
823,D,1,1,7.7,4.0,1,4.2,76.5
824,A,1,0,5.8,4.2,1,5.1,58.5
824,B,0,0,5.4,4.9,1,6.6,44.8
824,C,0,0,2.9,7.0,0,6.3,27.0
824,D,0,1,10,4.1,1,8.3,70.7
825,A,0,0,5.8,4.2,0,8.4,30.7
825,B,1,1,5.8,2.2,1,4.6,71.0
825,C,1,0,5.3,6.7,0,6.5,47.5
825,D,1,0,10,7.0,1,5.0,70.0
826,A,0,0,4.4,3.1,0,6.4,23.2
826,B,0,1,4.3,4.6,1,4.5,55.7
826,C,1,1,6.5,6.1,1,6.1,81.2
826,D,0,1,5.4,3.6,0,6.9,43.2
827,A,1,0,6.6,6.4,1,6.7,66.2
827,B,1,0,8.3,4.4,1,7.2,66.5
827,C,1,0,6.7,5.9,0,7.0,49.3
827,D,0,0,4.4,6.4,1,6.0,44.7
828,A,1,0,4.0,5.8,1,5.5,58.8
828,B,1,0,4.4,3.2,1,6.3,56.5
828,C,1,0,4.0,6.0,1,7.8,63.0
828,D,1,0,6.6,6.3,0,7.6,50.8
829,A,0,1,6.9,4.3,0,5.2,44.0
829,B,0,0,4.5,5.2,1,3.6,38.8
829,C,0,1,6.9,7.6,0,8.8,55.5
829,D,0,1,8.3,5.4,1,6.3,66.7
830,A,1,0,6.1,6.2,1,4.0,60.5
830,B,0,1,7.4,7.3,1,7.5,70.3
830,C,0,0,7.4,6.7,0,5.1,32.0
830,D,1,1,7.0,3.1,1,6.2,77.2
831,A,0,0,5.2,6.2,0,4.2,26.0
831,B,1,0,4.5,2.7,1,5.4,54.3
831,C,0,1,7.2,3.8,0,3.2,40.3
831,D,1,1,4.4,5.2,1,8.8,80.7
832,A,0,0,4.9,5.3,0,6.1,27.2
832,B,0,0,4.5,5.4,1,6.7,44.3
832,C,0,0,6.7,6.5,0,3.1,27.2
832,D,1,0,5.4,4.8,0,7.0,45.3
833,A,0,1,7.0,5.7,0,7.2,49.8
833,B,0,1,6.4,5.0,1,3.4,58.0
833,C,1,0,6.4,4.1,0,5.2,42.8
833,D,1,1,6.8,6.1,1,5.5,80.7
834,A,1,0,6.4,6.1,1,6.7,65.3
834,B,0,0,4.0,3.9,0,6.8,24.5
834,C,1,0,6.4,4.9,0,4.5,43.0
834,D,0,0,5.4,5.8,1,5.4,44.3
835,A,0,1,3.8,9.2,1,5.7,64.5
835,B,1,0,4.3,4.1,0,4.8,38.7
835,C,0,0,5.0,5.5,1,6.5,45.0
835,D,0,1,8.1,4.6,1,5.7,64.0
836,A,0,1,3.4,4.6,1,6.3,57.2
836,B,0,1,8.2,3.9,1,8.2,67.2
836,C,0,1,6.0,5.6,0,8.9,50.8
836,D,0,0,5.2,5.3,0,5.7,27.0
837,A,0,0,7.1,6.8,1,4.7,47.7
837,B,0,1,5.3,5.2,0,5.3,43.0
837,C,0,0,7.6,5.0,0,6.7,32.2
837,D,1,0,8.1,5.8,0,3.9,46.3
838,A,1,0,6.6,5.5,0,5.7,46.3
838,B,0,1,4.7,4.3,1,5.2,57.0
838,C,0,1,5.8,7.0,0,4.0,44.7
838,D,1,0,8.1,4.0,0,8.7,51.3
839,A,1,0,9.7,5.2,0,6.8,52.8
839,B,0,0,7.7,3.3,1,5.5,44.2
839,C,1,1,7.1,6.9,1,7.6,86.0
839,D,1,1,3.5,5.3,1,7.4,77.0
840,A,0,0,6.9,5.5,0,7.0,32.3
840,B,1,1,2.9,4.5,1,3.8,68.7
840,C,0,0,6.8,6.2,0,4.5,29.2
840,D,1,1,7.4,4.2,1,3.9,75.8
841,A,0,0,4.5,5.4,0,5.0,24.8
841,B,1,0,4.7,2.1,0,7.9,41.2
841,C,1,1,7.2,5.9,1,6.1,82.0
841,D,1,1,4.9,6.5,0,8.1,65.8
842,A,1,1,7.2,3.5,1,5.7,77.3
842,B,0,0,6.6,2.6,1,6.7,43.2
842,C,1,1,7.1,6.7,0,4.4,63.7
842,D,0,1,8.8,4.7,0,8.1,52.7
843,A,0,0,4.5,3.7,0,6.7,24.8
843,B,0,1,4.4,5.5,1,5.4,58.8
843,C,0,0,5.8,7.0,0,6.0,31.3
843,D,0,0,5.2,6.0,0,6.6,29.7
844,A,1,0,5.9,4.0,0,6.4,43.8
844,B,1,1,5.6,4.5,0,5.4,59.2
844,C,1,0,4.8,7.5,0,3.6,43.2
844,D,1,0,4.2,5.9,0,7.1,45.3
845,A,1,0,9.4,5.2,0,7.6,53.7
845,B,1,0,7.3,1.3,0,6.9,42.5
845,C,0,0,5.3,3.4,0,6.9,26.0
845,D,1,1,4.6,5.9,0,7.5,63.3
846,A,1,1,6.5,5.7,0,5.7,63.2
846,B,0,1,6.4,4.1,1,7.3,63.0
846,C,0,0,3.8,8.5,0,7.0,32.2
846,D,0,1,3.8,6.1,0,5.9,43.0
847,A,1,1,4.4,5.9,1,7.7,80.0
847,B,0,0,5.3,4.3,1,5.8,42.3
847,C,1,1,5.7,7.0,1,8.4,85.2
847,D,1,0,4.3,6.3,0,6.9,45.8
848,A,0,1,5.0,3.0,0,4.8,38.0
848,B,1,0,4.2,4.0,1,6.0,57.0
848,C,1,0,6.7,5.5,0,7.1,48.8
848,D,1,1,8.2,5.7,1,7.9,86.3
849,A,1,0,3.8,5.9,0,6.7,44.0
849,B,1,0,5.1,4.7,1,5.6,59.0
849,C,0,0,6.5,6.8,0,4.1,29.0
849,D,1,1,7.5,4.4,0,6.2,63.5
850,A,0,0,4.2,6.5,1,8.2,48.2
850,B,1,0,6.4,3.0,1,4.5,56.5
850,C,0,1,7.7,2.8,1,6.7,62.0
850,D,1,1,5.9,4.7,0,6.1,61.2
851,A,0,1,8.4,5.4,0,7.2,51.7
851,B,1,0,6.1,5.1,0,5.0,43.7
851,C,1,0,6.3,5.9,0,5.5,46.2
851,D,1,1,7.1,6.2,1,8.3,86.0
852,A,1,1,4.1,4.6,1,6.4,75.2
852,B,1,1,6.0,5.3,1,6.1,79.0
852,C,0,0,7.2,5.9,1,6.9,50.0
852,D,0,1,6.4,4.0,0,5.7,43.5
853,A,1,0,5.4,6.3,0,5.3,45.0
853,B,1,1,5.5,3.1,0,8.0,61.0
853,C,1,1,5.8,6.8,0,6.7,65.5
853,D,0,1,4.6,5.7,1,6.2,60.8
854,A,0,1,7.1,6.2,1,7.3,67.7
854,B,0,0,2.9,2.3,0,5.8,18.3
854,C,1,0,7.1,6.9,0,5.0,48.3
854,D,0,0,7.7,2.9,0,6.9,29.2
855,A,1,0,5.1,5.2,1,4.5,58.0
855,B,1,1,4.8,3.6,0,5.1,55.8
855,C,0,0,7.7,7.3,0,5.4,34.0
855,D,1,1,6.1,6.2,1,6.8,81.8
856,A,0,0,6.9,4.8,0,6.0,29.5
856,B,1,0,6.1,5.6,0,7.3,48.3
856,C,0,1,5.7,5.5,0,5.4,44.3
856,D,1,0,5.2,5.7,1,8.1,65.0
857,A,0,0,7.2,5.3,1,5.5,46.7
857,B,0,0,4.8,7.9,1,7.5,50.3
857,C,1,1,5.9,5.0,0,4.8,59.5
857,D,0,0,6.0,4.7,1,4.9,42.7
858,A,0,1,6.9,7.0,1,5.9,66.3
858,B,0,0,5.8,3.4,0,6.7,26.5
858,C,1,0,6.8,8.4,0,5.5,51.2
858,D,1,1,6.1,3.5,0,6.8,60.7
859,A,0,0,6.8,7.6,1,6.6,51.7
859,B,0,1,5.3,4.8,0,5.4,42.5
859,C,0,1,6.0,6.0,0,6.5,47.5
859,D,0,1,7.3,5.6,1,7.5,67.3
860,A,0,0,4.5,5.7,0,6.0,27.0
860,B,1,1,6.0,4.6,0,7.8,64.0
860,C,1,1,6.7,4.3,1,8.1,81.8
860,D,1,0,7.7,5.3,1,7.1,66.8
861,A,1,0,6.7,5.3,0,6.9,48.2
861,B,1,0,6.1,4.8,1,5.7,61.0
861,C,0,0,7.1,6.1,1,6.3,49.2
861,D,1,1,7.3,3.8,1,7.2,80.5
862,A,1,0,5.0,5.4,1,5.8,60.3
862,B,1,0,6.0,3.3,0,7.0,43.8
862,C,0,0,9.0,6.1,0,5.3,34.0
862,D,1,1,6.7,4.9,1,8.0,82.7
863,A,0,0,6.6,7.0,0,7.5,35.2
863,B,1,1,3.1,5.5,0,6.1,57.8
863,C,0,1,3.7,4.8,1,7.5,60.0
863,D,0,0,5.3,6.1,0,6.6,30.0
864,A,0,0,4.7,3.5,0,5.2,22.3
864,B,1,1,5.3,4.3,1,5.4,75.0
864,C,0,1,7.4,5.9,0,5.2,47.5
864,D,1,1,6.4,3.1,1,6.0,75.8
865,A,1,0,2.6,4.1,1,7.9,57.7
865,B,1,0,5.3,3.9,1,6.0,58.7
865,C,1,1,7.4,6.1,1,5.7,82.0
865,D,0,1,7.2,4.3,0,4.5,43.3
866,A,0,0,6.8,3.9,0,8.0,31.2
866,B,1,1,8.0,4.9,1,6.1,81.7
866,C,1,0,7.8,4.8,1,6.4,65.0
866,D,1,1,6.7,6.2,1,7.8,84.5
867,A,0,0,5.6,4.4,0,2.6,21.0
867,B,0,0,5.9,3.0,1,5.8,41.2
867,C,1,1,7.5,6.1,0,4.2,63.0
867,D,1,0,7.8,3.7,1,6.2,62.8
868,A,1,0,7.1,5.6,0,6.4,48.5
868,B,1,0,3.6,1.1,1,6.7,52.3
868,C,0,0,5.8,5.7,1,5.5,45.0
868,D,0,0,6.8,4.6,0,5.1,27.5
869,A,1,1,3.1,4.3,0,6.0,55.7
869,B,0,1,6.5,6.0,1,7.1,66.0
869,C,1,1,6.0,4.4,0,5.1,59.2
869,D,0,0,4.1,6.5,1,5.8,44.0
870,A,1,0,6.6,7.0,0,4.6,47.0
870,B,1,1,6.7,7.3,0,6.1,66.8
870,C,1,1,5.1,5.4,0,4.3,58.0
870,D,1,1,5.7,3.1,1,7.9,77.8
871,A,1,0,4.4,2.4,1,6.1,54.8
871,B,1,0,5.0,5.7,1,8.0,64.5
871,C,1,1,6.9,4.1,1,5.2,77.0
871,D,1,1,7.1,3.3,0,7.5,63.2
872,A,1,0,5.5,4.4,0,5.1,41.7
872,B,1,0,6.3,4.8,1,3.5,57.7
872,C,1,0,6.3,7.7,1,5.5,65.8
872,D,1,0,5.3,2.3,1,7.4,58.3
873,A,0,1,4.6,6.8,1,7.3,64.5
873,B,1,1,4.7,3.4,1,5.9,73.3
873,C,1,0,6.8,6.4,0,6.1,48.8
873,D,1,0,6.1,5.6,0,5.1,44.7
874,A,0,0,3.8,6.1,1,4.7,41.0
874,B,0,0,6.0,3.6,0,5.3,24.8
874,C,1,1,6.4,5.5,0,5.9,63.0
874,D,1,0,4.8,7.1,0,7.6,49.2
875,A,0,0,4.7,5.6,1,8.0,47.2
875,B,1,0,6.0,3.5,0,3.9,39.0
875,C,1,1,3.0,5.7,0,6.4,58.5
875,D,1,1,7.6,3.7,0,6.2,62.5
876,A,0,0,4.8,5.3,1,5.9,43.3
876,B,1,1,4.6,4.2,0,5.4,57.0
876,C,0,1,4.3,5.4,0,6.2,43.2
876,D,1,0,6.1,6.1,1,5.8,63.3
877,A,0,0,5.2,5.7,1,4.9,43.0
877,B,0,1,5.3,3.9,1,6.6,59.7
877,C,1,0,7.5,5.3,0,7.5,50.5
877,D,0,1,6.9,5.3,0,5.2,45.7
878,A,1,0,4.3,5.2,1,5.7,58.7
878,B,1,1,5.3,5.4,1,5.9,77.7
878,C,0,1,6.6,6.9,1,6.3,66.3
878,D,0,0,6.4,4.5,0,7.4,30.5
879,A,1,0,4.0,6.7,0,7.7,47.3
879,B,0,0,7.6,6.8,1,5.5,49.8
879,C,0,0,6.9,5.4,0,5.5,29.7
879,D,1,0,8.7,6.4,0,8.2,55.5
880,A,1,1,6.5,2.4,1,5.5,74.0
880,B,0,1,6.5,3.2,0,6.8,44.2
880,C,1,0,7.3,5.3,0,6.9,49.2
880,D,1,0,6.2,5.1,0,6.6,46.5
881,A,1,0,6.5,2.8,0,7.8,45.2
881,B,1,0,4.2,4.2,1,4.9,55.5
881,C,1,1,6.3,6.1,0,6.3,64.5
881,D,0,1,5.4,5.6,0,5.6,44.3
882,A,0,1,7.3,7.2,0,7.3,53.0
882,B,1,0,6.2,3.4,1,5.1,57.8
882,C,1,1,4.8,6.9,1,6.6,80.5
882,D,0,0,4.6,8.3,1,6.9,49.7
883,A,1,0,4.1,6.6,1,6.0,61.2
883,B,0,0,5.5,1.8,1,5.5,38.0
883,C,1,0,4.4,6.5,0,7.1,46.7
883,D,0,1,4.4,5.4,0,6.9,44.5
884,A,1,0,7.9,6.7,0,6.6,52.0
884,B,1,0,4.9,3.4,1,4.2,54.2
884,C,1,0,8.4,5.0,0,6.8,50.3
884,D,1,1,8.1,4.3,1,6.2,81.0
885,A,0,1,5.0,3.8,1,6.3,58.5
885,B,0,1,5.7,2.7,0,6.0,40.7
885,C,1,0,7.3,7.8,0,4.5,49.3
885,D,0,1,6.1,6.6,0,5.2,46.5
886,A,0,1,5.1,5.8,1,7.4,63.8
886,B,1,0,4.7,1.8,1,4.2,51.2
886,C,1,0,5.2,5.7,0,6.9,46.3
886,D,1,1,6.8,3.9,1,6.5,78.7
887,A,1,0,7.2,5.4,1,4.5,61.8
887,B,1,0,6.4,1.6,1,5.6,56.0
887,C,0,0,6.6,4.4,1,4.5,42.5
887,D,0,0,6.3,5.6,0,5.8,29.5
888,A,0,0,4.9,5.2,1,6.4,44.2
888,B,0,0,5.2,3.2,1,6.7,41.8
888,C,0,1,2.9,6.1,1,3.4,54.0
888,D,1,0,6.9,4.2,1,4.1,58.7
889,A,0,1,7.6,4.9,1,7.8,67.2
889,B,0,1,4.4,3.7,1,4.1,53.7
889,C,0,1,5.8,6.4,0,6.7,48.2
889,D,0,1,4.5,5.5,0,8.4,47.3
890,A,0,0,4.4,5.1,0,4.7,23.7
890,B,1,0,3.6,4.8,0,5.7,40.2
890,C,0,0,4.4,7.4,1,5.5,45.5
890,D,1,1,6.9,6.4,0,5.4,64.5
891,A,0,1,6.5,4.6,0,5.9,45.0
891,B,0,1,4.5,5.7,1,4.7,58.2
891,C,1,0,7.4,5.5,1,8.6,69.2
891,D,1,1,6.8,3.6,1,7.3,79.5
892,A,0,1,7.4,5.4,0,4.2,45.0
892,B,0,0,4.6,6.6,0,4.9,26.8
892,C,0,0,8.4,7.2,0,5.1,34.5
892,D,1,1,6.8,4.8,0,5.8,62.3
893,A,0,1,5.9,4.4,1,4.6,58.2
893,B,0,0,7.4,3.3,1,6.4,45.2
893,C,1,0,6.4,5.8,1,5.1,62.2
893,D,0,0,7.7,3.6,1,6.9,47.0
894,A,1,1,5.8,6.0,0,6.7,64.2
894,B,0,0,7.5,3.0,0,7.0,29.2
894,C,0,0,5.4,6.0,0,5.8,28.7
894,D,1,0,6.6,5.0,1,7.0,64.3
895,A,0,1,5.4,5.4,1,7.4,63.7
895,B,0,1,6.6,4.3,0,5.1,43.3
895,C,0,0,7.0,5.7,1,4.6,45.5
895,D,0,1,6.4,4.3,1,7.1,63.0
896,A,1,0,5.9,7.1,0,6.2,48.7
896,B,1,1,7.3,4.7,0,5.2,62.0
896,C,0,1,7.4,4.0,0,4.8,43.7
896,D,1,0,5.8,5.5,0,9.9,52.0
897,A,0,0,6.0,6.6,1,6.9,49.2
897,B,1,1,6.7,4.7,1,8.4,83.0
897,C,0,1,5.3,6.9,0,8.0,50.3
897,D,0,1,5.1,7.1,0,7.4,49.3
898,A,1,0,6.3,5.9,0,3.9,43.5
898,B,1,0,6.8,2.2,1,6.6,59.3
898,C,1,1,6.5,5.0,0,6.3,63.0
898,D,0,1,6.3,5.9,1,7.0,65.3
899,A,1,0,6.7,6.5,0,6.6,49.7
899,B,0,1,4.3,3.3,0,6.4,40.0
899,C,1,0,7.9,5.1,1,4.0,61.7
899,D,0,0,6.4,6.1,0,5.5,30.0
900,A,1,0,7.0,4.8,0,7.2,48.3
900,B,1,1,7.2,6.0,1,4.6,79.7
900,C,0,0,5.5,6.5,0,4.0,26.7
900,D,0,1,6.4,4.5,0,7.3,47.0
901,A,1,0,4.8,5.4,1,5.6,59.7
901,B,0,0,4.9,3.6,0,4.1,21.0
901,C,0,0,4.6,5.0,1,4.9,40.8
901,D,0,0,6.5,5.0,0,7.5,31.7
902,A,1,1,5.8,5.5,0,6.5,63.0
902,B,0,0,5.7,3.1,0,5.2,23.3
902,C,0,0,7.6,6.7,0,6.0,33.8
902,D,0,1,5.7,5.2,1,8.1,65.0
903,A,0,0,4.3,6.1,0,5.6,26.7
903,B,1,0,5.5,6.0,0,4.3,43.0
903,C,1,0,7.4,6.1,0,5.6,48.5
903,D,0,0,7.6,5.3,0,5.9,31.3
904,A,1,0,5.6,8.0,0,7.2,51.3
904,B,1,0,7.1,1.2,0,5.6,39.8
904,C,0,0,7.7,5.7,1,7.1,50.8
904,D,1,1,6.5,5.9,1,5.5,79.8
905,A,0,1,2.9,6.1,0,4.4,39.0
905,B,1,1,5.0,3.9,1,5.6,74.2
905,C,1,1,7.6,7.0,0,8.5,71.8
905,D,1,0,5.6,5.1,1,6.7,62.3
906,A,1,0,6.0,6.6,0,6.5,48.5
906,B,1,0,6.3,5.1,1,6.0,62.3
906,C,0,0,8.8,7.5,0,5.7,36.7
906,D,1,0,7.6,5.1,1,7.2,66.5
907,A,0,1,5.1,4.2,1,7.7,61.7
907,B,0,0,6.3,5.6,1,7.0,48.2
907,C,1,0,6.1,7.3,0,7.8,52.0
907,D,1,0,4.3,3.9,1,7.2,59.0
908,A,1,1,5.3,4.0,0,4.1,55.7
908,B,0,0,4.4,4.4,1,4.7,39.2
908,C,0,0,5.5,4.7,0,6.1,27.2
908,D,0,1,4.0,5.6,0,6.9,44.2
909,A,1,1,6.3,5.4,0,4.0,59.5
909,B,0,1,5.8,4.8,1,5.4,60.0
909,C,0,0,7.6,4.4,1,5.4,45.7
909,D,0,0,5.0,2.6,1,9.2,44.7
910,A,1,0,8.0,4.5,1,6.8,65.5
910,B,0,0,4.8,2.9,1,3.5,35.3
910,C,0,0,5.4,5.9,1,7.2,47.5
910,D,0,1,5.4,5.5,0,7.5,47.3
911,A,0,0,5.4,4.2,0,7.4,28.3
911,B,1,1,5.4,3.1,1,5.4,73.2
911,C,1,1,7.4,6.5,0,8.5,70.7
911,D,0,1,5.4,5.1,0,7.7,47.0
912,A,0,0,6.4,6.7,0,6.3,32.3
912,B,0,0,6.0,4.0,1,6.2,43.7
912,C,1,0,6.1,6.2,1,8.5,68.0
912,D,1,1,7.3,4.2,0,7.7,65.3
913,A,0,0,5.1,4.8,0,6.5,27.3
913,B,1,0,5.7,4.5,1,2.3,54.2
913,C,1,1,5.1,6.5,0,6.9,64.2
913,D,0,1,6.7,5.3,0,3.7,42.8
914,A,1,1,5.4,3.7,0,6.0,58.5
914,B,0,1,6.0,4.5,0,3.9,40.7
914,C,1,0,4.6,5.0,0,7.3,44.8
914,D,0,1,3.5,4.3,1,9.1,61.5
915,A,0,0,6.4,6.6,1,7.5,50.8
915,B,1,1,3.6,3.2,0,4.5,52.2
915,C,1,0,6.6,4.6,0,8.0,48.7
915,D,0,0,4.9,5.8,1,7.0,46.2
916,A,1,0,6.4,5.2,0,6.8,47.3
916,B,1,1,6.1,6.1,1,6.0,80.3
916,C,0,0,7.3,6.8,0,7.4,35.8
916,D,1,0,4.6,5.0,1,8.0,62.7
917,A,1,1,6.0,2.7,1,7.0,76.2
917,B,0,0,6.2,4.4,1,5.5,43.5
917,C,1,1,4.6,8.1,0,5.9,64.3
917,D,0,0,4.5,4.3,0,5.5,23.8
918,A,0,0,6.8,4.2,0,4.0,25.0
918,B,1,0,3.1,5.4,1,5.3,56.3
918,C,0,1,4.8,7.7,0,7.1,49.3
918,D,1,0,5.1,2.2,0,8.7,43.3
919,A,0,0,6.4,5.2,0,6.9,30.8
919,B,1,0,4.6,1.7,0,5.8,36.8
919,C,1,0,7.7,6.7,0,7.5,53.2
919,D,0,1,7.6,3.8,0,8.8,50.3
920,A,0,0,6.9,5.1,1,5.4,45.7
920,B,1,1,6.3,4.8,0,4.5,59.3
920,C,0,0,7.3,5.7,0,5.3,30.5
920,D,0,1,9.5,6.4,0,7.5,55.7
921,A,0,0,6.3,4.8,0,6.3,29.0
921,B,0,1,4.4,4.4,0,3.2,36.7
921,C,1,0,7.5,6.0,0,6.1,49.3
921,D,0,0,5.1,4.2,0,7.5,28.0
922,A,1,0,3.4,6.9,1,4.1,57.3
922,B,1,0,9.3,3.5,0,6.3,48.5
922,C,1,0,6.4,4.7,0,5.8,44.8
922,D,1,0,4.0,6.3,1,5.4,59.5
923,A,0,0,4.4,6.3,1,5.0,42.8
923,B,1,1,7.3,3.5,1,8.3,81.8
923,C,1,0,6.8,7.4,0,5.8,50.0
923,D,1,0,5.8,3.8,0,5.6,42.0
924,A,0,0,9.6,4.3,0,3.9,29.7
924,B,1,1,7.5,5.8,1,6.3,82.7
924,C,1,0,7.6,4.4,0,7.6,49.3
924,D,1,0,2.9,7.2,1,6.6,61.2
925,A,1,1,4.7,5.5,1,4.9,75.2
925,B,0,0,5.6,4.5,1,6.0,43.5
925,C,1,0,7.5,7.1,1,4.2,64.7
925,D,0,1,5.6,6.4,1,7.8,66.3
926,A,0,1,6.0,3.2,0,4.3,39.2
926,B,1,0,6.7,6.5,1,7.5,67.8
926,C,1,0,7.8,5.3,0,5.2,47.2
926,D,0,0,5.5,3.7,1,5.4,41.0
927,A,1,1,4.9,5.5,1,5.4,76.3
927,B,0,0,5.9,3.8,0,6.6,27.2
927,C,0,1,4.3,7.4,1,6.0,62.8
927,D,1,0,6.5,5.6,1,6.3,64.0
928,A,1,0,7.8,6.4,0,6.9,51.8
928,B,0,0,5.8,3.3,1,7.3,44.0
928,C,1,1,5.5,3.1,0,7.8,60.7
928,D,0,0,6.0,5.1,1,7.6,47.8
929,A,0,1,5.7,4.1,1,8.2,63.3
929,B,1,1,6.9,3.7,1,7.9,80.8
929,C,0,1,6.7,5.8,0,5.7,47.0
929,D,0,0,7.6,5.1,0,7.6,33.8
930,A,0,0,6.3,3.0,1,5.9,42.0
930,B,1,0,7.1,2.1,1,3.6,54.7
930,C,1,0,8.0,3.9,0,4.9,44.7
930,D,0,0,4.9,4.6,1,7.7,45.3
931,A,0,0,7.6,7.7,1,7.2,54.2
931,B,1,0,5.2,4.2,0,7.5,44.8
931,C,0,0,3.0,5.7,1,5.7,40.7
931,D,1,0,4.3,5.1,0,8.0,45.7
932,A,0,0,6.7,6.1,0,7.3,33.5
932,B,0,1,7.1,6.3,1,4.0,62.3
932,C,0,0,5.0,4.8,0,4.6,24.0
932,D,0,0,8.0,6.5,0,5.5,33.3
933,A,1,0,6.3,5.7,0,6.6,47.7
933,B,0,1,5.7,4.4,1,6.4,60.8
933,C,1,1,4.2,8.1,0,6.7,65.0
933,D,0,1,5.6,2.9,1,5.8,57.2
934,A,1,0,6.0,7.2,0,6.7,49.8
934,B,0,1,6.4,4.4,1,5.4,60.3
934,C,0,0,6.2,6.3,1,5.8,47.2
934,D,0,1,7.6,6.9,0,7.8,53.8
935,A,0,0,3.0,6.1,0,7.4,27.5
935,B,0,1,5.1,4.2,1,4.2,55.8
935,C,0,0,7.4,6.8,0,5.5,32.8
935,D,1,0,5.3,5.0,1,6.3,61.0
936,A,0,0,7.5,4.5,0,5.0,28.3
936,B,0,1,5.8,1.8,1,6.3,56.5
936,C,0,0,5.9,8.4,0,8.0,37.2
936,D,1,1,5.3,6.4,0,8.1,66.3
937,A,1,0,6.4,6.4,1,5.8,64.3
937,B,0,1,5.6,5.8,1,4.3,59.5
937,C,0,0,6.2,7.2,1,7.4,51.3
937,D,1,0,6.9,2.4,0,5.7,41.7
938,A,1,0,6.1,4.5,0,5.8,44.0
938,B,1,0,4.3,3.3,0,4.3,36.5
938,C,0,0,6.8,7.5,0,7.0,35.5
938,D,1,0,6.7,3.3,0,8.4,47.3
939,A,0,0,8.3,4.9,0,6.7,33.2
939,B,1,1,4.7,4.0,1,6.3,75.0
939,C,0,1,9.2,7.8,0,6.4,55.7
939,D,0,0,6.5,2.9,1,7.6,45.0
940,A,0,1,5.1,4.2,0,4.2,39.2
940,B,1,0,5.1,4.5,0,3.2,38.0
940,C,1,0,9.0,4.4,0,10,55.7
940,D,1,1,7.3,2.7,0,1.9,53.2
941,A,1,1,6.1,6.0,0,5.2,62.2
941,B,0,0,4.8,5.2,1,5.9,43.2
941,C,0,0,5.6,7.1,0,3.6,27.2
941,D,0,0,5.9,6.9,0,6.5,32.2
942,A,1,1,3.4,6.0,0,5.6,58.3
942,B,1,0,4.4,3.0,1,7.9,58.8
942,C,1,0,6.8,4.1,0,6.5,45.7
942,D,0,1,7.6,4.1,1,7.2,64.8
943,A,0,0,7.2,3.9,0,7.1,30.3
943,B,0,1,3.9,2.8,1,6.6,55.5
943,C,1,0,6.6,4.9,1,6.6,63.5
943,D,1,1,7.0,6.2,1,5.7,81.5
944,A,0,1,8.5,4.3,0,4.7,45.8
944,B,1,0,3.1,3.6,1,6.5,55.3
944,C,0,1,5.4,5.2,1,8.0,64.3
944,D,1,0,7.6,4.9,1,8.3,68.0
945,A,0,1,7.3,4.1,1,7.2,64.3
945,B,1,0,4.0,3.7,1,6.0,56.2
945,C,1,0,6.4,7.8,0,5.3,49.2
945,D,1,1,7.7,4.6,1,7.0,82.2
946,A,1,0,5.0,7.9,1,5.6,64.2
946,B,0,0,7.0,4.3,0,6.1,29.0
946,C,0,1,6.9,6.2,0,8.1,52.0
946,D,0,1,4.8,6.3,0,5.7,44.7
947,A,1,0,5.2,4.1,1,8.4,62.8
947,B,0,0,4.9,7.1,0,6.8,31.3
947,C,1,0,6.7,4.9,0,6.0,46.0
947,D,1,0,5.8,4.1,1,4.4,57.2
948,A,0,0,6.2,7.3,0,7.5,35.0
948,B,0,1,4.7,1.2,0,4.5,34.0
948,C,0,1,8.2,4.6,1,7.4,67.0
948,D,1,0,5.6,4.4,0,5.0,41.7
949,A,1,1,7.3,3.3,1,5.8,77.3
949,B,1,1,4.8,3.0,0,7.0,58.0
949,C,1,0,6.5,7.5,1,7.9,69.8
949,D,1,1,5.7,6.8,0,4.4,61.5
950,A,1,1,4.5,6.8,0,6.2,62.5
950,B,1,1,6.2,3.6,1,4.8,74.3
950,C,1,0,7.4,6.1,0,5.8,48.8
950,D,1,1,7.5,2.6,0,7.3,62.3
951,A,0,1,5.1,6.5,1,5.1,61.2
951,B,1,0,4.7,3.5,0,5.6,39.7
951,C,0,1,6.4,8.3,0,5.2,49.8
951,D,1,1,6.1,2.3,1,7.1,75.8
952,A,0,0,7.0,4.9,1,5.8,46.2
952,B,1,1,6.1,3.6,0,7.4,61.8
952,C,1,1,10.0,3.1,1,6.2,82.2
952,D,0,0,5.4,2.3,0,5.8,22.5
953,A,1,1,4.5,5.3,0,7.2,61.7
953,B,1,0,5.5,6.0,0,7.5,48.3
953,C,1,0,5.8,5.7,0,7.6,48.5
953,D,1,0,6.7,5.8,1,5.5,63.3
954,A,0,0,4.6,5.6,1,7.9,46.8
954,B,1,1,4.3,3.3,1,7.3,74.8
954,C,1,0,5.4,5.6,1,5.3,60.5
954,D,0,0,6.2,6.4,0,4.7,28.8
955,A,1,1,8.0,6.1,0,6.6,67.8
955,B,0,1,6.4,5.6,0,5.7,46.2
955,C,0,0,5.6,5.2,0,5.6,27.3
955,D,1,1,6.9,5.1,1,5.4,79.0
956,A,0,0,5.3,4.8,1,6.0,43.5
956,B,1,1,5.4,2.6,0,3.1,51.8
956,C,1,1,8.2,8.2,0,5.5,69.8
956,D,1,1,5.0,1,0,5.8,53.0
957,A,1,0,6.8,2.2,1,5.5,57.5
957,B,0,0,6.7,3.6,0,6.0,27.2
957,C,0,1,3.2,5.6,0,4.8,39.3
957,D,1,0,8.0,6.6,1,6.5,68.5
958,A,1,0,2.7,6.1,0,6.9,42.8
958,B,0,0,3.6,1.9,1,4.5,33.3
958,C,0,0,5.2,5.9,0,7.8,31.5
958,D,1,1,7.8,5.4,0,5.8,65.0
959,A,1,1,3.5,6.2,1,7.4,78.5
959,B,1,0,6.8,4.3,0,4.1,42.0
959,C,0,1,7.2,4.9,1,6.5,64.3
959,D,1,0,5.8,4.8,1,5.9,60.8
960,A,1,0,5.3,5.9,0,5.1,43.8
960,B,1,0,5.6,4.3,1,4.6,57.5
960,C,1,1,5.6,3.4,0,4.6,56.0
960,D,0,0,6.6,5.5,1,10,53.5
961,A,1,0,6.2,6.2,1,5.2,62.7
961,B,1,0,6.1,6.2,1,6.2,64.2
961,C,0,0,5.7,4.8,1,6.2,44.5
961,D,0,1,5.6,5.4,1,5.9,61.5
962,A,0,0,6.1,3.0,0,5.6,24.5
962,B,1,1,4.7,5.3,0,4.8,58.0
962,C,1,0,5.9,4.5,1,7.7,63.5
962,D,1,0,7.8,6.2,0,5.9,49.8
963,A,0,0,7.2,4.1,0,6.6,29.8
963,B,1,1,4.2,4.1,1,5.5,73.0
963,C,0,1,8.1,5.2,0,4.3,46.0
963,D,0,0,4.4,4.6,0,5.6,24.3
964,A,0,0,6.0,4.8,1,5.6,44.0
964,B,1,0,5.9,3.5,0,4.3,39.5
964,C,0,1,5.7,6.9,0,6.3,48.2
964,D,0,1,7.6,5.0,1,5.0,62.7
965,A,0,0,6.6,6.5,1,5.2,47.2
965,B,0,1,5.7,6.9,1,4.4,61.7
965,C,0,0,7.9,7.9,1,7.4,55.3
965,D,1,1,7.5,4.5,1,7.1,81.8
966,A,0,0,3.6,4.2,0,7.6,25.7
966,B,1,0,4.9,4.7,1,6.2,59.7
966,C,1,1,6.6,4.9,0,5.2,61.2
966,D,1,0,6.4,5.2,0,5.5,45.2
967,A,0,1,6.7,7.8,0,8.1,54.3
967,B,1,0,5.9,3.4,1,6.2,59.2
967,C,1,0,7.5,6.9,0,5.3,49.5
967,D,1,0,3.9,7.7,1,6.8,64.0
968,A,1,0,5.3,5.0,1,5.3,59.3
968,B,1,1,5.5,3.4,1,3.5,70.7
968,C,1,1,4.3,5.7,0,8.6,64.3
968,D,1,0,7.8,6.1,1,7.5,69.0
969,A,0,1,6.6,6.6,0,4.6,46.3
969,B,1,0,5.8,3.9,1,6.0,59.5
969,C,1,1,7.0,8.2,0,5.5,67.8
969,D,0,1,6.5,2.7,1,6.2,59.0
970,A,1,0,5.8,5.6,1,5.3,61.2
970,B,1,0,4.2,3.5,1,5.7,55.7
970,C,1,0,7.0,5.0,0,6.6,47.7
970,D,1,0,5.8,2.4,1,7.1,58.8
971,A,0,1,7.2,5.5,0,8.2,51.5
971,B,1,1,6.2,5.8,0,7.3,65.5
971,C,1,0,6.5,6.8,1,5.4,64.5
971,D,1,0,7.1,3.2,1,6.5,61.3
972,A,0,0,5.3,2.8,0,4.6,21.2
972,B,1,1,5.9,1.8,0,4.5,53.7
972,C,1,0,6.9,6.2,1,7.0,66.8
972,D,1,1,5.3,4.4,0,7.6,62.2
973,A,0,0,5.6,6.5,1,4.8,44.8
973,B,0,1,5.7,3.2,1,5.6,57.5
973,C,1,0,6.8,6.2,1,5.3,63.8
973,D,1,0,6.7,1.8,0,8.7,45.3
974,A,1,0,5.5,3.1,0,7.0,42.7
974,B,1,1,5.5,5.2,1,6.8,79.2
974,C,1,1,5.1,7.0,0,4.0,60.2
974,D,0,0,6.2,6.9,1,5.4,47.5
975,A,1,1,4.8,6.7,0,7.4,64.8
975,B,1,0,3.6,1.7,0,6.6,36.5
975,C,1,0,6.8,2.7,1,5.9,59.0
975,D,0,0,6.6,4.2,1,8.1,48.2
976,A,0,1,5.0,5.9,0,6.7,46.0
976,B,0,1,6.6,5.1,1,6.0,62.8
976,C,0,1,5.4,5.3,0,6.8,45.8
976,D,0,0,6.9,4.5,1,8.4,49.7
977,A,1,0,5.5,5.1,1,7.3,63.2
977,B,0,0,5.4,1.6,0,3.7,17.8
977,C,1,1,7.5,7.6,0,5.0,66.8
977,D,1,0,5.8,4.3,0,7.9,46.7
978,A,0,0,5.6,8.2,1,5.4,48.7
978,B,0,1,5.0,5.0,1,5.4,59.0
978,C,0,0,7.2,5.7,0,4.6,29.2
978,D,1,0,5.8,6.4,1,7.2,65.7
979,A,0,1,5.9,6.3,1,6.0,63.7
979,B,1,1,6.3,5.2,1,6.0,79.2
979,C,1,1,4.5,5.8,1,6.3,77.7
979,D,1,1,9.3,5.6,1,7.3,87.0
980,A,0,0,6.7,6.2,1,6.1,48.3
980,B,0,0,6.0,4.0,1,7.7,46.2
980,C,1,0,7.2,6.1,0,6.9,50.3
980,D,0,0,6.8,6.3,1,8.5,52.7
981,A,1,1,7.3,5.5,1,3.9,77.8
981,B,0,0,6.6,3.4,1,6.6,44.3
981,C,1,0,8.2,6.5,0,8.1,54.7
981,D,1,1,6.4,4.7,1,8.8,83.2
982,A,0,0,7.0,6.1,0,7.6,34.5
982,B,1,1,6.5,3.4,1,5.9,76.3
982,C,1,1,3.6,5.5,1,4.8,73.2
982,D,1,0,5.5,3.8,1,7.1,60.7
983,A,1,0,5.1,7.6,1,8.0,67.8
983,B,0,1,6.2,1.9,1,5.2,55.5
983,C,0,0,5.9,8.5,0,5.1,32.5
983,D,0,1,5.9,4.9,1,8.0,64.7
984,A,1,0,4.1,7.1,0,7.1,47.2
984,B,1,1,3.5,4.9,1,8.2,77.7
984,C,1,1,7.0,5.7,1,5.8,80.8
984,D,0,0,10,4.1,0,8.2,37.2
985,A,0,0,8.4,8.0,1,7.2,56.0
985,B,1,0,5.1,3.8,1,4.9,56.3
985,C,0,0,6.2,7.7,0,4.9,31.3
985,D,0,1,5.6,3.3,1,8.6,62.5
986,A,0,1,7.2,4.7,1,7.1,65.0
986,B,0,1,3.5,3.8,1,6.7,56.7
986,C,1,0,6.8,6.0,0,6.7,49.2
986,D,1,1,6.5,4.4,0,6.2,61.8
987,A,1,1,5.0,5.6,0,6.0,61.0
987,B,1,0,2.7,6.5,0,4.8,40.0
987,C,1,1,6.0,5.7,0,7.1,64.7
987,D,0,0,4.1,5.2,0,8.8,30.2
988,A,0,0,6.9,5.7,1,4.9,45.8
988,B,0,0,4.3,5.1,1,5.6,41.7
988,C,1,0,7.4,5.1,0,5.0,45.8
988,D,1,1,5.0,7.1,1,4.7,78.0
989,A,0,0,5.8,5.0,0,6.7,29.2
989,B,1,0,7.2,3.8,1,6.2,62.0
989,C,1,0,7.8,7.4,1,8.0,72.0
989,D,0,1,7.6,3.0,0,9.7,50.5
990,A,0,0,6.2,4.3,0,6.1,27.7
990,B,1,1,6.6,3.2,1,5.2,75.0
990,C,1,1,8.3,4.9,0,5.7,64.8
990,D,1,0,6.8,5.9,0,5.2,46.5
991,A,0,1,6.4,4.3,0,7.1,46.3
991,B,1,1,6.6,3.7,0,7.3,62.7
991,C,1,1,6.5,7.5,0,5.9,66.5
991,D,1,1,5.9,3.2,0,8.5,62.7
992,A,0,0,5.7,4.0,1,5.0,41.2
992,B,1,0,6.8,4.8,1,4.3,59.8
992,C,1,1,6.6,5.6,0,7.5,66.2
992,D,0,0,4.4,5.7,1,8.8,48.2
993,A,1,0,6.4,7.2,1,6.8,67.3
993,B,1,1,5.9,4.4,1,4.9,75.3
993,C,0,0,4.9,6.3,1,5.6,44.7
993,D,0,0,6.9,6.8,1,6.2,49.8
994,A,1,0,5.6,7.3,0,5.4,47.2
994,B,1,1,3.3,1.0,0,8.0,53.8
994,C,0,0,7.6,5.4,1,5.5,47.5
994,D,0,1,8.1,4.0,0,7.1,48.7
995,A,0,1,4.8,5.2,0,7.4,45.7
995,B,1,0,6.2,4.0,1,4.2,57.3
995,C,1,0,6.7,5.9,1,4.4,61.7
995,D,1,1,6.1,4.7,1,7.6,80.7
996,A,1,0,5.7,6.0,0,6.4,46.8
996,B,0,0,3.6,3.3,1,6.8,39.5
996,C,0,0,5.2,3.3,0,5.3,23.0
996,D,1,0,8.2,8.9,1,7.5,74.3
997,A,1,0,6.2,1.7,1,5.5,55.7
997,B,0,1,5.3,5.1,1,6.2,61.0
997,C,1,0,7.5,3.7,0,6.4,46.0
997,D,1,1,5.7,7.0,1,7.9,84.3
998,A,1,0,7.4,1.3,0,6.0,41.2
998,B,0,0,4.9,4.1,0,7.7,27.8
998,C,1,1,5.6,5.5,0,6.1,62.0
998,D,1,1,6.2,6.6,1,5.8,81.0
999,A,0,0,5.1,4.4,0,4.7,23.7
999,B,1,1,6.6,4.1,1,5.1,76.3
999,C,1,0,4.3,4.3,0,6.4,41.7
999,D,0,1,4.8,6.8,0,8.3,49.8
1000,A,0,0,5.4,5.8,1,9.0,50.3
1000,B,1,0,4.3,3.5,0,5.5,38.8
1000,C,0,1,6.2,6.2,0,6.5,48.2
1000,D,1,0,4.4,5.3,1,8.6,63.8
1001,A,0,0,7.5,4.9,1,6.4,48.0
1001,B,1,0,5.5,3.3,0,6.1,41.5
1001,C,1,0,3.7,7.4,0,5.4,44.2
1001,D,1,0,6.5,3.3,0,6.7,44.2
1002,A,1,0,5.4,4.4,0,5.2,41.7
1002,B,1,1,6.4,2.7,1,4.7,73.0
1002,C,1,0,6.7,7.7,1,7.0,69.0
1002,D,0,1,4.2,5.8,0,7.4,45.7
1003,A,0,0,6.4,7.3,1,6.2,49.8
1003,B,1,1,5.6,4.5,0,4.8,58.2
1003,C,1,0,6.2,5.0,0,4.6,43.0
1003,D,1,1,6.0,4.1,1,8.2,80.5
1004,A,1,1,7.0,4.8,1,8.3,83.5
1004,B,0,0,2.2,3.5,1,7.3,38.3
1004,C,1,1,7.4,3.5,1,5.4,77.2
1004,D,1,0,6.0,4.1,1,4.2,57.2
1005,A,0,1,6.2,6.7,0,7.8,51.2
1005,B,0,1,3.9,1.3,1,4.3,49.2
1005,C,1,1,7.1,6.8,0,8.4,70.5
1005,D,1,0,4.4,5.3,1,6.4,60.2
1006,A,1,0,5.6,4.6,0,8.4,47.7
1006,B,0,1,5.8,3.6,0,6.3,42.8
1006,C,1,1,6.8,6.7,0,7.4,68.2
1006,D,0,1,6.7,5.7,0,7.5,49.8
1007,A,1,0,4.0,7.6,0,5.7,45.5
1007,B,1,1,5.6,5.3,1,6.8,79.5
1007,C,0,1,8.3,5.2,1,6.6,66.8
1007,D,1,1,5.9,6.5,1,6.1,80.8
1008,A,0,1,5.5,3.6,1,3.8,54.8
1008,B,0,1,5.3,4.6,0,7.3,45.3
1008,C,1,0,4.5,7.5,1,6.7,64.5
1008,D,1,0,7.0,6.5,1,7.3,68.0
1009,A,1,1,5.2,6.2,1,6.9,80.5
1009,B,1,0,5.5,5.3,1,7.9,64.5
1009,C,1,1,8.5,6.1,0,7.9,70.8
1009,D,1,1,6.4,5.0,0,4.3,59.5
1010,A,0,0,6.9,2.8,1,4.6,40.5
1010,B,1,1,5.8,3.9,0,3.3,55.0
1010,C,1,1,6.8,5.7,1,4.1,77.7
1010,D,0,1,6.2,6.7,0,7.1,50.0
1011,A,0,0,3.7,6.0,0,5.2,24.8
1011,B,1,0,5.3,5.0,0,7.9,47.0
1011,C,1,0,6.1,5.7,0,5.6,45.7
1011,D,1,1,6.5,4.4,0,8.9,66.3
1012,A,0,1,4.0,5.0,0,5.4,40.7
1012,B,1,0,5.5,3.0,1,5.9,57.3
1012,C,0,0,6.2,4.2,0,6.3,27.8
1012,D,1,1,5.3,3.6,0,5.7,57.7
1013,A,1,0,7.1,4.7,1,7.0,64.7
1013,B,0,0,6.5,2.7,1,6.1,42.2
1013,C,1,0,6.0,5.3,0,7.3,47.7
1013,D,1,0,5.5,4.4,1,6.5,60.7
1014,A,0,0,7.0,5.8,0,5.6,30.7
1014,B,1,1,5.6,4.6,0,7.6,63.0
1014,C,0,0,4.7,5.3,1,5.5,42.5
1014,D,1,1,7.8,5.8,1,7.1,84.5
1015,A,0,0,6.9,7.2,0,5.1,32.0
1015,B,1,1,5.5,2.5,1,5.5,72.5
1015,C,1,1,6.5,5.1,0,5.9,62.5
1015,D,1,1,5.9,4.4,1,7.1,79.0
1016,A,0,0,5.1,4.7,0,7.3,28.5
1016,B,0,1,4.9,4.4,1,4.3,56.0
1016,C,0,0,7.7,5.7,1,8.2,52.7
1016,D,1,0,5.4,4.5,1,4.0,56.5
1017,A,1,0,6.4,5.3,1,4.9,61.0
1017,B,0,1,5.4,4.7,1,6.4,60.8
1017,C,0,0,7.5,7.5,0,7.1,36.8
1017,D,0,1,6.7,2.9,0,5.7,42.2
1018,A,0,0,5.0,6.4,0,5.7,28.5
1018,B,1,0,5.3,3.4,1,5.0,56.2
1018,C,0,1,8.6,6.4,0,5.2,50.3
1018,D,1,1,4.6,4.5,0,8.2,62.2
1019,A,0,1,4.2,6.9,0,5.3,44.0
1019,B,1,1,5.0,3.8,1,6.3,75.2
1019,C,1,1,5.4,3.0,1,6.0,74.0
1019,D,0,0,8.2,6.8,0,7.6,37.7
1020,A,0,0,5.7,5.7,1,4.6,43.3
1020,B,0,0,5.7,3.1,1,6.7,42.5
1020,C,0,0,6.3,6.2,1,6.1,47.7
1020,D,0,1,6.2,5.3,0,7.7,48.7
1021,A,1,0,4.5,5.0,0,6.0,42.5
1021,B,1,0,4.6,4.6,1,5.3,57.5
1021,C,1,0,8.4,4.9,0,6.2,49.2
1021,D,1,1,8.3,3.0,0,4.4,59.5
1022,A,1,1,5.5,3.6,0,9.2,63.8
1022,B,1,1,5.1,2.6,1,4.8,70.8
1022,C,1,0,6.0,5.5,0,8.2,49.5
1022,D,0,0,5.6,5.5,0,5.8,28.2
1023,A,0,0,8.2,6.4,1,7.8,54.0
1023,B,1,1,7.2,4.2,0,6.5,63.2
1023,C,1,0,4.3,7.3,0,6.2,46.3
1023,D,1,1,6.3,4.1,0,5.7,60.2
1024,A,1,0,7.0,6.0,0,6.7,49.5
1024,B,0,0,6.0,3.7,0,5.5,25.3
1024,C,1,1,5.8,7.6,1,7.5,84.8
1024,D,1,1,4.6,6.6,1,6.4,79.3
1025,A,0,0,7.2,3.6,0,6.9,29.5
1025,B,1,0,5.2,5.9,0,7.1,47.0
1025,C,0,0,7.8,3.7,0,7.3,31.3
1025,D,0,1,6.4,4.0,1,5.7,60.2
1026,A,1,0,4.5,7.9,0,7.3,49.5
1026,B,0,0,6.0,4.7,0,6.6,28.8
1026,C,0,1,5.9,5.7,0,4.2,43.0
1026,D,1,1,7.2,4.0,0,7.3,64.2
1027,A,0,0,4.6,5.1,0,7.5,28.7
1027,B,0,1,4.2,2.5,1,4.1,51.3
1027,C,0,1,5.7,8.1,0,6.1,49.8
1027,D,1,0,6.9,3.8,0,8.1,48.0
1028,A,1,0,4.9,5.0,0,4.8,41.2
1028,B,1,0,5.4,4.3,1,5.9,59.3
1028,C,0,0,6.4,6.1,0,7.2,32.8
1028,D,1,1,5.1,5.1,1,7.8,80.0
1029,A,0,1,5.0,4.4,1,7.9,62.2
1029,B,1,0,6.2,4.3,0,6.0,44.2
1029,C,0,0,5.8,5.6,0,7.8,32.0
1029,D,0,0,4.6,6.1,1,7.9,47.7
1030,A,0,1,5.4,6.4,1,5.6,62.3
1030,B,1,1,7.1,3.9,0,7.4,64.0
1030,C,1,0,5.8,5.2,0,6.8,46.3
1030,D,0,1,5.4,6.0,1,6.7,63.5
1031,A,1,0,7.4,5.0,0,8.1,50.8
1031,B,0,1,6.2,1.3,0,5.0,37.5
1031,C,0,1,6.5,6.1,0,6.3,48.2
1031,D,0,0,7.1,4.0,0,5.5,27.7
1032,A,0,1,6.0,5.6,1,6.6,63.7
1032,B,0,1,5.4,4.4,0,5.4,42.0
1032,C,1,0,8.7,8.5,0,6.8,56.7
1032,D,1,0,5.3,5.2,1,6.6,61.8
1033,A,0,1,5.1,4.6,0,8.3,46.7
1033,B,1,0,8.3,5.1,1,4.5,63.2
1033,C,0,1,7.7,5.9,0,4.8,47.3
1033,D,1,0,6.1,3.2,1,7.5,61.3
1034,A,1,1,5.8,4.4,0,5.6,59.7
1034,B,1,0,5.7,4.9,1,5.4,60.0
1034,C,1,1,2.8,6.7,1,4.4,73.2
1034,D,0,1,8.6,6.6,0,7.4,54.3
1035,A,1,0,6.4,5.7,0,5.7,46.3
1035,B,1,1,5.9,5.5,0,7.8,65.3
1035,C,1,0,6.5,3.9,0,7.4,46.3
1035,D,0,0,6.1,5.6,1,5.7,45.7
1036,A,0,0,5.9,5.9,0,5.1,28.2
1036,B,0,1,7.2,6.3,1,5.8,65.5
1036,C,0,0,4.1,5.2,0,6.8,26.8
1036,D,0,1,6.7,4.8,0,7.4,48.2
1037,A,1,1,7.7,5.3,1,4.5,79.2
1037,B,0,1,4.6,3.7,1,5.7,56.7
1037,C,0,0,4.4,6.5,0,5.8,27.8
1037,D,0,0,7.4,4.4,0,7.1,31.5
1038,A,1,0,7.1,6.5,1,6.8,67.3
1038,B,1,1,5.6,2.9,1,5.1,72.7
1038,C,1,0,8.3,4.0,0,4.9,45.3
1038,D,0,1,5.7,5.9,0,7.2,48.0
1039,A,1,1,5.6,3.8,1,7.0,77.3
1039,B,1,1,6.4,3.4,0,4.7,57.5
1039,C,1,1,8.3,6.1,0,6.8,68.7
1039,D,0,1,6.2,2.9,1,7.8,61.5
1040,A,0,0,5.5,3.0,1,5.9,40.7
1040,B,1,0,6.2,3.5,0,6.8,44.2
1040,C,1,0,6.0,8.0,0,7.8,53.0
1040,D,1,1,6.9,5.3,1,6.9,81.8
1041,A,0,0,9.0,5.6,0,7.8,37.3
1041,B,1,1,6.7,3.8,0,5.0,59.2
1041,C,0,0,5.2,7.3,0,6.3,31.3
1041,D,0,1,7.5,5.9,1,5.9,65.5
1042,A,0,0,7.1,4.9,0,6.0,30.0
1042,B,1,0,6.7,6.1,1,5.3,63.5
1042,C,1,0,5.8,4.7,0,5.6,43.5
1042,D,1,0,5.8,3.7,0,8.2,46.2
1043,A,1,0,6.1,5.5,0,6.6,47.0
1043,B,1,1,5.6,3.8,1,6.5,76.5
1043,C,1,0,5.3,7.0,0,7.0,48.8
1043,D,0,1,7.4,5.4,0,6.9,49.5
1044,A,1,0,3.3,6.2,1,6.1,59.3
1044,B,1,1,4.3,5.9,0,6.1,60.5
1044,C,1,0,6.4,5.1,1,8.0,65.8
1044,D,1,0,4.9,4.2,0,7.0,43.5
1045,A,1,0,5.4,8.8,0,5.9,50.2
1045,B,1,1,5.9,5.6,1,6.9,80.7
1045,C,0,1,5.7,5.6,1,5.6,61.5
1045,D,1,1,8.1,7.3,1,7.4,88.0
1046,A,0,0,7.2,5.1,0,6.4,31.2
1046,B,0,1,4.9,4.9,1,6.2,60.0
1046,C,1,0,7.0,4.6,1,6.2,63.0
1046,D,0,0,6.6,4.7,0,8.8,33.5
1047,A,0,0,5.4,5.2,1,5.7,43.8
1047,B,0,0,5.0,4.1,1,4.0,38.5
1047,C,0,1,5.7,7.9,1,6.2,66.3
1047,D,0,0,6.1,6.0,0,8.0,33.5
1048,A,1,0,4.3,4.8,1,6.1,58.7
1048,B,0,1,9.8,4.3,1,4.9,65.0
1048,C,1,1,7.0,6.5,0,5.0,64.2
1048,D,1,0,5.7,6.0,0,6.0,46.2
1049,A,0,0,5.0,5.8,1,8.8,49.3
1049,B,1,1,6.4,2.1,1,4.8,72.2
1049,C,0,1,5.9,5.4,0,6.9,47.0
1049,D,1,0,5.4,4.8,1,6.5,61.2
1050,A,0,0,5.8,7.5,0,5.8,31.8
1050,B,1,1,3.8,4.1,1,6.6,74.2
1050,C,0,0,7.2,4.2,0,4.5,26.5
1050,D,1,0,8.1,6.2,1,7.6,69.8
1051,A,1,0,5.8,3.5,0,5.6,41.5
1051,B,0,0,5.5,2.2,1,5.9,39.3
1051,C,1,0,6.8,6.5,0,7.0,50.5
1051,D,0,1,1.9,6.4,1,6.5,58.0
1052,A,0,0,6.0,4.4,0,5.2,26.0
1052,B,1,1,5.8,5.7,1,5.9,79.0
1052,C,0,0,5.6,7.0,0,6.3,31.5
1052,D,1,1,6.0,4.9,0,7.7,64.3
1053,A,1,0,6.0,4.9,0,5.2,43.5
1053,B,0,0,6.7,4.7,1,5.6,45.0
1053,C,0,0,8.8,7.8,0,8.1,41.2
1053,D,0,0,6.3,6.0,1,7.4,49.5
1054,A,0,0,7.1,4.6,0,5.4,28.5
1054,B,1,0,5.4,3.4,1,5.4,57.0
1054,C,0,1,7.0,4.7,1,8.1,66.3
1054,D,1,0,8.3,4.3,0,7.4,50.0
1055,A,0,1,6.1,6.6,1,6.3,65.0
1055,B,1,0,8.5,5.7,1,6.8,68.3
1055,C,0,0,6.5,5.2,0,6.2,29.8
1055,D,1,0,5.6,5.1,1,7.4,63.5
1056,A,0,1,6.6,4.7,0,7.6,48.2
1056,B,0,1,4.1,5.4,1,8.5,63.3
1056,C,1,0,7.7,4.8,0,6.1,47.7
1056,D,0,0,4.9,6.1,1,8.0,48.3
1057,A,0,1,6.0,7.0,0,5.7,47.8
1057,B,1,0,6.7,5.9,1,7.6,67.0
1057,C,0,1,6.3,7.3,1,8.3,69.8
1057,D,1,0,7.4,5.0,0,7.5,49.8
1058,A,0,0,6.1,3.9,1,4.2,40.3
1058,B,1,1,7.5,3.1,0,5.9,60.8
1058,C,0,1,5.0,4.3,0,8.5,46.3
1058,D,0,0,7.4,6.6,0,8.7,37.8
1059,A,1,1,6.7,4.0,0,6.6,62.2
1059,B,1,0,5.1,3.6,0,7.1,43.0
1059,C,0,1,4.3,4.8,0,4.7,39.7
1059,D,1,1,4.2,5.6,1,5.3,75.2
1060,A,1,0,6.0,6.4,1,5.7,63.5
1060,B,1,1,4.5,6.0,0,4.6,58.5
1060,C,1,0,5.9,4.9,1,7.3,63.5
1060,D,0,1,5.5,6.0,0,5.4,44.8
1061,A,1,1,5.1,6.9,0,6.1,63.5
1061,B,0,0,3.9,7.1,1,4.5,42.5
1061,C,0,1,8.3,6.2,0,5.0,49.2
1061,D,1,0,7.9,5.4,1,7.9,68.7
1062,A,0,0,6.6,5.8,1,7.1,49.2
1062,B,0,0,4.5,3.2,1,5.7,39.0
1062,C,1,1,6.5,6.1,0,6.2,64.7
1062,D,1,0,7.4,3.1,1,7.1,62.7
1063,A,1,1,3.7,3.1,1,5.8,71.0
1063,B,0,0,3.2,4.8,1,4.0,36.7
1063,C,1,0,4.5,6.2,0,5.7,44.0
1063,D,1,1,5.6,4.1,0,6.3,60.0
1064,A,0,0,6.3,2.1,0,3.5,19.8
1064,B,0,0,4.8,3.5,1,7.6,43.2
1064,C,1,1,6.5,5.6,1,6.0,80.2
1064,D,1,0,5.6,5.5,0,6.8,46.5
1065,A,0,0,5.8,4.7,1,8.0,47.5
1065,B,0,1,5.8,3.8,1,7.3,61.5
1065,C,1,0,8.9,5.0,0,5.2,48.5
1065,D,0,1,6.1,5.1,0,8.4,49.3
1066,A,0,0,5.6,5.1,0,4.2,24.8
1066,B,1,1,5.3,4.0,0,4.6,56.5
1066,C,0,0,5.2,7.0,0,7.4,32.7
1066,D,0,0,8.0,5.9,1,6.3,50.3
1067,A,1,1,7.2,4.1,1,6.2,79.2
1067,B,0,0,5.2,5.6,1,5.8,44.3
1067,C,1,0,6.5,8.1,1,6.3,68.2
1067,D,1,0,6.1,6.0,0,7.1,48.7
1068,A,1,0,4.4,5.1,0,6.0,42.5
1068,B,0,0,5.8,1.5,0,3.8,18.5
1068,C,1,0,9.2,3.1,1,5.2,62.5
1068,D,1,1,6.5,3.9,1,4.4,74.7
1069,A,1,0,5.5,4.8,1,5.7,60.0
1069,B,0,0,4.3,3.3,1,6.8,40.7
1069,C,1,1,6.0,8.1,0,6.1,67.0
1069,D,1,1,6.2,3.1,1,6.5,76.3
1070,A,1,0,6.0,4.4,1,6.8,62.0
1070,B,0,1,5.0,3.6,1,7.6,60.3
1070,C,1,1,5.2,5.7,0,3.4,57.2
1070,D,0,0,7.1,3.1,1,5.4,42.7
1071,A,0,0,6.1,4.5,0,5.9,27.5
1071,B,1,0,7.8,3.8,1,7.4,65.0
1071,C,0,0,5.3,4.9,0,5.0,25.3
1071,D,0,1,4.1,4.2,0,6.8,41.8
1072,A,1,1,6.0,7.7,0,7.4,68.5
1072,B,0,0,5.0,4.5,1,3.4,38.2
1072,C,0,0,6.4,6.8,0,8.0,35.3
1072,D,1,0,7.1,3.4,0,6.2,44.5
1073,A,0,0,5.8,4.7,1,4.4,41.5
1073,B,1,0,4.3,6.9,0,5.7,44.8
1073,C,1,1,7.5,6.9,1,5.9,83.8
1073,D,0,0,4.3,5.1,1,7.0,44.0
1074,A,0,0,6.4,3.3,0,7.6,28.8
1074,B,1,1,5.3,3.7,1,6.6,76.0
1074,C,1,1,8.3,4.6,0,6.4,65.5
1074,D,1,0,5.5,5.5,0,7.8,48.0
1075,A,0,0,4.7,7.5,0,5.0,28.7
1075,B,0,1,3.9,3.9,0,4.7,37.5
1075,C,0,0,4.0,5.4,0,6.7,26.8
1075,D,1,1,6.5,5.3,1,6.5,80.5
1076,A,0,0,6.1,8.1,1,7.6,53.0
1076,B,1,0,3.9,4.3,0,4.3,37.5
1076,C,1,0,7.0,5.8,0,7.3,50.2
1076,D,1,0,6.7,4.2,1,6.8,62.8
1077,A,1,1,4.3,4.7,0,6.8,59.7
1077,B,1,0,5.5,3.8,1,5.5,58.0
1077,C,0,0,6.5,4.0,0,8.7,32.0
1077,D,0,0,6.9,3.4,1,6.3,44.3
1078,A,0,0,6.0,3.1,0,4.0,21.8
1078,B,1,1,6.9,3.8,1,7.7,80.7
1078,C,0,1,2.7,6.5,1,5.4,57.7
1078,D,0,1,6.6,3.7,0,6.3,44.3
1079,A,1,1,6.3,7.5,0,5.5,65.5
1079,B,1,0,3.1,3.2,1,5.3,52.7
1079,C,0,1,7.3,4.0,0,5.8,45.2
1079,D,0,0,5.7,3.6,1,7.2,44.2
1080,A,0,0,5.6,5.6,1,5.2,44.0
1080,B,0,1,5.2,2.9,1,6.3,57.3
1080,C,1,1,5.1,6.4,0,7.6,65.2
1080,D,0,0,6.7,4.7,1,6.8,47.0
1081,A,1,0,6.2,6.2,0,6.9,48.8
1081,B,0,1,6.3,4.8,1,4.6,59.5
1081,C,0,1,7.5,5.8,0,5.0,47.2
1081,D,1,0,8.5,5.4,0,7.3,52.0
1082,A,1,0,4.3,7.1,1,6.4,63.0
1082,B,1,1,4.9,2.9,1,5.5,72.2
1082,C,1,1,5.7,6.3,1,7.0,81.7
1082,D,1,1,5.9,6.8,0,6.2,64.8
1083,A,0,1,5.3,5.2,1,5.5,60.0
1083,B,0,0,6.4,3.5,1,4.5,40.7
1083,C,1,1,8.8,8.5,0,3.6,68.2
1083,D,0,1,5.1,9.1,1,7.2,69.0
1084,A,1,0,7.2,5.7,1,4.8,62.8
1084,B,1,0,7.4,3.9,1,6.4,62.8
1084,C,1,0,5.5,5.3,0,6.1,44.8
1084,D,1,0,5.4,4.8,0,7.8,46.7
1085,A,1,1,5.9,4.8,0,5.5,60.3
1085,B,0,0,5.9,4.5,0,6.8,28.7
1085,C,0,0,6.0,4.7,0,5.8,27.5
1085,D,1,1,7.5,3.6,1,6.9,80.0
1086,A,0,0,5.2,5.3,1,6.8,45.5
1086,B,1,0,5.7,5.3,0,6.2,45.3
1086,C,0,0,7.2,6.6,0,6.3,33.5
1086,D,1,0,6.0,4.0,1,7.3,62.2
1087,A,0,0,5.8,4.9,1,6.8,45.8
1087,B,0,0,5.0,1.9,1,7.1,40.0
1087,C,1,1,8.7,6.8,0,7.0,70.8
1087,D,1,0,5.9,5.1,0,5.2,43.7
1088,A,0,1,7.5,5.5,0,6.2,48.7
1088,B,0,0,6.3,5.2,1,4.3,43.0
1088,C,0,0,6.6,7.8,1,4.2,47.7
1088,D,1,0,6.2,4.5,1,6.7,62.3
1089,A,1,0,5.3,5.3,0,5.9,44.2
1089,B,0,0,6.2,4.7,1,5.6,44.2
1089,C,0,1,5.3,6.4,0,3.8,42.5
1089,D,1,1,5.5,4.0,0,8.8,63.8
1090,A,1,0,4.5,5.7,1,5.7,59.8
1090,B,1,0,8.6,4.2,1,4.7,62.5
1090,C,1,1,6.7,4.9,0,8.0,66.0
1090,D,0,1,6.1,3.6,0,6.3,43.3
1091,A,0,0,5.7,6.6,0,8.8,35.2
1091,B,0,0,4.8,3.3,1,7.5,42.7
1091,C,0,0,6.9,5.2,0,3.9,26.7
1091,D,1,0,7.3,3.9,0,7.5,47.8
1092,A,0,1,4.6,5.7,1,6.6,61.5
1092,B,0,1,4.3,3.1,0,4.9,37.2
1092,C,0,1,5.9,5.4,1,6.9,63.7
1092,D,1,0,5.7,6.1,1,6.3,63.5
1093,A,0,0,4.9,3.0,1,6.6,40.8
1093,B,1,1,3.1,5.0,0,5.8,56.5
1093,C,0,0,4.7,4.6,1,8.4,46.2
1093,D,1,0,5.6,4.1,0,10,49.5
1094,A,1,0,5.4,4.3,0,3.6,38.8
1094,B,1,0,4.9,3.6,1,4.2,54.5
1094,C,1,1,5.5,3.7,1,5.6,74.7
1094,D,0,0,6.2,3.8,0,4.4,24.0
1095,A,1,0,5.9,5.0,0,5.6,44.2
1095,B,1,1,5.3,2.5,1,5.9,72.8
1095,C,0,1,5.9,6.7,0,4.5,45.2
1095,D,0,0,2.8,6.1,0,6.1,25.0
1096,A,1,0,6.9,4.6,0,5.9,45.7
1096,B,1,0,6.2,5.8,1,9.1,68.5
1096,C,0,1,6.3,7.4,0,4.3,46.7
1096,D,1,0,5.8,3.0,0,7.2,43.3
1097,A,0,0,6.2,4.8,1,6.2,45.3
1097,B,1,1,4.7,4.4,1,3.7,71.3
1097,C,1,0,8.2,5.2,0,5.3,47.8
1097,D,1,0,5.9,3.1,0,5.9,41.5
1098,A,0,0,5.3,7.0,1,5.5,46.3
1098,B,0,0,5.4,5.8,1,6.0,45.3
1098,C,1,0,7.6,6.9,1,4.6,65.2
1098,D,1,0,4.7,4.5,0,8.1,45.5
1099,A,0,0,4.6,3.7,1,8.1,44.0
1099,B,0,0,5.7,5.6,1,4.8,43.5
1099,C,0,1,6.4,6.2,0,5.4,46.7
1099,D,0,1,5.6,3.3,1,9.0,63.2
1100,A,0,0,7.8,5.1,0,8.9,36.3
1100,B,0,0,5.0,3.8,1,5.8,41.0
1100,C,0,0,8.2,6.1,0,5.5,33.0
1100,D,1,1,6.6,3.0,1,5.6,75.3
1101,A,0,0,5.1,5.6,0,6.6,28.8
1101,B,1,1,5.6,4.5,0,3.2,55.5
1101,C,0,0,7.9,7.2,0,5.7,34.7
1101,D,0,1,4.0,6.4,0,7.0,45.7
1102,A,1,1,4.2,4.4,0,6.3,58.2
1102,B,1,1,6.2,4.6,1,7.3,80.2
1102,C,0,0,6.0,7.5,0,6.6,33.5
1102,D,1,1,5.2,4.3,0,6.9,60.7
1103,A,0,1,5.1,2.9,1,6.6,57.7
1103,B,0,0,5.1,5.1,1,4.8,41.7
1103,C,1,0,5.2,6.1,0,6.0,45.5
1103,D,0,0,7.8,5.7,1,6.9,50.7
1104,A,0,0,2.8,4.7,0,6.5,23.3
1104,B,0,1,5.6,4.1,1,8.6,63.8
1104,C,0,0,8.2,5.0,1,3.9,45.2
1104,D,1,1,7.7,2.3,1,6.7,77.8
1105,A,0,0,7.0,2.6,1,7.7,45.5
1105,B,1,1,7.0,4.5,0,6.3,63.0
1105,C,0,0,4.7,5.2,0,6.6,27.5
1105,D,0,1,4.8,5.3,1,2.7,54.7
1106,A,0,0,6.8,5.6,0,5.9,30.5
1106,B,1,1,5.7,2.0,1,6.5,73.7
1106,C,0,1,6.3,6.6,1,6.7,66.0
1106,D,1,1,7.3,5.8,1,6.1,82.0
1107,A,1,0,7.4,5.2,0,6.9,49.2
1107,B,0,1,7.1,3.9,1,8.0,65.0
1107,C,1,0,5.6,4.7,1,7.8,63.5
1107,D,1,1,9.0,5.7,1,4.3,81.7
1108,A,1,0,6.3,6.5,1,6.8,66.0
1108,B,1,0,5.0,3.7,1,6.9,59.3
1108,C,0,1,6.7,4.6,0,6.3,46.0
1108,D,0,0,7.7,6.0,1,4.9,47.7
1109,A,0,1,4.0,6.3,1,6.1,60.7
1109,B,0,0,4.6,3.3,1,6.7,41.0
1109,C,0,0,7.2,6.2,0,6.7,33.5
1109,D,1,1,7.0,5.1,1,5.2,78.8
1110,A,1,1,8.0,4.7,1,5.7,80.7
1110,B,1,0,4.9,5.2,1,4.2,57.2
1110,C,1,1,6.2,7.7,1,5.3,82.0
1110,D,1,1,6.4,5.0,1,6.0,79.0
1111,A,1,0,4.1,6.1,0,5.8,43.3
1111,B,1,0,6.2,5.2,1,5.3,61.2
1111,C,1,1,5.9,5.8,1,7.2,81.5
1111,D,1,1,4.1,4.2,0,5.5,56.3
1112,A,0,1,6.7,6.2,0,6.6,49.2
1112,B,1,1,4.8,6.8,0,4.9,60.8
1112,C,1,1,7.5,7.1,1,7.1,86.2
1112,D,0,0,7.4,4.1,0,6.0,29.2
1113,A,0,0,5.8,6.1,1,6.4,47.2
1113,B,1,1,6.5,6.1,1,5.2,79.7
1113,C,0,0,6.3,7.5,1,4.3,46.8
1113,D,1,0,6.6,6.2,0,6.5,48.8
1114,A,0,0,4.1,3.7,0,6.6,24.0
1114,B,0,0,5.6,3.2,0,6.2,25.0
1114,C,0,0,5.6,8.0,0,5.5,31.8
1114,D,1,0,5.7,4.3,0,6.0,43.3
1115,A,1,0,7.6,5.7,0,6.8,50.2
1115,B,0,0,5.0,4.4,1,4.1,39.2
1115,C,0,0,9.8,4.1,0,8.2,36.8
1115,D,1,0,5.1,5.6,0,6.2,44.8
1116,A,1,0,7.6,6.5,1,4.7,64.7
1116,B,0,0,5.6,3.3,1,5.2,40.2
1116,C,1,0,6.0,7.1,1,5.5,64.3
1116,D,0,1,7.7,5.2,1,4.1,61.7
1117,A,1,0,4.5,7.6,1,5.4,62.5
1117,B,1,0,7.2,4.9,1,8.5,67.7
1117,C,1,1,8.6,6.1,1,7.5,87.0
1117,D,1,0,6.8,6.3,0,7.4,50.8
1118,A,0,0,4.3,6.1,1,6.6,45.0
1118,B,1,1,7.8,6.6,1,6.6,85.0
1118,C,0,0,8.6,7.1,0,6.7,37.3
1118,D,0,0,6.9,6.7,1,8.1,52.8
1119,A,1,0,7.3,6.1,0,7.9,52.2
1119,B,1,0,4.8,2.7,1,7.2,57.8
1119,C,0,0,6.4,8.4,1,7.2,53.3
1119,D,0,0,5.8,4.2,1,5.3,42.2
1120,A,0,1,5.2,3.2,1,6.3,57.8
1120,B,1,0,3.5,3.7,0,3.2,34.0
1120,C,1,1,7.6,5.4,0,6.1,65.2
1120,D,0,0,6.4,5.3,0,6.4,30.2
1121,A,1,0,7.0,3.4,0,7.3,46.2
1121,B,1,1,4.7,2.7,0,1.6,48.3
1121,C,0,0,5.4,5.3,0,5.2,26.5
1121,D,1,1,3.5,5.1,1,7.3,76.5
1122,A,0,1,5.2,3.7,1,4.1,55.0
1122,B,1,0,4.9,5.3,1,5.9,60.2
1122,C,0,0,6.3,4.4,1,6.4,45.2
1122,D,1,1,5.1,3.9,1,6.6,76.0
1123,A,1,0,4.2,6.3,0,5.1,42.7
1123,B,0,0,3.7,3.8,1,5.2,37.8
1123,C,0,0,7.8,5.9,0,5.9,32.7
1123,D,0,0,6.7,4.2,1,6.8,46.2
1124,A,0,0,5.9,5.9,0,6.0,29.7
1124,B,1,0,5.1,4.9,0,6.2,43.7
1124,C,0,0,4.7,6.3,0,7.0,30.0
1124,D,1,0,7.8,2.4,0,6.7,44.8
1125,A,0,1,6.3,5.3,1,7.3,64.8
1125,B,1,1,5.5,5.3,0,8.7,65.8
1125,C,1,1,4.4,7.7,0,5.1,62.0
1125,D,1,0,7.4,6.1,0,7.2,51.2
1126,A,1,1,5.7,6.4,0,6.6,64.5
1126,B,1,1,4.9,1.3,1,2.9,65.2
1126,C,0,0,6.8,5.7,1,6.9,49.0
1126,D,0,1,5.0,6.2,1,5.9,61.8
1127,A,1,1,4.7,4.5,1,7.4,77.7
1127,B,0,1,5.5,2.2,1,5.7,55.7
1127,C,0,1,5.8,5.5,1,6.6,63.2
1127,D,1,0,5.5,4.8,0,7.5,46.3
1128,A,1,0,5.5,7.4,0,5.8,47.8
1128,B,1,1,6.9,4.0,1,8.1,81.7
1128,C,0,1,5.3,3.8,0,6.3,42.3
1128,D,1,0,7.7,2.3,0,6.8,44.7
1129,A,0,0,7.3,3.3,1,4.7,42.2
1129,B,0,0,5.4,2.2,0,4.0,19.3
1129,C,1,0,7.6,7.7,1,6.4,69.5
1129,D,0,0,6.6,6.7,1,6.6,49.8
1130,A,0,0,3.1,4.9,1,5.4,39.0
1130,B,0,1,4.9,5.1,1,4.6,57.7
1130,C,1,0,6.4,3.5,1,7.9,63.0
1130,D,0,0,5.1,7.2,1,4.3,44.3
1131,A,1,0,7.2,4.2,0,7.1,47.5
1131,B,1,0,5.1,4.4,0,4.9,40.7
1131,C,1,1,7.2,6.6,1,5.8,82.7
1131,D,0,1,6.4,3.8,1,5.6,59.7
1132,A,0,0,6.8,2.3,1,6.0,41.8
1132,B,0,0,3.1,3.5,0,5.9,20.8
1132,C,1,0,4.7,5.1,0,6.5,43.8
1132,D,1,0,5.1,4.4,1,6.9,60.7
1133,A,0,0,7.2,5.1,1,7.9,50.3
1133,B,0,0,8.5,5.3,1,5.6,49.0
1133,C,0,1,6.7,4.9,0,5.9,45.8
1133,D,1,0,7.1,6.4,0,8.2,52.8
1134,A,0,1,6.4,5.2,0,7.9,49.2
1134,B,1,1,4.7,3.2,0,5.3,55.3
1134,C,0,0,6.2,5.8,0,6.0,30.0
1134,D,1,0,6.1,5.9,1,5.8,63.0
1135,A,0,1,5.5,4.0,1,4.6,56.8
1135,B,1,0,5.7,5.5,1,5.0,60.3
1135,C,0,0,7.3,5.7,0,6.5,32.5
1135,D,0,0,7.2,7.6,0,7.3,36.8
1136,A,1,0,6.4,7.1,1,8.6,70.2
1136,B,0,1,6.3,5.1,1,6.5,63.2
1136,C,1,0,6.5,3.9,1,7.6,63.3
1136,D,0,0,8.6,5.9,0,5.4,33.2
1137,A,1,0,7.6,5.4,1,5.0,63.3
1137,B,1,1,6.1,5.0,1,7.0,80.2
1137,C,0,0,6.4,7.8,0,6.0,33.7
1137,D,1,0,4.9,5.7,1,6.0,61.0
1138,A,0,0,4.9,4.6,1,1.8,35.5
1138,B,1,0,5.0,3.0,1,5.1,55.2
1138,C,0,1,8.3,4.2,0,3.9,44.0
1138,D,1,0,7.5,6.9,1,7.5,69.8
1139,A,0,0,6.8,5.1,1,6.3,47.0
1139,B,0,0,7.3,3.8,1,7.6,47.8
1139,C,0,0,6.2,6.1,0,5.5,29.7
1139,D,0,0,5.1,2.5,0,7.1,24.5
1140,A,1,0,5.0,6.1,0,7.2,47.2
1140,B,1,1,4.3,3.0,1,5.3,71.0
1140,C,1,0,6.6,7.7,0,6.2,50.8
1140,D,0,0,4.7,3.5,1,6.8,41.7
1141,A,1,1,5.1,6.1,0,5.4,61.0
1141,B,0,0,3.9,3.8,1,7.2,41.5
1141,C,1,1,8.6,6.4,0,4.3,65.5
1141,D,1,0,6.5,6.9,0,7.3,51.2
1142,A,0,0,7.2,4.2,1,5.9,45.5
1142,B,0,1,6.8,6.3,0,7.2,50.5
1142,C,0,0,6.6,7.7,1,6.2,50.8
1142,D,0,1,6.0,5.6,0,7.9,49.2
1143,A,1,0,7.7,5.7,1,6.9,67.2
1143,B,1,0,3.7,3.4,1,7.0,56.8
1143,C,0,1,7.2,4.9,1,6.1,63.7
1143,D,1,0,4.7,3.6,0,6.1,40.7
1144,A,0,0,5.7,2.2,1,8.1,43.3
1144,B,0,0,5.5,4.6,1,5.7,43.0
1144,C,1,0,6.3,6.0,0,5.7,46.7
1144,D,1,1,3.9,5.2,1,3.8,71.5
1145,A,1,0,3.8,5.2,0,6.8,43.0
1145,B,0,1,4.7,2.7,1,5.8,55.3
1145,C,0,0,7.2,5.3,0,7.5,33.3
1145,D,1,1,7.9,4.2,0,5.8,63.2
1146,A,0,0,4.8,3.6,0,7.0,25.7
1146,B,0,1,6.8,2.5,1,5.0,57.2
1146,C,1,1,5.6,7.8,1,6.5,83.2
1146,D,0,1,7.4,6.6,0,7.2,52.0
1147,A,0,0,6.6,6.7,1,5.2,47.5
1147,B,1,0,3.3,4.8,1,5.5,56.0
1147,C,1,0,5.7,5.7,1,6.7,63.5
1147,D,1,1,4.4,7.3,0,5.3,61.7
1148,A,1,0,8.6,6.3,1,6.0,68.2
1148,B,1,1,5.0,2.7,1,6.0,72.8
1148,C,1,0,7.7,5.9,0,5.6,48.7
1148,D,1,0,6.4,5.2,0,6.9,47.5
1149,A,1,0,4.9,7.0,0,7.4,48.8
1149,B,0,1,4.2,5.4,1,3.9,55.8
1149,C,1,0,8.2,6.3,0,5.0,49.2
1149,D,0,0,8.5,5.9,0,7.9,37.2
1150,A,1,1,3.1,4.2,0,7.5,58.0
1150,B,1,0,8.1,3.7,0,5.4,45.3
1150,C,1,1,7.3,7.3,0,6.7,68.8
1150,D,0,0,5.4,4.6,1,7.9,46.5
1151,A,0,1,4.1,5.6,0,3.6,38.8
1151,B,1,1,6.2,5.2,1,5.8,78.7
1151,C,0,0,6.3,6.3,0,5.8,30.7
1151,D,1,1,3.9,4.9,1,7.4,77.0
1152,A,0,1,5.3,4.1,1,6.6,60.0
1152,B,1,0,6.2,4.2,1,6.1,60.8
1152,C,0,0,7.4,4.6,1,4.6,44.3
1152,D,1,1,7.3,4.9,1,6.0,80.3
1153,A,1,0,4.6,3.8,1,7.8,60.3
1153,B,1,1,6.1,3.5,1,7.3,78.2
1153,C,0,0,6.9,5.9,0,6.9,32.8
1153,D,0,1,5.7,2.4,1,5.7,56.3
1154,A,1,0,4.5,5.8,1,6.0,60.5
1154,B,1,1,7.0,4.8,0,4.6,60.7
1154,C,0,1,5.2,7.7,1,6.7,66.0
1154,D,1,1,7.4,6.5,1,9.8,89.5
1155,A,0,0,6.6,5.3,1,7.9,49.7
1155,B,1,0,5.7,4.0,1,3.3,55.0
1155,C,0,1,6.4,6.4,0,7.0,49.7
1155,D,0,1,5.0,6.2,1,9.4,67.7
1156,A,0,0,5.5,5.5,1,3.2,40.3
1156,B,0,0,3.7,2.9,1,6.0,37.7
1156,C,0,0,6.2,5.7,0,4.2,26.8
1156,D,1,1,7.0,2.6,0,5.7,58.8
1157,A,0,0,5.5,6.1,0,7.2,31.3
1157,B,1,1,4.9,6.5,1,8.6,83.3
1157,C,1,0,5.2,6.4,0,5.1,44.5
1157,D,0,1,7.6,5.8,1,8.7,70.2
1158,A,1,0,4.8,4.1,0,6.2,41.8
1158,B,1,0,4.4,4.4,1,6.2,58.3
1158,C,1,0,7.0,6.2,0,5.7,48.2
1158,D,1,0,3.0,4.5,1,8.9,60.7
1159,A,1,1,5.9,6.2,1,6.1,80.3
1159,B,0,0,6.6,4.1,0,5.5,27.0
1159,C,1,0,8.2,7.6,1,4.4,67.0
1159,D,1,1,5.4,8.0,0,6.0,65.7
1160,A,1,0,3.7,4.9,0,5.1,39.5
1160,B,0,1,6.3,4.0,1,4.2,57.5
1160,C,1,0,5.8,7.5,0,8.4,52.8
1160,D,0,1,6.9,6.2,0,7.1,50.3
1161,A,0,0,5.8,6.8,1,4.3,44.8
1161,B,0,1,2.7,4.3,0,5.0,36.7
1161,C,0,1,4.8,6.0,0,8.0,48.0
1161,D,0,0,8.1,4.2,1,9.2,52.5
1162,A,1,0,7.7,3.9,0,7.3,48.2
1162,B,1,1,6.6,4.9,1,8.6,83.5
1162,C,1,1,5.8,7.1,0,4.8,62.8
1162,D,1,0,7.3,7.1,0,7.6,53.3
1163,A,0,0,2.7,5.9,0,4.7,22.2
1163,B,0,0,4.2,4.9,0,6.5,26.0
1163,C,1,1,7.4,5.6,1,4.5,79.2
1163,D,0,1,5.5,4.2,1,6.5,60.3
1164,A,0,0,6.4,7.5,1,7.1,51.7
1164,B,0,1,9.2,4.1,0,6.6,49.8
1164,C,0,0,5.7,5.9,0,7.2,31.3
1164,D,1,0,6.8,5.5,1,8.8,68.5
1165,A,1,0,8.4,6.9,1,4.8,66.8
1165,B,1,0,6.1,2.7,1,5.6,57.3
1165,C,1,1,8.0,6.4,0,6.2,67.7
1165,D,0,0,5.7,4.3,0,5.8,26.3
1166,A,1,0,5.9,6.5,0,7.3,49.5
1166,B,0,0,4.5,5.6,1,4.5,41.0
1166,C,1,1,7.1,6.9,0,5.4,65.7
1166,D,0,1,5.7,7.2,1,5.5,64.0
1167,A,1,0,6.1,5.3,0,6.2,46.0
1167,B,1,1,7.3,3.9,1,4.8,76.7
1167,C,1,1,7.0,6.8,0,5.4,65.3
1167,D,1,0,7.0,3.6,0,5.9,44.2
1168,A,0,0,4.9,5.5,0,6.8,28.7
1168,B,0,0,5.5,7.2,1,5.1,46.3
1168,C,1,0,6.9,7.4,0,7.5,53.0
1168,D,0,0,6.0,6.2,0,7.4,32.7
1169,A,0,0,6.2,5.3,0,5.8,28.8
1169,B,1,0,5.9,4.1,1,5.5,59.2
1169,C,0,0,6.5,7.3,0,8.6,37.3
1169,D,0,0,7.5,4.1,0,5.3,28.2
1170,A,1,1,3.1,5.5,0,4.1,54.5
1170,B,0,0,3.9,1.8,1,7.3,38.3
1170,C,0,0,5.4,7.2,0,7.1,32.8
1170,D,1,1,4.9,7.7,1,6.9,82.5
1171,A,0,0,6.7,3.5,0,4.5,24.5
1171,B,0,1,6.9,2.9,1,9.5,65.5
1171,C,1,0,6.6,5.0,1,5.3,61.5
1171,D,1,1,6.1,5.0,1,7.8,81.5
1172,A,0,0,5.4,5.7,1,7.6,47.8
1172,B,0,0,5.3,4.9,1,6.9,45.2
1172,C,0,0,7.1,5.6,1,5.2,46.5
1172,D,1,1,7.2,4.9,0,5.4,62.5
1173,A,1,0,6.4,5.1,1,5.1,61.0
1173,B,1,0,4.7,3.4,0,4.4,37.5
1173,C,0,0,7.2,6.5,0,5.2,31.5
1173,D,0,0,5.7,5.4,1,6.7,46.3
1174,A,1,0,3.0,5.5,1,4.7,55.3
1174,B,0,0,3.8,4.6,1,6.3,41.2
1174,C,0,0,4.4,3.2,0,4.8,20.7
1174,D,1,0,4.8,3.9,1,6.7,59.0
1175,A,0,0,7.5,4.3,1,4.4,43.7
1175,B,1,1,4.8,1.6,0,5.8,53.7
1175,C,0,0,5.7,8.0,1,5.8,49.2
1175,D,1,0,8.4,3.2,0,5.7,45.5
1176,A,1,0,6.2,6.7,0,7.1,50.0
1176,B,1,0,4.5,4.2,1,6.4,58.5
1176,C,1,0,6.3,6.8,1,6.2,65.5
1176,D,0,0,4.7,4.5,0,8.2,29.0
1177,A,1,1,6.5,5.1,0,6.2,63.0
1177,B,0,0,5.0,3.8,1,5.8,41.0
1177,C,1,1,6.7,6.0,0,6.7,65.7
1177,D,0,0,4.9,7.5,0,7.8,33.7
1178,A,1,1,6.8,3.2,1,7.7,79.5
1178,B,1,0,5.0,5.4,1,4.6,58.3
1178,C,1,0,7.3,3.5,0,6.7,45.8
1178,D,0,1,3.9,4.4,0,5.1,39.0
1179,A,0,0,6.0,5.5,0,6.6,30.2
1179,B,1,0,7.1,3.9,1,5.0,60.0
1179,C,0,1,5.4,7.3,1,7.5,67.0
1179,D,1,0,6.2,4.2,1,6.9,62.2
1180,A,1,0,6.2,4.2,1,5.8,60.3
1180,B,1,0,4.2,3.3,1,5.4,54.8
1180,C,0,0,6.2,8.4,0,4.1,31.2
1180,D,0,1,7.5,3.0,1,7.2,62.8
1181,A,0,1,4.0,2.0,1,6.6,54.3
1181,B,1,0,5.7,4.0,1,6.1,59.7
1181,C,1,1,5.5,5.9,0,8.2,66.0
1181,D,0,1,4.3,4.5,0,6.3,41.8
1182,A,0,1,5.0,6.5,1,8.3,66.3
1182,B,0,1,7.6,4.4,1,4.1,60.2
1182,C,1,0,6.8,5.8,0,7.5,50.2
1182,D,1,0,7.2,6.4,0,7.8,52.3
1183,A,1,0,4.9,3.1,1,3.5,52.5
1183,B,0,1,5.7,1,1,3.0,49.5
1183,C,0,0,7.7,7.9,0,7.9,39.2
1183,D,0,1,6.5,5.1,1,9.0,67.7
1184,A,0,0,2.8,3.5,0,6.2,20.8
1184,B,0,0,6.2,4.5,1,8.0,47.8
1184,C,1,1,9.3,4.2,0,6.5,66.7
1184,D,1,0,4.4,4.8,0,8.0,45.3
1185,A,0,0,2.2,7.1,0,4.4,22.8
1185,B,0,0,4.6,3.1,0,7.3,25.0
1185,C,1,1,6.5,6.9,1,4.2,79.3
1185,D,1,0,7.0,5.0,0,8.4,50.7
1186,A,0,0,6.3,5.5,0,3.5,25.5
1186,B,1,0,4.9,3.0,0,5.3,38.7
1186,C,0,0,6.7,6.8,0,5.0,30.8
1186,D,1,1,7.3,3.9,1,4.6,76.3
1187,A,0,0,4.5,6.5,1,3.8,41.3
1187,B,0,1,5.3,4.4,1,5.3,58.3
1187,C,0,1,3.8,6.6,1,7.3,62.8
1187,D,0,0,6.0,4.2,0,9.2,32.3
1188,A,1,0,5.0,5.1,0,7.3,45.7
1188,B,0,1,5.0,2.6,1,5.1,54.5
1188,C,1,0,9.1,6.9,0,5.4,52.3
1188,D,0,1,5.2,6.3,0,5.9,45.7
1189,A,0,0,4.4,6.5,0,8.0,31.5
1189,B,1,1,5.4,3.6,1,5.3,73.8
1189,C,0,0,5.1,4.5,0,4.2,23.0
1189,D,0,1,3.3,4.0,0,5.4,37.8
1190,A,1,1,6.4,5.5,0,4.4,60.5
1190,B,0,1,5.5,4.9,1,6.7,61.8
1190,C,0,0,7.8,5.5,0,6.8,33.5
1190,D,1,0,5.8,5.2,0,5.9,44.8
1191,A,1,0,5.0,6.5,0,5.1,44.3
1191,B,1,1,7.9,2.6,1,5.8,77.2
1191,C,1,0,6.7,6.8,0,9.3,54.7
1191,D,1,0,5.5,4.2,1,8.4,63.5
1192,A,1,0,6.1,5.8,1,6.7,64.3
1192,B,1,1,7.2,5.8,1,5.4,80.7
1192,C,0,1,8.4,3.7,0,7.8,49.8
1192,D,1,0,7.8,3.9,0,9.2,51.5
1193,A,1,1,5.2,7.4,1,5.9,80.8
1193,B,0,1,3.0,4.6,1,6.8,57.3
1193,C,1,0,6.8,5.9,0,7.2,49.8
1193,D,1,0,6.2,5.0,0,6.4,46.0
1194,A,1,0,6.4,7.4,0,7.2,51.7
1194,B,1,1,5.3,5.1,1,2.8,72.0
1194,C,1,1,8.2,7.2,0,5.1,67.5
1194,D,1,0,5.1,6.1,1,8.3,65.8
1195,A,1,1,5.9,6.2,0,5.9,63.3
1195,B,0,1,7.0,5.4,1,7.1,65.8
1195,C,0,1,6.4,5.7,1,6.2,63.8
1195,D,1,0,7.2,4.1,1,6.2,62.5
1196,A,0,0,6.6,5.8,0,6.4,31.3
1196,B,1,0,4.2,4.0,0,6.8,41.7
1196,C,1,0,5.5,4.9,0,9.0,49.0
1196,D,1,1,6.4,4.9,1,6.1,79.0
1197,A,0,0,4.5,5.9,0,7.0,29.0
1197,B,1,1,6.1,5.2,1,7.1,80.7
1197,C,1,1,5.7,6.3,1,5.9,79.8
1197,D,1,0,7.0,3.1,1,6.7,61.3
1198,A,0,1,5.1,5.7,1,6.2,61.7
1198,B,1,1,4.7,4.1,1,5.7,74.2
1198,C,1,1,7.1,4.8,1,8.0,83.2
1198,D,1,1,4.7,5.0,1,7.9,79.3
1199,A,0,0,4.2,6.6,0,6.7,29.2
1199,B,0,1,5.3,3.0,1,4.1,54.0
1199,C,1,0,5.9,7.5,1,8.2,69.3
1199,D,1,0,5.2,4.2,0,7.3,44.5
1200,A,0,0,6.4,3.3,0,6.9,27.7
1200,B,0,1,6.9,2.0,1,5.8,57.8
1200,C,0,0,6.2,4.6,0,5.8,27.7
1200,D,0,0,6.2,7.6,0,8.0,36.3
