respondent_id,variant_id,usage_intent_pct,preference_pct,clarity,convenience,trust,premium_fit,respondent_composite_0_100
1,A,1,0,7.4,7.9,7.0,6.7,65.0
1,B,0,0,7.3,6.8,4.7,5.6,40.7
1,C,1,0,5.7,8.4,5.2,7.7,61.7
1,D,0,1,9.7,9.1,8.6,6.8,73.7
2,A,1,0,9.1,8.5,7.2,5.1,66.5
2,B,1,1,8.9,8.3,6.1,4.6,79.8
2,C,1,1,7.2,6.8,5.6,5.5,75.2
2,D,1,0,7.8,8.4,7.9,7.9,70.0
3,A,0,0,5.3,6.6,7.6,6.9,44.0
3,B,1,0,7.9,5.9,7.2,8.5,65.8
3,C,1,1,5.3,4.9,6.9,7.0,73.5
3,D,1,0,6.4,8.3,8.0,7.4,66.8
4,A,1,0,8.6,10,10,5.6,73.7
4,B,1,0,9.2,7.3,5.9,8.0,67.3
4,C,0,0,7.2,8.8,9.1,8.0,55.2
4,D,1,1,8.0,8.9,6.7,6.7,83.8
5,A,1,0,6.8,8.8,7.5,5.0,63.5
5,B,1,1,8.0,7.5,5.9,7.8,82.0
5,C,0,0,5.6,4.7,6.7,6.8,39.7
5,D,1,0,9.0,7.4,8.2,5.1,66.2
6,A,1,1,7.4,8.9,5.5,6.9,81.2
6,B,1,0,8.7,7.5,10,8.4,74.3
6,C,1,0,6.3,9.2,5.4,7.1,63.3
6,D,1,0,8.0,6.9,7.4,6.8,65.2
7,A,1,0,8.1,10,6.4,7.4,69.8
7,B,1,0,4.7,9.3,8.1,6.7,64.7
7,C,0,0,6.5,4.9,6.1,6.6,40.2
7,D,0,1,6.7,10,10,7.5,73.7
8,A,0,1,6.1,8.6,6.5,7.0,63.7
8,B,1,0,6.8,7.6,7.2,7.2,64.7
8,C,0,1,7.5,4.9,6.4,6.8,59.3
8,D,1,0,8.9,7.1,8.5,8.2,71.2
9,A,0,0,5.8,7.4,8.4,7.0,47.7
9,B,0,1,7.8,8.0,7.0,5.8,64.3
9,C,0,1,7.7,7.6,6.4,6.1,63.0
9,D,1,1,8.1,7.8,7.2,7.1,83.7
10,A,1,0,6.8,6.7,7.7,6.2,62.3
10,B,1,0,10,6.4,6.6,5.8,64.7
10,C,1,1,5.7,5.2,7.4,7.3,76.0
10,D,1,1,8.2,7.4,7.5,4.8,79.8
11,A,1,0,8.9,7.4,7.6,3.7,62.7
11,B,1,1,8.5,6.5,8.3,6.5,83.0
11,C,1,0,5.5,5.7,5.2,6.1,54.2
11,D,0,0,8.0,6.5,8.0,7.5,50.0
12,A,1,1,7.0,6.0,7.4,6.5,78.2
12,B,1,0,7.6,9.5,6.7,7.3,68.5
12,C,1,1,7.7,6.1,6.9,8.3,81.7
12,D,0,1,7.1,9.7,8.7,5.5,68.3
13,A,1,1,9.3,4.4,6.0,6.9,77.7
13,B,1,1,7.4,6.1,7.2,5.8,77.5
13,C,1,1,6.5,5.9,6.7,8.0,78.5
13,D,0,1,5.0,6.4,8.9,7.3,62.7
14,A,0,0,6.7,8.6,6.8,4.1,43.7
14,B,0,1,9.0,9.1,8.2,6.1,70.7
14,C,0,1,6.5,7.4,9.0,5.7,64.3
14,D,1,0,6.7,7.8,9.4,7.7,69.3
15,A,1,0,6.6,8.2,7.4,4.7,61.5
15,B,1,1,9.0,7.6,7.8,7.3,86.2
15,C,0,0,6.4,8.1,5.0,7.7,45.3
15,D,1,1,7.0,9.6,8.4,7.6,87.7
16,A,0,0,9.5,7.5,6.3,4.9,47.0
16,B,0,1,8.7,7.3,8.6,5.2,66.3
16,C,1,0,7.7,6.2,6.9,5.4,60.3
16,D,1,1,8.3,7.7,7.6,3.5,78.5
17,A,1,1,6.9,8.7,7.3,5.3,80.3
17,B,1,1,8.1,7.3,8.8,6.6,84.7
17,C,0,0,6.4,5.6,9.3,6.3,46.0
17,D,1,1,6.5,9.6,10,9.0,91.8
18,A,1,0,7.5,9.5,6.9,5.2,65.2
18,B,1,1,8.6,4.8,8.4,7.2,81.7
18,C,1,0,6.1,4.0,6.8,6.9,56.3
18,D,1,1,9.1,7.0,9.1,7.1,87.2
19,A,1,0,7.4,7.6,7.5,6.8,65.5
19,B,0,0,7.8,5.9,5.1,6.8,42.7
19,C,1,0,4.5,7.5,6.8,6.5,58.8
19,D,1,1,9.5,6.1,8.6,7.8,86.7
20,A,0,1,5.0,10,6.7,6.5,63.7
20,B,1,1,8.9,7.1,6.3,6.0,80.5
20,C,1,0,8.7,7.4,7.0,8.9,70.0
20,D,1,1,7.4,9.6,8.5,5.4,84.8
21,A,0,0,8.6,8.5,6.5,9.7,55.5
21,B,1,0,7.4,8.7,7.2,8.1,69.0
21,C,1,1,5.3,7.3,7.0,8.5,80.2
21,D,0,0,9.3,8.6,10,6.5,57.3
22,A,1,0,8.9,7.8,8.0,6.5,68.7
22,B,0,1,7.4,7.3,6.8,8.1,66.0
22,C,0,1,6.7,5.9,7.8,4.9,58.8
22,D,0,1,6.7,10,6.2,6.6,65.8
23,A,0,0,6.2,8.2,8.1,7.4,49.8
23,B,1,0,8.0,6.6,8.3,5.3,63.7
23,C,1,1,8.0,8.2,7.4,6.0,82.7
23,D,1,1,10,6.8,7.9,5.9,84.3
24,A,0,1,6.6,7.6,7.2,8.6,66.7
24,B,1,0,10,7.5,7.1,8.6,72.0
24,C,1,0,3.2,6.8,7.4,6.7,56.8
24,D,0,1,8.7,8.0,8.5,5.8,68.3
25,A,1,0,8.9,6.8,7.8,8.2,69.5
25,B,1,0,6.9,9.7,7.8,7.7,70.2
25,C,0,0,5.8,8.0,7.4,7.8,48.3
25,D,1,1,9.9,8.3,8.2,5.8,87.0
26,A,1,1,8.5,8.0,8.5,6.5,85.8
26,B,0,1,6.5,8.7,7.4,8.2,68.0
26,C,0,0,6.8,5.3,7.2,6.9,43.7
26,D,1,0,7.0,9.6,7.4,7.8,69.7
27,A,1,0,7.1,9.9,7.5,6.7,68.7
27,B,1,0,8.2,8.2,6.7,5.9,65.0
27,C,1,0,5.7,6.8,6.9,9.3,64.5
27,D,1,1,10,10.0,7.1,8.5,92.7
28,A,1,0,7.9,8.4,6.8,6.3,65.7
28,B,0,0,8.7,7.0,7.2,5.2,46.8
28,C,0,0,6.1,6.4,8.4,5.8,44.5
28,D,1,1,10,9.4,8.4,7.5,92.2
29,A,1,1,9.2,8.3,7.4,6.2,85.2
29,B,0,0,6.1,7.2,7.0,3.9,40.3
29,C,1,0,5.9,7.2,6.9,5.5,59.2
29,D,0,1,7.9,8.1,7.7,6.4,66.8
30,A,0,0,5.8,6.9,8.0,7.5,47.0
30,B,1,0,8.6,6.7,6.5,6.5,63.8
30,C,1,0,5.2,5.3,5.4,8.3,57.0
30,D,1,1,6.6,6.4,7.6,6.0,77.7
31,A,0,1,7.8,9.6,6.5,5.5,65.7
31,B,1,0,7.2,7.1,5.9,6.1,60.5
31,C,1,0,7.7,7.4,6.4,6.5,63.3
31,D,1,1,9.4,8.9,9.9,5.7,89.8
32,A,0,0,6.7,7.5,6.6,7.2,46.7
32,B,1,0,8.2,7.1,8.5,7.8,69.3
32,C,0,1,7.4,7.3,6.5,7.3,64.2
32,D,0,1,6.6,10,8.4,7.2,70.3
33,A,1,1,9.1,7.3,5.6,5.8,79.7
33,B,0,0,7.1,8.9,7.2,5.2,47.3
33,C,1,0,4.9,4.1,7.0,5.6,52.7
33,D,1,0,6.7,8.2,6.3,6.3,62.5
34,A,1,1,8.9,7.1,6.2,5.5,79.5
34,B,1,1,10,6.1,8.0,5.0,81.8
34,C,0,1,6.4,5.3,6.0,7.8,59.2
34,D,0,0,9.7,6.9,8.5,10,58.5
35,A,1,1,8.9,7.2,7.6,7.9,86.0
35,B,1,1,7.4,9.7,7.6,6.0,84.5
35,C,0,1,4.8,6.0,5.6,7.5,56.5
35,D,0,1,7.5,8.7,7.5,6.6,67.2
36,A,1,0,9.7,10,6.7,4.0,67.3
36,B,0,1,8.3,7.2,8.6,8.9,71.7
36,C,1,0,6.7,6.3,6.1,7.9,61.7
36,D,1,0,9.6,9.7,10,6.6,76.5
37,A,1,0,4.1,8.3,5.0,7.6,58.3
37,B,1,1,6.0,6.1,7.3,6.6,76.7
37,C,1,1,7.5,5.6,7.4,8.3,81.3
37,D,1,0,7.5,7.8,9.4,5.4,66.8
38,A,1,0,8.1,6.1,5.3,7.5,61.7
38,B,1,0,9.5,7.8,7.0,6.6,68.2
38,C,0,0,7.1,6.1,6.5,7.3,45.0
38,D,0,1,8.2,7.6,6.8,7.0,66.0
39,A,1,1,7.6,10,5.9,7.8,85.5
39,B,0,0,9.0,7.1,7.0,6.7,49.7
39,C,1,1,5.9,6.5,6.9,7.5,78.0
39,D,1,0,8.6,7.1,6.0,7.5,65.3
40,A,0,1,4.9,8.6,6.3,7.6,62.3
40,B,1,0,8.8,8.5,7.9,7.6,71.3
40,C,0,1,7.8,5.5,5.3,5.7,57.2
40,D,1,1,7.1,9.4,7.4,7.5,85.7
41,A,1,0,7.8,8.5,9.2,4.6,66.8
41,B,1,1,7.5,7.6,6.0,7.3,80.7
41,C,0,1,4.3,6.1,6.5,6.9,56.3
41,D,0,1,7.7,8.4,7.3,6.3,66.2
42,A,1,1,8.7,8.8,5.8,8.2,85.8
42,B,1,0,10,8.1,8.6,5.5,70.3
42,C,0,1,7.7,6.8,7.2,6.2,63.2
42,D,1,0,7.8,7.3,6.4,5.6,61.8
43,A,1,1,7.1,8.1,7.6,6.4,82.0
43,B,1,1,6.7,7.0,8.6,4.5,78.0
43,C,0,0,7.0,7.4,7.3,6.9,47.7
43,D,1,0,8.7,9.9,7.4,8.0,73.3
44,A,0,0,8.0,8.3,8.0,6.5,51.3
44,B,1,1,7.7,7.0,7.3,5.4,79.0
44,C,1,1,5.1,6.9,6.3,9.0,78.8
44,D,1,0,8.2,7.9,7.8,5.9,66.3
45,A,1,1,8.0,4.9,7.1,5.3,75.5
45,B,1,0,8.2,7.5,7.6,6.5,66.3
45,C,0,0,6.0,6.9,7.1,6.6,44.3
45,D,1,1,8.8,10,7.7,6.9,89.0
46,A,1,0,6.5,4.1,6.2,7.2,56.7
46,B,1,1,8.5,4.7,8.3,5.4,78.2
46,C,1,1,5.4,5.4,7.5,6.9,75.3
46,D,1,0,6.9,6.7,8.6,6.5,64.5
47,A,1,1,8.1,7.9,6.6,7.0,82.7
47,B,0,0,6.6,9.1,8.2,9.0,54.8
47,C,1,0,8.0,7.4,10,6.8,70.3
47,D,1,1,5.4,6.9,5.9,5.8,73.3
48,A,1,1,6.8,7.3,5.2,7.7,78.3
48,B,1,0,8.8,9.3,7.2,6.6,69.8
48,C,1,1,6.2,6.4,7.3,6.6,77.5
48,D,0,1,8.0,8.6,9.3,8.2,73.5
49,A,1,0,5.5,9.4,7.4,6.5,64.7
49,B,1,0,6.8,7.6,9.2,7.8,69.0
49,C,1,0,5.8,7.4,6.9,6.1,60.3
49,D,1,1,7.9,7.5,7.1,10,87.5
50,A,1,0,8.9,7.5,7.1,6.4,66.5
50,B,1,1,7.7,7.3,8.5,6.3,83.0
50,C,0,0,7.0,6.5,4.9,7.1,42.5
50,D,1,1,6.9,8.5,5.9,7.3,81.0
51,A,1,0,7.2,7.4,6.7,7.8,65.2
51,B,1,0,8.0,6.9,9.2,5.3,65.7
51,C,0,0,8.7,5.5,7.2,7.1,47.5
51,D,0,1,8.7,7.8,7.0,7.4,68.2
52,A,0,0,10.0,10,6.2,4.3,50.8
52,B,0,0,9.1,4.0,8.5,7.1,47.8
52,C,1,0,5.1,7.3,5.3,5.7,55.7
52,D,1,0,10,8.2,9.0,7.8,75.0
53,A,1,0,5.6,8.1,7.5,7.2,64.0
53,B,1,1,8.8,10,7.7,8.5,91.7
53,C,1,0,8.2,4.5,7.6,7.4,62.8
53,D,1,1,10.0,6.5,8.4,5.9,84.7
54,A,1,1,7.8,6.1,6.7,8.8,82.3
54,B,1,1,7.4,8.2,6.3,3.7,76.0
54,C,1,1,6.9,4.9,6.7,8.2,77.8
54,D,1,1,6.0,6.7,9.0,6.1,79.7
55,A,0,0,7.5,8.0,6.4,7.8,49.5
55,B,0,0,7.1,7.3,6.9,7.4,47.8
55,C,0,0,8.5,4.3,7.3,5.6,42.8
55,D,0,0,6.4,8.1,6.4,5.6,44.2
56,A,1,1,7.2,9.3,6.7,6.8,83.3
56,B,1,0,8.0,5.2,5.6,6.2,58.3
56,C,0,1,3.9,5.6,6.1,9.5,58.5
56,D,1,1,6.7,7.8,8.3,7.8,84.3
57,A,1,1,6.2,8.5,7.2,6.1,80.0
57,B,0,1,6.7,5.3,8.9,7.3,63.7
57,C,0,1,8.0,4.5,7.4,6.1,60.0
57,D,1,0,6.5,9.2,8.2,8.2,70.2
58,A,0,0,9.5,6.0,6.7,5.6,46.3
58,B,0,1,9.1,7.8,8.8,6.3,70.0
58,C,0,0,6.1,8.7,6.5,6.5,46.3
58,D,1,1,6.3,7.4,7.4,7.5,81.0
59,A,1,0,7.2,6.5,5.2,5.4,57.2
59,B,0,0,9.0,5.9,8.0,6.9,49.7
59,C,0,1,8.2,7.5,5.5,5.8,61.7
59,D,0,1,10,10,6.9,6.3,72.0
60,A,1,0,7.1,7.7,5.8,6.6,62.0
60,B,1,1,6.6,6.1,8.7,4.9,77.2
60,C,1,1,7.2,5.8,7.4,7.1,79.2
60,D,1,1,9.7,6.9,7.1,4.5,80.3
61,A,1,0,6.9,6.1,4.5,6.5,56.7
61,B,1,1,10,5.8,8.2,7.4,85.7
61,C,1,0,8.1,6.0,7.6,6.9,64.3
61,D,1,1,8.0,9.8,8.5,5.7,86.7
62,A,0,1,5.5,5.9,7.2,6.5,58.5
62,B,1,1,8.8,8.3,10,6.8,89.8
62,C,0,0,7.8,7.5,6.3,8.1,49.5
62,D,1,1,8.3,7.3,6.2,6.3,80.2
63,A,0,1,7.3,7.8,8.1,5.0,63.7
63,B,1,0,8.0,3.4,9.2,7.2,63.0
63,C,0,1,7.2,3.6,4.8,6.4,53.3
63,D,0,1,6.4,10,7.7,5.6,66.2
64,A,1,1,7.1,7.9,8.4,8.2,86.0
64,B,0,0,7.3,8.2,6.8,4.8,45.2
64,C,1,0,5.5,6.6,7.3,8.2,62.7
64,D,1,1,9.0,10,10,6.9,93.2
65,A,1,0,8.3,7.7,6.9,8.6,69.2
65,B,0,0,8.8,7.3,7.5,5.8,49.0
65,C,0,0,6.9,7.1,8.1,5.8,46.5
65,D,1,0,9.3,8.5,7.1,7.8,71.2
66,A,1,0,5.9,6.6,5.5,5.4,55.7
66,B,1,1,9.8,7.5,8.3,7.5,88.5
66,C,1,0,7.3,5.6,5.4,6.4,57.8
66,D,1,0,9.2,7.2,7.5,7.8,69.5
67,A,1,0,8.3,8.0,8.6,6.7,69.3
67,B,0,1,8.9,9.2,6.8,4.9,66.3
67,C,0,0,7.7,8.6,9.9,7.7,56.5
67,D,0,0,8.2,8.3,9.5,6.6,54.3
68,A,1,1,5.6,10,6.8,5.7,80.2
68,B,0,1,8.3,8.3,9.6,5.7,69.8
68,C,1,0,6.7,4.3,7.3,7.6,59.8
68,D,1,0,8.4,5.8,8.6,8.7,69.2
69,A,1,1,9.2,7.9,7.2,5.4,82.8
69,B,1,0,7.2,8.2,7.5,5.9,64.7
69,C,0,1,4.1,6.1,9.8,7.1,61.8
69,D,1,1,7.4,10,10,5.8,88.7
70,A,1,1,8.0,8.8,7.4,9.1,88.8
70,B,1,1,7.1,6.2,7.6,5.3,77.0
70,C,1,0,4.1,6.8,8.9,7.2,61.7
70,D,0,1,8.3,8.9,7.5,5.8,67.5
71,A,0,0,8.0,9.2,10,7.3,57.5
71,B,0,1,7.1,6.3,8.2,6.2,63.0
71,C,0,1,6.1,3.0,3.6,7.5,50.3
71,D,1,1,8.6,8.0,7.2,5.5,82.2
72,A,1,1,5.8,9.1,5.6,8.3,81.3
72,B,1,1,6.8,6.5,8.9,5.1,78.8
72,C,0,0,6.7,5.5,5.5,8.9,44.3
72,D,1,0,4.6,8.1,6.3,6.0,58.3
73,A,0,1,9.8,7.0,6.5,7.0,67.2
73,B,1,0,5.7,4.4,8.0,7.5,59.3
73,C,0,0,7.3,8.3,6.8,5.8,47.0
73,D,1,1,7.8,7.3,8.2,7.0,83.8
74,A,1,0,7.8,8.6,8.4,8.6,72.3
74,B,0,1,6.4,5.8,5.3,7.0,57.5
74,C,0,0,6.4,4.5,6.3,6.6,39.7
74,D,0,0,7.6,10.0,10,7.5,58.5
75,A,1,0,8.6,9.0,5.2,6.8,66.0
75,B,1,1,6.6,8.5,8.1,4.2,79.0
75,C,0,1,8.1,9.0,7.3,7.7,70.2
75,D,0,1,7.0,7.4,7.7,6.6,64.5
76,A,0,1,7.8,6.4,7.5,5.4,61.8
76,B,1,0,7.4,7.5,9.4,8.5,71.3
76,C,1,0,7.1,6.8,6.4,5.6,59.8
76,D,1,0,10,7.1,8.7,8.1,73.2
77,A,1,1,9.4,8.0,6.3,5.6,82.2
77,B,1,1,8.4,6.4,5.8,4.8,75.7
77,C,0,0,8.3,7.0,6.9,7.4,49.3
77,D,0,0,8.5,9.2,7.9,7.1,54.5
78,A,1,0,6.9,8.7,6.2,5.9,62.8
78,B,1,1,7.9,6.3,7.2,6.1,79.2
78,C,1,1,6.5,6.9,7.9,6.9,80.3
78,D,1,0,7.9,8.8,9.0,8.5,73.7
79,A,1,1,8.1,7.5,5.9,6.1,79.3
79,B,0,1,7.9,5.9,6.5,7.1,62.3
79,C,1,1,4.6,6.5,8.3,5.8,75.3
79,D,1,1,9.5,7.5,5.2,7.1,82.2
80,A,1,0,5.5,7.5,8.2,6.6,63.0
80,B,0,0,9.3,6.3,9.2,6.8,52.7
80,C,0,0,7.5,5.7,8.0,7.9,48.5
80,D,1,0,8.8,9.1,5.5,7.0,67.3
81,A,0,1,8.2,6.9,6.4,6.5,63.3
81,B,1,1,10,8.6,8.0,3.0,82.7
81,C,0,0,7.8,4.5,6.0,8.7,45.0
81,D,1,0,7.8,10,6.6,5.4,66.3
82,A,1,0,9.0,6.9,7.0,6.5,65.7
82,B,1,0,8.3,9.8,8.0,5.2,68.8
82,C,0,0,4.5,5.7,8.2,8.0,44.0
82,D,1,0,9.7,8.3,7.9,7.6,72.5
83,A,1,0,5.3,5.8,6.8,6.0,56.5
83,B,1,1,6.9,8.1,8.2,6.7,83.2
83,C,1,0,7.7,7.7,4.2,6.9,60.8
83,D,1,1,9.8,8.2,7.6,7.8,89.0
84,A,1,1,6.8,6.1,6.1,8.4,79.0
84,B,1,0,10,7.0,5.7,7.7,67.3
84,C,1,0,7.6,8.0,6.7,6.1,64.0
84,D,0,1,7.5,9.1,7.5,8.1,70.3
85,A,1,1,7.1,7.4,5.5,4.9,74.8
85,B,1,1,7.1,6.1,7.7,7.6,80.8
85,C,1,1,6.4,4.7,7.5,6.8,75.7
85,D,1,0,9.5,8.6,6.2,7.1,69.0
86,A,1,0,6.5,7.5,6.3,7.7,63.3
86,B,1,1,8.0,6.7,6.5,6.6,79.7
86,C,0,1,6.5,5.3,6.0,5.5,55.5
86,D,1,0,6.7,8.9,7.4,6.7,66.2
87,A,1,0,7.4,7.4,5.5,5.8,60.2
87,B,1,0,8.0,8.5,10,6.0,70.8
87,C,1,0,6.7,8.8,9.7,9.5,74.5
87,D,1,0,8.4,8.8,5.4,6.1,64.5
88,A,0,1,7.9,7.1,7.6,7.9,67.5
88,B,1,1,7.3,7.8,4.9,6.5,77.5
88,C,1,1,4.9,7.9,7.7,6.3,78.0
88,D,1,1,9.8,7.0,8.5,5.6,84.8
89,A,0,0,7.0,5.9,7.8,6.0,44.5
89,B,1,1,7.1,10.0,7.7,2.9,79.5
89,C,1,0,6.8,6.3,9.1,6.5,64.5
89,D,1,0,7.4,8.3,8.5,7.7,69.8
90,A,0,0,6.3,8.4,5.2,5.8,42.8
90,B,1,0,8.1,6.7,7.0,5.5,62.2
90,C,0,0,5.5,7.4,8.6,6.2,46.2
90,D,1,1,9.6,7.1,9.3,8.2,90.3
91,A,0,0,7.8,6.0,5.1,6.5,42.3
91,B,0,0,9.1,7.1,7.2,7.3,51.2
91,C,0,1,6.2,5.8,8.5,10.0,67.5
91,D,1,1,8.9,8.2,8.7,6.3,86.8
92,A,1,0,7.9,8.6,7.2,7.3,68.3
92,B,1,1,7.9,8.8,7.3,5.1,81.8
92,C,1,1,4.9,5.5,5.8,6.3,70.8
92,D,1,1,7.8,7.6,7.9,7.9,85.3
93,A,0,0,8.5,7.5,8.5,6.8,52.2
93,B,0,0,8.3,5.4,9.0,5.5,47.0
93,C,0,0,6.0,6.4,6.4,7.3,43.5
93,D,0,1,8.8,8.0,7.3,5.3,65.7
94,A,1,0,6.9,8.5,9.3,5.3,66.7
94,B,1,0,8.1,4.7,7.8,4.1,57.8
94,C,0,0,6.4,7.3,6.8,6.5,45.0
94,D,1,1,8.1,6.4,6.2,4.8,75.8
95,A,1,0,7.9,8.1,5.6,6.3,63.2
95,B,1,1,7.0,9.7,8.9,6.3,86.5
95,C,1,1,6.3,4.7,6.6,7.6,75.3
95,D,1,1,8.3,9.8,5.2,6.4,82.8
96,A,1,1,7.3,8.1,7.1,8.3,84.7
96,B,1,0,10,8.1,8.2,4.9,68.7
96,C,0,0,7.3,8.4,6.7,6.0,47.3
96,D,1,0,8.5,7.6,7.4,4.9,64.0
97,A,0,1,7.5,7.0,7.4,4.9,61.3
97,B,1,0,7.7,6.3,7.8,4.7,60.8
97,C,0,1,8.1,3.1,8.2,6.3,59.5
97,D,1,1,9.0,8.9,10,6.2,90.2
98,A,1,0,6.0,8.7,7.2,6.6,64.2
98,B,0,0,7.6,5.1,6.7,7.9,45.5
98,C,0,0,6.8,5.5,5.0,6.9,40.3
98,D,0,0,7.6,4.8,6.8,6.7,43.2
99,A,1,0,8.0,8.1,7.8,5.5,65.7
99,B,1,1,8.0,9.4,8.7,5.7,86.3
99,C,1,0,6.6,7.8,9.9,5.9,67.0
99,D,1,1,6.9,10,7.9,8.4,88.7
100,A,1,0,7.1,7.9,6.8,5.0,61.3
100,B,0,1,7.8,7.5,7.0,6.6,64.8
100,C,1,1,6.9,5.4,7.2,8.1,79.3
100,D,1,1,8.9,9.8,6.4,5.7,84.7
101,A,1,0,8.6,7.4,8.0,3.8,63.0
101,B,0,0,7.9,8.6,7.9,7.2,52.7
101,C,1,0,7.1,4.6,7.3,7.0,60.0
101,D,0,0,8.2,7.8,7.9,5.6,49.2
102,A,1,0,10,6.3,10,6.1,70.7
102,B,1,1,6.4,7.0,6.9,8.8,81.8
102,C,1,0,5.8,7.7,6.5,5.2,58.7
102,D,1,1,8.2,9.4,7.7,7.7,88.3
103,A,1,1,6.9,9.3,8.4,7.7,87.2
103,B,1,1,8.3,5.0,6.7,7.8,79.7
103,C,0,1,8.1,6.0,6.9,7.3,63.8
103,D,0,0,8.6,8.3,7.4,6.2,50.8
104,A,0,1,7.2,8.4,6.9,6.3,64.7
104,B,1,1,8.8,8.1,8.5,8.1,89.2
104,C,0,1,2.6,6.5,6.8,8.2,56.8
104,D,1,1,10,9.3,7.2,7.0,89.2
105,A,0,1,7.7,7.5,5.2,6.1,60.8
105,B,1,1,7.9,6.6,5.3,6.8,77.7
105,C,1,0,8.5,6.6,5.9,8.0,65.0
105,D,0,0,9.2,10,6.1,8.9,57.0
106,A,1,0,7.8,9.7,7.0,6.0,67.5
106,B,1,1,7.2,8.4,7.1,5.6,80.5
106,C,1,0,6.3,6.0,6.5,7.3,60.2
106,D,0,1,8.3,8.8,6.8,7.5,69.0
107,A,1,0,10,5.6,6.5,7.4,65.8
107,B,1,0,7.6,6.2,6.3,7.3,62.3
107,C,1,0,6.6,5.3,7.5,7.9,62.2
107,D,0,0,10,8.2,7.8,4.6,51.0
108,A,1,0,10,8.9,9.7,5.0,72.7
108,B,1,1,7.2,9.9,7.5,6.7,85.5
108,C,1,1,5.8,6.5,6.2,6.5,75.0
108,D,1,0,9.0,8.4,6.1,4.9,64.0
109,A,1,0,8.1,10,8.8,7.1,73.3
109,B,1,1,6.6,7.1,7.7,8.0,82.3
109,C,1,1,5.6,5.5,8.1,8.0,78.7
109,D,1,1,10,8.0,9.3,5.5,88.0
110,A,1,1,9.2,9.0,6.2,7.6,86.7
110,B,1,0,7.7,9.4,9.0,5.2,68.8
110,C,1,1,6.3,6.0,7.0,5.9,75.3
110,D,1,1,9.3,5.9,9.6,6.4,85.3
111,A,0,0,7.2,8.5,4.3,5.1,41.8
111,B,1,1,7.2,7.0,8.6,7.2,83.3
111,C,1,0,6.1,7.0,9.1,7.2,65.7
111,D,0,0,8.3,7.1,8.4,6.5,50.5
112,A,1,0,8.0,8.2,4.6,5.3,60.2
112,B,1,1,8.9,6.9,8.2,4.7,81.2
112,C,1,1,6.0,7.4,9.0,6.8,82.0
112,D,1,0,8.4,8.6,7.8,5.8,67.7
113,A,0,0,5.7,8.8,6.8,8.7,50.0
113,B,1,1,7.3,9.1,10,5.5,86.5
113,C,1,1,7.1,4.8,6.8,6.9,76.0
113,D,1,0,5.7,7.4,8.2,5.4,61.2
114,A,1,0,7.4,5.3,7.3,7.4,62.3
114,B,0,0,7.6,7.1,8.1,6.6,49.0
114,C,0,0,6.2,8.4,7.3,6.7,47.7
114,D,1,1,8.8,5.8,10,6.4,85.0
115,A,1,0,8.6,9.2,6.2,9.3,72.2
115,B,1,1,7.7,7.9,7.2,5.3,80.2
115,C,0,1,5.4,6.5,8.3,7.8,63.3
115,D,1,1,8.1,6.9,8.9,8.1,86.7
116,A,1,0,8.9,8.4,7.9,5.2,67.3
116,B,0,0,8.1,6.4,9.8,9.0,55.5
116,C,0,0,6.1,5.5,6.4,7.6,42.7
116,D,1,1,10,9.3,7.8,6.9,90.0
117,A,1,0,5.6,6.5,7.8,7.8,62.8
117,B,0,1,6.7,7.1,7.8,6.0,62.7
117,C,1,0,6.5,6.8,7.8,6.5,62.7
117,D,1,1,7.0,6.7,9.2,6.8,82.8
118,A,0,0,6.5,6.3,7.2,6.8,44.7
118,B,1,0,8.6,6.3,6.8,6.8,64.2
118,C,1,0,5.4,7.9,6.3,6.5,60.2
118,D,1,1,8.4,9.0,10,7.7,91.8
119,A,0,1,9.3,6.6,7.3,6.2,65.7
119,B,1,0,8.0,7.8,6.7,8.3,68.0
119,C,0,0,8.1,5.3,8.5,5.2,45.2
119,D,1,0,4.9,10,8.3,8.0,68.7
120,A,1,0,8.1,5.6,7.1,7.2,63.3
120,B,1,1,8.6,5.5,5.3,7.1,77.5
120,C,1,0,8.7,6.0,5.9,7.6,63.7
120,D,1,0,7.5,10,7.6,7.2,70.5
121,A,0,0,8.3,8.3,7.3,7.7,52.7
121,B,1,0,8.6,7.5,7.2,8.3,69.3
121,C,1,1,5.7,6.1,6.6,7.1,75.8
121,D,0,1,9.0,10,8.1,6.2,72.2
122,A,0,0,8.7,10,6.2,6.1,51.7
122,B,1,1,9.7,6.2,9.3,6.7,86.5
122,C,1,0,7.1,5.7,6.5,6.6,59.8
122,D,1,0,8.1,8.9,8.0,7.3,70.5
123,A,1,1,4.2,8.8,8.0,7.6,81.0
123,B,1,0,7.8,6.6,9.9,7.4,69.5
123,C,1,1,5.6,5.4,8.3,6.3,76.0
123,D,1,0,8.6,6.4,4.7,7.0,61.2
124,A,1,1,4.2,5.7,7.1,7.1,73.5
124,B,1,0,7.3,7.5,8.3,4.4,62.5
124,C,1,0,6.0,3.7,6.3,6.1,53.5
124,D,0,0,5.5,7.9,9.2,6.9,49.2
125,A,1,0,7.9,7.3,7.7,7.3,67.0
125,B,1,0,8.9,7.7,9.0,5.4,68.3
125,C,0,1,5.3,8.2,6.5,6.9,61.5
125,D,1,1,6.0,5.4,7.1,7.5,76.7
126,A,1,1,8.0,9.5,6.8,6.3,84.3
126,B,1,1,7.5,6.6,7.2,7.5,81.3
126,C,1,1,4.6,6.2,5.2,8.4,74.0
126,D,1,1,5.6,8.2,6.4,7.0,78.7
127,A,1,0,8.8,6.7,5.8,3.9,58.7
127,B,1,0,8.2,8.3,7.1,6.9,67.5
127,C,1,0,9.0,8.8,5.3,10,71.8
127,D,1,0,8.1,7.0,5.0,5.6,59.5
128,A,1,0,10,8.3,6.6,5.8,67.8
128,B,1,1,10,7.9,7.0,8.5,89.0
128,C,1,1,6.3,7.3,8.1,7.1,81.3
128,D,0,1,10,9.6,7.2,5.6,70.7
129,A,0,1,6.4,5.5,5.2,7.2,57.2
129,B,1,1,8.4,5.7,9.1,5.6,81.3
129,C,1,1,8.1,4.4,4.7,7.8,75.0
129,D,1,1,5.1,8.6,8.7,9.2,86.0
130,A,1,1,6.7,9.6,7.0,8.3,86.0
130,B,1,1,8.9,5.2,5.8,6.3,77.0
130,C,1,0,4.1,8.2,6.2,6.9,59.0
130,D,0,1,10,8.8,7.8,6.8,72.3
131,A,1,1,7.9,10.0,6.4,3.6,79.8
131,B,1,1,6.7,7.4,8.4,6.6,81.8
131,C,1,1,6.3,8.4,7.6,7.0,82.2
131,D,1,1,10,6.8,6.6,6.0,82.3
132,A,1,1,10,6.2,6.7,6.0,81.5
132,B,1,1,7.0,5.5,6.2,7.1,76.3
132,C,1,0,5.7,8.0,4.9,8.9,62.5
132,D,1,0,8.8,10.0,7.2,6.6,71.0
133,A,1,1,10,7.5,5.7,6.0,82.0
133,B,1,1,8.6,8.7,8.2,6.6,86.8
133,C,1,1,5.6,5.8,8.4,7.3,78.5
133,D,1,0,9.7,9.7,6.7,8.0,73.5
134,A,0,0,6.8,9.8,7.9,4.8,48.8
134,B,1,0,6.9,6.0,7.6,4.6,58.5
134,C,1,1,6.8,7.1,6.5,6.0,77.3
134,D,1,1,9.2,9.2,7.7,6.3,87.3
135,A,1,0,8.9,10,6.5,5.6,68.3
135,B,1,0,8.7,8.8,7.3,6.3,68.5
135,C,1,1,4.7,5.1,7.2,7.3,73.8
135,D,0,1,8.1,8.0,7.5,8.7,70.5
136,A,1,1,8.5,6.0,10.0,5.6,83.5
136,B,1,0,8.6,7.7,6.5,6.7,65.8
136,C,1,0,8.2,5.7,6.4,7.1,62.3
136,D,1,0,10,10.0,9.0,6.9,76.5
137,A,1,0,6.2,6.8,8.1,5.3,60.7
137,B,1,0,5.2,6.8,8.5,5.9,60.7
137,C,0,0,5.0,6.9,4.6,7.3,39.7
137,D,1,0,8.9,8.2,8.7,7.4,72.0
138,A,0,1,8.3,9.1,6.2,8.3,69.8
138,B,0,0,9.4,6.5,7.0,8.4,52.2
138,C,0,0,6.8,7.9,5.6,7.1,45.7
138,D,1,1,9.2,6.5,9.4,7.4,87.5
139,A,1,1,6.5,6.5,7.9,4.7,76.0
139,B,0,0,8.3,6.4,7.8,5.3,46.3
139,C,1,1,9.9,5.4,5.4,10,84.5
139,D,1,1,8.5,7.2,8.0,9.0,87.8
140,A,1,0,9.3,6.8,7.5,6.3,66.5
140,B,1,1,8.4,8.0,7.5,5.3,82.0
140,C,0,0,6.1,7.8,5.5,7.3,44.5
140,D,1,0,8.2,7.1,7.1,7.6,66.7
141,A,1,1,7.0,8.3,8.4,8.9,87.7
141,B,1,1,9.3,6.0,5.8,6.8,79.8
141,C,1,0,6.5,6.7,7.0,6.5,61.2
141,D,1,0,6.2,8.4,9.6,6.7,68.2
142,A,1,0,9.0,8.9,5.6,7.8,68.8
142,B,1,1,8.6,6.6,6.4,5.3,78.2
142,C,0,1,6.9,7.0,4.4,6.1,57.3
142,D,1,0,7.5,8.0,8.6,5.6,66.2
143,A,1,0,7.4,8.6,5.9,5.2,61.8
143,B,1,0,6.7,7.4,10,8.5,71.0
143,C,1,1,6.2,6.3,8.0,7.0,79.2
143,D,1,1,8.7,9.2,6.5,5.7,83.5
144,A,0,0,8.3,6.1,4.7,7.2,43.8
144,B,1,0,7.4,7.2,8.2,8.2,68.3
144,C,0,0,7.2,6.3,4.6,7.8,43.2
144,D,1,1,7.5,7.1,9.0,7.8,85.7
145,A,1,0,8.0,9.2,5.0,6.7,64.8
145,B,1,1,9.6,6.8,6.9,6.5,83.0
145,C,0,0,4.4,5.9,5.7,6.1,36.8
145,D,1,0,7.5,4.5,6.8,4.7,55.8
146,A,1,0,8.5,7.9,6.6,7.3,67.2
146,B,1,1,7.6,7.5,8.2,6.1,82.3
146,C,1,1,5.6,4.5,6.8,8.7,76.0
146,D,1,1,7.0,7.3,9.1,5.9,82.2
147,A,1,0,5.3,7.8,5.5,6.1,57.8
147,B,1,0,8.8,9.2,8.1,8.3,74.0
147,C,1,1,7.5,5.2,6.2,7.8,77.8
147,D,1,1,8.9,7.3,7.6,5.3,81.8
148,A,1,1,6.3,8.8,6.9,6.9,81.5
148,B,0,1,7.9,5.6,8.8,6.7,65.0
148,C,0,0,8.0,3.9,6.9,6.3,41.8
148,D,1,1,7.2,8.3,6.9,8.3,84.5
149,A,1,0,8.3,6.6,6.8,6.0,62.8
149,B,1,1,6.8,7.4,9.3,4.5,80.0
149,C,0,1,7.3,7.1,7.1,6.9,64.0
149,D,1,1,9.2,7.8,6.6,6.9,84.2
150,A,1,1,7.0,9.4,6.7,5.7,81.3
150,B,0,1,8.1,7.0,7.2,7.4,66.2
150,C,0,1,7.2,6.7,4.8,7.9,61.0
150,D,1,0,9.3,9.7,7.0,5.2,68.7
151,A,0,0,4.8,8.9,8.1,7.2,48.3
151,B,1,0,10,7.7,9.8,6.4,73.2
151,C,1,1,5.6,7.7,9.6,6.5,82.3
151,D,0,1,10,10,7.3,8.6,76.5
152,A,1,1,6.8,7.9,6.6,8.4,82.8
152,B,1,0,7.8,5.3,8.4,7.0,64.2
152,C,0,0,6.5,6.8,6.3,5.9,42.5
152,D,1,1,8.7,9.5,8.3,5.1,86.0
153,A,1,0,5.7,8.4,6.4,6.6,61.8
153,B,1,1,7.8,6.0,7.8,7.4,81.7
153,C,1,0,8.5,6.4,6.4,6.6,63.2
153,D,1,1,8.7,8.9,9.9,7.2,91.2
154,A,1,0,6.4,7.5,8.5,6.0,64.0
154,B,0,1,6.5,5.1,9.9,6.5,63.3
154,C,0,0,5.6,7.3,4.5,7.7,41.8
154,D,1,0,8.4,6.0,7.6,8.8,68.0
155,A,1,0,5.9,8.9,5.9,5.5,60.3
155,B,1,0,8.7,6.4,9.0,7.3,69.0
155,C,0,1,5.8,7.7,7.0,6.6,61.8
155,D,1,1,5.7,8.1,6.8,6.8,79.0
156,A,1,0,8.4,8.6,6.2,5.9,65.2
156,B,1,1,9.5,5.4,6.8,4.7,77.3
156,C,1,0,8.4,4.1,6.9,6.9,60.5
156,D,1,0,7.0,8.4,8.1,6.7,67.0
157,A,1,0,8.7,8.6,9.3,7.3,73.2
157,B,1,0,10,6.4,8.0,7.0,69.0
157,C,1,1,5.5,8.7,8.1,7.8,83.5
157,D,1,1,10,9.3,9.1,7.8,93.7
158,A,0,1,10,7.5,6.6,5.2,65.5
158,B,1,0,8.6,9.0,6.4,7.2,68.7
158,C,0,0,5.7,4.4,8.2,8.0,43.8
158,D,1,0,8.3,7.0,7.2,5.3,63.0
159,A,1,1,5.2,8.7,6.4,5.5,76.3
159,B,1,1,9.5,6.0,7.7,7.4,84.3
159,C,0,0,5.6,5.1,7.4,8.0,43.5
159,D,0,1,9.3,8.2,9.2,6.9,72.7
160,A,0,0,8.0,8.2,6.4,6.6,48.7
160,B,1,1,8.5,7.0,5.1,7.0,79.3
160,C,0,0,6.2,5.9,6.8,6.6,42.5
160,D,0,1,8.2,7.4,9.7,8.2,72.5
161,A,1,0,7.3,8.2,5.1,5.8,60.7
161,B,0,0,7.0,8.8,6.7,7.7,50.3
161,C,1,1,6.4,4.5,8.2,6.1,75.3
161,D,1,1,7.6,8.0,8.3,8.1,86.7
162,A,1,1,9.4,7.8,7.3,7.2,86.2
162,B,0,0,9.0,7.3,6.8,8.2,52.2
162,C,0,1,4.3,5.8,8.8,6.6,59.2
162,D,1,0,8.4,6.5,6.3,8.7,66.5
163,A,1,0,5.1,9.3,4.5,7.3,60.3
163,B,1,0,7.6,9.5,6.5,7.3,68.2
163,C,0,1,5.4,6.9,7.3,8.2,63.0
163,D,1,1,9.1,9.2,7.2,8.1,89.3
164,A,0,1,8.0,5.7,8.0,5.7,62.3
164,B,1,0,6.3,7.6,8.8,7.5,67.0
164,C,0,1,5.0,8.3,9.5,6.0,64.7
164,D,0,0,8.0,7.5,8.2,6.3,50.0
165,A,1,1,4.7,7.6,6.0,6.0,73.8
165,B,1,0,6.9,6.5,5.9,6.3,59.3
165,C,1,1,8.0,4.0,8.8,4.7,75.8
165,D,1,0,10,6.7,7.3,7.1,68.5
166,A,1,0,6.3,7.3,6.3,8.5,64.0
166,B,1,0,7.0,9.4,7.3,5.2,64.8
166,C,1,1,6.1,6.9,7.5,7.3,79.7
166,D,0,0,8.1,7.1,6.6,6.3,46.8
167,A,1,1,10,9.8,6.5,5.9,87.0
167,B,1,0,6.4,7.9,7.5,5.4,62.0
167,C,1,0,6.5,7.6,8.9,7.8,68.0
167,D,1,1,8.8,10,6.9,6.7,87.3
168,A,1,1,6.8,8.0,5.6,7.9,80.5
168,B,1,0,8.4,7.7,6.1,8.2,67.3
168,C,1,0,5.6,5.8,5.0,7.9,57.2
168,D,1,1,7.7,9.5,8.3,7.2,87.8
169,A,1,1,7.4,9.1,7.8,5.7,83.3
169,B,1,1,6.6,7.1,6.3,7.2,78.7
169,C,1,0,6.3,7.1,9.4,7.1,66.5
169,D,1,1,8.7,8.1,5.1,6.3,80.3
170,A,0,0,7.7,8.3,3.9,5.8,42.8
170,B,1,1,9.3,6.3,8.5,4.1,80.3
170,C,1,0,7.3,5.9,7.6,3.8,57.7
170,D,1,0,8.9,8.0,8.7,9.2,74.7
171,A,0,1,7.2,8.0,6.1,6.0,62.2
171,B,1,1,7.8,7.2,8.5,5.4,81.5
171,C,1,1,6.3,8.1,7.7,8.2,83.8
171,D,1,1,7.7,8.6,10,5.1,85.7
172,A,0,1,8.0,7.1,6.9,7.8,66.3
172,B,1,1,9.1,6.2,8.1,7.7,85.2
172,C,0,1,6.9,6.0,6.5,5.7,58.5
172,D,1,1,7.6,8.7,8.5,6.7,85.8
173,A,1,0,8.5,7.1,5.8,5.2,61.0
173,B,1,1,7.0,7.3,8.9,7.9,85.2
173,C,0,1,6.3,6.9,6.5,7.6,62.2
173,D,1,0,8.1,9.9,7.6,8.0,72.7
174,A,1,0,9.5,7.5,8.2,5.6,68.0
174,B,0,1,6.9,6.1,7.4,8.0,64.0
174,C,1,1,4.2,4.2,5.9,6.6,68.2
174,D,0,1,7.8,6.9,9.0,7.9,69.3
175,A,0,1,6.8,6.8,6.8,7.1,62.5
175,B,0,1,7.5,8.8,5.2,6.6,63.5
175,C,0,1,6.4,5.9,6.4,6.1,58.0
175,D,1,1,10,9.3,7.0,7.0,88.8
176,A,1,1,6.7,9.9,8.7,7.0,87.2
176,B,0,1,9.1,8.4,8.0,6.5,70.0
176,C,1,1,6.8,6.9,6.7,5.9,77.2
176,D,1,1,7.2,8.8,8.8,7.6,87.3
177,A,1,1,7.3,8.1,6.1,7.1,81.0
177,B,0,0,9.9,7.0,8.3,8.3,55.8
177,C,0,0,6.5,6.6,7.5,6.8,45.7
177,D,1,1,9.8,9.7,7.7,5.9,88.5
178,A,1,0,8.4,7.1,5.4,6.1,61.7
178,B,1,1,9.9,7.1,8.9,5.7,86.0
178,C,0,1,8.9,5.4,7.1,4.9,60.5
178,D,1,0,7.3,6.9,10,4.9,65.2
179,A,1,0,8.4,8.0,5.0,7.4,64.7
179,B,1,1,8.5,8.5,5.1,5.7,79.7
179,C,1,1,5.9,7.4,8.1,8.2,82.7
179,D,1,1,8.4,7.8,5.9,6.2,80.5
180,A,0,0,7.9,9.7,7.7,6.0,52.2
180,B,1,0,6.9,8.6,7.2,5.8,64.2
180,C,1,0,5.6,6.7,6.0,6.8,58.5
180,D,1,0,8.6,8.8,7.3,5.9,67.7
181,A,0,0,7.6,8.5,9.3,5.1,50.8
181,B,0,1,6.9,6.7,7.5,7.9,65.0
181,C,1,0,5.6,6.1,6.6,7.5,59.7
181,D,1,0,8.0,8.9,7.0,8.4,70.5
182,A,1,0,6.8,6.4,8.2,6.3,62.8
182,B,1,1,8.9,8.7,6.9,6.9,85.7
182,C,1,1,6.6,4.9,8.1,7.3,78.2
182,D,1,0,10,5.4,7.6,5.6,64.3
183,A,1,1,5.6,9.6,6.4,5.8,79.0
183,B,1,0,8.5,7.6,7.4,7.0,67.5
183,C,0,1,7.1,4.2,6.2,6.1,56.0
183,D,1,1,6.4,7.8,10,7.8,86.7
184,A,0,1,8.8,9.1,9.1,6.1,71.8
184,B,1,0,8.7,6.7,9.3,7.5,70.3
184,C,0,0,4.7,6.8,7.2,5.8,40.8
184,D,1,1,8.3,7.7,8.6,6.0,84.3
185,A,1,0,6.2,8.5,5.5,6.2,60.7
185,B,1,0,7.5,5.2,10,5.1,63.0
185,C,0,1,2.8,7.3,5.9,8.1,56.8
185,D,0,0,9.6,7.2,5.9,7.9,51.0
186,A,0,0,6.8,7.3,6.8,6.8,46.2
186,B,1,1,8.7,5.1,7.8,4.8,77.3
186,C,1,0,5.7,3.6,8.4,7.4,58.5
186,D,1,1,9.7,8.2,7.6,6.8,87.2
187,A,1,1,8.2,6.7,7.4,6.4,81.2
187,B,0,0,8.1,7.2,8.2,8.5,53.3
187,C,1,0,5.8,6.3,8.5,8.2,64.7
187,D,1,1,6.1,7.4,6.3,7.6,79.0
188,A,1,1,8.7,5.2,5.0,5.1,73.3
188,B,1,0,8.4,6.8,8.6,5.1,64.8
188,C,0,0,6.3,4.9,7.2,6.5,41.5
188,D,1,0,10,8.3,7.0,7.2,70.8
189,A,0,0,7.2,8.7,9.7,6.7,53.8
189,B,0,1,8.6,7.7,8.7,8.4,72.3
189,C,0,0,5.3,5.0,7.5,5.7,39.2
189,D,1,1,10.0,7.4,5.1,6.9,82.3
190,A,1,1,9.1,8.5,6.8,5.7,83.5
190,B,0,0,8.1,6.1,6.5,5.2,43.2
190,C,1,1,6.3,5.5,8.0,8.4,80.3
190,D,1,1,9.0,10,6.7,7.7,89.0
191,A,1,0,6.1,8.0,6.6,5.1,59.7
191,B,0,0,9.2,9.9,5.8,6.1,51.7
191,C,1,0,2.0,8.4,4.8,6.8,53.3
191,D,0,1,7.2,8.3,6.1,9.5,68.5
192,A,1,1,6.2,6.9,4.1,6.3,72.5
192,B,0,0,6.2,6.7,7.2,5.5,42.7
192,C,0,1,6.3,5.9,8.7,6.4,62.2
192,D,1,1,6.5,7.1,8.2,8.6,84.0
193,A,1,1,5.5,8.5,5.3,6.4,76.2
193,B,1,0,9.3,8.7,6.9,5.0,66.5
193,C,1,0,7.3,5.7,3.8,6.2,55.0
193,D,0,1,7.8,7.3,9.2,9.6,73.2
194,A,0,0,7.2,8.3,6.8,5.9,47.0
194,B,1,0,9.0,6.7,5.4,5.9,61.7
194,C,0,0,6.0,6.3,7.6,9.7,49.3
194,D,1,0,7.9,7.5,5.0,9.8,67.0
195,A,1,0,8.5,9.2,5.1,6.2,65.0
195,B,1,1,8.8,7.7,9.0,6.4,86.5
195,C,1,1,5.9,4.7,8.6,6.6,76.3
195,D,1,0,8.1,7.7,10,6.4,70.3
196,A,1,1,7.4,8.4,5.3,5.6,77.8
196,B,1,1,8.8,6.2,8.6,6.1,82.8
196,C,0,0,6.6,6.5,6.4,6.3,43.0
196,D,1,1,8.2,8.7,6.4,3.7,78.3
197,A,0,1,6.5,8.5,6.5,5.8,62.2
197,B,1,0,7.1,8.3,7.5,5.4,63.8
197,C,0,1,4.8,6.0,6.3,7.5,57.7
197,D,1,1,6.9,7.3,8.0,8.5,84.5
198,A,1,0,7.9,6.7,4.1,8.9,62.7
198,B,1,0,9.5,7.1,7.2,7.9,69.5
198,C,0,0,5.7,5.8,7.3,9.5,47.2
198,D,1,1,7.8,8.0,8.4,5.9,83.5
199,A,1,1,7.9,7.4,8.8,7.4,85.8
199,B,0,0,7.7,8.3,9.5,4.5,50.0
199,C,0,0,4.2,6.2,5.5,7.0,38.2
199,D,1,0,7.4,7.9,8.1,7.4,68.0
200,A,0,0,7.7,7.3,4.9,6.5,44.0
200,B,1,0,9.0,8.7,8.7,8.6,75.0
200,C,1,1,6.9,5.7,6.4,7.1,76.8
200,D,0,1,7.8,9.2,8.8,5.4,68.7
201,A,0,1,8.6,9.2,9.8,7.5,75.2
201,B,1,1,9.7,7.6,8.4,6.7,87.3
201,C,1,0,7.0,6.3,7.1,7.2,62.7
201,D,1,1,9.4,9.5,8.9,7.2,91.7
202,A,0,0,8.6,8.6,6.8,8.9,54.8
202,B,1,0,8.6,8.9,8.6,8.4,74.2
202,C,0,0,5.9,4.8,7.4,6.9,41.7
202,D,1,0,9.4,7.2,10,7.8,74.0
203,A,1,0,8.5,9.4,6.7,6.2,68.0
203,B,1,1,7.5,7.1,9.1,5.6,82.2
203,C,1,1,4.3,9.2,6.7,6.4,77.7
203,D,1,0,6.9,9.7,6.2,3.4,60.3
204,A,0,0,10,6.8,4.6,5.0,44.0
204,B,1,1,8.2,10,10,7.2,92.3
204,C,1,0,5.5,6.9,8.5,5.2,60.2
204,D,1,1,9.9,7.9,9.0,5.4,87.0
205,A,0,1,8.1,7.5,9.2,2.8,62.7
205,B,0,1,9.7,7.6,4.5,6.7,64.2
205,C,1,0,5.8,5.3,6.4,6.0,55.8
205,D,1,0,6.0,5.4,9.4,7.8,64.3
206,A,0,0,7.5,9.6,7.3,7.5,53.2
206,B,1,1,6.7,9.6,8.5,6.3,85.2
206,C,1,0,6.8,6.9,4.5,6.9,58.5
206,D,1,1,7.2,8.5,9.5,5.7,84.8
207,A,0,0,9.2,7.0,7.7,6.1,50.0
207,B,1,0,8.8,7.7,8.7,6.1,68.8
207,C,0,1,5.7,5.5,6.8,8.0,60.0
207,D,1,0,7.6,6.8,9.3,6.9,67.7
208,A,1,0,7.2,5.9,5.7,8.2,61.7
208,B,1,1,8.1,9.9,4.4,5.5,79.8
208,C,1,0,7.9,6.7,6.1,6.9,62.7
208,D,0,1,7.5,6.9,9.0,8.1,69.2
209,A,0,0,8.0,7.8,6.9,6.2,48.2
209,B,1,1,8.5,6.8,8.8,5.2,82.2
209,C,1,1,6.9,5.8,5.0,7.8,75.8
209,D,1,1,8.6,7.4,7.9,6.0,83.2
210,A,1,0,9.5,7.5,6.9,8.6,70.8
210,B,0,1,4.4,6.2,8.5,5.3,57.3
210,C,1,0,7.2,6.7,8.1,6.8,64.7
210,D,1,1,8.3,8.0,5.0,6.0,78.8
211,A,0,0,8.6,7.0,6.6,6.6,48.0
211,B,0,0,9.2,7.3,6.5,8.2,52.0
211,C,1,0,6.5,8.6,6.8,6.0,63.2
211,D,1,1,5.5,9.5,7.2,8.5,84.5
212,A,1,1,7.0,8.2,7.0,6.0,80.3
212,B,1,1,6.1,7.9,8.8,7.8,84.3
212,C,0,1,8.1,5.8,7.7,5.6,62.0
212,D,0,0,6.3,7.4,9.1,5.9,47.8
213,A,0,0,7.9,9.0,6.2,7.6,51.2
213,B,0,0,8.4,4.9,9.1,7.0,49.0
213,C,1,1,5.8,8.0,4.8,9.1,79.5
213,D,1,0,8.2,9.5,8.4,7.4,72.5
214,A,1,1,5.6,7.2,7.4,5.4,76.0
214,B,1,1,10,9.3,6.5,5.2,85.0
214,C,0,0,6.1,7.1,8.7,6.3,47.0
214,D,1,1,9.1,8.2,9.6,9.7,94.3
215,A,1,0,9.0,9.3,4.0,6.7,65.0
215,B,1,0,8.9,7.4,8.7,5.2,67.0
215,C,1,1,6.8,6.7,7.4,8.0,81.5
215,D,1,1,10,8.0,5.0,6.9,83.2
216,A,1,0,9.6,8.2,7.3,6.2,68.8
216,B,1,1,7.1,9.2,6.7,6.0,81.7
216,C,1,0,6.2,6.7,7.1,9.8,66.3
216,D,1,0,8.4,9.5,7.9,7.2,71.7
217,A,1,0,8.8,6.4,6.7,5.5,62.3
217,B,1,0,7.6,8.3,9.0,7.3,70.3
217,C,1,0,6.6,4.0,7.0,7.1,57.8
217,D,1,1,7.7,7.8,8.7,4.6,81.3
218,A,1,1,7.8,7.3,6.3,7.6,81.7
218,B,0,1,5.4,7.9,8.3,6.9,64.2
218,C,0,0,7.1,7.6,7.2,5.7,46.0
218,D,1,1,7.2,8.4,6.5,6.6,81.2
219,A,0,1,5.5,8.9,5.2,5.3,58.2
219,B,1,0,8.7,5.3,8.4,7.4,66.3
219,C,1,1,6.2,7.9,8.2,5.6,79.8
219,D,1,0,7.4,9.9,7.1,4.7,65.2
220,A,1,1,7.1,8.8,9.9,8.3,90.2
220,B,1,0,8.4,7.1,6.6,7.9,66.7
220,C,1,0,5.5,6.4,9.4,7.8,65.2
220,D,1,0,6.9,6.9,9.5,7.4,67.8
221,A,0,0,8.5,7.6,7.7,6.3,50.2
221,B,1,1,7.8,5.0,6.6,5.7,75.2
221,C,0,0,6.7,7.4,7.9,5.6,46.0
221,D,1,1,8.0,7.7,9.2,6.8,86.2
222,A,1,1,5.8,9.0,5.6,7.7,80.2
222,B,1,1,7.9,5.0,5.6,6.9,75.7
222,C,1,0,9.0,6.5,7.3,8.1,68.2
222,D,1,1,7.0,10,8.7,7.1,88.0
223,A,1,1,10,8.8,7.0,5.7,85.8
223,B,1,0,7.2,8.8,6.7,6.5,65.3
223,C,1,0,6.9,7.3,8.8,7.7,67.8
223,D,1,1,7.8,8.0,5.7,6.2,79.5
224,A,0,1,6.6,8.7,7.4,6.9,66.0
224,B,0,0,5.7,6.8,5.9,8.1,44.2
224,C,1,0,5.9,6.6,7.2,6.8,60.8
224,D,1,1,6.7,9.2,8.8,7.2,86.5
225,A,0,0,7.8,7.7,9.1,4.6,48.7
225,B,1,1,7.3,8.0,8.5,6.9,84.5
225,C,1,1,5.8,7.8,6.5,4.1,73.7
225,D,1,0,6.9,6.6,4.7,7.1,58.8
226,A,0,1,7.4,6.2,5.6,4.1,55.5
226,B,0,0,8.1,8.6,8.0,7.2,53.2
226,C,1,0,5.7,7.7,6.5,7.0,61.5
226,D,1,1,9.4,6.4,8.3,8.1,87.0
227,A,1,0,10.0,10,7.4,4.8,70.3
227,B,1,1,10,7.9,9.2,5.8,88.2
227,C,0,0,9.7,5.7,7.1,6.0,47.5
227,D,1,0,7.0,8.0,6.7,5.8,62.5
228,A,1,0,9.0,8.8,9.8,8.1,76.2
228,B,1,1,7.1,7.6,6.9,7.2,81.3
228,C,0,1,3.2,6.4,8.2,7.0,58.0
228,D,0,1,9.0,8.5,6.4,7.2,68.5
229,A,1,1,6.8,4.9,7.6,4.5,73.0
229,B,1,0,9.0,8.7,8.9,7.8,74.0
229,C,1,1,6.7,7.1,8.2,5.1,78.5
229,D,1,0,9.8,5.6,8.7,8.0,70.2
230,A,1,1,8.9,7.5,6.7,7.6,84.5
230,B,0,0,8.1,6.3,6.9,6.4,46.2
230,C,0,0,5.3,5.1,8.6,7.7,44.5
230,D,1,0,8.5,8.7,7.8,8.3,72.2
231,A,1,1,6.6,7.7,7.3,4.8,77.3
231,B,1,1,6.1,7.0,9.0,5.3,79.0
231,C,1,1,5.4,6.1,6.2,8.5,77.0
231,D,1,0,6.6,8.7,9.2,7.6,70.2
232,A,0,1,4.6,8.9,5.7,7.3,60.8
232,B,1,0,8.0,8.9,5.9,8.5,68.8
232,C,1,1,8.0,5.8,6.6,6.7,78.5
232,D,1,1,7.7,10,10,3.3,85.0
233,A,1,0,5.9,8.7,5.3,5.5,59.0
233,B,1,0,7.1,7.5,9.4,8.2,70.3
233,C,1,1,6.3,7.5,6.2,7.3,78.8
233,D,0,1,6.9,7.6,6.3,6.3,61.8
234,A,1,0,9.3,7.2,8.6,9.5,74.3
234,B,1,0,7.8,6.0,6.7,5.9,60.7
234,C,1,0,5.0,4.3,6.0,6.2,52.5
234,D,1,0,9.1,8.2,6.9,7.7,69.8
235,A,1,1,7.7,10,7.2,6.8,86.2
235,B,1,1,8.1,7.3,7.5,6.3,82.0
235,C,0,1,6.1,6.3,7.2,8.0,62.7
235,D,0,1,6.7,7.8,7.9,5.1,62.5
236,A,0,1,7.8,7.0,7.3,8.8,68.2
236,B,0,1,8.4,7.0,6.8,7.0,65.3
236,C,1,0,4.6,6.6,7.5,9.9,64.3
236,D,1,1,10,7.8,9.1,8.7,92.7
237,A,1,0,7.2,6.0,5.3,6.2,57.8
237,B,1,0,7.9,7.8,8.8,4.5,65.0
237,C,1,1,7.4,6.1,8.4,5.3,78.7
237,D,1,0,9.3,10,8.6,7.2,75.2
238,A,1,1,8.0,7.9,7.9,7.8,86.0
238,B,1,0,8.4,5.1,7.4,7.1,63.3
238,C,0,0,6.4,5.4,8.4,6.5,44.5
238,D,1,0,6.7,8.6,9.9,6.6,69.7
239,A,1,0,7.7,10,5.3,6.7,66.2
239,B,1,1,7.4,6.1,6.7,4.5,74.5
239,C,1,1,5.7,7.3,8.6,6.5,80.2
239,D,1,1,6.3,7.4,7.2,6.3,78.7
240,A,0,1,7.8,8.4,6.7,7.8,67.8
240,B,0,1,7.1,8.3,6.0,7.3,64.5
240,C,1,1,6.7,5.0,5.4,5.9,71.7
240,D,0,1,7.9,8.7,9.7,3.4,66.2
241,A,1,0,8.6,7.7,4.7,7.9,64.8
241,B,1,1,7.3,6.0,6.4,8.4,80.2
241,C,1,0,5.6,6.1,4.5,10.0,60.3
241,D,1,1,6.9,10,6.9,5.6,82.3
242,A,0,1,7.2,8.0,6.7,6.9,64.7
242,B,1,1,8.1,8.2,7.5,6.4,83.7
242,C,0,0,5.8,5.6,7.3,5.7,40.7
242,D,1,1,8.2,7.3,7.5,6.6,82.7
243,A,1,0,7.7,7.3,8.3,5.5,64.7
243,B,1,1,8.6,7.2,8.6,6.9,85.5
243,C,0,0,5.7,7.1,6.2,5.4,40.7
243,D,1,1,9.8,9.3,6.2,8.2,89.2
244,A,0,0,8.2,10,8.7,6.4,55.5
244,B,0,1,7.8,4.3,7.2,5.7,58.3
244,C,0,0,5.0,5.9,7.3,8.7,44.8
244,D,1,1,8.3,8.7,7.8,6.1,84.8
245,A,1,1,7.1,8.0,5.5,5.9,77.5
245,B,1,1,7.2,7.1,6.4,5.0,76.2
245,C,1,1,4.9,5.2,7.1,7.2,74.0
245,D,1,1,8.0,9.2,7.3,5.1,82.7
246,A,1,1,7.3,7.4,9.0,6.1,83.0
246,B,0,1,9.3,9.1,9.3,4.2,69.8
246,C,0,0,7.0,6.8,7.6,7.7,48.5
246,D,0,1,7.8,8.3,8.6,6.6,68.8
247,A,1,1,7.7,8.2,6.4,5.6,79.8
247,B,1,1,10,8.9,7.4,6.8,88.5
247,C,0,1,5.9,5.8,10,6.9,64.3
247,D,0,0,7.7,8.9,8.0,7.6,53.7
248,A,0,1,7.8,7.6,7.3,7.2,66.5
248,B,1,0,7.2,7.7,7.4,6.8,65.2
248,C,1,0,6.7,5.0,5.8,7.2,57.8
248,D,1,0,7.7,6.2,7.7,4.4,60.0
249,A,1,1,4.6,9.3,7.8,5.9,79.3
249,B,0,0,6.9,5.6,6.1,7.7,43.8
249,C,1,1,8.2,8.9,7.3,8.9,88.8
249,D,1,1,6.6,8.8,8.3,6.5,83.7
250,A,0,0,8.4,8.2,4.3,5.0,43.2
250,B,1,1,8.0,9.5,7.6,5.1,83.7
250,C,1,0,7.1,6.2,7.5,5.8,61.0
250,D,1,1,9.1,7.3,8.2,8.4,88.3
251,A,1,0,8.3,5.5,7.7,5.2,61.2
251,B,1,1,6.5,6.1,10,6.0,81.0
251,C,0,0,6.3,6.7,7.3,6.8,45.2
251,D,1,0,7.4,8.8,8.6,6.8,69.3
252,A,1,0,6.5,7.5,8.3,5.7,63.3
252,B,0,0,6.1,7.4,7.2,8.1,48.0
252,C,1,0,4.5,7.7,6.4,6.8,59.0
252,D,1,0,8.2,9.3,9.0,4.6,68.5
253,A,0,0,6.7,8.3,5.7,4.1,41.3
253,B,1,0,7.1,9.5,8.3,6.6,69.2
253,C,1,0,5.2,5.3,6.3,6.4,55.3
253,D,1,0,8.6,10.0,8.7,8.0,75.5
254,A,1,1,7.7,7.6,10,6.3,86.0
254,B,1,1,8.5,7.8,5.8,6.7,81.3
254,C,0,1,7.1,6.9,6.1,7.9,63.3
254,D,1,1,9.6,6.4,8.5,4.0,80.8
255,A,1,1,7.8,7.1,7.5,6.2,81.0
255,B,1,1,8.0,5.8,10,6.2,83.3
255,C,0,0,4.8,6.6,6.6,6.3,40.5
255,D,1,1,8.6,9.3,6.5,3.8,80.3
256,A,1,1,8.3,6.9,7.3,6.1,81.0
256,B,1,1,10,10,9.8,5.8,92.7
256,C,1,1,6.1,4.6,8.9,5.7,75.5
256,D,1,1,7.7,8.9,9.2,7.4,88.7
257,A,0,0,8.0,9.8,7.6,4.0,49.0
257,B,0,1,8.1,6.9,8.9,7.4,68.8
257,C,0,0,8.0,6.4,7.6,5.7,46.2
257,D,1,0,6.2,8.7,6.8,5.1,61.3
258,A,1,0,7.6,9.0,6.5,6.6,66.2
258,B,1,0,8.0,7.7,6.2,4.7,61.0
258,C,1,0,7.1,9.9,7.1,8.4,70.8
258,D,0,0,7.0,8.1,7.9,5.9,48.2
259,A,1,0,5.5,8.1,8.0,7.1,64.5
259,B,1,1,9.1,5.1,8.7,6.2,81.8
259,C,1,0,8.5,7.0,7.1,7.8,67.3
259,D,0,1,8.8,7.2,7.1,7.4,67.5
260,A,1,1,7.2,8.3,9.3,6.8,86.0
260,B,1,0,6.9,8.3,7.8,6.2,65.3
260,C,1,0,8.2,5.5,10,6.7,67.3
260,D,0,0,7.8,7.3,7.3,6.8,48.7
261,A,1,0,6.8,4.3,7.3,6.6,58.3
261,B,1,1,5.3,10,10.0,7.6,88.2
261,C,1,1,7.4,5.1,7.2,6.5,77.0
261,D,1,0,4.0,7.5,8.2,7.8,62.5
262,A,0,0,7.6,9.0,6.9,7.8,52.2
262,B,0,0,6.5,10,7.2,6.7,50.7
262,C,0,1,5.6,5.4,8.5,8.6,63.5
262,D,1,0,9.5,8.2,7.4,8.1,72.0
263,A,0,1,8.3,9.1,7.2,9.0,72.7
263,B,1,0,8.5,9.0,8.1,7.0,71.0
263,C,0,0,6.0,6.2,7.6,6.6,44.0
263,D,1,0,7.3,8.4,9.6,6.7,70.0
264,A,1,1,6.2,7.4,7.3,6.2,78.5
264,B,1,0,8.5,6.1,7.8,7.2,66.0
264,C,1,0,5.6,6.6,6.3,6.6,58.5
264,D,0,1,8.9,9.0,9.4,3.3,67.7
265,A,0,0,6.6,7.3,9.5,7.9,52.2
265,B,1,0,7.7,8.4,8.6,4.3,65.0
265,C,0,0,5.8,5.1,7.5,8.5,44.8
265,D,1,0,7.5,10,8.9,8.1,74.2
266,A,1,1,6.2,7.1,5.1,7.1,75.8
266,B,0,1,7.9,8.9,6.5,4.7,63.3
266,C,0,0,7.0,6.0,6.3,7.4,44.5
266,D,1,1,9.4,9.6,9.5,6.7,92.0
267,A,1,0,7.6,9.5,6.6,7.5,68.7
267,B,1,1,10,8.4,5.4,5.8,82.7
267,C,0,1,7.0,6.5,8.4,7.3,65.3
267,D,0,0,8.9,7.9,8.9,4.2,49.8
268,A,1,1,9.1,8.6,7.7,8.9,90.5
268,B,1,1,8.9,8.4,8.7,8.1,90.2
268,C,1,0,7.2,8.4,7.2,7.0,66.3
268,D,1,0,8.4,7.8,7.4,8.1,69.5
269,A,1,1,6.4,6.2,6.4,5.4,74.0
269,B,1,1,6.4,8.0,7.9,6.1,80.7
269,C,1,0,4.4,4.2,6.5,7.9,55.0
269,D,1,0,8.1,8.6,6.8,6.0,65.8
270,A,1,1,7.9,9.3,6.5,6.0,82.8
270,B,1,0,9.4,6.7,7.6,6.6,67.2
270,C,1,0,5.8,5.3,5.5,8.2,58.0
270,D,1,0,7.7,5.9,8.8,6.2,64.3
271,A,1,1,8.2,7.8,8.5,6.5,85.0
271,B,1,1,9.3,9.2,6.9,5.8,85.3
271,C,0,1,5.1,5.1,8.4,6.8,59.0
271,D,1,0,9.8,9.1,8.8,5.4,71.8
272,A,0,0,7.2,8.8,7.7,7.5,52.0
272,B,0,0,6.3,9.4,8.4,5.9,50.0
272,C,0,0,7.0,6.8,7.6,7.2,47.7
272,D,1,0,8.2,9.9,7.7,8.2,73.3
273,A,1,0,9.2,7.7,5.0,6.2,63.5
273,B,1,0,6.6,7.8,9.2,5.0,64.3
273,C,1,0,6.3,6.9,7.9,7.9,65.0
273,D,1,1,9.9,8.5,8.3,6.7,89.0
274,A,1,1,7.4,6.2,6.9,5.5,76.7
274,B,1,0,6.0,6.6,4.4,4.8,53.0
274,C,0,0,7.6,8.5,8.4,6.8,52.2
274,D,0,1,7.4,9.8,8.8,7.2,72.0
275,A,1,0,6.6,7.3,5.3,6.5,59.5
275,B,0,1,5.6,7.4,8.1,7.8,64.8
275,C,1,0,5.5,3.8,7.6,6.5,55.7
275,D,1,1,9.2,7.6,7.5,8.5,88.0
276,A,0,1,7.9,10,8.8,7.3,73.3
276,B,1,1,9.7,8.7,7.0,4.1,82.5
276,C,1,0,5.9,6.2,5.1,8.2,59.0
276,D,1,0,7.9,8.2,6.3,6.5,64.8
277,A,1,1,7.0,5.6,5.5,5.9,73.3
277,B,0,1,7.2,5.9,5.1,7.4,59.3
277,C,1,1,5.8,7.5,6.2,6.0,75.8
277,D,1,0,8.9,8.6,8.6,6.3,70.7
278,A,1,0,9.9,7.2,6.0,6.0,65.2
278,B,0,1,9.6,7.6,5.9,5.4,64.2
278,C,0,0,6.9,6.1,7.1,6.5,44.3
278,D,1,1,8.9,9.0,5.8,6.9,84.3
279,A,0,0,4.9,9.3,7.6,4.7,44.2
279,B,0,1,8.7,6.8,8.4,8.3,70.3
279,C,1,0,6.9,5.6,6.7,7.5,61.2
279,D,0,1,7.4,7.1,8.3,7.7,67.5
280,A,1,0,7.1,7.7,9.5,7.4,69.5
280,B,0,0,7.6,6.1,9.5,6.1,48.8
280,C,1,0,4.1,6.4,6.2,6.3,55.0
280,D,1,1,8.4,8.1,8.6,7.4,87.5
281,A,1,1,10,9.2,6.1,6.7,86.7
281,B,1,1,9.8,8.2,8.6,5.2,86.3
281,C,0,0,7.1,5.4,5.8,6.8,41.8
281,D,1,0,7.1,7.4,8.2,4.2,61.5
282,A,1,0,7.4,7.8,5.8,6.2,62.0
282,B,1,1,6.4,5.0,5.7,5.5,71.0
282,C,1,1,6.2,6.7,7.1,10,83.3
282,D,1,1,7.6,9.1,8.0,6.2,84.8
283,A,0,1,6.1,7.0,6.0,5.1,57.0
283,B,1,1,7.9,9.0,8.0,7.4,87.2
283,C,0,0,7.9,5.5,8.0,7.6,48.3
283,D,1,0,7.3,7.8,4.8,5.6,59.2
284,A,1,1,6.1,7.8,5.7,6.6,77.0
284,B,0,0,6.2,7.2,6.4,8.3,46.8
284,C,0,1,6.6,4.4,8.0,7.3,60.5
284,D,1,1,7.1,7.6,8.5,7.3,84.2
285,A,1,1,5.8,9.4,9.2,5.1,82.5
285,B,1,1,8.4,8.1,7.3,6.0,83.0
285,C,1,0,6.8,5.3,9.0,6.9,63.3
285,D,1,1,6.7,8.6,8.5,7.7,85.8
286,A,1,0,6.9,7.6,7.0,5.2,61.2
286,B,1,1,9.0,6.6,7.3,8.5,85.7
286,C,0,0,9.1,5.4,6.1,5.4,43.3
286,D,1,1,7.5,7.9,7.6,7.9,84.8
287,A,1,0,5.2,8.0,4.0,6.3,55.8
287,B,1,0,7.2,7.0,6.6,6.9,62.8
287,C,1,0,5.4,6.0,7.0,7.6,60.0
287,D,1,1,7.8,8.0,8.7,5.6,83.5
288,A,1,1,7.2,9.2,6.4,6.9,82.8
288,B,1,0,7.5,7.1,9.5,5.7,66.3
288,C,0,1,6.3,7.0,4.2,5.7,55.3
288,D,1,0,8.1,8.2,6.4,5.1,63.0
289,A,0,1,8.6,6.6,8.8,4.3,63.8
289,B,1,0,7.7,8.2,6.7,6.6,65.3
289,C,1,0,6.4,5.2,6.2,7.0,58.0
289,D,0,0,6.4,9.7,6.3,6.8,48.7
290,A,1,0,5.5,6.3,7.3,7.5,61.0
290,B,1,1,6.4,6.6,8.2,8.0,82.0
290,C,1,1,4.9,6.6,8.0,8.8,80.5
290,D,1,1,7.6,8.9,7.7,7.9,86.8
291,A,0,0,9.8,7.8,8.2,7.2,55.0
291,B,0,0,9.6,6.4,9.6,6.2,53.0
291,C,0,1,6.5,7.7,7.7,7.4,65.5
291,D,0,1,9.0,8.0,7.6,5.2,66.3
292,A,0,1,6.4,4.0,6.4,6.9,56.2
292,B,1,0,9.4,6.1,7.0,7.9,67.3
292,C,1,1,6.8,7.2,8.6,7.3,83.2
292,D,1,0,9.5,9.9,8.9,6.8,75.2
293,A,1,1,8.6,7.8,6.1,8.7,85.3
293,B,1,1,7.0,6.9,7.6,8.9,84.0
293,C,0,0,6.8,6.9,7.6,7.4,47.8
293,D,1,0,7.6,7.8,6.3,8.1,66.3
294,A,1,0,7.4,8.5,7.2,6.0,65.2
294,B,1,0,8.5,6.8,7.2,7.1,66.0
294,C,1,0,6.9,5.5,7.4,6.4,60.3
294,D,0,1,7.1,8.5,6.8,8.2,67.7
295,A,1,1,5.7,8.6,7.8,7.7,83.0
295,B,1,1,10,7.6,7.7,8.4,89.5
295,C,0,0,4.3,5.2,5.6,6.1,35.3
295,D,0,0,7.1,9.9,7.8,6.4,52.0
296,A,1,1,8.2,8.5,7.2,5.9,83.0
296,B,1,1,8.2,5.9,7.3,9.2,84.3
296,C,0,0,6.0,7.3,7.3,6.3,44.8
296,D,1,1,6.2,8.3,7.1,6.8,80.7
297,A,1,1,7.1,8.0,6.0,8.3,82.3
297,B,0,1,6.9,5.4,7.4,6.8,60.8
297,C,0,0,6.3,8.4,7.1,7.7,49.2
297,D,0,1,8.8,7.6,7.6,8.0,70.0
298,A,1,0,6.0,8.7,6.6,6.3,62.7
298,B,1,1,10,6.1,8.5,6.8,85.7
298,C,1,1,5.3,4.7,6.3,7.4,72.8
298,D,1,1,8.1,7.1,8.3,4.6,80.2
299,A,0,1,7.0,8.4,7.4,6.9,66.2
299,B,1,1,9.7,7.6,7.2,9.0,89.2
299,C,0,0,5.6,6.1,5.0,7.4,40.2
299,D,0,1,6.9,9.2,7.4,6.9,67.3
300,A,1,0,6.9,8.5,6.6,7.4,65.7
300,B,0,0,9.9,5.4,7.0,5.7,46.7
300,C,1,0,8.7,5.3,7.3,6.6,63.2
300,D,1,0,8.4,6.0,10,7.2,69.3
301,A,0,1,5.4,9.2,5.2,7.2,61.7
301,B,1,1,8.5,9.2,7.8,7.5,88.3
301,C,1,0,6.9,7.2,8.0,9.1,68.7
301,D,0,1,9.0,8.7,9.4,8.1,75.3
302,A,0,1,8.7,10,6.8,6.8,70.5
302,B,1,0,9.1,7.4,7.1,7.9,69.2
302,C,0,1,5.1,7.9,8.0,9.3,67.2
302,D,0,1,8.1,8.9,7.1,8.3,70.7
303,A,1,0,7.9,5.8,7.8,8.4,66.5
303,B,1,1,7.4,7.1,8.7,5.3,80.8
303,C,1,0,8.0,7.2,6.4,6.8,64.0
303,D,1,0,9.2,9.0,7.5,8.3,73.3
304,A,1,1,10,6.6,6.8,6.9,83.8
304,B,1,0,8.0,8.9,6.7,7.9,69.2
304,C,1,0,8.5,6.0,7.5,6.6,64.3
304,D,1,1,8.9,10,5.7,8.0,87.7
305,A,0,0,4.5,7.7,6.4,7.3,43.2
305,B,1,1,6.7,8.5,6.3,5.0,77.5
305,C,1,1,7.6,7.9,4.5,5.6,76.0
305,D,0,1,8.8,5.8,7.6,5.6,63.0
306,A,1,0,5.9,6.5,7.0,6.0,59.0
306,B,1,0,7.6,9.0,8.0,4.8,65.7
306,C,0,0,6.4,5.6,8.4,7.8,47.0
306,D,1,1,7.8,7.6,6.8,6.9,81.8
307,A,0,0,10,7.0,7.6,6.5,51.8
307,B,1,1,8.3,6.6,7.9,6.5,82.2
307,C,1,0,8.0,6.9,6.4,9.1,67.3
307,D,1,1,6.1,9.0,7.4,6.6,81.8
308,A,1,1,6.8,7.8,4.3,5.4,73.8
308,B,0,1,8.5,6.7,6.9,5.6,62.8
308,C,1,0,8.0,7.3,6.6,4.0,59.8
308,D,1,1,7.8,7.0,4.6,7.0,77.3
309,A,1,0,5.9,6.9,6.5,6.6,59.8
309,B,1,0,8.7,8.8,8.4,8.4,73.8
309,C,0,1,4.7,7.1,7.3,7.8,61.5
309,D,1,1,8.0,10,8.9,6.8,89.5
310,A,1,1,7.6,7.6,6.7,7.8,82.8
310,B,1,0,9.2,7.7,8.7,8.7,73.8
310,C,1,0,6.2,9.3,6.5,7.5,65.8
310,D,1,0,8.5,9.8,6.2,6.5,68.3
311,A,0,0,9.4,8.8,6.8,6.4,52.3
311,B,1,0,9.8,7.4,9.3,6.6,71.8
311,C,1,0,6.1,8.2,5.9,9.1,65.5
311,D,1,0,8.6,7.9,6.5,8.3,68.8
312,A,0,0,5.1,7.8,6.9,7.0,44.7
312,B,1,1,8.1,8.7,7.2,5.6,82.7
312,C,1,1,4.6,3.5,5.6,7.3,68.3
312,D,1,1,7.2,7.3,7.8,7.7,83.3
313,A,0,1,6.4,9.1,9.1,3.0,62.7
313,B,1,0,7.3,9.1,7.9,6.7,68.3
313,C,1,1,7.6,4.3,8.4,5.9,77.0
313,D,0,1,7.5,8.2,7.5,4.7,63.2
314,A,1,0,9.1,8.3,7.5,6.3,68.7
314,B,1,0,6.9,5.9,6.3,5.2,57.2
314,C,0,0,4.6,5.7,5.8,6.0,36.8
314,D,1,0,8.4,9.1,6.4,8.0,69.8
315,A,0,0,5.1,8.7,8.0,5.1,44.8
315,B,1,0,6.3,9.7,10,4.1,66.8
315,C,0,0,7.0,6.9,6.8,7.4,46.8
315,D,1,1,8.2,8.0,6.5,8.1,84.7
316,A,1,0,7.3,8.2,8.6,7.4,69.2
316,B,0,0,10,8.6,7.1,6.7,54.0
316,C,1,1,5.1,4.2,5.7,5.1,66.8
316,D,0,1,7.6,7.7,9.7,5.4,67.3
317,A,1,1,10,8.5,5.8,6.0,83.8
317,B,1,1,10,7.1,8.7,5.9,86.2
317,C,0,0,7.4,7.1,8.1,10,54.3
317,D,1,1,9.6,9.0,6.2,6.8,86.0
318,A,0,1,8.5,8.8,8.3,7.1,71.2
318,B,1,1,6.9,6.8,7.5,6.7,79.8
318,C,1,1,6.7,5.6,8.3,10,84.3
318,D,1,0,9.3,9.5,8.8,8.0,76.0
319,A,1,1,7.5,6.6,8.1,5.3,79.2
319,B,1,1,6.8,6.2,10,7.5,84.2
319,C,0,1,6.4,6.9,7.8,6.1,62.0
319,D,1,1,7.9,10,7.6,8.4,89.8
320,A,1,1,8.6,8.2,8.4,4.9,83.5
320,B,1,0,9.9,6.6,6.0,6.9,65.7
320,C,1,1,5.0,6.6,6.9,9.3,79.7
320,D,0,1,7.5,9.6,6.9,6.5,67.5
321,A,1,0,7.5,9.3,7.5,7.4,69.5
321,B,0,1,8.8,6.8,9.5,4.5,66.0
321,C,1,0,5.6,6.0,4.2,6.6,54.0
321,D,1,0,7.4,8.9,7.6,5.8,66.2
322,A,1,0,6.6,10.0,5.8,8.0,67.3
322,B,1,0,9.5,7.5,7.9,6.7,69.3
322,C,1,1,7.4,6.6,8.2,8.7,84.8
322,D,1,1,8.0,10,7.9,6.7,87.7
323,A,1,0,8.1,10,8.8,5.9,71.3
323,B,1,0,6.9,6.0,9.8,5.9,64.3
323,C,0,0,8.8,5.7,5.9,6.4,44.7
323,D,1,1,7.8,8.7,4.9,6.8,80.3
324,A,1,1,7.0,10,6.9,4.3,80.3
324,B,1,0,7.3,5.2,7.0,8.1,62.7
324,C,1,1,7.6,5.7,8.3,7.4,81.7
324,D,1,1,8.7,9.0,7.6,6.5,86.3
325,A,1,0,5.3,9.4,10,7.2,69.8
325,B,1,0,8.1,5.9,7.6,6.4,63.3
325,C,0,1,6.8,5.8,5.7,9.2,62.5
325,D,1,1,8.5,8.6,10,7.4,90.8
326,A,0,0,7.3,9.1,6.4,7.3,50.2
326,B,0,1,6.8,8.3,5.4,4.8,58.8
326,C,0,0,5.8,7.5,4.5,7.6,42.3
326,D,1,1,7.4,8.1,9.7,8.4,89.3
327,A,1,1,6.8,8.3,7.2,5.5,79.7
327,B,1,0,8.1,7.7,9.4,7.1,70.5
327,C,1,1,6.7,5.6,4.9,6.2,72.3
327,D,1,1,9.6,8.2,8.0,3.4,82.0
328,A,1,0,5.2,6.7,7.0,5.5,57.3
328,B,1,1,4.2,6.8,7.4,7.3,76.2
328,C,1,1,6.0,7.1,6.7,8.6,80.7
328,D,1,0,6.1,8.3,10,8.5,71.5
329,A,0,1,7.0,7.3,6.3,6.4,61.7
329,B,1,0,9.1,6.9,5.9,7.9,66.3
329,C,0,0,7.5,3.3,7.9,8.3,45.0
329,D,0,1,9.7,7.8,7.0,5.4,66.5
330,A,1,0,8.4,10.0,5.7,8.5,71.0
330,B,1,1,8.9,7.9,7.3,5.9,83.3
330,C,1,0,6.9,5.4,6.6,6.0,58.2
330,D,1,1,8.4,5.3,6.6,7.9,80.3
331,A,0,0,8.1,5.8,8.1,5.9,46.5
331,B,1,0,8.3,6.9,7.4,7.3,66.5
331,C,0,0,5.7,7.6,5.6,7.6,44.2
331,D,1,0,7.7,7.4,9.6,7.0,69.5
332,A,1,0,9.0,9.4,4.6,8.7,69.5
332,B,1,1,7.1,5.8,6.2,9.2,80.5
332,C,1,0,6.1,5.6,7.5,4.8,56.7
332,D,1,1,7.8,6.4,8.2,6.5,81.5
333,A,1,1,9.9,5.4,6.8,7.8,83.2
333,B,0,0,7.6,8.5,8.0,6.5,51.0
333,C,1,0,6.6,5.1,9.1,5.8,61.0
333,D,1,0,9.9,6.2,8.7,5.4,67.0
334,A,1,1,10,7.4,5.6,6.7,82.8
334,B,1,1,10,7.1,10,7.5,91.0
334,C,0,0,5.9,6.3,6.8,6.7,42.8
334,D,1,0,7.0,8.0,9.5,5.5,66.7
335,A,0,1,6.4,7.8,7.2,7.3,64.5
335,B,0,0,9.5,7.1,7.7,7.2,52.5
335,C,1,1,6.2,4.0,7.9,7.6,76.2
335,D,1,0,6.5,8.3,9.1,7.8,69.5
336,A,0,0,8.9,7.7,7.5,6.9,51.7
336,B,1,1,10,8.1,7.6,6.6,87.2
336,C,1,0,8.2,6.0,5.8,4.6,57.7
336,D,1,0,8.0,7.9,9.3,4.9,66.8
337,A,1,1,9.0,7.8,7.8,4.1,81.2
337,B,1,1,6.9,8.2,6.7,5.2,78.3
337,C,1,0,9.5,3.9,7.1,8.3,64.7
337,D,1,1,9.5,9.1,6.1,7.0,86.2
338,A,1,1,8.0,9.2,6.3,5.3,81.3
338,B,1,0,7.1,8.1,6.2,7.6,65.0
338,C,0,0,5.9,4.4,6.1,7.5,39.8
338,D,1,0,10,9.8,8.2,6.6,74.3
339,A,1,0,9.9,10,5.5,6.9,70.5
339,B,1,1,7.8,7.8,6.7,5.8,80.2
339,C,1,0,6.5,4.2,8.2,8.8,62.8
339,D,0,1,8.0,10,10,7.9,76.5
340,A,0,0,5.6,7.8,6.9,6.2,44.2
340,B,1,1,7.7,8.3,3.5,7.9,79.0
340,C,0,0,5.1,6.4,5.5,5.7,37.8
340,D,1,1,7.9,8.3,8.8,6.8,86.3
341,A,0,0,7.0,7.8,6.1,7.2,46.8
341,B,1,0,6.4,8.2,7.3,8.3,67.0
341,C,1,1,7.8,9.0,6.1,4.8,79.5
341,D,1,1,10,9.5,8.8,6.0,90.5
342,A,1,1,8.4,8.1,7.0,6.0,82.5
342,B,0,0,7.8,8.8,5.3,8.0,49.8
342,C,1,0,9.0,6.8,6.4,6.6,64.7
342,D,1,0,8.1,8.6,9.4,6.5,71.0
343,A,1,0,7.8,8.0,7.8,5.1,64.5
343,B,1,1,7.4,5.8,6.1,7.5,78.0
343,C,1,0,4.8,7.2,4.8,7.8,57.7
343,D,1,0,9.7,9.1,5.9,8.4,71.8
344,A,1,0,7.6,8.9,4.3,5.8,61.0
344,B,0,0,7.7,6.6,10,7.2,52.5
344,C,1,0,6.3,7.8,6.3,8.3,64.5
344,D,1,1,5.9,8.9,8.0,7.2,83.3
345,A,0,0,6.4,8.6,8.2,7.7,51.5
345,B,1,1,7.0,8.7,6.4,7.2,82.2
345,C,0,1,7.7,4.9,5.4,6.3,57.2
345,D,1,1,8.7,10.0,7.1,4.9,84.5
346,A,1,1,5.7,9.0,7.8,6.2,81.2
346,B,1,1,8.7,7.0,7.8,6.8,83.8
346,C,1,0,6.4,6.7,7.4,6.7,62.0
346,D,1,1,8.8,9.1,7.6,9.5,91.7
347,A,0,1,9.0,6.6,7.5,4.9,63.3
347,B,1,1,8.8,7.4,8.7,4.8,82.8
347,C,1,0,4.8,6.4,8.3,7.5,61.7
347,D,1,0,9.4,8.6,9.3,7.9,75.3
348,A,0,0,7.6,9.2,8.2,7.2,53.7
348,B,1,0,6.3,8.8,8.2,6.0,65.5
348,C,1,1,7.5,5.6,5.5,6.3,74.8
348,D,1,0,8.4,8.1,8.6,6.0,68.5
349,A,1,1,7.9,7.9,7.6,5.2,81.0
349,B,1,0,6.2,6.9,7.1,7.1,62.2
349,C,0,1,7.7,6.1,6.0,6.8,61.0
349,D,1,0,7.9,8.6,8.9,6.2,69.3
350,A,1,1,10.0,10,5.8,7.7,89.2
350,B,1,0,7.3,8.5,6.3,5.8,63.2
350,C,1,1,4.6,4.2,5.2,6.5,67.5
350,D,1,0,8.4,9.0,8.2,6.4,70.0
351,A,1,1,3.6,7.0,7.2,6.3,73.5
351,B,1,1,8.4,4.6,10,3.5,77.5
351,C,0,0,5.6,6.5,5.2,5.8,38.5
351,D,1,0,8.3,8.0,7.3,7.2,68.0
352,A,1,0,6.9,9.3,5.9,6.5,64.3
352,B,1,0,9.0,6.8,5.9,6.8,64.2
352,C,0,0,5.5,7.7,6.5,5.4,41.8
352,D,1,0,6.1,10.0,10,9.5,76.0
353,A,0,1,8.3,8.2,6.9,7.4,68.0
353,B,1,1,10,6.8,8.5,6.4,86.2
353,C,0,0,6.5,5.4,7.5,8.6,46.7
353,D,0,1,8.7,9.8,8.1,8.0,74.3
354,A,0,1,7.3,8.1,6.5,8.0,66.5
354,B,1,0,8.9,5.8,7.3,5.8,63.0
354,C,1,1,4.3,8.4,7.5,6.0,77.0
354,D,1,1,10,6.8,8.4,5.9,85.2
355,A,1,1,6.8,8.9,5.7,7.2,81.0
355,B,1,0,6.2,8.9,7.2,6.0,63.8
355,C,0,1,6.7,5.8,4.0,8.9,59.0
355,D,1,1,8.1,10,6.2,6.6,84.8
356,A,1,1,6.7,5.9,7.7,6.0,77.2
356,B,1,1,8.2,6.5,7.0,7.6,82.2
356,C,1,0,4.4,3.8,6.6,7.1,53.2
356,D,1,1,7.1,9.7,8.4,8.1,88.8
357,A,0,1,8.5,6.4,5.7,5.9,60.8
357,B,0,1,6.4,8.2,7.9,8.3,68.0
357,C,1,0,3.2,5.2,5.5,6.0,49.8
357,D,1,1,7.9,9.7,8.6,6.7,88.2
358,A,1,0,8.4,7.6,8.7,5.8,67.5
358,B,0,0,3.5,8.0,9.1,5.9,44.2
358,C,0,0,8.3,5.8,9.7,6.1,49.8
358,D,1,0,9.4,6.7,7.1,6.2,65.7
359,A,1,0,5.7,8.5,7.6,6.4,63.7
359,B,1,0,9.6,6.5,7.8,7.1,68.3
359,C,0,0,6.1,4.9,5.7,6.6,38.8
359,D,1,1,8.0,8.7,6.5,5.5,81.2
360,A,1,1,8.8,8.2,8.4,10,92.3
360,B,1,0,10,8.4,6.9,8.1,72.3
360,C,0,0,4.8,6.9,5.9,4.6,37.0
360,D,0,1,7.1,8.9,6.8,9.6,70.7
361,A,1,0,5.5,8.5,7.5,4.4,59.8
361,B,1,1,9.7,7.8,9.4,6.8,89.5
361,C,1,0,5.6,7.4,4.5,6.5,56.7
361,D,0,1,8.4,9.4,9.1,6.8,72.8
362,A,1,1,7.8,6.9,4.5,6.6,76.3
362,B,1,0,9.3,9.5,9.9,6.4,75.2
362,C,1,0,5.1,9.2,7.9,7.7,66.5
362,D,1,1,6.9,8.7,8.8,6.7,85.2
363,A,1,0,5.6,7.8,9.9,5.5,64.7
363,B,0,0,10,8.2,6.5,6.1,51.3
363,C,1,0,5.8,8.8,9.2,9.0,71.3
363,D,0,1,8.3,7.6,6.8,7.8,67.5
364,A,1,0,6.4,8.2,7.7,5.1,62.3
364,B,1,1,8.6,7.3,6.1,6.5,80.8
364,C,1,1,6.4,6.4,7.3,5.6,76.2
364,D,1,1,8.4,9.1,7.4,8.3,88.7
365,A,0,1,7.8,10,7.7,7.2,71.2
365,B,1,1,6.7,6.4,8.1,8.8,83.3
365,C,1,0,8.3,4.8,5.2,7.5,59.7
365,D,0,0,7.3,8.9,8.3,7.2,52.8
366,A,1,1,6.6,7.5,7.4,7.6,81.8
366,B,0,1,9.6,5.7,9.4,9.5,73.7
366,C,1,0,7.4,7.1,7.1,6.5,63.5
366,D,1,1,7.5,10,8.9,5.6,86.7
367,A,0,1,8.5,8.0,6.2,6.5,65.3
367,B,1,1,6.2,6.9,7.4,5.9,77.3
367,C,1,0,7.6,7.1,8.0,6.4,65.2
367,D,1,1,7.7,7.3,7.6,5.7,80.5
368,A,0,1,6.3,6.8,4.6,6.2,56.5
368,B,1,0,6.9,7.2,8.4,6.9,65.7
368,C,1,1,3.7,7.3,6.2,6.3,72.5
368,D,0,0,10.0,9.6,8.1,6.3,56.7
369,A,0,1,9.3,6.4,6.0,5.8,62.5
369,B,1,1,7.4,6.9,8.3,5.5,80.2
369,C,0,1,6.6,6.5,8.5,7.7,65.5
369,D,0,0,7.3,10.0,6.0,6.8,50.2
370,A,1,0,6.5,10,6.7,6.3,65.8
370,B,0,1,8.7,6.4,7.2,6.1,64.0
370,C,1,0,5.3,6.9,6.8,5.9,58.2
370,D,0,0,8.8,8.3,6.7,5.6,49.0
371,A,0,0,8.8,8.2,4.9,7.6,49.2
371,B,1,1,8.4,8.8,8.9,4.9,85.0
371,C,1,0,5.5,6.6,5.7,7.6,59.0
371,D,1,1,8.4,7.6,8.8,6.7,85.8
372,A,1,0,5.9,10,8.0,7.8,69.5
372,B,1,1,6.9,7.2,6.3,6.0,77.3
372,C,0,0,6.8,4.6,5.3,8.4,41.8
372,D,1,1,9.1,8.1,10,7.7,91.5
373,A,1,0,8.5,8.2,6.3,6.6,66.0
373,B,1,0,8.0,8.7,8.4,6.6,69.5
373,C,1,0,7.3,5.5,7.8,6.3,61.5
373,D,1,0,7.0,8.1,9.1,7.7,69.8
374,A,1,1,8.3,7.7,6.4,6.8,82.0
374,B,1,1,7.1,6.1,6.3,5.0,74.2
374,C,0,1,8.1,6.0,7.3,6.6,63.3
374,D,1,1,7.0,8.1,7.9,7.9,84.8
375,A,1,1,6.7,8.2,7.6,4.1,77.7
375,B,1,0,5.8,7.7,5.7,8.0,62.0
375,C,1,0,5.3,5.5,9.1,6.7,61.0
375,D,1,1,8.0,8.2,8.5,5.6,83.8
376,A,1,1,9.2,7.8,6.0,4.5,79.2
376,B,1,1,10.0,8.1,7.6,4.9,84.3
376,C,0,1,7.0,6.9,8.5,7.4,66.3
376,D,1,0,6.4,9.6,7.2,6.6,66.3
377,A,1,0,5.8,8.0,5.9,5.6,58.8
377,B,0,1,8.1,6.1,7.8,4.9,61.5
377,C,1,0,6.9,7.1,8.3,6.0,63.8
377,D,1,1,9.8,9.7,10,7.5,95.0
378,A,0,1,6.6,8.4,6.5,5.9,62.3
378,B,1,1,7.5,6.9,7.0,7.5,81.5
378,C,0,0,7.4,7.0,8.3,8.6,52.2
378,D,0,1,7.8,8.3,9.3,5.1,67.5
379,A,0,0,7.1,8.2,7.6,5.9,48.0
379,B,1,0,8.8,8.9,6.7,5.1,65.8
379,C,0,1,7.3,5.5,7.3,7.8,63.2
379,D,0,0,8.2,7.1,8.2,4.7,47.0
380,A,1,0,9.0,6.8,7.2,6.0,65.0
380,B,0,0,6.2,6.8,6.2,5.2,40.7
380,C,1,1,6.2,5.0,7.1,8.1,77.3
380,D,1,1,8.6,9.2,7.4,6.2,85.7
381,A,0,1,8.9,5.2,5.8,5.8,59.5
381,B,1,0,8.4,7.1,8.0,7.6,68.5
381,C,1,1,6.2,7.3,5.4,5.3,73.7
381,D,1,0,8.8,10,6.9,7.3,71.7
382,A,1,0,8.0,7.6,9.3,7.9,71.3
382,B,0,1,9.6,6.6,8.3,8.3,71.3
382,C,0,1,5.0,7.5,5.7,7.2,59.0
382,D,0,0,7.2,6.6,5.9,7.6,45.5
383,A,0,0,7.8,6.9,7.1,4.9,44.5
383,B,0,1,7.5,7.4,8.1,6.5,65.8
383,C,0,0,7.0,7.0,9.0,6.5,49.2
383,D,1,1,9.8,8.3,8.5,7.4,90.0
384,A,0,0,7.0,7.3,6.3,4.5,41.8
384,B,1,1,10,6.1,6.4,5.8,80.5
384,C,0,0,5.8,5.0,7.4,8.3,44.2
384,D,1,1,10,7.7,6.8,6.8,85.5
385,A,1,0,7.8,9.1,7.4,8.2,70.8
385,B,1,1,8.0,8.5,10,4.3,84.7
385,C,1,1,8.4,8.2,6.9,6.0,82.5
385,D,1,1,9.6,7.0,6.3,7.2,83.5
386,A,1,0,6.2,8.9,8.1,4.9,63.5
386,B,1,1,8.2,7.0,6.2,5.0,77.3
386,C,0,1,7.0,6.4,9.2,7.7,67.2
386,D,0,0,7.5,10,7.5,5.4,50.7
387,A,1,1,7.9,8.8,9.4,7.6,89.5
387,B,1,0,7.5,7.5,6.8,6.9,64.5
387,C,0,0,5.3,6.2,5.4,8.8,42.8
387,D,1,0,9.0,7.8,8.0,6.9,69.5
388,A,1,1,6.2,9.0,10,4.8,83.3
388,B,0,1,9.3,6.6,8.6,9.1,72.7
388,C,1,0,6.7,7.2,8.5,7.4,66.3
388,D,1,1,8.4,8.7,8.3,7.2,87.7
389,A,1,0,5.5,10,7.7,8.5,69.5
389,B,1,0,6.8,9.8,8.2,4.9,66.2
389,C,1,1,7.0,4.9,6.1,6.7,74.5
389,D,0,1,8.8,7.4,4.6,7.5,63.8
390,A,1,1,7.8,7.7,6.6,4.8,78.2
390,B,1,1,8.0,5.3,6.1,6.2,76.0
390,C,1,1,8.1,7.1,7.3,6.5,81.7
390,D,1,1,7.3,10,8.5,5.7,85.8
391,A,1,0,6.7,10,5.2,6.5,64.0
391,B,0,0,9.8,8.5,7.8,6.3,54.0
391,C,0,1,5.1,5.8,8.1,3.9,54.8
391,D,1,1,9.3,9.0,8.4,5.4,86.8
392,A,0,1,8.5,5.6,6.3,5.1,59.2
392,B,0,1,8.2,6.3,7.9,5.0,62.3
392,C,1,0,7.0,6.3,7.9,6.7,63.2
392,D,1,1,9.7,7.5,7.6,6.3,85.2
393,A,1,0,5.4,10,8.4,4.2,63.3
393,B,1,1,7.3,8.5,9.2,5.9,84.8
393,C,0,0,8.3,4.1,6.9,8.4,46.2
393,D,1,0,7.6,9.0,7.4,7.0,68.3
394,A,1,0,6.8,7.8,4.6,6.5,59.5
394,B,0,0,7.9,10,6.1,7.9,53.2
394,C,1,0,5.3,5.9,8.2,5.9,58.8
394,D,1,1,8.0,6.0,6.5,8.8,82.2
395,A,1,1,5.8,8.6,4.7,7.8,78.2
395,B,0,1,9.5,6.6,7.1,6.0,65.3
395,C,0,1,4.6,6.6,6.2,8.3,59.5
395,D,1,0,10,8.7,7.2,6.0,69.8
396,A,0,0,6.6,9.2,7.8,4.8,47.3
396,B,1,0,8.1,6.9,9.0,6.7,67.8
396,C,1,0,6.6,6.1,5.4,4.0,53.5
396,D,1,0,8.7,10,8.5,6.1,72.2
397,A,1,1,9.3,6.6,7.8,7.8,85.8
397,B,1,0,8.3,9.1,7.6,6.0,68.3
397,C,1,0,8.3,6.6,6.9,5.4,62.0
397,D,1,1,7.9,8.8,8.4,8.7,89.7
398,A,1,0,8.7,9.0,9.1,7.7,74.2
398,B,1,1,8.7,8.6,8.1,5.0,84.0
398,C,0,1,7.0,6.0,6.9,6.1,60.0
398,D,1,1,7.1,6.6,9.7,7.6,85.0
399,A,1,0,8.3,7.0,6.9,8.8,68.3
399,B,1,0,8.0,8.6,6.0,7.1,66.2
399,C,0,0,6.7,6.4,9.2,8.4,51.2
399,D,0,1,7.6,8.9,6.7,6.4,66.0
400,A,0,0,9.8,5.8,4.4,4.4,40.7
400,B,0,0,7.0,8.1,7.5,7.3,49.8
400,C,0,1,5.1,10,6.8,5.9,63.0
400,D,1,0,8.4,8.9,9.0,5.6,69.8
401,A,1,0,7.8,9.2,7.9,7.3,70.3
401,B,1,1,8.3,7.7,8.7,2.6,78.8
401,C,0,0,7.2,7.7,6.6,7.3,48.0
401,D,1,0,8.4,8.6,7.8,7.2,70.0
402,A,1,0,9.4,9.5,6.4,6.9,70.3
402,B,0,1,6.5,7.5,9.0,4.7,62.8
402,C,1,1,4.4,5.2,6.7,8.0,73.8
402,D,0,1,7.8,7.1,9.5,5.1,65.8
403,A,1,0,8.8,8.3,8.6,6.5,70.3
403,B,1,0,9.9,6.5,8.6,7.3,70.5
403,C,1,0,5.8,6.9,7.0,7.7,62.3
403,D,1,1,8.9,9.5,7.1,6.7,87.0
404,A,1,0,7.9,9.1,7.5,5.6,66.8
404,B,0,1,8.5,6.5,6.6,6.9,64.2
404,C,1,1,5.7,7.8,7.8,8.6,83.2
404,D,1,1,7.1,6.7,8.8,6.3,81.5
405,A,1,0,9.0,7.9,8.0,8.1,71.7
405,B,1,0,7.7,9.2,7.9,6.4,68.7
405,C,1,1,4.1,5.9,8.2,8.5,77.8
405,D,0,1,8.0,9.8,7.7,6.2,69.5
406,A,1,0,7.3,8.5,7.7,4.5,63.3
406,B,1,0,8.1,8.2,10,7.1,72.3
406,C,0,0,6.7,5.3,5.4,6.4,39.7
406,D,1,1,7.9,8.3,9.7,7.9,89.7
407,A,1,0,8.7,8.4,6.0,5.6,64.5
407,B,1,1,9.1,8.7,8.9,6.8,89.2
407,C,1,0,5.8,3.9,7.0,5.1,53.0
407,D,1,0,9.1,8.8,9.3,7.2,74.0
408,A,1,1,10,9.1,7.9,6.6,89.3
408,B,1,0,9.5,7.8,8.0,8.1,72.3
408,C,1,0,7.9,5.0,6.5,6.8,60.3
408,D,1,1,10,7.5,6.5,6.6,84.3
409,A,1,1,6.7,8.4,8.2,5.6,81.5
409,B,1,1,6.3,6.4,6.2,6.4,75.5
409,C,1,0,8.0,6.2,8.8,9.3,70.5
409,D,0,1,5.6,7.7,7.8,9.4,67.5
410,A,1,1,8.5,7.7,6.1,5.1,79.0
410,B,0,0,8.4,7.2,7.2,6.0,48.0
410,C,1,0,6.9,6.1,6.5,5.9,59.0
410,D,1,0,7.4,7.9,7.9,8.7,69.8
411,A,1,1,10,9.3,7.0,4.9,85.3
411,B,0,1,7.8,8.8,6.6,8.1,68.8
411,C,1,1,7.4,6.0,5.7,8.3,79.0
411,D,1,1,7.0,9.6,6.8,7.0,84.0
412,A,1,1,8.5,5.3,8.7,5.6,80.2
412,B,1,1,8.7,8.5,8.8,6.6,87.7
412,C,1,1,7.0,5.1,7.3,7.0,77.3
412,D,1,1,7.8,9.9,6.9,6.1,84.5
413,A,1,0,7.0,10,7.3,5.0,65.5
413,B,0,1,8.4,7.1,7.4,5.5,64.0
413,C,1,0,6.1,5.6,8.2,7.9,63.0
413,D,1,0,8.4,8.7,6.8,9.4,72.2
414,A,1,1,5.7,7.1,6.9,6.5,77.0
414,B,0,1,7.2,5.9,8.5,7.8,65.7
414,C,1,0,7.6,4.4,7.4,8.3,62.8
414,D,1,0,8.2,9.8,8.1,7.6,72.8
415,A,0,0,7.7,8.1,9.1,7.6,54.2
415,B,0,1,7.6,8.0,6.0,7.0,64.3
415,C,1,1,5.8,4.8,7.1,5.9,72.7
415,D,1,0,6.2,7.7,8.4,6.6,64.8
416,A,1,0,9.7,5.6,6.1,8.2,66.0
416,B,0,0,6.2,6.3,8.9,7.1,47.5
416,C,1,1,5.2,6.7,6.1,6.4,74.0
416,D,1,0,9.3,8.9,7.4,7.6,72.0
417,A,1,0,10,8.0,6.2,6.2,67.3
417,B,0,0,8.7,6.6,7.1,5.9,47.2
417,C,1,1,7.3,5.8,6.0,7.6,77.8
417,D,1,1,10,6.8,6.5,8.7,86.7
418,A,1,1,6.6,8.0,6.1,6.7,79.0
418,B,1,1,6.4,4.2,5.6,8.1,73.8
418,C,1,1,6.9,6.7,7.0,6.2,78.0
418,D,1,1,10,8.6,7.5,6.4,87.5
419,A,0,1,7.5,9.1,5.1,5.7,62.3
419,B,1,1,8.9,8.4,5.8,5.1,80.3
419,C,0,0,6.4,7.8,8.1,7.6,49.8
419,D,0,1,7.5,8.9,5.9,7.3,66.0
420,A,1,0,10,8.1,5.3,5.3,64.5
420,B,1,1,7.2,6.5,9.4,7.1,83.7
420,C,1,0,5.9,7.8,7.3,6.6,62.7
420,D,1,1,9.3,10,8.7,8.1,93.5
421,A,0,1,9.0,9.8,6.6,4.3,66.2
421,B,0,1,10.0,7.6,6.9,4.7,65.3
421,C,0,1,6.4,5.0,5.6,6.9,56.5
421,D,0,0,6.2,7.7,6.9,10,51.3
422,A,1,1,7.4,8.5,5.7,4.6,77.0
422,B,1,0,10,6.1,7.6,6.1,66.3
422,C,1,1,5.1,5.7,7.6,7.4,76.3
422,D,1,0,9.2,8.9,7.4,8.2,72.8
423,A,1,1,7.5,7.3,6.4,6.2,79.0
423,B,1,1,8.2,8.3,9.2,6.8,87.5
423,C,1,0,4.7,5.5,5.5,7.3,55.0
423,D,1,1,9.2,8.6,6.7,8.5,88.3
424,A,0,1,9.7,6.0,6.4,6.6,64.5
424,B,1,1,4.0,4.6,8.3,5.8,71.2
424,C,1,0,5.8,5.9,6.9,5.0,56.0
424,D,1,1,9.3,7.3,8.9,4.8,83.8
425,A,1,0,9.2,7.9,6.6,6.6,67.2
425,B,1,0,8.4,7.7,7.9,6.6,67.7
425,C,0,0,6.8,7.5,6.3,5.3,43.2
425,D,1,0,7.2,5.6,8.1,5.9,61.3
426,A,0,0,7.4,7.1,7.1,4.3,43.2
426,B,1,0,7.3,8.3,7.7,7.2,67.5
426,C,0,0,7.5,7.4,7.6,4.8,45.5
426,D,1,0,9.6,7.9,8.4,6.6,70.8
427,A,1,0,8.4,7.5,5.8,5.7,62.3
427,B,0,1,6.3,6.9,6.7,5.9,59.7
427,C,1,1,4.5,6.0,8.1,5.5,73.5
427,D,0,1,7.7,8.6,6.6,6.3,65.3
428,A,1,1,10,7.1,9.2,5.6,86.5
428,B,1,0,7.1,9.0,9.2,8.4,72.8
428,C,1,0,8.2,6.9,7.2,8.0,67.2
428,D,1,1,8.9,9.0,6.6,6.6,85.2
429,A,1,0,7.6,7.3,6.4,5.3,61.0
429,B,1,1,6.9,9.2,8.1,6.2,84.0
429,C,0,1,4.0,6.1,6.7,6.0,54.7
429,D,1,0,8.4,8.6,8.6,5.9,69.2
430,A,0,1,8.2,7.7,7.3,4.1,62.2
430,B,1,0,9.1,6.3,7.1,7.9,67.3
430,C,1,0,6.4,7.4,5.4,10,65.3
430,D,0,0,8.2,7.3,6.6,6.0,46.8
431,A,0,0,8.5,5.7,6.6,6.9,46.2
431,B,1,1,6.9,7.5,7.2,6.2,79.7
431,C,0,0,5.6,3.0,7.6,8.2,40.7
431,D,0,0,9.6,9.2,9.5,6.0,57.2
432,A,0,0,8.8,7.7,8.8,6.4,52.8
432,B,1,0,7.3,8.0,6.9,7.2,65.7
432,C,1,0,7.3,9.4,6.9,7.5,68.5
432,D,0,1,10,10,10,7.8,79.7
433,A,1,1,8.3,9.9,5.6,5.5,82.2
433,B,0,0,7.5,6.3,7.9,5.7,45.7
433,C,0,0,6.3,6.2,7.2,7.7,45.7
433,D,0,1,8.6,9.9,7.4,8.6,74.2
434,A,0,1,7.3,8.3,7.7,3.8,61.8
434,B,1,1,7.3,6.9,9.7,6.4,83.8
434,C,1,0,5.1,5.3,7.0,7.0,57.3
434,D,0,1,8.1,6.1,8.0,8.7,68.2
435,A,0,1,7.8,7.4,7.1,5.9,63.7
435,B,1,0,9.4,7.5,5.7,7.1,66.2
435,C,1,1,4.4,6.1,6.6,9.1,77.0
435,D,0,0,6.0,10,9.3,7.6,54.8
436,A,1,0,7.2,10,8.1,6.6,69.8
436,B,0,0,9.4,6.9,6.9,5.0,47.0
436,C,1,0,6.2,4.7,5.1,5.4,52.3
436,D,1,1,9.8,5.5,7.5,6.5,82.2
437,A,1,1,8.4,9.0,6.6,5.8,83.0
437,B,1,0,7.2,8.1,7.7,6.4,65.7
437,C,1,0,7.5,5.6,8.8,7.3,65.3
437,D,1,1,6.5,7.6,9.6,6.7,84.0
438,A,0,1,6.8,8.7,5.9,5.7,61.8
438,B,1,1,9.1,5.6,9.0,8.1,86.3
438,C,0,1,7.5,8.4,8.5,8.3,71.2
438,D,0,1,7.7,7.0,7.5,5.2,62.3
439,A,1,1,7.6,6.9,5.2,7.3,78.3
439,B,0,0,6.7,6.6,8.0,6.3,46.0
439,C,0,0,8.1,7.6,6.3,8.3,50.5
439,D,0,0,9.1,7.2,6.9,7.1,50.5
440,A,1,0,7.6,5.5,7.4,6.3,61.3
440,B,1,0,7.4,6.0,7.9,5.7,61.7
440,C,0,0,6.1,5.6,5.4,7.2,40.5
440,D,0,0,10,7.6,6.1,6.5,50.3
441,A,0,0,9.7,8.3,6.2,7.7,53.2
441,B,1,1,10,9.0,6.7,5.0,84.5
441,C,0,1,5.9,5.9,10,8.8,67.7
441,D,1,0,9.3,9.0,9.5,6.6,74.0
442,A,1,0,7.0,8.8,7.2,6.9,66.5
442,B,0,0,8.0,6.6,9.7,8.3,54.3
442,C,0,1,6.1,6.3,8.1,6.3,61.3
442,D,0,1,8.6,7.3,8.8,5.8,67.5
443,A,1,1,6.6,5.9,7.7,8.8,81.7
443,B,1,0,9.2,7.3,9.5,2.1,63.5
443,C,1,1,6.3,6.0,4.3,6.4,71.7
443,D,1,1,8.6,5.6,7.5,7.1,81.3
444,A,1,0,7.7,9.4,6.8,8.0,69.8
444,B,1,1,8.3,9.4,7.7,6.6,86.7
444,C,1,1,4.9,4.5,6.9,5.5,69.7
444,D,0,0,8.6,6.8,9.4,6.0,51.3
445,A,1,0,6.5,6.5,5.7,7.3,60.0
445,B,1,0,7.2,5.0,9.1,5.4,61.2
445,C,1,1,8.4,5.6,5.0,7.5,77.5
445,D,0,1,5.7,8.7,7.0,5.8,62.0
446,A,0,0,6.0,6.6,5.9,7.2,42.8
446,B,1,0,8.5,4.9,8.6,8.9,68.2
446,C,0,1,5.2,6.7,7.1,5.6,57.7
446,D,1,0,10,7.7,7.7,8.9,73.8
447,A,0,1,9.0,6.6,6.2,5.4,62.0
447,B,1,0,7.4,8.4,6.1,4.9,61.3
447,C,1,1,5.9,5.5,7.1,6.6,75.2
447,D,1,0,6.8,6.8,8.9,5.5,63.3
448,A,1,1,6.9,7.1,6.1,3.4,72.5
448,B,1,1,7.7,7.5,8.4,9.3,88.2
448,C,1,1,6.9,5.5,7.3,6.2,76.5
448,D,1,1,9.8,7.3,6.2,8.2,85.8
449,A,1,1,9.3,7.0,8.6,8.3,88.7
449,B,0,1,9.0,7.1,6.4,7.0,65.8
449,C,1,1,5.5,4.6,8.9,8.6,79.3
449,D,1,0,9.5,9.9,7.3,8.5,75.3
450,A,1,0,7.5,7.9,6.7,6.7,64.7
450,B,0,1,10,8.2,9.5,6.1,73.0
450,C,0,0,5.6,4.5,6.1,7.2,39.0
450,D,0,0,8.8,8.0,6.5,7.7,51.7
451,A,1,0,7.4,9.5,6.5,8.5,69.8
451,B,1,1,7.5,6.2,6.0,7.6,78.8
451,C,1,1,5.5,6.5,6.0,9.3,78.8
451,D,1,1,7.1,7.6,6.0,6.4,78.5
452,A,1,0,7.9,8.8,7.4,6.9,68.3
452,B,0,0,8.5,8.2,8.6,7.7,55.0
452,C,0,1,6.3,3.5,6.9,6.4,55.2
452,D,1,1,5.7,8.5,8.8,6.2,82.0
453,A,1,1,8.1,7.0,5.4,4.3,74.7
453,B,1,0,8.3,6.9,8.8,6.6,67.7
453,C,1,0,5.2,3.8,8.4,5.8,55.3
453,D,1,1,8.9,8.8,7.9,6.3,86.5
454,A,1,0,5.9,7.3,7.2,5.8,60.3
454,B,1,0,9.1,6.1,10,6.3,69.2
454,C,1,1,4.3,7.2,10,6.6,80.2
454,D,1,1,8.0,8.9,9.6,7.0,89.2
455,A,1,1,8.5,9.3,9.1,6.4,88.8
455,B,1,1,7.5,7.3,7.3,6.2,80.5
455,C,1,0,7.6,5.8,8.5,6.6,64.2
455,D,1,0,8.0,6.9,7.9,10.0,71.3
456,A,1,0,6.3,10,7.5,6.3,66.8
456,B,1,0,9.1,7.3,6.7,6.3,65.7
456,C,0,0,6.5,6.4,5.3,8.6,44.7
456,D,1,1,6.7,8.9,8.2,8.1,86.5
457,A,1,1,8.2,10,9.3,7.6,91.8
457,B,1,0,7.5,9.3,6.4,8.7,69.8
457,C,1,0,6.4,6.2,7.8,6.9,62.2
457,D,1,0,7.8,6.3,6.9,6.6,62.7
458,A,1,1,8.5,8.0,6.8,6.8,83.5
458,B,1,0,9.6,8.1,7.9,9.2,74.7
458,C,1,1,7.2,6.1,4.4,5.0,71.2
458,D,1,0,8.4,9.2,8.0,7.6,72.0
459,A,1,0,8.3,8.2,7.1,7.2,68.0
459,B,0,1,9.3,6.1,7.1,6.4,64.8
459,C,1,1,6.9,7.4,6.5,9.5,83.8
459,D,0,1,8.3,7.6,8.6,6.0,67.5
460,A,1,1,6.3,7.3,7.4,8.2,82.0
460,B,1,0,9.2,6.9,6.8,6.7,66.0
460,C,1,0,8.0,8.0,6.8,6.7,65.8
460,D,1,1,7.2,7.7,6.6,6.6,80.2
461,A,1,1,8.3,5.8,7.0,4.1,75.3
461,B,1,0,8.0,8.6,8.9,7.8,72.2
461,C,0,0,6.1,4.9,7.4,6.6,41.7
461,D,1,0,9.4,6.9,8.4,6.3,68.3
462,A,1,0,8.4,7.9,6.8,5.8,64.8
462,B,0,1,6.3,6.1,9.1,4.3,59.7
462,C,1,1,6.4,7.0,5.2,5.9,74.2
462,D,1,1,8.8,10.0,6.1,5.5,84.0
463,A,1,1,7.0,9.3,7.0,4.3,79.3
463,B,0,1,7.0,7.9,9.4,5.8,66.8
463,C,1,0,6.4,3.2,7.1,7.8,57.5
463,D,1,1,7.3,5.8,9.5,7.0,82.7
464,A,0,1,6.4,7.8,6.1,6.9,62.0
464,B,0,0,9.0,5.7,7.6,8.2,50.8
464,C,1,1,6.9,6.0,7.1,7.8,79.7
464,D,1,1,7.4,8.2,9.9,7.2,87.8
465,A,1,0,6.2,9.6,8.1,7.7,69.3
465,B,0,1,7.8,9.4,8.0,4.2,65.7
465,C,0,0,4.8,5.3,7.9,8.2,43.7
465,D,1,1,8.5,7.5,9.9,7.1,88.3
466,A,1,0,6.6,5.4,6.6,5.8,57.3
466,B,1,1,6.6,6.5,7.6,5.4,76.8
466,C,1,1,5.2,8.4,8.6,7.3,82.5
466,D,1,0,6.8,7.8,7.9,4.3,61.3
467,A,1,0,7.8,8.0,6.0,5.4,62.0
467,B,1,1,7.5,9.0,7.1,4.1,79.5
467,C,1,0,7.5,7.6,7.4,6.9,65.7
467,D,1,0,7.6,6.7,7.7,7.4,65.7
468,A,1,1,7.9,8.0,7.7,5.9,82.5
468,B,1,1,8.5,9.8,7.6,9.5,92.3
468,C,1,0,6.9,6.4,7.0,9.3,66.0
468,D,1,1,7.9,9.7,6.4,7.8,86.3
469,A,1,1,7.7,7.5,7.6,6.9,82.8
469,B,1,0,8.2,7.9,8.1,4.9,65.2
469,C,0,0,6.8,6.8,9.0,4.5,45.2
469,D,1,1,7.6,6.8,7.5,7.1,81.7
470,A,1,0,6.7,6.5,7.3,5.9,60.7
470,B,1,0,7.5,7.6,7.4,6.0,64.2
470,C,1,0,5.5,5.9,6.2,5.6,55.3
470,D,0,1,9.6,8.8,7.9,8.8,75.2
471,A,0,1,8.5,8.1,5.5,5.2,62.2
471,B,1,0,8.3,7.3,6.6,6.2,64.0
471,C,0,0,5.5,4.6,6.6,4.9,36.0
471,D,1,1,9.5,8.1,8.1,6.8,87.5
472,A,0,1,5.8,7.7,8.6,5.3,62.3
472,B,1,0,8.6,6.4,6.9,6.1,63.3
472,C,1,1,6.0,4.6,7.3,5.1,71.7
472,D,1,1,10,8.1,6.8,7.4,87.2
473,A,1,1,6.6,9.4,8.1,6.2,83.8
473,B,1,0,7.5,7.8,10,6.9,70.3
473,C,1,0,6.1,5.9,6.1,8.5,61.0
473,D,1,0,6.3,7.8,8.9,6.9,66.5
474,A,0,0,6.3,7.9,8.5,6.9,49.3
474,B,0,0,8.1,6.5,9.3,7.9,53.0
474,C,1,1,6.7,7.3,5.9,7.5,79.0
474,D,0,1,7.0,9.6,8.0,6.5,68.5
475,A,1,1,7.4,7.5,6.1,6.8,79.7
475,B,1,0,8.2,6.9,8.2,7.8,68.5
475,C,1,1,6.4,4.8,8.4,5.2,74.7
475,D,1,1,9.2,8.1,7.3,6.1,84.5
476,A,0,0,9.7,6.5,5.6,6.5,47.2
476,B,1,0,9.8,6.8,7.2,6.3,66.8
476,C,1,0,7.3,5.0,7.9,6.6,61.3
476,D,1,1,6.7,8.3,9.3,7.4,86.2
477,A,1,1,9.0,5.4,6.2,5.5,76.8
477,B,1,1,8.9,6.6,7.6,5.6,81.2
477,C,1,1,5.7,6.5,6.6,9.9,81.2
477,D,1,0,6.2,6.2,8.7,7.6,64.5
478,A,1,1,9.0,8.9,8.7,8.0,91.0
478,B,1,0,8.6,7.4,7.9,5.2,65.2
478,C,1,1,4.8,3.7,7.4,7.9,73.0
478,D,0,1,5.9,7.7,7.7,9.0,67.2
479,A,0,0,8.1,6.4,7.2,5.4,45.2
479,B,1,0,8.9,7.6,5.5,9.5,69.2
479,C,1,1,6.7,9.4,7.2,7.9,85.3
479,D,0,1,8.4,9.1,9.5,8.6,76.0
480,A,1,0,7.5,8.3,7.4,6.4,66.0
480,B,1,0,7.2,7.1,8.8,6.6,66.2
480,C,1,0,5.3,7.3,7.5,6.4,60.8
480,D,1,1,8.0,9.7,9.1,6.7,89.2
481,A,0,1,9.2,8.4,8.6,7.3,72.5
481,B,1,0,8.6,6.4,7.6,4.7,62.2
481,C,1,1,5.0,7.0,5.5,6.3,73.0
481,D,1,1,7.1,10,8.1,8.7,89.8
482,A,0,0,7.5,6.4,5.6,5.4,41.5
482,B,1,0,7.7,7.6,6.1,5.2,61.0
482,C,1,0,7.8,7.2,5.2,8.1,63.8
482,D,1,0,6.3,6.9,7.2,8.5,64.8
483,A,1,0,5.2,8.6,7.3,6.7,63.0
483,B,1,1,7.7,7.0,9.9,6.0,84.3
483,C,1,1,5.3,7.6,7.7,8.3,81.5
483,D,1,1,7.6,10,9.6,7.5,91.2
484,A,0,1,7.6,8.6,8.1,5.5,66.3
484,B,1,1,6.3,9.0,7.5,4.7,79.2
484,C,1,1,8.1,6.8,7.1,6.1,80.2
484,D,1,1,7.9,6.1,8.6,6.8,82.3
485,A,0,0,8.1,10,6.0,5.4,49.2
485,B,1,1,9.1,8.2,7.1,6.3,84.5
485,C,1,1,7.3,7.3,9.8,6.3,84.5
485,D,1,0,7.6,6.0,8.3,6.5,64.0
486,A,0,1,4.2,6.6,7.9,7.1,59.7
486,B,0,0,6.9,5.7,7.2,5.5,42.2
486,C,1,1,5.0,7.7,7.2,7.7,79.3
486,D,1,1,9.2,9.0,8.7,6.9,89.7
487,A,1,1,5.9,5.4,8.3,6.3,76.5
487,B,0,0,5.4,7.3,7.4,6.7,44.7
487,C,1,1,4.5,6.2,6.5,8.6,76.3
487,D,1,0,8.1,8.7,8.8,7.6,72.0
488,A,1,0,7.5,8.1,7.8,4.7,63.5
488,B,1,0,8.9,8.3,5.7,5.0,63.2
488,C,0,1,7.5,3.6,4.8,7.2,55.2
488,D,0,0,8.1,7.1,9.2,7.9,53.8
489,A,0,1,8.1,7.9,7.3,6.7,66.7
489,B,0,0,8.1,5.2,6.5,6.8,44.3
489,C,1,1,7.1,6.2,6.9,7.1,78.8
489,D,0,1,8.4,7.8,7.7,6.4,67.2
490,A,1,0,6.7,10,5.9,5.7,63.8
490,B,1,1,7.7,7.7,7.9,8.1,85.7
490,C,0,1,5.0,6.4,6.0,6.2,56.0
490,D,1,1,8.9,8.9,8.3,6.9,88.3
491,A,0,1,9.9,7.3,7.7,7.8,71.2
491,B,1,1,8.0,8.7,8.5,6.4,86.0
491,C,0,0,5.7,8.9,8.8,7.4,51.3
491,D,1,0,7.8,9.5,8.5,6.9,71.2
492,A,1,0,7.3,8.5,3.6,4.8,57.0
492,B,1,1,9.7,7.4,7.9,7.0,86.7
492,C,1,0,7.5,6.7,7.3,4.9,60.7
492,D,1,1,9.4,6.8,7.0,6.3,82.5
493,A,1,0,9.6,8.8,5.7,4.0,63.5
493,B,1,1,9.6,6.9,6.0,5.3,79.7
493,C,1,0,3.9,8.4,8.7,5.8,61.3
493,D,1,1,5.8,9.2,7.1,6.9,81.7
494,A,0,0,7.1,10,7.3,6.2,51.0
494,B,1,1,7.1,8.3,5.5,7.5,80.7
494,C,0,1,8.6,7.9,7.8,7.8,70.2
494,D,1,0,6.6,8.9,8.2,6.9,67.7
495,A,1,0,8.2,8.1,4.7,6.1,61.8
495,B,1,1,10,6.8,7.3,9.9,90.0
495,C,1,0,6.0,3.8,6.2,9.5,59.2
495,D,1,1,9.2,8.9,7.5,8.6,90.3
496,A,1,0,6.7,7.7,7.7,5.5,62.7
496,B,0,0,6.9,8.3,9.0,7.6,53.0
496,C,0,1,7.5,7.9,6.8,6.2,64.0
496,D,0,0,6.3,10,8.7,8.4,55.7
497,A,1,1,8.8,7.6,6.1,7.8,83.8
497,B,1,1,6.4,7.5,8.0,5.4,78.8
497,C,0,0,4.9,6.2,6.5,7.1,41.2
497,D,0,1,8.0,10,7.0,6.7,69.5
498,A,0,0,8.4,5.5,8.4,6.1,47.3
498,B,1,0,8.4,7.1,9.2,5.7,67.3
498,C,1,0,8.0,6.7,7.7,6.6,65.0
498,D,1,1,8.4,8.5,8.8,6.3,86.7
499,A,0,1,9.3,8.1,8.0,8.0,72.3
499,B,0,0,7.9,8.0,9.5,7.6,55.0
499,C,0,1,5.8,6.0,7.9,6.4,60.2
499,D,0,0,8.4,8.7,6.5,6.5,50.2
500,A,1,1,6.5,8.3,4.9,6.6,77.2
500,B,1,0,8.2,5.7,6.3,6.3,60.8
500,C,1,0,6.2,6.1,6.7,6.7,59.5
500,D,1,1,7.4,10,6.5,7.2,85.2
501,A,0,0,7.8,7.5,6.5,4.7,44.2
501,B,1,0,8.7,10,9.4,6.9,75.0
501,C,0,0,5.5,7.0,6.5,5.2,40.3
501,D,0,0,9.0,8.1,7.9,6.9,53.2
502,A,1,0,8.3,9.5,8.9,4.2,68.2
502,B,1,1,8.7,7.4,8.9,4.2,82.0
502,C,1,0,8.4,6.8,5.0,7.1,62.2
502,D,1,1,8.2,9.6,6.1,6.4,83.8
503,A,0,1,9.7,7.9,5.6,5.7,64.8
503,B,1,0,9.6,8.8,7.4,7.3,71.8
503,C,1,0,6.1,5.6,8.8,7.7,63.7
503,D,1,1,8.7,9.1,9.5,6.0,88.8
504,A,1,1,6.2,8.3,8.0,5.8,80.5
504,B,1,1,6.3,5.0,7.9,7.6,78.0
504,C,1,1,4.3,7.0,6.1,7.7,75.2
504,D,1,1,8.6,7.0,5.1,3.7,74.0
505,A,0,1,6.9,7.9,4.4,5.7,58.2
505,B,1,0,8.4,8.3,9.5,7.2,72.3
505,C,0,0,6.5,8.3,6.7,6.4,46.5
505,D,1,0,8.4,6.9,6.8,8.4,67.5
506,A,0,1,5.8,9.1,8.5,7.1,67.5
506,B,1,1,10,7.6,5.1,6.4,81.8
506,C,1,0,6.5,6.0,8.0,6.0,60.8
506,D,0,0,6.9,6.2,8.0,6.5,46.0
507,A,0,1,5.6,6.7,8.8,5.7,61.3
507,B,1,1,8.4,7.0,7.8,7.3,84.2
507,C,0,0,6.7,7.2,8.4,8.5,51.3
507,D,1,1,5.5,10,6.8,7.4,82.8
508,A,1,1,5.3,7.6,8.9,3.2,75.0
508,B,1,1,5.0,6.8,8.9,7.9,81.0
508,C,0,0,6.1,4.6,8.4,7.1,43.7
508,D,0,1,9.1,6.5,7.9,4.5,63.3
509,A,1,0,8.1,7.5,7.1,5.1,63.0
509,B,1,0,9.5,5.1,9.9,7.7,70.3
509,C,1,0,6.7,6.3,8.3,5.3,61.0
509,D,1,0,7.6,9.2,7.9,7.8,70.8
510,A,1,1,6.3,7.6,7.7,6.6,80.3
510,B,0,0,8.3,6.2,8.3,6.7,49.2
510,C,1,0,4.5,3.9,6.8,6.6,53.0
510,D,1,1,7.9,10,8.2,6.4,87.5
511,A,0,1,7.5,6.5,8.5,6.7,65.3
511,B,0,1,7.6,10,7.7,7.3,71.0
511,C,0,1,7.4,6.7,5.6,5.5,58.7
511,D,1,0,7.5,10,8.1,7.7,72.2
512,A,1,0,6.7,4.5,6.0,6.6,56.3
512,B,1,1,7.3,7.3,8.3,5.0,79.8
512,C,0,0,8.5,6.8,4.4,6.7,44.0
512,D,1,1,7.7,9.2,8.2,8.0,88.5
513,A,0,0,8.6,7.5,6.0,5.1,45.3
513,B,0,0,7.7,7.8,7.2,6.1,48.0
513,C,0,1,5.4,6.0,5.5,7.5,57.3
513,D,0,0,7.3,6.1,9.1,9.3,53.0
514,A,1,1,5.8,7.7,7.0,7.3,79.7
514,B,1,1,6.8,8.9,8.2,4.7,81.0
514,C,1,0,7.4,6.2,7.3,8.1,65.0
514,D,0,0,7.5,5.7,8.5,6.2,46.5
515,A,1,1,7.4,9.9,7.9,6.6,86.3
515,B,0,1,7.1,7.2,5.5,6.4,60.3
515,C,1,1,5.7,7.4,7.2,5.9,77.0
515,D,1,1,9.3,7.7,9.0,7.1,88.5
516,A,0,0,6.8,5.3,6.8,7.5,44.0
516,B,0,1,9.9,9.0,9.3,7.4,76.0
516,C,0,1,5.8,7.3,5.4,6.1,57.7
516,D,1,0,6.7,8.5,8.4,7.6,68.7
517,A,0,1,7.5,7.5,6.3,6.9,63.7
517,B,1,1,8.4,6.1,8.6,6.2,82.2
517,C,1,0,6.0,6.3,8.2,8.0,64.2
517,D,1,1,6.9,9.0,9.9,6.4,87.0
518,A,1,0,7.2,7.9,9.2,7.8,70.2
518,B,0,1,8.2,10,9.7,5.7,72.7
518,C,1,1,7.9,4.3,6.1,5.1,72.3
518,D,0,0,6.8,8.5,8.6,6.6,50.8
519,A,1,0,7.7,6.2,6.0,4.2,56.8
519,B,1,0,9.1,6.3,9.8,7.9,71.8
519,C,0,0,5.3,6.4,7.5,9.0,47.0
519,D,1,0,9.2,9.8,7.3,8.9,75.3
520,A,0,1,6.7,8.3,7.1,5.6,62.8
520,B,1,0,10,5.6,7.3,4.5,62.3
520,C,0,0,5.2,6.1,6.6,7.3,42.0
520,D,1,1,8.8,9.1,7.6,8.3,89.7
521,A,1,0,7.6,7.5,6.9,4.4,60.7
521,B,0,1,9.2,9.1,9.1,7.8,75.3
521,C,0,1,8.1,6.0,5.7,9.0,64.7
521,D,0,0,6.8,8.7,8.3,7.2,51.7
522,A,1,0,6.0,7.4,7.6,7.0,63.3
522,B,1,0,8.4,6.9,7.8,7.2,67.2
522,C,1,0,4.7,6.7,6.2,6.0,56.0
522,D,1,0,7.0,9.2,6.3,6.8,65.5
523,A,1,0,7.3,8.7,7.2,6.3,65.8
523,B,1,0,8.1,7.6,6.8,6.7,65.3
523,C,1,0,6.4,5.9,6.1,6.5,58.2
523,D,1,0,7.7,9.3,6.3,9.3,71.0
524,A,1,0,8.1,9.8,6.9,8.8,72.7
524,B,0,1,9.2,5.6,5.9,6.9,62.7
524,C,1,1,5.7,7.0,7.6,5.8,76.8
524,D,1,0,9.1,8.0,7.6,9.2,73.2
525,A,1,1,9.0,10,8.2,6.7,89.8
525,B,1,0,7.2,6.7,7.8,7.9,66.0
525,C,1,0,6.0,6.1,4.9,7.3,57.2
525,D,1,0,10,7.3,7.7,8.1,71.8
526,A,1,1,7.6,8.2,6.4,5.5,79.5
526,B,1,0,7.8,7.1,9.9,6.7,69.2
526,C,1,1,7.0,3.3,3.8,8.6,71.2
526,D,1,1,8.8,7.9,10,5.9,87.7
527,A,0,0,6.3,9.0,8.6,9.0,54.8
527,B,1,1,8.7,8.1,7.5,6.5,84.7
527,C,0,1,6.4,5.7,9.3,8.4,66.3
527,D,1,0,7.2,9.2,6.3,7.8,67.5
528,A,1,1,8.4,10,6.6,6.9,86.5
528,B,1,0,7.2,10,6.9,6.8,68.2
528,C,1,1,7.7,7.1,5.6,7.5,79.8
528,D,1,0,9.0,7.2,6.8,5.1,63.5
529,A,1,0,7.7,7.7,5.7,6.9,63.3
529,B,0,0,9.6,10,8.8,7.3,59.5
529,C,0,1,6.0,5.2,6.5,9.4,61.8
529,D,1,0,10,9.1,5.1,7.8,70.0
530,A,1,1,8.0,7.2,9.6,8.0,88.0
530,B,1,1,8.9,6.8,8.2,4.4,80.5
530,C,0,0,4.4,10,6.9,6.8,46.8
530,D,1,1,8.5,7.9,9.3,5.2,84.8
531,A,1,0,7.3,7.5,8.3,6.7,66.3
531,B,1,0,8.7,8.7,8.9,8.7,75.0
531,C,1,0,6.6,4.1,5.3,7.9,56.5
531,D,1,1,10,9.1,9.1,9.7,96.5
532,A,1,1,9.0,8.0,4.7,7.1,81.3
532,B,0,0,7.7,9.1,9.5,9.8,60.2
532,C,0,0,6.3,7.9,6.0,6.2,44.0
532,D,1,0,9.5,7.5,6.7,8.4,70.2
533,A,1,1,5.5,7.2,8.3,9.5,84.2
533,B,1,0,7.7,8.9,8.3,6.5,69.0
533,C,0,1,7.1,7.5,7.8,5.7,63.5
533,D,1,0,10,7.8,7.7,7.8,72.2
534,A,1,0,7.4,7.3,5.3,5.8,59.7
534,B,0,0,7.9,7.8,5.5,7.1,47.2
534,C,1,0,3.3,7.3,9.7,9.0,65.5
534,D,0,1,5.7,8.5,7.9,6.0,63.5
535,A,1,0,6.2,9.5,9.1,8.2,71.7
535,B,1,0,7.4,6.9,8.9,7.4,67.7
535,C,1,0,4.8,4.8,4.9,6.6,51.8
535,D,1,0,10,8.2,8.0,8.0,73.7
536,A,0,0,8.1,6.7,8.9,9.2,54.8
536,B,1,0,7.1,8.6,8.9,6.8,69.0
536,C,1,0,6.4,7.3,9.3,6.8,66.3
536,D,1,1,9.2,7.6,8.2,4.7,82.8
537,A,1,1,6.3,10,6.7,6.4,82.3
537,B,1,1,9.2,7.5,5.4,5.5,79.3
537,C,1,0,7.7,7.3,8.0,7.4,67.3
537,D,1,0,8.7,7.9,10,7.2,73.0
538,A,0,1,6.9,10,5.1,6.5,64.2
538,B,1,1,8.5,7.5,7.4,6.6,83.3
538,C,1,0,4.6,7.2,8.0,7.1,61.5
538,D,1,1,7.7,8.2,6.3,6.4,81.0
539,A,1,1,8.6,8.1,8.3,6.3,85.5
539,B,0,1,7.0,7.0,8.7,6.8,65.8
539,C,1,0,6.0,4.8,7.4,5.6,56.3
539,D,1,1,8.4,7.6,5.8,5.9,79.5
540,A,1,0,8.9,9.1,7.7,6.7,70.7
540,B,0,1,6.9,10,9.2,3.0,65.2
540,C,0,0,5.6,6.4,7.8,9.2,48.3
540,D,0,0,8.4,10,7.4,5.0,51.3
541,A,1,0,5.7,10,7.2,7.4,67.2
541,B,0,1,7.6,7.5,8.0,5.8,64.8
541,C,1,1,4.9,5.2,6.8,3.5,67.3
541,D,0,1,8.3,10,7.9,6.3,70.8
542,A,1,0,8.0,8.7,6.4,6.8,66.5
542,B,1,1,9.1,7.6,8.2,6.7,86.0
542,C,1,1,6.8,5.4,7.5,5.8,75.8
542,D,1,0,9.1,6.6,7.7,5.1,64.2
543,A,0,0,5.5,9.5,6.4,6.7,46.8
543,B,1,1,10,5.7,7.8,5.3,81.3
543,C,0,1,7.9,5.3,6.0,7.9,61.8
543,D,0,1,7.8,6.8,8.5,7.8,68.2
544,A,0,1,7.1,9.5,7.4,6.1,66.8
544,B,1,1,7.8,6.4,6.5,7.6,80.5
544,C,0,0,6.3,7.7,8.1,6.6,47.8
544,D,1,0,9.1,9.8,7.4,6.7,71.7
545,A,0,0,6.7,7.1,8.3,7.2,48.8
545,B,0,1,8.0,7.4,8.3,8.1,69.7
545,C,1,1,7.0,5.8,7.0,5.6,75.7
545,D,1,0,6.5,9.4,7.7,7.2,68.0
546,A,1,0,8.6,9.2,7.3,7.0,70.2
546,B,1,1,7.9,6.9,6.3,5.1,77.0
546,C,1,1,6.0,5.6,6.6,7.9,76.8
546,D,1,1,6.8,7.7,7.3,7.6,82.3
547,A,1,0,9.0,8.3,6.1,6.7,66.8
547,B,0,1,8.7,7.7,8.9,7.3,71.0
547,C,1,1,3.8,8.3,8.7,6.7,79.2
547,D,0,0,9.8,7.4,8.7,5.1,51.7
548,A,1,1,6.2,7.1,5.7,7.6,77.7
548,B,0,1,7.0,7.9,6.5,7.9,65.5
548,C,0,0,8.0,8.1,7.3,7.3,51.2
548,D,0,1,7.9,9.1,8.0,9.9,74.8
549,A,1,1,5.3,5.9,5.5,7.2,73.2
549,B,1,1,6.8,8.2,9.0,8.6,87.7
549,C,1,1,6.7,6.0,5.0,6.4,73.5
549,D,0,1,9.0,7.1,9.1,7.3,70.8
550,A,1,1,8.2,6.6,5.9,8.8,82.5
550,B,1,0,9.1,7.1,7.1,7.2,67.5
550,C,1,1,5.6,5.3,7.5,7.8,77.0
550,D,0,0,8.5,7.3,6.7,6.3,48.0
551,A,1,0,8.4,9.1,8.5,5.2,68.7
551,B,1,0,5.6,5.8,6.1,8.9,60.7
551,C,1,1,7.5,7.4,6.2,6.5,79.3
551,D,0,1,10,7.9,7.1,7.0,70.0
552,A,1,1,6.9,7.4,7.8,7.5,82.7
552,B,1,1,8.8,9.0,6.5,3.8,80.2
552,C,1,0,9.2,6.2,5.8,7.2,64.0
552,D,1,0,8.7,8.1,6.7,6.0,65.8
553,A,1,1,7.6,6.6,7.5,5.7,79.0
553,B,1,0,5.9,8.2,8.6,8.4,68.5
553,C,0,0,8.1,5.6,5.6,6.0,42.2
553,D,0,0,7.3,7.5,7.6,4.8,45.3
554,A,0,0,7.6,7.6,7.5,5.2,46.5
554,B,0,0,7.9,8.8,8.4,7.3,54.0
554,C,1,0,6.5,6.4,8.0,7.6,64.2
554,D,1,1,8.8,9.7,7.0,7.8,88.8
555,A,1,1,6.9,9.6,7.3,8.2,86.7
555,B,1,0,5.9,8.3,6.1,8.1,64.0
555,C,1,1,4.7,7.2,6.6,6.8,75.5
555,D,1,1,7.1,8.9,9.2,7.7,88.2
556,A,1,0,6.2,8.0,7.6,6.8,64.3
556,B,1,0,9.3,8.2,8.3,3.9,66.2
556,C,0,0,5.3,6.0,7.9,7.8,45.0
556,D,1,0,7.3,7.1,8.9,8.5,69.7
557,A,1,1,6.3,10,6.3,7.7,83.8
557,B,1,1,8.8,8.2,9.8,5.1,86.5
557,C,1,1,6.9,6.6,8.2,5.0,77.8
557,D,1,0,9.2,8.4,6.3,6.2,66.8
558,A,1,0,7.2,7.5,7.3,6.8,64.7
558,B,0,1,8.6,6.2,5.8,6.8,62.3
558,C,0,0,4.9,7.5,9.2,7.0,47.7
558,D,1,1,6.7,9.1,8.2,5.8,83.0
559,A,1,1,8.2,10,8.4,7.3,89.8
559,B,1,1,10,7.9,8.4,7.5,89.7
559,C,1,1,8.3,8.8,6.8,7.1,85.0
559,D,1,0,8.8,8.8,10,7.0,74.3
560,A,0,1,8.6,9.0,6.2,6.5,67.2
560,B,1,0,6.1,8.1,6.8,4.4,59.0
560,C,1,0,6.5,5.9,7.8,5.5,59.5
560,D,1,1,8.8,8.5,9.8,7.6,91.2
561,A,0,1,8.8,7.1,7.9,5.8,66.0
561,B,1,0,7.2,5.9,6.9,7.1,61.8
561,C,1,0,7.8,6.0,7.4,8.8,66.7
561,D,1,1,8.0,10,9.2,5.7,88.2
562,A,1,0,8.1,8.1,7.3,4.3,63.0
562,B,1,1,8.6,7.2,5.7,10,85.8
562,C,1,0,5.9,5.0,7.0,7.0,58.2
562,D,1,1,7.9,8.4,8.8,7.9,88.3
563,A,1,1,8.3,8.8,5.7,5.8,81.0
563,B,1,1,8.0,8.9,9.4,6.7,88.3
563,C,1,0,7.1,7.1,6.7,7.5,64.0
563,D,1,0,7.6,9.5,5.3,7.7,66.8
564,A,0,0,9.0,9.0,5.8,3.7,45.8
564,B,1,0,7.3,4.1,9.2,7.3,63.2
564,C,1,0,7.5,7.7,7.0,6.6,64.7
564,D,1,0,7.3,9.3,8.1,6.1,68.0
565,A,0,0,6.1,10,5.7,6.3,46.8
565,B,1,0,9.5,8.6,9.4,5.5,71.7
565,C,1,1,5.3,5.8,8.0,8.1,78.7
565,D,1,1,8.4,10,9.0,7.7,91.8
566,A,1,0,7.0,7.1,9.3,6.1,65.8
566,B,1,0,8.7,8.2,6.4,5.1,64.0
566,C,1,0,7.2,5.8,8.4,9.2,67.7
566,D,0,0,8.2,10,7.1,9.0,57.2
567,A,0,0,6.7,7.7,7.6,8.2,50.3
567,B,1,1,6.9,8.3,6.3,7.6,81.8
567,C,1,0,9.1,5.9,5.7,7.4,63.5
567,D,0,0,6.4,7.9,7.9,8.7,51.5
568,A,1,0,8.7,10,5.0,7.4,68.5
568,B,1,0,5.2,5.8,8.4,6.2,59.3
568,C,1,1,4.8,8.3,10,7.3,84.0
568,D,1,1,8.6,8.3,9.7,5.4,86.7
569,A,0,0,5.7,8.7,7.6,5.1,45.2
569,B,1,1,8.0,6.6,7.1,6.3,80.0
569,C,1,0,6.6,8.5,8.3,9.3,71.2
569,D,1,0,7.7,10,7.3,8.2,72.0
570,A,1,1,9.0,10,6.8,6.1,86.5
570,B,1,1,7.4,4.7,6.6,6.8,75.8
570,C,0,1,5.5,5.7,7.5,7.9,61.0
570,D,1,0,10,9.7,6.5,6.6,71.3
571,A,1,0,9.0,7.5,6.7,6.0,65.3
571,B,1,1,7.0,7.3,7.1,7.4,81.3
571,C,0,0,6.4,6.0,5.9,6.8,41.8
571,D,0,1,9.2,7.1,6.5,7.0,66.3
572,A,1,1,6.8,8.3,6.0,6.2,78.8
572,B,1,0,10,8.3,5.1,5.8,65.3
572,C,0,1,7.8,5.7,5.3,8.3,61.8
572,D,1,0,7.1,9.4,5.5,6.3,63.8
573,A,1,0,7.2,7.7,7.0,9.3,68.7
573,B,1,0,7.1,6.0,6.6,4.9,57.7
573,C,1,0,3.3,7.6,7.6,7.7,60.3
573,D,1,0,6.7,8.9,7.8,5.0,64.0
574,A,1,0,5.8,8.2,5.1,4.0,55.2
574,B,1,0,9.6,7.5,8.1,5.2,67.3
574,C,1,0,6.2,5.6,8.4,6.7,61.5
574,D,1,1,5.8,7.7,4.6,6.1,73.7
575,A,0,1,7.6,7.0,6.7,6.1,62.3
575,B,1,0,7.5,8.4,8.7,8.0,71.0
575,C,1,0,7.1,6.7,6.3,5.7,59.7
575,D,1,0,10,9.3,9.5,7.4,77.0
576,A,0,1,7.3,9.5,5.9,6.6,65.5
576,B,1,0,8.0,8.9,9.3,5.9,70.2
576,C,1,0,7.0,5.0,8.2,7.2,62.3
576,D,1,1,7.7,8.0,10,8.1,89.7
577,A,0,1,7.6,9.6,6.9,6.2,67.2
577,B,1,0,8.6,9.8,6.3,6.6,68.8
577,C,0,0,4.4,6.2,6.5,6.4,39.2
577,D,1,1,6.9,7.9,8.9,4.6,80.5
578,A,1,0,6.4,8.1,5.6,7.4,62.5
578,B,1,1,9.9,6.9,8.0,5.1,83.2
578,C,1,1,6.3,5.6,5.7,9.4,78.3
578,D,0,0,8.1,9.5,8.0,6.8,54.0
579,A,1,0,7.4,7.0,6.7,7.2,63.8
579,B,1,0,8.6,7.8,6.4,6.9,66.2
579,C,1,1,4.3,5.6,5.6,5.6,68.5
579,D,0,1,9.8,9.2,10,6.1,75.2
580,A,0,0,7.6,7.1,7.0,7.8,49.2
580,B,1,0,8.2,8.2,5.8,4.4,61.0
580,C,1,0,5.1,8.1,5.3,5.8,57.2
580,D,1,1,8.1,7.6,8.1,8.2,86.7
581,A,0,0,10,8.6,10,8.7,62.2
581,B,1,0,8.7,8.9,9.5,5.1,70.3
581,C,1,1,5.7,7.2,6.3,6.9,76.8
581,D,0,1,8.2,7.6,7.7,6.6,66.8
582,A,0,1,8.4,9.6,4.4,4.5,61.5
582,B,1,0,8.4,6.6,8.4,8.4,69.7
582,C,0,0,7.0,5.5,5.8,7.5,43.0
582,D,0,1,9.0,8.0,8.2,6.8,70.0
583,A,1,0,6.8,7.8,8.8,3.9,62.2
583,B,1,1,8.1,7.7,6.9,6.8,82.5
583,C,1,0,7.7,6.5,6.3,5.0,59.2
583,D,0,1,7.5,5.6,7.2,6.6,61.5
584,A,1,0,6.1,6.4,6.4,7.7,61.0
584,B,0,1,6.2,7.6,9.3,5.6,64.5
584,C,1,0,6.7,7.1,8.1,9.3,68.7
584,D,0,0,8.5,7.1,6.2,6.2,46.7
585,A,1,1,7.3,7.8,5.8,6.8,79.5
585,B,0,1,8.1,8.6,8.4,5.3,67.3
585,C,1,0,5.8,5.8,5.4,4.7,52.8
585,D,0,1,10,3.9,6.3,4.6,58.0
586,A,1,0,9.5,8.5,6.6,8.7,72.2
586,B,1,1,7.3,8.8,8.3,5.9,83.8
586,C,1,1,6.6,6.8,6.8,7.1,78.8
586,D,1,1,7.8,8.0,6.9,7.2,83.2
587,A,1,1,7.4,8.0,7.3,7.7,84.0
587,B,1,0,6.9,7.3,9.0,7.5,67.8
587,C,1,1,5.4,6.3,5.4,8.0,75.2
587,D,0,1,7.3,9.4,8.4,8.8,73.2
588,A,1,1,9.2,7.3,8.7,6.8,86.7
588,B,0,0,9.8,7.5,7.0,8.3,54.3
588,C,1,1,8.0,4.9,6.8,7.3,78.3
588,D,1,0,10,6.8,9.2,6.8,71.3
589,A,1,0,7.6,6.9,5.7,4.0,57.0
589,B,0,1,7.4,10,8.3,7.2,71.5
589,C,0,0,4.7,6.5,7.0,5.2,39.0
589,D,1,1,9.9,8.1,9.4,7.0,90.7
590,A,1,0,6.8,7.6,6.6,7.8,64.7
590,B,0,0,5.5,7.7,5.9,7.5,44.3
590,C,1,0,6.6,7.1,6.3,6.5,60.8
590,D,1,0,7.8,8.5,4.9,7.2,64.0
591,A,1,0,7.6,8.6,5.8,7.0,65.0
591,B,0,0,7.9,7.5,6.5,5.4,45.5
591,C,1,0,6.0,8.1,7.2,7.6,64.8
591,D,1,0,8.1,9.7,8.5,5.4,69.5
592,A,1,1,8.4,8.9,7.5,8.5,88.8
592,B,1,0,7.5,5.8,7.1,6.7,61.8
592,C,1,0,7.2,7.7,5.6,8.1,64.3
592,D,0,0,9.1,10,8.7,7.3,58.5
593,A,0,0,7.4,7.1,6.9,6.3,46.2
593,B,0,0,9.0,6.7,8.4,6.8,51.5
593,C,0,0,5.0,4.7,2.9,8.9,35.8
593,D,1,0,6.3,10,7.7,7.8,69.7
594,A,0,1,7.8,9.9,5.0,5.6,63.8
594,B,1,0,9.6,9.1,5.5,6.5,67.8
594,C,1,0,6.2,5.1,6.8,9.2,62.2
594,D,1,0,8.0,8.0,8.9,7.7,71.0
595,A,1,0,7.2,8.6,5.8,6.1,62.8
595,B,1,1,5.3,5.4,5.4,7.5,72.7
595,C,0,0,6.6,4.9,6.9,6.2,41.0
595,D,1,1,9.1,7.9,10,6.2,88.7
596,A,0,0,6.5,4.0,8.3,7.6,44.0
596,B,1,0,6.8,10,9.7,7.4,73.2
596,C,0,1,8.2,4.5,8.6,7.3,64.3
596,D,0,1,10,8.7,7.1,7.7,72.5
597,A,0,0,8.2,6.3,7.3,5.9,46.2
597,B,0,1,7.4,7.8,7.6,10,71.3
597,C,1,1,6.6,6.8,7.4,8.2,81.7
597,D,1,0,6.8,9.5,5.7,6.4,64.0
598,A,1,1,7.4,7.1,6.4,5.2,76.8
598,B,1,1,9.8,8.1,8.0,7.2,88.5
598,C,1,1,5.8,5.3,6.6,7.6,75.5
598,D,1,1,6.2,10,9.0,7.0,87.0
599,A,0,1,7.1,7.9,6.3,6.3,62.7
599,B,1,1,8.3,5.5,8.1,8.9,84.7
599,C,1,0,6.9,5.3,6.4,5.9,57.5
599,D,1,1,7.5,6.1,8.1,6.3,80.0
600,A,0,1,8.0,6.3,4.9,7.0,60.3
600,B,1,0,10,8.6,7.1,6.2,69.8
600,C,1,0,6.7,4.7,5.7,5.2,53.8
600,D,1,0,7.5,7.8,7.3,6.3,64.8
601,A,0,1,4.8,8.2,8.3,6.8,63.5
601,B,1,1,6.4,6.7,7.7,7.6,80.7
601,C,0,1,5.2,5.9,5.8,8.8,59.5
601,D,1,1,8.9,8.0,6.9,5.8,82.7
602,A,1,0,5.7,7.2,6.6,4.3,56.3
602,B,1,1,8.2,8.8,9.6,5.0,86.0
602,C,1,0,5.0,8.3,4.3,7.6,58.7
602,D,1,1,7.5,10,7.1,9.3,89.8
603,A,0,0,6.4,6.7,7.6,4.2,41.5
603,B,0,1,6.3,8.0,6.4,10,67.8
603,C,0,0,7.7,9.1,6.9,7.2,51.5
603,D,1,1,10,7.3,7.2,6.7,85.3
604,A,1,0,6.9,6.3,6.6,5.2,58.3
604,B,1,0,7.1,6.3,4.5,7.3,58.7
604,C,1,0,4.9,6.0,8.5,7.6,61.7
604,D,1,1,8.4,9.4,7.7,7.7,88.7
605,A,0,1,9.5,8.0,6.7,5.6,66.3
605,B,1,0,9.6,8.3,7.2,7.0,70.2
605,C,1,1,4.9,6.1,6.4,6.3,72.8
605,D,1,1,10,7.3,7.4,4.7,82.3
606,A,0,0,7.5,8.6,6.8,7.3,50.3
606,B,0,1,6.9,6.7,9.4,4.4,62.3
606,C,1,0,4.8,6.9,5.5,7.1,57.2
606,D,1,1,6.9,10,8.8,6.1,86.3
607,A,1,1,7.1,8.7,6.0,5.9,79.5
607,B,0,1,7.5,7.0,9.0,5.9,65.7
607,C,1,0,5.9,6.7,5.8,8.3,61.2
607,D,1,0,7.7,10,7.4,6.2,68.8
608,A,1,1,7.8,7.3,3.0,6.0,73.5
608,B,1,1,6.6,10,8.5,6.6,86.2
608,C,1,1,5.4,6.6,8.6,7.8,80.7
608,D,1,1,9.4,9.7,8.7,7.1,91.5
609,A,0,1,7.6,8.6,7.8,7.5,69.2
609,B,1,1,7.2,9.4,6.3,7.6,84.2
609,C,1,1,5.8,7.2,8.0,8.5,82.5
609,D,1,1,8.7,6.7,9.6,6.9,86.5
610,A,1,0,7.8,6.7,9.7,5.3,65.8
610,B,0,0,7.1,8.6,7.2,6.5,49.0
610,C,1,0,8.0,4.7,7.0,7.5,62.0
610,D,0,1,9.4,8.3,8.8,6.4,71.5
611,A,0,0,7.9,7.7,7.1,4.2,44.8
611,B,1,0,7.2,8.4,8.1,6.7,67.3
611,C,0,0,5.1,7.1,7.2,6.3,42.8
611,D,1,0,8.5,8.3,8.1,8.1,71.7
612,A,1,0,8.1,7.8,6.4,5.7,63.3
612,B,1,1,7.4,7.6,7.0,8.2,83.7
612,C,0,0,8.6,5.6,7.2,7.2,47.7
612,D,1,1,10,7.5,8.0,6.9,87.3
613,A,0,0,9.0,7.7,7.1,5.0,48.0
613,B,1,1,10,8.0,5.4,3.5,78.2
613,C,1,0,7.4,4.6,8.2,7.8,63.3
613,D,1,0,8.9,8.5,7.2,6.2,68.0
614,A,1,0,7.7,6.7,6.7,7.0,63.5
614,B,0,0,7.2,8.9,7.2,5.9,48.7
614,C,0,0,8.4,6.4,6.8,6.3,46.5
614,D,1,1,5.4,6.1,9.9,6.4,79.7
615,A,0,1,6.3,8.4,9.5,6.2,67.3
615,B,0,1,7.1,6.6,8.2,8.3,67.0
615,C,0,0,8.1,6.8,8.9,5.8,49.3
615,D,0,1,8.5,8.0,6.4,4.9,63.0
616,A,1,1,8.8,9.6,7.2,9.1,91.2
616,B,1,0,8.8,7.9,7.5,7.3,69.2
616,C,1,0,3.4,7.4,8.8,6.2,59.7
616,D,0,0,6.8,7.8,10,8.6,55.3
617,A,0,0,7.9,7.0,9.0,5.1,48.3
617,B,1,1,4.0,8.6,7.5,6.0,76.8
617,C,0,1,7.5,8.9,7.7,6.6,67.8
617,D,1,1,8.6,7.5,8.2,6.1,84.0
618,A,1,0,7.3,9.6,8.9,8.5,73.8
618,B,0,0,8.1,8.7,5.0,7.6,49.0
618,C,0,0,6.0,7.6,6.4,5.1,41.8
618,D,0,1,10,7.6,8.9,5.8,70.5
619,A,1,1,6.4,8.4,6.6,8.0,82.3
619,B,1,0,7.7,5.7,8.3,6.6,63.8
619,C,1,0,7.2,7.0,4.4,6.5,58.5
619,D,0,1,7.7,9.9,7.4,5.7,67.8
620,A,0,1,7.2,10,6.4,6.2,66.3
620,B,1,1,8.8,5.8,6.4,4.0,75.0
620,C,1,0,6.5,8.0,6.3,7.7,64.2
620,D,1,1,7.5,7.1,7.1,8.0,82.8
621,A,1,1,7.2,7.9,7.7,7.3,83.5
621,B,0,0,9.2,8.0,7.4,6.1,51.2
621,C,0,1,5.8,7.8,8.0,8.2,66.3
621,D,1,1,9.7,8.2,7.8,6.0,86.2
622,A,0,0,6.8,9.2,7.2,6.4,49.3
622,B,1,0,8.3,7.4,6.8,7.2,66.2
622,C,0,1,5.8,6.8,9.1,9.0,67.8
622,D,1,1,7.0,8.8,9.7,6.3,86.3
623,A,1,1,8.4,7.4,7.7,4.1,79.3
623,B,1,1,6.7,9.9,7.3,6.5,84.0
623,C,0,1,7.1,5.7,6.2,7.6,61.0
623,D,1,1,7.2,9.0,7.8,7.4,85.7
624,A,1,0,7.3,9.1,7.4,6.4,67.0
624,B,1,1,5.2,8.0,8.7,6.8,81.2
624,C,1,1,8.4,8.5,6.6,6.1,82.7
624,D,1,1,9.5,9.4,4.6,8.1,86.0
625,A,1,1,8.6,9.3,10,5.8,89.5
625,B,1,1,7.5,6.0,9.0,6.3,81.3
625,C,0,0,6.5,5.9,8.2,6.1,44.5
625,D,1,0,8.7,9.4,9.7,6.5,73.8
626,A,1,0,7.6,6.4,3.3,6.4,56.2
626,B,1,0,6.8,6.6,7.9,8.2,65.8
626,C,1,0,6.7,6.7,4.9,7.6,59.8
626,D,1,0,9.2,8.1,8.4,7.0,71.2
627,A,1,0,6.8,9.1,6.6,5.8,63.8
627,B,0,0,7.6,9.8,8.0,7.1,54.2
627,C,1,0,4.3,6.4,7.4,6.1,57.0
627,D,1,0,8.1,6.2,6.8,6.6,62.8
628,A,0,0,6.9,7.3,6.8,5.0,43.3
628,B,1,0,7.7,7.6,8.5,7.4,68.7
628,C,0,0,5.6,5.4,9.9,6.9,46.3
628,D,1,1,9.1,7.7,9.2,9.1,91.8
629,A,0,0,5.7,8.8,7.9,5.5,46.5
629,B,1,0,8.6,6.8,7.3,6.5,65.3
629,C,1,0,5.6,8.8,5.3,7.1,61.3
629,D,0,1,7.4,7.6,8.6,6.9,67.5
630,A,0,1,9.4,6.7,6.9,4.8,63.0
630,B,1,1,9.6,6.4,7.7,7.9,86.0
630,C,1,0,5.7,6.2,6.4,8.2,60.8
630,D,1,1,7.7,9.9,6.6,4.1,80.5
631,A,1,1,5.8,7.1,7.7,6.1,77.8
631,B,1,1,7.7,8.4,6.2,5.6,79.8
631,C,0,0,4.1,3.9,5.8,5.6,32.3
631,D,1,0,8.3,10,8.8,7.4,74.2
632,A,1,1,6.8,7.5,9.8,7.9,86.7
632,B,1,0,8.3,7.9,8.9,7.0,70.2
632,C,0,0,6.1,8.5,7.2,6.6,47.3
632,D,1,1,7.8,10,4.5,6.1,80.7
633,A,1,0,5.9,6.8,6.8,5.6,58.5
633,B,1,1,10,6.6,7.7,7.6,86.5
633,C,1,1,4.7,7.6,7.9,8.0,80.3
633,D,1,0,5.5,8.5,10,8.7,71.2
634,A,0,0,7.3,9.2,5.2,7.3,48.3
634,B,1,0,7.9,7.6,7.2,5.5,63.7
634,C,1,0,7.2,8.2,7.5,6.5,65.7
634,D,1,1,6.9,5.9,8.5,5.8,78.5
635,A,1,0,9.5,9.7,6.0,6.8,70.0
635,B,1,0,8.1,8.6,6.3,6.7,66.2
635,C,1,0,6.6,6.6,6.7,5.7,59.3
635,D,0,0,9.1,8.1,7.6,7.2,53.3
636,A,0,0,7.0,9.0,5.2,5.2,44.0
636,B,1,0,7.1,8.2,8.1,8.5,69.8
636,C,0,0,6.9,5.0,5.4,5.9,38.7
636,D,1,0,10,9.5,8.2,7.3,75.0
637,A,0,0,9.5,7.0,5.9,7.1,49.2
637,B,1,0,7.6,5.9,6.6,5.4,59.2
637,C,1,1,5.4,6.3,7.0,5.7,74.0
637,D,0,0,8.4,9.6,6.6,8.2,54.7
638,A,0,0,7.5,9.2,6.9,6.0,49.3
638,B,1,0,10,9.7,8.1,7.0,74.7
638,C,1,0,5.9,5.9,8.7,7.0,62.5
638,D,1,0,9.0,5.9,7.8,6.4,65.2
639,A,0,1,7.6,6.6,7.8,6.4,64.0
639,B,1,1,7.7,7.8,8.6,7.3,85.7
639,C,1,0,8.8,8.3,7.0,5.9,66.7
639,D,0,1,7.0,7.6,7.4,5.8,63.0
640,A,0,0,6.2,7.1,7.0,8.5,48.0
640,B,1,0,8.6,10,8.2,5.2,70.0
640,C,1,0,6.5,7.7,6.3,5.7,60.3
640,D,1,1,7.9,8.2,9.3,7.0,87.3
641,A,1,1,10,7.7,6.7,6.6,85.0
641,B,1,1,9.8,3.8,5.0,7.5,76.8
641,C,0,0,4.0,7.2,7.6,5.9,41.2
641,D,1,1,7.4,7.5,5.9,6.4,78.7
642,A,0,0,8.8,8.4,6.2,7.2,51.0
642,B,1,1,6.6,6.3,7.5,5.6,76.7
642,C,1,0,6.0,4.5,7.2,6.6,57.2
642,D,1,1,6.3,10,7.8,4.7,81.3
643,A,0,1,7.4,8.6,7.3,7.9,68.7
643,B,1,1,7.6,8.8,8.2,5.1,82.8
643,C,0,1,5.9,6.9,7.7,5.6,60.2
643,D,0,0,9.0,8.5,5.9,8.0,52.3
644,A,1,0,9.7,7.5,5.8,7.2,67.0
644,B,1,1,6.8,8.0,6.6,8.3,82.8
644,C,1,0,4.7,8.9,5.0,7.8,60.7
644,D,0,1,9.1,8.4,6.5,9.9,73.2
645,A,0,1,9.7,9.7,6.7,5.8,69.8
645,B,1,1,7.3,8.0,6.8,6.3,80.7
645,C,1,1,7.2,4.8,7.0,7.1,76.8
645,D,0,1,5.6,5.2,10,8.9,66.2
646,A,1,0,8.2,7.5,5.8,6.2,62.8
646,B,1,1,9.1,8.8,7.3,6.0,85.3
646,C,1,0,6.6,6.1,6.8,5.8,58.8
646,D,1,0,7.9,7.5,5.8,5.9,61.8
647,A,1,1,7.8,8.4,6.2,6.4,81.3
647,B,0,0,9.7,7.8,5.2,6.5,48.7
647,C,1,1,8.7,6.4,6.0,4.7,76.3
647,D,1,0,8.2,8.8,6.3,7.5,68.0
648,A,0,0,7.0,6.5,5.5,5.3,40.5
648,B,1,0,9.3,9.2,8.3,5.1,69.8
648,C,1,1,6.1,6.4,8.7,8.6,83.0
648,D,0,0,9.1,7.6,8.1,7.9,54.5
649,A,1,1,9.2,8.4,6.5,6.9,85.0
649,B,1,0,7.9,8.2,9.9,4.6,67.7
649,C,1,1,8.1,6.2,9.8,7.7,86.3
649,D,1,1,6.2,7.7,8.4,8.6,84.8
650,A,0,1,8.0,6.6,6.7,7.1,64.0
650,B,0,1,5.8,7.8,8.5,7.0,65.2
650,C,1,1,7.9,5.1,4.6,7.3,74.8
650,D,1,0,7.8,8.8,7.2,6.7,67.5
651,A,1,1,7.5,7.6,7.0,7.1,82.0
651,B,1,0,7.4,9.4,7.9,6.5,68.7
651,C,0,1,7.0,7.6,7.4,6.5,64.2
651,D,1,0,8.4,7.7,8.3,5.8,67.0
652,A,0,1,8.3,7.9,7.1,6.6,66.5
652,B,0,0,8.9,7.3,7.5,7.2,51.5
652,C,1,0,7.7,6.8,4.9,7.3,61.2
652,D,0,1,9.4,7.6,7.0,6.5,67.5
653,A,1,0,7.8,7.4,8.9,5.5,66.0
653,B,1,1,7.8,7.1,8.7,5.6,82.0
653,C,1,1,5.3,5.0,7.7,7.6,76.0
653,D,0,0,3.3,6.8,7.8,8.4,43.8
654,A,0,0,8.9,9.0,7.3,6.4,52.7
654,B,1,1,10,7.0,5.9,8.2,85.2
654,C,0,1,9.6,8.3,6.7,7.6,70.3
654,D,1,0,7.2,8.6,7.8,7.4,68.3
655,A,1,0,7.8,8.4,7.7,6.5,67.3
655,B,1,0,10,6.8,8.0,6.7,69.2
655,C,1,1,6.6,5.8,6.9,6.7,76.7
655,D,1,0,10,8.1,8.9,7.0,73.3
656,A,0,1,4.7,10,6.6,6.7,63.3
656,B,1,0,7.3,8.6,5.2,7.4,64.2
656,C,1,0,5.5,5.2,7.2,6.5,57.3
656,D,1,0,7.5,7.1,6.8,5.3,61.2
657,A,1,1,7.6,7.8,8.5,5.1,81.7
657,B,1,1,8.3,7.9,9.2,8.5,89.8
657,C,1,1,5.4,4.8,6.3,6.9,72.3
657,D,1,1,10,7.4,5.9,6.0,82.2
658,A,1,0,7.6,7.9,8.6,6.5,67.7
658,B,1,0,8.2,10,7.3,8.9,74.0
658,C,0,1,7.1,6.0,8.2,7.2,64.2
658,D,0,1,7.2,6.6,7.5,8.9,67.0
659,A,1,0,8.3,8.6,6.4,6.8,66.8
659,B,0,1,8.8,7.6,6.3,8.6,68.8
659,C,1,0,5.9,5.2,6.8,8.9,61.3
659,D,1,0,9.6,8.2,6.8,6.6,68.7
660,A,0,1,7.7,7.1,6.2,6.6,62.7
660,B,1,0,5.5,7.9,6.9,8.3,64.3
660,C,0,1,6.9,7.8,7.5,6.2,64.0
660,D,0,0,9.5,8.2,9.8,5.5,55.0
661,A,1,1,8.8,10,6.9,5.5,85.3
661,B,1,1,10,5.6,4.5,5.5,76.0
661,C,1,0,6.3,5.7,8.2,7.2,62.3
661,D,1,1,9.2,10.0,7.3,8.4,91.5
662,A,1,0,8.8,10.0,6.1,6.2,68.5
662,B,1,1,7.0,6.5,7.7,4.6,76.3
662,C,1,0,3.7,6.3,8.1,6.7,58.0
662,D,0,0,6.4,8.0,7.1,7.9,49.0
663,A,1,1,8.1,8.1,6.4,6.4,81.7
663,B,1,0,9.3,7.9,8.4,6.4,70.0
663,C,1,0,7.8,7.9,5.9,4.6,60.3
663,D,1,0,8.1,9.8,6.3,5.8,66.7
664,A,1,1,7.3,9.5,6.0,5.9,81.2
664,B,1,1,7.6,8.3,8.8,7.5,87.0
664,C,1,0,5.0,6.7,7.3,6.8,59.7
664,D,1,0,6.9,9.3,9.6,6.2,70.0
665,A,1,0,8.2,8.1,7.1,6.4,66.3
665,B,1,0,8.0,9.9,7.8,6.4,70.2
665,C,0,1,10.0,7.3,6.6,6.4,67.2
665,D,1,0,8.5,9.5,8.7,7.2,73.2
666,A,1,0,8.5,7.3,7.1,7.5,67.3
666,B,0,0,9.4,8.8,8.1,8.2,57.5
666,C,1,1,4.7,4.0,6.2,5.2,66.8
666,D,0,1,8.6,8.7,7.6,5.8,67.8
667,A,0,0,6.5,7.8,7.9,5.4,46.0
667,B,1,1,7.0,9.3,8.3,7.6,87.0
667,C,1,0,6.7,8.8,8.0,6.8,67.2
667,D,1,1,10,8.2,8.5,7.9,91.0
668,A,1,1,8.1,8.4,7.8,5.7,83.3
668,B,1,0,7.6,9.6,9.3,4.9,69.0
668,C,1,1,6.2,5.0,6.8,8.2,77.0
668,D,1,1,8.4,10,8.3,6.1,88.0
669,A,0,0,7.4,5.3,5.5,5.4,39.3
669,B,1,1,10,9.2,7.0,5.0,85.3
669,C,0,0,4.1,4.9,6.9,6.4,37.2
669,D,1,1,8.4,10,10,7.4,93.0
670,A,1,1,8.6,7.0,8.1,7.2,84.8
670,B,1,0,8.2,8.4,8.4,7.5,70.8
670,C,0,0,5.6,4.9,7.2,7.2,41.5
670,D,1,0,5.9,8.5,7.8,8.7,68.2
671,A,0,0,7.4,7.3,6.3,6.8,46.3
671,B,1,1,7.4,5.9,7.1,6.3,77.8
671,C,1,0,6.9,4.0,8.0,7.1,60.0
671,D,1,0,7.1,8.3,6.3,6.7,64.0
672,A,0,1,8.0,10,6.5,6.3,68.0
672,B,1,1,6.4,5.4,7.1,6.9,76.3
672,C,0,0,5.2,6.2,6.2,9.0,44.3
672,D,1,0,7.2,7.0,6.4,5.6,60.3
673,A,0,1,6.6,8.8,6.1,3.6,58.5
673,B,1,0,7.7,7.0,6.8,7.5,65.0
673,C,1,0,5.9,6.4,6.4,9.1,63.0
673,D,1,0,7.9,10,7.9,8.1,73.2
674,A,1,0,9.5,8.6,6.4,5.3,66.3
674,B,1,0,8.7,9.0,5.2,7.1,66.7
674,C,0,0,8.2,5.0,5.5,5.9,41.0
674,D,1,1,10,8.2,8.5,6.5,88.7
675,A,0,0,7.9,9.6,5.1,7.7,50.5
675,B,1,1,10,9.4,8.1,6.3,89.7
675,C,1,1,4.4,5.2,4.7,9.0,72.2
675,D,1,1,8.8,8.4,8.8,4.9,84.8
676,A,1,0,9.1,7.8,8.0,5.1,66.7
676,B,1,0,7.5,7.4,6.7,7.5,65.2
676,C,1,0,6.7,6.7,8.4,8.9,67.8
676,D,1,1,5.5,7.7,8.8,5.1,78.5
677,A,0,0,7.5,7.8,6.2,6.5,46.7
677,B,0,1,8.3,7.5,8.0,5.5,65.5
677,C,0,0,7.8,4.3,8.5,10,51.0
677,D,0,0,8.5,7.8,7.6,7.0,51.5
678,A,1,0,7.0,5.6,5.9,7.9,60.7
678,B,1,1,6.5,7.9,8.3,5.5,80.3
678,C,1,0,7.1,6.4,8.8,7.7,66.7
678,D,1,1,9.5,7.5,7.1,6.8,84.8
679,A,0,1,8.5,7.3,4.3,6.7,61.3
679,B,1,1,8.1,6.7,8.3,8.0,85.2
679,C,0,1,5.6,8.1,7.4,8.2,65.5
679,D,1,1,8.5,8.1,5.9,5.8,80.5
680,A,1,0,7.3,8.4,7.4,5.4,64.2
680,B,1,0,6.9,6.9,9.0,6.5,65.5
680,C,0,0,8.2,7.1,6.6,6.3,47.0
680,D,0,1,9.2,8.8,8.6,4.9,69.2
681,A,1,1,10,6.1,5.9,5.2,78.7
681,B,1,1,7.1,8.4,7.8,4.6,79.8
681,C,0,1,5.3,9.6,7.5,6.9,65.5
681,D,1,0,8.3,8.2,9.1,7.9,72.5
682,A,1,1,6.6,6.9,6.5,5.9,76.5
682,B,0,1,7.6,7.3,7.4,6.0,63.8
682,C,1,0,5.4,6.9,7.6,7.9,63.0
682,D,1,1,10,8.5,8.5,7.1,90.2
683,A,0,1,8.8,8.4,5.8,5.2,63.7
683,B,1,1,10,6.4,9.1,8.8,90.5
683,C,0,0,6.8,7.9,5.6,7.4,46.2
683,D,1,0,8.9,7.8,7.9,7.0,69.3
684,A,1,0,6.4,8.8,6.7,7.1,65.0
684,B,0,1,7.8,6.5,9.9,7.3,69.2
684,C,1,0,7.1,6.4,6.2,7.7,62.3
684,D,1,0,9.1,7.8,6.8,7.8,69.2
685,A,0,0,6.6,6.4,5.6,3.6,37.0
685,B,0,0,4.7,7.0,9.3,4.8,43.0
685,C,1,1,5.0,4.6,7.5,7.1,73.7
685,D,1,0,10,8.1,8.7,4.3,68.5
686,A,1,0,7.9,10,8.1,5.6,69.3
686,B,1,0,9.5,8.5,9.1,7.0,73.5
686,C,1,0,4.9,9.2,7.7,7.2,65.0
686,D,0,0,7.8,7.3,6.9,6.3,47.2
687,A,0,0,7.8,8.7,7.1,6.7,50.5
687,B,1,1,6.7,7.2,10,5.5,82.3
687,C,0,0,6.2,4.7,6.9,8.3,43.5
687,D,1,1,7.0,8.8,8.2,7.6,86.0
688,A,1,0,9.0,4.9,5.5,9.2,64.3
688,B,0,0,6.9,6.5,8.7,5.9,46.7
688,C,0,0,5.1,5.3,3.7,7.2,35.5
688,D,1,1,8.0,6.4,7.9,4.9,78.7
689,A,1,0,6.6,8.3,5.6,7.0,62.5
689,B,1,0,7.1,4.6,7.6,7.5,61.3
689,C,0,1,4.6,4.7,6.4,7.7,55.7
689,D,1,0,6.9,8.3,7.0,8.2,67.3
690,A,1,0,6.1,9.5,6.8,6.3,64.5
690,B,1,1,10,8.3,9.6,5.7,89.3
690,C,1,0,6.2,5.7,7.2,6.1,58.7
690,D,1,1,8.4,8.3,7.2,5.8,82.8
691,A,1,0,6.6,5.5,8.5,6.0,61.0
691,B,0,0,8.4,7.7,10,5.4,52.5
691,C,1,0,6.5,5.6,6.1,5.7,56.5
691,D,0,0,8.4,8.7,6.6,5.9,49.3
692,A,1,1,8.2,7.0,6.0,6.0,78.7
692,B,1,1,9.3,8.7,7.8,7.6,89.0
692,C,1,0,9.0,6.7,6.3,5.5,62.5
692,D,1,0,7.6,9.8,7.8,6.6,69.7
693,A,0,1,6.8,9.4,6.0,5.9,63.5
693,B,1,0,8.2,7.6,7.2,7.4,67.3
693,C,1,0,7.4,4.6,8.1,6.7,61.3
693,D,1,0,8.5,8.4,5.7,5.9,64.2
694,A,1,0,7.3,9.1,4.9,5.6,61.5
694,B,1,1,6.9,8.2,5.7,6.5,78.8
694,C,0,0,5.3,6.7,5.0,6.1,38.5
694,D,0,1,8.6,8.5,9.1,6.2,70.7
695,A,1,0,7.2,6.6,5.6,7.8,62.0
695,B,0,1,7.5,9.6,9.6,5.3,70.0
695,C,0,1,5.8,5.5,6.0,7.2,57.5
695,D,1,1,8.0,8.2,5.8,6.6,81.0
696,A,1,0,7.7,6.4,8.4,7.9,67.3
696,B,1,1,10,8.8,7.7,5.3,86.3
696,C,1,1,8.6,5.9,5.7,6.1,77.2
696,D,1,1,9.4,8.4,8.4,7.2,89.0
697,A,1,1,7.0,7.2,5.5,5.6,75.5
697,B,1,0,9.3,7.3,6.7,5.6,64.8
697,C,1,1,4.6,6.2,9.7,6.9,79.0
697,D,1,1,7.2,6.9,8.3,6.3,81.2
698,A,1,0,6.6,8.4,6.7,6.1,63.0
698,B,0,1,9.9,6.2,7.5,6.1,66.2
698,C,0,0,6.2,4.9,3.6,6.7,35.7
698,D,0,1,6.1,7.3,8.1,6.1,62.7
699,A,0,1,7.8,9.9,7.7,6.1,69.2
699,B,0,1,8.1,5.3,7.8,7.8,65.0
699,C,1,0,5.8,6.3,8.3,5.9,60.5
699,D,1,1,9.3,7.6,9.6,8.9,92.3
700,A,1,0,9.1,6.0,6.2,9.9,68.7
700,B,1,1,9.8,7.6,7.9,8.8,90.2
700,C,0,0,8.0,5.2,7.2,6.5,44.8
700,D,1,0,8.2,9.5,7.4,7.0,70.2
701,A,1,1,7.4,7.6,8.2,4.8,80.0
701,B,1,1,7.3,6.9,7.8,6.4,80.7
701,C,1,1,7.0,5.9,8.2,3.8,74.8
701,D,0,1,8.1,6.8,8.4,5.7,65.0
702,A,0,1,7.0,9.1,5.9,8.6,67.7
702,B,1,1,8.6,8.1,7.7,7.4,86.3
702,C,1,1,8.4,5.1,6.5,8.1,80.2
702,D,1,1,8.1,7.3,10,10,92.3
703,A,1,1,9.8,6.4,6.5,6.0,81.2
703,B,1,1,7.0,6.2,6.4,8.0,79.3
703,C,1,0,6.4,7.3,7.6,7.2,64.2
703,D,1,0,10,9.5,8.3,8.8,77.7
704,A,1,1,7.0,5.6,7.9,8.0,80.8
704,B,1,0,9.9,6.2,9.1,6.6,69.7
704,C,0,1,5.5,4.7,4.6,7.2,53.3
704,D,1,1,9.2,9.1,9.4,7.7,92.3
705,A,1,0,8.8,9.2,7.3,4.6,66.5
705,B,0,1,8.5,7.2,7.4,5.6,64.5
705,C,0,0,6.4,6.1,7.6,8.3,47.3
705,D,1,1,8.9,6.3,7.2,8.8,85.3
706,A,1,0,6.3,8.3,9.3,5.4,65.5
706,B,1,0,7.9,7.8,8.0,4.8,64.2
706,C,1,1,7.3,5.9,7.4,5.7,77.2
706,D,0,0,8.6,8.7,7.9,6.6,53.0
707,A,1,1,7.2,5.9,5.1,5.7,73.2
707,B,1,0,5.7,7.1,6.5,5.1,57.3
707,C,1,1,7.4,7.6,6.5,4.5,76.7
707,D,1,1,8.3,10,7.7,7.1,88.5
708,A,0,0,5.8,7.5,7.7,3.4,40.7
708,B,0,0,7.4,7.7,8.8,6.5,50.7
708,C,1,0,8.5,8.3,8.7,7.2,71.2
708,D,1,0,9.3,9.9,7.2,6.6,71.7
709,A,0,0,8.7,8.1,7.0,7.9,52.8
709,B,1,0,8.2,6.4,6.7,7.7,65.0
709,C,0,0,8.3,7.2,7.3,6.6,49.0
709,D,1,0,8.8,7.6,8.3,5.6,67.2
710,A,1,1,6.2,8.6,4.8,7.6,78.7
710,B,1,1,8.3,5.2,8.2,7.3,81.7
710,C,0,1,5.9,8.4,7.5,7.7,65.8
710,D,1,1,7.7,8.1,7.0,6.1,81.5
711,A,1,1,6.0,7.1,7.6,10,84.5
711,B,0,0,7.0,7.3,6.2,7.7,47.0
711,C,1,0,7.2,6.3,8.5,5.9,63.2
711,D,1,1,8.4,8.4,5.1,7.1,81.7
712,A,1,0,9.3,7.1,6.5,7.4,67.2
712,B,1,0,8.0,8.6,6.9,7.2,67.8
712,C,1,0,5.3,4.1,8.0,8.4,59.7
712,D,1,1,8.5,6.3,9.7,6.1,84.3
713,A,0,0,6.8,8.3,7.9,5.4,47.3
713,B,1,0,10,6.8,9.1,5.2,68.5
713,C,0,0,6.4,7.4,6.3,4.3,40.7
713,D,1,1,8.4,10,7.2,7.5,88.5
714,A,1,0,6.6,6.8,7.5,7.5,64.0
714,B,0,0,9.2,7.8,7.6,8.0,54.3
714,C,1,1,7.0,6.7,5.5,9.6,81.3
714,D,0,1,8.4,7.3,10,6.8,70.8
715,A,1,0,6.3,8.8,6.8,5.9,63.0
715,B,0,1,7.7,6.7,9.2,7.1,67.8
715,C,1,0,6.7,7.2,8.5,5.0,62.3
715,D,1,0,10,8.6,10,5.4,73.3
716,A,1,0,10,7.6,6.5,5.9,66.7
716,B,1,0,8.8,8.0,8.2,6.2,68.7
716,C,1,0,7.5,7.0,3.3,9.7,62.5
716,D,1,1,9.4,7.9,7.1,6.2,84.3
717,A,0,0,6.6,9.3,8.5,5.8,50.3
717,B,1,0,9.0,8.4,9.4,7.2,73.3
717,C,0,0,6.2,7.8,5.3,6.6,43.2
717,D,1,0,8.8,8.9,6.6,8.3,71.0
718,A,1,0,10,8.0,7.8,6.9,71.2
718,B,0,0,7.3,6.8,9.1,6.6,49.7
718,C,0,0,6.0,8.5,3.4,5.8,39.5
718,D,1,1,9.0,7.8,6.7,7.5,85.0
719,A,0,0,6.9,8.5,7.1,4.8,45.5
719,B,1,0,9.4,6.4,7.2,6.8,66.3
719,C,0,0,7.6,6.7,5.3,7.9,45.8
719,D,1,1,9.5,10,8.0,7.6,91.8
720,A,0,0,6.1,6.9,6.1,6.4,42.5
720,B,1,1,7.5,5.9,9.7,8.2,85.5
720,C,0,0,7.7,5.4,9.1,8.2,50.7
720,D,0,1,7.6,8.0,7.8,8.4,69.7
721,A,1,0,7.2,9.5,5.2,8.5,67.3
721,B,0,1,8.5,8.4,8.7,4.7,67.2
721,C,1,0,7.9,7.2,7.6,6.6,65.5
721,D,0,0,6.8,10,8.3,6.2,52.2
722,A,1,0,7.7,8.2,6.6,6.4,64.8
722,B,1,0,8.2,8.3,7.1,5.3,64.8
722,C,1,0,3.7,6.8,5.8,5.3,52.7
722,D,1,0,8.2,8.4,7.1,7.8,69.2
723,A,1,1,6.7,9.0,5.6,6.9,80.3
723,B,0,1,8.7,7.2,8.4,6.5,68.0
723,C,1,0,6.0,8.2,7.2,8.4,66.3
723,D,0,1,10,10,8.9,6.4,75.5
724,A,0,1,8.6,8.6,7.2,5.7,66.8
724,B,1,0,5.6,8.2,6.1,6.7,61.0
724,C,0,1,8.3,6.2,8.0,8.5,68.3
724,D,1,0,9.0,9.2,6.8,6.7,69.5
725,A,0,0,7.1,6.0,7.5,7.4,46.7
725,B,1,0,8.4,7.5,10,4.2,66.8
725,C,1,0,5.8,5.3,6.3,4.1,52.5
725,D,1,0,8.3,10,10,7.8,76.8
726,A,0,1,9.6,10,5.2,6.8,69.3
726,B,1,0,5.2,7.1,6.4,6.3,58.3
726,C,0,0,5.1,8.1,7.3,7.5,46.7
726,D,0,1,8.7,4.8,8.2,7.4,65.2
727,A,0,0,8.8,10,7.4,7.9,56.8
727,B,1,1,8.5,5.6,7.6,9.9,86.0
727,C,0,1,6.7,6.2,6.9,5.1,58.2
727,D,1,0,7.6,7.9,8.4,6.3,67.0
728,A,1,0,7.6,8.2,6.7,5.5,63.3
728,B,1,0,5.2,4.9,6.2,6.0,53.8
728,C,1,0,6.6,6.7,5.5,8.4,62.0
728,D,0,1,7.1,7.1,9.6,7.3,68.5
729,A,0,1,7.4,9.6,7.6,4.9,65.8
729,B,0,1,10,7.8,7.5,7.0,70.5
729,C,1,0,5.2,5.9,9.8,8.0,64.8
729,D,1,1,9.0,8.8,6.8,9.3,89.8
730,A,0,0,8.1,6.1,7.5,5.7,45.7
730,B,0,0,9.1,6.9,8.1,6.5,51.0
730,C,0,1,6.6,6.1,7.4,8.1,63.7
730,D,1,1,9.8,8.6,6.9,8.5,89.7
731,A,1,0,6.9,8.2,7.0,4.8,61.5
731,B,1,1,7.1,7.5,8.1,4.3,78.3
731,C,1,1,7.0,7.9,7.7,7.6,83.7
731,D,1,1,7.6,5.2,7.9,7.3,80.0
732,A,0,1,8.0,9.3,8.1,6.8,70.3
732,B,0,1,10,4.9,9.5,5.4,66.3
732,C,1,0,6.5,7.7,7.2,6.4,63.0
732,D,1,1,6.3,9.3,9.4,6.2,85.3
733,A,1,1,7.9,7.5,8.7,8.0,86.8
733,B,1,1,8.8,7.1,6.7,6.2,81.3
733,C,1,0,6.9,7.3,7.3,6.2,62.8
733,D,1,1,8.8,10,6.8,6.8,87.3
734,A,1,1,6.1,7.0,6.7,6.7,77.5
734,B,1,0,9.4,7.4,8.7,6.2,69.5
734,C,1,1,6.1,8.1,8.1,7.7,83.3
734,D,1,1,9.2,9.2,9.4,7.3,91.8
735,A,1,0,7.3,8.9,5.0,6.9,63.5
735,B,1,0,10,8.0,7.0,6.3,68.8
735,C,1,0,7.2,6.5,6.4,5.1,58.7
735,D,1,0,8.8,7.0,5.9,8.6,67.2
736,A,1,0,7.7,8.7,7.4,6.7,67.5
736,B,1,0,9.1,7.2,7.0,5.4,64.5
736,C,0,1,3.8,7.2,6.7,5.3,55.0
736,D,1,1,8.7,5.8,7.4,8.8,84.5
737,A,1,0,6.4,7.7,6.5,5.4,60.0
737,B,1,0,6.8,5.6,7.1,6.5,60.0
737,C,1,0,7.3,7.2,6.7,8.2,65.7
737,D,1,1,7.3,8.4,5.9,7.8,82.3
738,A,1,0,9.0,9.2,5.9,5.9,66.7
738,B,1,1,7.4,8.0,8.1,4.0,79.2
738,C,0,0,6.3,6.6,6.8,8.4,46.8
738,D,0,1,8.0,10,9.5,7.1,74.3
739,A,1,1,6.6,8.1,5.9,6.2,78.0
739,B,0,1,7.7,6.5,9.7,6.0,66.5
739,C,1,1,6.7,6.7,8.2,7.2,81.3
739,D,1,1,7.5,10,7.9,6.4,86.3
740,A,1,0,6.3,6.0,7.7,6.7,61.2
740,B,1,0,7.0,9.2,7.9,7.0,68.5
740,C,0,0,7.3,6.9,6.2,7.3,46.2
740,D,1,0,7.5,10,10,7.0,74.2
741,A,0,0,6.9,9.1,7.2,6.1,48.8
741,B,1,0,10,8.3,8.4,8.4,75.2
741,C,1,1,7.1,6.2,6.3,5.6,75.3
741,D,1,1,8.8,8.2,5.9,8.4,85.5
742,A,1,0,8.7,7.6,7.0,6.5,66.3
742,B,1,0,8.8,7.7,5.5,7.9,66.5
742,C,0,1,4.7,6.2,6.2,7.4,57.5
742,D,1,1,7.7,9.3,9.7,5.4,86.8
743,A,1,1,8.5,6.8,5.9,6.5,79.5
743,B,0,0,8.1,5.7,6.7,6.8,45.5
743,C,1,1,6.7,6.6,5.5,7.0,76.3
743,D,0,0,7.2,9.5,8.7,6.2,52.7
744,A,0,1,7.1,7.7,5.8,5.6,60.3
744,B,1,1,8.4,6.6,8.2,6.7,83.2
744,C,0,1,5.2,5.1,6.4,7.2,56.5
744,D,1,1,7.8,8.8,8.8,5.9,85.5
745,A,0,0,5.9,9.8,8.0,7.0,51.2
745,B,1,0,6.6,6.6,6.8,8.0,63.3
745,C,1,0,6.5,9.1,6.7,7.4,66.2
745,D,0,0,7.5,9.4,6.4,6.0,48.8
746,A,1,1,7.9,9.6,7.2,2.2,78.2
746,B,1,0,10.0,6.6,7.6,7.1,68.8
746,C,1,0,8.3,7.8,6.5,8.8,69.0
746,D,1,1,6.6,10,8.7,5.9,85.3
747,A,1,1,9.2,8.2,7.6,5.4,84.0
747,B,0,0,9.3,7.4,7.3,6.8,51.3
747,C,1,0,6.2,8.2,8.8,6.4,66.0
747,D,1,1,9.3,7.3,9.1,6.0,86.2
748,A,1,0,7.2,7.9,7.8,6.6,65.8
748,B,1,0,9.3,6.9,7.3,7.8,68.8
748,C,0,1,7.2,4.4,6.9,7.2,59.5
748,D,1,1,9.1,6.4,7.4,5.6,80.8
749,A,0,0,8.4,8.6,6.7,4.8,47.5
749,B,1,0,9.1,7.0,7.8,8.1,70.0
749,C,1,0,7.8,8.6,6.3,5.6,63.8
749,D,1,1,9.1,8.2,9.0,7.1,89.0
750,A,1,0,7.7,7.7,5.9,7.7,65.0
750,B,0,1,8.2,8.5,5.1,4.8,61.0
750,C,0,0,7.7,7.5,8.2,7.5,51.5
750,D,0,1,8.4,8.7,7.0,5.8,66.5
751,A,0,0,8.5,9.0,7.2,6.0,51.2
751,B,1,0,7.9,6.4,9.4,9.5,72.0
751,C,1,0,6.9,7.3,4.3,7.2,59.5
751,D,1,0,8.8,9.1,9.2,2.8,66.5
752,A,0,0,7.2,7.8,5.9,7.1,46.7
752,B,1,1,6.9,6.9,7.5,6.9,80.3
752,C,0,0,6.6,7.0,6.5,6.4,44.2
752,D,1,1,8.8,10,7.4,8.7,91.5
753,A,0,0,8.0,7.1,7.8,6.4,48.8
753,B,0,0,8.5,4.5,8.8,6.2,46.7
753,C,1,0,6.5,7.7,8.5,6.7,65.7
753,D,1,0,9.2,9.1,9.2,6.7,73.7
754,A,1,0,7.1,8.7,6.8,6.1,64.5
754,B,0,1,8.5,7.7,10,4.6,68.0
754,C,1,0,7.6,8.0,4.9,8.1,64.3
754,D,1,1,9.5,8.6,9.9,6.2,90.3
755,A,0,1,6.6,6.6,6.5,9.0,64.5
755,B,1,1,7.8,6.9,9.1,7.6,85.7
755,C,0,0,5.4,4.3,7.6,8.3,42.7
755,D,0,1,8.1,7.1,8.9,3.4,62.5
756,A,0,1,7.8,8.1,7.8,6.2,66.5
756,B,1,1,6.8,7.7,6.7,6.2,79.0
756,C,0,0,6.3,8.5,5.0,8.4,47.0
756,D,1,0,8.6,7.7,9.3,8.2,73.0
757,A,1,1,6.8,9.5,7.3,6.6,83.7
757,B,1,1,6.9,7.2,7.7,9.5,85.5
757,C,1,0,6.6,8.6,4.5,6.0,59.5
757,D,0,1,8.3,9.2,10,6.0,72.5
758,A,1,1,8.1,8.3,6.4,7.2,83.3
758,B,0,0,7.4,7.1,6.8,8.8,50.2
758,C,1,1,8.2,5.5,6.5,7.7,79.8
758,D,1,0,8.8,8.6,10,9.3,77.8
759,A,1,0,6.2,8.1,8.4,6.3,65.0
759,B,1,1,6.7,7.1,6.6,7.2,79.3
759,C,1,0,7.3,7.0,3.9,6.9,58.5
759,D,0,0,7.8,7.7,8.1,8.4,53.3
760,A,1,0,7.3,6.2,8.8,4.6,61.5
760,B,1,1,8.6,9.1,8.3,5.6,86.0
760,C,0,0,8.5,5.4,5.9,8.4,47.0
760,D,0,0,8.9,7.8,7.9,6.0,51.0
761,A,0,1,7.3,6.0,5.5,8.6,62.3
761,B,1,1,10,7.4,7.0,7.8,87.0
761,C,1,0,5.2,7.9,5.8,5.1,56.7
761,D,1,1,9.8,7.7,7.3,6.2,85.0
762,A,1,1,7.2,7.4,6.6,7.7,81.5
762,B,1,0,8.3,7.9,6.8,5.8,64.7
762,C,1,0,5.9,7.4,6.2,9.2,64.5
762,D,1,0,9.5,7.3,8.7,4.8,67.2
763,A,0,0,6.3,6.8,6.9,6.8,44.7
763,B,0,1,9.0,7.6,6.7,4.3,62.7
763,C,1,1,5.6,5.6,7.3,6.0,74.2
763,D,0,0,8.4,6.9,5.4,6.7,45.7
764,A,1,0,7.4,8.3,7.8,5.2,64.5
764,B,0,0,6.0,7.2,8.0,8.4,49.3
764,C,1,1,5.4,6.5,6.8,7.3,76.7
764,D,0,1,5.5,9.1,6.6,4.7,59.8
765,A,1,0,7.5,7.1,9.4,6.4,67.3
765,B,1,0,8.9,9.4,10.0,6.1,74.0
765,C,1,1,6.1,5.7,8.1,7.8,79.5
765,D,1,0,9.4,8.1,7.0,7.6,70.2
766,A,1,1,8.0,8.7,7.2,7.3,85.3
766,B,1,1,10,10,6.5,7.8,90.5
766,C,0,0,6.2,3.6,7.1,7.0,39.8
766,D,1,0,8.4,8.9,8.1,7.0,70.7
767,A,1,0,9.6,10,7.2,6.7,72.5
767,B,0,1,9.3,6.5,6.9,5.4,63.5
767,C,1,0,7.0,8.8,6.1,8.3,67.0
767,D,0,0,7.2,8.9,6.5,6.7,48.8
768,A,1,1,8.9,6.6,5.8,4.4,76.2
768,B,1,0,8.1,6.9,8.5,4.6,63.5
768,C,1,0,8.3,5.2,5.9,9.4,64.7
768,D,1,0,9.6,9.2,8.4,7.0,73.7
769,A,0,0,7.7,8.5,6.7,9.5,54.0
769,B,1,0,8.7,6.4,7.2,8.1,67.3
769,C,1,0,4.6,6.7,6.6,6.0,56.5
769,D,1,0,9.6,8.5,9.4,7.0,74.2
770,A,1,1,8.0,7.8,5.6,7.9,82.2
770,B,0,1,6.1,8.7,8.4,7.9,68.5
770,C,0,0,6.5,5.3,5.9,6.4,40.2
770,D,1,0,9.2,6.9,7.1,8.5,69.5
771,A,1,0,8.7,6.3,6.2,7.9,65.2
771,B,1,1,8.5,7.6,5.3,5.2,77.7
771,C,0,0,5.7,4.3,6.5,9.1,42.7
771,D,1,0,9.8,9.4,8.9,7.5,76.0
772,A,1,0,8.5,7.3,5.7,6.2,62.8
772,B,1,1,6.7,8.1,6.4,5.4,77.7
772,C,1,0,5.7,6.7,7.7,5.6,59.5
772,D,1,0,8.5,8.7,5.5,7.6,67.2
773,A,1,0,7.0,6.9,9.6,6.4,66.5
773,B,1,1,6.8,8.8,5.6,6.7,79.8
773,C,1,0,6.1,6.4,9.5,7.8,66.3
773,D,1,0,7.9,8.2,9.0,7.2,70.5
774,A,0,0,6.7,10,7.3,8.6,54.3
774,B,1,1,7.5,6.5,9.5,4.7,80.3
774,C,1,1,6.7,5.4,7.4,6.2,76.2
774,D,1,0,9.5,8.3,8.9,6.0,71.2
775,A,0,0,7.7,9.4,8.5,9.2,58.0
775,B,1,0,9.7,7.5,6.8,5.7,66.2
775,C,1,1,7.8,8.2,9.4,5.9,85.5
775,D,0,1,6.7,7.0,7.5,7.6,64.7
776,A,1,1,8.8,8.3,8.5,7.2,88.0
776,B,1,0,9.0,5.4,8.5,5.8,64.5
776,C,1,1,6.8,5.0,4.3,7.4,72.5
776,D,1,0,7.7,7.1,6.6,7.6,65.0
777,A,1,1,9.5,7.9,6.4,8.8,87.7
777,B,1,0,6.3,8.6,6.6,6.0,62.5
777,C,1,0,7.0,7.7,5.9,4.2,58.0
777,D,1,0,7.7,8.4,8.9,6.3,68.8
778,A,1,0,8.1,10,5.5,8.5,70.2
778,B,1,1,8.5,7.9,6.4,6.0,81.3
778,C,1,0,5.8,7.3,8.7,8.5,67.2
778,D,1,1,8.3,8.4,6.3,5.0,80.0
779,A,1,0,8.0,7.6,6.4,6.1,63.5
779,B,1,1,5.1,8.2,7.3,6.7,78.8
779,C,1,1,7.1,7.5,6.0,4.6,75.3
779,D,1,0,7.2,7.7,8.8,8.3,70.0
780,A,1,1,7.7,6.1,8.3,7.4,82.5
780,B,0,0,8.7,7.1,6.6,7.6,50.0
780,C,0,0,5.4,6.1,6.8,8.5,44.7
780,D,0,0,8.2,9.9,8.9,5.6,54.3
781,A,0,1,7.0,9.5,5.3,7.1,64.8
781,B,0,1,6.2,7.0,7.4,8.8,65.7
781,C,1,0,6.3,4.9,5.6,9.8,61.0
781,D,1,1,6.3,6.8,5.1,5.1,72.2
782,A,0,0,6.2,8.8,7.2,5.9,46.8
782,B,1,0,8.1,6.4,7.5,9.0,68.3
782,C,1,1,7.3,7.0,5.3,6.2,76.3
782,D,0,1,6.6,8.8,8.4,8.4,70.3
783,A,1,1,9.3,9.6,6.2,6.9,86.7
783,B,0,1,7.1,6.0,6.2,5.9,58.7
783,C,1,0,5.2,4.9,7.0,10,61.8
783,D,0,1,9.2,9.7,7.6,7.3,73.0
784,A,1,1,7.8,8.5,7.6,7.2,85.2
784,B,1,1,8.5,6.4,7.8,4.4,78.5
784,C,1,0,5.5,6.0,8.4,5.6,59.2
784,D,1,1,6.3,8.9,7.3,6.2,81.2
785,A,1,0,8.5,7.3,8.4,7.5,69.5
785,B,1,1,8.3,7.3,8.3,7.4,85.5
785,C,1,0,6.9,6.4,4.9,6.8,58.3
785,D,0,0,8.7,8.8,9.0,8.0,57.5
786,A,0,0,6.3,7.2,7.4,4.0,41.5
786,B,1,1,7.8,5.5,9.4,7.9,84.3
786,C,0,0,4.9,5.9,5.2,6.0,36.7
786,D,1,1,6.6,7.8,8.5,7.1,83.3
787,A,0,1,8.9,9.3,7.1,7.4,71.2
787,B,1,1,5.6,8.8,5.9,5.8,76.8
787,C,1,0,6.2,6.3,5.6,7.6,59.5
787,D,1,1,5.5,10,7.8,8.6,86.5
788,A,1,0,7.7,7.4,6.6,6.8,64.2
788,B,1,1,5.7,7.2,5.7,7.2,76.3
788,C,1,0,5.3,6.4,8.1,8.1,63.2
788,D,1,0,7.9,10,7.9,4.3,66.8
789,A,0,1,7.2,7.7,7.2,7.7,66.3
789,B,1,1,6.2,7.9,7.7,5.2,78.3
789,C,1,0,4.9,6.4,4.5,6.1,53.2
789,D,0,1,8.3,8.3,9.6,6.2,70.7
790,A,1,1,8.0,8.1,6.4,8.3,84.7
790,B,1,1,10,6.9,9.7,5.6,87.0
790,C,1,1,5.0,6.6,7.5,7.3,77.3
790,D,1,1,10,8.5,7.9,7.7,90.2
791,A,0,1,7.7,8.2,7.5,4.9,63.8
791,B,1,0,4.8,7.4,8.7,7.0,63.2
791,C,0,0,6.5,5.5,5.3,6.7,40.0
791,D,1,0,10,9.8,9.5,6.1,75.7
792,A,1,1,7.6,7.6,5.7,7.4,80.5
792,B,0,0,8.7,6.5,6.4,8.2,49.7
792,C,0,1,6.5,3.7,8.0,5.9,56.8
792,D,0,1,9.8,9.7,7.8,7.5,74.7
793,A,1,1,8.4,7.8,7.0,5.3,80.8
793,B,0,0,7.5,8.6,6.7,6.7,49.2
793,C,1,0,7.5,7.5,6.3,7.7,65.0
793,D,1,1,9.6,6.6,7.9,5.4,82.5
794,A,1,1,7.9,7.7,7.1,8.1,84.7
794,B,1,1,6.3,7.6,7.5,6.7,80.2
794,C,1,0,5.3,5.4,6.5,4.8,53.3
794,D,1,1,8.4,7.6,7.0,6.5,82.5
795,A,0,1,6.8,6.4,7.2,6.0,60.7
795,B,1,1,8.3,8.3,6.5,7.3,84.0
795,C,1,0,7.7,5.7,6.5,5.2,58.5
795,D,1,0,8.2,9.4,8.3,7.5,72.3
796,A,1,0,7.2,8.1,7.6,4.9,63.0
796,B,0,0,6.7,5.8,7.5,6.0,43.3
796,C,1,0,7.3,6.0,6.2,6.1,59.3
796,D,1,0,8.5,5.4,10.0,6.6,67.5
797,A,1,1,6.5,7.8,5.9,5.1,75.5
797,B,1,1,8.8,9.1,8.0,7.9,89.7
797,C,1,0,5.3,6.0,6.3,5.9,55.8
797,D,1,1,6.8,8.4,8.0,7.9,85.2
798,A,1,1,7.7,10,5.6,8.6,86.5
798,B,1,1,10,9.6,8.8,8.2,94.3
798,C,0,0,6.3,9.4,5.8,8.4,49.8
798,D,1,0,10,7.4,6.2,6.2,66.3
799,A,1,0,7.4,6.6,8.4,6.5,64.8
799,B,1,0,7.5,6.7,6.2,6.6,61.7
799,C,1,0,6.8,4.3,7.9,9.3,63.8
799,D,1,0,7.1,7.9,7.0,9.6,69.3
800,A,0,0,8.6,9.6,5.8,5.4,49.0
800,B,0,1,10,5.9,5.3,7.4,64.3
800,C,1,0,5.4,4.9,6.9,6.7,56.5
800,D,1,1,4.9,7.5,7.5,8.0,79.8
801,A,0,1,6.4,8.6,7.8,5.5,63.8
801,B,1,1,9.7,6.4,7.4,5.5,81.7
801,C,1,1,7.0,2.7,6.0,5.5,68.7
801,D,1,0,8.6,5.5,6.4,9.4,66.5
802,A,0,0,6.0,9.7,6.7,6.8,48.7
802,B,1,1,5.7,8.0,7.3,6.2,78.7
802,C,0,0,7.0,6.7,7.5,7.7,48.2
802,D,1,1,10,8.5,8.5,10,95.0
803,A,1,0,6.8,9.5,9.2,6.2,69.5
803,B,1,1,7.1,5.9,8.8,7.3,81.8
803,C,1,1,6.5,4.4,7.5,9.4,79.7
803,D,1,1,8.7,8.4,8.5,7.0,87.7
804,A,1,0,5.4,7.5,6.1,8.3,62.2
804,B,1,0,9.4,7.3,6.9,6.4,66.7
804,C,1,1,5.9,6.0,6.7,8.3,78.2
804,D,0,1,7.4,6.6,9.7,7.2,68.2
805,A,0,1,9.7,6.8,4.3,6.0,61.3
805,B,1,1,6.8,7.6,9.0,7.0,84.0
805,C,1,0,6.5,8.8,7.2,6.1,64.3
805,D,1,1,9.8,7.4,4.6,5.0,78.0
806,A,1,0,8.1,9.6,7.9,4.9,67.5
806,B,1,1,6.2,6.8,7.2,8.0,80.3
806,C,1,1,7.7,4.4,7.3,5.4,74.7
806,D,1,0,9.0,6.4,7.8,6.9,66.8
807,A,0,1,8.0,7.9,6.8,6.0,64.5
807,B,1,1,7.9,8.8,7.4,6.3,84.0
807,C,1,1,6.8,3.9,8.9,6.3,76.5
807,D,0,0,9.4,7.2,7.0,8.2,53.0
808,A,0,0,9.1,9.4,5.9,7.2,52.7
808,B,1,1,5.8,8.5,5.8,5.7,76.3
808,C,1,0,3.5,7.2,7.8,8.2,61.2
808,D,1,0,7.6,7.5,8.3,7.3,67.8
809,A,1,0,9.8,8.6,6.7,6.1,68.7
809,B,1,1,6.9,5.7,5.3,5.9,73.0
809,C,0,0,4.9,7.5,7.7,6.8,44.8
809,D,1,0,7.7,8.1,7.0,7.6,67.3
810,A,1,1,7.8,7.4,6.7,6.8,81.2
810,B,0,1,7.6,8.1,6.5,5.4,62.7
810,C,1,1,5.6,6.2,7.0,10.0,81.3
810,D,1,1,8.0,5.0,8.8,5.6,79.0
811,A,1,0,9.5,7.7,5.3,3.7,60.3
811,B,0,1,6.5,8.1,7.3,8.0,66.5
811,C,0,1,5.5,6.8,7.3,8.1,62.8
811,D,1,1,9.1,10.0,5.8,6.5,85.7
812,A,1,0,9.1,10,8.9,6.4,74.0
812,B,1,0,9.3,7.8,8.6,5.6,68.8
812,C,1,0,8.0,7.9,5.2,7.8,64.8
812,D,0,1,8.8,8.0,9.0,5.4,68.7
813,A,0,1,7.3,7.5,8.3,7.1,67.0
813,B,0,1,5.3,8.2,8.4,6.5,64.0
813,C,1,0,5.0,5.9,6.2,5.7,54.7
813,D,0,1,9.6,10,7.0,5.8,70.7
814,A,1,1,8.5,9.2,7.2,7.6,87.5
814,B,1,1,10,8.5,8.0,6.1,87.7
814,C,1,1,7.0,7.2,8.0,8.7,84.8
814,D,1,0,9.8,6.5,7.3,8.4,70.0
815,A,0,1,6.5,10,6.2,8.5,68.7
815,B,1,1,6.2,7.3,5.2,7.3,76.7
815,C,0,1,5.5,7.2,7.1,6.6,60.7
815,D,0,0,8.4,6.8,6.7,3.9,43.0
816,A,1,0,8.8,6.4,6.8,3.3,58.8
816,B,1,1,8.9,7.5,6.8,5.9,81.8
816,C,1,0,5.0,6.2,5.8,6.5,55.8
816,D,1,0,8.5,7.9,7.5,3.4,62.2
817,A,1,1,7.3,7.6,7.5,5.8,80.3
817,B,1,1,6.6,6.4,7.2,8.4,81.0
817,C,1,0,7.5,6.3,6.3,9.0,65.2
817,D,1,0,7.5,7.8,9.6,5.8,67.8
818,A,1,0,10,10,7.8,6.0,73.0
818,B,0,0,8.3,8.1,9.4,5.3,51.8
818,C,0,0,7.5,7.8,5.6,4.8,42.8
818,D,1,1,8.8,9.0,8.4,7.4,89.3
819,A,1,0,6.8,7.2,6.7,8.5,65.3
819,B,0,0,7.2,8.9,9.3,10,59.0
819,C,0,1,5.8,7.8,7.3,8.3,65.3
819,D,1,0,7.3,7.2,9.2,7.3,68.3
820,A,1,1,7.4,7.0,6.1,5.2,76.2
820,B,1,1,7.9,6.7,8.5,8.0,85.2
820,C,1,1,7.4,7.0,7.6,6.5,80.8
820,D,1,1,8.8,7.1,6.7,6.8,82.3
821,A,1,0,9.9,8.4,6.8,6.9,70.0
821,B,0,0,8.8,7.7,7.4,7.3,52.0
821,C,0,1,6.1,6.2,6.8,5.7,58.0
821,D,0,1,7.9,4.6,8.5,8.6,66.0
822,A,0,0,6.0,7.3,7.9,6.4,46.0
822,B,1,1,7.6,6.5,7.6,7.2,81.5
822,C,1,0,7.3,4.6,7.2,7.8,61.5
822,D,0,1,8.4,7.3,8.5,7.0,68.7
823,A,1,1,6.9,5.8,5.0,4.4,70.2
823,B,0,1,8.4,7.2,9.2,8.0,71.3
823,C,1,0,6.8,6.5,7.3,6.8,62.3
823,D,1,1,6.2,7.8,7.3,6.8,80.2
824,A,0,1,7.0,8.3,5.5,5.3,60.2
824,B,0,0,7.5,7.6,7.0,8.3,50.7
824,C,0,1,5.5,5.2,7.0,8.6,60.5
824,D,1,1,8.9,10,5.9,6.4,85.3
825,A,1,0,9.5,7.0,7.4,5.7,66.0
825,B,1,1,9.5,8.5,8.0,5.5,85.8
825,C,1,0,4.7,5.8,7.1,5.0,54.3
825,D,1,0,8.5,8.9,8.4,7.5,72.2
826,A,1,0,6.6,9.4,7.8,7.0,68.0
826,B,1,0,10,4.8,7.2,5.8,63.0
826,C,0,0,6.1,8.0,6.7,7.3,46.8
826,D,0,1,8.1,9.3,8.7,5.3,69.0
827,A,1,0,7.4,10,7.5,2.4,62.2
827,B,1,0,4.5,7.5,6.6,5.6,57.0
827,C,0,1,8.0,6.3,6.0,4.7,58.3
827,D,0,1,9.5,10.0,7.6,7.4,74.2
828,A,1,1,8.4,9.3,7.4,4.9,83.3
828,B,1,0,6.9,8.3,8.2,6.7,66.8
828,C,0,0,4.6,7.0,6.0,7.1,41.2
828,D,0,0,10,9.6,7.3,9.9,61.3
829,A,1,0,7.6,8.4,7.9,6.6,67.5
829,B,0,1,8.7,6.0,7.6,7.5,66.3
829,C,1,0,5.0,8.9,7.0,8.6,65.8
829,D,1,1,7.4,7.6,7.5,5.6,80.2
830,A,1,1,9.1,8.1,5.3,6.3,81.3
830,B,0,1,8.1,6.7,6.6,6.4,63.0
830,C,1,1,5.6,5.3,9.2,7.5,79.3
830,D,1,0,7.3,9.5,9.3,7.7,73.0
831,A,1,0,6.6,9.1,7.4,7.6,67.8
831,B,0,1,7.9,7.3,4.7,6.0,59.8
831,C,0,1,3.6,6.6,6.2,8.3,57.8
831,D,1,1,8.4,9.1,7.1,6.3,84.8
832,A,1,1,7.5,6.7,7.8,6.2,80.3
832,B,0,0,6.9,7.3,7.2,6.1,45.8
832,C,0,0,3.8,8.3,6.7,8.6,45.7
832,D,0,0,7.8,7.4,7.2,7.9,50.5
833,A,0,0,6.6,10,5.6,6.8,48.3
833,B,0,1,10,7.6,10,4.8,70.7
833,C,1,0,6.9,6.8,5.5,7.6,61.3
833,D,1,0,5.9,8.9,10,6.5,68.8
834,A,0,1,6.5,9.5,6.9,2.8,59.5
834,B,1,0,7.0,6.9,8.7,4.5,61.8
834,C,1,1,6.1,5.0,5.4,7.7,73.7
834,D,1,0,8.3,7.2,6.0,7.9,65.7
835,A,1,1,7.6,8.2,6.7,6.8,82.2
835,B,1,0,8.4,7.5,7.1,6.7,66.2
835,C,1,1,6.9,6.1,7.3,6.7,78.3
835,D,1,0,8.9,10,8.5,5.8,72.0
836,A,1,0,6.8,6.2,6.6,6.0,59.3
836,B,1,0,6.3,7.4,8.2,7.4,65.5
836,C,0,0,7.5,5.1,4.5,7.0,40.2
836,D,1,0,9.6,8.4,6.5,7.8,70.5
837,A,1,1,7.5,5.9,8.2,7.2,81.3
837,B,1,1,8.9,6.8,7.7,6.6,83.3
837,C,1,0,4.9,3.7,6.0,7.2,53.0
837,D,1,1,9.5,10,9.2,6.1,91.3
838,A,0,0,8.9,7.7,5.6,6.1,47.2
838,B,1,0,9.9,7.6,7.8,9.2,74.2
838,C,1,1,6.3,6.2,7.4,8.9,81.3
838,D,1,1,7.1,7.4,9.5,8.1,86.8
839,A,1,1,4.3,5.0,6.2,4.5,66.7
839,B,1,0,6.7,5.7,7.2,6.5,60.2
839,C,1,1,10,7.2,10,8.1,92.2
839,D,1,0,6.9,7.9,7.5,8.1,67.3
840,A,1,0,8.0,9.6,5.9,4.7,63.7
840,B,0,1,8.7,6.1,7.1,7.8,66.2
840,C,0,0,6.2,4.9,6.1,6.1,38.8
840,D,0,1,7.4,7.9,8.8,4.1,63.7
841,A,1,1,6.9,9.9,4.4,6.1,78.8
841,B,0,0,9.2,7.0,7.6,8.7,54.2
841,C,0,1,4.9,6.2,9.0,7.4,62.5
841,D,1,1,6.0,5.2,9.4,7.7,80.5
842,A,1,1,8.0,6.8,8.4,6.8,83.3
842,B,1,0,8.9,9.5,9.4,3.4,68.7
842,C,1,0,7.7,6.1,6.5,5.6,59.8
842,D,0,0,8.7,9.7,10,5.2,56.0
843,A,1,1,7.2,6.9,5.3,8.0,79.0
843,B,1,1,10,6.9,8.6,6.3,86.3
843,C,1,0,4.9,8.4,7.7,6.6,62.7
843,D,1,1,7.3,9.6,9.4,8.1,90.7
844,A,0,1,8.0,6.9,8.1,7.1,66.8
844,B,1,0,7.0,4.5,6.6,7.1,58.7
844,C,0,0,7.9,7.1,6.4,5.0,44.0
844,D,1,1,8.7,7.7,9.3,5.9,86.0
845,A,1,1,8.0,9.8,7.0,6.5,85.5
845,B,1,0,8.1,7.2,2.5,5.2,55.0
845,C,1,0,6.8,6.3,7.2,7.6,63.2
845,D,1,1,7.7,7.5,9.1,7.1,85.7
846,A,1,1,6.9,9.0,7.7,6.6,83.7
846,B,1,1,7.3,5.5,5.5,4.8,71.8
846,C,0,0,6.5,5.2,7.8,8.5,46.7
846,D,1,0,7.9,7.2,6.3,5.4,61.3
847,A,1,0,6.5,7.1,5.9,6.3,59.7
847,B,1,1,6.8,7.6,7.5,9.2,85.2
847,C,1,0,6.3,7.2,6.2,7.2,61.5
847,D,1,1,8.6,7.6,5.2,6.2,79.3
848,A,1,1,5.8,8.8,7.0,5.9,79.2
848,B,1,0,6.6,5.9,5.3,5.8,56.0
848,C,1,1,8.1,7.2,7.3,8.8,85.7
848,D,0,1,10,8.9,6.1,6.5,69.2
849,A,1,1,6.3,7.8,7.0,6.8,79.8
849,B,1,1,7.1,6.4,6.7,9.1,82.2
849,C,1,0,7.3,9.5,6.3,8.9,70.0
849,D,0,1,9.0,8.0,8.2,6.0,68.7
850,A,1,1,7.2,7.2,7.7,7.6,82.8
850,B,1,0,8.2,8.5,10,6.2,71.5
850,C,1,0,7.4,2.7,4.1,4.7,48.2
850,D,1,1,7.8,10.0,7.4,8.9,90.2
851,A,0,1,8.4,9.1,5.9,4.0,62.3
851,B,1,1,9.7,8.4,7.6,7.6,88.8
851,C,1,0,7.2,6.5,5.5,5.8,58.3
851,D,1,0,9.9,8.4,10,7.6,76.5
852,A,0,0,7.6,9.2,5.3,5.8,46.5
852,B,1,1,8.2,7.0,8.3,5.5,81.7
852,C,1,0,7.3,5.8,5.8,5.9,58.0
852,D,1,0,6.0,7.7,10,6.2,66.5
853,A,1,0,6.0,7.5,5.7,5.6,58.0
853,B,0,1,8.8,7.7,5.5,7.3,65.5
853,C,0,0,6.3,7.6,8.6,5.5,46.7
853,D,1,0,7.5,7.8,8.0,9.3,71.0
854,A,1,0,8.4,8.9,6.9,6.4,67.7
854,B,0,1,7.0,8.9,7.2,7.3,67.3
854,C,1,0,7.7,6.7,8.0,8.3,67.8
854,D,0,0,7.4,8.9,7.4,8.8,54.2
855,A,1,0,6.3,8.9,8.9,4.9,65.0
855,B,1,1,6.8,7.2,7.1,6.9,80.0
855,C,1,0,5.2,7.5,7.6,5.2,59.2
855,D,0,0,9.4,8.6,8.5,7.3,56.3
856,A,0,0,5.7,7.7,5.4,5.5,40.5
856,B,1,1,9.0,9.2,6.8,7.0,86.7
856,C,1,0,7.5,5.1,9.0,5.9,62.5
856,D,1,0,8.0,9.3,9.9,5.0,70.3
857,A,1,0,9.8,10,7.0,7.0,73.0
857,B,1,0,9.3,4.9,6.7,6.5,62.3
857,C,1,1,7.7,6.8,8.7,7.1,83.8
857,D,1,1,9.7,8.0,9.5,6.3,89.2
858,A,1,1,10,7.9,10,5.6,89.2
858,B,1,0,7.6,5.8,8.6,5.6,62.7
858,C,1,0,7.9,6.6,8.6,6.4,65.8
858,D,1,1,4.6,10,6.9,5.5,78.3
859,A,0,0,6.6,8.1,6.6,7.6,48.2
859,B,1,1,8.3,7.9,7.9,8.2,87.2
859,C,0,0,5.9,5.6,5.1,7.3,39.8
859,D,1,1,8.3,7.7,7.9,5.7,82.7
860,A,1,1,6.4,7.4,7.1,2.7,72.7
860,B,0,0,8.1,8.5,8.1,8.6,55.5
860,C,1,0,6.0,7.0,6.6,6.7,60.5
860,D,1,0,8.1,8.7,9.6,7.1,72.5
861,A,1,0,7.8,8.3,4.5,7.2,63.0
861,B,1,1,10,5.1,9.5,6.3,84.8
861,C,1,0,7.9,6.0,6.8,7.9,64.3
861,D,0,1,6.7,8.0,8.3,10,71.7
862,A,1,0,6.6,8.5,8.3,6.5,66.5
862,B,1,0,7.8,6.6,7.2,8.6,67.0
862,C,1,1,6.5,4.7,5.5,8.6,75.5
862,D,0,1,6.8,8.0,8.7,7.4,68.2
863,A,1,1,7.9,6.6,8.9,5.5,81.5
863,B,0,1,9.0,7.0,8.8,6.4,68.7
863,C,1,0,5.8,6.2,6.8,6.6,59.0
863,D,1,0,9.3,9.0,10,5.6,73.2
864,A,1,0,8.7,5.2,6.9,7.2,63.3
864,B,1,1,9.3,7.9,8.2,6.5,86.5
864,C,0,0,7.7,5.7,8.7,8.8,51.5
864,D,1,0,8.3,7.3,6.8,9.5,69.8
865,A,0,0,7.2,7.9,6.3,6.8,47.0
865,B,1,1,9.2,8.0,8.4,7.4,88.3
865,C,0,1,7.8,6.1,7.9,5.3,61.8
865,D,1,1,8.8,8.2,8.9,5.5,85.7
866,A,0,0,7.5,8.2,7.3,7.3,50.5
866,B,1,0,9.9,8.0,7.3,7.5,71.2
866,C,0,0,5.6,5.2,7.0,5.5,38.8
866,D,1,1,6.7,7.0,8.1,8.7,84.2
867,A,0,0,5.1,7.8,5.9,8.4,45.3
867,B,1,1,9.0,7.1,8.3,8.8,88.7
867,C,1,0,8.7,7.4,6.7,7.6,67.3
867,D,1,0,9.0,10,6.1,6.9,70.0
868,A,1,1,9.1,6.2,7.0,9.0,85.5
868,B,1,1,7.2,7.3,8.0,7.0,82.5
868,C,1,1,8.3,5.1,10,6.4,83.0
868,D,1,1,8.1,7.2,9.0,8.2,87.5
869,A,1,1,5.4,7.5,7.1,6.6,77.7
869,B,1,1,9.4,7.8,8.7,6.7,87.7
869,C,1,0,9.2,6.0,9.0,7.0,68.7
869,D,1,0,6.7,10,10,4.5,68.7
870,A,0,0,10,6.6,7.7,7.1,52.3
870,B,1,0,7.6,5.7,8.7,6.5,64.2
870,C,1,1,7.1,6.4,8.6,7.6,82.8
870,D,1,1,9.2,7.1,8.4,6.3,85.0
871,A,0,0,7.5,7.4,5.4,8.6,48.2
871,B,1,1,7.9,8.3,8.6,4.1,81.5
871,C,1,1,8.0,5.7,6.8,7.1,79.3
871,D,1,1,10,8.5,9.1,7.3,91.5
872,A,1,1,8.8,8.9,6.1,9.3,88.5
872,B,1,0,7.1,5.7,7.3,6.4,60.8
872,C,1,0,6.5,7.7,7.7,7.0,64.8
872,D,0,1,6.3,6.0,8.8,6.2,62.2
873,A,1,0,7.1,8.9,5.6,7.2,64.7
873,B,0,1,6.6,7.6,7.5,8.0,66.2
873,C,0,0,6.0,5.8,4.7,5.2,36.2
873,D,0,0,10,7.1,7.2,6.5,51.3
874,A,0,1,5.9,6.5,5.1,3.0,50.8
874,B,0,0,9.1,6.9,9.1,5.2,50.5
874,C,0,1,4.4,7.1,5.2,7.9,57.7
874,D,1,1,6.1,7.3,8.4,7.1,81.5
875,A,1,0,8.4,8.2,8.2,6.9,69.5
875,B,0,1,8.2,9.1,6.2,5.9,65.7
875,C,1,0,6.3,5.0,7.4,9.5,63.7
875,D,0,0,9.0,6.7,8.6,5.7,50.0
876,A,0,1,6.8,7.4,4.3,7.5,60.0
876,B,1,0,9.2,9.3,9.3,5.8,72.7
876,C,1,1,5.8,6.8,6.9,6.0,75.8
876,D,1,0,8.8,8.4,8.3,6.3,69.7
877,A,1,0,6.5,9.7,7.5,4.0,62.8
877,B,1,1,8.9,9.3,7.9,4.9,85.0
877,C,1,1,7.8,4.8,5.3,6.4,73.8
877,D,0,1,8.8,9.4,9.1,7.3,74.3
878,A,1,0,8.9,7.6,6.9,4.0,62.3
878,B,1,0,8.6,6.4,6.8,6.8,64.3
878,C,1,1,6.5,4.4,3.6,9.5,73.3
878,D,1,0,8.4,6.4,8.1,8.4,68.8
879,A,1,1,9.5,10,5.6,7.4,87.5
879,B,0,0,8.9,5.6,6.4,6.8,46.2
879,C,1,0,6.3,7.6,8.0,5.2,61.8
879,D,1,0,7.7,8.2,7.7,6.6,67.0
880,A,1,0,8.5,9.7,7.6,5.6,69.0
880,B,1,1,6.8,8.5,9.6,7.5,87.3
880,C,1,1,7.1,5.7,6.5,5.6,74.8
880,D,1,1,7.6,8.1,8.5,7.3,85.8
881,A,1,1,6.6,8.5,6.3,5.3,77.8
881,B,1,1,8.5,6.3,6.0,6.4,78.7
881,C,1,1,7.6,5.7,8.3,7.1,81.2
881,D,1,1,10,9.4,9.6,5.2,90.3
882,A,1,1,8.0,9.0,6.0,8.0,85.0
882,B,1,0,6.9,8.2,7.2,7.5,66.3
882,C,1,0,6.2,6.7,7.2,6.7,61.3
882,D,1,1,7.3,6.5,6.1,8.0,79.8
883,A,0,0,8.0,8.6,9.0,8.0,56.0
883,B,1,0,6.6,8.0,8.1,8.6,68.8
883,C,0,0,6.3,4.2,7.9,5.8,40.3
883,D,1,1,7.1,10,9.7,6.7,89.2
884,A,1,0,7.0,7.8,8.8,4.4,63.3
884,B,0,1,9.4,8.3,7.8,7.5,71.7
884,C,0,0,6.4,5.9,7.3,5.6,42.0
884,D,0,1,8.6,10,8.7,8.2,75.8
885,A,1,1,9.0,6.9,6.1,7.1,81.8
885,B,1,0,7.7,8.5,6.8,5.5,64.2
885,C,1,0,6.8,6.0,8.8,8.5,66.8
885,D,1,1,9.4,9.2,6.6,7.5,87.8
886,A,1,0,8.3,7.5,8.6,6.0,67.3
886,B,1,1,7.9,7.7,8.7,8.4,87.8
886,C,1,0,5.6,6.9,7.0,8.2,62.8
886,D,1,1,6.1,7.9,7.4,6.3,79.5
887,A,0,1,6.4,8.8,6.6,5.7,62.5
887,B,0,0,8.5,9.0,7.6,5.8,51.5
887,C,1,0,6.9,5.8,8.8,6.0,62.5
887,D,0,0,7.3,9.0,9.9,6.0,53.7
888,A,0,1,8.5,7.2,6.4,4.4,60.8
888,B,1,0,8.0,6.6,5.8,7.7,63.5
888,C,1,0,5.4,6.4,6.6,6.6,58.3
888,D,1,1,10,5.4,5.9,7.7,81.7
889,A,0,1,8.1,8.1,6.2,5.4,63.0
889,B,1,1,9.4,8.5,8.6,6.1,87.7
889,C,1,0,6.4,7.4,8.4,5.9,63.5
889,D,1,0,10.0,8.1,6.2,6.7,68.3
890,A,1,0,9.0,10.0,7.0,5.8,69.7
890,B,1,1,9.7,8.1,10.0,7.2,91.7
890,C,1,0,8.3,5.2,7.9,6.8,63.7
890,D,1,0,7.8,7.5,9.1,7.6,70.0
891,A,1,0,8.4,7.8,8.5,4.6,65.5
891,B,0,0,7.0,8.4,6.5,5.6,45.8
891,C,1,0,7.7,5.9,8.4,8.1,66.8
891,D,1,0,10,9.2,7.1,8.3,74.3
892,A,1,0,9.5,7.9,7.8,5.5,67.8
892,B,1,0,10,8.0,6.4,7.7,70.2
892,C,0,1,6.6,5.0,7.5,7.1,60.3
892,D,1,1,7.6,8.1,9.0,3.7,80.7
893,A,1,0,9.1,8.4,5.6,6.4,65.8
893,B,1,1,6.7,6.6,8.0,5.5,78.0
893,C,0,1,5.6,5.2,7.8,8.0,61.0
893,D,1,0,9.8,7.9,8.8,7.2,72.8
894,A,1,1,6.4,8.1,4.5,4.9,73.2
894,B,1,0,8.9,7.0,8.3,5.6,66.3
894,C,1,0,5.4,6.7,4.6,8.2,58.2
894,D,0,0,10,8.5,9.4,5.9,56.3
895,A,1,0,6.7,7.6,8.3,6.4,65.0
895,B,1,1,8.2,7.0,4.9,7.9,80.0
895,C,0,0,5.0,6.1,5.2,7.3,39.3
895,D,1,0,5.5,8.6,8.2,4.4,61.2
896,A,1,0,6.4,9.6,6.4,7.2,66.0
896,B,1,0,6.8,6.6,8.6,5.6,62.7
896,C,0,1,6.6,6.1,8.2,7.5,64.0
896,D,1,0,8.4,8.5,6.3,6.3,65.8
897,A,1,1,5.3,7.1,5.8,7.2,75.7
897,B,1,0,5.3,7.6,6.3,5.6,58.0
897,C,1,0,5.5,6.0,5.8,5.4,54.5
897,D,1,0,9.6,6.6,7.9,6.7,68.0
898,A,1,1,4.8,6.8,6.0,7.5,75.2
898,B,1,1,7.8,7.2,7.5,4.7,78.7
898,C,1,0,7.6,5.8,8.7,8.3,67.3
898,D,1,1,7.0,7.1,7.6,5.7,79.0
899,A,1,0,7.7,7.5,7.0,6.1,63.8
899,B,1,1,6.4,10,7.0,7.5,84.8
899,C,0,1,6.4,6.0,5.5,8.4,60.5
899,D,1,0,8.9,9.3,6.6,6.2,68.3
900,A,1,1,8.7,8.4,6.3,4.4,79.7
900,B,0,0,7.5,5.7,9.0,8.0,50.3
900,C,1,0,6.7,6.5,8.1,8.5,66.3
900,D,1,0,9.1,7.0,7.0,7.4,67.5
901,A,1,0,9.9,6.8,6.0,5.0,62.8
901,B,1,0,5.9,6.5,7.6,7.8,63.0
901,C,1,0,8.8,6.4,5.1,8.2,64.2
901,D,0,1,9.8,9.5,9.1,9.1,79.2
902,A,1,1,7.4,7.5,5.2,5.7,76.3
902,B,1,0,7.7,6.6,7.7,5.2,62.0
902,C,1,0,7.7,6.0,7.2,8.1,65.0
902,D,1,1,7.1,7.7,7.7,7.4,83.2
903,A,1,0,8.1,6.2,7.7,8.6,67.7
903,B,1,0,7.7,8.0,8.7,6.7,68.5
903,C,1,1,6.7,5.9,8.0,5.5,76.8
903,D,0,0,8.9,4.7,8.1,6.9,47.7
904,A,1,0,8.1,9.6,6.9,5.6,67.0
904,B,1,1,10,7.5,8.5,9.5,92.5
904,C,0,0,7.4,7.5,10,6.0,51.5
904,D,0,1,6.4,9.5,7.7,5.8,65.7
905,A,1,1,6.5,6.5,7.0,6.3,77.2
905,B,1,1,7.8,9.5,7.5,8.7,89.2
905,C,1,0,5.5,8.1,2.5,9.4,59.2
905,D,1,1,9.0,9.0,8.2,6.4,87.7
906,A,0,0,6.5,9.2,7.1,6.4,48.7
906,B,0,1,7.2,7.6,7.6,8.1,67.5
906,C,0,1,5.6,7.2,7.5,6.7,61.7
906,D,1,1,7.0,10,7.1,8.7,88.0
907,A,1,1,6.6,9.0,7.8,8.6,86.7
907,B,1,1,10,6.9,6.0,10,88.2
907,C,0,0,7.6,6.4,5.6,5.9,42.5
907,D,1,1,7.9,9.3,7.9,6.0,85.2
908,A,1,1,9.6,7.0,8.2,7.0,86.3
908,B,1,0,6.8,8.7,6.7,6.4,64.3
908,C,0,0,3.6,5.2,6.0,7.4,37.0
908,D,0,0,6.6,8.7,6.9,5.9,46.8
909,A,1,0,5.4,8.8,8.0,4.8,61.7
909,B,1,1,7.9,7.3,7.6,5.7,80.8
909,C,1,1,6.1,6.2,7.6,8.0,79.8
909,D,1,1,6.9,9.2,6.1,7.7,83.2
910,A,1,0,9.7,9.2,6.3,5.6,68.0
910,B,0,0,7.9,8.4,8.7,5.5,50.8
910,C,1,1,5.7,7.8,6.1,6.0,76.0
910,D,1,0,8.5,9.0,6.0,7.6,68.5
911,A,1,0,6.7,8.8,5.7,7.1,63.8
911,B,0,0,7.3,7.6,7.9,8.8,52.7
911,C,1,0,6.5,7.0,7.7,7.8,65.0
911,D,1,1,9.2,8.3,7.8,7.7,88.3
912,A,1,0,8.6,8.2,8.1,4.5,65.7
912,B,1,1,8.1,9.3,10,7.8,92.0
912,C,1,0,7.5,9.2,6.4,6.2,65.5
912,D,1,1,8.7,7.5,9.0,8.0,88.7
913,A,1,0,7.6,8.9,5.2,3.8,59.2
913,B,0,0,7.5,4.2,7.1,9.1,46.5
913,C,0,0,7.0,5.1,6.8,7.5,44.0
913,D,1,0,8.7,8.2,9.0,7.5,72.3
914,A,0,1,8.2,8.5,6.5,6.7,66.5
914,B,1,0,6.8,7.1,6.3,7.6,63.0
914,C,1,0,6.0,3.8,7.8,7.6,58.7
914,D,1,1,7.7,8.4,6.8,6.8,82.8
915,A,1,1,5.2,7.1,8.0,5.9,77.0
915,B,1,0,8.4,7.4,5.8,8.6,67.0
915,C,0,1,6.3,6.6,5.7,6.4,58.3
915,D,0,0,8.3,8.3,7.6,6.2,50.7
916,A,0,1,7.6,9.0,6.9,8.7,70.3
916,B,1,1,7.5,8.8,7.8,7.4,85.8
916,C,0,0,6.8,6.2,5.0,6.6,41.0
916,D,1,1,7.4,9.2,7.3,6.8,84.5
917,A,0,0,10,7.5,7.4,4.9,49.7
917,B,1,0,7.2,9.2,6.7,4.0,61.8
917,C,1,1,4.7,7.3,7.3,8.7,80.0
917,D,0,0,8.0,10,8.8,5.1,53.2
918,A,0,1,6.7,7.0,4.6,6.9,58.7
918,B,1,1,8.0,8.9,8.6,8.1,89.3
918,C,1,0,6.5,7.5,7.2,8.5,66.2
918,D,1,0,6.7,8.6,6.9,7.6,66.3
919,A,0,0,7.9,10,7.0,6.4,52.2
919,B,1,1,8.3,7.1,8.1,5.4,81.5
919,C,0,1,5.7,3.9,9.9,7.2,61.2
919,D,1,1,8.8,9.3,8.6,7.2,89.8
920,A,1,0,4.7,9.1,5.8,6.1,59.5
920,B,0,1,5.1,9.5,9.5,6.4,67.5
920,C,1,1,8.0,3.7,6.6,7.3,76.0
920,D,1,0,10,8.8,5.1,7.8,69.5
921,A,1,1,8.4,7.6,8.3,7.1,85.7
921,B,1,1,7.0,7.2,7.8,4.7,77.8
921,C,1,0,5.9,6.6,8.1,6.7,62.2
921,D,1,1,9.2,10,8.3,7.7,92.0
922,A,1,1,7.8,7.0,6.6,8.7,83.5
922,B,1,0,7.8,7.1,8.6,6.5,66.7
922,C,0,0,6.6,5.8,7.0,7.0,44.0
922,D,1,0,7.5,8.6,8.3,4.8,65.3
923,A,1,0,7.9,9.6,4.4,6.5,64.0
923,B,1,1,9.4,7.4,6.7,7.8,85.5
923,C,1,1,6.0,6.5,5.2,6.1,73.0
923,D,1,1,8.0,7.9,7.6,5.2,81.2
924,A,1,0,7.1,7.3,10,5.4,66.3
924,B,0,0,8.3,5.6,8.1,7.0,48.3
924,C,1,0,8.8,7.1,6.9,7.3,66.8
924,D,1,0,7.0,7.7,8.4,7.8,68.2
925,A,1,0,8.9,8.0,8.4,5.4,67.8
925,B,0,0,7.0,6.5,8.2,7.1,48.0
925,C,0,1,6.1,5.0,4.5,6.4,53.3
925,D,1,1,6.8,8.7,8.8,8.6,88.2
926,A,0,0,8.6,6.6,6.6,4.2,43.3
926,B,1,1,6.6,5.8,6.5,5.8,74.5
926,C,0,1,6.7,5.3,6.9,8.0,61.5
926,D,0,1,7.7,6.2,7.9,7.1,64.8
927,A,0,1,7.6,7.6,7.0,4.1,60.5
927,B,1,0,6.9,4.9,7.0,6.8,59.3
927,C,1,1,8.6,6.2,8.9,7.6,85.5
927,D,1,1,8.3,9.5,7.8,7.6,88.7
928,A,1,0,8.2,9.5,7.7,6.3,69.5
928,B,1,0,7.5,4.3,6.6,8.1,60.8
928,C,1,1,6.7,7.3,7.1,6.1,78.7
928,D,1,1,9.0,8.4,8.9,5.7,86.7
929,A,1,1,7.4,8.1,7.5,7.2,83.7
929,B,1,1,8.6,7.9,6.7,6.4,82.7
929,C,0,1,5.3,5.3,7.3,10,63.2
929,D,1,0,7.4,9.4,9.1,5.6,69.2
930,A,1,0,7.5,7.9,6.9,6.2,64.2
930,B,1,0,5.8,5.2,9.2,4.8,58.3
930,C,1,0,5.4,4.8,8.5,10,64.5
930,D,1,1,7.4,9.5,7.6,7.6,86.8
931,A,0,0,5.3,7.9,8.4,5.9,45.8
931,B,0,1,5.2,7.3,9.5,7.4,65.7
931,C,0,1,9.0,5.4,6.6,7.0,63.3
931,D,1,1,10,7.2,8.6,5.4,85.3
932,A,1,0,5.7,8.8,9.2,6.2,66.5
932,B,1,0,7.7,10,7.1,7.5,70.5
932,C,0,1,5.4,7.6,6.8,5.5,58.8
932,D,1,1,8.8,10,8.0,10,94.7
933,A,1,1,9.2,9.8,7.6,6.1,87.8
933,B,1,1,7.6,6.9,8.1,5.7,80.5
933,C,0,1,7.3,6.4,5.5,6.6,59.7
933,D,1,1,8.7,9.0,7.1,7.8,87.7
934,A,0,1,6.7,10,6.2,7.7,67.7
934,B,1,1,8.3,6.9,9.3,7.6,86.8
934,C,0,1,5.8,5.6,5.9,7.0,57.2
934,D,0,1,8.9,9.9,6.6,5.0,67.3
935,A,1,0,9.4,9.1,7.4,9.2,75.2
935,B,1,0,8.2,5.9,8.8,4.9,63.0
935,C,1,0,7.7,5.6,7.5,9.1,66.5
935,D,1,1,6.8,8.2,8.3,7.0,83.8
936,A,1,0,9.1,7.2,7.8,7.4,69.2
936,B,0,0,9.3,6.3,8.0,8.9,54.2
936,C,1,0,7.2,7.4,4.6,7.3,60.8
936,D,0,1,6.8,10,8.2,5.8,68.0
937,A,0,0,8.7,7.1,6.1,4.6,44.2
937,B,1,0,7.1,8.1,7.9,4.4,62.5
937,C,0,0,4.4,8.4,7.7,5.2,42.8
937,D,0,0,6.3,8.2,7.1,7.4,48.3
938,A,1,1,8.3,9.5,7.0,7.0,86.3
938,B,0,0,7.5,7.1,8.1,5.6,47.2
938,C,1,0,7.2,6.0,7.5,7.0,62.8
938,D,1,1,8.0,8.2,7.8,5.2,82.0
939,A,1,0,7.3,6.8,6.5,6.4,61.7
939,B,1,0,8.8,7.9,8.4,6.1,68.7
939,C,1,1,6.6,4.7,7.2,8.9,79.0
939,D,0,0,7.8,7.0,8.4,7.5,51.2
940,A,0,0,8.2,7.2,5.5,7.1,46.7
940,B,0,0,7.0,7.4,7.4,5.8,46.0
940,C,1,0,10,5.2,5.7,6.6,62.5
940,D,1,0,10,9.5,9.2,7.4,76.8
941,A,1,1,7.4,9.4,7.2,7.8,86.3
941,B,1,0,7.0,5.8,7.7,5.5,60.0
941,C,1,1,6.6,5.8,8.8,6.6,79.7
941,D,1,0,8.8,6.2,7.8,7.4,67.0
942,A,1,1,7.9,6.7,7.8,7.8,83.7
942,B,0,1,8.6,8.1,9.1,7.4,72.0
942,C,0,1,7.5,5.8,6.5,6.7,60.8
942,D,1,1,7.8,7.7,7.3,6.7,82.5
943,A,1,1,6.9,7.8,7.0,4.3,76.7
943,B,0,0,9.5,6.4,10,6.8,54.5
943,C,1,0,5.7,5.9,7.4,6.9,59.8
943,D,1,0,8.3,8.7,10,6.7,72.8
944,A,0,1,6.9,9.1,6.9,3.9,61.3
944,B,0,1,8.2,7.6,8.1,6.0,66.5
944,C,1,0,6.2,4.5,7.0,8.1,59.7
944,D,1,0,9.6,7.9,7.9,7.3,71.2
945,A,1,0,9.6,10,7.9,5.4,71.5
945,B,1,1,8.4,7.2,5.5,8.7,83.0
945,C,1,0,6.7,5.2,6.0,4.5,54.0
945,D,0,1,9.5,7.0,5.9,8.4,68.0
946,A,0,1,8.0,9.5,4.9,9.6,70.0
946,B,0,0,9.2,7.0,8.0,4.1,47.2
946,C,0,1,6.1,4.2,7.8,7.5,59.3
946,D,1,0,9.5,6.9,8.9,6.3,69.3
947,A,1,0,9.4,7.8,8.5,3.9,66.0
947,B,0,1,8.2,8.2,9.7,7.4,72.5
947,C,0,1,6.3,7.9,4.9,8.1,62.0
947,D,1,1,7.2,7.2,8.3,6.3,81.7
948,A,1,1,5.5,9.3,4.8,4.3,73.2
948,B,1,1,8.8,8.8,9.4,7.3,90.5
948,C,0,0,5.9,6.8,6.8,6.3,43.0
948,D,1,1,8.3,7.2,7.7,6.6,83.0
949,A,1,1,8.1,8.7,6.9,4.7,80.7
949,B,1,0,6.2,6.9,8.6,4.3,60.0
949,C,1,1,6.8,7.9,5.2,6.9,78.0
949,D,1,0,7.8,7.8,8.9,7.4,69.8
950,A,0,0,8.7,7.9,5.0,7.3,48.2
950,B,1,0,10,7.5,6.0,6.0,65.8
950,C,1,1,4.0,8.1,6.6,7.4,76.8
950,D,1,1,7.9,4.9,9.6,5.6,80.0
951,A,1,0,9.1,8.3,8.3,6.5,70.3
951,B,1,0,9.6,8.1,5.6,7.7,68.3
951,C,1,1,7.4,5.9,3.6,7.2,73.5
951,D,1,1,8.0,7.4,8.1,5.0,80.8
952,A,1,0,6.0,8.6,7.1,4.4,60.2
952,B,1,0,8.1,6.3,8.3,6.1,64.7
952,C,1,1,8.3,5.1,5.7,6.4,75.8
952,D,1,1,7.7,9.0,8.6,6.3,86.0
953,A,1,1,8.0,8.1,8.1,6.5,84.5
953,B,0,0,9.1,5.0,7.6,5.5,45.3
953,C,1,0,4.1,6.0,7.8,6.8,57.8
953,D,1,0,8.3,6.7,7.3,8.2,67.5
954,A,0,0,7.8,9.0,6.9,6.1,49.7
954,B,1,1,8.3,7.6,9.1,7.0,86.7
954,C,1,1,4.5,4.2,7.6,9.0,75.5
954,D,0,1,8.2,9.2,7.9,7.0,70.5
955,A,1,1,8.7,8.8,7.8,5.5,84.7
955,B,1,1,7.0,5.3,7.1,7.7,78.5
955,C,1,1,7.7,6.8,8.2,6.0,81.2
955,D,1,0,7.3,7.4,7.2,5.0,61.5
956,A,1,0,7.9,8.1,5.9,5.7,62.7
956,B,0,0,6.4,6.3,9.2,8.3,50.3
956,C,1,1,8.3,7.1,7.1,7.4,83.2
956,D,0,0,9.2,8.0,9.6,6.1,54.8
957,A,1,0,8.4,9.7,6.1,6.2,67.3
957,B,0,1,9.8,8.7,8.9,5.7,71.8
957,C,1,0,7.1,4.9,7.2,8.2,62.3
957,D,1,0,7.9,7.5,7.1,5.6,63.5
958,A,1,1,7.1,7.5,7.4,5.6,79.3
958,B,1,1,7.0,8.6,7.2,8.7,85.8
958,C,1,0,7.1,7.9,9.7,5.7,67.3
958,D,0,1,8.8,6.2,8.0,6.8,66.3
959,A,1,1,6.3,5.3,6.9,7.7,77.0
959,B,1,0,7.3,5.1,5.8,6.2,57.3
959,C,0,1,7.0,7.0,6.0,7.9,63.2
959,D,1,1,5.8,9.8,6.9,5.2,79.5
960,A,1,0,8.6,6.6,4.6,7.3,61.8
960,B,1,1,6.0,7.5,8.1,5.7,78.8
960,C,1,1,9.2,5.9,7.2,7.4,82.8
960,D,0,1,9.2,5.7,5.8,8.0,64.5
961,A,0,0,8.5,9.2,5.1,6.4,48.7
961,B,1,1,8.8,6.3,6.8,5.7,79.3
961,C,1,1,6.3,8.9,6.3,9.7,85.3
961,D,1,0,7.0,8.5,7.3,6.1,64.8
962,A,0,1,9.4,9.3,6.5,7.4,71.0
962,B,1,0,5.9,8.4,7.0,6.1,62.3
962,C,1,0,8.0,8.1,7.5,6.9,67.5
962,D,0,0,9.3,8.1,8.7,8.5,57.7
963,A,0,1,7.8,8.7,5.3,7.7,65.8
963,B,1,1,6.5,5.3,7.8,6.9,77.5
963,C,0,0,5.6,4.8,6.1,7.8,40.5
963,D,1,1,6.3,8.5,6.3,5.7,78.0
964,A,1,0,9.1,6.4,7.8,7.1,67.3
964,B,1,0,7.4,9.0,9.7,6.9,71.7
964,C,0,0,5.3,6.5,6.4,5.6,39.7
964,D,1,0,9.7,10,7.9,6.1,72.8
965,A,0,0,6.8,8.4,5.5,6.3,45.0
965,B,1,0,7.3,7.6,5.5,8.0,64.0
965,C,1,0,6.3,6.2,6.0,6.5,58.3
965,D,1,0,8.4,6.4,7.0,6.0,63.0
966,A,0,1,7.1,8.7,5.9,6.9,64.3
966,B,0,1,8.5,7.8,7.3,6.7,67.2
966,C,0,0,9.5,7.3,7.0,6.5,50.5
966,D,1,0,9.3,5.8,7.1,6.0,63.7
967,A,0,0,8.5,6.2,7.0,6.3,46.7
967,B,1,0,8.9,7.1,7.0,7.7,67.8
967,C,0,0,6.2,4.6,6.7,7.2,41.2
967,D,1,1,4.8,7.4,7.6,5.5,75.5
968,A,0,0,6.6,7.5,8.3,5.1,45.8
968,B,1,0,9.6,9.7,8.6,6.3,73.7
968,C,0,0,5.8,5.0,7.0,7.4,42.0
968,D,0,0,9.4,8.6,9.3,6.0,55.5
969,A,1,1,6.9,9.2,7.9,4.7,81.2
969,B,1,1,7.5,9.9,6.2,6.6,83.7
969,C,0,1,5.3,5.8,6.5,6.5,56.8
969,D,1,1,6.7,9.3,8.8,5.6,84.0
970,A,0,0,6.3,9.0,7.3,5.9,47.5
970,B,1,1,10,8.1,8.2,8.1,90.7
970,C,1,0,6.2,5.0,7.6,7.9,61.2
970,D,1,1,8.3,7.7,5.6,7.5,81.8
971,A,1,0,7.6,8.2,7.5,7.4,67.8
971,B,0,1,7.4,6.7,5.7,5.2,58.3
971,C,0,0,8.1,6.6,6.4,8.3,49.0
971,D,1,1,6.7,8.1,10,6.8,86.0
972,A,1,0,8.7,7.4,6.0,7.1,65.3
972,B,0,0,6.8,7.1,8.9,8.6,52.3
972,C,1,1,6.3,6.8,5.3,7.0,75.7
972,D,1,1,6.1,9.5,9.5,7.6,87.8
973,A,1,1,8.9,9.7,5.7,6.0,83.8
973,B,1,0,9.9,7.4,7.3,8.1,71.2
973,C,0,0,5.9,8.0,8.2,7.4,49.2
973,D,0,0,8.4,8.9,4.9,8.6,51.3
974,A,1,0,6.0,7.8,5.6,6.7,60.2
974,B,0,0,8.7,8.3,7.4,6.4,51.3
974,C,0,0,5.7,5.3,7.4,6.7,41.8
974,D,1,1,8.4,9.2,6.5,10,90.2
975,A,1,1,7.6,7.5,7.2,6.8,81.8
975,B,0,0,7.7,5.8,8.0,3.0,40.8
975,C,1,1,4.9,6.1,8.2,5.1,73.8
975,D,1,0,7.8,8.5,7.9,4.2,64.0
976,A,0,0,8.9,8.7,5.2,5.9,47.8
976,B,1,0,8.0,5.8,7.8,7.1,64.5
976,C,0,1,7.9,7.6,9.0,7.4,69.8
976,D,1,0,10,5.9,7.6,7.7,68.7
977,A,1,1,5.8,6.5,5.2,6.2,72.8
977,B,0,1,7.9,8.9,6.8,7.4,68.3
977,C,0,0,6.2,5.9,6.9,6.5,42.5
977,D,1,1,5.3,8.4,6.6,6.4,77.8
978,A,1,1,8.1,7.9,9.2,6.8,86.7
978,B,1,0,7.4,9.7,7.8,5.7,67.7
978,C,1,0,6.8,4.8,5.1,6.8,55.8
978,D,1,0,9.5,10,8.9,8.7,78.5
979,A,1,0,8.1,6.7,5.4,7.8,63.3
979,B,0,0,8.9,4.9,7.0,6.8,46.0
979,C,1,1,4.9,5.3,7.6,7.8,76.0
979,D,1,1,8.9,7.3,8.9,7.2,87.2
980,A,0,0,7.2,6.1,6.7,5.3,42.2
980,B,1,1,10,7.4,6.7,6.9,85.0
980,C,0,0,4.6,7.3,6.7,7.2,43.0
980,D,1,1,8.1,8.5,8.2,7.8,87.7
981,A,0,0,7.0,8.9,6.9,7.3,50.2
981,B,1,0,7.7,9.4,8.7,9.3,75.2
981,C,1,0,3.8,5.3,6.4,5.4,51.5
981,D,0,1,7.7,9.2,9.4,4.6,68.2
982,A,1,0,8.1,8.9,9.3,6.1,70.7
982,B,1,1,9.1,9.4,7.5,7.0,88.3
982,C,1,0,8.5,6.9,8.2,5.7,65.5
982,D,1,1,8.3,10,7.5,8.0,89.7
983,A,1,0,7.8,7.7,6.2,3.9,59.3
983,B,1,1,8.6,6.7,7.9,6.4,82.7
983,C,0,0,5.7,9.0,6.3,7.3,47.2
983,D,1,1,7.8,8.5,8.2,6.2,84.5
984,A,1,1,8.0,8.9,8.2,6.5,86.0
984,B,1,0,7.3,7.4,5.4,6.8,61.5
984,C,0,1,6.0,5.7,6.1,6.3,56.8
984,D,0,0,7.1,8.3,8.2,6.4,50.0
985,A,1,1,8.8,6.7,8.0,6.7,83.7
985,B,1,0,7.7,7.2,6.7,7.2,64.7
985,C,1,1,5.3,5.4,4.9,9.1,74.5
985,D,0,1,4.8,7.8,7.8,7.9,63.8
986,A,0,0,8.3,6.8,7.9,5.1,46.8
986,B,1,1,8.0,8.3,7.3,5.5,81.8
986,C,0,1,5.4,6.2,6.9,8.8,62.2
986,D,1,1,7.6,9.0,8.1,5.6,83.8
987,A,1,0,8.1,9.1,3.9,5.5,61.0
987,B,1,1,6.4,8.1,7.2,6.5,80.3
987,C,1,0,5.9,6.0,4.8,7.6,57.2
987,D,1,1,8.8,5.6,6.9,7.3,81.0
988,A,1,0,4.2,7.1,7.2,7.5,60.0
988,B,1,1,8.8,8.7,8.3,5.7,85.8
988,C,0,0,5.9,6.5,7.0,7.9,45.5
988,D,1,0,10,10,6.5,6.1,71.0
989,A,0,0,9.0,7.8,4.3,7.7,48.0
989,B,1,1,6.5,8.8,7.5,7.0,83.0
989,C,1,0,6.3,6.1,5.1,7.7,58.7
989,D,1,1,9.3,9.7,7.6,5.8,87.3
990,A,1,0,8.1,8.4,6.3,4.5,62.2
990,B,1,0,8.1,6.6,8.4,7.5,67.7
990,C,0,0,6.1,8.1,7.3,9.5,51.7
990,D,1,0,9.3,9.8,8.3,5.4,71.3
991,A,1,0,6.2,9.3,7.3,4.3,61.8
991,B,0,1,9.4,7.0,5.7,7.5,66.0
991,C,0,0,4.4,7.3,5.4,8.1,42.0
991,D,1,0,5.9,9.2,5.1,6.2,60.7
992,A,1,1,7.2,9.7,6.7,6.1,82.8
992,B,1,1,8.6,8.8,6.6,5.9,83.2
992,C,0,1,4.6,4.4,8.3,9.9,62.0
992,D,1,1,7.5,8.3,7.6,9.8,88.7
993,A,1,1,7.5,7.3,7.1,8.2,83.5
993,B,0,1,7.0,6.0,6.8,6.1,59.8
993,C,0,0,7.2,6.9,6.5,7.1,46.2
993,D,1,0,8.7,10,6.0,7.6,70.5
994,A,1,1,7.6,7.9,7.3,4.5,78.8
994,B,0,1,7.5,6.9,7.2,5.8,62.3
994,C,1,0,8.0,5.9,7.0,8.0,64.8
994,D,1,1,7.2,6.7,7.8,6.4,80.2
995,A,1,0,9.1,7.9,8.7,8.2,73.2
995,B,1,0,6.6,5.1,8.7,5.0,59.0
995,C,1,1,7.6,5.1,6.5,6.3,75.8
995,D,1,0,7.2,7.8,7.9,3.8,61.2
996,A,1,1,8.8,7.0,6.0,5.9,79.5
996,B,1,1,9.4,7.4,6.7,7.6,85.2
996,C,1,1,6.7,6.4,4.8,6.3,73.7
996,D,1,0,9.3,10,7.9,5.5,71.2
997,A,1,1,9.3,9.2,6.8,7.8,88.5
997,B,0,1,8.8,7.5,10,4.6,68.2
997,C,0,0,8.0,7.5,7.3,7.8,51.0
997,D,1,0,9.0,8.6,9.0,9.1,76.2
998,A,1,0,9.0,7.0,6.6,5.4,63.3
998,B,0,0,10,7.7,6.5,7.4,52.7
998,C,1,0,6.2,5.1,6.2,7.4,58.2
998,D,0,0,8.3,7.2,7.1,7.9,50.8
999,A,0,0,7.1,7.2,7.1,7.2,47.7
999,B,0,0,6.4,8.6,7.5,8.3,51.3
999,C,1,1,7.3,5.4,6.4,6.3,75.7
999,D,0,1,10.0,9.4,8.6,6.6,74.3
1000,A,0,0,6.5,6.3,7.8,6.6,45.3
1000,B,1,1,6.9,8.8,6.8,8.1,84.3
1000,C,1,1,5.2,7.1,7.4,8.3,80.0
1000,D,1,1,9.7,10,7.9,4.9,87.5
1001,A,1,0,6.2,6.5,8.4,6.2,62.2
1001,B,1,1,7.9,5.1,8.7,5.7,79.0
1001,C,0,0,6.6,6.4,5.5,8.6,45.2
1001,D,1,1,6.9,7.9,8.1,6.2,81.8
1002,A,0,0,8.0,8.2,5.5,6.7,47.3
1002,B,1,1,6.7,7.9,8.5,6.9,83.3
1002,C,0,1,5.7,6.2,7.8,7.1,61.3
1002,D,1,1,8.0,7.7,6.8,8.1,84.3
1003,A,0,0,6.5,7.2,5.4,7.1,43.7
1003,B,0,0,7.4,6.6,7.5,7.0,47.5
1003,C,1,1,8.5,5.1,6.1,5.4,75.2
1003,D,0,1,7.8,8.0,7.5,6.9,67.0
1004,A,1,0,6.8,9.3,6.7,8.4,68.7
1004,B,1,1,10,7.7,9.2,6.7,89.3
1004,C,0,0,6.2,7.7,6.9,7.0,46.3
1004,D,1,0,8.1,8.7,7.0,5.3,65.2
1005,A,1,0,5.3,7.8,7.6,7.3,63.3
1005,B,1,1,9.2,6.8,5.1,7.7,81.3
1005,C,0,1,7.5,6.0,6.1,5.9,59.2
1005,D,1,0,8.8,6.8,5.8,7.2,64.3
1006,A,1,1,7.4,8.9,5.2,5.6,78.5
1006,B,1,0,6.3,7.0,8.0,7.8,65.2
1006,C,1,0,5.7,7.8,5.8,5.6,58.2
1006,D,1,1,8.0,9.2,6.7,6.9,84.7
1007,A,1,0,9.8,7.0,5.8,6.7,65.5
1007,B,1,0,7.3,6.8,7.2,6.2,62.5
1007,C,1,0,6.8,5.4,7.3,3.9,55.7
1007,D,1,0,7.0,7.8,9.0,3.1,61.5
1008,A,0,0,7.2,10,9.3,7.1,56.0
1008,B,1,1,7.5,6.6,5.6,7.1,78.0
1008,C,1,1,7.3,6.6,6.5,9.5,83.2
1008,D,0,0,7.5,7.0,7.9,6.6,48.3
1009,A,0,1,4.8,8.4,6.1,5.1,57.3
1009,B,1,0,6.6,8.1,8.6,7.8,68.5
1009,C,1,1,8.7,7.3,8.3,7.2,85.8
1009,D,1,0,9.9,8.0,6.8,7.2,69.8
1010,A,0,0,5.0,9.1,7.3,7.5,48.2
1010,B,0,0,6.8,6.0,10,6.2,48.3
1010,C,1,0,5.7,8.9,8.4,5.6,64.3
1010,D,0,1,8.5,10,8.6,6.8,73.2
1011,A,0,1,5.8,9.5,7.3,7.1,66.2
1011,B,1,0,9.0,6.6,5.6,5.3,60.8
1011,C,1,0,5.2,8.3,5.1,7.7,60.5
1011,D,1,0,8.2,8.7,6.4,8.4,69.5
1012,A,0,1,7.3,7.5,7.2,6.6,64.3
1012,B,1,0,7.5,7.6,5.3,5.9,60.5
1012,C,0,0,5.8,6.3,5.3,8.1,42.5
1012,D,1,1,8.5,9.0,7.3,6.6,85.7
1013,A,1,1,8.1,6.8,5.8,5.3,76.7
1013,B,1,0,9.3,6.8,7.3,8.4,69.7
1013,C,1,1,5.5,5.2,8.7,7.8,78.7
1013,D,1,0,6.1,8.5,7.6,6.0,63.7
1014,A,1,1,5.8,7.6,6.8,8.8,81.7
1014,B,1,0,7.9,7.4,7.8,5.7,64.7
1014,C,0,1,4.9,6.6,5.4,7.3,57.0
1014,D,1,0,8.4,8.0,8.4,7.3,70.2
1015,A,1,1,7.9,8.3,8.1,5.9,83.7
1015,B,1,1,6.0,8.0,8.0,6.0,80.0
1015,C,1,0,7.9,6.3,7.4,6.3,63.2
1015,D,0,1,7.2,8.1,7.0,6.6,64.8
1016,A,1,1,7.2,10,9.3,7.1,89.3
1016,B,1,0,8.4,5.2,8.6,5.9,63.5
1016,C,1,1,6.5,4.4,6.8,7.9,76.0
1016,D,1,1,7.3,8.1,6.8,6.7,81.5
1017,A,1,0,7.1,7.8,6.4,2.9,57.0
1017,B,1,1,7.1,6.3,8.5,4.3,77.0
1017,C,1,0,5.1,7.0,7.7,5.9,59.5
1017,D,1,1,9.4,9.6,7.0,5.9,86.5
1018,A,0,0,9.7,9.7,5.6,6.7,52.8
1018,B,1,1,7.9,7.3,7.7,6.2,81.8
1018,C,1,1,7.9,6.9,7.5,5.5,79.7
1018,D,1,1,7.4,10,8.9,7.9,90.3
1019,A,1,0,8.5,6.2,6.4,4.4,59.2
1019,B,1,0,7.2,7.3,5.5,6.3,60.5
1019,C,1,1,6.6,5.3,7.3,8.2,79.0
1019,D,1,1,10,6.1,6.9,7.4,84.0
1020,A,0,0,8.4,7.6,7.6,7.4,51.7
1020,B,1,0,10,6.8,10,5.2,70.0
1020,C,0,1,5.5,4.5,4.6,4.9,49.2
1020,D,1,1,8.2,7.8,6.0,5.7,79.5
1021,A,1,1,7.7,6.7,6.4,7.7,80.8
1021,B,0,1,7.9,5.9,7.0,7.2,63.3
1021,C,1,0,7.4,7.2,6.3,5.8,61.2
1021,D,1,1,9.6,9.2,6.9,5.0,84.5
1022,A,1,1,7.5,8.3,6.8,3.4,76.7
1022,B,1,0,8.7,8.7,8.8,7.7,73.2
1022,C,0,1,7.7,3.9,7.3,8.5,62.3
1022,D,1,0,10,7.2,6.4,6.7,67.2
1023,A,0,0,8.3,7.0,5.3,6.7,45.5
1023,B,0,1,9.6,10,9.4,7.6,77.7
1023,C,1,1,7.9,7.5,6.7,9.4,85.8
1023,D,1,0,7.7,8.4,7.6,7.5,68.7
1024,A,1,1,7.6,7.7,6.6,7.5,82.3
1024,B,1,0,6.2,5.2,8.3,7.2,61.5
1024,C,1,1,9.1,5.4,7.3,7.0,81.3
1024,D,1,1,7.5,8.0,7.1,7.0,82.7
1025,A,1,1,6.2,6.5,2.8,1.8,62.2
1025,B,1,0,7.0,7.5,7.2,8.3,66.7
1025,C,1,1,4.1,6.4,6.8,6.8,73.5
1025,D,1,1,7.4,9.7,10,8.4,92.5
1026,A,1,1,6.0,8.5,8.1,6.9,82.5
1026,B,0,0,9.5,7.7,9.6,7.5,57.2
1026,C,1,0,8.2,5.9,5.7,5.8,59.3
1026,D,0,0,6.2,10,7.3,8.6,53.5
1027,A,1,0,6.9,8.1,6.1,9.0,66.8
1027,B,1,1,6.3,7.5,8.4,7.8,83.3
1027,C,0,0,4.7,6.9,8.5,6.0,43.5
1027,D,1,0,7.3,7.4,7.7,7.2,66.0
1028,A,1,0,8.4,6.9,5.1,6.6,61.7
1028,B,0,0,9.6,6.0,4.7,5.0,42.2
1028,C,0,1,6.9,5.5,7.5,4.4,57.2
1028,D,1,1,6.7,9.1,7.5,5.9,82.0
1029,A,1,1,8.0,9.4,9.6,8.5,92.5
1029,B,1,1,7.8,7.0,8.8,6.1,82.8
1029,C,1,1,4.5,4.4,6.5,7.0,70.7
1029,D,1,0,7.7,8.4,9.1,8.6,73.0
1030,A,0,1,8.4,7.4,5.0,7.8,64.3
1030,B,1,0,8.8,7.0,9.1,3.4,63.8
1030,C,1,0,6.3,4.7,6.4,8.8,60.3
1030,D,0,0,9.2,8.0,10,6.4,56.0
1031,A,1,0,6.5,6.6,6.1,5.3,57.5
1031,B,1,1,8.3,7.1,8.5,5.0,81.5
1031,C,0,1,5.3,7.0,5.0,9.6,61.5
1031,D,0,1,8.7,9.5,9.1,8.6,76.5
1032,A,0,1,7.4,7.6,5.8,7.5,63.8
1032,B,1,0,6.5,8.5,5.9,5.2,60.2
1032,C,1,0,5.8,6.3,5.9,8.2,60.3
1032,D,1,1,6.1,8.3,9.6,7.7,86.2
1033,A,1,0,7.1,8.9,6.7,3.9,61.0
1033,B,0,1,5.4,5.9,8.6,7.7,62.7
1033,C,0,1,7.2,6.4,5.4,5.8,58.0
1033,D,1,0,8.1,7.3,8.7,8.6,71.2
1034,A,0,1,9.3,6.0,4.8,5.8,59.8
1034,B,1,0,8.1,6.4,9.8,6.7,68.3
1034,C,1,0,3.6,6.5,7.0,9.4,60.8
1034,D,1,0,8.1,8.8,7.3,5.8,66.7
1035,A,0,1,5.6,8.6,7.8,4.9,61.5
1035,B,1,0,7.7,7.5,6.7,6.2,63.5
1035,C,1,0,7.3,6.3,7.5,9.5,67.7
1035,D,0,1,8.0,8.0,8.4,8.5,71.5
1036,A,0,1,9.5,8.0,6.4,6.7,67.7
1036,B,1,1,7.5,8.9,8.0,6.9,85.5
1036,C,1,0,8.6,7.1,5.9,6.3,63.2
1036,D,1,0,7.3,9.0,9.2,5.3,68.0
1037,A,1,1,8.5,8.1,6.1,4.8,79.2
1037,B,1,0,5.3,6.8,5.6,4.7,54.0
1037,C,1,0,7.1,6.3,8.2,9.1,67.8
1037,D,1,0,8.8,6.6,8.9,6.9,68.7
1038,A,1,0,9.4,9.9,8.1,6.8,73.7
1038,B,0,0,8.6,6.9,9.4,8.1,55.0
1038,C,1,1,6.8,4.7,4.9,9.3,76.2
1038,D,0,0,7.6,6.5,7.3,8.1,49.2
1039,A,1,1,9.0,7.5,7.4,7.0,84.8
1039,B,1,1,8.6,6.3,8.5,7.2,84.3
1039,C,1,0,7.7,2.8,7.6,6.9,58.3
1039,D,1,1,8.0,7.7,8.0,7.4,85.2
1040,A,1,1,6.3,8.3,6.7,7.0,80.5
1040,B,1,0,8.1,6.2,5.8,7.1,62.0
1040,C,0,0,5.7,5.8,6.0,5.9,39.0
1040,D,1,0,8.9,8.1,5.2,6.3,64.2
1041,A,0,1,6.4,5.8,7.4,6.7,60.5
1041,B,0,1,6.9,5.2,5.6,6.7,57.3
1041,C,1,0,6.4,7.4,8.1,8.4,67.2
1041,D,1,1,7.8,8.7,6.8,5.6,81.5
1042,A,1,1,7.0,5.4,7.8,7.8,80.0
1042,B,1,1,7.1,8.8,8.0,7.8,86.2
1042,C,1,0,5.4,5.5,9.0,5.6,59.2
1042,D,0,1,10,6.7,7.9,5.4,66.7
1043,A,1,1,8.8,8.4,7.9,6.1,85.3
1043,B,1,1,9.6,7.7,5.0,5.8,80.2
1043,C,1,0,6.3,5.0,7.3,6.8,59.0
1043,D,1,0,7.2,6.7,7.6,7.4,64.8
1044,A,0,1,9.8,6.0,7.6,6.2,66.0
1044,B,0,1,7.2,5.4,6.0,7.2,59.7
1044,C,1,0,6.2,4.4,7.7,6.6,58.2
1044,D,1,1,6.4,9.1,7.2,6.8,82.5
1045,A,1,0,6.6,7.9,6.9,8.2,66.0
1045,B,1,1,8.4,7.9,7.3,5.5,81.8
1045,C,1,1,6.0,6.4,6.3,7.8,77.5
1045,D,0,0,8.7,7.8,6.7,7.5,51.2
1046,A,1,0,6.6,7.7,7.7,7.9,66.5
1046,B,1,0,7.1,7.6,8.4,6.3,65.7
1046,C,1,0,7.3,6.4,5.0,8.3,61.7
1046,D,1,0,8.8,9.1,5.5,7.5,68.2
1047,A,0,0,6.2,10,5.6,3.9,42.8
1047,B,0,0,9.9,6.6,7.3,6.9,51.2
1047,C,0,1,6.1,7.1,8.4,7.0,64.3
1047,D,1,1,8.3,8.6,7.8,5.9,84.3
1048,A,0,0,8.3,10,7.5,6.2,53.3
1048,B,1,0,7.1,7.6,9.8,7.8,70.5
1048,C,0,1,6.8,8.0,5.8,8.5,65.2
1048,D,1,0,6.3,7.4,10,6.4,66.8
1049,A,0,1,6.1,8.6,6.8,4.1,59.3
1049,B,1,0,9.7,8.7,6.9,5.0,67.2
1049,C,1,0,7.3,5.2,5.5,8.3,60.5
1049,D,1,1,9.5,7.6,10,7.9,91.7
1050,A,1,0,8.0,8.7,8.1,5.5,67.2
1050,B,1,1,8.9,5.4,6.9,6.3,79.2
1050,C,0,1,5.8,6.9,7.5,6.8,61.7
1050,D,0,0,7.4,9.3,7.8,8.5,55.0
1051,A,0,0,7.2,7.3,5.7,6.3,44.2
1051,B,1,0,8.7,8.9,6.5,5.9,66.7
1051,C,1,0,6.3,4.7,6.0,7.4,57.3
1051,D,0,1,7.8,10,7.8,5.6,68.7
1052,A,0,0,4.9,6.1,8.7,6.2,43.2
1052,B,1,1,7.9,6.9,9.3,5.5,82.7
1052,C,1,0,5.1,7.4,5.5,10.0,63.3
1052,D,0,1,8.2,8.1,7.7,8.4,70.7
1053,A,1,1,7.8,8.2,6.6,5.4,80.0
1053,B,1,0,6.9,7.3,8.0,6.4,64.3
1053,C,0,1,7.5,6.6,7.8,6.2,63.5
1053,D,1,0,7.6,5.5,6.7,7.1,61.5
1054,A,0,1,6.6,8.1,7.9,7.7,67.2
1054,B,1,0,8.2,6.4,9.2,6.0,66.3
1054,C,1,1,5.9,6.3,6.5,8.4,78.5
1054,D,1,1,9.3,6.0,7.5,6.4,82.0
1055,A,0,1,7.2,9.6,8.0,4.1,64.8
1055,B,0,1,8.8,6.8,8.3,6.9,68.0
1055,C,1,0,6.0,4.4,6.4,7.0,56.3
1055,D,0,0,7.9,6.6,8.0,5.8,47.2
1056,A,1,0,8.9,8.9,7.7,5.7,68.7
1056,B,1,1,8.3,5.7,6.6,6.2,78.0
1056,C,1,0,8.2,4.4,5.4,6.8,58.0
1056,D,1,0,7.9,10,6.8,9.1,73.0
1057,A,0,1,8.7,6.9,5.9,5.1,61.0
1057,B,1,0,8.6,5.8,6.7,6.9,63.3
1057,C,1,0,5.1,5.3,5.9,9.3,59.3
1057,D,1,0,9.5,7.2,7.0,7.1,68.0
1058,A,1,0,7.1,8.7,7.2,7.1,66.8
1058,B,1,1,7.2,8.9,6.8,7.9,84.7
1058,C,1,0,6.0,6.0,5.9,6.6,57.5
1058,D,1,1,8.1,8.6,7.1,6.4,83.7
1059,A,0,1,7.3,6.9,7.4,7.4,65.0
1059,B,1,1,6.2,9.1,8.2,5.1,81.0
1059,C,0,1,5.5,7.6,7.4,4.9,59.0
1059,D,1,1,8.6,7.7,8.7,7.5,87.5
1060,A,1,1,10,7.5,8.9,8.5,91.5
1060,B,0,0,8.7,7.8,6.2,6.3,48.3
1060,C,1,0,7.2,8.4,8.7,8.0,70.5
1060,D,1,0,6.5,8.3,7.1,5.4,62.2
1061,A,1,0,7.1,8.6,7.0,8.3,68.3
1061,B,1,0,9.4,4.6,6.2,6.0,60.3
1061,C,0,0,7.9,5.4,7.9,7.2,47.3
1061,D,1,1,10.0,8.7,9.4,6.1,90.3
1062,A,1,1,6.7,8.3,6.5,6.2,79.5
1062,B,0,1,10,7.7,9.8,6.2,72.8
1062,C,1,0,5.9,5.9,6.9,6.2,58.2
1062,D,1,0,10,6.5,7.4,7.4,68.8
1063,A,0,1,7.7,7.1,5.7,6.1,61.0
1063,B,0,0,9.1,4.6,7.2,6.1,45.0
1063,C,1,0,6.2,9.1,4.2,4.8,57.2
1063,D,1,1,10,8.3,7.2,5.4,84.8
1064,A,0,1,9.2,7.0,8.4,5.6,67.0
1064,B,0,1,10,7.4,9.0,7.5,73.2
1064,C,0,1,9.0,5.5,5.7,5.7,59.8
1064,D,1,0,10,10,8.7,5.8,74.2
1065,A,0,0,7.6,8.4,6.9,7.7,51.0
1065,B,1,0,8.4,7.8,7.2,5.1,64.2
1065,C,1,0,6.5,7.3,6.7,9.9,67.3
1065,D,1,0,9.8,9.8,7.5,5.1,70.3
1066,A,1,0,6.4,9.5,7.4,8.0,68.8
1066,B,0,1,7.7,5.5,8.6,6.2,63.3
1066,C,1,0,7.5,6.9,8.5,6.8,66.2
1066,D,0,0,7.0,8.7,8.2,6.8,51.2
1067,A,1,0,7.5,7.4,6.2,8.0,65.2
1067,B,1,1,7.2,7.8,9.8,5.9,84.5
1067,C,1,0,5.6,6.4,7.8,5.9,59.5
1067,D,1,1,10,9.1,9.2,7.2,92.5
1068,A,0,0,7.4,6.7,7.5,6.1,46.2
1068,B,1,1,10,7.2,6.7,7.6,85.8
1068,C,1,1,7.8,6.9,7.1,5.4,78.7
1068,D,1,0,8.0,7.0,9.9,9.2,73.5
1069,A,1,1,7.2,7.8,6.4,5.7,78.5
1069,B,1,0,6.0,4.2,7.9,5.5,56.0
1069,C,1,0,8.5,5.9,5.2,8.4,63.3
1069,D,0,0,5.0,7.1,8.9,5.5,44.2
1070,A,0,0,6.2,6.8,8.5,5.9,45.7
1070,B,0,1,8.2,5.7,6.4,6.9,62.0
1070,C,0,1,7.3,7.5,8.4,5.9,65.2
1070,D,1,0,9.7,6.2,7.3,6.2,65.7
1071,A,0,0,7.2,7.2,6.1,4.4,41.5
1071,B,1,1,8.2,7.5,7.8,5.8,82.2
1071,C,0,0,6.7,5.9,8.1,8.9,49.3
1071,D,1,0,8.4,8.5,7.7,6.2,68.0
1072,A,1,0,7.8,6.3,7.1,6.5,62.8
1072,B,1,0,7.0,6.6,8.2,6.9,64.5
1072,C,1,0,5.8,7.5,7.9,6.8,63.3
1072,D,1,0,6.5,8.3,10,6.7,69.2
1073,A,1,0,7.1,9.4,5.1,3.3,58.2
1073,B,1,1,6.9,6.8,8.9,6.4,81.7
1073,C,0,1,8.1,6.1,5.9,7.2,62.2
1073,D,0,1,8.6,9.7,7.5,7.6,72.3
1074,A,1,0,7.4,6.6,7.3,6.4,62.8
1074,B,1,0,8.7,9.0,6.6,7.4,69.5
1074,C,1,1,6.7,6.3,9.2,6.5,81.2
1074,D,1,0,7.7,5.6,6.6,4.4,57.2
1075,A,0,0,6.6,8.2,5.8,5.2,43.0
1075,B,1,1,8.1,8.0,8.6,5.7,84.0
1075,C,1,0,8.9,6.4,7.9,10,72.0
1075,D,1,1,6.9,7.6,8.5,3.9,78.2
1076,A,1,0,8.0,8.7,8.7,4.6,66.7
1076,B,1,1,8.4,7.3,7.7,7.1,84.2
1076,C,1,0,7.7,7.0,8.2,6.5,65.7
1076,D,0,0,6.9,8.9,7.6,5.0,47.3
1077,A,1,0,7.6,6.9,7.1,4.3,59.8
1077,B,1,0,5.6,8.6,9.1,5.3,64.3
1077,C,1,0,8.3,5.9,7.9,5.7,63.0
1077,D,0,0,8.8,8.7,7.8,7.5,54.7
1078,A,1,1,5.6,10,7.5,6.8,83.2
1078,B,1,1,10,8.0,6.9,8.1,88.3
1078,C,1,1,4.9,8.6,4.6,6.0,73.5
1078,D,1,0,7.0,7.2,6.4,6.8,62.3
1079,A,1,1,6.2,10.0,6.7,8.0,84.8
1079,B,1,0,8.4,9.2,6.4,7.3,68.8
1079,C,1,0,5.3,7.3,8.3,9.6,67.5
1079,D,1,1,7.0,8.3,7.8,7.3,84.0
1080,A,1,0,7.9,7.7,6.6,6.7,64.8
1080,B,1,0,5.6,8.0,6.9,4.7,58.7
1080,C,1,1,6.9,5.3,9.4,4.3,76.5
1080,D,1,0,7.4,8.3,10,7.5,72.0
1081,A,0,0,10,8.5,7.7,3.4,49.3
1081,B,1,0,6.7,9.3,10.0,7.2,72.0
1081,C,1,1,4.1,7.1,7.9,7.8,78.2
1081,D,1,1,6.0,10,5.9,8.2,83.5
1082,A,1,1,7.0,7.5,4.6,6.3,75.7
1082,B,1,1,9.9,8.1,6.7,4.9,82.7
1082,C,1,1,6.3,5.6,7.0,9.3,80.3
1082,D,1,1,8.5,8.4,8.2,6.6,86.2
1083,A,1,0,7.3,8.1,6.4,5.8,62.7
1083,B,1,0,9.8,7.8,9.2,5.8,71.0
1083,C,1,0,7.2,5.9,7.6,7.0,62.8
1083,D,1,0,5.4,6.9,7.2,6.6,60.2
1084,A,1,1,10,6.2,7.3,5.6,81.8
1084,B,1,1,8.0,8.2,7.5,5.6,82.2
1084,C,0,1,6.0,5.9,8.6,9.5,66.7
1084,D,1,0,9.4,9.8,6.7,8.2,73.5
1085,A,1,0,9.3,9.6,7.8,5.6,70.5
1085,B,0,0,7.4,7.9,8.0,6.9,50.3
1085,C,1,1,3.7,8.0,7.0,8.0,77.8
1085,D,1,0,8.7,10,8.7,8.1,75.8
1086,A,0,0,8.7,8.2,7.6,8.5,55.0
1086,B,1,1,9.6,7.5,6.4,7.8,85.5
1086,C,1,0,6.4,7.5,7.1,6.0,61.7
1086,D,1,0,7.2,8.7,9.8,8.4,73.5
1087,A,1,1,8.5,8.4,7.0,6.8,84.5
1087,B,0,0,7.8,7.8,8.5,9.6,56.2
1087,C,0,1,6.3,5.8,5.9,5.6,56.0
1087,D,1,1,7.7,5.4,7.8,6.4,78.8
1088,A,0,0,7.4,8.6,8.5,2.4,44.8
1088,B,0,0,8.7,7.0,7.6,5.8,48.5
1088,C,0,1,7.4,6.0,7.6,5.5,60.8
1088,D,1,1,9.6,8.8,6.3,5.7,84.0
1089,A,1,1,8.3,6.8,4.7,7.5,78.8
1089,B,1,1,6.7,6.7,8.4,7.5,82.2
1089,C,0,0,8.0,7.6,7.4,6.1,48.5
1089,D,1,0,7.7,7.8,8.8,6.2,67.5
1090,A,1,0,7.2,7.9,8.3,4.2,62.7
1090,B,0,0,8.9,9.6,7.6,6.4,54.2
1090,C,0,1,6.5,4.3,6.7,8.1,59.3
1090,D,1,0,9.9,6.6,7.1,4.2,63.0
1091,A,1,1,8.2,8.4,5.9,4.2,77.8
1091,B,0,1,8.1,7.0,8.5,6.0,66.0
1091,C,0,1,6.9,7.0,7.6,7.9,65.7
1091,D,1,1,8.4,10,6.5,7.2,86.8
1092,A,1,0,7.8,8.4,7.2,5.5,64.8
1092,B,1,1,8.0,8.2,3.9,6.3,77.3
1092,C,1,0,7.4,5.9,6.5,7.0,61.3
1092,D,1,0,7.4,7.9,6.8,5.9,63.3
1093,A,0,0,6.8,6.8,6.0,4.7,40.5
1093,B,1,0,7.7,7.6,7.4,7.1,66.3
1093,C,0,0,7.1,7.4,7.9,4.0,44.0
1093,D,1,1,7.8,8.0,6.9,7.8,84.2
1094,A,0,0,6.1,8.1,4.7,5.2,40.2
1094,B,1,1,7.6,8.7,8.3,5.7,83.8
1094,C,1,0,7.8,5.6,8.3,7.7,65.7
1094,D,0,0,7.4,9.0,9.3,7.1,54.7
1095,A,1,1,5.6,7.7,7.7,6.9,79.8
1095,B,0,0,8.0,6.4,7.3,8.5,50.3
1095,C,0,1,6.2,6.8,7.6,6.6,62.0
1095,D,1,1,9.3,10,8.5,6.2,90.0
1096,A,1,0,7.6,7.6,7.7,7.7,67.7
1096,B,1,1,8.4,10,8.0,6.4,88.0
1096,C,0,0,6.0,6.0,7.9,8.8,47.8
1096,D,0,1,8.9,7.8,5.6,6.4,64.5
1097,A,0,0,8.5,5.9,7.2,7.9,49.2
1097,B,1,0,9.2,7.4,10,5.4,70.0
1097,C,1,0,5.5,4.0,6.6,6.7,54.7
1097,D,1,0,7.7,10,9.6,6.4,72.8
1098,A,1,0,7.5,8.0,6.5,6.2,63.7
1098,B,1,0,8.5,7.6,8.4,9.1,72.7
1098,C,1,0,6.0,5.8,6.7,7.1,59.3
1098,D,1,1,9.6,5.9,7.2,7.7,84.0
1099,A,1,0,8.6,6.8,6.9,7.7,66.7
1099,B,0,1,7.5,6.0,5.3,6.8,59.3
1099,C,1,0,6.4,7.3,6.5,9.3,65.8
1099,D,1,1,6.8,10,7.3,9.2,88.8
1100,A,1,1,5.1,7.4,6.1,7.0,76.0
1100,B,1,1,8.3,8.4,7.0,5.6,82.2
1100,C,1,1,7.4,7.4,7.8,7.6,83.7
1100,D,1,1,7.7,8.1,9.8,6.1,86.2
1101,A,1,0,9.0,10,6.0,7.4,70.7
1101,B,0,1,8.5,9.0,8.5,6.3,70.5
1101,C,1,1,5.5,8.2,7.3,8.0,81.7
1101,D,1,0,7.3,7.7,10,7.4,70.7
1102,A,0,1,6.0,9.1,7.5,5.5,63.5
1102,B,0,1,6.9,6.7,7.8,9.2,67.7
1102,C,1,0,6.3,7.4,6.7,5.9,60.5
1102,D,1,0,8.6,8.0,7.2,8.6,70.7
1103,A,1,0,9.2,7.5,7.9,3.9,64.2
1103,B,0,1,6.9,7.1,7.2,6.2,62.3
1103,C,1,0,5.7,2.4,4.3,8.8,52.0
1103,D,1,1,9.0,8.3,7.9,6.3,85.8
1104,A,0,1,4.7,9.3,7.6,3.8,59.0
1104,B,1,1,8.3,7.0,7.4,6.1,81.3
1104,C,1,1,7.1,6.2,8.2,6.8,80.5
1104,D,1,1,8.7,9.9,9.0,8.4,93.3
1105,A,0,0,6.7,7.4,5.4,7.9,45.7
1105,B,1,0,5.4,6.9,9.0,4.9,60.3
1105,C,1,1,4.8,7.1,8.9,5.9,77.8
1105,D,1,1,8.9,9.7,6.1,6.3,85.0
1106,A,0,1,8.0,6.6,4.5,3.2,53.8
1106,B,1,1,7.0,7.8,5.5,6.4,77.8
1106,C,1,1,7.4,6.0,7.3,5.7,77.3
1106,D,1,1,9.5,9.6,8.7,7.6,92.3
1107,A,1,1,6.3,7.5,5.4,8.4,79.3
1107,B,1,1,9.1,7.0,6.0,5.9,80.0
1107,C,1,1,7.6,6.6,7.1,7.7,81.7
1107,D,1,1,7.3,7.8,8.6,7.7,85.7
1108,A,0,0,7.6,9.0,8.6,6.8,53.3
1108,B,1,0,5.7,7.0,5.5,6.3,57.5
1108,C,0,1,4.8,4.9,5.8,8.5,56.7
1108,D,1,1,9.0,8.9,7.2,5.5,84.3
1109,A,1,1,6.3,8.8,6.0,7.4,80.8
1109,B,1,0,8.9,6.7,7.3,5.4,63.8
1109,C,0,0,6.5,6.0,6.3,8.9,46.2
1109,D,1,1,8.5,6.3,10,8.6,89.0
1110,A,1,1,6.3,10,8.1,7.9,87.2
1110,B,1,0,9.0,7.8,7.2,7.0,68.3
1110,C,0,0,7.3,6.7,6.8,4.8,42.7
1110,D,1,0,10,8.8,7.5,9.3,76.0
1111,A,1,1,6.8,7.3,6.0,6.3,77.3
1111,B,1,1,9.4,9.2,9.0,6.1,89.5
1111,C,0,1,8.1,6.5,7.8,7.5,66.5
1111,D,1,0,8.5,7.4,9.1,9.2,73.7
1112,A,1,0,7.0,6.7,6.4,6.2,60.5
1112,B,0,1,8.7,5.8,8.3,8.3,68.5
1112,C,0,1,3.6,8.0,6.5,8.6,61.2
1112,D,1,0,9.0,7.7,7.9,5.6,67.0
1113,A,0,0,8.0,9.9,7.0,5.7,51.0
1113,B,1,1,7.9,8.5,7.5,7.4,85.5
1113,C,0,0,6.1,5.8,5.2,7.1,40.3
1113,D,1,1,8.4,8.6,6.7,5.4,81.8
1114,A,0,0,8.5,7.9,7.4,6.6,50.7
1114,B,1,0,6.2,6.9,5.7,6.7,59.2
1114,C,0,1,4.7,8.2,6.5,6.5,59.8
1114,D,1,0,5.3,9.2,7.9,5.9,63.8
1115,A,1,1,8.0,6.8,5.4,7.6,79.7
1115,B,0,0,6.2,9.1,8.5,7.7,52.5
1115,C,0,0,6.8,5.7,7.7,6.5,44.5
1115,D,1,0,6.9,9.7,10,6.5,71.8
1116,A,1,0,8.3,9.1,5.4,5.7,64.2
1116,B,1,1,8.2,6.2,6.6,7.9,81.5
1116,C,0,0,6.4,7.1,7.3,7.4,47.0
1116,D,1,0,7.3,8.7,8.5,8.5,71.7
1117,A,0,0,6.7,7.3,6.4,6.2,44.3
1117,B,1,1,9.3,9.3,7.1,5.1,84.7
1117,C,1,1,7.1,4.8,6.6,7.5,76.7
1117,D,1,1,7.6,8.5,8.9,7.8,88.0
1118,A,1,0,7.3,7.8,6.0,5.1,60.3
1118,B,1,0,8.0,7.7,8.1,7.1,68.2
1118,C,0,1,6.6,7.5,6.6,8.1,64.7
1118,D,1,0,9.7,8.0,8.5,5.6,69.7
1119,A,1,0,8.3,8.7,5.9,6.0,64.8
1119,B,1,1,9.0,7.1,8.8,6.4,85.5
1119,C,0,0,6.4,6.7,6.9,7.6,46.0
1119,D,1,1,7.0,7.6,8.1,5.1,79.7
1120,A,1,1,8.1,7.9,5.9,8.0,83.2
1120,B,1,0,9.4,7.6,7.7,5.7,67.3
1120,C,0,0,5.6,8.8,4.3,8.3,45.0
1120,D,1,1,8.2,7.6,10,5.1,84.8
1121,A,0,1,5.7,7.7,8.9,8.5,68.0
1121,B,0,1,7.5,7.3,8.9,3.2,61.5
1121,C,0,0,5.8,5.4,7.3,3.9,37.3
1121,D,1,1,6.4,8.1,8.5,6.7,82.8
1122,A,1,0,6.5,8.6,6.4,4.6,60.2
1122,B,1,0,9.3,4.9,7.9,6.5,64.3
1122,C,1,0,6.3,7.7,7.8,6.3,63.5
1122,D,0,1,8.1,9.7,8.9,7.0,72.8
1123,A,1,0,8.0,9.6,7.7,5.6,68.2
1123,B,1,0,8.5,7.8,4.6,7.0,63.2
1123,C,0,0,6.5,6.5,4.6,6.6,40.3
1123,D,1,1,6.9,9.2,5.6,8.1,83.0
1124,A,0,1,8.2,7.1,8.0,6.1,65.7
1124,B,0,0,7.9,8.4,8.7,5.3,50.5
1124,C,1,0,7.0,6.6,8.1,7.5,65.3
1124,D,1,0,6.1,10,5.4,9.0,67.5
1125,A,1,0,6.8,6.5,6.4,5.2,58.2
1125,B,1,1,10,6.9,7.4,5.2,82.5
1125,C,1,0,7.9,7.3,8.6,10,73.0
1125,D,1,0,9.7,8.7,7.7,7.0,71.8
1126,A,1,0,8.6,7.5,9.1,5.9,68.5
1126,B,1,0,7.4,6.5,7.4,6.2,62.5
1126,C,1,0,5.0,4.3,5.7,8.9,56.5
1126,D,1,1,6.9,7.2,5.7,8.0,79.7
1127,A,1,1,8.6,8.6,4.9,6.2,80.5
1127,B,0,0,8.5,6.8,9.1,5.7,50.2
1127,C,0,1,6.2,4.0,4.8,6.6,52.7
1127,D,1,1,7.2,8.5,7.6,6.7,83.3
1128,A,1,1,9.8,6.5,5.3,6.2,79.7
1128,B,1,1,7.3,9.5,9.0,8.2,90.0
1128,C,0,1,7.1,5.7,9.0,5.0,61.3
1128,D,1,1,9.4,9.4,5.7,7.2,86.2
1129,A,1,0,5.7,7.8,6.6,6.7,61.3
1129,B,1,0,6.4,6.5,7.3,6.8,61.7
1129,C,1,1,5.6,6.7,7.3,6.4,76.7
1129,D,1,0,7.8,8.8,7.2,10,73.0
1130,A,0,0,8.7,8.9,7.1,5.1,49.7
1130,B,1,0,7.6,8.8,6.1,5.8,63.8
1130,C,1,0,5.6,6.0,9.1,6.3,61.7
1130,D,0,1,6.7,9.0,7.4,8.3,69.0
1131,A,0,1,8.1,7.7,6.6,4.3,61.2
1131,B,1,0,6.4,6.4,6.9,7.4,61.8
1131,C,1,0,4.4,8.3,5.5,6.6,58.0
1131,D,1,1,6.8,9.2,9.1,8.4,89.2
1132,A,0,1,8.7,8.8,6.1,6.5,66.8
1132,B,1,0,7.8,6.8,8.5,7.3,67.3
1132,C,1,1,4.8,5.9,7.5,6.9,75.2
1132,D,1,0,8.8,8.7,8.1,5.9,69.2
1133,A,1,1,8.4,8.1,7.4,6.2,83.5
1133,B,0,1,8.0,7.8,7.7,7.0,67.5
1133,C,0,1,6.1,7.1,4.7,8.9,61.3
1133,D,1,0,8.7,9.1,7.7,7.0,70.8
1134,A,1,0,7.4,6.6,6.7,4.1,58.0
1134,B,1,0,7.3,6.2,7.6,5.8,61.5
1134,C,1,0,9.1,7.2,9.1,6.8,70.3
1134,D,1,1,9.1,8.5,7.5,6.0,85.2
1135,A,1,1,7.1,7.4,6.8,6.8,80.2
1135,B,1,0,6.4,5.2,8.1,7.5,62.0
1135,C,0,1,5.4,6.8,4.2,6.5,54.8
1135,D,1,0,7.1,9.1,6.8,7.9,68.2
1136,A,0,1,8.1,7.5,7.5,9.0,70.2
1136,B,0,0,7.9,6.3,8.6,8.2,51.7
1136,C,1,0,5.1,7.1,7.4,5.7,58.8
1136,D,0,1,7.9,8.7,7.9,6.1,67.7
1137,A,1,0,8.8,7.7,5.0,6.0,62.5
1137,B,1,0,8.8,7.1,7.4,7.7,68.3
1137,C,1,0,4.3,5.3,8.0,7.9,59.2
1137,D,0,1,8.2,10,10.0,6.6,74.7
1138,A,1,0,6.5,5.2,5.4,8.2,58.8
1138,B,1,0,8.5,8.2,7.9,7.6,70.3
1138,C,0,0,6.8,8.3,3.6,6.9,42.7
1138,D,1,0,8.9,8.9,9.8,5.2,71.3
1139,A,1,0,8.0,6.5,7.5,5.5,62.5
1139,B,0,1,6.5,6.5,6.8,7.8,62.7
1139,C,0,1,5.4,4.2,6.6,7.5,56.2
1139,D,0,1,8.9,7.0,8.9,7.4,70.3
1140,A,0,1,8.7,9.9,4.1,8.3,68.3
1140,B,1,0,10,6.5,7.0,6.0,65.8
1140,C,0,1,7.2,5.8,5.9,8.2,61.8
1140,D,0,1,6.8,5.6,8.0,7.4,63.0
1141,A,0,0,6.9,7.2,7.2,5.3,44.3
1141,B,0,0,5.9,7.1,9.0,6.0,46.7
1141,C,0,0,7.4,7.7,7.0,7.8,49.8
1141,D,1,1,8.2,9.1,7.7,7.5,87.5
1142,A,1,1,8.4,7.2,6.6,6.0,80.3
1142,B,1,0,6.2,7.1,8.8,7.8,66.5
1142,C,0,0,6.0,6.5,7.5,10,50.0
1142,D,1,1,5.2,10,9.2,7.6,86.7
1143,A,1,0,6.5,6.4,6.7,6.0,59.3
1143,B,0,0,7.6,5.5,7.6,8.8,49.2
1143,C,1,0,4.4,6.5,6.0,7.5,57.3
1143,D,0,1,9.5,8.8,9.8,7.0,75.2
1144,A,1,0,7.4,7.3,8.3,6.2,65.3
1144,B,1,0,8.5,8.9,7.2,7.9,70.8
1144,C,0,0,6.6,4.5,8.7,7.9,46.2
1144,D,1,0,7.3,9.2,7.5,3.4,62.3
1145,A,1,0,8.8,9.7,6.6,5.9,68.3
1145,B,1,0,6.0,6.7,8.9,7.8,65.7
1145,C,1,1,5.6,5.8,6.9,6.0,73.8
1145,D,1,1,8.5,8.4,8.0,6.1,85.0
1146,A,0,1,4.2,8.3,6.0,6.0,57.5
1146,B,1,1,10.0,8.2,9.2,7.4,91.3
1146,C,1,0,9.2,4.4,7.1,5.3,60.0
1146,D,1,1,9.6,6.9,8.2,4.9,82.7
1147,A,1,0,9.3,7.3,6.0,8.7,68.8
1147,B,0,1,6.2,6.6,6.7,7.0,60.8
1147,C,1,1,5.0,5.5,6.8,6.2,72.5
1147,D,0,1,8.2,7.4,9.0,9.1,72.8
1148,A,1,1,6.1,9.6,7.7,8.3,86.2
1148,B,1,1,7.4,5.6,6.7,7.2,78.2
1148,C,0,0,5.3,7.2,6.3,7.9,44.5
1148,D,0,1,7.4,5.2,6.8,5.4,58.0
1149,A,1,1,6.4,10,6.9,5.8,81.8
1149,B,1,1,8.3,8.4,9.2,4.9,84.7
1149,C,1,0,4.4,4.6,4.8,7.8,52.7
1149,D,1,0,9.5,9.1,8.8,6.8,73.7
1150,A,0,0,7.3,8.9,8.3,7.1,52.7
1150,B,0,0,9.0,7.3,8.5,7.1,53.2
1150,C,1,1,7.5,7.6,8.4,6.3,83.0
1150,D,1,1,9.5,9.1,5.6,7.4,86.0
1151,A,0,0,7.0,8.1,7.1,6.9,48.5
1151,B,0,0,7.7,5.4,7.2,8.2,47.5
1151,C,0,0,6.7,5.8,7.2,7.5,45.3
1151,D,0,1,9.1,5.7,9.4,7.9,70.2
1152,A,1,0,4.6,6.2,7.9,5.9,57.7
1152,B,1,0,5.1,7.9,6.8,6.6,60.7
1152,C,1,0,6.8,5.9,7.4,7.5,62.7
1152,D,0,1,8.0,6.5,7.9,6.4,64.7
1153,A,1,0,9.5,10,7.8,4.1,69.0
1153,B,1,0,8.1,6.5,7.3,6.3,63.7
1153,C,0,0,7.4,5.5,6.0,10,48.2
1153,D,1,0,8.4,6.2,7.5,5.7,63.0
1154,A,1,0,6.2,4.7,6.2,3.5,51.0
1154,B,1,1,10,8.6,9.4,4.2,87.0
1154,C,1,0,6.6,6.9,6.6,6.8,61.5
1154,D,1,0,6.2,9.1,9.7,8.6,72.7
1155,A,1,0,8.6,6.8,9.0,6.3,67.8
1155,B,1,0,5.6,6.9,9.6,5.4,62.5
1155,C,1,0,7.2,6.0,7.2,7.5,63.2
1155,D,1,1,10,9.4,7.6,7.9,91.5
1156,A,1,1,6.9,5.9,6.2,9.4,80.7
1156,B,1,1,8.3,8.7,7.9,7.5,87.3
1156,C,0,0,4.3,7.2,6.0,6.0,39.2
1156,D,1,1,7.7,9.8,8.2,8.1,89.7
1157,A,1,1,8.8,6.5,10.0,6.5,86.3
1157,B,1,1,8.3,6.1,7.6,6.7,81.2
1157,C,1,0,3.1,6.2,5.6,8.8,56.2
1157,D,1,1,9.4,7.0,7.8,8.5,87.8
1158,A,1,1,7.5,7.3,6.4,4.1,75.5
1158,B,1,1,9.9,5.8,8.0,5.8,82.5
1158,C,0,1,5.3,6.6,6.1,7.1,58.5
1158,D,1,0,7.8,7.9,7.2,6.6,65.8
1159,A,1,0,8.0,8.9,5.7,4.4,61.7
1159,B,0,0,9.3,8.4,7.0,7.7,54.0
1159,C,1,0,5.0,8.0,6.1,8.8,63.2
1159,D,0,1,10,7.1,6.1,4.9,63.5
1160,A,1,1,7.3,7.8,9.6,6.8,85.8
1160,B,1,1,8.3,5.4,8.5,6.4,81.0
1160,C,1,1,6.6,6.1,8.2,7.5,80.7
1160,D,1,1,9.0,8.0,5.8,7.3,83.5
1161,A,1,1,7.7,9.0,7.5,5.2,82.3
1161,B,1,0,7.9,8.5,7.0,5.9,65.5
1161,C,0,0,5.8,6.7,8.8,4.9,43.7
1161,D,1,1,6.5,7.5,6.8,7.7,80.8
1162,A,0,0,8.6,7.2,6.0,5.3,45.2
1162,B,1,1,10,7.1,7.9,6.3,85.5
1162,C,0,0,5.5,5.7,7.6,6.7,42.5
1162,D,1,1,9.3,6.6,8.1,6.9,84.8
1163,A,1,0,7.6,5.8,6.0,6.7,60.2
1163,B,0,0,8.4,7.0,9.5,4.3,48.7
1163,C,0,1,5.2,6.5,6.8,5.5,56.7
1163,D,0,1,9.4,9.2,7.7,6.2,70.8
1164,A,1,0,5.9,5.1,7.6,5.6,57.0
1164,B,1,1,7.0,6.1,6.9,6.6,77.7
1164,C,0,0,7.9,5.9,5.6,9.1,47.5
1164,D,0,1,7.4,8.9,9.5,6.3,70.2
1165,A,0,0,6.4,5.6,7.9,4.7,41.0
1165,B,1,0,8.9,7.5,7.2,6.3,66.5
1165,C,0,0,6.8,4.3,7.6,6.0,41.2
1165,D,1,1,7.5,8.3,8.1,5.6,82.5
1166,A,0,1,7.1,8.4,4.6,4.9,58.3
1166,B,0,0,9.6,7.3,7.9,8.9,56.2
1166,C,1,1,4.9,6.1,5.9,4.2,68.5
1166,D,1,1,8.9,9.1,7.6,6.5,86.8
1167,A,1,1,7.0,8.8,5.1,6.2,78.5
1167,B,1,1,7.3,6.5,7.0,5.9,77.8
1167,C,1,1,5.5,5.8,7.0,7.0,75.5
1167,D,1,1,6.4,8.3,9.3,6.0,83.3
1168,A,1,0,6.0,6.7,5.0,8.5,60.3
1168,B,0,0,7.8,7.6,5.0,6.8,45.3
1168,C,1,0,5.5,6.4,8.4,6.2,60.8
1168,D,1,1,9.1,9.7,10,8.0,94.7
1169,A,0,0,7.4,6.9,5.6,4.8,41.2
1169,B,0,0,9.6,6.3,5.4,8.5,49.7
1169,C,1,0,6.0,5.1,6.8,5.8,56.2
1169,D,1,1,8.3,9.9,8.4,7.6,90.3
1170,A,0,0,8.5,8.4,7.1,5.5,49.2
1170,B,1,0,7.8,7.3,5.4,4.4,58.2
1170,C,1,1,5.6,6.3,8.7,6.3,78.2
1170,D,1,0,6.3,6.7,7.4,7.6,63.3
1171,A,1,0,6.9,8.9,8.1,6.5,67.3
1171,B,1,0,7.5,6.6,8.7,7.4,67.0
1171,C,0,0,7.9,7.1,7.8,8.4,52.0
1171,D,1,1,7.9,7.1,8.6,8.5,86.8
1172,A,1,0,8.6,7.6,8.3,8.2,71.2
1172,B,0,0,7.5,6.7,7.4,6.3,46.5
1172,C,1,0,5.7,3.7,6.6,5.2,52.0
1172,D,0,0,8.4,10,7.5,5.6,52.5
1173,A,1,0,6.9,7.3,6.8,6.1,61.8
1173,B,1,0,9.1,9.0,7.1,6.3,69.2
1173,C,0,0,7.1,5.8,8.5,6.5,46.5
1173,D,1,1,8.1,8.5,7.8,6.4,84.7
1174,A,1,1,7.4,7.2,6.4,8.0,81.7
1174,B,0,1,9.0,6.8,5.2,8.8,66.3
1174,C,0,1,4.7,4.7,8.2,4.7,53.8
1174,D,0,0,7.3,8.8,6.0,7.5,49.3
1175,A,0,1,10,9.9,4.8,7.5,70.3
1175,B,1,0,8.1,6.3,7.0,5.9,62.2
1175,C,1,0,6.9,6.5,7.4,6.2,61.7
1175,D,1,1,8.8,8.2,7.1,7.2,85.5
1176,A,1,0,5.4,8.0,4.7,5.2,55.5
1176,B,1,1,7.5,6.7,5.7,6.7,77.7
1176,C,1,1,5.2,6.5,7.6,7.3,77.7
1176,D,1,0,6.6,10,5.9,9.2,69.5
1177,A,1,1,8.7,7.1,5.3,5.8,78.2
1177,B,0,0,8.0,7.5,9.5,5.7,51.2
1177,C,0,1,5.8,4.1,7.3,8.9,60.2
1177,D,1,0,7.6,9.0,9.5,10,76.8
1178,A,1,0,8.9,8.6,8.9,5.5,69.8
1178,B,1,0,9.2,5.5,9.1,9.0,71.3
1178,C,1,0,6.8,7.3,6.6,5.3,60.0
1178,D,0,0,7.5,8.2,7.4,7.5,51.0
1179,A,0,1,8.2,7.7,6.8,6.4,65.2
1179,B,1,0,6.6,9.9,7.2,7.9,69.3
1179,C,0,0,3.9,6.7,6.2,6.4,38.7
1179,D,0,0,9.5,6.5,9.4,7.2,54.3
1180,A,1,1,6.7,8.7,8.7,7.6,86.2
1180,B,1,0,8.5,9.0,9.7,8.2,75.7
1180,C,0,0,7.3,4.2,5.2,6.6,38.8
1180,D,1,0,7.5,8.5,9.1,4.7,66.3
1181,A,1,0,7.2,9.1,9.2,5.7,68.7
1181,B,0,1,8.4,6.6,6.0,7.3,63.8
1181,C,1,0,5.5,4.9,7.0,7.3,57.8
1181,D,1,0,6.9,10,8.0,3.7,64.3
1182,A,1,0,6.3,8.5,5.0,5.7,59.2
1182,B,1,0,6.7,6.7,6.7,5.8,59.8
1182,C,1,0,6.7,7.3,5.6,7.6,62.0
1182,D,1,1,9.7,8.2,8.0,8.2,90.2
1183,A,1,1,7.3,9.1,5.3,9.6,85.5
1183,B,1,1,9.8,7.9,7.5,8.8,90.0
1183,C,0,0,8.4,6.8,4.8,4.7,41.2
1183,D,0,0,9.0,7.3,8.7,7.1,53.5
1184,A,0,0,6.7,5.9,6.6,6.6,43.0
1184,B,1,0,8.4,7.7,6.3,5.9,63.8
1184,C,0,0,5.4,8.6,6.8,8.1,48.2
1184,D,1,1,8.5,9.7,8.3,7.4,89.8
1185,A,1,0,7.9,5.6,7.3,7.5,63.8
1185,B,1,1,7.4,7.7,6.3,8.8,83.7
1185,C,1,1,7.4,6.0,6.1,7.2,77.8
1185,D,1,1,8.8,8.8,7.1,5.6,83.8
1186,A,1,0,7.7,7.5,8.0,6.1,65.5
1186,B,1,0,8.8,6.5,8.9,7.9,70.2
1186,C,0,1,3.7,6.7,6.1,7.5,56.7
1186,D,0,1,8.7,6.7,9.1,5.0,65.8
1187,A,0,0,8.1,3.3,5.6,8.3,42.2
1187,B,0,0,5.9,7.5,6.7,6.4,44.2
1187,C,0,0,7.8,6.3,5.2,7.3,44.3
1187,D,1,0,9.8,9.3,8.7,7.4,75.3
1188,A,1,1,8.6,6.3,8.3,7.3,84.2
1188,B,0,0,6.1,4.3,7.2,8.0,42.7
1188,C,1,1,6.5,4.1,8.2,7.1,76.5
1188,D,1,1,9.7,7.8,8.5,8.7,91.2
1189,A,1,0,6.3,6.8,7.0,5.3,59.0
1189,B,1,1,7.3,6.7,8.6,6.8,82.3
1189,C,1,0,4.2,7.7,7.3,8.1,62.2
1189,D,1,0,9.1,8.8,5.9,5.1,64.8
1190,A,0,0,6.7,8.6,5.1,7.4,46.3
1190,B,0,1,7.1,6.2,10,6.0,65.5
1190,C,1,1,6.9,5.3,6.0,7.8,76.7
1190,D,1,0,5.9,9.1,8.8,5.9,66.2
1191,A,0,0,6.7,7.4,5.0,6.8,43.2
1191,B,1,0,8.4,5.2,8.2,5.1,61.5
1191,C,0,0,5.4,8.1,5.3,6.4,42.0
1191,D,1,0,5.9,7.6,8.3,4.5,60.5
1192,A,1,0,8.3,7.5,4.5,5.9,60.3
1192,B,1,0,9.0,8.4,9.0,7.7,73.5
1192,C,1,0,6.5,5.5,7.1,7.0,60.2
1192,D,0,0,8.6,8.7,8.2,7.0,54.2
1193,A,1,0,6.9,6.2,6.6,5.4,58.5
1193,B,0,0,10,6.4,8.0,4.8,48.7
1193,C,1,1,6.4,4.9,6.1,7.2,74.3
1193,D,1,0,9.6,10,7.5,6.2,72.2
1194,A,1,0,8.4,5.6,6.0,5.4,59.0
1194,B,1,1,7.2,7.1,8.4,7.4,83.5
1194,C,1,0,6.4,7.6,7.3,7.0,63.8
1194,D,1,0,9.8,8.3,8.9,8.0,75.0
1195,A,1,1,9.2,8.7,6.4,7.2,85.8
1195,B,1,0,8.1,7.2,8.7,4.3,63.8
1195,C,1,0,6.6,5.9,5.5,6.9,58.2
1195,D,1,1,8.5,7.1,6.5,7.7,83.0
1196,A,1,0,7.2,6.5,8.4,5.4,62.5
1196,B,1,0,10,6.3,9.1,6.5,69.8
1196,C,0,1,5.3,7.7,6.9,7.0,61.5
1196,D,1,0,7.2,8.8,8.8,9.3,73.5
1197,A,1,1,7.4,8.1,6.4,6.8,81.2
1197,B,1,1,8.0,9.1,8.7,5.2,85.0
1197,C,0,0,5.9,4.8,7.3,7.6,42.7
1197,D,1,1,7.7,7.5,6.6,4.0,76.3
1198,A,0,1,8.7,9.6,6.8,6.9,70.0
1198,B,1,1,6.3,5.4,5.7,9.8,78.7
1198,C,1,0,8.4,5.7,5.2,6.7,60.0
1198,D,1,1,10,9.2,10,7.8,95.0
1199,A,1,0,7.1,9.3,8.5,7.9,71.3
1199,B,0,0,6.1,8.0,9.8,6.8,51.2
1199,C,0,0,5.0,4.6,5.6,5.9,35.2
1199,D,1,0,7.5,8.8,7.3,5.9,65.8
1200,A,0,0,8.0,8.9,6.5,6.0,49.0
1200,B,1,1,8.5,9.5,5.5,5.0,80.8
1200,C,1,0,5.5,5.3,7.1,4.8,54.5
1200,D,1,0,9.4,9.2,10,5.4,73.3
1201,A,1,1,5.3,9.9,7.0,6.1,80.5
1201,B,0,1,5.8,6.6,9.4,6.1,63.2
1201,C,1,0,6.1,6.4,8.9,6.4,63.0
1201,D,1,1,8.3,7.4,7.8,6.4,83.2
1202,A,0,1,8.0,8.4,6.9,5.0,63.8
1202,B,1,1,9.0,7.1,6.6,3.5,77.0
1202,C,1,1,7.4,5.2,6.7,4.9,73.7
1202,D,1,1,8.7,7.1,8.0,3.5,78.8
1203,A,1,0,7.0,9.9,9.7,2.5,65.2
1203,B,1,1,7.4,8.2,6.9,4.6,78.5
1203,C,1,0,6.1,7.3,9.1,8.2,67.8
1203,D,1,0,6.5,7.4,9.1,6.4,65.7
1204,A,1,0,9.2,9.7,5.7,5.4,66.7
1204,B,1,1,8.0,8.3,5.9,6.7,81.5
1204,C,1,1,6.4,6.4,6.4,8.1,78.8
1204,D,0,1,9.0,10.0,7.9,7.2,73.5
1205,A,0,0,9.2,9.0,6.4,6.7,52.2
1205,B,1,0,10,4.7,6.5,7.5,64.5
1205,C,1,0,7.4,3.0,7.1,7.0,57.5
1205,D,1,0,7.7,9.5,8.2,6.6,70.0
1206,A,1,1,7.6,9.9,6.0,5.1,81.0
1206,B,1,1,7.4,7.2,8.5,4.9,80.0
1206,C,1,1,6.9,8.9,8.1,8.3,87.0
1206,D,1,1,7.7,7.0,7.3,8.2,83.7
1207,A,1,1,6.9,10,3.4,4.8,75.2
1207,B,0,1,5.6,7.9,6.2,7.8,62.5
1207,C,0,0,6.5,3.5,7.0,6.8,39.7
1207,D,0,1,8.5,9.1,5.9,7.2,67.8
1208,A,1,0,10,8.6,4.9,5.3,64.7
1208,B,0,1,7.8,6.3,5.1,7.7,61.5
1208,C,1,0,3.6,6.4,7.5,4.7,53.7
1208,D,1,1,8.0,8.8,7.6,7.8,87.0
1209,A,1,1,9.1,8.3,6.1,7.9,85.7
1209,B,0,0,9.4,7.9,7.6,8.2,55.2
1209,C,1,0,6.4,5.1,8.6,6.1,60.3
1209,D,1,0,8.3,9.3,7.5,7.9,71.7
1210,A,0,0,7.7,6.8,7.0,4.7,43.7
1210,B,0,1,8.3,9.0,7.9,6.6,69.7
1210,C,0,0,6.5,3.6,9.0,6.7,43.0
1210,D,1,0,7.6,6.8,8.4,7.0,66.3
1211,A,1,1,10,8.0,6.6,6.1,84.5
1211,B,0,0,10,8.0,8.5,7.5,56.7
1211,C,0,1,6.0,7.9,8.1,6.0,63.3
1211,D,0,0,9.5,8.3,6.1,8.2,53.5
1212,A,1,1,8.6,5.7,5.4,5.5,75.3
1212,B,1,0,7.6,7.6,9.4,4.0,64.3
1212,C,0,0,6.4,6.9,7.7,8.0,48.3
1212,D,1,1,8.9,6.8,8.1,7.2,85.0
1213,A,1,0,6.2,9.7,5.7,5.9,62.5
1213,B,1,1,7.6,8.8,8.5,8.3,88.7
1213,C,1,1,5.5,4.4,9.0,8.2,78.5
1213,D,1,0,7.7,8.0,7.7,7.2,67.7
1214,A,1,0,9.7,8.7,7.2,5.1,67.8
1214,B,1,1,8.3,7.0,9.3,7.0,86.0
1214,C,1,0,7.7,4.9,10,7.8,67.3
1214,D,1,0,8.3,6.5,8.5,4.5,63.0
1215,A,1,0,6.0,8.6,6.1,7.2,63.2
1215,B,1,0,6.5,6.4,6.2,3.9,55.0
1215,C,1,1,4.8,6.1,6.0,5.9,71.3
1215,D,1,0,9.1,9.6,8.2,7.2,73.5
1216,A,1,0,7.1,7.7,6.1,6.4,62.2
1216,B,1,0,9.0,8.8,6.6,7.4,69.7
1216,C,1,0,7.5,6.6,6.3,5.4,59.7
1216,D,1,1,7.0,8.0,6.3,6.3,79.3
1217,A,1,0,5.4,9.0,7.7,7.9,66.7
1217,B,0,0,6.6,6.8,8.2,8.3,49.8
1217,C,0,1,5.0,7.5,7.4,7.8,62.8
1217,D,1,1,6.0,8.5,7.3,7.5,82.2
1218,A,1,1,7.0,10,6.5,4.6,80.2
1218,B,1,0,7.8,10,10,4.7,70.8
1218,C,0,0,6.8,5.1,6.9,7.6,44.0
1218,D,1,0,9.9,10,7.3,5.8,71.7
1219,A,0,1,9.7,7.4,6.1,9.1,70.5
1219,B,0,1,8.3,5.7,7.2,6.0,62.0
1219,C,1,0,5.8,7.7,5.0,5.8,57.2
1219,D,1,1,6.8,9.4,7.3,6.1,82.7
1220,A,1,0,8.3,9.5,7.8,4.5,66.8
1220,B,0,0,8.0,6.8,7.8,7.6,50.3
1220,C,0,1,4.6,6.1,7.8,8.0,60.8
1220,D,1,1,8.3,7.5,4.4,5.4,76.0
1221,A,1,1,9.3,8.2,5.8,9.7,88.3
1221,B,1,1,9.3,8.5,7.3,8.1,88.7
1221,C,0,1,4.2,8.0,10,6.4,64.3
1221,D,0,0,8.9,7.5,10,6.4,54.7
1222,A,0,1,7.3,9.5,8.6,6.6,70.0
1222,B,1,1,8.3,9.0,7.8,8.0,88.5
1222,C,1,0,5.0,4.4,5.7,7.8,54.8
1222,D,0,1,6.5,8.0,6.3,8.8,66.0
1223,A,1,1,8.6,7.8,6.6,7.3,83.8
1223,B,1,0,8.7,9.0,7.1,6.5,68.8
1223,C,0,0,6.3,7.8,6.4,6.4,44.8
1223,D,1,0,10,8.8,8.7,4.9,70.7
1224,A,1,0,6.5,8.9,5.7,6.5,62.7
1224,B,1,0,8.4,6.7,4.1,6.3,59.2
1224,C,1,0,6.8,5.9,7.1,6.8,61.0
1224,D,1,0,10,8.3,6.5,5.1,66.5
1225,A,1,1,7.5,7.6,7.2,3.2,75.8
1225,B,1,0,7.6,8.2,8.4,9.0,72.0
1225,C,1,0,3.9,6.2,6.7,3.7,50.8
1225,D,1,0,7.3,7.9,6.4,6.7,63.8
1226,A,1,0,6.8,7.5,5.9,6.8,61.7
1226,B,1,1,7.6,5.2,7.5,9.2,82.5
1226,C,1,0,8.4,7.0,7.0,4.7,61.8
1226,D,1,0,9.0,10,8.5,9.2,77.8
1227,A,1,0,8.1,7.2,5.1,7.8,63.7
1227,B,0,0,8.6,7.5,6.1,7.5,49.5
1227,C,1,1,6.6,7.0,6.8,8.7,81.8
1227,D,1,1,8.5,10,6.3,3.4,80.3
1228,A,1,0,6.3,9.9,7.5,5.2,64.8
1228,B,0,0,7.0,9.1,7.9,7.8,53.0
1228,C,1,0,4.9,5.8,7.6,8.7,61.7
1228,D,1,0,7.4,6.4,9.4,8.1,68.8
1229,A,0,0,8.1,8.1,5.3,6.4,46.5
1229,B,0,0,8.3,7.1,6.7,6.6,47.8
1229,C,1,0,5.1,6.3,7.7,7.4,60.8
1229,D,0,1,8.7,8.0,8.3,7.1,70.2
1230,A,1,0,8.2,8.1,3.3,5.4,58.3
1230,B,0,1,9.5,6.4,8.0,5.6,65.8
1230,C,0,0,4.5,8.3,5.3,6.8,41.5
1230,D,1,1,8.1,9.1,7.7,7.3,87.0
1231,A,1,0,7.3,9.2,7.5,5.5,65.8
1231,B,1,0,7.8,7.4,8.5,6.7,67.3
1231,C,1,1,6.5,4.9,6.5,5.5,72.3
1231,D,1,0,7.4,8.7,7.3,8.4,69.7
1232,A,1,0,9.1,8.0,5.4,4.7,62.0
1232,B,0,1,8.8,7.8,8.3,6.9,69.7
1232,C,1,1,3.8,7.1,6.8,6.3,73.3
1232,D,1,0,9.0,6.5,7.0,8.2,67.8
1233,A,1,1,8.2,9.1,5.4,7.8,84.2
1233,B,0,0,5.4,8.4,5.1,6.0,41.5
1233,C,1,0,4.9,7.0,8.5,6.4,61.3
1233,D,1,0,7.6,9.3,6.6,8.1,69.3
1234,A,1,0,7.6,7.1,8.4,8.8,69.8
1234,B,1,1,8.2,10,5.7,5.5,82.3
1234,C,1,1,7.2,6.4,6.5,7.9,80.0
1234,D,0,1,9.8,9.8,6.5,8.2,73.8
1235,A,1,1,6.0,8.6,6.8,5.0,77.3
1235,B,0,1,7.5,8.0,7.2,8.6,68.8
1235,C,1,0,3.8,6.4,9.6,5.8,59.3
1235,D,1,0,8.3,8.0,6.7,8.7,69.5
1236,A,0,1,7.4,8.0,8.2,7.7,68.8
1236,B,1,1,8.1,7.6,8.4,8.0,86.8
1236,C,0,0,4.5,6.6,7.5,7.3,43.2
1236,D,1,1,7.7,8.1,7.7,4.8,80.5
1237,A,1,1,7.2,7.3,6.7,5.4,77.7
1237,B,1,0,10,7.9,7.9,6.2,70.0
1237,C,0,0,5.8,7.4,7.9,7.5,47.7
1237,D,1,0,8.7,6.6,8.0,9.1,70.7
1238,A,0,1,7.2,9.5,7.1,7.9,69.5
1238,B,1,1,7.5,7.2,5.2,4.1,73.3
1238,C,0,0,5.7,5.5,9.7,5.8,44.5
1238,D,1,1,9.6,7.7,8.1,4.8,83.7
1239,A,1,0,8.9,8.3,6.2,3.3,61.2
1239,B,1,1,6.4,8.6,9.7,7.3,86.7
1239,C,1,0,8.1,6.9,5.0,9.5,65.8
1239,D,0,0,8.1,7.0,9.3,5.1,49.2
1240,A,1,1,7.3,8.9,7.4,6.5,83.5
1240,B,1,0,5.8,6.5,8.0,4.8,58.5
1240,C,0,0,8.2,4.7,7.3,7.0,45.3
1240,D,0,1,7.2,7.8,8.0,6.1,65.2
1241,A,1,0,7.2,6.9,7.5,5.0,61.0
1241,B,0,0,8.7,8.0,7.7,7.7,53.5
1241,C,1,0,6.5,6.5,4.9,7.2,58.5
1241,D,0,0,8.2,8.9,9.2,6.6,54.8
1242,A,0,1,9.2,8.9,4.6,4.8,62.5
1242,B,1,1,8.9,8.4,6.1,5.9,82.2
1242,C,1,1,4.2,6.4,5.9,6.9,72.3
1242,D,1,1,6.6,8.1,9.1,6.0,83.0
1243,A,1,0,8.5,10,7.5,4.8,68.0
1243,B,1,0,6.6,6.9,5.7,6.5,59.5
1243,C,1,0,6.7,3.6,7.5,7.5,58.8
1243,D,1,0,9.0,6.8,10,7.7,72.5
1244,A,1,0,8.0,7.2,8.7,7.4,68.8
1244,B,1,0,8.0,6.3,9.6,7.3,68.7
1244,C,0,0,8.5,7.1,5.5,8.0,48.5
1244,D,1,1,9.2,9.2,8.7,7.8,91.5
1245,A,1,0,7.7,9.8,6.7,5.5,66.2
1245,B,1,0,9.0,7.8,6.0,5.5,63.8
1245,C,1,0,4.8,7.3,8.2,5.2,59.2
1245,D,1,1,9.0,8.8,7.2,7.0,86.7
1246,A,0,1,7.4,6.4,5.4,7.1,60.5
1246,B,1,1,6.9,7.0,8.6,5.7,80.3
1246,C,0,0,7.2,3.9,5.9,8.3,42.2
1246,D,1,0,9.3,7.6,8.6,6.7,70.3
1247,A,1,1,9.0,9.9,6.8,6.9,87.7
1247,B,1,0,7.9,7.2,8.4,6.1,66.0
1247,C,1,0,6.0,4.5,6.1,7.9,57.5
1247,D,1,0,8.3,9.8,9.2,6.9,73.7
1248,A,1,0,9.0,7.4,7.6,8.1,70.2
1248,B,1,1,6.3,7.1,6.8,8.7,81.5
1248,C,0,1,9.4,7.7,6.8,6.8,67.8
1248,D,1,0,8.6,9.1,5.7,7.5,68.2
1249,A,1,0,8.4,6.6,4.0,4.9,56.5
1249,B,0,1,9.6,8.3,5.9,7.0,68.0
1249,C,1,1,7.4,6.5,8.2,7.3,82.3
1249,D,0,1,7.9,7.7,8.8,7.3,69.5
1250,A,1,1,5.2,7.5,7.0,6.9,77.7
1250,B,0,1,6.4,7.2,8.4,5.0,61.7
1250,C,0,0,6.4,6.4,5.2,6.7,41.2
1250,D,1,0,10,6.3,9.5,7.1,71.5
1251,A,1,0,8.3,5.6,7.4,5.9,62.0
1251,B,1,1,8.6,6.2,6.8,6.6,80.3
1251,C,1,0,5.2,6.6,7.4,5.3,57.5
1251,D,1,0,9.5,8.7,8.1,6.7,71.7
1252,A,1,0,6.7,9.4,5.3,7.6,65.0
1252,B,1,0,9.5,7.8,5.3,7.0,66.0
1252,C,0,0,6.1,7.9,5.8,7.1,44.8
1252,D,0,0,8.3,8.6,9.4,7.9,57.0
1253,A,1,1,7.1,9.8,5.5,6.9,82.2
1253,B,0,0,9.3,8.7,6.4,5.3,49.5
1253,C,1,0,3.9,6.6,7.2,7.1,58.0
1253,D,1,1,8.0,9.1,7.5,6.2,84.7
1254,A,0,1,4.7,6.6,5.7,7.4,57.3
1254,B,0,0,7.3,5.6,7.6,8.5,48.3
1254,C,1,0,5.7,5.3,4.9,6.0,53.2
1254,D,1,1,7.7,10,10,6.0,89.5
1255,A,1,0,7.4,8.4,4.6,6.5,61.5
1255,B,1,0,7.2,6.6,10,6.2,66.7
1255,C,1,0,7.4,7.0,7.2,6.8,64.0
1255,D,1,0,10,10,7.1,5.2,70.5
1256,A,1,0,9.9,6.3,8.3,3.9,64.0
1256,B,0,0,7.5,6.5,8.6,7.1,49.5
1256,C,1,1,6.4,8.7,7.4,6.5,81.7
1256,D,1,1,8.2,6.7,5.8,7.7,80.7
1257,A,1,1,6.7,8.3,6.3,4.9,77.0
1257,B,1,1,8.9,8.4,9.5,4.3,85.2
1257,C,1,1,8.1,6.8,7.3,5.3,79.2
1257,D,1,0,10,9.1,8.8,6.8,74.5
1258,A,1,1,10,8.6,8.2,8.0,91.3
1258,B,0,0,5.3,7.2,7.6,5.5,42.7
1258,C,1,1,7.8,6.9,6.4,8.9,83.3
1258,D,1,0,9.3,7.6,7.4,7.7,70.0
1259,A,1,0,7.9,7.8,5.2,6.9,63.0
1259,B,1,0,9.0,7.6,6.0,6.9,65.8
1259,C,1,0,6.4,7.0,6.9,8.6,64.8
1259,D,1,0,8.0,10,8.0,7.1,71.8
1260,A,1,1,6.5,9.6,5.7,9.6,85.7
1260,B,1,1,6.4,7.1,7.6,7.1,80.3
1260,C,1,0,6.3,5.0,7.5,5.4,57.0
1260,D,0,1,10,9.7,9.6,7.0,77.2
1261,A,0,0,7.0,9.7,9.6,6.6,54.8
1261,B,0,0,7.8,7.6,5.5,5.4,43.8
1261,C,0,1,6.2,6.6,4.8,7.7,58.8
1261,D,1,1,9.2,7.9,5.6,8.0,84.5
1262,A,0,0,8.6,6.1,7.3,7.9,49.8
1262,B,0,0,8.3,7.9,6.6,7.9,51.2
1262,C,1,1,6.7,5.2,7.0,7.0,76.5
1262,D,1,0,9.1,8.9,5.7,6.1,66.3
1263,A,1,0,7.6,7.3,8.5,6.9,67.2
1263,B,1,1,7.4,8.7,6.4,6.8,82.2
1263,C,0,1,6.8,7.7,7.6,6.0,63.5
1263,D,1,0,7.3,9.7,8.1,6.1,68.7
1264,A,1,0,9.4,8.1,7.5,6.2,68.7
1264,B,1,1,4.9,8.9,6.1,6.2,76.8
1264,C,0,1,7.9,4.7,7.5,6.7,61.3
1264,D,1,1,8.8,7.5,7.7,8.0,86.7
1265,A,1,0,8.2,9.3,5.9,5.4,64.7
1265,B,0,1,9.5,5.4,9.7,7.4,70.0
1265,C,0,0,5.1,5.0,8.0,5.5,39.3
1265,D,0,1,9.0,7.8,8.0,5.4,67.0
1266,A,0,0,6.1,7.6,6.1,6.5,43.8
1266,B,1,1,7.3,6.5,6.5,5.6,76.5
1266,C,0,0,7.9,7.1,7.7,8.3,51.7
1266,D,0,0,7.2,8.9,6.8,9.7,54.3
1267,A,0,1,8.3,6.3,6.6,7.8,65.0
1267,B,0,1,7.4,6.1,7.3,5.7,60.8
1267,C,0,0,5.6,5.6,7.7,8.7,46.0
1267,D,1,1,7.6,8.3,10,4.1,83.3
1268,A,1,0,9.9,6.5,6.6,6.7,66.2
1268,B,1,0,9.6,8.8,9.2,6.8,74.0
1268,C,1,1,6.8,4.0,9.7,9.9,84.0
1268,D,1,0,7.7,7.4,8.5,5.4,65.0
1269,A,1,1,7.8,8.5,5.4,5.1,78.0
1269,B,1,0,6.6,8.5,8.3,6.3,66.2
1269,C,0,1,5.7,6.5,5.7,7.2,58.5
1269,D,0,0,6.9,8.5,8.6,8.5,54.2
1270,A,1,1,6.5,8.8,7.1,4.5,78.2
1270,B,1,0,9.2,9.3,9.8,7.6,76.5
1270,C,1,0,7.6,7.2,8.1,7.4,67.2
1270,D,1,1,9.5,7.8,6.8,6.5,84.3
1271,A,1,1,7.3,9.1,8.6,6.2,85.3
1271,B,1,0,6.9,7.2,8.0,5.8,63.2
1271,C,1,0,5.6,8.0,6.1,5.9,59.3
1271,D,1,1,6.0,10.0,10.0,6.6,87.7
1272,A,0,1,6.9,7.7,8.3,4.7,62.7
1272,B,1,0,9.7,7.2,8.4,6.7,70.0
1272,C,0,1,5.3,6.4,7.4,5.8,58.2
1272,D,1,1,8.7,7.3,6.6,6.8,82.3
1273,A,1,1,6.6,9.3,7.8,7.8,85.8
1273,B,1,1,8.8,7.1,7.0,5.3,80.3
1273,C,1,0,6.5,5.0,6.3,6.2,56.7
1273,D,1,1,7.8,10,8.9,8.1,91.3
1274,A,1,1,6.5,7.7,9.5,6.4,83.5
1274,B,1,0,7.8,9.3,7.2,5.2,65.8
1274,C,1,1,6.6,7.3,6.7,6.7,78.8
1274,D,0,1,8.2,9.6,7.7,8.3,73.0
1275,A,1,0,6.3,9.5,6.2,7.2,65.3
1275,B,1,1,8.1,7.0,6.7,6.5,80.5
1275,C,1,0,5.4,7.0,6.4,5.2,56.7
1275,D,1,1,7.5,7.7,9.9,7.5,87.7
1276,A,0,0,9.7,5.8,8.9,4.8,48.7
1276,B,1,1,7.8,9.5,7.7,5.8,84.7
1276,C,0,1,6.8,6.4,8.2,5.7,61.8
1276,D,1,0,7.2,4.9,6.1,8.8,61.7
1277,A,1,0,8.6,8.6,7.1,6.8,68.5
1277,B,1,0,8.0,7.0,7.7,6.1,64.7
1277,C,0,0,5.5,7.6,6.9,7.5,45.8
1277,D,1,0,8.0,8.2,7.5,6.3,66.7
1278,A,0,0,10,6.7,5.9,7.6,50.3
1278,B,0,0,8.3,5.0,5.8,3.8,38.2
1278,C,0,1,6.0,6.6,5.2,7.3,58.5
1278,D,0,0,7.3,7.8,8.0,5.4,47.5
1279,A,1,0,7.1,8.3,7.4,9.0,69.7
1279,B,0,1,9.0,9.4,6.6,6.3,68.8
1279,C,0,0,6.6,5.6,9.8,7.0,48.3
1279,D,1,0,8.2,6.2,8.0,8.7,68.5
1280,A,0,0,8.2,8.2,4.6,5.4,44.0
1280,B,0,1,7.7,9.2,8.3,4.2,65.7
1280,C,0,1,6.4,6.7,5.8,6.8,59.5
1280,D,1,1,6.3,9.0,8.0,3.0,77.2
1281,A,0,1,7.8,8.3,6.4,6.3,64.7
1281,B,1,0,5.8,7.1,5.5,6.1,57.5
1281,C,1,0,2.9,5.9,8.0,5.3,53.5
1281,D,1,1,9.0,8.8,8.8,6.7,88.8
1282,A,1,1,6.2,9.7,5.7,4.5,76.8
1282,B,1,1,6.8,7.3,8.6,6.9,82.7
1282,C,1,0,6.5,8.0,7.5,4.9,61.5
1282,D,0,1,8.2,10,8.8,6.2,72.0
1283,A,0,0,7.6,7.5,4.8,5.3,42.0
1283,B,1,0,7.1,8.4,7.1,6.7,65.5
1283,C,0,0,6.5,7.3,7.6,7.3,47.8
1283,D,1,0,8.5,8.9,10,8.7,76.8
1284,A,1,0,7.0,8.1,5.8,7.4,63.8
1284,B,0,1,6.8,6.8,10,7.9,69.2
1284,C,0,0,7.4,6.2,7.1,7.5,47.0
1284,D,1,1,5.2,9.2,8.0,8.2,84.3
1285,A,1,0,7.2,6.7,5.1,5.5,57.5
1285,B,1,0,8.4,8.4,9.5,6.0,70.5
1285,C,1,0,5.8,6.9,6.6,8.3,62.7
1285,D,1,1,9.9,8.2,9.5,6.4,90.0
1286,A,1,0,5.2,9.0,5.3,6.9,60.7
1286,B,1,1,8.2,8.7,8.4,6.7,86.7
1286,C,1,1,6.9,4.5,6.5,6.8,74.5
1286,D,0,1,6.7,9.6,5.3,6.9,64.2
1287,A,1,0,6.7,6.7,8.8,4.6,61.3
1287,B,1,1,8.3,7.2,6.5,9.0,85.0
1287,C,1,0,7.5,5.7,7.1,8.6,64.8
1287,D,1,1,10,8.2,7.0,8.4,89.3
1288,A,0,1,7.1,10,4.1,4.4,59.3
1288,B,0,1,8.2,8.4,7.8,7.0,69.0
1288,C,0,1,7.6,3.9,4.1,8.9,57.5
1288,D,1,1,9.3,8.3,6.5,6.3,84.0
1289,A,1,1,7.8,8.6,7.2,5.4,81.7
1289,B,1,1,8.6,10,9.7,4.9,88.7
1289,C,1,0,5.9,5.6,7.5,7.4,60.7
1289,D,1,0,6.5,7.9,8.7,5.7,64.7
1290,A,1,0,7.3,10,6.2,4.0,62.5
1290,B,1,1,6.9,8.5,9.2,5.3,83.2
1290,C,1,1,7.6,5.6,7.6,8.1,81.5
1290,D,1,0,7.3,7.9,6.9,7.9,66.7
1291,A,1,0,8.4,7.8,8.9,6.9,70.0
1291,B,0,0,8.9,6.6,9.4,7.1,53.3
1291,C,1,0,4.3,6.9,7.4,7.4,60.0
1291,D,1,0,8.7,7.7,7.1,6.0,65.8
1292,A,0,1,7.9,7.7,8.3,7.0,68.2
1292,B,0,0,10,7.9,8.5,6.4,54.7
1292,C,1,0,9.5,5.8,7.5,6.0,64.7
1292,D,1,1,6.7,7.7,9.5,5.3,82.0
1293,A,1,0,7.0,6.0,7.6,7.1,62.8
1293,B,1,0,9.1,7.0,8.4,7.1,69.3
1293,C,1,0,4.6,5.6,5.3,8.4,56.5
1293,D,1,1,7.8,8.7,5.3,5.5,78.8
1294,A,0,1,6.1,7.0,6.1,3.3,54.2
1294,B,0,1,7.9,5.6,4.5,5.5,55.8
1294,C,0,0,7.0,7.4,7.4,6.5,47.2
1294,D,1,1,7.9,7.1,8.9,5.1,81.7
1295,A,1,1,6.6,7.7,6.4,7.6,80.5
1295,B,1,0,7.0,8.1,9.9,8.3,72.2
1295,C,1,1,6.9,8.5,6.7,9.0,85.2
1295,D,1,0,7.0,10,5.0,8.1,66.8
1296,A,1,0,6.8,8.4,6.6,5.3,61.8
1296,B,1,1,6.7,6.0,8.1,6.6,79.0
1296,C,0,0,7.2,6.4,4.3,6.4,40.5
1296,D,0,0,6.5,7.0,9.8,7.5,51.3
1297,A,1,0,8.6,7.4,6.7,8.5,68.7
1297,B,0,1,6.8,8.0,6.3,8.0,65.2
1297,C,1,1,5.5,4.8,8.5,6.4,75.3
1297,D,1,0,9.2,6.0,8.2,7.2,67.7
1298,A,1,1,8.7,7.2,7.3,4.5,79.5
1298,B,1,1,8.9,7.0,7.7,7.8,85.7
1298,C,1,1,5.8,7.3,6.5,6.8,77.3
1298,D,1,0,9.2,7.6,7.3,8.4,70.8
1299,A,1,0,4.3,6.9,7.9,6.2,58.8
1299,B,0,1,7.8,4.7,8.3,7.4,63.7
1299,C,1,1,4.4,6.4,6.9,5.5,72.0
1299,D,1,1,7.8,9.6,7.0,8.8,88.7
1300,A,0,1,7.1,7.3,6.5,5.6,60.8
1300,B,1,1,7.6,8.4,9.8,5.6,85.7
1300,C,1,0,6.6,6.9,7.7,6.2,62.3
1300,D,1,1,8.9,9.0,8.0,7.4,88.8
1301,A,0,1,4.5,7.7,7.6,4.5,57.2
1301,B,1,1,10,5.3,9.3,7.5,86.8
1301,C,1,1,7.9,5.8,8.1,9.1,84.8
1301,D,1,0,6.6,9.7,8.0,7.0,68.8
1302,A,1,1,6.4,7.4,5.3,6.4,75.8
1302,B,0,1,7.3,5.5,9.0,4.1,59.8
1302,C,0,1,7.0,8.0,7.6,4.8,62.3
1302,D,0,1,6.6,7.8,8.8,7.5,67.8
1303,A,1,1,6.5,9.7,8.0,6.6,84.7
1303,B,1,1,5.2,10,10,8.3,89.2
1303,C,0,0,5.7,7.7,8.1,4.5,43.3
1303,D,1,1,8.4,8.2,8.0,7.4,86.7
1304,A,0,0,6.8,7.0,6.5,4.9,42.0
1304,B,1,0,9.0,9.0,6.6,6.0,67.7
1304,C,0,1,8.8,5.5,7.2,6.7,63.7
1304,D,1,0,9.5,9.4,8.3,7.0,73.7
1305,A,1,1,9.2,7.1,5.6,8.4,83.8
1305,B,0,1,9.8,6.4,9.9,7.9,73.3
1305,C,0,0,5.6,8.2,8.0,6.9,47.8
1305,D,1,0,8.7,6.4,10,8.5,72.7
1306,A,1,1,7.2,7.7,4.7,7.1,77.8
1306,B,1,0,10,10,6.7,6.5,72.0
1306,C,1,1,4.7,6.6,8.2,6.3,76.3
1306,D,0,0,6.8,6.6,8.2,6.9,47.5
1307,A,0,0,7.5,10,3.8,5.3,44.3
1307,B,0,1,7.5,9.2,6.4,7.5,67.7
1307,C,1,0,6.0,5.6,6.2,5.1,54.8
1307,D,1,1,6.9,6.1,7.5,6.2,77.8
1308,A,1,0,7.6,6.6,5.0,6.4,59.3
1308,B,1,0,8.3,7.1,7.2,7.0,66.0
1308,C,1,0,6.9,7.5,6.6,7.3,63.8
1308,D,0,1,8.6,7.0,9.2,9.1,73.2
1309,A,0,0,8.5,6.8,10,7.7,55.0
1309,B,1,0,7.0,7.8,7.3,7.0,65.2
1309,C,0,0,4.8,3.6,6.1,9.0,39.2
1309,D,0,1,8.5,9.9,8.3,7.0,72.8
1310,A,0,0,8.6,8.0,7.7,7.4,52.8
1310,B,1,1,9.7,6.2,9.2,8.8,89.8
1310,C,1,1,6.5,5.2,6.9,9.5,80.2
1310,D,1,0,10.0,7.4,9.2,6.9,72.5
1311,A,1,0,10.0,6.4,7.7,5.6,66.2
1311,B,1,1,8.1,8.0,8.6,4.1,81.3
1311,C,0,0,5.3,7.4,4.8,10,45.8
1311,D,1,0,9.8,6.6,8.5,6.1,68.3
1312,A,1,0,7.9,8.1,8.3,7.0,68.8
1312,B,1,0,9.5,7.9,10,4.6,70.0
1312,C,1,1,7.6,4.1,6.8,7.2,76.2
1312,D,1,0,6.1,9.2,5.9,7.9,65.2
1313,A,0,0,7.3,6.8,5.7,7.7,45.8
1313,B,0,1,8.5,6.9,8.9,5.2,65.8
1313,C,1,1,6.9,6.6,7.0,8.0,80.8
1313,D,1,0,9.3,10,7.6,7.5,74.0
1314,A,0,1,8.8,9.8,9.2,7.7,75.8
1314,B,1,0,9.2,7.7,7.9,5.1,66.5
1314,C,0,1,6.8,5.7,6.5,6.5,59.2
1314,D,1,0,8.5,10,8.6,5.9,71.7
1315,A,1,1,8.2,9.3,6.7,4.6,81.3
1315,B,1,0,9.3,9.2,9.6,7.4,75.8
1315,C,0,1,7.0,7.9,8.1,6.9,66.5
1315,D,1,0,9.5,7.4,8.0,7.1,70.0
1316,A,0,0,7.3,7.4,2.9,2.7,33.8
1316,B,1,0,8.6,8.5,5.7,6.8,66.0
1316,C,1,1,5.6,7.4,5.6,9.2,79.7
1316,D,1,0,10,10,9.5,5.8,75.5
1317,A,1,1,6.7,8.0,7.7,7.9,83.8
1317,B,1,0,7.8,5.1,9.0,5.3,62.0
1317,C,1,0,5.9,5.6,7.9,7.6,61.7
1317,D,0,1,9.6,7.7,9.6,6.6,72.5
1318,A,0,0,9.1,8.6,8.5,6.1,53.8
1318,B,1,1,9.4,8.8,6.6,5.9,84.5
1318,C,0,0,6.3,6.7,8.9,5.4,45.5
1318,D,1,0,9.5,7.2,7.0,6.7,67.3
1319,A,1,1,8.0,9.6,6.9,6.4,84.8
1319,B,0,1,6.7,5.6,7.6,8.0,63.2
1319,C,0,0,9.5,5.2,6.4,8.2,48.8
1319,D,1,1,8.8,8.9,8.3,5.4,85.7
1320,A,1,0,6.0,8.8,4.4,7.0,60.3
1320,B,0,1,9.6,7.9,5.9,6.3,66.2
1320,C,1,0,5.1,6.8,6.7,6.3,58.2
1320,D,1,0,10,10,6.3,7.2,72.5
1321,A,1,0,8.5,7.7,5.4,7.3,64.8
1321,B,1,0,6.5,8.7,5.7,6.5,62.3
1321,C,0,0,7.5,7.2,7.0,7.2,48.2
1321,D,1,1,10,8.2,8.3,7.3,89.7
1322,A,0,0,8.2,7.4,6.3,6.5,47.3
1322,B,0,1,8.2,6.5,6.7,8.1,65.8
1322,C,1,0,5.0,5.7,9.6,6.3,61.0
1322,D,0,1,10,8.2,6.8,8.2,72.0
1323,A,0,1,7.9,7.5,5.8,6.7,63.2
1323,B,0,0,10,6.0,6.6,8.4,51.7
1323,C,1,0,5.7,4.2,7.4,8.4,59.5
1323,D,0,1,8.1,8.2,6.9,9.8,71.7
1324,A,0,0,7.0,8.2,7.7,6.1,48.3
1324,B,0,0,8.1,6.1,6.3,7.3,46.3
1324,C,1,1,7.5,7.7,8.2,8.8,87.0
1324,D,1,0,7.6,8.2,8.7,8.5,71.7
1325,A,1,1,8.1,9.5,5.5,7.5,84.3
1325,B,1,0,8.4,4.8,6.6,5.1,58.2
1325,C,0,0,4.4,5.9,5.6,8.2,40.2
1325,D,1,0,6.0,6.8,6.2,5.8,58.0
1326,A,0,0,9.2,7.7,5.3,5.7,46.5
1326,B,1,1,8.3,8.2,9.2,5.1,84.7
1326,C,1,0,3.7,6.9,7.7,9.3,62.7
1326,D,0,1,8.5,8.6,8.0,7.5,71.0
1327,A,1,0,7.1,9.3,7.7,5.0,65.2
1327,B,1,1,7.8,8.0,5.8,7.0,81.0
1327,C,1,0,8.3,2.9,8.2,6.1,59.2
1327,D,1,1,9.3,7.4,5.3,8.0,83.3
1328,A,1,1,8.2,9.1,8.4,4.1,83.0
1328,B,1,1,6.8,8.7,6.4,5.9,79.7
1328,C,0,0,7.8,5.9,7.9,9.4,51.7
1328,D,1,1,10,8.6,8.3,7.7,91.0
1329,A,1,1,7.4,8.9,6.7,3.0,76.7
1329,B,0,1,9.3,6.6,7.0,6.9,66.3
1329,C,1,1,7.6,4.5,5.7,7.3,75.2
1329,D,1,0,7.5,8.6,7.1,3.5,61.2
1330,A,0,1,6.2,6.4,8.6,6.1,62.2
1330,B,1,0,8.2,7.1,8.5,7.1,68.2
1330,C,1,1,5.4,5.9,7.5,6.6,75.7
1330,D,0,0,8.1,8.8,7.6,7.2,52.8
1331,A,1,1,6.9,8.5,8.1,6.7,83.7
1331,B,0,1,6.3,7.5,8.0,9.6,69.0
1331,C,1,1,5.8,4.9,8.2,5.8,74.5
1331,D,1,1,8.3,7.1,9.1,5.9,84.0
1332,A,1,0,7.1,9.6,8.9,6.5,70.2
1332,B,1,1,8.9,8.2,7.8,6.8,86.2
1332,C,0,1,6.5,5.3,5.7,6.1,56.0
1332,D,0,1,9.2,8.6,7.9,9.1,74.7
1333,A,1,1,8.2,7.9,8.9,5.8,84.7
1333,B,0,0,7.5,5.5,8.4,6.7,46.8
1333,C,1,0,6.0,5.0,4.8,5.6,52.3
1333,D,1,1,7.5,7.3,8.4,6.1,82.2
1334,A,0,1,6.0,7.6,6.6,5.8,60.0
1334,B,1,1,7.3,4.6,5.6,7.0,74.2
1334,C,0,1,6.0,5.5,7.1,8.5,61.8
1334,D,1,1,8.9,10,7.3,5.1,85.5
1335,A,1,0,6.8,6.2,8.0,3.3,57.2
1335,B,1,1,7.9,6.4,7.8,5.7,79.7
1335,C,1,0,4.4,6.8,8.4,7.7,62.2
1335,D,1,0,9.3,9.6,6.4,7.4,71.2
1336,A,1,0,9.8,6.0,6.7,5.5,63.3
1336,B,1,1,7.0,7.1,9.5,7.2,84.7
1336,C,0,0,6.6,8.0,6.7,7.3,47.7
1336,D,1,0,9.0,9.0,8.5,7.6,73.5
1337,A,0,1,10,7.2,8.5,6.9,71.0
1337,B,1,1,9.1,8.5,6.8,4.6,81.7
1337,C,0,0,8.0,7.1,4.8,7.7,46.0
1337,D,1,0,9.2,8.7,8.6,8.7,75.3
1338,A,1,1,9.6,9.8,6.8,8.2,90.7
1338,B,1,0,8.3,6.3,5.1,4.0,56.2
1338,C,1,0,6.8,5.1,6.8,5.6,57.2
1338,D,0,0,8.0,8.4,7.4,8.4,53.7
1339,A,1,1,5.6,7.8,5.7,6.8,76.5
1339,B,1,1,6.6,7.8,9.2,8.6,87.0
1339,C,1,0,4.9,7.8,4.7,8.6,60.0
1339,D,1,1,6.7,9.8,8.1,8.6,88.7
1340,A,1,1,7.0,9.4,6.9,4.3,79.3
1340,B,1,1,8.4,7.2,7.2,5.4,80.3
1340,C,1,0,3.7,5.4,6.9,8.9,58.2
1340,D,0,0,7.5,9.2,6.2,5.5,47.3
1341,A,0,1,6.9,9.8,8.3,6.1,68.5
1341,B,1,0,10,8.5,10,7.5,76.7
1341,C,1,0,7.2,6.7,6.6,7.3,63.0
1341,D,0,0,8.0,5.6,9.1,7.5,50.3
1342,A,1,0,8.1,6.1,4.8,7.4,60.7
1342,B,1,0,8.5,8.3,6.6,6.6,66.7
1342,C,1,1,5.6,6.9,5.6,6.9,75.0
1342,D,1,1,8.9,8.3,7.3,3.9,80.7
1343,A,0,0,7.8,8.7,6.7,5.4,47.7
1343,B,1,0,8.0,7.6,7.4,5.4,64.0
1343,C,1,0,7.2,6.9,7.9,8.3,67.2
1343,D,1,0,7.5,7.7,9.4,8.6,72.0
1344,A,0,0,8.0,7.4,7.2,5.2,46.3
1344,B,1,1,9.1,7.4,8.1,8.7,88.8
1344,C,1,0,3.4,6.9,5.5,8.4,57.0
1344,D,1,0,9.6,9.8,8.5,5.1,71.7
1345,A,0,1,8.2,7.2,6.1,7.2,64.5
1345,B,1,0,8.6,8.7,7.7,5.5,67.5
1345,C,1,0,6.3,7.2,6.8,7.1,62.3
1345,D,1,1,8.5,7.3,6.5,9.0,85.5
1346,A,1,0,6.5,8.1,7.0,6.7,63.8
1346,B,0,1,8.7,7.9,7.4,4.0,63.3
1346,C,0,0,6.5,5.4,5.8,6.4,40.2
1346,D,1,0,9.1,8.5,7.0,9.6,73.7
1347,A,1,0,5.7,9.6,6.5,6.8,64.3
1347,B,1,1,9.9,7.0,6.9,6.8,84.3
1347,C,0,0,5.8,5.0,5.4,6.2,37.3
1347,D,0,1,10,7.4,8.4,8.2,73.3
1348,A,1,1,5.7,9.7,7.6,8.4,85.7
1348,B,1,0,10,6.1,7.2,6.5,66.3
1348,C,1,0,6.8,8.4,8.6,7.5,68.8
1348,D,1,0,8.3,6.7,8.7,8.4,70.2
1349,A,0,0,6.2,7.0,4.4,7.0,41.0
1349,B,0,0,7.5,6.1,8.3,6.6,47.5
1349,C,1,0,7.0,7.2,7.1,8.1,65.7
1349,D,0,0,9.4,9.4,9.8,6.7,58.8
1350,A,0,0,7.6,8.9,6.0,6.5,48.3
1350,B,1,0,8.6,4.2,5.1,6.7,57.7
1350,C,0,1,4.5,6.3,6.5,6.6,56.5
1350,D,1,0,7.1,5.4,6.3,4.5,55.5
1351,A,0,1,7.6,6.2,7.3,6.2,62.2
1351,B,0,1,8.8,8.4,6.3,6.5,66.7
1351,C,0,0,7.9,6.0,6.6,6.6,45.2
1351,D,0,1,6.6,6.2,6.9,8.6,63.8
1352,A,1,1,6.4,5.3,5.1,7.7,74.2
1352,B,1,1,8.8,10,6.1,7.0,86.5
1352,C,1,1,6.8,7.7,6.4,7.3,80.3
1352,D,1,1,9.0,8.9,9.3,8.7,93.2
1353,A,1,0,8.6,7.7,6.8,5.1,63.7
1353,B,1,0,4.8,6.2,9.7,7.8,64.2
1353,C,0,0,2.9,5.9,8.5,7.1,40.7
1353,D,1,1,10,8.2,8.6,6.1,88.2
1354,A,0,0,9.5,7.3,7.3,5.7,49.7
1354,B,1,0,8.6,7.6,5.4,6.7,63.8
1354,C,0,1,8.0,7.5,7.9,5.5,64.8
1354,D,1,1,6.8,8.9,6.2,6.5,80.7
1355,A,1,0,8.3,6.0,6.2,5.2,59.5
1355,B,1,0,7.3,9.3,7.6,5.9,66.8
1355,C,0,0,8.6,5.4,7.1,4.8,43.2
1355,D,1,0,8.9,8.7,7.3,6.1,68.3
1356,A,1,1,8.7,8.8,8.2,7.3,88.3
1356,B,1,1,7.5,8.7,9.4,6.3,86.5
1356,C,1,1,6.9,6.3,4.3,6.0,72.5
1356,D,1,1,8.7,9.6,6.5,6.1,84.8
1357,A,1,1,6.7,8.4,3.4,8.2,77.8
1357,B,0,1,9.7,8.8,10,4.7,72.0
1357,C,1,1,6.3,6.9,7.1,6.4,77.8
1357,D,1,1,8.7,7.9,8.7,7.8,88.5
1358,A,1,0,7.6,7.7,8.3,6.7,67.2
1358,B,1,1,7.7,7.9,7.4,8.2,85.3
1358,C,1,0,9.2,7.4,5.9,6.3,64.7
1358,D,1,0,7.8,8.5,8.0,5.3,66.0
1359,A,1,1,6.8,6.7,7.7,6.2,79.0
1359,B,1,0,7.6,5.3,6.2,5.2,57.2
1359,C,0,1,4.6,6.2,7.5,7.8,60.2
1359,D,1,1,10,10,8.9,6.0,91.5
1360,A,0,0,6.4,10,8.2,3.7,47.2
1360,B,1,1,8.9,7.3,6.0,7.0,82.0
1360,C,1,0,5.5,5.7,7.5,7.2,59.8
1360,D,0,1,10,8.3,7.4,5.1,68.0
1361,A,0,0,7.0,8.0,7.4,4.8,45.3
1361,B,1,0,9.3,6.6,7.2,5.7,64.7
1361,C,1,1,6.3,7.7,7.0,5.9,78.2
1361,D,0,1,7.6,8.3,5.4,6.3,62.7
1362,A,0,0,8.0,7.7,6.9,7.1,49.5
1362,B,0,0,7.1,6.5,7.7,7.3,47.7
1362,C,1,1,7.5,4.1,7.4,7.9,78.2
1362,D,1,1,8.7,8.7,6.9,7.6,86.5
1363,A,0,1,7.7,8.2,4.0,8.0,63.2
1363,B,1,1,7.5,8.0,8.9,8.5,88.2
1363,C,1,0,6.1,7.1,7.2,8.0,64.0
1363,D,1,0,6.6,7.2,5.1,6.8,59.5
1364,A,1,1,8.3,8.3,8.1,4.8,82.5
1364,B,1,1,9.2,6.9,8.3,8.4,88.0
1364,C,0,0,7.9,6.7,7.8,6.3,47.8
1364,D,1,1,8.0,10,8.9,7.4,90.5
1365,A,1,0,8.0,9.7,7.4,6.8,69.8
1365,B,1,0,8.4,7.5,8.4,6.6,68.2
1365,C,1,0,8.3,8.8,7.3,9.7,73.5
1365,D,1,0,9.3,9.4,7.9,5.8,70.7
1366,A,1,0,9.5,9.7,7.1,6.1,70.7
1366,B,1,0,6.8,5.9,7.5,6.0,60.3
1366,C,1,1,5.7,7.9,9.0,5.1,79.5
1366,D,0,0,5.4,7.8,7.1,7.1,45.7
1367,A,1,0,7.5,10,7.1,7.2,69.7
1367,B,1,0,7.7,7.1,7.3,6.5,64.3
1367,C,1,1,7.3,5.1,6.6,5.1,73.5
1367,D,1,1,8.1,8.8,6.5,8.0,85.7
1368,A,0,0,7.2,7.6,9.5,4.7,48.3
1368,B,1,1,8.1,6.6,7.0,6.4,80.2
1368,C,0,1,8.4,7.9,5.3,6.7,63.8
1368,D,1,0,8.9,9.2,7.8,10,76.5
1369,A,1,0,8.0,9.8,7.5,3.5,64.7
1369,B,0,1,9.6,9.8,7.9,4.5,69.7
1369,C,1,0,5.3,6.5,9.2,6.8,63.0
1369,D,1,1,7.7,9.6,9.2,7.7,90.3
1370,A,0,1,7.2,9.3,6.6,6.2,65.5
1370,B,0,0,7.8,4.4,7.1,7.0,43.8
1370,C,1,0,4.8,5.4,9.3,6.7,60.3
1370,D,0,1,7.6,9.0,7.3,6.9,68.0
1371,A,1,0,6.2,5.4,6.0,6.7,57.2
1371,B,1,0,9.5,4.6,7.0,5.6,61.2
1371,C,0,0,8.4,9.3,4.0,7.4,48.5
1371,D,1,0,6.3,8.6,7.7,6.8,65.7
1372,A,1,0,8.2,7.0,5.6,3.6,57.3
1372,B,1,1,7.0,9.0,8.1,6.7,84.7
1372,C,1,0,5.0,6.5,8.9,5.0,59.0
1372,D,1,0,8.9,10,7.8,7.8,74.2
1373,A,0,1,8.3,8.1,6.3,7.6,67.2
1373,B,0,1,6.0,8.0,8.0,5.1,61.8
1373,C,1,0,8.9,5.8,4.9,7.1,61.2
1373,D,1,0,5.3,6.1,10,7.7,65.2
1374,A,1,0,8.5,8.1,9.0,4.9,67.5
1374,B,1,1,7.1,6.4,6.7,7.7,79.8
1374,C,1,1,6.7,7.9,6.1,5.5,77.0
1374,D,1,0,9.2,9.2,6.6,8.7,72.8
1375,A,1,1,4.8,7.0,6.1,6.5,74.0
1375,B,1,0,8.7,7.8,8.1,5.9,67.5
1375,C,1,0,6.1,7.5,8.3,8.7,67.7
1375,D,1,1,9.0,9.3,9.6,8.7,94.3
1376,A,1,1,6.5,8.1,6.7,7.3,81.0
1376,B,1,0,7.3,7.5,7.9,5.7,64.0
1376,C,1,0,7.2,6.7,5.8,5.9,59.3
1376,D,1,1,8.3,6.9,7.7,7.6,84.2
1377,A,1,0,7.6,6.2,6.3,8.8,64.8
1377,B,1,0,7.6,6.4,7.8,6.4,63.7
1377,C,1,1,6.5,5.7,8.8,6.3,78.8
1377,D,1,1,7.9,7.3,8.6,6.6,84.0
1378,A,1,1,9.0,8.8,6.7,7.3,86.3
1378,B,1,0,9.2,6.7,7.1,7.0,66.7
1378,C,1,0,6.4,7.4,6.2,6.4,60.7
1378,D,1,0,6.0,7.7,6.9,8.0,64.3
1379,A,1,0,5.3,7.3,5.5,5.5,56.0
1379,B,1,0,7.8,9.7,6.8,5.6,66.5
1379,C,1,1,5.2,6.9,7.5,6.2,76.3
1379,D,1,0,9.6,10,8.0,8.6,77.0
1380,A,1,1,7.6,8.2,5.9,4.7,77.3
1380,B,1,0,8.0,7.5,5.0,4.5,58.3
1380,C,1,1,5.3,8.4,5.8,7.8,78.8
1380,D,1,0,7.6,7.9,7.4,6.8,66.2
1381,A,0,1,7.3,8.0,5.9,8.4,66.0
1381,B,1,1,10.0,8.0,7.2,7.2,87.3
1381,C,0,0,5.7,6.1,6.1,5.7,39.3
1381,D,1,0,9.6,8.6,7.3,3.5,65.0
1382,A,1,0,7.1,9.6,8.1,6.3,68.5
1382,B,0,1,7.8,6.6,6.7,6.4,62.5
1382,C,1,0,6.2,5.3,6.9,8.1,60.8
1382,D,1,1,8.2,7.5,5.0,4.9,76.0
1383,A,1,0,6.8,9.2,8.2,6.0,67.0
1383,B,1,0,3.7,6.1,6.1,7.1,55.0
1383,C,1,0,7.7,7.2,8.4,8.9,70.3
1383,D,1,0,7.9,9.9,8.9,5.7,70.7
1384,A,0,0,7.3,8.4,6.0,7.6,48.8
1384,B,1,1,8.9,6.1,7.2,7.3,82.5
1384,C,0,1,7.3,3.9,6.7,8.5,60.7
1384,D,0,1,9.4,7.6,7.7,6.5,68.7
1385,A,1,1,9.3,8.0,6.0,5.9,82.0
1385,B,1,0,6.1,7.1,6.3,6.5,60.0
1385,C,1,0,4.7,7.4,6.2,6.4,57.8
1385,D,1,1,7.3,7.7,6.8,6.1,79.8
1386,A,1,0,8.5,8.8,7.9,5.2,67.3
1386,B,0,1,5.2,6.3,9.2,4.5,58.7
1386,C,1,0,7.0,5.2,6.1,7.0,58.8
1386,D,1,0,6.0,7.8,8.2,7.5,65.8
1387,A,1,1,7.4,9.4,9.1,7.9,89.7
1387,B,0,0,7.0,7.2,7.1,6.2,45.8
1387,C,1,1,7.3,5.7,6.9,5.2,75.2
1387,D,1,1,7.6,10,6.5,5.0,81.8
1388,A,1,1,9.2,6.3,7.2,5.9,81.0
1388,B,1,0,10,7.2,7.7,6.9,69.7
1388,C,1,0,8.2,6.9,4.7,7.8,62.7
1388,D,1,0,9.2,9.0,7.6,5.3,68.5
1389,A,1,1,6.8,7.7,6.4,7.1,80.0
1389,B,1,0,9.6,8.5,6.2,4.7,65.0
1389,C,0,0,5.3,4.6,7.0,6.6,39.2
1389,D,1,1,8.4,9.5,9.2,7.3,90.7
1390,A,1,1,7.8,8.2,6.7,7.1,83.0
1390,B,1,1,6.8,7.5,7.5,4.4,77.0
1390,C,0,0,2.5,6.1,6.3,8.4,38.8
1390,D,1,1,8.5,6.6,6.5,8.4,83.3
1391,A,1,0,7.2,7.2,7.0,5.4,61.3
1391,B,1,0,9.0,6.5,10.0,6.6,70.2
1391,C,1,1,6.9,5.0,6.6,7.5,76.7
1391,D,1,1,6.6,8.5,7.5,9.2,86.3
1392,A,0,0,7.1,8.2,7.5,7.4,50.3
1392,B,1,0,7.0,9.0,8.1,7.5,69.3
1392,C,1,0,7.4,8.0,8.6,6.1,66.8
1392,D,1,1,6.0,9.7,7.7,8.2,86.0
1393,A,1,1,7.2,6.7,7.2,8.1,82.0
1393,B,1,1,7.9,5.8,7.1,7.2,80.0
1393,C,0,0,7.0,7.3,7.4,7.1,48.0
1393,D,1,1,7.1,8.6,5.9,8.9,84.2
1394,A,1,0,7.9,8.8,6.2,6.0,64.8
1394,B,0,0,8.5,7.6,8.8,6.9,53.0
1394,C,1,0,7.6,6.4,7.1,6.0,61.8
1394,D,0,1,9.3,7.0,6.6,7.1,66.7
1395,A,1,1,5.9,7.0,7.6,6.8,78.8
1395,B,0,0,7.3,8.1,9.5,7.9,54.7
1395,C,1,1,5.4,7.9,8.7,8.6,84.3
1395,D,0,0,6.1,8.9,8.1,8.6,52.8
1396,A,1,0,7.7,8.7,8.6,6.1,68.5
1396,B,1,1,8.2,5.3,7.3,6.2,78.3
1396,C,0,0,7.0,7.4,8.4,7.2,50.0
1396,D,1,1,8.6,9.8,7.7,8.3,90.7
1397,A,0,0,6.9,8.8,6.9,6.3,48.2
1397,B,1,1,9.2,7.2,7.4,8.7,87.5
1397,C,1,1,5.7,6.3,8.7,7.0,79.5
1397,D,1,1,7.9,5.6,8.5,6.6,81.0
1398,A,0,1,6.1,8.7,9.5,8.8,71.8
1398,B,1,0,6.0,8.4,7.8,6.3,64.2
1398,C,1,0,7.6,6.8,6.8,6.7,63.2
1398,D,1,1,9.9,9.0,9.0,7.5,92.3
1399,A,1,0,9.2,7.7,7.6,7.2,69.5
1399,B,1,1,6.9,3.9,7.8,7.0,76.0
1399,C,0,0,7.4,4.1,8.5,6.4,44.0
1399,D,1,0,6.4,9.3,9.4,8.1,72.0
1400,A,1,0,7.3,9.4,7.5,7.3,69.2
1400,B,1,0,9.7,8.1,6.5,6.5,68.0
1400,C,1,0,5.4,7.0,6.6,8.6,62.7
1400,D,1,1,10,8.8,9.3,6.7,91.3
1401,A,1,0,8.3,8.6,6.2,4.9,63.3
1401,B,1,1,7.9,7.5,8.2,7.0,84.3
1401,C,0,0,7.1,4.7,7.4,5.3,40.8
1401,D,1,0,8.6,7.4,9.7,7.6,72.2
1402,A,1,0,6.5,9.4,7.1,7.6,67.7
1402,B,1,1,9.0,9.2,7.9,7.9,90.0
1402,C,1,0,6.4,6.5,8.8,7.1,64.7
1402,D,1,0,7.5,5.0,8.4,7.6,64.2
1403,A,1,1,7.8,7.6,7.6,6.8,83.0
1403,B,1,1,8.2,9.2,7.8,6.3,85.8
1403,C,0,1,5.0,6.4,6.2,8.8,60.7
1403,D,0,1,7.4,7.4,5.9,7.2,63.2
1404,A,0,0,7.1,8.2,7.4,5.4,46.8
1404,B,0,1,9.6,7.3,10,6.9,73.0
1404,C,1,0,6.2,7.0,5.9,9.6,64.5
1404,D,1,1,8.0,7.2,6.9,8.9,85.0
1405,A,1,0,7.5,10,6.5,7.3,68.8
1405,B,1,1,7.5,7.4,7.8,7.6,83.8
1405,C,1,1,5.1,5.7,6.9,9.1,78.0
1405,D,1,1,8.0,5.8,7.4,6.2,79.0
1406,A,1,0,6.9,5.4,4.8,7.5,57.7
1406,B,0,0,7.2,5.4,7.6,8.0,47.0
1406,C,0,0,6.3,5.5,6.6,6.3,41.2
1406,D,0,1,9.3,7.7,7.1,7.2,68.8
1407,A,0,1,7.4,9.0,6.8,5.1,63.8
1407,B,0,0,8.6,7.9,9.6,5.4,52.5
1407,C,1,0,7.8,6.3,6.7,6.0,61.3
1407,D,0,0,7.9,10,9.8,7.4,58.5
1408,A,1,0,6.5,5.9,8.1,7.6,63.5
1408,B,1,1,7.3,5.8,7.6,8.1,81.3
1408,C,0,0,6.5,4.8,4.9,6.7,38.2
1408,D,1,1,6.4,9.2,7.9,7.0,84.2
1409,A,1,0,6.8,6.7,6.2,7.0,61.2
1409,B,1,1,8.4,8.3,8.8,8.1,89.3
1409,C,1,1,4.8,6.2,6.4,6.2,72.7
1409,D,1,0,6.0,7.8,6.5,7.1,62.3
1410,A,0,1,9.3,8.4,9.0,5.7,70.7
1410,B,0,1,7.4,7.1,8.8,7.9,68.7
1410,C,0,0,6.2,5.7,5.0,4.5,35.7
1410,D,1,1,7.0,10,10,5.7,87.8
1411,A,1,0,7.3,9.5,8.2,4.7,66.2
1411,B,1,0,8.5,6.7,6.0,7.4,64.3
1411,C,0,0,5.8,6.4,7.3,6.2,42.8
1411,D,1,0,8.1,10,6.6,6.6,68.8
1412,A,1,1,7.3,6.2,5.4,3.6,70.8
1412,B,0,0,10,9.9,6.8,5.4,53.5
1412,C,1,0,8.0,6.4,8.6,6.0,65.0
1412,D,1,1,9.2,7.9,9.4,5.7,87.0
1413,A,1,1,7.8,8.2,6.7,5.1,79.7
1413,B,0,0,8.1,6.8,7.1,6.0,46.7
1413,C,0,1,5.4,7.3,6.0,8.0,61.2
1413,D,0,1,7.9,8.8,9.1,7.9,72.8
1414,A,1,1,8.7,8.5,6.6,6.4,83.7
1414,B,1,1,8.0,9.5,5.9,7.6,85.0
1414,C,0,0,7.3,5.1,4.4,6.1,38.2
1414,D,1,0,7.7,8.5,7.1,8.5,69.7
1415,A,1,1,7.9,7.6,5.4,7.4,80.5
1415,B,1,1,8.5,4.5,6.5,8.4,79.8
1415,C,1,0,6.0,5.8,6.0,5.3,55.2
1415,D,1,1,6.9,7.7,6.8,5.1,77.5
1416,A,1,0,4.2,6.5,5.8,4.6,51.8
1416,B,1,0,8.2,7.3,8.0,6.7,67.0
1416,C,1,1,5.8,4.5,8.2,7.9,77.3
1416,D,1,1,9.1,8.4,7.6,8.3,89.0
1417,A,1,1,8.0,7.2,9.1,6.6,84.8
1417,B,0,1,9.5,8.6,9.1,8.4,76.0
1417,C,0,1,5.5,7.5,6.5,6.0,59.2
1417,D,0,1,7.5,8.6,7.4,7.1,67.7
1418,A,1,1,7.0,5.7,6.8,8.9,80.7
1418,B,1,1,6.7,6.3,7.9,6.2,78.5
1418,C,1,0,7.7,5.8,7.0,7.7,63.7
1418,D,1,1,7.9,9.1,8.9,6.6,87.5
1419,A,0,0,7.7,8.5,5.0,6.1,45.5
1419,B,1,1,7.8,5.9,7.2,5.0,76.5
1419,C,1,0,8.3,6.4,9.3,7.7,69.5
1419,D,0,0,6.3,9.6,7.5,4.9,47.2
1420,A,0,0,5.5,7.5,7.9,5.0,43.2
1420,B,1,0,9.7,4.7,9.5,6.0,66.5
1420,C,1,1,7.0,7.7,6.4,6.2,78.8
1420,D,1,1,10,10,7.1,6.5,89.3
1421,A,0,0,7.1,7.5,6.4,6.3,45.5
1421,B,1,1,7.6,6.6,10,6.3,84.2
1421,C,0,0,4.0,4.7,6.9,6.4,36.7
1421,D,1,0,8.4,7.7,8.0,9.1,72.0
1422,A,1,1,7.6,6.2,7.2,5.6,77.7
1422,B,1,1,6.6,7.7,9.7,7.5,85.8
1422,C,0,0,4.9,5.7,8.5,4.9,40.0
1422,D,1,0,7.0,7.8,9.9,7.1,69.7
1423,A,1,0,7.0,7.8,7.4,6.4,64.3
1423,B,1,1,10,9.5,7.0,6.7,88.7
1423,C,0,0,7.7,8.4,5.1,6.2,45.7
1423,D,1,0,8.7,8.4,8.4,6.0,69.2
1424,A,0,1,8.5,7.9,4.3,6.4,61.8
1424,B,1,0,8.3,7.5,9.2,6.0,68.3
1424,C,1,0,6.3,4.8,4.9,6.9,54.8
1424,D,1,0,8.8,8.6,8.6,7.8,73.0
1425,A,1,0,8.0,6.9,8.5,6.2,66.0
1425,B,1,0,10,9.6,5.5,6.9,70.0
1425,C,0,0,7.4,5.6,6.8,9.1,48.2
1425,D,1,1,8.8,9.6,9.0,7.6,91.7
1426,A,1,1,7.1,6.2,7.0,4.5,74.7
1426,B,0,0,9.7,7.2,7.4,5.2,49.2
1426,C,0,0,5.5,6.3,6.7,5.9,40.7
1426,D,1,1,10,10,8.7,5.8,90.8
1427,A,1,1,9.2,9.5,5.6,9.1,89.0
1427,B,0,0,6.4,8.4,8.5,6.3,49.3
1427,C,0,0,7.5,4.2,6.9,10,47.7
1427,D,1,1,9.1,7.5,8.2,6.3,85.2
1428,A,1,0,6.6,7.3,4.7,8.3,61.5
1428,B,0,0,9.6,6.0,7.6,5.6,48.0
1428,C,0,1,6.2,4.4,7.7,7.0,58.8
1428,D,0,0,8.3,8.0,7.4,8.0,52.8
1429,A,1,0,8.5,9.2,5.4,5.3,64.0
1429,B,1,1,7.2,5.9,8.8,6.0,79.8
1429,C,0,0,5.3,5.0,5.3,5.1,34.5
1429,D,1,0,7.8,5.6,7.1,6.8,62.2
1430,A,1,1,7.1,10,6.5,7.8,85.7
1430,B,1,0,8.3,9.0,7.1,4.7,65.2
1430,C,1,0,6.3,6.2,6.7,6.4,59.3
1430,D,1,0,10,7.4,7.3,8.2,71.5
1431,A,1,1,7.7,6.4,6.9,5.3,77.2
1431,B,0,1,8.1,6.6,10,5.4,66.8
1431,C,0,1,4.6,6.8,6.1,6.6,56.8
1431,D,1,1,10,8.7,7.4,8.6,91.2
1432,A,1,1,8.1,6.9,6.6,6.4,80.0
1432,B,0,0,8.8,8.0,7.4,6.9,51.8
1432,C,1,0,6.1,7.2,7.8,7.8,64.8
1432,D,0,1,9.0,8.7,5.3,7.1,66.8
1433,A,1,1,7.5,8.2,7.3,6.0,81.7
1433,B,1,1,8.8,9.5,5.2,6.5,83.3
1433,C,1,0,6.2,6.7,10,7.6,67.5
1433,D,1,1,8.7,7.2,9.7,6.4,86.7
1434,A,1,0,7.0,7.5,9.2,6.6,67.2
1434,B,1,1,6.8,7.6,7.3,6.7,80.7
1434,C,1,0,6.6,7.8,7.2,4.8,60.7
1434,D,0,1,7.9,8.4,5.9,5.3,62.5
1435,A,0,0,7.6,5.8,6.9,5.6,43.2
1435,B,1,0,7.4,8.3,6.7,5.0,62.3
1435,C,1,0,6.9,5.1,5.3,10,62.2
1435,D,1,1,7.7,7.8,6.6,10.0,86.8
1436,A,1,0,9.3,8.3,7.4,5.9,68.2
1436,B,0,0,8.1,6.0,6.8,5.7,44.3
1436,C,1,0,8.8,7.1,4.9,9.4,67.0
1436,D,1,0,9.2,9.6,7.8,7.1,72.8
1437,A,1,0,9.2,8.7,7.0,6.7,69.3
1437,B,1,1,8.2,8.4,7.9,7.1,86.0
1437,C,1,0,8.3,7.0,6.9,3.8,60.0
1437,D,1,0,7.9,8.5,7.7,7.1,68.7
1438,A,1,0,7.4,6.3,6.5,5.6,59.7
1438,B,1,0,7.3,5.8,6.2,6.8,60.2
1438,C,0,0,5.3,2.8,5.9,9.7,39.5
1438,D,1,0,6.9,9.7,6.0,6.7,65.5
1439,A,0,1,6.8,10,7.1,6.1,66.7
1439,B,0,0,7.3,6.4,10.0,3.7,45.7
1439,C,0,0,4.7,5.7,6.7,6.4,39.2
1439,D,1,1,7.6,8.3,10,8.4,90.5
1440,A,0,0,7.5,6.9,6.5,4.9,43.0
1440,B,1,0,7.9,5.9,8.2,7.8,66.3
1440,C,0,1,5.1,5.0,6.9,7.0,56.7
1440,D,1,1,8.6,8.6,8.6,7.9,89.5
1441,A,1,0,7.2,10,6.7,5.9,66.3
1441,B,1,1,6.8,8.1,8.8,8.7,87.3
1441,C,1,1,3.9,8.2,3.2,6.7,70.0
1441,D,1,1,9.0,7.5,9.1,7.7,88.8
1442,A,1,1,9.7,8.8,7.5,7.4,89.0
1442,B,0,0,7.2,7.4,6.6,7.3,47.5
1442,C,0,0,5.4,7.0,5.9,8.5,44.7
1442,D,1,0,8.3,8.9,5.8,5.7,64.5
1443,A,1,1,8.2,8.5,6.4,7.0,83.5
1443,B,0,1,8.7,8.2,8.6,6.5,70.0
1443,C,1,1,7.2,6.8,5.4,6.7,76.8
1443,D,0,0,9.0,8.8,9.3,6.4,55.8
1444,A,0,0,7.7,6.5,6.7,6.8,46.2
1444,B,0,0,8.3,7.7,10,5.1,51.8
1444,C,1,1,6.9,5.4,7.1,5.2,74.3
1444,D,1,1,7.5,8.3,7.5,5.9,82.0
1445,A,1,0,8.8,9.7,4.5,6.9,66.5
1445,B,1,1,7.6,5.8,8.4,7.1,81.5
1445,C,1,1,5.7,4.8,6.1,6.5,71.8
1445,D,0,1,7.2,7.4,8.5,6.7,66.3
1446,A,0,1,9.5,10,7.4,5.1,70.0
1446,B,1,1,7.0,8.2,6.7,5.3,78.7
1446,C,1,1,6.7,5.2,6.4,7.0,75.5
1446,D,1,1,7.7,8.8,6.7,8.5,86.2
1447,A,0,1,7.6,7.0,4.5,6.4,59.2
1447,B,0,1,8.0,7.4,8.7,9.0,71.8
1447,C,0,0,5.1,9.2,6.7,7.9,48.2
1447,D,1,1,6.0,7.3,10,4.8,80.2
1448,A,0,0,6.9,8.4,7.8,7.1,50.3
1448,B,1,1,7.7,7.7,7.3,6.6,82.2
1448,C,1,1,6.9,2.8,7.1,6.9,72.8
1448,D,1,0,10,5.5,8.3,5.5,65.5
1449,A,1,1,9.3,8.9,8.3,6.7,88.7
1449,B,1,1,8.3,9.4,7.8,7.5,88.3
1449,C,1,0,6.5,8.2,5.6,8.7,65.0
1449,D,1,1,7.5,8.4,7.5,6.8,83.7
1450,A,1,0,8.6,8.6,5.8,6.9,66.5
1450,B,0,0,6.5,7.3,5.8,6.5,43.5
1450,C,1,1,6.7,4.0,6.9,6.7,73.8
1450,D,1,1,7.5,7.4,7.7,8.5,85.2
1451,A,0,0,7.0,7.4,9.6,6.4,50.7
1451,B,1,0,10,7.7,8.9,6.1,71.2
1451,C,0,1,5.1,4.0,5.8,6.6,52.5
1451,D,0,0,6.7,10,9.0,6.7,54.0
1452,A,0,0,7.8,8.4,4.8,7.6,47.7
1452,B,1,1,6.0,7.6,9.4,6.2,82.0
1452,C,0,0,5.7,7.1,7.1,6.2,43.5
1452,D,1,1,7.0,9.0,5.2,8.0,82.0
1453,A,1,1,7.3,8.2,5.6,4.8,76.5
1453,B,0,0,9.0,6.8,5.7,8.3,49.7
1453,C,1,1,7.1,6.0,6.5,7.3,78.2
1453,D,1,1,9.7,8.3,7.3,4.6,83.2
1454,A,1,1,9.2,6.5,6.4,6.9,81.7
1454,B,1,0,7.8,6.9,7.4,8.4,67.5
1454,C,1,0,6.3,7.0,7.8,7.6,64.5
1454,D,0,1,9.5,10,6.2,4.7,67.3
1455,A,1,0,8.4,8.1,6.1,8.7,68.8
1455,B,1,0,7.2,8.4,7.1,7.6,67.2
1455,C,1,0,5.0,7.4,8.8,7.1,63.8
1455,D,1,1,6.4,7.7,7.5,6.1,79.5
1456,A,1,1,8.3,6.9,7.0,4.8,78.3
1456,B,1,0,5.7,8.5,8.4,4.7,62.2
1456,C,1,0,6.5,7.3,7.1,7.2,63.5
1456,D,1,0,8.2,7.3,9.7,7.5,71.2
1457,A,1,0,8.6,8.0,6.1,5.7,64.0
1457,B,0,1,7.9,7.2,8.7,5.8,66.0
1457,C,0,0,6.1,5.1,5.9,5.9,38.3
1457,D,1,1,7.4,8.6,7.3,7.6,84.8
1458,A,1,1,7.3,7.7,7.6,7.7,83.8
1458,B,0,0,6.6,9.3,8.6,7.1,52.7
1458,C,0,0,5.5,6.1,6.3,6.4,40.5
1458,D,1,1,7.6,8.2,8.9,8.8,89.2
1459,A,0,1,6.8,8.4,7.1,7.8,66.8
1459,B,0,0,7.9,7.4,7.1,6.2,47.7
1459,C,0,0,6.0,2.8,6.2,8.6,39.3
1459,D,1,0,8.8,9.1,7.5,8.7,73.5
1460,A,1,0,5.5,8.1,4.3,7.6,59.2
1460,B,1,0,7.5,5.7,8.0,5.8,61.7
1460,C,1,1,5.3,6.2,7.6,8.8,79.8
1460,D,0,1,8.0,7.6,7.2,5.9,64.5
1461,A,0,1,8.0,8.3,5.6,6.1,63.3
1461,B,1,1,4.4,7.0,6.7,7.1,75.3
1461,C,1,0,5.1,6.6,8.0,6.4,60.2
1461,D,1,0,9.2,8.1,9.7,8.6,76.0
1462,A,1,1,8.2,6.8,7.7,6.5,82.0
1462,B,0,0,9.6,8.4,7.2,7.1,53.8
1462,C,0,0,4.3,5.7,5.5,8.3,39.7
1462,D,0,1,8.6,7.0,7.3,5.6,64.2
1463,A,1,1,8.0,8.3,6.8,7.3,84.0
1463,B,0,1,6.7,7.4,8.8,5.2,63.5
1463,C,1,0,7.3,5.6,5.8,9.0,62.8
1463,D,1,1,8.4,7.3,8.9,9.6,90.3
1464,A,1,0,8.4,7.5,7.9,5.9,66.2
1464,B,1,1,7.9,5.9,7.1,6.7,79.3
1464,C,1,0,6.8,8.6,8.2,7.7,68.8
1464,D,1,0,9.6,7.9,6.6,8.3,70.7
1465,A,1,0,7.4,9.3,6.3,5.9,64.8
1465,B,1,0,7.2,7.9,6.7,5.5,62.2
1465,C,0,0,6.1,8.1,5.9,9.3,49.0
1465,D,1,0,8.0,6.8,5.7,6.7,62.0
1466,A,0,1,6.9,6.7,6.8,7.3,62.8
1466,B,1,1,8.9,4.6,6.8,7.3,79.3
1466,C,1,0,6.7,7.3,5.1,7.6,61.2
1466,D,1,0,7.8,10,7.8,4.9,67.5
1467,A,0,1,7.4,8.2,8.2,5.2,65.0
1467,B,1,1,8.6,6.1,5.5,4.9,75.2
1467,C,1,1,7.0,8.6,5.6,7.8,81.7
1467,D,1,1,6.8,8.7,7.0,5.3,79.7
1468,A,0,0,6.4,7.9,5.2,5.1,41.0
1468,B,1,0,7.2,9.3,9.0,7.1,71.0
1468,C,1,1,5.5,7.0,8.7,6.2,79.0
1468,D,1,1,8.4,8.4,8.3,7.1,87.0
1469,A,1,0,6.9,8.9,7.8,7.8,69.0
1469,B,1,1,9.7,8.0,7.9,6.9,87.5
1469,C,1,0,5.8,4.7,5.6,4.6,51.2
1469,D,0,1,7.5,9.9,7.2,7.5,70.2
1470,A,0,0,7.6,9.6,6.4,6.0,49.3
1470,B,0,1,9.5,7.1,5.6,6.6,64.7
1470,C,1,1,4.1,5.9,7.5,7.9,75.7
1470,D,1,0,7.5,7.5,5.5,6.7,62.0
1471,A,1,1,6.4,8.3,8.5,6.4,82.7
1471,B,1,0,9.4,8.4,7.9,8.7,74.0
1471,C,0,1,6.9,6.0,8.0,8.0,64.8
1471,D,1,0,6.6,7.7,9.2,9.4,71.5
1472,A,1,0,8.7,8.7,5.8,5.9,65.2
1472,B,1,1,10,8.4,7.4,8.5,90.5
1472,C,0,1,3.2,4.1,7.8,7.1,53.7
1472,D,0,1,6.9,9.4,8.8,7.6,71.2
1473,A,1,0,8.0,5.0,5.1,4.0,53.5
1473,B,1,0,7.9,10,6.3,7.4,69.3
1473,C,0,0,4.7,6.7,6.4,8.1,43.2
1473,D,1,1,7.5,9.1,7.5,8.3,87.3
1474,A,1,0,6.4,7.8,6.8,6.3,62.2
1474,B,1,1,7.9,6.3,6.7,7.3,80.3
1474,C,0,0,5.1,7.3,6.1,7.4,43.2
1474,D,1,0,7.2,7.9,7.2,7.0,65.5
1475,A,1,1,9.7,8.1,8.1,5.9,86.3
1475,B,0,1,8.7,10,6.4,8.1,72.0
1475,C,0,0,5.9,6.1,8.6,6.7,45.5
1475,D,0,0,8.0,7.3,7.0,6.7,48.3
1476,A,0,1,7.8,8.1,7.3,6.1,65.5
1476,B,1,0,10,9.3,7.3,7.6,73.7
1476,C,1,1,5.8,7.2,8.8,6.9,81.2
1476,D,1,1,8.3,9.0,8.6,7.4,88.8
1477,A,1,0,5.8,7.8,9.9,6.0,65.8
1477,B,1,0,6.6,8.6,8.8,5.9,66.5
1477,C,1,0,8.3,3.6,8.8,6.7,62.3
1477,D,1,1,9.1,7.6,8.3,6.4,85.7
1478,A,1,1,5.6,7.9,5.4,6.5,75.7
1478,B,0,1,6.3,6.1,9.2,6.3,63.2
1478,C,0,1,4.6,6.7,6.6,5.9,56.3
1478,D,1,1,8.1,9.2,6.8,5.8,83.2
1479,A,1,0,7.9,9.8,7.6,4.9,67.0
1479,B,0,0,7.4,8.0,7.3,7.9,51.0
1479,C,1,0,3.6,7.4,4.7,6.2,53.2
1479,D,0,0,5.0,7.9,7.7,6.7,45.5
1480,A,0,0,9.9,7.0,6.4,6.8,50.2
1480,B,1,1,10,6.5,6.6,7.1,83.7
1480,C,1,1,4.6,5.9,4.3,5.3,66.8
1480,D,1,1,8.2,7.9,5.8,4.5,77.3
1481,A,0,1,4.8,9.8,5.6,7.4,62.7
1481,B,1,0,7.7,8.1,9.4,6.6,69.7
1481,C,1,1,6.4,6.1,6.5,7.2,77.0
1481,D,1,1,8.7,8.8,8.7,8.1,90.5
1482,A,0,0,5.8,8.6,8.1,4.7,45.3
1482,B,1,1,7.5,7.0,6.9,8.4,83.0
1482,C,0,0,7.1,5.3,7.8,7.1,45.5
1482,D,1,0,7.9,7.9,8.6,7.2,69.3
1483,A,1,0,7.8,8.1,7.0,8.0,68.2
1483,B,1,1,8.4,7.4,8.9,5.5,83.7
1483,C,0,0,7.5,8.1,7.4,6.7,49.5
1483,D,1,1,8.8,9.2,8.2,7.6,89.7
1484,A,1,1,6.7,10,7.3,6.3,83.8
1484,B,1,1,8.8,9.7,7.9,7.3,89.5
1484,C,0,0,8.8,6.8,5.8,8.1,49.2
1484,D,1,0,7.4,9.2,6.6,6.1,65.5
1485,A,1,0,6.6,8.5,8.2,8.6,69.8
1485,B,1,1,6.3,8.0,7.1,7.1,80.8
1485,C,1,0,5.1,6.1,5.4,7.8,57.3
1485,D,1,0,10,9.0,9.6,8.4,78.3
1486,A,1,0,6.6,8.2,7.0,5.0,61.3
1486,B,1,0,7.0,7.0,9.5,6.3,66.3
1486,C,1,1,6.7,6.9,4.6,6.4,74.3
1486,D,1,0,10,6.3,8.1,7.0,69.0
1487,A,1,1,8.3,6.4,6.8,5.9,79.0
1487,B,1,0,10,7.9,7.8,7.5,72.0
1487,C,0,1,4.2,5.8,5.7,7.2,54.8
1487,D,1,1,7.7,10,7.6,7.8,88.5
1488,A,1,1,9.6,9.9,7.0,8.6,91.8
1488,B,1,0,7.3,6.8,7.3,6.8,63.7
1488,C,1,1,7.0,8.2,5.6,6.6,79.0
1488,D,0,0,8.3,5.8,9.6,4.6,47.2
1489,A,1,1,8.0,8.1,6.9,6.3,82.2
1489,B,0,0,7.5,7.2,8.0,5.9,47.7
1489,C,1,0,7.9,4.8,6.0,7.4,60.2
1489,D,1,1,9.3,7.6,8.1,8.8,89.7
1490,A,1,0,7.9,7.3,6.0,6.2,62.3
1490,B,1,0,7.2,6.0,9.9,3.3,60.7
1490,C,0,1,4.8,7.0,10,7.5,65.5
1490,D,1,0,9.1,9.8,6.7,8.3,73.2
1491,A,1,0,10,7.6,7.3,7.2,70.2
1491,B,1,0,6.0,7.6,8.1,7.9,66.0
1491,C,0,0,6.2,7.6,6.9,7.0,46.2
1491,D,1,1,6.6,8.3,9.1,5.9,83.2
1492,A,1,1,8.3,9.0,8.3,7.9,89.2
1492,B,1,0,7.3,5.9,10,5.9,65.2
1492,C,1,0,7.5,5.9,6.3,8.4,63.5
1492,D,1,0,6.8,8.4,6.9,10,70.2
1493,A,1,1,6.6,7.6,5.9,6.2,77.2
1493,B,1,1,7.5,8.3,7.9,7.5,85.3
1493,C,1,0,7.7,5.4,7.7,10,68.0
1493,D,1,1,8.9,9.4,5.5,6.2,83.3
1494,A,1,1,5.6,7.3,8.0,6.3,78.7
1494,B,0,1,8.4,7.1,7.9,8.1,69.2
1494,C,0,1,9.3,4.2,8.1,6.3,63.2
1494,D,1,1,9.0,10,9.0,5.6,89.3
1495,A,1,0,7.7,7.5,6.7,6.0,63.2
1495,B,0,1,9.6,6.8,7.7,5.1,65.3
1495,C,1,1,7.7,7.6,7.8,7.1,83.7
1495,D,1,0,6.5,8.1,9.5,8.1,70.3
1496,A,0,1,8.0,7.9,5.0,6.6,62.5
1496,B,1,0,9.8,7.1,7.3,4.5,64.5
1496,C,0,0,8.5,5.3,7.4,6.6,46.3
1496,D,1,1,8.3,7.2,10,5.4,84.8
1497,A,1,0,7.8,6.2,5.1,7.8,61.5
1497,B,1,1,5.6,7.7,7.3,6.8,79.0
1497,C,0,1,5.7,5.6,9.2,6.7,62.0
1497,D,0,1,6.8,8.4,6.4,6.9,64.2
1498,A,1,1,8.5,7.9,8.5,7.8,87.8
1498,B,0,1,8.8,7.2,7.1,6.3,65.7
1498,C,0,1,3.7,6.6,6.7,6.5,55.8
1498,D,1,0,6.6,9.2,9.0,8.5,72.2
1499,A,1,1,6.5,6.2,6.2,6.5,75.7
1499,B,0,1,8.2,7.0,6.4,7.0,64.3
1499,C,0,0,4.8,6.3,6.6,7.9,42.7
1499,D,1,1,8.5,9.1,7.4,6.1,85.2
1500,A,0,0,6.7,9.7,7.0,6.9,50.5
1500,B,0,1,9.1,7.9,8.3,7.2,70.8
1500,C,1,0,7.1,8.3,7.6,5.4,64.0
1500,D,1,1,9.2,8.5,8.5,7.3,89.2
