respondent_id,variant_id,visit_intent_pct,basket_intent_pct,convenience,differentiation,value,trust,respondent_composite_0_100
1,A,1,0,8.5,5.4,3.2,5.7,54.7
1,B,1,1,6.5,9.2,6.8,6.9,82.3
1,C,1,0,5.0,3.9,9.5,6.2,57.7
1,D,1,0,7.1,7.4,7.5,7.5,65.8
2,A,1,1,7.5,6.0,2.2,7.5,72.0
2,B,1,1,7.1,9.1,6.5,8.4,85.2
2,C,1,0,9.0,4.4,7.4,5.9,61.2
2,D,1,1,7.7,7.1,7.5,8.4,84.5
3,A,0,1,8.6,5.4,6.8,3.2,56.7
3,B,0,0,9.0,7.0,6.8,7.1,49.8
3,C,0,0,7.4,3.8,7.1,7.1,42.3
3,D,1,1,9.8,7.3,8.3,9.3,91.2
4,A,1,0,10,4.4,5.2,5.1,57.8
4,B,0,1,7.9,7.4,6.0,5.8,61.8
4,C,1,0,7.5,3.8,8.3,8.0,62.7
4,D,1,0,6.7,7.4,6.9,8.6,66.0
5,A,1,1,7.7,2.4,4.6,5.9,67.7
5,B,1,1,5.9,6.3,7.2,6.9,77.2
5,C,1,0,6.2,4.0,9.5,4.5,57.0
5,D,1,1,6.1,7.6,6.3,9.1,81.8
6,A,1,0,8.1,6.8,4.3,7.0,60.3
6,B,1,0,6.1,8.6,7.1,9.5,68.8
6,C,1,0,7.2,3.8,6.4,6.3,56.2
6,D,1,1,8.5,6.4,8.2,8.2,85.5
7,A,1,1,9.7,5.1,6.4,5.2,77.3
7,B,1,1,7.6,6.9,6.3,6.8,79.3
7,C,1,1,5.0,6.9,7.9,7.6,79.0
7,D,0,1,7.0,5.4,8.7,8.7,66.3
8,A,1,0,6.8,5.3,6.0,4.8,54.8
8,B,0,1,8.3,6.5,5.8,6.0,61.0
8,C,0,1,6.8,5.7,9.1,6.1,62.8
8,D,1,0,8.6,5.5,7.0,8.6,66.2
9,A,1,1,9.7,5.5,7.0,5.5,79.5
9,B,1,1,4.2,8.6,7.5,7.2,79.2
9,C,0,1,5.1,6.8,9.1,5.8,61.3
9,D,0,1,7.1,4.6,7.6,7.6,61.5
10,A,1,0,6.1,4.1,5.3,6.5,53.3
10,B,1,1,5.3,6.5,7.6,7.8,78.7
10,C,1,0,3.4,7.8,6.6,7.7,59.2
10,D,0,0,6.4,8.0,7.2,7.4,48.3
11,A,1,0,8.8,4.4,6.1,7.9,62.0
11,B,0,0,6.3,6.6,7.2,8.3,47.3
11,C,0,1,5.7,4.7,6.2,5.7,53.8
11,D,0,1,7.8,7.8,8.5,8.0,70.2
12,A,1,0,7.8,4.5,5.0,4.8,53.5
12,B,0,0,6.3,8.0,7.4,7.7,49.0
12,C,1,0,5.1,5.7,9.7,5.8,60.5
12,D,0,1,7.3,8.2,6.2,7.6,65.5
13,A,0,0,10,3.1,6.1,7.3,44.2
13,B,1,1,7.4,7.3,7.2,7.2,81.8
13,C,1,0,3.4,3.5,8.0,5.1,50.0
13,D,1,1,7.9,4.9,6.3,6.8,76.5
14,A,1,0,6.8,4.5,5.3,7.7,57.2
14,B,1,0,6.7,8.7,5.4,8.0,64.7
14,C,0,1,5.5,6.1,6.7,4.7,55.0
14,D,0,0,9.7,7.1,6.9,9.1,54.7
15,A,0,0,8.9,5.9,8.0,6.5,48.8
15,B,1,0,6.4,7.6,5.8,6.3,60.2
15,C,1,0,5.8,5.7,7.6,5.0,56.8
15,D,0,0,8.6,7.8,5.2,8.3,49.8
16,A,0,1,10.0,4.8,7.3,3.2,58.8
16,B,1,1,4.4,8.1,6.6,8.2,78.8
16,C,1,0,7.7,4.6,7.8,6.9,61.7
16,D,1,0,8.7,5.1,6.7,4.7,58.7
17,A,0,1,8.4,6.1,4.9,9.5,64.8
17,B,0,1,7.2,6.2,6.9,7.4,62.8
17,C,1,0,7.5,6.3,7.1,6.7,62.7
17,D,0,0,6.9,6.6,4.4,8.9,44.7
18,A,1,0,9.9,5.1,2.9,4.7,54.3
18,B,0,0,8.2,7.2,7.4,6.3,48.5
18,C,1,1,6.4,4.1,7.2,6.5,73.7
18,D,0,1,7.5,6.6,6.4,7.5,63.3
19,A,1,0,8.7,3.8,7.2,6.2,59.8
19,B,1,1,8.1,8.0,6.7,8.0,84.7
19,C,1,0,6.7,1.8,7.4,5.2,51.8
19,D,0,1,8.5,8.2,5.4,6.3,64.0
20,A,0,0,7.9,4.7,3.8,6.1,37.5
20,B,1,0,8.1,8.7,6.1,9.9,71.3
20,C,1,1,5.8,2.8,10,6.4,75.0
20,D,1,0,8.2,9.5,7.2,9.3,73.7
21,A,1,0,7.9,4.0,7.0,6.0,58.2
21,B,1,0,9.6,8.1,8.4,5.5,69.3
21,C,1,0,3.9,5.1,9.5,5.4,56.5
21,D,1,1,7.0,7.2,8.6,7.0,83.0
22,A,1,0,8.0,4.2,3.9,8.3,57.3
22,B,1,1,5.3,6.2,5.0,7.8,73.8
22,C,1,0,6.5,2.9,7.6,5.1,53.5
22,D,0,1,8.5,7.1,7.8,7.3,67.8
23,A,0,0,6.1,4.2,5.6,4.2,33.5
23,B,0,0,7.4,9.3,5.7,6.4,48.0
23,C,1,0,5.8,4.6,7.8,5.7,56.5
23,D,1,0,8.1,8.3,7.1,7.1,67.7
24,A,0,1,7.1,4.5,3.9,8.1,56.0
24,B,0,0,6.8,10,5.9,7.8,50.8
24,C,0,0,5.8,5.6,6.7,5.8,39.8
24,D,1,0,7.9,8.0,7.2,5.8,64.8
25,A,1,1,7.2,3.3,8.2,5.0,72.8
25,B,0,1,7.1,7.6,5.8,6.5,61.7
25,C,0,1,6.4,5.0,8.7,6.4,60.8
25,D,1,1,6.7,6.4,6.4,6.9,77.3
26,A,0,0,6.2,5.6,4.2,5.7,36.2
26,B,1,1,7.3,7.4,5.1,7.9,79.5
26,C,0,0,7.8,3.8,6.0,6.0,39.3
26,D,1,0,8.3,7.4,9.2,4.1,65.0
27,A,0,0,8.1,5.8,7.5,7.0,47.3
27,B,1,0,5.6,8.9,7.2,9.0,67.8
27,C,1,0,6.7,4.5,6.1,4.7,53.3
27,D,1,0,7.9,9.3,6.1,10,72.2
28,A,1,1,9.2,7.6,4.7,6.0,79.2
28,B,1,0,7.4,8.4,7.7,5.5,65.0
28,C,0,0,7.7,4.9,8.3,6.0,44.8
28,D,1,0,6.4,8.1,4.9,9.3,64.5
29,A,1,0,6.4,5.9,2.5,5.2,50.0
29,B,0,1,7.0,8.3,7.6,7.3,67.0
29,C,1,0,7.9,6.2,10,6.5,67.7
29,D,1,1,6.2,10,6.9,9.3,87.3
30,A,0,0,8.8,2.8,5.3,4.2,35.2
30,B,1,0,6.4,7.7,5.2,6.3,59.3
30,C,1,0,7.3,5.7,6.6,4.5,56.8
30,D,1,1,8.6,8.4,7.2,5.4,82.7
31,A,1,0,7.8,3.7,5.0,6.6,55.2
31,B,1,1,5.6,8.0,4.5,7.6,76.2
31,C,0,0,5.4,3.9,6.6,6.4,37.2
31,D,0,1,8.2,6.6,5.4,8.7,64.8
32,A,0,0,8.6,3.8,6.3,4.9,39.3
32,B,0,0,7.6,7.1,7.3,6.1,46.8
32,C,0,0,7.1,6.3,6.9,6.2,44.2
32,D,1,0,6.3,5.4,4.9,9.1,59.5
33,A,1,1,8.5,3.0,4.4,6.3,70.3
33,B,1,1,5.3,9.3,4.5,7.2,77.2
33,C,1,1,7.9,5.6,5.7,6.4,76.0
33,D,1,1,6.8,7.3,5.6,8.3,80.0
34,A,1,1,7.9,6.7,3.2,6.0,73.0
34,B,0,1,6.8,6.5,7.5,7.5,63.8
34,C,1,0,6.3,5.0,7.3,3.2,53.0
34,D,1,0,7.2,6.4,7.6,8.1,65.5
35,A,0,0,7.8,4.9,5.0,4.9,37.7
35,B,1,1,9.8,9.0,6.7,7.3,88.0
35,C,1,0,3.9,3.7,9.0,6.9,55.8
35,D,1,0,9.4,5.1,5.9,7.9,63.8
36,A,0,1,9.9,4.3,6.4,5.8,60.7
36,B,1,0,5.4,8.1,7.1,8.5,65.2
36,C,1,0,6.3,7.6,8.2,8.1,67.0
36,D,1,1,6.9,6.4,8.5,8.2,83.3
37,A,1,0,9.3,5.5,5.0,4.5,57.2
37,B,1,1,5.8,8.5,7.9,7.7,83.2
37,C,0,0,4.1,6.4,9.0,6.8,43.8
37,D,1,0,7.5,5.0,4.7,7.6,58.0
38,A,0,1,9.0,5.0,6.4,6.1,60.8
38,B,1,1,5.1,9.7,6.1,8.3,82.0
38,C,0,0,7.0,5.9,7.5,6.9,45.5
38,D,1,1,7.7,7.6,7.6,7.0,83.2
39,A,1,0,10,5.1,7.1,5.8,63.3
39,B,0,0,3.7,4.7,7.6,9.8,43.0
39,C,1,1,7.3,3.3,10,3.5,73.5
39,D,1,1,7.7,5.8,7.3,7.0,79.7
40,A,1,0,8.5,4.6,5.6,5.7,57.3
40,B,1,1,6.0,8.8,6.5,6.8,80.2
40,C,0,1,7.3,5.6,8.0,6.3,62.0
40,D,1,0,8.4,6.5,5.7,9.5,66.8
41,A,0,0,6.3,7.0,5.6,4.8,39.5
41,B,1,1,9.0,8.4,6.0,6.1,82.5
41,C,1,0,7.5,6.7,6.5,6.3,61.7
41,D,1,1,7.0,7.7,8.4,7.6,84.5
42,A,1,0,8.2,2.4,5.1,6.2,53.2
42,B,1,1,5.7,7.2,7.5,8.2,81.0
42,C,1,1,7.4,4.9,7.1,7.6,78.3
42,D,1,1,6.3,7.7,6.9,8.4,82.2
43,A,0,0,8.9,5.2,6.9,5.3,43.8
43,B,0,0,4.7,9.0,7.2,7.8,47.8
43,C,0,0,6.3,5.6,9.5,6.3,46.2
43,D,0,1,5.8,9.7,4.6,6.1,60.3
44,A,0,1,7.4,4.7,6.0,5.7,56.3
44,B,1,1,6.0,7.7,9.5,7.9,85.2
44,C,1,1,4.9,4.7,6.7,7.9,73.7
44,D,0,0,7.7,6.3,6.1,6.3,44.0
45,A,0,1,8.0,3.7,3.6,8.0,55.5
45,B,1,0,7.4,6.4,6.4,7.6,63.0
45,C,1,1,5.1,7.2,7.1,5.3,74.5
45,D,0,1,6.5,6.9,9.9,9.0,70.5
46,A,1,1,6.6,4.2,5.0,4.3,66.8
46,B,0,0,5.6,7.3,7.7,6.0,44.3
46,C,1,0,7.9,6.3,7.2,6.3,62.8
46,D,1,1,7.9,7.1,6.6,9.0,84.3
47,A,0,0,7.4,2.7,3.4,8.6,36.8
47,B,1,1,6.7,5.6,10,5.3,79.3
47,C,0,0,5.0,4.9,8.6,4.2,37.8
47,D,1,0,6.7,6.3,8.1,7.0,63.5
48,A,0,0,7.8,5.8,5.4,6.8,43.0
48,B,0,0,6.2,10,6.6,8.9,52.8
48,C,0,0,7.4,3.2,7.6,6.1,40.5
48,D,0,0,7.9,7.8,10,7.8,55.8
49,A,1,1,10,4.4,6.9,4.0,75.5
49,B,1,1,6.7,7.1,5.2,7.9,78.2
49,C,1,1,3.9,5.3,8.6,6.2,73.3
49,D,0,0,6.5,9.5,5.4,9.4,51.3
50,A,0,1,8.9,5.7,5.6,7.6,63.0
50,B,1,1,6.7,8.0,6.2,9.5,84.0
50,C,1,0,6.3,5.6,6.2,7.3,59.0
50,D,1,0,8.6,8.7,6.3,7.9,69.2
51,A,0,0,8.2,3.1,5.1,5.7,36.8
51,B,1,0,7.5,7.4,8.8,7.5,68.7
51,C,1,1,7.5,4.7,7.9,6.1,77.0
51,D,0,0,7.3,6.6,10,7.6,52.5
52,A,0,0,8.7,5.6,4.6,5.8,41.2
52,B,1,1,8.2,7.0,6.9,9.7,86.3
52,C,1,1,8.1,5.7,8.7,7.9,84.0
52,D,0,0,8.1,6.1,6.4,6.7,45.5
53,A,0,0,8.2,5.9,6.0,5.3,42.3
53,B,0,1,9.1,8.4,6.4,6.8,67.8
53,C,1,0,5.5,3.8,5.6,6.6,52.5
53,D,1,1,7.4,10,6.8,8.1,87.2
54,A,0,1,10,3.4,9.0,4.5,61.5
54,B,1,0,7.6,8.5,5.7,6.7,64.2
54,C,1,0,6.0,5.2,5.3,4.9,52.3
54,D,1,0,7.4,7.4,9.1,10,73.2
55,A,0,0,7.9,3.7,4.5,4.7,34.7
55,B,1,0,9.2,7.6,7.6,6.4,68.0
55,C,1,0,6.3,6.2,7.4,5.6,59.2
55,D,1,0,8.3,7.7,9.4,6.3,69.5
56,A,1,1,5.9,4.8,6.5,3.8,68.3
56,B,0,1,5.8,8.1,5.1,8.3,62.2
56,C,1,1,8.3,6.7,7.3,7.8,83.5
56,D,1,0,8.2,7.4,5.1,6.6,62.2
57,A,1,0,6.5,4.8,4.9,5.0,52.0
57,B,1,1,8.1,6.9,7.3,7.2,82.5
57,C,1,0,8.2,5.2,9.6,5.0,63.3
57,D,1,1,6.7,6.3,8.4,10,85.7
58,A,1,1,6.1,7.5,7.8,4.0,75.7
58,B,1,1,7.0,7.0,6.8,6.0,78.0
58,C,1,1,10,5.1,8.6,6.4,83.5
58,D,0,1,8.1,7.4,7.6,8.7,69.7
59,A,1,1,6.3,4.3,5.3,5.9,69.7
59,B,0,0,7.2,5.3,6.5,4.1,38.5
59,C,1,1,4.9,6.6,9.4,5.8,77.8
59,D,1,0,9.5,5.1,8.2,6.5,65.5
60,A,1,0,8.9,4.2,5.6,7.1,59.7
60,B,1,0,6.6,8.1,8.3,6.7,66.2
60,C,1,0,6.0,5.1,6.6,6.9,57.7
60,D,1,1,7.2,10,8.5,7.4,88.5
61,A,1,0,9.7,7.1,6.6,4.7,63.5
61,B,1,1,7.9,7.9,7.2,4.4,79.0
61,C,1,0,6.1,5.3,6.2,3.9,52.5
61,D,1,0,5.7,7.1,9.0,7.4,65.3
62,A,1,0,9.0,4.7,6.1,6.9,61.2
62,B,1,1,6.3,10,7.0,6.5,83.0
62,C,1,0,5.8,6.0,6.4,4.1,53.8
62,D,1,0,7.1,7.9,10,7.9,71.5
63,A,0,0,9.9,4.4,4.8,4.8,39.8
63,B,0,0,6.1,8.2,6.9,6.5,46.2
63,C,0,0,7.8,4.7,9.1,7.7,48.8
63,D,1,1,8.6,7.2,6.4,6.8,81.7
64,A,1,1,8.3,6.2,4.6,5.6,74.5
64,B,1,0,7.7,10,5.6,7.1,67.3
64,C,1,0,6.5,4.0,6.3,7.3,56.8
64,D,1,1,7.3,5.8,7.3,8.1,80.8
65,A,0,1,8.0,6.4,6.9,3.3,57.7
65,B,1,0,9.1,8.9,6.5,8.9,72.3
65,C,0,0,7.2,5.6,8.6,7.2,47.7
65,D,1,0,6.1,7.2,6.9,9.7,66.5
66,A,1,0,8.9,6.5,7.2,5.5,63.5
66,B,1,0,7.4,8.9,5.8,6.7,64.7
66,C,1,0,5.5,6.2,7.2,5.6,57.5
66,D,1,1,7.7,7.4,7.3,6.8,82.0
67,A,1,1,8.6,5.6,3.9,4.3,70.7
67,B,1,1,7.6,8.9,9.2,8.8,90.8
67,C,0,0,6.8,5.7,6.6,6.6,42.8
67,D,1,0,6.0,5.4,7.0,7.7,60.2
68,A,1,1,8.0,3.4,6.8,6.2,74.0
68,B,0,0,5.3,9.5,5.7,7.2,46.2
68,C,1,1,6.3,4.8,7.5,7.6,77.0
68,D,1,0,5.9,6.1,7.3,7.6,61.5
69,A,1,0,10,5.2,4.9,4.5,57.7
69,B,1,0,5.2,6.8,7.4,7.0,60.7
69,C,0,1,5.7,8.1,6.2,7.8,63.0
69,D,0,1,7.3,7.5,7.2,6.7,64.5
70,A,1,1,7.3,6.2,3.3,7.0,73.0
70,B,1,1,8.5,9.4,3.8,8.0,82.8
70,C,0,0,4.7,5.6,6.6,5.3,37.0
70,D,1,1,7.8,5.1,8.9,6.6,80.7
71,A,0,0,7.7,3.0,7.2,7.2,41.8
71,B,0,0,9.9,7.8,7.1,7.4,53.7
71,C,0,0,6.9,4.2,9.5,6.7,45.5
71,D,1,1,7.3,7.6,7.0,7.5,82.3
72,A,0,0,7.2,3.8,4.0,5.0,33.3
72,B,1,1,7.9,7.4,7.7,8.9,86.5
72,C,1,1,6.0,6.4,9.3,4.3,76.7
72,D,1,1,9.0,6.9,7.7,7.1,84.5
73,A,0,0,7.4,4.2,5.0,4.5,35.2
73,B,0,1,7.0,8.4,5.6,5.4,60.7
73,C,1,0,8.5,6.0,8.9,6.5,66.5
73,D,1,0,6.8,6.9,10,7.0,67.8
74,A,0,0,9.4,7.3,5.3,5.6,46.0
74,B,1,1,8.6,6.5,5.8,7.0,79.8
74,C,0,1,6.0,3.9,10,6.2,60.2
74,D,1,1,6.7,7.6,5.8,8.4,80.8
75,A,0,0,7.0,5.3,6.5,5.6,40.7
75,B,1,0,6.6,7.0,7.8,5.4,61.3
75,C,1,0,6.1,1.9,5.9,9.0,54.8
75,D,0,0,7.8,6.4,9.7,7.2,51.8
76,A,1,0,6.8,7.2,6.2,7.5,62.8
76,B,0,0,7.9,9.2,5.6,8.3,51.7
76,C,1,1,4.0,3.5,7.1,5.7,67.2
76,D,1,1,5.5,10,7.0,6.8,82.2
77,A,1,0,9.8,4.0,4.8,6.0,57.7
77,B,0,0,7.5,10,5.5,6.9,49.8
77,C,1,0,5.5,6.0,10,5.8,62.2
77,D,1,0,4.0,6.0,9.0,6.7,59.5
78,A,1,0,10,4.3,6.9,6.0,62.0
78,B,1,0,6.7,7.8,6.3,5.7,60.8
78,C,0,1,6.3,7.3,7.0,6.9,62.5
78,D,1,1,8.0,7.6,8.6,7.1,85.5
79,A,1,1,7.6,6.6,6.8,7.5,80.8
79,B,1,0,7.0,5.9,7.0,6.1,60.0
79,C,1,0,7.1,5.1,7.0,7.2,60.7
79,D,1,0,6.5,7.7,7.8,8.5,67.5
80,A,1,1,9.7,5.1,5.6,4.7,75.2
80,B,1,1,6.9,9.1,6.7,7.2,83.2
80,C,0,1,7.5,4.7,5.7,6.2,56.8
80,D,1,1,7.4,9.1,8.0,7.4,86.5
81,A,1,0,10,6.4,5.9,5.0,62.2
81,B,1,1,6.8,5.5,7.0,5.9,75.3
81,C,1,1,5.8,6.7,7.6,7.6,79.5
81,D,1,0,8.6,5.2,4.3,5.2,55.5
82,A,1,0,4.8,5.2,6.2,7.2,55.7
82,B,0,1,6.2,8.3,5.6,8.0,63.5
82,C,1,0,4.6,4.2,7.4,6.6,54.7
82,D,1,0,5.4,6.1,4.2,9.2,58.2
83,A,0,0,7.4,6.2,7.3,6.1,45.0
83,B,1,1,6.8,8.4,5.8,7.5,80.8
83,C,1,1,6.5,6.4,9.0,6.7,81.0
83,D,0,0,7.5,7.5,7.7,6.6,48.8
84,A,1,0,9.3,5.9,5.7,5.0,59.8
84,B,0,0,7.4,8.4,6.4,7.1,48.8
84,C,1,1,3.9,2.9,8.3,6.4,69.2
84,D,1,0,9.0,6.3,6.1,6.9,63.8
85,A,0,0,8.4,6.1,5.2,8.5,47.0
85,B,0,1,6.3,6.2,6.6,7.0,60.2
85,C,1,1,5.8,5.0,6.5,4.7,70.0
85,D,0,1,8.5,6.9,9.4,9.2,73.3
86,A,0,0,9.0,3.8,3.2,6.0,36.7
86,B,1,1,8.4,9.4,3.5,5.2,77.5
86,C,1,1,9.3,3.5,8.9,7.0,81.2
86,D,1,0,7.8,8.0,8.7,8.3,71.3
87,A,1,0,8.8,5.4,6.0,6.5,61.2
87,B,1,1,7.5,7.7,5.5,5.9,77.7
87,C,1,0,5.8,5.9,7.9,7.7,62.2
87,D,0,0,8.2,7.7,6.4,7.0,48.8
88,A,1,0,7.9,5.3,7.7,6.2,61.8
88,B,1,0,9.7,7.5,6.1,8.0,68.8
88,C,0,1,6.6,5.2,7.1,6.8,59.5
88,D,1,1,8.1,7.6,9.1,9.7,90.8
89,A,0,0,7.9,6.1,5.0,5.2,40.3
89,B,0,0,6.2,7.2,3.3,6.8,39.2
89,C,1,1,6.2,2.8,9.6,5.3,73.2
89,D,1,0,8.9,7.0,7.9,5.9,66.2
90,A,1,1,6.7,3.6,4.8,7.1,70.3
90,B,0,0,4.6,8.4,6.6,8.0,46.0
90,C,1,1,6.9,6.8,7.9,7.5,81.8
90,D,0,1,8.6,6.7,5.8,10,68.5
91,A,0,1,7.3,4.5,7.4,5.6,58.0
91,B,0,0,6.6,6.7,6.8,9.0,48.5
91,C,0,1,6.4,7.0,9.2,6.4,65.0
91,D,1,1,7.9,5.3,8.4,8.1,82.8
92,A,0,1,9.4,4.9,6.8,6.4,62.5
92,B,1,0,4.7,9.3,3.9,6.6,57.5
92,C,1,0,4.3,8.0,8.3,8.4,65.0
92,D,0,0,8.6,8.5,7.8,6.2,51.8
93,A,1,0,5.6,2.4,6.3,4.3,47.7
93,B,1,0,8.7,9.5,5.4,9.3,71.5
93,C,1,0,5.5,6.4,4.6,7.8,57.2
93,D,1,0,7.0,7.6,8.7,10.0,72.2
94,A,0,1,8.9,4.2,6.0,5.8,58.2
94,B,1,1,6.7,9.1,6.9,8.6,85.5
94,C,1,1,6.7,5.0,10,6.5,80.3
94,D,1,1,4.8,9.6,6.8,6.3,79.2
95,A,1,0,10,6.3,7.9,6.6,68.0
95,B,1,1,5.0,8.3,5.9,8.1,78.8
95,C,0,1,6.9,2.8,8.3,6.0,56.7
95,D,1,1,9.1,8.0,6.9,7.7,86.2
96,A,1,1,9.1,6.2,5.1,6.7,78.5
96,B,0,0,7.6,9.1,8.1,8.9,56.2
96,C,0,0,8.8,3.9,8.5,4.9,43.5
96,D,1,0,7.6,7.1,9.0,7.2,68.2
97,A,1,0,6.7,6.7,5.1,4.8,55.5
97,B,0,1,7.0,9.3,6.8,7.0,66.8
97,C,0,1,5.4,5.5,9.2,6.3,60.7
97,D,1,0,8.7,5.1,7.7,8.3,66.3
98,A,1,0,7.8,4.3,3.7,8.0,56.3
98,B,0,1,5.5,8.2,4.8,6.8,58.8
98,C,1,0,7.4,6.4,7.5,7.6,64.8
98,D,1,0,9.8,5.3,7.6,6.8,65.8
99,A,1,1,6.8,7.1,5.4,4.2,72.5
99,B,1,1,6.5,9.1,8.3,7.7,86.0
99,C,1,0,7.2,6.1,7.2,4.4,58.2
99,D,1,0,7.8,8.1,8.3,8.5,71.2
100,A,1,0,8.8,4.5,5.8,7.4,60.8
100,B,1,0,8.6,7.2,6.0,5.9,62.8
100,C,0,0,8.0,2.3,8.1,6.1,40.8
100,D,1,1,10,6.1,7.0,9.2,87.2
101,A,1,0,8.4,4.0,5.8,6.4,57.7
101,B,1,0,5.3,6.9,3.6,8.5,57.2
101,C,0,0,6.9,4.9,9.3,5.1,43.7
101,D,1,1,8.2,7.4,6.8,5.2,79.3
102,A,0,0,7.8,3.5,6.1,8.4,43.0
102,B,1,0,6.1,6.8,4.6,5.7,55.3
102,C,0,1,5.0,6.0,5.9,7.3,57.0
102,D,0,1,6.6,8.1,5.6,6.4,61.2
103,A,1,0,6.9,4.5,5.7,5.4,54.2
103,B,1,0,6.5,8.1,7.6,8.4,67.7
103,C,0,0,5.9,5.6,6.6,5.6,39.5
103,D,0,1,7.3,6.6,7.3,6.9,63.5
104,A,1,0,8.4,4.0,6.7,7.7,61.3
104,B,1,0,7.2,10,6.6,8.2,70.0
104,C,1,1,8.1,7.3,6.9,6.4,81.2
104,D,1,1,6.5,7.2,4.8,7.0,75.8
105,A,1,1,7.4,4.7,4.0,6.5,71.0
105,B,1,0,5.2,6.6,4.6,7.2,56.0
105,C,1,0,9.1,4.0,6.8,7.9,63.0
105,D,0,1,6.9,6.5,9.1,5.8,63.8
106,A,1,0,6.0,6.6,5.5,6.7,58.0
106,B,1,0,6.2,8.5,5.0,7.1,61.3
106,C,1,1,8.4,4.3,7.9,6.4,78.3
106,D,1,1,4.0,7.0,7.4,8.3,77.8
107,A,1,0,8.2,7.8,5.2,6.6,63.0
107,B,1,1,6.0,8.3,5.8,7.7,79.7
107,C,0,1,7.5,4.8,7.7,7.6,62.7
107,D,1,1,6.2,7.7,9.0,9.1,86.7
108,A,1,1,8.3,4.1,4.6,6.1,71.8
108,B,0,1,5.8,4.7,6.2,7.9,57.7
108,C,0,0,5.8,5.6,8.1,5.8,42.2
108,D,1,0,8.6,7.2,6.7,7.2,66.2
109,A,0,0,8.0,4.3,5.4,5.7,39.0
109,B,0,1,6.0,7.7,6.5,7.0,62.0
109,C,1,1,6.1,5.5,7.9,6.5,76.7
109,D,0,0,8.7,6.8,8.6,6.4,50.8
110,A,1,1,7.2,3.9,4.5,5.7,68.8
110,B,1,1,6.5,5.0,7.0,4.7,72.0
110,C,0,1,7.8,3.7,8.6,7.8,63.2
110,D,1,1,6.8,5.2,7.7,5.5,75.3
111,A,0,1,10,5.8,6.6,6.6,65.0
111,B,1,1,9.2,7.6,7.3,8.2,87.2
111,C,1,1,7.5,5.5,5.4,6.4,74.7
111,D,1,0,7.3,7.3,5.4,6.9,61.5
112,A,1,1,6.6,3.9,3.9,7.5,69.8
112,B,1,1,7.1,9.1,4.3,7.5,80.0
112,C,1,1,6.8,4.6,6.8,6.6,74.7
112,D,0,0,8.3,5.0,7.8,7.5,47.7
113,A,0,0,10,6.9,6.7,6.7,50.5
113,B,0,0,6.7,8.3,9.5,6.2,51.2
113,C,0,1,4.3,4.1,8.3,5.2,53.2
113,D,1,1,7.6,9.3,6.9,6.9,84.5
114,A,1,1,8.4,5.6,6.2,7.4,79.3
114,B,1,0,4.8,8.2,6.4,6.7,60.2
114,C,0,0,5.5,4.4,7.2,7.4,40.8
114,D,0,0,8.6,5.4,7.1,6.5,46.0
115,A,1,0,8.7,6.0,4.6,6.5,59.7
115,B,1,1,8.1,9.9,6.9,9.1,90.0
115,C,1,1,6.9,4.4,8.7,5.0,75.0
115,D,1,1,6.4,6.5,8.2,8.1,82.0
116,A,1,0,6.5,4.2,6.9,8.2,59.7
116,B,0,0,6.0,9.8,6.7,8.0,50.8
116,C,0,0,4.6,3.6,7.0,5.0,33.7
116,D,0,1,5.6,6.2,5.6,6.8,57.0
117,A,0,0,8.0,6.0,5.7,4.7,40.7
117,B,1,0,6.2,9.6,5.5,6.2,62.5
117,C,1,0,7.8,6.6,7.1,7.6,65.2
117,D,1,1,6.2,5.9,5.5,9.3,78.2
118,A,0,0,9.1,4.6,6.3,5.3,42.2
118,B,1,0,6.4,8.9,7.2,8.9,69.0
118,C,1,0,5.5,4.7,6.1,4.4,51.2
118,D,1,1,6.2,7.5,6.7,6.5,78.2
119,A,1,1,7.1,5.0,4.7,6.4,72.0
119,B,1,1,7.9,10,6.3,6.1,83.8
119,C,1,1,6.3,6.5,8.0,4.8,76.0
119,D,0,0,9.6,7.1,7.2,6.9,51.3
120,A,1,0,9.8,4.4,4.8,6.3,58.8
120,B,1,0,9.9,6.6,9.2,8.6,73.8
120,C,1,1,4.9,6.4,10,8.0,82.2
120,D,0,1,6.3,6.3,9.5,6.5,64.3
121,A,1,1,8.1,5.4,5.8,4.7,73.3
121,B,1,0,6.7,8.1,6.5,6.9,63.7
121,C,1,0,6.6,4.4,5.3,5.3,52.7
121,D,1,0,7.4,7.7,5.9,7.3,63.8
122,A,1,0,8.7,5.2,6.4,5.7,60.0
122,B,1,1,9.3,7.9,5.9,7.3,84.0
122,C,0,1,6.4,5.1,6.8,5.0,55.5
122,D,1,0,7.3,8.9,4.2,5.5,59.8
123,A,0,1,8.4,4.6,4.7,5.9,56.0
123,B,0,0,6.1,7.4,7.9,9.2,51.0
123,C,0,1,7.0,3.9,5.6,7.9,57.3
123,D,0,1,8.8,5.1,8.2,6.6,64.5
124,A,1,1,6.0,3.8,4.9,7.5,70.3
124,B,0,1,7.0,5.5,7.3,7.7,62.5
124,C,1,0,7.7,5.8,8.8,5.1,62.3
124,D,0,1,6.6,7.3,5.5,8.8,63.7
125,A,1,0,9.4,5.2,6.1,4.1,58.0
125,B,0,0,5.7,5.3,6.8,5.2,38.3
125,C,1,1,6.0,4.7,8.3,5.2,73.7
125,D,1,1,8.8,7.5,8.4,8.0,87.8
126,A,1,0,9.9,6.9,8.7,7.3,71.3
126,B,1,1,6.2,9.6,5.3,7.3,80.7
126,C,1,1,4.8,5.1,8.7,6.5,75.2
126,D,0,1,7.5,6.6,6.4,6.0,60.8
127,A,1,1,8.4,5.4,3.6,5.9,72.2
127,B,0,0,7.9,7.0,5.3,9.3,49.2
127,C,1,0,4.8,5.5,6.8,5.9,55.0
127,D,0,1,6.2,8.7,5.7,7.6,63.7
128,A,1,0,7.8,6.7,6.9,7.5,64.8
128,B,1,0,8.0,7.1,6.0,6.8,63.2
128,C,1,1,7.0,5.8,7.9,8.7,82.3
128,D,0,1,6.9,7.7,7.5,6.5,64.3
129,A,1,0,7.4,4.4,4.3,7.2,55.5
129,B,1,1,7.3,8.9,5.5,9.7,85.7
129,C,1,0,6.5,4.8,8.9,6.0,60.3
129,D,1,0,7.6,4.9,7.7,5.4,59.3
130,A,1,1,8.3,5.6,3.8,4.8,70.8
130,B,0,1,8.8,9.4,5.9,6.2,67.2
130,C,1,1,5.3,3.8,9.2,6.9,75.3
130,D,0,0,8.4,7.3,9.9,8.3,56.5
131,A,0,0,10,2.6,4.9,6.6,40.2
131,B,1,1,9.4,9.3,5.2,6.4,83.8
131,C,0,0,7.2,4.3,8.3,5.7,42.5
131,D,1,1,8.1,5.9,4.0,7.8,76.3
132,A,1,1,7.8,6.3,6.1,5.8,76.7
132,B,1,0,7.1,8.4,3.9,7.7,61.8
132,C,1,0,7.8,7.6,9.6,5.1,66.8
132,D,1,0,7.7,9.1,9.4,6.1,70.5
133,A,1,1,7.2,4.4,6.1,5.4,71.8
133,B,1,1,9.6,8.3,3.5,9.7,85.2
133,C,1,0,4.8,5.0,6.6,6.6,55.0
133,D,1,0,5.4,7.3,6.8,7.4,61.5
134,A,1,1,7.9,4.0,6.3,4.3,70.8
134,B,1,0,6.1,7.1,5.2,8.8,62.0
134,C,0,0,4.1,5.2,7.9,5.4,37.7
134,D,1,1,8.3,7.4,7.5,7.8,85.0
135,A,1,0,6.7,4.2,5.2,5.6,52.8
135,B,0,0,7.1,6.8,5.5,8.6,46.7
135,C,1,0,7.6,4.0,8.0,6.8,60.7
135,D,1,1,8.0,8.5,6.9,6.7,83.5
136,A,1,1,9.2,4.6,4.9,8.4,78.5
136,B,0,0,5.1,9.4,7.0,8.3,49.7
136,C,1,1,9.2,4.4,7.8,4.4,76.3
136,D,1,0,7.5,6.8,6.0,6.1,60.7
137,A,1,0,9.3,7.2,4.7,4.6,59.7
137,B,1,1,6.8,5.6,5.4,5.6,72.3
137,C,1,1,6.6,6.6,6.9,6.9,78.3
137,D,1,0,6.7,8.2,8.4,8.9,70.3
138,A,0,1,10,4.7,8.2,6.8,66.2
138,B,1,1,7.8,7.4,4.7,6.3,77.0
138,C,0,1,5.0,5.5,9.0,8.2,62.8
138,D,1,0,9.5,7.9,7.1,5.3,66.3
139,A,1,1,7.7,4.8,5.4,7.9,76.3
139,B,0,0,6.2,6.1,5.4,6.5,40.3
139,C,1,0,7.4,4.0,7.4,5.1,56.5
139,D,1,1,7.3,7.4,7.6,7.6,83.2
140,A,0,0,7.4,4.9,4.8,6.7,39.7
140,B,1,1,5.4,3.8,5.1,8.4,71.2
140,C,1,1,7.8,6.8,8.3,6.2,81.8
140,D,1,1,5.9,5.5,7.3,8.6,78.8
141,A,1,0,6.9,5.7,6.9,5.5,58.3
141,B,0,1,6.4,6.6,6.8,7.0,61.3
141,C,1,0,6.3,5.4,8.0,7.1,61.3
141,D,1,1,9.2,9.2,7.8,8.7,91.5
142,A,1,1,7.1,3.5,5.9,7.0,72.5
142,B,0,1,7.1,7.9,7.0,9.3,68.8
142,C,1,1,6.9,5.4,8.8,5.5,77.7
142,D,1,1,8.3,5.0,7.2,8.0,80.8
143,A,0,0,8.7,4.7,4.9,6.9,42.0
143,B,0,0,6.7,8.3,6.2,6.1,45.5
143,C,1,0,7.2,4.8,6.6,5.7,57.2
143,D,0,0,7.5,7.8,8.0,6.4,49.5
144,A,1,1,7.1,5.1,1.9,5.0,65.2
144,B,0,1,7.1,6.7,6.6,7.7,63.5
144,C,1,1,6.9,3.5,7.3,5.7,72.3
144,D,1,1,8.3,8.6,6.0,7.6,84.2
145,A,1,1,7.1,4.2,5.6,7.7,74.3
145,B,1,1,5.2,8.3,5.6,9.1,80.3
145,C,0,0,6.4,6.1,8.7,5.2,44.0
145,D,1,0,7.4,7.0,6.6,7.3,63.8
146,A,1,0,7.6,7.0,4.4,7.4,60.7
146,B,0,0,7.5,7.1,7.1,5.9,46.0
146,C,0,1,6.0,5.2,7.4,6.2,58.0
146,D,1,1,8.7,7.2,8.3,6.7,84.8
147,A,0,0,8.1,2.9,6.7,5.9,39.3
147,B,1,1,6.2,7.8,6.6,9.2,83.0
147,C,0,0,8.3,5.6,10,4.6,47.5
147,D,0,0,6.7,5.5,7.2,6.0,42.3
148,A,1,0,7.5,2.9,4.7,5.8,51.5
148,B,1,0,7.0,9.8,4.5,5.5,61.3
148,C,1,0,5.2,4.8,7.2,5.6,54.7
148,D,1,0,8.0,8.3,8.2,4.9,65.7
149,A,0,0,7.7,4.7,6.2,3.4,36.7
149,B,1,1,8.0,8.3,10,6.0,87.2
149,C,1,0,8.1,5.6,6.5,6.2,60.7
149,D,1,1,5.0,5.6,8.1,8.7,79.0
150,A,1,0,6.8,4.9,4.1,6.7,54.2
150,B,1,1,6.0,9.5,3.9,9.6,81.7
150,C,1,0,5.1,5.8,8.0,5.8,57.8
150,D,1,0,8.6,7.0,7.4,7.4,67.3
151,A,1,1,8.8,7.4,4.9,6.6,79.5
151,B,1,0,5.9,6.8,6.6,8.2,62.5
151,C,1,1,6.2,5.7,7.6,5.8,75.5
151,D,0,1,8.4,8.1,8.4,7.4,70.5
152,A,1,0,8.5,4.7,4.2,6.3,56.2
152,B,1,0,7.9,9.1,5.4,7.3,66.2
152,C,1,0,5.0,5.6,8.2,7.0,59.7
152,D,1,0,8.7,8.8,8.9,7.9,73.8
153,A,0,1,7.7,2.7,3.6,6.7,51.2
153,B,1,1,8.2,8.3,4.4,7.5,80.7
153,C,0,0,5.0,7.1,7.9,5.3,42.2
153,D,1,0,7.6,6.4,5.4,6.9,60.5
154,A,1,0,6.1,6.6,6.4,5.8,58.2
154,B,0,1,6.6,7.5,9.9,9.3,72.2
154,C,0,0,8.6,5.6,8.8,5.5,47.5
154,D,1,1,5.1,7.3,8.1,7.8,80.5
155,A,1,1,8.1,5.2,5.3,6.6,75.3
155,B,0,0,8.4,7.9,6.0,7.8,50.2
155,C,1,0,6.2,2.8,10,5.9,58.2
155,D,1,0,5.7,7.5,7.0,7.5,62.8
156,A,1,1,6.1,6.9,5.1,5.9,73.3
156,B,0,1,6.7,9.5,7.0,8.4,69.3
156,C,0,0,5.7,3.9,6.6,9.4,42.7
156,D,1,0,6.8,6.0,6.9,8.6,63.8
157,A,0,0,7.6,4.2,3.9,5.8,35.8
157,B,1,0,7.1,7.6,8.7,6.8,67.0
157,C,1,1,6.3,7.9,7.1,7.5,81.3
157,D,1,1,7.9,8.9,6.3,8.5,86.0
158,A,1,1,9.7,7.4,6.8,4.1,80.0
158,B,1,0,7.6,8.5,6.3,7.6,66.7
158,C,0,1,7.5,6.0,10,6.4,66.5
158,D,1,0,9.3,8.4,8.5,7.6,73.0
159,A,1,1,7.4,2.8,6.2,5.0,69.0
159,B,1,0,7.7,5.8,8.0,5.9,62.3
159,C,1,1,6.7,4.4,7.8,6.6,75.8
159,D,0,1,8.6,7.1,5.9,7.1,64.5
160,A,1,0,6.8,5.2,5.2,8.7,59.8
160,B,1,1,7.8,7.0,6.3,8.8,83.2
160,C,1,0,6.4,4.8,9.4,6.0,61.0
160,D,1,1,6.0,7.7,7.1,6.9,79.5
161,A,0,1,6.5,5.5,4.9,8.0,58.2
161,B,0,1,5.4,8.2,4.0,5.8,55.7
161,C,1,0,6.2,4.7,5.9,5.6,54.0
161,D,1,0,7.3,8.8,5.1,7.2,64.0
162,A,1,0,7.2,5.7,5.3,5.3,55.8
162,B,0,0,4.9,7.7,7.2,8.0,46.3
162,C,1,0,6.3,7.4,6.3,7.4,62.3
162,D,1,1,8.2,6.9,7.0,8.8,84.8
163,A,1,1,7.0,3.1,6.5,5.6,70.3
163,B,0,1,6.4,7.3,7.6,8.4,66.2
163,C,0,1,5.5,7.1,6.7,6.7,60.0
163,D,1,1,7.3,6.4,6.9,7.9,80.8
164,A,1,0,8.5,6.7,5.9,7.7,64.7
164,B,0,0,7.1,6.9,4.9,5.5,40.7
164,C,1,1,8.1,3.8,6.6,5.7,73.7
164,D,1,0,6.8,4.9,6.9,9.3,63.2
165,A,0,1,7.7,5.5,4.4,6.4,56.7
165,B,1,1,7.0,9.0,4.9,8.1,81.7
165,C,1,1,6.4,4.5,10,5.0,76.5
165,D,0,0,8.6,6.0,5.6,8.1,47.2
166,A,0,0,7.1,2.8,6.7,6.1,37.8
166,B,0,1,5.2,7.6,7.2,9.6,66.0
166,C,1,0,5.7,3.7,9.4,5.3,56.8
166,D,1,0,10,7.4,7.0,6.6,68.3
167,A,1,0,9.1,1.8,5.7,6.7,55.5
167,B,1,0,9.1,7.8,5.4,8.6,68.2
167,C,1,1,6.6,5.5,6.9,5.3,73.8
167,D,0,1,8.5,5.7,5.6,5.2,58.3
168,A,0,1,8.7,3.2,6.2,5.1,55.3
168,B,1,1,8.9,7.5,5.1,6.7,80.3
168,C,0,1,6.2,7.3,7.4,8.2,65.2
168,D,1,0,7.9,7.5,6.0,10,69.0
169,A,1,1,8.5,6.3,8.3,5.0,80.2
169,B,0,1,6.3,9.2,7.6,7.6,67.8
169,C,1,0,4.1,5.8,7.0,7.5,57.3
169,D,1,0,7.5,6.8,7.2,7.9,65.7
170,A,1,1,4.6,4.4,3.8,7.0,66.3
170,B,1,0,7.0,8.6,6.9,6.5,65.0
170,C,1,0,6.8,4.3,7.3,4.6,55.0
170,D,1,0,5.9,7.6,5.6,7.6,61.2
171,A,1,0,8.8,5.5,5.7,4.5,57.5
171,B,0,1,5.0,10,6.6,9.5,68.5
171,C,1,0,3.8,5.9,8.8,5.9,57.3
171,D,0,0,7.6,7.6,7.1,8.3,51.0
172,A,0,1,8.5,2.4,6.3,6.9,56.8
172,B,0,0,10,8.2,4.9,7.5,51.0
172,C,1,0,5.7,5.3,8.9,7.0,61.5
172,D,1,0,8.6,7.3,8.3,8.4,71.0
173,A,1,0,6.3,5.9,5.1,5.4,54.5
173,B,1,1,7.1,7.1,4.8,5.8,74.7
173,C,1,1,6.3,5.4,8.5,5.9,76.8
173,D,1,0,8.6,7.2,6.6,6.2,64.3
174,A,1,0,9.0,5.0,6.2,5.3,59.2
174,B,1,0,7.0,9.9,7.4,8.6,71.5
174,C,1,0,6.2,4.2,8.2,7.9,60.8
174,D,1,0,9.1,6.9,7.1,8.7,69.7
175,A,1,1,7.4,5.1,5.8,5.0,72.2
175,B,1,1,7.5,7.3,6.5,8.0,82.2
175,C,1,1,5.9,4.3,10,5.3,75.8
175,D,0,1,8.9,8.2,7.2,7.2,69.2
176,A,0,0,7.3,7.0,6.8,6.5,46.0
176,B,1,0,7.4,6.7,4.5,6.6,58.7
176,C,1,1,7.1,5.0,7.4,5.1,74.3
176,D,1,0,6.6,10,7.9,7.4,69.8
177,A,0,0,9.1,5.2,8.2,4.1,44.3
177,B,0,1,7.5,7.4,7.9,9.4,70.3
177,C,0,0,5.1,6.9,10,6.7,47.8
177,D,0,1,6.8,6.4,7.9,6.9,63.3
178,A,0,0,9.5,3.7,5.1,3.0,35.5
178,B,1,1,8.5,9.0,6.6,8.6,87.8
178,C,1,0,8.0,6.0,6.8,5.6,60.7
178,D,1,1,6.3,9.6,8.1,7.6,86.0
179,A,0,0,5.3,5.4,5.6,4.2,34.2
179,B,1,0,8.2,8.4,5.5,7.3,65.7
179,C,1,1,6.4,5.1,5.6,5.3,70.7
179,D,1,1,9.9,8.7,9.7,6.4,91.2
180,A,1,0,7.7,4.0,6.4,6.9,58.3
180,B,0,0,7.7,7.7,4.7,5.8,43.2
180,C,1,1,5.5,4.6,6.9,5.6,71.0
180,D,0,1,6.9,6.3,9.4,7.6,67.0
181,A,0,1,9.0,4.5,6.7,7.0,62.0
181,B,1,0,9.2,8.3,5.8,5.6,64.8
181,C,1,1,8.8,6.0,7.9,6.1,81.3
181,D,1,1,6.9,9.5,8.8,8.4,89.3
182,A,1,1,7.6,4.3,5.9,5.4,72.0
182,B,1,0,8.8,8.3,6.4,6.8,67.2
182,C,1,1,5.6,3.7,7.4,7.2,73.2
182,D,0,0,8.7,9.5,4.1,6.7,48.3
183,A,1,1,9.6,3.7,7.1,5.3,76.2
183,B,1,1,5.7,5.2,7.9,9.3,80.2
183,C,1,1,8.2,3.8,8.8,4.7,75.8
183,D,1,0,6.5,6.3,6.9,10,66.2
184,A,1,0,7.6,4.8,4.4,6.9,56.2
184,B,1,0,6.9,8.4,7.6,7.1,66.7
184,C,1,0,7.6,6.2,6.9,6.7,62.3
184,D,0,0,5.7,7.0,7.4,9.5,49.3
185,A,0,0,8.1,3.1,4.8,6.3,37.2
185,B,1,0,6.0,7.3,6.3,8.0,62.7
185,C,1,1,6.0,3.7,9.8,7.1,77.7
185,D,1,1,8.9,6.9,5.1,6.8,79.5
186,A,0,0,9.1,6.8,7.3,7.3,50.8
186,B,0,1,7.8,6.5,4.7,4.8,56.3
186,C,1,1,6.6,6.7,7.1,6.9,78.8
186,D,1,1,7.7,9.2,6.3,6.8,83.3
187,A,0,0,10,4.8,6.3,5.8,44.8
187,B,0,0,5.9,5.5,7.3,7.0,42.8
187,C,1,1,8.7,6.0,8.8,8.3,86.3
187,D,0,1,8.7,10,5.1,8.8,71.0
188,A,0,0,8.6,4.4,4.2,5.8,38.3
188,B,1,1,7.7,7.6,5.5,6.1,78.2
188,C,1,1,5.9,4.6,8.3,6.6,75.7
188,D,1,1,7.4,10,7.6,6.3,85.5
189,A,0,1,7.8,6.9,5.4,4.5,57.7
189,B,0,1,6.8,8.1,7.8,7.5,67.0
189,C,1,0,7.3,3.6,8.1,5.6,57.7
189,D,0,0,8.1,6.4,7.4,6.9,48.0
190,A,1,1,8.4,4.2,4.7,8.4,76.2
190,B,1,1,6.5,7.0,6.9,7.4,79.7
190,C,1,0,5.8,6.2,8.3,5.7,60.0
190,D,1,1,7.2,6.8,8.0,6.1,80.2
191,A,0,1,9.8,1.9,8.0,4.1,56.3
191,B,1,1,8.7,8.1,5.8,8.0,84.3
191,C,0,0,6.0,3.7,8.9,5.9,40.8
191,D,1,0,6.8,10,9.2,8.6,74.3
192,A,0,0,7.6,5.3,7.8,3.5,40.3
192,B,0,1,8.6,6.3,6.5,6.8,63.7
192,C,1,1,9.0,3.5,9.1,6.4,80.0
192,D,1,1,7.2,9.0,6.6,6.7,82.5
193,A,0,0,7.6,6.8,6.0,6.6,45.0
193,B,0,1,7.7,7.3,7.7,6.9,66.0
193,C,1,1,7.9,4.8,6.9,8.3,79.8
193,D,1,0,8.0,4.2,9.2,8.3,66.2
194,A,1,0,6.4,4.3,7.3,7.1,58.5
194,B,0,1,5.5,7.5,5.8,7.9,61.2
194,C,1,0,7.1,3.6,8.3,5.2,57.0
194,D,1,1,6.3,9.5,6.6,5.9,80.5
195,A,1,0,7.8,6.4,4.5,5.1,56.3
195,B,0,0,5.9,7.1,6.2,7.6,44.7
195,C,0,1,5.2,8.7,9.6,3.1,61.0
195,D,0,1,9.3,8.8,7.8,7.8,72.8
196,A,0,0,8.2,2.2,5.7,6.1,37.0
196,B,1,0,7.4,8.4,9.0,6.8,69.3
196,C,1,0,5.4,5.7,9.1,7.4,62.7
196,D,0,0,6.7,6.7,6.9,8.7,48.3
197,A,1,1,8.7,5.3,8.5,5.9,80.7
197,B,1,1,6.2,7.3,6.1,9.6,82.0
197,C,1,1,3.1,3.9,8.1,4.7,66.3
197,D,1,0,9.9,6.7,6.3,9.9,71.3
198,A,1,0,8.6,2.1,3.5,6.8,51.7
198,B,1,0,8.2,7.0,3.8,7.8,61.3
198,C,0,0,5.0,4.7,9.5,4.8,40.0
198,D,1,1,8.3,7.2,5.5,9.6,84.3
199,A,1,0,9.5,5.3,4.4,6.1,58.8
199,B,1,1,6.3,8.9,4.6,9.5,82.2
199,C,1,1,5.5,3.6,9.1,3.1,68.8
199,D,1,1,5.0,7.0,6.8,8.7,79.2
200,A,1,0,10,5.4,6.5,8.1,66.7
200,B,1,0,7.8,7.5,6.6,8.1,66.7
200,C,1,1,5.8,6.2,8.9,8.2,81.8
200,D,1,0,6.1,8.6,6.2,8.3,65.3
201,A,0,0,7.9,6.5,6.0,5.3,42.8
201,B,1,0,5.8,7.1,5.5,6.0,57.3
201,C,1,0,6.4,3.7,5.7,4.5,50.5
201,D,0,0,6.0,7.5,5.8,6.9,43.7
202,A,0,1,9.6,2.9,4.5,6.6,56.0
202,B,1,0,4.4,8.8,5.5,8.2,61.5
202,C,1,1,6.0,4.6,7.2,8.1,76.5
202,D,1,1,6.0,8.3,9.2,6.4,83.2
203,A,1,0,9.1,4.8,6.3,7.9,63.5
203,B,1,1,5.0,10,6.5,10,85.8
203,C,1,0,6.1,6.0,9.0,6.7,63.0
203,D,1,1,4.2,4.4,6.3,8.5,72.3
204,A,0,0,7.9,3.4,6.8,6.4,40.8
204,B,0,0,6.1,7.1,7.2,7.2,46.0
204,C,0,0,5.2,4.6,7.1,4.9,36.3
204,D,0,1,9.7,5.7,3.5,5.4,57.2
205,A,1,1,8.2,4.7,4.7,9.1,77.8
205,B,1,1,6.3,6.9,5.1,7.4,76.2
205,C,0,0,6.0,4.5,8.0,7.7,43.7
205,D,1,0,7.5,8.1,6.9,9.9,70.7
206,A,1,1,9.6,4.0,5.6,4.1,72.2
206,B,1,0,6.0,6.4,5.6,6.1,56.8
206,C,0,1,8.6,4.6,9.2,8.2,67.7
206,D,1,1,7.0,8.2,7.0,5.2,79.0
207,A,1,0,7.5,5.3,4.4,7.9,58.5
207,B,0,1,7.1,5.2,7.1,9.1,64.2
207,C,1,1,6.0,6.1,8.0,6.9,78.3
207,D,1,1,7.8,8.6,7.6,10,90.0
208,A,0,0,9.1,5.0,7.2,4.5,43.0
208,B,1,1,8.4,8.0,4.4,8.1,81.5
208,C,1,1,5.8,6.6,6.7,6.1,75.3
208,D,0,1,7.7,8.9,5.0,8.6,67.0
209,A,1,1,9.1,4.9,5.8,6.4,77.0
209,B,1,1,9.1,5.9,5.8,6.1,78.2
209,C,1,1,5.8,6.7,7.3,6.4,77.0
209,D,1,1,9.3,6.9,5.7,5.3,78.7
210,A,0,0,8.5,7.6,7.6,6.0,49.5
210,B,1,0,6.6,8.6,7.5,6.5,65.3
210,C,1,1,5.0,4.7,8.3,4.7,71.2
210,D,1,1,10,6.4,9.3,6.0,86.2
211,A,1,0,8.1,4.4,5.7,5.3,55.8
211,B,0,0,6.2,9.4,7.5,6.6,49.5
211,C,1,1,6.3,5.3,7.0,4.3,71.5
211,D,1,1,10,9.5,5.7,8.1,88.8
212,A,0,0,7.2,5.8,6.2,6.0,42.0
212,B,0,1,5.1,7.6,7.4,7.7,63.0
212,C,0,0,6.3,6.4,9.0,8.1,49.7
212,D,1,0,6.3,8.2,7.7,8.2,67.3
213,A,0,0,9.1,5.3,5.8,6.7,44.8
213,B,1,0,8.9,5.6,4.7,9.0,63.7
213,C,1,1,6.6,6.6,8.1,4.0,75.5
213,D,1,1,8.2,7.5,6.6,9.0,85.5
214,A,0,0,6.9,2.1,4.6,7.1,34.5
214,B,0,1,7.1,8.6,5.7,8.2,66.0
214,C,1,1,6.3,7.0,7.3,4.3,74.8
214,D,1,0,6.6,7.2,8.1,10,69.8
215,A,0,0,8.5,6.9,5.7,6.6,46.2
215,B,1,0,7.1,7.9,5.1,8.8,64.8
215,C,1,0,8.5,7.5,8.2,4.2,64.0
215,D,1,0,6.7,4.6,6.9,7.1,58.8
216,A,0,0,7.7,4.5,6.7,4.8,39.5
216,B,1,1,7.8,6.7,6.7,9.2,84.0
216,C,1,1,6.5,6.0,10,6.8,82.2
216,D,1,0,7.0,5.5,6.9,8.8,63.7
217,A,1,0,6.1,4.9,6.4,5.6,55.0
217,B,0,0,6.5,8.5,5.2,8.0,47.0
217,C,1,0,6.3,4.4,9.6,4.9,58.7
217,D,0,1,7.5,4.7,8.5,8.5,65.3
218,A,0,0,7.1,5.4,6.9,7.7,45.2
218,B,1,0,8.4,10,6.4,8.1,71.5
218,C,0,1,5.3,6.0,7.8,5.8,58.2
218,D,1,1,8.6,7.8,7.4,6.8,84.3
219,A,1,1,8.8,7.5,7.9,6.4,84.3
219,B,1,0,7.0,7.9,7.2,8.3,67.3
219,C,1,0,6.4,5.5,7.9,6.5,60.5
219,D,1,0,8.5,6.0,5.9,7.0,62.3
220,A,0,0,8.8,4.8,4.1,6.8,40.8
220,B,1,1,6.7,7.9,6.1,7.5,80.3
220,C,0,1,6.0,6.1,9.1,6.0,62.0
220,D,1,0,5.7,8.0,5.7,8.6,63.3
221,A,1,0,7.7,6.2,5.1,8.4,62.3
221,B,1,1,5.2,8.5,8.6,6.4,81.2
221,C,1,0,6.4,3.9,8.3,5.5,56.8
221,D,1,0,8.4,7.1,9.0,7.5,70.0
222,A,0,0,10,4.8,5.7,7.3,46.3
222,B,0,0,5.2,9.7,6.2,8.3,49.0
222,C,0,0,5.8,6.0,9.2,6.9,46.5
222,D,1,1,4.7,6.0,8.4,8.9,80.0
223,A,0,1,8.8,5.2,5.9,7.4,62.2
223,B,1,0,6.4,6.2,6.1,6.6,58.8
223,C,1,0,7.4,4.7,6.8,5.0,56.5
223,D,1,1,5.9,8.3,6.3,6.6,78.5
224,A,0,1,6.4,4.1,3.0,4.5,46.7
224,B,0,1,7.5,10,7.8,8.7,73.3
224,C,0,1,6.6,5.6,9.7,5.5,62.3
224,D,1,0,7.3,8.0,5.5,9.4,67.0
225,A,0,0,9.0,5.0,5.8,4.4,40.3
225,B,1,1,7.3,8.1,3.9,8.8,80.2
225,C,1,1,5.3,6.3,8.5,7.7,79.7
225,D,0,0,7.0,5.5,5.9,5.5,39.8
226,A,1,0,7.9,6.3,5.4,5.9,59.2
226,B,1,1,8.2,10,6.4,7.5,86.8
226,C,1,0,5.4,5.9,10,9.2,67.5
226,D,1,1,6.0,6.5,6.8,6.7,76.7
227,A,1,0,9.7,6.8,4.5,8.0,65.0
227,B,1,0,8.9,8.3,5.8,8.6,69.3
227,C,0,1,7.7,4.2,8.8,6.6,62.2
227,D,1,1,9.8,9.2,9.3,8.3,94.3
228,A,1,0,8.5,4.7,5.8,5.8,58.0
228,B,0,0,7.2,4.0,4.5,8.1,39.7
228,C,0,0,6.2,4.3,7.4,4.8,37.8
228,D,0,1,5.6,8.2,5.7,4.5,56.7
229,A,0,0,7.7,6.6,3.4,8.7,44.0
229,B,0,0,6.9,6.9,6.3,5.8,43.2
229,C,1,0,5.8,5.1,8.0,5.4,57.2
229,D,0,1,6.7,7.5,6.6,7.9,64.5
230,A,1,1,8.1,7.7,5.0,6.7,79.2
230,B,0,1,7.0,8.2,3.6,7.3,60.2
230,C,1,0,7.0,3.9,10,8.5,65.7
230,D,1,1,9.9,8.2,8.7,7.4,90.3
231,A,1,1,8.6,4.5,6.6,5.3,75.0
231,B,0,0,8.9,8.0,4.6,7.8,48.8
231,C,1,1,8.4,5.5,8.6,7.3,83.0
231,D,1,1,6.1,8.3,8.6,6.9,83.2
232,A,0,0,10.0,5.9,4.0,7.1,45.0
232,B,0,1,8.1,8.9,6.9,5.4,65.5
232,C,0,0,5.8,5.8,7.7,6.6,43.2
232,D,1,1,7.0,7.9,6.1,8.6,82.7
233,A,1,0,7.9,6.6,5.6,6.8,61.5
233,B,1,1,8.3,8.3,7.9,6.4,84.8
233,C,0,1,6.7,4.4,7.1,6.0,57.0
233,D,1,1,8.8,8.7,9.0,6.9,89.0
234,A,0,0,7.5,4.4,6.2,5.2,38.8
234,B,1,0,6.1,7.9,6.7,7.3,63.3
234,C,0,1,5.5,2.4,6.8,5.2,49.8
234,D,1,1,5.8,8.8,9.2,8.0,86.3
235,A,0,0,7.3,6.6,6.1,6.3,43.8
235,B,0,1,6.8,7.2,6.6,6.9,62.5
235,C,0,0,7.7,6.4,6.6,9.9,51.0
235,D,0,0,6.3,9.2,7.1,8.6,52.0
236,A,0,0,10,6.8,7.5,9.0,55.5
236,B,1,1,7.4,9.3,4.2,8.7,82.7
236,C,1,0,7.2,6.4,6.2,5.9,59.5
236,D,1,0,8.7,9.0,7.1,5.3,66.8
237,A,0,0,7.2,5.9,5.2,7.0,42.2
237,B,1,0,6.7,8.2,8.7,8.7,70.5
237,C,0,0,6.5,5.5,7.6,7.0,44.3
237,D,1,1,9.2,8.0,7.3,7.0,85.8
238,A,1,0,8.0,5.8,5.7,7.1,61.0
238,B,1,0,6.8,7.7,6.3,6.0,61.3
238,C,0,1,7.5,4.5,7.8,6.6,60.7
238,D,1,1,7.0,8.3,7.3,7.8,84.0
239,A,1,1,10,4.4,5.2,6.6,77.0
239,B,1,1,6.7,6.7,5.1,7.9,77.3
239,C,0,1,7.6,3.2,5.6,6.9,55.5
239,D,1,1,8.0,8.7,5.6,6.6,81.5
240,A,0,1,7.9,4.9,5.8,6.8,59.0
240,B,0,1,8.6,6.8,7.9,4.8,63.5
240,C,1,1,5.8,5.8,7.4,6.3,75.5
240,D,0,0,7.8,6.7,7.6,8.2,50.5
241,A,1,0,9.5,3.4,4.1,6.5,55.8
241,B,1,1,7.9,7.3,4.6,7.6,79.0
241,C,0,0,4.1,3.4,7.8,5.8,35.2
241,D,0,1,8.7,6.2,9.4,6.6,68.2
242,A,1,0,9.4,3.6,6.4,5.8,58.7
242,B,0,0,7.6,7.7,5.8,7.4,47.5
242,C,1,1,6.5,4.3,10,4.6,75.7
242,D,1,0,6.3,6.5,8.8,8.5,66.8
243,A,1,0,8.8,5.0,3.6,6.2,56.0
243,B,1,1,6.0,7.3,4.2,7.0,74.2
243,C,0,0,6.5,4.7,7.8,6.8,43.0
243,D,1,1,5.6,7.2,6.8,7.4,78.3
244,A,1,1,8.3,6.1,5.4,5.4,75.3
244,B,0,0,9.3,8.9,5.8,10,56.7
244,C,1,0,4.9,4.7,10,6.3,59.8
244,D,1,1,6.9,9.0,6.2,6.0,80.2
245,A,1,0,7.5,4.7,5.5,5.9,56.0
245,B,0,0,5.5,8.2,6.4,9.3,49.0
245,C,1,0,4.5,5.9,7.4,8.2,60.0
245,D,1,1,5.5,8.4,4.9,9.2,80.0
246,A,0,0,7.4,6.9,5.6,6.7,44.3
246,B,1,0,6.1,7.5,5.9,5.8,58.8
246,C,1,0,6.0,6.3,6.9,5.7,58.2
246,D,1,1,8.7,7.0,6.4,7.5,82.7
247,A,1,0,7.8,4.1,6.4,5.2,55.8
247,B,1,1,6.9,5.0,4.7,6.1,71.2
247,C,0,0,7.4,5.2,10,4.2,44.7
247,D,1,0,6.5,7.4,8.4,6.3,64.3
248,A,1,0,7.8,5.6,5.5,5.8,57.8
248,B,0,0,7.3,8.2,4.7,7.5,46.2
248,C,1,1,5.5,6.2,8.1,7.0,78.0
248,D,1,1,6.5,7.8,9.3,8.2,86.3
249,A,1,1,9.3,6.4,6.5,4.6,78.0
249,B,0,0,6.0,7.7,6.0,9.2,48.2
249,C,0,1,8.3,4.7,6.4,6.5,59.8
249,D,1,0,7.2,9.5,8.8,9.4,74.8
250,A,0,0,7.4,4.8,5.0,7.9,41.8
250,B,0,1,8.0,9.4,5.9,7.9,68.7
250,C,0,1,5.0,7.5,9.5,6.0,63.3
250,D,1,1,7.4,7.9,9.6,6.1,85.0
251,A,1,0,8.4,6.1,5.6,5.9,60.0
251,B,1,1,5.6,8.7,6.1,8.2,81.0
251,C,1,1,8.3,5.6,7.9,6.3,80.2
251,D,1,0,5.2,7.2,9.0,7.9,65.5
252,A,0,1,8.1,1.0,4.7,6.7,50.8
252,B,1,1,5.9,7.9,5.4,5.9,75.2
252,C,1,0,5.5,5.0,7.7,7.1,58.8
252,D,1,0,6.6,8.0,8.2,8.1,68.2
253,A,0,0,6.6,6.4,5.6,5.9,40.8
253,B,1,0,7.4,9.0,4.8,7.7,64.8
253,C,1,1,5.8,4.7,10,5.7,77.0
253,D,1,1,6.9,7.6,7.9,6.6,81.7
254,A,1,1,6.7,4.1,5.3,7.8,73.2
254,B,0,1,6.3,7.9,5.2,7.8,62.0
254,C,1,0,7.7,6.2,9.6,6.2,66.2
254,D,0,1,7.6,6.1,8.6,6.4,64.5
255,A,0,0,8.9,5.2,4.4,5.4,39.8
255,B,1,0,7.8,7.4,5.4,7.5,63.5
255,C,1,0,8.3,7.0,8.9,8.4,71.0
255,D,1,0,9.1,5.7,7.5,6.3,64.3
256,A,1,1,9.9,4.3,7.1,6.1,79.0
256,B,0,1,10,7.2,6.0,10,72.0
256,C,0,1,5.8,4.9,6.8,6.7,57.0
256,D,1,1,6.4,7.5,8.0,5.4,78.8
257,A,0,1,8.2,5.3,6.1,6.0,59.3
257,B,0,1,7.8,9.0,3.9,9.2,66.5
257,C,0,0,5.7,5.2,8.0,8.2,45.2
257,D,0,0,6.0,7.2,7.5,9.2,49.8
258,A,1,0,8.2,5.6,5.6,7.1,60.8
258,B,1,1,5.8,8.6,6.4,8.9,82.8
258,C,0,0,7.3,4.3,8.2,5.2,41.7
258,D,0,1,6.9,6.8,7.1,7.1,63.2
259,A,1,0,10,4.1,6.9,8.0,65.0
259,B,0,0,7.8,6.8,6.8,8.4,49.7
259,C,1,0,6.2,4.1,9.4,5.7,59.0
259,D,0,1,6.3,6.5,7.4,7.6,63.0
260,A,1,0,5.9,2.0,3.5,7.5,48.2
260,B,0,0,6.8,5.6,7.0,5.3,41.2
260,C,1,1,7.0,4.8,9.7,5.0,77.5
260,D,0,0,7.2,7.1,6.0,5.0,42.2
261,A,1,0,8.1,6.4,5.9,5.8,60.3
261,B,1,0,7.1,8.4,5.3,6.4,62.0
261,C,1,1,8.2,7.0,9.8,4.8,83.0
261,D,1,1,10.0,7.9,7.3,5.7,84.8
262,A,1,0,7.9,4.8,7.0,4.6,57.2
262,B,1,0,9.4,9.4,5.5,9.6,73.2
262,C,0,1,6.7,4.9,6.9,6.3,58.0
262,D,1,1,7.3,8.4,8.6,8.7,88.3
263,A,0,0,9.4,4.8,4.5,6.3,41.7
263,B,1,1,7.6,7.9,7.4,6.7,82.7
263,C,0,0,6.5,6.9,9.5,5.6,47.5
263,D,1,1,7.7,7.3,8.3,7.1,84.0
264,A,0,1,6.4,2.8,6.0,7.6,54.7
264,B,0,0,5.2,4.8,6.2,7.4,39.3
264,C,1,1,5.9,4.3,8.9,5.1,73.7
264,D,1,0,6.8,7.4,7.2,7.1,64.2
265,A,0,1,8.5,4.5,3.6,8.2,58.0
265,B,0,0,6.9,6.3,4.5,9.5,45.3
265,C,1,1,5.6,5.8,6.2,8.4,76.7
265,D,1,0,6.3,6.9,6.0,7.5,61.2
266,A,0,0,6.6,5.2,4.9,6.9,39.3
266,B,1,0,4.4,9.2,3.5,7.4,57.5
266,C,1,0,7.7,3.6,6.4,4.9,54.3
266,D,1,0,5.6,7.1,8.5,6.1,62.2
267,A,1,0,6.1,5.3,6.7,3.3,52.3
267,B,1,0,7.5,5.2,5.7,8.5,61.5
267,C,1,0,6.7,6.5,6.9,7.6,62.8
267,D,0,0,8.7,7.5,7.2,6.7,50.2
268,A,0,1,9.5,5.7,7.6,6.4,65.3
268,B,1,0,9.0,7.6,8.6,8.7,73.2
268,C,1,0,5.3,4.3,7.7,6.8,56.8
268,D,1,0,8.2,7.1,8.9,8.2,70.7
269,A,0,1,10,6.3,5.6,5.2,61.8
269,B,1,0,6.4,7.8,5.0,6.0,58.7
269,C,1,1,6.7,7.1,6.2,4.7,74.5
269,D,1,1,8.1,5.2,7.1,5.5,76.5
270,A,1,0,5.9,3.0,7.3,7.9,56.8
270,B,0,0,6.0,8.7,8.5,7.2,50.7
270,C,1,0,6.2,6.7,9.0,5.2,61.8
270,D,1,0,7.5,6.6,8.3,7.6,66.7
271,A,0,1,8.9,4.7,5.8,7.5,61.5
271,B,1,0,7.3,8.2,5.9,5.9,62.2
271,C,1,0,6.3,1.6,8.3,7.5,56.2
271,D,1,0,8.4,4.3,6.2,7.8,61.2
272,A,0,1,9.1,4.1,7.2,7.1,62.5
272,B,1,1,7.8,8.7,7.0,5.7,82.0
272,C,1,0,4.4,5.0,7.6,5.6,54.3
272,D,1,1,7.1,9.7,6.4,6.2,82.3
273,A,1,1,7.9,4.6,2.9,8.5,73.2
273,B,1,0,9.2,9.4,5.5,7.8,69.8
273,C,1,1,5.7,4.6,9.2,8.3,79.7
273,D,1,0,8.4,7.1,7.5,6.3,65.5
274,A,1,0,8.2,4.6,7.9,4.8,59.2
274,B,1,1,7.1,5.2,4.9,9.3,77.5
274,C,1,0,9.0,4.5,8.8,5.2,62.5
274,D,1,1,7.2,8.6,5.1,5.2,76.8
275,A,0,0,9.6,3.2,7.4,6.1,43.8
275,B,1,0,6.4,6.5,7.7,9.3,66.5
275,C,0,1,6.4,3.3,8.8,7.3,59.7
275,D,1,0,8.1,4.5,6.1,5.9,57.7
276,A,0,1,8.0,5.4,5.9,7.6,61.5
276,B,1,1,6.8,6.1,5.5,6.3,74.5
276,C,1,1,6.9,3.4,8.6,6.3,75.3
276,D,1,0,8.3,9.1,8.4,9.3,75.2
277,A,0,1,8.3,3.5,5.6,8.2,59.3
277,B,0,1,6.5,7.4,8.2,6.6,64.5
277,C,1,1,5.8,7.0,7.6,5.8,77.0
277,D,1,0,9.5,7.3,4.7,9.0,67.5
278,A,1,1,7.6,5.3,7.2,6.2,77.2
278,B,1,1,7.7,7.6,5.1,8.7,81.8
278,C,1,0,3.7,5.6,8.5,7.8,59.3
278,D,1,1,9.3,6.4,6.8,9.4,86.5
279,A,0,0,8.4,4.8,5.7,5.3,40.3
279,B,1,1,7.9,6.1,8.5,6.7,82.0
279,C,1,1,4.0,4.5,7.9,4.5,68.2
279,D,1,0,7.4,10,7.4,8.2,71.7
280,A,1,1,4.8,5.9,5.7,5.6,70.0
280,B,1,0,4.3,8.5,5.7,6.1,57.7
280,C,1,0,6.0,5.0,7.3,5.9,57.0
280,D,0,0,8.1,7.6,6.2,6.4,47.2
281,A,1,0,8.3,6.4,3.7,5.2,56.0
281,B,0,0,5.2,8.6,8.0,8.5,50.5
281,C,1,0,7.4,5.1,7.8,5.9,60.3
281,D,1,0,7.9,8.5,7.3,7.6,68.8
282,A,1,0,8.7,4.8,8.3,6.6,64.0
282,B,1,0,3.5,6.8,6.7,7.1,56.8
282,C,1,1,7.5,3.4,7.2,7.6,76.2
282,D,1,1,9.1,7.2,7.0,3.7,78.3
283,A,1,0,10,3.1,6.5,8.2,63.0
283,B,1,1,4.9,5.8,4.9,8.9,74.2
283,C,1,0,7.6,6.6,6.7,9.5,67.3
283,D,0,0,6.2,8.1,7.7,6.1,46.8
284,A,1,0,6.6,5.7,5.2,5.9,55.7
284,B,1,0,6.8,7.9,5.6,8.1,64.0
284,C,1,1,6.3,5.9,8.7,4.6,75.8
284,D,1,1,4.9,7.2,8.6,8.0,81.2
285,A,1,0,7.3,4.7,6.8,6.5,58.8
285,B,0,0,5.3,9.1,8.6,6.0,48.3
285,C,0,0,6.5,5.1,8.5,5.5,42.7
285,D,1,0,7.7,8.6,7.8,5.3,65.7
286,A,1,0,8.2,5.1,5.8,5.2,57.2
286,B,1,0,8.0,7.1,4.8,9.1,65.0
286,C,1,0,7.0,7.0,9.1,9.8,71.5
286,D,1,1,8.5,10,8.6,8.6,92.8
287,A,0,1,7.2,4.7,7.5,7.4,61.3
287,B,1,0,7.8,8.5,6.7,6.5,65.8
287,C,1,0,8.2,6.3,8.1,7.4,66.7
287,D,1,0,7.8,6.2,8.2,6.6,64.7
288,A,0,0,10,5.5,3.8,7.0,43.8
288,B,0,0,9.4,8.6,4.3,7.8,50.2
288,C,1,1,6.4,5.8,7.8,4.5,74.2
288,D,1,1,7.7,7.3,8.4,7.1,84.2
289,A,0,1,8.5,3.3,3.3,4.5,49.3
289,B,1,1,10,9.8,9.3,10,98.5
289,C,0,0,7.7,1.4,7.6,8.1,41.3
289,D,1,0,6.1,7.5,8.0,9.1,67.8
290,A,1,1,10,4.6,5.6,5.8,76.7
290,B,1,0,7.3,7.3,5.6,7.4,62.7
290,C,1,0,6.4,6.2,7.2,5.5,58.8
290,D,1,1,7.1,6.8,8.2,8.4,84.2
291,A,0,1,8.7,3.2,6.4,6.4,57.8
291,B,1,0,6.1,7.1,6.5,6.5,60.3
291,C,1,0,5.8,6.1,8.5,7.7,63.5
291,D,1,1,8.5,7.9,5.0,7.5,81.5
292,A,1,0,8.4,6.1,6.1,7.4,63.3
292,B,1,0,5.3,7.4,7.8,7.6,63.5
292,C,0,0,4.6,3.6,6.8,6.4,35.7
292,D,1,1,7.5,7.1,7.9,7.5,83.3
293,A,1,0,9.5,3.9,6.7,4.6,57.8
293,B,0,1,7.0,5.4,4.5,5.5,54.0
293,C,1,1,7.7,4.0,6.8,4.4,71.5
293,D,1,0,8.5,8.5,6.1,6.9,66.7
294,A,0,0,7.8,3.3,5.5,6.3,38.2
294,B,1,1,10,7.8,4.9,6.7,82.3
294,C,1,0,5.9,3.9,8.0,4.9,54.5
294,D,0,1,8.2,6.3,8.0,8.0,67.5
295,A,1,0,8.3,5.1,4.5,6.2,56.8
295,B,1,0,6.5,9.2,5.3,7.5,64.2
295,C,0,0,5.4,3.8,7.0,4.0,33.7
295,D,1,0,7.8,7.9,6.9,7.9,67.5
296,A,0,1,8.8,6.0,5.0,7.4,62.0
296,B,0,1,6.6,6.0,6.0,7.4,60.0
296,C,1,1,6.3,4.9,7.9,5.1,73.7
296,D,1,1,8.3,8.5,8.3,5.4,84.2
297,A,0,0,7.5,4.7,6.4,6.2,41.3
297,B,1,1,4.8,7.6,4.7,7.4,74.2
297,C,0,1,5.7,6.8,9.9,6.6,65.0
297,D,1,0,7.8,7.2,8.4,6.3,66.2
298,A,1,1,7.7,6.7,7.0,4.9,77.2
298,B,1,0,6.2,10,6.6,5.6,64.0
298,C,1,0,6.1,6.0,7.3,6.3,59.5
298,D,1,0,7.6,6.8,8.6,7.7,67.8
299,A,1,0,9.4,4.9,6.2,5.3,59.7
299,B,0,0,6.5,8.0,5.5,8.1,46.8
299,C,0,1,5.8,5.5,8.1,7.2,61.0
299,D,1,1,6.3,6.2,6.4,6.2,75.2
300,A,0,1,7.6,4.9,5.4,6.8,57.8
300,B,0,1,7.7,7.8,7.8,7.1,67.3
300,C,0,1,6.0,4.3,6.8,6.2,55.5
300,D,1,1,8.2,7.0,6.2,8.0,82.3
301,A,1,0,7.1,7.4,3.2,6.5,57.0
301,B,1,1,6.0,5.7,6.6,9.4,79.5
301,C,1,0,6.8,5.8,8.0,4.5,58.5
301,D,0,0,7.4,8.6,7.0,7.9,51.5
302,A,1,0,7.2,5.6,6.1,6.0,58.2
302,B,1,0,8.0,8.9,7.6,8.4,71.5
302,C,0,1,8.6,5.1,6.5,7.3,62.5
302,D,1,0,9.9,8.4,8.5,8.4,75.3
303,A,1,0,9.3,2.5,5.0,5.1,53.2
303,B,1,0,9.0,8.4,6.5,8.2,70.2
303,C,0,0,5.3,5.0,8.6,7.0,43.2
303,D,1,1,8.8,7.5,6.8,7.9,85.0
304,A,1,0,7.1,4.5,6.7,5.9,57.0
304,B,1,0,7.7,10,5.1,6.2,65.0
304,C,1,1,3.5,5.2,7.2,8.0,73.2
304,D,1,0,8.6,6.1,8.5,8.0,68.7
305,A,1,0,7.6,6.0,5.9,7.1,61.0
305,B,1,1,6.8,8.4,6.9,7.7,83.0
305,C,1,1,7.0,3.4,7.7,5.9,73.3
305,D,1,1,6.0,6.1,7.1,10,82.0
306,A,1,1,8.1,4.7,4.6,7.6,75.0
306,B,0,1,6.9,8.6,7.9,8.3,69.5
306,C,0,1,7.0,5.7,7.7,5.7,60.2
306,D,0,0,6.9,6.5,5.8,7.8,45.0
307,A,0,0,6.2,7.4,6.8,5.1,42.5
307,B,1,0,7.8,7.6,8.5,6.6,67.5
307,C,1,1,8.5,6.2,8.2,5.1,80.0
307,D,1,1,9.0,7.1,5.8,6.3,80.3
308,A,1,1,7.3,5.6,6.2,9.5,81.0
308,B,1,0,4.4,8.5,4.6,7.3,58.0
308,C,1,1,6.1,5.8,7.6,7.3,78.0
308,D,1,0,6.8,7.1,5.9,6.6,60.7
309,A,1,1,8.1,4.7,6.9,6.5,77.0
309,B,0,1,7.6,6.8,5.8,9.6,66.3
309,C,1,1,5.4,5.6,7.6,5.6,73.7
309,D,0,0,7.3,6.9,8.9,7.3,50.7
310,A,1,0,9.2,4.3,3.7,7.0,57.0
310,B,1,1,5.8,5.3,5.5,7.4,73.3
310,C,1,1,5.1,4.7,9.1,6.5,75.7
310,D,0,0,6.9,8.0,7.1,4.9,44.8
311,A,1,0,6.4,5.2,7.9,7.7,62.0
311,B,1,1,6.5,6.4,7.4,8.0,80.5
311,C,0,0,5.9,5.7,8.0,5.8,42.3
311,D,1,1,7.1,9.1,7.2,5.8,82.0
312,A,0,0,8.2,4.8,3.8,5.9,37.8
312,B,1,0,8.2,7.9,4.6,10,67.8
312,C,0,0,6.1,6.3,7.9,4.5,41.3
312,D,1,0,8.2,8.4,6.2,6.5,65.5
313,A,1,0,5.4,5.5,5.7,5.8,54.0
313,B,0,1,8.9,9.0,5.9,8.3,70.2
313,C,1,1,6.7,4.2,7.0,4.8,71.2
313,D,0,0,8.6,7.0,5.7,6.3,46.0
314,A,0,1,9.5,5.4,7.1,9.2,68.7
314,B,0,0,5.2,6.0,5.6,8.3,41.8
314,C,1,0,4.7,6.2,6.1,6.0,55.0
314,D,0,1,9.9,6.5,8.0,7.6,70.0
315,A,1,0,6.7,2.8,4.4,3.7,46.0
315,B,1,1,5.4,6.3,5.5,7.7,74.8
315,C,1,1,6.2,7.0,7.6,4.9,76.2
315,D,1,1,7.8,8.9,5.7,8.1,84.2
316,A,1,1,7.3,5.0,6.1,7.3,76.2
316,B,1,0,8.6,9.9,7.1,7.3,71.5
316,C,1,1,4.8,4.7,5.2,7.1,69.7
316,D,1,1,6.8,9.8,6.5,7.9,85.0
317,A,0,1,8.7,5.9,5.8,5.3,59.5
317,B,1,1,7.5,5.4,4.6,7.6,75.2
317,C,1,0,6.9,5.7,9.3,4.2,60.2
317,D,0,0,9.3,8.9,8.4,7.5,56.8
318,A,1,1,8.6,7.3,6.5,5.1,79.2
318,B,1,1,8.5,8.7,6.4,8.3,86.5
318,C,0,1,5.0,5.8,7.9,7.2,59.8
318,D,0,1,8.2,6.2,7.9,8.5,68.0
319,A,0,0,9.8,4.2,6.9,8.0,48.2
319,B,1,0,8.3,6.7,6.6,8.7,67.2
319,C,1,0,5.8,7.2,8.5,5.1,61.0
319,D,0,0,6.9,7.1,7.1,7.4,47.5
320,A,0,1,9.5,4.5,3.5,5.2,54.5
320,B,1,0,6.3,8.0,6.0,5.4,59.5
320,C,1,1,6.2,3.6,10,6.2,76.7
320,D,0,1,8.2,6.5,7.6,6.2,64.2
321,A,1,1,7.3,4.7,7.9,5.1,75.0
321,B,1,1,7.1,6.7,5.7,6.0,75.8
321,C,1,1,4.6,4.7,9.9,3.7,71.5
321,D,0,1,8.8,9.0,7.1,8.0,71.5
322,A,1,0,7.5,4.1,5.3,7.8,57.8
322,B,0,1,6.8,7.0,4.5,4.5,54.7
322,C,1,0,4.8,3.5,9.4,6.8,57.5
322,D,1,1,7.0,7.8,6.1,5.5,77.3
323,A,1,0,7.1,6.7,8.0,8.6,67.3
323,B,1,1,7.1,6.8,6.3,6.2,77.3
323,C,1,0,6.1,3.5,9.2,7.6,60.7
323,D,1,1,5.7,7.5,7.5,8.7,82.3
324,A,0,1,6.9,6.1,6.7,5.9,59.3
324,B,1,0,5.2,9.6,7.4,7.7,66.5
324,C,1,1,6.3,4.9,7.1,7.8,76.8
324,D,1,0,6.9,8.2,5.4,8.7,65.3
325,A,0,0,8.5,4.9,4.9,4.9,38.7
325,B,0,0,6.9,7.2,4.0,7.1,42.0
325,C,1,0,6.8,5.4,7.7,6.8,61.2
325,D,1,0,6.4,8.6,5.9,8.1,65.0
326,A,0,0,9.3,7.2,6.5,5.2,47.0
326,B,0,0,6.4,7.2,8.8,8.2,51.0
326,C,1,1,6.5,4.9,7.0,4.4,71.3
326,D,1,1,8.8,8.5,7.8,7.0,86.8
327,A,0,0,8.0,6.7,5.3,5.6,42.7
327,B,1,0,7.4,10,6.1,7.7,68.7
327,C,1,1,6.2,5.8,9.7,7.6,82.2
327,D,1,1,6.4,7.5,7.2,6.7,79.7
328,A,1,0,8.7,3.6,5.3,6.1,56.2
328,B,1,1,7.1,8.5,7.9,5.2,81.2
328,C,0,0,4.9,3.7,6.3,5.5,34.0
328,D,1,1,8.5,5.8,8.9,7.8,85.0
329,A,0,1,9.0,6.9,5.0,4.8,59.5
329,B,0,0,7.4,7.3,9.5,4.6,48.0
329,C,0,1,6.3,6.2,7.6,6.3,60.7
329,D,0,0,6.4,6.2,7.8,6.4,44.7
330,A,1,0,8.2,3.9,6.7,6.4,58.7
330,B,1,0,7.4,9.4,5.0,6.2,63.3
330,C,0,1,5.0,5.7,9.0,5.7,59.0
330,D,1,1,9.4,5.1,8.3,7.3,83.5
331,A,1,0,10,4.7,5.1,8.4,63.7
331,B,1,0,5.2,6.8,6.5,9.1,62.7
331,C,1,0,5.6,6.0,8.6,6.8,61.7
331,D,0,0,6.6,7.4,7.5,6.5,46.7
332,A,1,0,8.8,4.9,3.4,5.6,54.5
332,B,1,1,7.5,9.4,8.6,6.3,86.3
332,C,1,0,4.8,4.2,9.7,7.7,60.7
332,D,1,0,10,7.1,7.7,7.3,70.2
333,A,1,1,9.2,4.8,7.7,5.9,79.3
333,B,1,1,6.0,8.1,5.3,6.8,77.0
333,C,1,1,5.3,4.5,10,3.7,72.5
333,D,1,0,7.1,6.8,5.1,6.4,59.0
334,A,1,1,8.3,7.1,6.8,6.5,81.2
334,B,0,1,7.2,6.5,6.9,9.0,66.0
334,C,1,0,3.9,5.5,7.6,6.2,55.3
334,D,1,0,8.5,6.9,10,6.7,70.2
335,A,0,0,9.1,3.7,6.8,6.1,42.8
335,B,1,0,6.9,8.4,6.0,6.9,63.7
335,C,1,1,5.7,5.2,8.2,6.3,75.7
335,D,1,1,8.2,7.1,7.0,9.4,86.2
336,A,0,0,8.1,4.5,7.3,5.6,42.5
336,B,1,1,7.7,8.2,5.6,8.9,84.0
336,C,1,1,7.2,7.3,8.3,5.9,81.2
336,D,0,0,9.2,9.7,8.0,8.0,58.2
337,A,0,0,9.1,5.1,7.6,6.1,46.5
337,B,0,0,6.9,7.4,5.5,7.1,44.8
337,C,1,0,6.5,6.2,5.4,4.0,53.5
337,D,0,0,7.1,7.6,7.8,4.7,45.3
338,A,1,1,7.9,6.3,5.5,6.6,77.2
338,B,1,1,7.6,7.9,6.7,6.3,80.8
338,C,1,1,6.0,6.5,8.6,5.6,77.8
338,D,0,0,7.9,7.3,5.1,7.5,46.3
339,A,1,0,10,6.9,3.2,5.5,59.3
339,B,0,0,6.8,7.8,5.7,6.9,45.3
339,C,1,1,6.7,4.9,8.5,6.0,76.8
339,D,1,1,7.7,5.2,7.3,7.2,79.0
340,A,0,1,6.7,4.7,6.0,6.6,56.7
340,B,1,1,7.7,7.5,4.8,6.5,77.5
340,C,0,1,4.2,4.6,7.8,7.9,57.5
340,D,1,0,9.0,6.2,5.0,8.9,65.2
341,A,1,0,6.9,5.5,6.2,4.9,55.8
341,B,0,1,5.2,7.5,4.7,7.8,58.7
341,C,1,0,6.0,7.5,5.8,6.2,59.2
341,D,1,1,6.5,7.8,6.6,9.7,84.3
342,A,0,0,7.0,4.5,6.9,2.0,34.0
342,B,0,0,7.6,7.8,7.0,8.2,51.0
342,C,1,1,7.7,4.4,9.1,6.6,79.7
342,D,0,0,9.2,8.1,7.7,7.1,53.5
343,A,0,0,8.5,5.7,5.5,5.2,41.5
343,B,1,0,7.7,8.7,7.4,6.2,66.7
343,C,1,1,7.2,5.8,6.8,5.4,75.3
343,D,0,1,5.6,6.5,6.9,6.4,59.0
344,A,1,0,8.9,4.9,5.4,5.1,57.2
344,B,1,1,6.0,8.9,7.4,9.5,86.3
344,C,1,1,6.5,5.4,6.2,6.5,74.3
344,D,1,0,5.9,6.5,8.1,7.8,63.8
345,A,0,0,6.8,4.4,5.7,7.5,40.7
345,B,1,0,3.5,9.4,7.4,8.3,64.3
345,C,0,0,9.1,4.8,6.4,5.6,43.2
345,D,1,0,9.5,8.6,8.3,9.5,76.5
346,A,1,0,8.9,6.3,7.0,6.4,64.3
346,B,0,1,4.4,7.8,5.3,7.8,58.8
346,C,0,1,8.9,4.7,6.6,7.4,62.7
346,D,1,0,7.1,8.2,4.3,6.1,59.5
347,A,0,0,10,4.5,8.1,5.2,46.3
347,B,0,1,7.6,9.0,5.5,7.4,65.8
347,C,0,1,7.7,5.8,9.8,7.4,67.8
347,D,1,1,8.9,6.2,7.6,8.0,84.5
348,A,1,1,8.6,5.0,3.5,7.1,73.7
348,B,0,0,7.1,6.3,6.1,7.4,44.8
348,C,0,1,5.7,6.0,8.7,5.4,59.7
348,D,0,1,9.4,6.5,6.5,5.2,62.7
349,A,0,1,7.7,6.0,6.3,5.1,58.5
349,B,1,0,4.6,8.4,4.6,9.6,62.0
349,C,0,1,8.3,4.8,5.9,5.1,56.8
349,D,1,0,6.0,8.1,6.6,5.9,61.0
350,A,0,0,6.1,6.4,5.3,3.8,36.0
350,B,1,1,8.0,6.9,4.9,6.3,76.8
350,C,1,0,8.3,6.1,5.3,7.6,62.2
350,D,1,0,6.5,5.1,7.6,7.4,61.0
351,A,1,0,6.1,4.0,8.3,7.7,60.2
351,B,1,0,6.9,6.1,6.8,5.8,59.3
351,C,1,0,3.6,3.5,5.9,4.9,46.5
351,D,1,1,7.2,7.3,7.1,5.8,79.0
352,A,0,0,8.1,1.3,5.9,6.3,36.0
352,B,1,0,6.2,8.6,6.2,6.8,63.0
352,C,0,1,6.8,6.3,8.7,6.1,63.2
352,D,1,0,8.1,6.4,5.4,6.0,59.8
353,A,1,1,8.6,3.9,4.9,7.5,74.8
353,B,1,0,6.5,9.6,5.2,6.2,62.5
353,C,0,1,6.4,3.7,8.1,6.7,58.2
353,D,0,1,10,8.2,6.6,6.4,68.7
354,A,0,1,8.4,5.5,5.4,6.9,60.3
354,B,1,0,6.6,7.6,6.4,10,67.7
354,C,1,0,7.0,6.7,9.6,5.0,63.8
354,D,1,1,7.7,10,8.2,7.4,88.8
355,A,0,0,5.0,4.9,6.9,7.0,39.7
355,B,1,1,7.3,5.7,4.3,7.0,73.8
355,C,1,0,6.7,4.7,6.7,8.2,60.5
355,D,1,1,6.7,6.3,4.8,7.3,75.2
356,A,0,1,7.0,7.3,5.2,7.2,61.2
356,B,1,1,4.5,8.2,5.6,8.5,78.0
356,C,1,1,7.9,3.3,8.4,4.9,74.2
356,D,1,0,6.8,6.8,6.5,6.7,61.3
357,A,1,1,8.9,3.7,5.8,7.6,76.7
357,B,1,0,8.0,8.4,7.5,4.9,64.7
357,C,1,0,6.6,4.0,5.9,4.1,51.0
357,D,1,0,6.1,7.6,8.2,7.8,66.2
358,A,1,0,8.2,5.1,4.7,6.3,57.2
358,B,1,0,7.2,7.0,7.6,9.5,68.8
358,C,0,1,7.0,5.9,9.2,8.3,67.3
358,D,0,1,9.6,7.7,8.9,7.1,72.2
359,A,1,1,8.3,5.2,3.9,5.5,71.5
359,B,1,0,7.1,6.5,7.3,8.1,65.0
359,C,1,0,2.9,5.0,9.8,7.3,58.3
359,D,1,0,7.6,8.1,7.4,7.2,67.2
360,A,0,1,7.7,4.5,7.9,7.1,62.0
360,B,1,0,10,6.9,6.8,7.0,67.8
360,C,1,0,5.5,4.5,7.0,7.8,58.0
360,D,0,0,6.5,7.1,7.5,8.9,50.0
361,A,1,0,7.5,3.6,7.4,5.3,56.3
361,B,1,0,7.3,7.2,8.2,8.7,69.0
361,C,1,0,5.3,4.4,7.0,7.8,57.5
361,D,1,1,8.8,4.1,7.3,6.5,77.8
362,A,1,0,9.0,4.1,5.4,5.1,56.0
362,B,1,1,5.2,5.8,8.1,8.0,78.5
362,C,1,0,5.9,5.0,9.2,4.6,57.8
362,D,1,0,6.5,6.0,6.0,10,64.2
363,A,0,0,6.8,5.9,6.7,6.7,43.5
363,B,1,0,6.9,8.2,7.3,5.9,63.8
363,C,0,1,5.6,3.9,10,5.0,57.5
363,D,1,1,7.5,6.5,7.8,8.4,83.7
364,A,0,1,10,5.5,5.9,4.7,60.2
364,B,1,1,4.2,9.1,6.7,7.5,79.2
364,C,1,1,4.9,3.9,6.5,7.8,71.8
364,D,1,1,7.8,9.5,8.8,6.4,87.5
365,A,1,0,6.5,7.1,5.9,7.0,60.8
365,B,1,1,8.2,5.6,5.9,7.7,79.0
365,C,1,0,7.2,6.4,8.8,6.2,64.3
365,D,1,1,7.4,7.5,7.5,7.5,83.2
366,A,1,1,9.8,6.2,7.8,6.0,83.0
366,B,1,0,6.8,10,6.0,6.6,65.7
366,C,1,0,5.9,4.4,8.3,4.3,54.8
366,D,1,1,6.5,10,7.4,8.4,87.2
367,A,0,0,7.7,6.8,9.0,3.9,45.7
367,B,1,0,7.5,8.4,6.0,6.2,63.5
367,C,1,0,6.4,6.3,9.2,7.3,65.3
367,D,1,1,7.4,6.8,5.7,7.0,78.2
368,A,0,0,8.8,7.0,5.4,7.2,47.3
368,B,1,1,5.9,7.2,5.3,7.1,75.8
368,C,1,0,9.3,6.1,10,7.5,71.5
368,D,0,1,7.5,6.4,8.9,5.9,64.5
369,A,1,0,6.9,6.5,5.3,6.9,59.3
369,B,1,0,6.1,7.3,7.1,8.8,65.5
369,C,0,0,5.0,6.9,7.3,6.9,43.5
369,D,1,1,8.5,6.6,6.8,6.4,80.5
370,A,1,0,6.8,3.2,3.1,6.2,48.8
370,B,1,0,5.9,6.8,8.6,6.1,62.3
370,C,0,0,5.4,4.7,6.0,6.6,37.8
370,D,1,1,7.5,7.7,5.9,7.4,80.8
371,A,0,1,8.9,4.3,8.0,8.0,65.3
371,B,1,1,6.0,8.7,7.0,7.5,82.0
371,C,1,0,6.5,4.8,6.5,6.7,57.5
371,D,1,1,7.5,9.2,7.3,8.0,86.7
372,A,1,1,7.9,5.4,5.5,6.2,75.0
372,B,1,1,6.6,6.9,7.7,7.3,80.8
372,C,1,0,4.7,3.9,7.2,7.5,55.5
372,D,1,0,8.0,8.6,4.7,7.1,64.0
373,A,0,0,8.9,6.7,4.6,4.1,40.5
373,B,1,1,7.6,6.9,6.8,8.4,82.8
373,C,1,1,6.7,6.5,6.6,5.2,75.0
373,D,1,1,9.5,8.6,6.2,9.3,89.3
374,A,0,0,8.9,2.7,5.5,5.4,37.5
374,B,0,0,5.5,6.9,8.1,7.0,45.8
374,C,1,0,6.2,3.9,6.0,7.0,55.2
374,D,1,1,10,7.9,6.5,6.8,85.3
375,A,1,1,8.3,5.0,2.8,7.9,73.3
375,B,0,0,7.1,8.3,5.1,5.4,43.2
375,C,0,0,6.7,5.1,9.1,5.7,44.3
375,D,1,1,9.5,8.5,5.1,7.3,84.0
376,A,1,1,9.3,4.2,8.5,5.1,78.5
376,B,1,1,5.7,7.9,7.7,7.3,81.0
376,C,1,0,6.6,6.1,8.3,6.5,62.5
376,D,1,1,8.3,7.8,7.3,7.7,85.2
377,A,0,0,6.5,5.7,5.2,5.3,37.8
377,B,0,1,9.0,5.0,4.9,8.2,61.8
377,C,0,0,6.5,1.7,8.9,6.0,38.5
377,D,1,0,6.4,7.8,7.8,7.5,65.8
378,A,1,1,7.0,6.4,6.1,4.9,74.0
378,B,1,0,7.9,7.0,6.8,6.7,64.0
378,C,1,0,5.7,7.3,9.0,7.1,65.2
378,D,1,1,7.8,7.8,8.2,7.0,84.7
379,A,0,0,9.7,4.0,5.7,6.5,43.2
379,B,1,1,6.4,8.1,5.7,5.5,76.2
379,C,0,1,6.4,6.3,6.6,7.3,61.0
379,D,1,1,8.0,7.0,8.2,8.2,85.7
380,A,1,1,8.6,2.6,6.4,4.4,70.0
380,B,1,0,6.8,6.8,6.4,5.5,59.2
380,C,1,1,6.7,6.7,9.9,4.6,79.8
380,D,1,1,8.4,8.6,8.8,6.9,87.8
381,A,1,1,7.2,4.6,7.8,6.0,76.0
381,B,0,1,9.0,7.6,5.3,8.0,66.5
381,C,1,1,6.7,5.7,8.7,7.9,81.7
381,D,0,0,8.8,7.5,9.4,4.4,50.2
382,A,0,0,5.7,5.3,5.3,5.4,36.2
382,B,1,1,7.7,6.3,5.8,8.2,80.0
382,C,1,0,5.2,4.4,5.9,5.3,51.3
382,D,0,1,5.4,7.3,6.9,7.6,62.0
383,A,1,1,8.3,5.4,6.6,7.4,79.5
383,B,1,0,7.1,7.6,6.3,5.8,61.3
383,C,0,1,5.1,4.2,8.9,6.8,58.3
383,D,1,1,6.5,6.7,7.0,8.6,81.3
384,A,1,1,6.8,2.6,5.3,4.9,66.0
384,B,1,1,8.3,10,7.7,9.0,91.7
384,C,1,1,7.3,5.8,8.2,8.1,82.3
384,D,1,0,6.6,6.7,6.8,8.5,64.3
385,A,0,1,10,3.4,5.7,6.7,59.7
385,B,1,0,9.5,10,6.4,7.5,72.3
385,C,1,1,5.7,2.5,5.7,5.2,65.2
385,D,1,0,9.2,5.5,8.7,7.0,67.3
386,A,1,1,10,5.4,4.1,6.2,76.2
386,B,1,0,5.5,10,6.5,6.5,64.2
386,C,1,1,7.1,3.7,8.2,6.6,76.0
386,D,1,1,7.5,3.6,7.7,8.7,79.2
387,A,1,0,7.3,4.0,6.1,9.1,60.8
387,B,1,0,6.7,7.4,5.8,6.8,61.2
387,C,1,1,6.6,5.7,8.3,8.0,81.0
387,D,1,0,9.1,5.4,6.1,7.2,63.0
388,A,1,1,10,4.6,2.7,5.6,71.5
388,B,0,1,8.1,9.7,7.2,7.6,71.0
388,C,1,1,7.9,5.8,7.8,7.5,81.7
388,D,1,1,7.2,8.8,8.0,5.6,82.7
389,A,0,1,8.8,2.2,3.8,5.6,50.7
389,B,0,0,2.7,9.7,5.4,5.5,38.8
389,C,0,1,7.4,4.4,8.5,6.9,62.0
389,D,0,0,8.3,5.6,8.8,8.2,51.5
390,A,1,0,8.0,6.2,5.0,6.8,60.0
390,B,1,1,5.8,8.1,6.2,6.9,78.3
390,C,0,0,8.3,5.7,8.2,7.2,49.0
390,D,1,1,7.2,5.5,7.8,6.4,78.2
391,A,1,1,8.4,4.8,9.0,7.5,82.8
391,B,1,1,5.4,7.0,6.0,8.4,78.0
391,C,1,0,8.2,1.6,9.8,7.6,62.0
391,D,0,1,7.8,8.0,8.6,8.6,71.7
392,A,1,1,7.2,6.6,6.6,2.6,71.7
392,B,1,0,6.9,6.9,7.5,5.6,61.5
392,C,0,1,6.3,6.1,9.6,4.8,61.3
392,D,1,0,6.8,5.2,7.4,8.4,63.0
393,A,1,0,8.4,6.3,5.1,7.3,61.8
393,B,1,0,5.8,7.3,6.2,8.0,62.2
393,C,1,1,5.5,3.8,8.4,6.2,73.2
393,D,0,1,8.1,8.5,7.9,6.5,68.3
394,A,0,0,10,3.9,6.3,6.0,43.7
394,B,1,0,7.7,7.2,7.5,9.0,69.0
394,C,1,1,6.0,6.2,10,6.8,81.7
394,D,1,1,6.9,7.5,5.7,8.5,81.0
395,A,0,1,8.1,5.5,7.0,6.5,61.8
395,B,1,1,7.4,9.0,5.1,8.2,82.8
395,C,1,0,7.3,5.4,4.8,7.8,58.8
395,D,1,1,8.6,8.6,8.0,5.3,84.2
396,A,0,0,8.0,5.9,6.2,7.0,45.2
396,B,1,0,5.8,8.6,6.0,7.3,62.8
396,C,0,1,7.7,5.8,9.0,6.6,65.2
396,D,1,1,6.8,9.0,4.2,9.3,82.2
397,A,1,0,8.0,4.7,7.4,8.1,63.7
397,B,1,0,6.5,7.7,7.5,5.8,62.5
397,C,1,0,7.2,6.0,7.1,5.0,58.8
397,D,1,1,8.5,6.5,6.8,8.5,83.8
398,A,1,0,7.3,5.2,6.6,5.8,58.2
398,B,0,1,6.7,7.2,3.9,8.3,60.2
398,C,1,1,6.6,4.0,6.4,5.4,70.7
398,D,1,1,8.9,8.7,6.7,7.9,87.0
399,A,0,0,9.0,5.5,6.4,5.8,44.5
399,B,1,0,6.8,7.9,6.8,8.2,66.2
399,C,1,1,8.4,4.7,9.6,8.0,84.5
399,D,1,1,9.1,8.1,7.4,5.8,84.0
400,A,1,1,9.9,3.8,5.8,6.2,76.2
400,B,1,1,5.4,7.1,6.1,7.1,76.2
400,C,0,1,5.5,4.4,9.7,6.1,59.5
400,D,1,0,6.5,4.7,6.6,5.6,55.7
401,A,0,0,7.0,5.5,5.2,9.2,44.8
401,B,1,1,7.3,6.6,5.3,6.4,76.0
401,C,0,1,8.4,4.9,7.2,7.3,63.0
401,D,1,1,5.7,5.9,5.7,7.5,74.7
402,A,1,0,10,5.1,5.7,5.4,60.3
402,B,0,0,5.3,6.3,4.4,8.8,41.3
402,C,0,0,5.8,6.4,10,6.4,47.7
402,D,1,1,8.3,6.3,7.6,7.6,83.0
403,A,0,1,8.4,5.1,3.9,8.2,59.3
403,B,1,0,5.0,9.3,6.1,9.5,66.5
403,C,0,0,5.0,6.4,8.8,5.9,43.5
403,D,1,1,7.4,7.9,5.9,9.1,83.8
404,A,1,0,9.1,4.1,6.3,4.8,57.2
404,B,1,1,6.2,6.2,5.9,6.3,74.3
404,C,0,0,6.7,7.3,8.4,6.9,48.8
404,D,1,1,8.2,6.0,7.3,5.7,78.7
405,A,1,1,7.2,5.5,6.8,5.0,74.2
405,B,1,0,7.2,10,8.5,7.2,71.5
405,C,1,0,8.6,5.4,8.3,8.0,67.2
405,D,1,0,4.4,7.0,6.4,8.5,60.5
406,A,1,0,8.1,1.6,5.3,4.6,49.3
406,B,0,0,4.3,6.4,7.0,7.6,42.2
406,C,0,0,7.4,6.0,8.4,5.7,45.8
406,D,0,1,8.9,6.8,5.9,7.0,64.3
407,A,0,0,8.3,4.1,8.5,8.0,48.2
407,B,0,0,4.7,9.2,5.9,7.7,45.8
407,C,1,0,5.0,4.2,9.5,6.3,58.3
407,D,1,0,9.0,8.3,7.5,5.9,67.8
408,A,1,1,8.1,5.8,3.3,6.5,72.8
408,B,1,0,6.0,8.1,8.5,7.5,66.8
408,C,1,1,6.5,3.7,5.2,5.0,67.3
408,D,1,0,6.5,6.7,5.8,7.2,60.3
409,A,1,0,7.0,1.6,5.3,5.6,49.2
409,B,0,0,7.5,6.6,7.4,6.3,46.3
409,C,1,1,7.0,3.3,6.4,5.7,70.7
409,D,1,0,5.0,9.1,5.7,6.2,60.0
410,A,0,1,9.9,3.7,3.8,5.6,55.0
410,B,1,0,6.4,6.8,6.0,8.8,63.3
410,C,0,0,5.0,4.8,10,5.6,42.3
410,D,1,1,7.3,5.6,5.4,7.6,76.5
411,A,0,0,10,5.2,4.3,8.6,46.8
411,B,0,1,7.9,7.9,6.8,8.2,68.0
411,C,0,0,6.4,5.1,7.6,6.2,42.2
411,D,1,0,7.4,7.0,6.8,7.4,64.3
412,A,1,1,8.9,3.8,5.2,6.9,74.7
412,B,1,1,7.1,6.9,8.0,9.5,85.8
412,C,1,1,5.5,6.3,6.7,6.7,75.3
412,D,0,1,7.9,7.0,7.3,8.5,67.8
413,A,0,0,7.6,3.4,6.2,6.1,38.8
413,B,1,1,5.2,9.1,8.5,8.2,85.0
413,C,0,1,4.8,5.0,10,4.1,56.5
413,D,1,1,10,6.1,6.6,7.6,83.8
414,A,1,0,9.0,6.2,8.0,7.1,67.2
414,B,0,0,8.1,9.7,6.6,8.3,54.5
414,C,1,0,6.4,4.9,6.2,4.2,52.8
414,D,0,0,6.6,7.1,6.5,6.2,44.0
415,A,1,0,8.1,2.5,5.3,4.0,49.8
415,B,0,1,8.7,8.9,5.3,9.5,70.7
415,C,0,1,7.3,5.2,7.0,7.4,61.5
415,D,1,1,9.1,7.4,8.5,9.6,91.0
416,A,1,1,10,5.5,5.5,4.6,76.0
416,B,0,0,9.3,5.7,7.1,9.1,52.0
416,C,1,0,6.5,4.4,9.4,6.9,62.0
416,D,1,1,8.1,8.5,6.0,6.6,82.0
417,A,1,0,8.6,6.7,4.2,6.2,59.5
417,B,1,1,6.9,7.0,4.8,7.0,76.2
417,C,1,1,4.7,6.6,7.4,7.3,76.7
417,D,1,0,7.4,7.5,8.5,7.9,68.8
418,A,0,1,7.0,4.6,5.1,6.9,56.0
418,B,1,0,8.1,7.6,5.4,6.2,62.2
418,C,1,0,8.3,3.8,7.3,6.0,59.0
418,D,1,0,8.3,8.3,6.9,9.3,71.3
419,A,0,1,8.6,5.3,5.7,6.3,59.8
419,B,1,1,6.0,7.5,6.6,9.1,82.0
419,C,1,0,7.6,4.6,7.3,6.0,59.2
419,D,1,1,8.5,7.3,10,6.0,86.3
420,A,0,0,8.9,4.7,3.6,3.0,33.7
420,B,1,1,7.5,7.1,6.4,4.7,76.2
420,C,1,1,8.4,5.5,10,7.7,86.0
420,D,1,1,8.8,8.0,6.2,6.9,83.2
421,A,1,1,5.4,2.5,5.0,6.8,66.2
421,B,1,1,7.9,8.6,5.1,7.4,81.7
421,C,0,0,5.8,4.7,9.0,6.5,43.3
421,D,1,0,7.2,9.6,8.7,7.7,72.0
422,A,1,0,5.8,3.2,4.2,7.5,51.2
422,B,1,0,6.8,8.6,5.9,9.4,67.8
422,C,0,1,7.8,5.2,9.6,6.3,64.8
422,D,1,0,6.4,6.9,8.9,7.8,66.7
423,A,1,0,6.8,3.2,4.9,8.5,55.7
423,B,1,0,7.2,7.7,6.5,7.9,65.5
423,C,0,1,4.4,4.3,8.5,6.3,55.8
423,D,0,0,7.9,6.9,9.5,7.0,52.2
424,A,0,1,8.0,5.2,5.3,6.2,57.8
424,B,1,0,5.9,7.2,6.3,5.5,58.2
424,C,0,0,6.0,7.4,8.8,6.8,48.3
424,D,0,1,7.4,6.7,6.7,9.4,67.0
425,A,1,1,8.9,4.2,6.0,5.6,74.5
425,B,1,0,6.5,7.4,7.7,7.0,64.3
425,C,1,0,6.3,4.5,7.1,4.4,53.8
425,D,1,1,7.0,7.6,7.6,7.5,82.8
426,A,0,0,7.6,4.1,6.1,7.5,42.2
426,B,1,0,7.3,6.1,7.9,7.2,64.2
426,C,1,0,5.9,6.6,8.6,6.0,61.8
426,D,1,1,8.6,7.9,6.0,8.7,85.3
427,A,1,0,4.7,5.8,4.6,9.1,57.0
427,B,0,1,6.9,8.3,6.7,6.6,64.2
427,C,1,1,6.7,5.3,7.2,5.2,74.0
427,D,0,0,7.1,6.8,6.4,8.5,48.0
428,A,1,0,7.6,3.2,5.1,5.4,52.2
428,B,1,1,4.9,8.9,8.7,7.8,83.8
428,C,1,1,6.7,2.7,8.3,6.1,73.0
428,D,1,1,6.4,5.8,6.2,6.9,75.5
429,A,0,0,10,4.8,7.0,9.6,52.3
429,B,1,0,9.0,6.8,5.5,5.6,61.5
429,C,0,1,6.2,5.5,9.4,5.9,61.7
429,D,1,0,6.9,8.0,7.4,7.2,65.8
430,A,1,1,7.9,4.4,5.2,4.4,69.8
430,B,1,0,6.3,6.4,5.6,6.6,58.2
430,C,1,0,6.2,3.4,9.3,6.6,59.2
430,D,0,1,5.1,5.8,6.3,7.5,57.8
431,A,0,0,5.1,4.5,5.5,5.9,35.0
431,B,1,1,6.7,8.3,8.5,7.9,85.7
431,C,1,0,7.5,5.1,7.4,6.6,61.0
431,D,1,1,8.8,7.4,5.9,6.2,80.5
432,A,1,0,9.1,5.8,5.7,6.2,61.3
432,B,1,0,7.0,10,5.4,8.7,68.5
432,C,1,1,6.2,5.3,7.7,7.8,78.3
432,D,0,0,8.5,8.7,7.4,8.5,55.2
433,A,0,0,7.4,5.3,6.2,6.7,42.7
433,B,0,1,9.6,10,5.5,6.5,69.3
433,C,1,0,7.8,4.8,4.8,5.2,54.3
433,D,1,1,7.6,5.5,8.5,8.2,83.0
434,A,1,0,8.4,4.0,5.1,5.0,54.2
434,B,1,1,6.0,7.3,6.5,8.9,81.2
434,C,1,1,7.2,5.1,8.9,4.2,75.7
434,D,1,1,7.2,8.0,5.8,6.3,78.8
435,A,0,1,7.5,7.1,6.2,5.2,60.0
435,B,0,0,5.4,8.0,8.0,8.5,49.8
435,C,1,1,5.8,3.9,7.8,4.9,70.7
435,D,0,0,8.0,8.5,7.0,7.0,50.8
436,A,1,0,8.5,5.8,6.0,6.2,60.8
436,B,0,1,5.2,9.4,6.4,5.3,60.5
436,C,1,1,6.4,4.9,7.7,7.3,77.2
436,D,1,0,8.9,8.0,7.6,9.0,72.5
437,A,1,0,8.3,5.5,4.2,6.4,57.3
437,B,1,1,5.9,10,6.2,6.3,80.7
437,C,1,1,6.1,7.8,8.3,5.3,79.2
437,D,1,0,8.9,9.5,7.9,6.8,71.8
438,A,1,0,6.1,5.7,4.6,6.0,54.0
438,B,1,0,8.6,6.5,3.6,7.9,61.0
438,C,1,1,7.4,5.4,7.5,7.2,79.2
438,D,0,1,8.6,6.1,7.6,7.3,66.0
439,A,1,0,8.3,5.9,5.8,5.5,59.2
439,B,1,0,5.3,4.8,7.0,6.4,55.8
439,C,0,0,8.2,5.3,7.1,6.1,44.5
439,D,1,0,7.0,4.7,6.6,7.3,59.3
440,A,1,0,9.3,5.3,4.2,6.9,59.5
440,B,1,0,8.5,5.4,6.0,7.6,62.5
440,C,0,0,4.9,3.6,8.8,8.1,42.3
440,D,1,1,7.1,6.6,7.3,7.1,80.2
441,A,0,1,9.9,5.0,4.1,8.4,62.3
441,B,1,0,7.4,10,5.7,7.3,67.3
441,C,0,1,6.1,5.4,7.4,6.0,58.2
441,D,1,1,9.3,5.2,5.6,5.5,76.0
442,A,1,0,5.5,6.1,8.3,4.8,57.8
442,B,0,1,8.0,8.5,7.3,8.0,69.7
442,C,1,0,7.3,6.9,6.9,6.5,62.7
442,D,1,0,6.6,5.1,5.8,7.2,57.8
443,A,1,0,7.7,4.8,5.6,6.7,58.0
443,B,1,1,7.0,9.3,7.9,6.4,84.3
443,C,1,0,5.2,6.4,7.5,8.0,61.8
443,D,1,0,7.9,6.6,8.6,7.8,68.2
444,A,1,0,9.1,3.3,6.0,5.0,55.7
444,B,0,1,6.5,9.3,6.9,6.9,66.0
444,C,0,0,6.9,5.0,9.9,8.2,50.0
444,D,1,1,6.1,8.1,7.5,8.9,84.3
445,A,1,0,7.2,1,5.2,6.2,49.3
445,B,0,0,5.9,6.3,7.2,6.4,43.0
445,C,1,1,4.4,5.4,6.7,8.4,74.8
445,D,0,1,4.6,8.6,8.5,5.9,62.7
446,A,0,1,6.8,3.4,5.2,4.4,49.7
446,B,1,1,6.1,7.7,5.3,7.5,77.7
446,C,0,0,6.9,3.8,7.9,6.5,41.8
446,D,0,0,8.1,8.5,7.3,8.1,53.3
447,A,1,1,8.7,2.2,6.7,6.8,74.0
447,B,1,1,7.8,5.9,6.2,6.7,77.7
447,C,1,0,6.0,5.4,8.3,7.2,61.5
447,D,1,1,9.4,5.7,7.7,8.6,85.7
448,A,0,0,6.6,6.1,4.1,8.2,41.7
448,B,1,1,7.2,6.0,6.7,6.9,78.0
448,C,1,1,5.9,5.0,9.0,6.9,78.0
448,D,0,1,6.8,8.2,9.0,7.7,69.5
449,A,1,0,7.4,3.5,5.0,6.5,54.0
449,B,1,0,8.2,6.9,6.4,6.6,63.5
449,C,1,1,7.0,4.9,5.7,7.5,75.2
449,D,0,1,7.7,8.7,8.7,7.3,70.7
450,A,0,0,7.7,4.9,5.5,8.8,44.8
450,B,0,0,6.6,7.1,7.5,7.9,48.5
450,C,0,0,7.5,3.5,7.8,4.4,38.7
450,D,1,0,8.2,4.5,7.2,7.4,62.2
451,A,1,1,7.5,5.1,4.5,6.1,72.0
451,B,1,0,6.8,7.1,6.6,5.2,59.5
451,C,1,0,8.6,6.1,7.8,7.5,66.7
451,D,1,1,9.1,8.5,7.5,7.7,88.0
452,A,1,1,7.6,5.7,7.4,5.5,77.0
452,B,0,0,5.0,5.6,3.6,8.2,37.3
452,C,1,1,4.0,7.4,9.2,7.0,79.3
452,D,0,0,9.4,10,9.9,7.3,61.0
453,A,1,0,10,7.0,5.2,7.0,65.3
453,B,0,0,7.4,6.6,4.6,7.8,44.0
453,C,1,1,7.6,4.3,10,7.0,81.5
453,D,1,1,8.1,7.3,6.4,5.6,79.0
454,A,1,0,6.6,6.3,5.0,7.5,59.0
454,B,1,1,7.8,6.9,6.2,6.9,79.7
454,C,1,0,5.7,4.8,6.7,7.8,58.3
454,D,0,0,7.4,6.1,8.0,6.2,46.2
455,A,0,1,6.6,6.5,4.5,5.9,55.8
455,B,0,0,8.2,7.7,7.5,7.4,51.3
455,C,0,1,3.8,4.9,9.2,6.3,57.0
455,D,1,0,7.7,8.0,6.6,5.4,62.8
456,A,0,1,6.5,4.8,5.6,4.8,52.8
456,B,1,0,7.9,7.0,4.6,9.1,64.3
456,C,1,0,4.6,4.7,8.3,4.6,53.7
456,D,1,1,7.8,8.4,4.9,9.5,84.3
457,A,0,1,9.7,4.4,7.4,5.0,60.8
457,B,1,0,5.3,9.6,6.1,7.3,63.8
457,C,1,0,7.6,5.2,10,8.1,68.2
457,D,1,0,6.2,7.5,6.4,6.7,61.3
458,A,1,0,8.6,3.4,6.3,8.6,61.5
458,B,1,0,8.3,4.9,8.3,10,69.2
458,C,0,1,5.9,7.8,8.0,3.1,58.0
458,D,1,1,7.2,7.9,6.4,8.9,84.0
459,A,1,0,8.2,3.7,4.3,5.7,53.2
459,B,1,1,8.1,5.6,5.1,6.9,76.2
459,C,1,1,7.5,4.3,7.7,5.6,75.2
459,D,0,0,9.0,8.2,7.7,6.3,52.0
460,A,1,0,8.7,4.6,8.0,4.6,59.8
460,B,1,0,6.9,6.7,5.3,7.9,61.3
460,C,1,0,6.6,7.1,8.4,6.9,65.0
460,D,0,0,7.1,7.4,7.8,8.6,51.5
461,A,1,0,6.9,6.1,6.7,5.5,58.7
461,B,1,1,6.7,6.2,7.7,6.4,78.3
461,C,1,0,4.9,5.5,8.2,6.3,58.2
461,D,1,1,9.4,3.9,6.0,7.2,77.5
462,A,0,0,8.6,6.1,6.5,6.7,46.5
462,B,1,1,3.5,7.6,7.1,7.3,75.8
462,C,1,1,7.8,6.0,7.9,6.4,80.2
462,D,1,0,7.4,7.0,7.3,9.6,68.8
463,A,0,0,8.2,4.6,6.8,4.7,40.5
463,B,1,0,6.4,9.2,8.0,6.0,66.0
463,C,1,0,7.7,4.8,7.4,6.0,59.8
463,D,1,1,6.0,7.8,7.9,8.0,82.8
464,A,0,1,8.1,4.2,8.0,7.7,63.3
464,B,1,0,7.3,8.0,8.7,5.5,65.8
464,C,1,0,5.1,6.2,7.7,8.3,62.2
464,D,0,0,6.0,7.8,8.8,6.3,48.2
465,A,0,0,9.2,5.5,4.8,6.4,43.2
465,B,1,1,7.7,8.9,7.3,7.5,85.7
465,C,0,1,6.3,6.2,10.0,4.8,62.2
465,D,0,1,8.7,7.5,5.7,7.4,65.5
466,A,0,0,7.2,4.3,6.5,5.4,39.0
466,B,0,1,7.2,7.2,5.9,7.1,62.3
466,C,1,1,6.4,2.3,8.6,4.4,69.5
466,D,1,1,7.8,6.7,9.0,6.6,83.5
467,A,0,0,4.3,5.1,5.0,7.7,36.8
467,B,1,1,7.6,9.0,7.0,4.5,80.2
467,C,1,1,7.0,4.9,7.4,6.9,77.0
467,D,0,1,7.9,7.3,3.9,8.3,62.3
468,A,0,0,6.5,6.2,6.1,7.7,44.2
468,B,1,1,5.7,9.1,7.6,6.6,81.7
468,C,0,0,7.3,5.8,8.8,6.0,46.5
468,D,0,1,7.0,8.5,8.3,7.6,69.0
469,A,0,0,7.8,7.6,3.3,7.7,44.0
469,B,0,0,5.0,8.8,5.3,6.2,42.2
469,C,0,1,6.2,7.2,9.8,7.3,67.5
469,D,0,1,6.9,7.0,6.0,8.4,63.8
470,A,0,0,8.7,3.5,6.3,5.5,40.0
470,B,1,0,8.1,8.1,5.6,8.0,66.3
470,C,1,0,7.0,5.7,6.0,5.1,56.3
470,D,1,0,8.5,8.3,6.7,9.2,71.2
471,A,1,0,8.1,3.9,7.5,6.5,60.0
471,B,0,1,6.3,7.5,6.9,8.0,64.5
471,C,1,0,6.2,3.5,7.7,6.9,57.2
471,D,0,1,10,8.1,6.7,7.8,71.0
472,A,1,1,7.7,5.7,6.8,8.2,80.7
472,B,1,0,7.0,8.3,6.4,6.8,64.2
472,C,0,1,6.1,4.1,7.4,6.2,56.3
472,D,1,0,7.2,7.2,8.2,8.0,67.7
473,A,0,1,7.5,5.6,5.7,6.1,58.2
473,B,1,0,7.2,8.9,4.5,5.9,60.8
473,C,1,0,5.7,3.0,8.5,4.7,53.2
473,D,1,0,8.0,4.5,7.2,8.3,63.3
474,A,1,0,7.1,4.4,5.6,4.7,53.0
474,B,1,0,5.6,6.5,6.4,6.4,58.2
474,C,0,0,7.2,4.8,9.1,6.1,45.3
474,D,1,1,7.6,7.5,7.5,7.1,82.8
475,A,1,0,7.3,4.3,6.7,6.3,57.7
475,B,1,1,4.2,9.0,8.0,7.8,81.7
475,C,1,1,3.5,6.4,6.1,7.5,72.5
475,D,0,1,9.0,7.4,6.3,7.4,66.8
476,A,1,0,9.3,5.5,7.1,6.9,64.7
476,B,1,0,7.6,4.6,6.8,5.6,57.7
476,C,0,0,6.2,7.8,7.6,7.5,48.5
476,D,1,1,8.3,5.8,6.9,5.7,77.8
477,A,0,0,6.8,4.5,6.6,6.4,40.5
477,B,0,0,7.6,7.5,7.8,6.9,49.7
477,C,1,0,5.2,5.8,7.6,7.3,59.8
477,D,1,1,7.1,7.9,7.5,7.0,82.5
478,A,1,1,8.0,3.9,5.7,6.1,72.8
478,B,1,1,9.4,8.9,5.6,5.9,83.0
478,C,1,0,8.5,4.6,9.5,5.8,64.0
478,D,1,1,8.3,6.2,6.9,7.8,82.0
479,A,1,1,8.3,3.9,4.7,7.6,74.2
479,B,1,1,5.6,10,6.8,6.0,80.7
479,C,1,0,6.2,4.3,9.8,5.3,59.3
479,D,0,1,7.0,6.2,7.1,7.4,62.8
480,A,1,1,8.4,4.6,4.9,3.2,68.5
480,B,1,1,5.7,9.6,7.7,6.7,82.8
480,C,0,1,5.8,5.2,9.4,7.4,63.0
480,D,1,1,7.7,7.8,7.8,7.8,85.2
481,A,1,1,5.9,6.2,6.5,5.1,72.8
481,B,0,0,7.5,8.2,9.0,8.1,54.7
481,C,1,0,6.6,6.5,7.5,7.4,63.3
481,D,1,1,8.9,7.9,6.4,8.5,86.2
482,A,0,0,7.6,3.0,4.9,5.0,34.2
482,B,1,0,9.8,7.8,7.4,8.9,73.2
482,C,1,0,5.9,4.2,7.5,6.9,57.5
482,D,1,1,7.0,10,8.2,8.0,88.7
483,A,1,1,10,4.4,5.7,4.2,73.8
483,B,0,1,7.3,7.9,8.8,6.8,68.0
483,C,0,1,6.7,6.8,8.1,4.2,59.7
483,D,0,1,5.6,7.2,5.9,6.5,58.7
484,A,0,1,6.7,4.6,5.8,7.7,58.0
484,B,0,1,5.1,8.3,6.6,6.2,60.3
484,C,1,1,6.0,5.8,8.4,9.1,82.2
484,D,1,0,6.4,6.7,5.6,6.1,58.0
485,A,1,0,7.1,5.3,4.5,7.5,57.3
485,B,0,1,6.5,7.2,5.1,8.0,61.3
485,C,1,1,9.0,5.2,6.4,4.9,75.8
485,D,1,1,6.2,8.2,7.7,7.8,83.2
486,A,1,0,8.9,6.0,5.6,6.0,60.8
486,B,1,1,6.3,8.7,7.4,7.5,83.2
486,C,1,1,7.2,4.7,8.6,5.5,76.7
486,D,1,0,9.0,5.2,7.1,8.1,65.7
487,A,1,0,9.0,3.6,5.0,3.9,52.5
487,B,0,0,8.0,7.8,6.4,7.5,49.5
487,C,1,1,4.3,4.1,6.6,8.9,73.2
487,D,0,0,7.9,7.6,7.3,7.8,51.0
488,A,1,0,10,5.7,4.4,5.4,59.2
488,B,1,1,7.4,6.5,5.4,7.3,77.7
488,C,1,1,6.6,6.4,8.4,7.2,81.0
488,D,1,1,9.7,8.7,9.3,7.3,91.7
489,A,0,0,7.9,4.2,6.5,5.4,40.0
489,B,1,1,7.9,5.4,6.4,9.3,81.7
489,C,1,1,4.2,5.0,9.0,3.9,70.2
489,D,1,1,7.2,7.9,6.1,7.5,81.2
490,A,1,0,8.1,4.2,7.5,7.8,62.7
490,B,0,1,6.8,8.1,5.5,6.9,62.2
490,C,0,0,5.8,6.6,8.9,7.6,48.2
490,D,1,0,7.9,7.4,7.0,5.6,63.2
491,A,0,0,7.4,5.5,5.7,5.5,40.2
491,B,0,1,7.9,5.9,4.9,6.9,59.3
491,C,1,1,9.0,5.8,8.2,7.4,84.0
491,D,0,1,8.1,7.1,6.7,6.2,63.5
492,A,0,1,8.8,3.4,8.0,5.4,59.3
492,B,1,0,7.6,8.9,7.8,6.5,68.0
492,C,1,1,5.5,5.2,8.7,6.0,75.7
492,D,1,0,6.1,8.3,7.7,9.4,69.2
493,A,0,0,7.2,5.2,5.0,5.6,38.3
493,B,0,1,6.7,8.8,4.6,9.6,66.2
493,C,1,0,6.7,8.2,6.3,6.8,63.3
493,D,1,0,7.0,6.4,7.9,6.9,63.7
494,A,1,1,8.3,5.2,4.5,5.1,71.8
494,B,1,0,5.3,8.3,6.1,8.2,63.2
494,C,1,1,7.0,4.7,7.7,8.6,80.0
494,D,1,0,8.9,9.6,5.9,5.7,66.8
495,A,1,1,9.0,5.8,5.5,3.3,72.7
495,B,0,0,8.0,8.3,5.5,6.6,47.3
495,C,1,0,4.3,7.0,8.4,4.4,56.8
495,D,1,1,6.4,6.8,5.4,7.3,76.5
496,A,1,0,7.2,4.5,4.3,5.7,52.8
496,B,0,1,7.3,7.7,7.2,6.8,65.0
496,C,1,1,6.0,4.8,7.4,5.9,73.5
496,D,1,0,8.5,4.8,9.2,7.2,66.2
497,A,0,1,7.3,4.0,5.1,7.2,56.0
497,B,1,0,6.3,9.5,5.9,5.2,61.5
497,C,0,0,6.1,6.3,8.4,4.8,42.7
497,D,1,1,9.1,7.0,8.1,5.2,82.3
498,A,0,0,6.7,5.2,3.8,6.0,36.2
498,B,1,0,8.6,8.2,5.9,7.8,67.5
498,C,1,0,5.2,4.0,8.5,4.6,53.8
498,D,0,1,9.6,7.9,9.0,7.5,73.3
499,A,0,0,10,6.4,4.9,4.9,43.7
499,B,0,1,7.4,8.3,5.3,7.9,64.8
499,C,1,0,7.0,7.0,7.5,6.7,63.7
499,D,1,0,6.9,8.2,8.3,7.1,67.5
500,A,0,0,10,4.2,6.9,5.2,43.8
500,B,1,0,5.6,8.2,7.6,6.7,63.5
500,C,0,0,5.9,5.9,8.0,5.3,41.8
500,D,0,1,5.3,8.5,7.7,7.3,64.7
501,A,1,1,6.4,5.4,4.6,7.6,73.3
501,B,1,1,6.2,7.9,4.6,6.5,75.3
501,C,1,0,7.2,4.0,6.6,8.1,59.8
501,D,0,0,7.1,7.1,8.3,5.2,46.2
502,A,1,1,8.1,4.7,6.1,6.3,75.3
502,B,1,1,5.4,7.1,5.5,6.5,74.2
502,C,0,1,4.9,6.8,8.9,6.2,61.3
502,D,1,0,9.8,7.2,7.3,8.4,71.2
503,A,1,0,9.8,5.2,5.7,6.8,62.5
503,B,1,0,7.5,7.4,6.6,5.7,62.0
503,C,1,0,6.8,6.4,9.0,6.9,65.2
503,D,1,1,6.9,7.5,9.9,4.7,81.7
504,A,0,0,8.8,5.0,5.6,4.1,39.2
504,B,0,1,5.6,6.6,5.4,8.8,60.7
504,C,0,0,7.3,5.1,8.7,6.8,46.5
504,D,1,1,8.3,6.9,8.8,8.4,87.3
505,A,0,0,8.5,3.8,4.1,6.4,38.0
505,B,1,1,7.8,6.3,6.1,8.9,81.8
505,C,1,0,7.7,7.5,6.2,5.4,61.3
505,D,1,1,6.7,9.2,6.5,8.3,84.5
506,A,1,1,6.8,6.4,3.8,7.8,74.7
506,B,0,1,6.4,9.5,4.4,8.6,64.8
506,C,1,1,7.2,6.5,9.2,6.1,81.7
506,D,1,1,8.6,7.4,4.5,7.4,79.8
507,A,1,0,8.9,5.2,7.5,5.0,61.0
507,B,1,1,7.2,8.8,4.4,6.9,78.8
507,C,0,1,5.2,6.8,8.8,6.8,62.7
507,D,1,0,9.4,6.3,5.8,5.4,61.5
508,A,0,0,10,1.8,6.1,7.6,42.5
508,B,1,0,8.7,9.5,5.8,5.9,66.5
508,C,1,0,9.2,5.0,8.9,5.7,64.7
508,D,0,0,8.5,6.8,6.9,7.6,49.7
509,A,0,0,8.5,3.5,6.2,7.1,42.2
509,B,1,0,7.3,8.3,5.9,6.1,62.7
509,C,1,1,7.3,4.1,7.1,5.6,73.5
509,D,1,0,7.0,7.2,7.6,7.3,65.2
510,A,1,1,8.1,3.2,5.5,8.8,76.0
510,B,0,1,4.4,8.0,3.9,6.6,54.8
510,C,1,1,6.5,5.3,9.2,5.9,78.2
510,D,1,0,10,8.1,6.9,7.1,70.2
511,A,0,0,9.1,5.8,4.9,7.1,44.8
511,B,1,0,7.5,8.5,8.2,7.0,68.7
511,C,1,1,6.8,3.3,9.0,5.1,73.7
511,D,1,1,8.3,7.3,5.3,6.3,78.7
512,A,0,0,7.1,3.9,5.5,4.9,35.7
512,B,1,0,4.7,7.4,3.7,7.8,56.0
512,C,1,1,7.4,5.8,8.3,6.7,80.3
512,D,1,0,7.3,7.3,6.1,6.6,62.2
513,A,0,0,7.7,5.4,7.5,5.7,43.8
513,B,1,0,6.4,5.7,5.2,6.7,56.7
513,C,1,0,6.4,4.4,7.7,6.6,58.5
513,D,1,1,8.3,9.6,5.6,8.0,85.8
514,A,0,0,9.2,4.3,5.0,5.9,40.7
514,B,1,1,7.8,8.2,7.6,6.8,84.0
514,C,0,1,6.2,3.4,8.9,5.0,55.8
514,D,0,0,5.7,7.1,6.3,7.5,44.3
515,A,0,0,9.3,4.4,5.8,6.0,42.5
515,B,1,0,3.7,7.5,5.9,9.9,61.7
515,C,0,0,4.9,4.4,6.4,6.5,37.0
515,D,1,0,10,8.7,6.1,10.0,74.7
516,A,1,0,9.3,5.0,5.0,5.8,58.5
516,B,0,0,9.5,6.4,9.3,6.7,53.2
516,C,1,1,3.0,5.1,10,5.2,72.2
516,D,1,0,6.5,6.6,7.6,6.1,61.3
517,A,0,0,9.1,3.8,6.7,5.7,42.2
517,B,1,0,7.0,7.9,7.8,8.5,68.7
517,C,1,1,5.3,3.8,9.2,7.7,76.7
517,D,1,1,6.6,7.9,7.6,7.0,81.8
518,A,1,0,7.0,4.1,6.1,8.6,59.7
518,B,1,0,8.0,6.7,4.8,7.6,61.8
518,C,0,0,7.7,4.2,6.6,6.0,40.8
518,D,1,0,6.7,5.3,5.3,7.9,58.7
519,A,0,0,8.5,4.0,7.0,8.6,46.8
519,B,0,0,7.7,8.6,3.5,8.9,47.8
519,C,1,1,6.4,5.6,9.2,6.8,80.0
519,D,1,0,9.3,6.3,7.3,8.9,69.7
520,A,1,1,7.9,5.6,5.3,6.8,76.0
520,B,1,0,6.7,4.3,5.3,7.0,55.5
520,C,1,1,6.1,5.7,9.5,5.1,77.3
520,D,1,0,9.4,7.5,8.6,7.9,72.3
521,A,1,0,9.8,2.7,5.3,7.1,58.2
521,B,1,0,7.6,7.9,4.9,7.7,63.5
521,C,1,1,4.4,6.1,9.1,8.3,79.8
521,D,1,0,7.2,5.9,8.7,5.8,62.7
522,A,0,1,6.7,3.0,5.2,7.5,54.0
522,B,0,1,5.6,8.4,7.2,5.9,61.8
522,C,0,0,6.1,5.0,7.9,4.0,38.3
522,D,1,0,7.5,6.0,7.7,6.0,62.0
523,A,0,0,8.4,4.8,4.7,6.1,40.0
523,B,1,1,10,6.0,6.0,5.4,79.0
523,C,1,0,6.1,4.7,7.6,6.0,57.3
523,D,1,0,7.8,8.9,7.0,7.4,68.5
524,A,1,1,8.4,4.4,5.5,5.4,72.8
524,B,0,1,5.0,5.9,6.6,6.6,56.8
524,C,0,1,3.9,3.8,7.3,6.7,52.8
524,D,1,0,6.3,7.1,7.9,7.4,64.5
525,A,1,0,9.4,7.4,2.9,5.9,59.3
525,B,1,1,9.5,6.3,5.2,7.5,80.8
525,C,1,1,5.5,7.2,5.8,6.9,75.7
525,D,1,1,6.6,7.7,6.6,7.4,80.5
526,A,1,0,8.8,4.7,6.6,7.2,62.2
526,B,1,1,5.4,7.0,5.4,8.4,77.0
526,C,1,1,8.4,6.8,9.8,5.7,84.5
526,D,1,1,7.4,7.7,6.7,9.2,85.0
527,A,1,1,8.7,3.2,4.8,6.1,71.3
527,B,1,0,7.2,7.0,6.6,6.6,62.3
527,C,1,0,8.3,4.1,8.4,5.4,60.3
527,D,1,0,9.6,7.2,8.4,8.0,72.0
528,A,0,0,8.7,2.5,6.0,5.8,38.3
528,B,1,0,8.3,8.6,5.9,8.6,69.0
528,C,0,1,6.0,5.8,7.5,4.6,56.5
528,D,1,1,5.9,8.3,4.6,8.0,78.0
529,A,0,1,5.9,4.8,6.8,5.3,54.7
529,B,0,1,8.3,7.5,4.1,5.0,58.2
529,C,1,0,5.6,4.6,10,5.3,59.2
529,D,1,1,8.4,9.4,5.4,8.2,85.7
530,A,1,0,8.6,4.2,4.7,5.3,54.7
530,B,1,1,4.4,5.8,3.3,6.4,66.5
530,C,1,1,5.1,5.4,7.8,6.2,74.2
530,D,1,1,7.9,7.3,8.7,6.5,84.0
531,A,1,1,8.7,4.7,6.5,5.6,75.8
531,B,1,1,7.7,9.0,8.3,8.2,88.7
531,C,0,0,4.4,7.0,6.9,6.0,40.5
531,D,1,1,6.8,8.9,5.7,6.9,80.5
532,A,1,0,9.5,5.4,5.4,4.9,58.7
532,B,0,1,6.8,8.1,5.4,7.3,62.7
532,C,1,1,5.1,4.2,9.1,5.7,73.5
532,D,1,1,7.9,8.6,3.1,8.2,79.7
533,A,1,0,7.1,6.1,2.0,6.5,52.8
533,B,0,1,7.0,6.0,5.3,8.4,61.2
533,C,0,0,6.6,4.6,7.8,8.7,46.2
533,D,1,0,7.4,6.9,9.5,7.1,68.2
534,A,0,0,5.9,4.1,6.7,5.8,37.5
534,B,1,1,7.4,8.3,8.3,6.5,84.2
534,C,1,0,6.5,2.7,7.3,6.1,54.3
534,D,1,0,8.6,7.0,7.9,7.5,68.3
535,A,1,0,4.7,1,3.3,7.1,43.5
535,B,0,1,7.5,9.7,7.4,4.8,65.7
535,C,1,1,5.9,5.2,8.9,4.4,74.0
535,D,0,1,9.8,5.0,6.4,6.2,62.3
536,A,1,0,8.5,6.8,6.0,5.5,61.3
536,B,0,0,9.2,8.4,5.6,8.2,52.3
536,C,1,1,6.5,6.2,6.4,5.9,75.0
536,D,0,1,8.6,6.7,6.4,7.4,65.2
537,A,1,0,9.8,4.6,4.9,8.5,63.0
537,B,0,1,5.6,9.3,4.7,6.9,60.8
537,C,1,0,6.9,3.5,10,7.8,63.7
537,D,1,1,7.0,8.9,4.3,8.5,81.2
538,A,0,0,8.5,7.0,3.8,1.6,34.8
538,B,1,1,4.5,8.8,8.2,6.7,80.3
538,C,1,0,7.3,6.0,10,7.0,67.2
538,D,1,1,7.9,7.2,7.4,6.8,82.2
539,A,1,0,8.5,4.9,3.3,5.8,54.2
539,B,1,1,8.6,7.5,6.3,5.6,80.0
539,C,1,0,5.4,5.4,9.1,4.4,57.2
539,D,1,1,6.2,6.8,6.6,5.4,75.0
540,A,0,0,8.0,4.7,5.4,6.9,41.7
540,B,1,0,7.0,7.7,8.4,6.9,66.7
540,C,0,0,8.4,5.4,7.7,5.4,44.8
540,D,1,0,5.0,5.6,9.2,8.8,64.3
541,A,0,1,8.0,5.2,2.1,6.7,53.3
541,B,1,1,6.4,5.6,6.6,6.6,75.3
541,C,0,0,7.0,5.7,8.7,6.3,46.2
541,D,1,1,7.3,6.1,7.4,7.1,79.8
542,A,0,0,8.5,6.0,6.0,6.8,45.5
542,B,1,0,6.4,6.2,7.2,6.7,60.8
542,C,1,0,5.8,5.0,10,4.8,59.3
542,D,1,0,9.4,9.4,5.8,7.9,70.8
543,A,1,1,6.9,6.3,5.4,2.9,69.2
543,B,0,1,6.6,6.9,5.6,7.4,60.8
543,C,1,0,5.2,5.3,8.2,9.4,63.5
543,D,1,1,7.6,7.2,8.6,8.2,86.0
544,A,1,1,8.1,5.4,4.3,6.1,73.2
544,B,1,0,5.2,9.3,7.1,7.1,64.5
544,C,1,1,6.0,5.9,7.4,6.4,76.2
544,D,0,0,6.5,6.8,5.0,7.9,43.7
545,A,0,1,6.9,5.4,5.2,7.0,57.5
545,B,1,1,7.9,7.7,4.6,6.1,77.2
545,C,1,0,6.5,4.5,5.6,8.0,57.7
545,D,0,0,7.0,7.2,6.6,7.1,46.5
546,A,0,1,8.7,3.8,4.7,6.3,55.8
546,B,1,1,7.9,4.7,7.9,7.9,80.7
546,C,0,1,6.8,4.4,8.0,3.1,53.8
546,D,1,1,7.7,7.4,8.0,7.0,83.5
547,A,1,0,8.1,6.0,6.5,7.6,63.7
547,B,1,1,7.8,8.2,7.7,6.7,84.0
547,C,1,0,7.6,3.1,7.1,5.1,54.8
547,D,1,1,7.9,7.1,4.8,4.8,74.3
548,A,1,0,7.3,5.6,5.6,7.4,59.8
548,B,1,0,6.3,7.7,8.0,7.3,65.5
548,C,0,0,6.1,7.7,9.4,7.6,51.3
548,D,0,1,7.7,8.5,6.0,8.2,67.3
549,A,1,1,8.0,4.8,7.9,6.9,79.3
549,B,0,0,1.8,6.5,4.7,7.0,33.3
549,C,1,1,7.9,7.3,7.8,8.9,86.5
549,D,0,0,7.3,7.3,8.2,6.8,49.3
550,A,0,1,7.5,6.3,6.8,6.4,61.7
550,B,0,1,7.0,9.4,3.9,6.8,61.8
550,C,0,1,6.3,5.1,7.8,7.4,61.0
550,D,1,0,8.5,6.1,6.5,6.9,63.3
551,A,0,1,9.4,8.0,4.6,9.1,68.5
551,B,1,1,6.8,8.7,6.9,9.7,86.8
551,C,1,0,6.5,5.6,8.0,6.5,61.0
551,D,1,1,6.5,7.5,7.6,6.8,80.7
552,A,0,0,9.3,5.6,3.4,5.5,39.7
552,B,0,1,5.8,7.1,5.5,8.2,61.0
552,C,0,0,5.7,4.3,8.1,6.2,40.5
552,D,1,1,5.3,10,8.6,6.4,83.8
553,A,0,1,8.1,2.8,5.5,6.6,55.0
553,B,0,0,7.9,6.5,4.7,6.7,43.0
553,C,1,1,7.7,6.4,7.9,6.5,80.8
553,D,1,0,6.9,7.1,7.8,8.0,66.3
554,A,1,0,8.1,5.9,6.7,5.2,59.8
554,B,0,0,5.8,7.9,5.3,8.9,46.5
554,C,1,0,5.5,4.6,8.6,4.9,56.0
554,D,1,1,5.7,8.2,6.7,7.3,79.8
555,A,1,1,8.6,4.2,7.7,6.1,77.7
555,B,1,0,7.9,8.1,7.2,6.6,66.3
555,C,1,1,7.0,3.8,8.1,6.7,76.0
555,D,1,0,7.1,6.9,6.3,7.2,62.5
556,A,1,0,10,6.1,4.6,5.5,60.3
556,B,1,1,6.8,8.7,7.1,6.6,82.0
556,C,1,1,7.8,6.7,8.6,5.2,80.5
556,D,1,1,8.4,7.5,5.3,7.2,80.7
557,A,0,0,7.5,3.1,5.9,4.7,35.3
557,B,0,1,5.0,10,5.0,7.6,62.7
557,C,0,1,7.1,5.2,8.9,6.3,62.5
557,D,1,0,6.7,9.1,7.4,7.4,67.7
558,A,1,1,10,4.9,7.7,6.0,81.0
558,B,1,1,7.3,6.3,6.7,8.0,80.5
558,C,1,1,7.5,4.8,6.8,5.7,74.7
558,D,1,1,7.9,7.3,6.8,9.4,85.7
559,A,1,1,5.7,5.5,7.5,5.0,72.8
559,B,1,1,5.6,7.9,6.4,6.4,77.2
559,C,0,0,6.1,5.9,9.8,5.5,45.5
559,D,0,0,9.8,7.9,6.2,6.8,51.2
560,A,1,0,5.0,6.3,4.5,5.9,52.8
560,B,1,0,8.1,7.2,6.2,7.1,64.3
560,C,1,1,6.0,4.1,7.6,6.7,74.0
560,D,1,0,9.3,6.2,6.0,6.3,63.0
561,A,0,0,7.8,4.2,6.2,7.3,42.5
561,B,0,1,5.7,9.3,6.8,7.6,65.7
561,C,1,1,6.0,3.8,7.4,6.2,72.3
561,D,0,0,6.7,8.3,10,6.6,52.7
562,A,0,0,6.6,5.8,6.5,6.7,42.7
562,B,0,0,5.7,8.6,8.2,7.3,49.7
562,C,0,0,4.5,4.6,8.1,8.7,43.2
562,D,1,0,7.3,6.6,7.8,8.4,66.8
563,A,0,0,9.6,7.4,5.9,6.9,49.7
563,B,0,0,6.5,9.8,6.8,8.4,52.5
563,C,1,1,6.7,5.8,7.3,5.7,75.8
563,D,1,0,6.3,7.3,6.8,5.2,59.3
564,A,0,0,7.9,4.3,5.6,6.9,41.2
564,B,1,1,10,7.2,6.0,8.8,86.7
564,C,1,0,5.0,4.0,8.1,4.1,52.0
564,D,1,1,10,7.5,9.1,8.2,91.3
565,A,0,0,7.2,6.6,5.2,5.2,40.3
565,B,1,0,4.6,7.0,6.8,4.7,55.2
565,C,0,1,5.9,6.6,7.3,6.9,61.2
565,D,0,0,6.6,6.4,6.8,7.3,45.2
566,A,0,0,6.5,4.1,3.9,7.6,36.8
566,B,1,0,5.2,8.9,4.2,6.8,58.5
566,C,1,1,7.0,5.2,6.9,3.8,71.5
566,D,1,0,9.0,7.0,5.8,8.0,66.3
567,A,0,1,8.8,5.6,7.8,6.0,63.7
567,B,1,0,5.9,7.4,5.9,7.4,61.0
567,C,1,0,3.8,5.2,7.7,6.0,54.5
567,D,1,1,9.5,6.9,8.2,6.7,85.5
568,A,1,1,8.7,4.2,4.6,5.5,71.7
568,B,1,1,5.6,6.7,6.4,4.9,72.7
568,C,1,0,7.1,5.9,7.2,6.4,61.0
568,D,1,0,10,4.7,7.3,8.4,67.3
569,A,1,1,6.5,4.2,6.0,6.6,72.2
569,B,1,0,8.7,6.3,6.7,7.1,64.7
569,C,1,0,6.8,6.0,7.0,6.1,59.8
569,D,0,1,7.4,7.8,8.0,7.6,68.0
570,A,0,0,8.0,3.6,6.7,5.4,39.5
570,B,0,1,5.8,7.7,8.0,8.1,66.0
570,C,1,1,5.2,5.1,7.6,4.4,70.5
570,D,1,0,8.5,5.8,6.6,7.7,64.3
571,A,0,1,9.3,5.3,5.5,5.7,59.7
571,B,1,1,7.1,5.5,6.5,6.5,76.0
571,C,1,1,6.2,4.4,7.3,6.9,74.7
571,D,0,1,8.3,6.8,5.1,5.4,59.3
572,A,0,0,6.9,5.4,6.1,4.5,38.2
572,B,0,0,6.7,7.3,5.5,6.2,42.8
572,C,1,0,5.1,5.2,8.7,7.7,61.2
572,D,1,0,7.3,5.8,6.7,9.0,64.7
573,A,0,0,9.6,5.2,7.5,6.1,47.3
573,B,1,0,5.7,8.0,7.5,7.8,65.0
573,C,0,1,7.7,7.3,9.6,8.1,71.2
573,D,1,0,9.2,8.6,6.0,8.6,70.7
574,A,0,0,6.0,6.0,8.0,5.0,41.7
574,B,1,1,7.6,8.1,5.5,6.0,78.7
574,C,1,0,6.2,6.2,7.9,6.8,61.8
574,D,0,0,9.3,8.0,7.4,8.8,55.8
575,A,0,1,8.0,6.3,8.8,8.4,69.2
575,B,0,1,8.6,6.2,5.8,8.1,64.5
575,C,0,1,5.7,6.2,6.7,7.8,60.7
575,D,1,1,9.0,6.2,9.0,6.0,83.7
576,A,0,1,7.2,5.0,5.3,7.6,58.5
576,B,1,1,7.3,7.8,6.6,7.9,82.7
576,C,1,1,4.6,4.9,7.2,8.4,75.2
576,D,0,0,10,6.9,8.3,5.3,50.8
577,A,0,1,9.1,5.6,6.1,4.8,59.3
577,B,0,0,5.9,8.5,3.7,6.6,41.2
577,C,1,1,5.3,5.6,7.5,8.1,77.5
577,D,1,1,8.6,6.8,8.1,8.8,87.2
578,A,0,0,9.1,4.7,4.3,5.3,39.0
578,B,0,0,7.4,8.5,7.5,7.7,51.8
578,C,1,1,7.1,6.2,7.6,6.3,78.7
578,D,1,0,8.1,6.9,7.3,7.6,66.5
579,A,0,1,9.2,3.5,5.7,5.5,56.5
579,B,1,1,5.7,5.8,3.5,7.4,70.7
579,C,1,0,6.6,4.6,10,6.5,62.8
579,D,0,0,6.4,7.4,6.7,7.4,46.5
580,A,1,1,6.4,6.4,7.1,7.6,79.2
580,B,1,1,9.3,8.3,5.6,8.1,85.5
580,C,0,0,8.5,4.6,8.3,6.7,46.8
580,D,1,1,4.4,6.4,8.4,6.9,76.8
581,A,1,0,5.7,3.1,7.4,6.2,54.0
581,B,1,0,7.9,8.7,6.3,7.8,67.8
581,C,1,1,5.6,5.4,7.1,3.7,69.7
581,D,1,0,7.3,7.7,8.6,7.8,69.0
582,A,0,0,9.3,5.7,6.6,5.9,45.8
582,B,1,0,5.6,6.2,7.2,6.0,58.3
582,C,0,0,7.5,5.2,6.4,6.1,42.0
582,D,1,0,8.2,8.2,9.9,6.7,71.7
583,A,0,0,7.3,3.5,6.6,5.2,37.7
583,B,0,1,7.7,10,4.5,8.0,67.0
583,C,0,0,5.9,5.4,7.5,4.2,38.3
583,D,1,1,8.3,8.6,7.8,7.5,87.0
584,A,1,1,6.3,4.4,6.4,7.4,74.2
584,B,1,1,9.1,10,4.9,7.9,86.5
584,C,1,0,7.6,4.4,7.5,4.8,57.2
584,D,1,1,7.0,7.3,5.1,5.4,74.7
585,A,1,0,10,4.3,6.3,7.1,62.8
585,B,1,1,4.3,5.8,7.7,5.3,71.8
585,C,1,0,5.3,3.7,7.7,5.4,53.5
585,D,1,1,8.7,9.0,6.6,7.4,86.2
586,A,1,0,6.7,4.1,6.2,4.7,52.8
586,B,1,0,7.5,8.8,5.8,8.8,68.2
586,C,0,1,8.2,5.1,10,3.0,60.5
586,D,1,0,8.9,8.1,7.1,7.2,68.8
587,A,0,0,9.0,5.1,5.3,6.7,43.5
587,B,0,0,5.8,9.2,5.8,7.1,46.5
587,C,0,0,6.0,5.4,6.8,8.7,44.8
587,D,1,0,5.7,9.7,5.0,8.6,65.0
588,A,0,0,8.3,6.4,6.7,7.6,48.3
588,B,0,1,8.0,6.5,5.6,6.3,60.7
588,C,1,0,9.1,5.0,9.2,7.0,67.2
588,D,1,1,8.8,6.5,6.2,8.0,82.5
589,A,0,1,6.0,6.0,6.6,4.8,55.7
589,B,0,1,7.0,7.6,6.5,9.2,67.2
589,C,1,0,7.1,5.1,8.2,7.6,63.3
589,D,1,0,10,7.5,8.1,8.8,74.0
590,A,0,0,6.0,6.3,4.8,8.1,42.0
590,B,1,0,6.7,8.9,8.6,8.2,70.7
590,C,0,0,5.5,5.9,8.4,5.2,41.7
590,D,0,1,5.5,7.2,5.2,5.3,55.3
591,A,0,0,8.1,3.4,7.3,5.8,41.0
591,B,0,1,6.2,8.1,7.6,7.4,65.5
591,C,1,1,9.7,6.4,8.0,6.1,83.7
591,D,1,1,8.1,7.8,7.6,7.8,85.5
592,A,0,0,6.7,4.3,8.0,7.0,43.3
592,B,1,1,9.1,9.7,6.8,7.1,87.8
592,C,1,0,4.4,7.3,8.6,5.6,59.8
592,D,1,0,7.0,5.6,7.4,9.2,65.3
593,A,0,1,8.5,6.1,5.8,6.5,61.5
593,B,1,1,9.0,9.2,7.6,6.2,86.7
593,C,1,0,6.7,4.3,8.2,7.0,60.3
593,D,1,0,7.6,5.9,6.9,9.2,66.0
594,A,1,1,10,6.2,6.1,6.6,81.5
594,B,1,0,6.9,6.7,6.9,5.4,59.8
594,C,0,0,6.7,3.7,8.1,4.6,38.5
594,D,1,0,7.6,3.5,7.0,6.0,56.8
595,A,0,0,8.0,6.2,7.3,8.0,49.2
595,B,0,0,6.3,9.2,7.8,7.5,51.3
595,C,1,0,5.0,4.2,8.6,5.2,55.0
595,D,0,1,8.6,6.6,7.1,5.9,63.7
596,A,0,0,10,3.5,5.6,8.0,45.2
596,B,1,0,7.1,7.2,6.2,7.9,64.0
596,C,0,1,8.2,4.6,10,7.6,67.3
596,D,0,0,6.5,6.8,7.2,7.9,47.3
597,A,1,0,8.5,4.5,5.8,5.1,56.5
597,B,1,0,5.4,7.6,4.9,8.8,61.2
597,C,1,1,5.8,6.9,7.3,5.3,75.5
597,D,0,1,8.3,10.0,7.4,6.7,70.7
598,A,0,1,6.1,6.1,6.0,4.7,54.8
598,B,1,1,5.6,6.5,6.2,6.7,75.0
598,C,1,0,3.9,7.4,8.8,7.2,62.2
598,D,1,1,7.4,7.6,6.2,8.4,82.7
599,A,1,0,9.0,4.8,5.8,6.4,60.0
599,B,1,0,6.5,8.2,5.8,5.5,60.0
599,C,1,0,6.0,4.7,8.5,6.5,59.5
599,D,0,1,7.1,8.3,9.1,7.0,69.2
600,A,0,1,6.7,2.6,7.3,7.6,57.0
600,B,1,0,6.1,7.8,6.9,7.2,63.3
600,C,1,1,4.0,5.9,7.5,6.6,73.3
600,D,1,1,7.1,8.8,8.0,5.4,82.2
601,A,1,1,5.0,5.9,7.4,4.7,71.7
601,B,0,1,4.0,6.0,6.6,6.1,54.5
601,C,1,1,6.9,3.3,10,5.4,76.0
601,D,1,1,6.3,7.4,8.2,6.2,80.2
602,A,0,0,9.4,4.2,5.0,3.9,37.5
602,B,1,1,9.2,7.1,5.5,7.7,82.5
602,C,1,0,6.1,5.3,7.6,5.3,57.2
602,D,0,0,7.8,8.9,6.8,8.7,53.7
603,A,1,0,8.7,6.3,4.0,4.5,55.8
603,B,1,0,7.1,10,7.9,7.2,70.3
603,C,0,0,5.8,7.2,7.3,4.4,41.2
603,D,1,0,6.4,7.5,8.1,7.0,65.0
604,A,0,0,8.9,5.0,4.7,8.0,44.3
604,B,1,1,5.6,7.2,7.4,5.5,76.2
604,C,1,0,6.5,5.9,6.9,5.9,58.7
604,D,1,0,8.4,5.0,6.5,7.9,63.0
605,A,1,0,9.3,4.6,3.8,7.6,58.8
605,B,1,1,7.7,7.2,7.3,5.6,79.7
605,C,1,1,5.3,7.0,7.6,6.1,76.7
605,D,1,0,4.1,10,10,6.8,68.2
606,A,0,1,9.6,4.8,5.9,5.1,59.0
606,B,1,1,7.3,7.4,5.8,7.8,80.5
606,C,0,0,7.3,7.9,9.3,7.0,52.5
606,D,1,0,8.1,8.8,8.4,6.0,68.8
607,A,0,1,6.1,5.8,6.2,5.6,56.2
607,B,1,1,5.8,8.1,5.8,5.9,76.0
607,C,1,0,5.1,4.3,7.4,7.4,57.0
607,D,1,1,7.9,6.4,8.1,7.9,83.8
608,A,1,1,7.6,5.2,5.5,4.0,70.5
608,B,0,1,9.0,6.9,6.2,8.5,67.7
608,C,1,1,6.8,6.4,8.8,7.9,83.2
608,D,1,1,8.3,8.4,5.9,6.7,82.2
609,A,0,1,7.4,4.5,4.9,7.7,57.5
609,B,0,0,5.8,8.5,6.8,7.9,48.3
609,C,1,1,3.3,5.9,8.7,6.6,74.2
609,D,1,0,8.8,9.5,4.5,5.9,64.5
610,A,1,0,9.5,4.5,5.5,5.7,58.7
610,B,1,0,7.4,9.0,7.7,5.2,65.5
610,C,1,0,4.4,3.1,7.6,7.6,54.5
610,D,0,0,6.0,9.7,8.8,7.3,53.0
611,A,0,0,9.1,3.3,6.4,4.1,38.2
611,B,1,0,9.2,8.9,6.3,7.6,70.0
611,C,0,0,6.7,4.6,7.4,7.1,43.0
611,D,1,0,8.4,6.8,7.5,7.8,67.5
612,A,1,0,7.3,4.6,6.5,6.7,58.5
612,B,0,1,7.7,7.5,5.9,9.3,67.3
612,C,1,0,6.5,5.1,9.5,5.2,60.5
612,D,0,0,9.2,6.3,7.9,6.6,50.0
613,A,1,1,7.4,4.3,5.0,6.7,72.3
613,B,0,1,8.0,7.6,5.0,8.0,64.3
613,C,1,0,4.9,2.6,10,6.5,56.7
613,D,1,0,7.1,6.3,8.4,5.7,62.5
614,A,0,0,8.5,4.2,5.8,7.5,43.3
614,B,0,1,7.0,8.4,6.1,8.2,66.2
614,C,1,0,5.3,7.2,6.5,6.2,58.7
614,D,0,1,9.7,8.1,8.6,4.8,68.7
615,A,1,0,8.4,5.5,5.5,6.4,59.7
615,B,1,0,7.2,7.5,5.9,5.6,60.3
615,C,1,0,5.1,2.7,6.4,7.1,52.2
615,D,1,0,7.2,6.6,6.3,7.9,63.3
616,A,0,1,8.6,5.3,6.9,7.7,64.2
616,B,1,1,7.8,7.2,5.4,5.8,77.0
616,C,1,0,4.2,6.6,7.4,6.0,57.0
616,D,1,1,8.0,7.6,5.3,5.6,77.5
617,A,1,0,9.8,4.2,5.0,6.1,58.5
617,B,0,0,9.5,7.8,6.6,5.2,48.5
617,C,1,0,8.3,4.7,7.8,7.6,64.0
617,D,1,1,7.0,8.6,7.0,6.6,82.0
618,A,0,0,8.4,6.3,8.2,7.1,50.0
618,B,1,1,5.2,7.4,6.9,10,82.5
618,C,1,0,5.6,6.1,10.0,5.7,62.3
618,D,0,0,10,8.2,6.6,7.2,53.3
619,A,1,0,6.9,5.3,6.2,5.6,56.7
619,B,0,0,8.1,7.4,5.0,8.5,48.3
619,C,1,0,5.3,6.0,7.5,8.2,61.7
619,D,1,1,7.3,8.2,3.9,8.8,80.3
620,A,0,1,10,4.0,4.5,6.9,59.0
620,B,0,0,7.9,7.9,7.4,8.2,52.3
620,C,0,0,5.5,5.4,8.7,4.5,40.2
620,D,0,0,8.7,6.8,9.4,6.1,51.7
621,A,0,1,9.5,4.7,6.1,5.8,60.2
621,B,1,1,5.5,9.2,4.9,9.0,81.0
621,C,1,0,7.5,5.2,7.7,5.9,60.5
621,D,1,0,6.5,8.5,8.4,7.5,68.2
622,A,0,0,7.7,5.3,4.2,5.3,37.5
622,B,1,0,6.6,8.9,4.2,7.1,61.3
622,C,0,0,6.0,3.9,8.1,5.2,38.7
622,D,1,1,7.2,5.6,8.2,6.4,79.0
623,A,1,0,10,5.1,6.1,8.7,66.5
623,B,0,1,7.5,7.2,6.5,10.0,68.7
623,C,1,0,6.6,5.0,8.4,7.0,61.7
623,D,1,0,7.7,6.9,9.3,7.4,68.8
624,A,1,1,6.8,6.8,3.8,8.9,77.2
624,B,1,0,7.8,7.7,8.3,5.6,65.7
624,C,0,0,6.7,5.0,8.1,7.9,46.2
624,D,1,0,4.9,6.2,5.5,8.2,58.0
625,A,1,0,6.5,6.0,5.4,6.3,57.0
625,B,0,0,8.4,6.9,7.7,7.2,50.3
625,C,1,0,6.1,6.4,5.1,7.0,57.7
625,D,1,0,8.3,4.8,5.5,6.4,58.3
626,A,1,0,7.2,7.5,7.0,8.1,66.3
626,B,0,1,7.4,5.3,6.6,7.2,60.8
626,C,0,1,5.5,5.9,9.2,5.0,59.3
626,D,0,1,7.3,7.8,8.1,7.3,67.5
627,A,1,0,10,4.7,5.1,7.8,62.7
627,B,0,0,2.8,8.9,6.1,7.1,41.5
627,C,0,0,7.0,4.0,8.0,5.2,40.3
627,D,0,1,5.8,6.7,7.6,5.9,60.0
628,A,1,0,9.4,4.1,8.0,6.1,62.7
628,B,1,0,7.8,5.9,5.8,5.0,57.5
628,C,1,0,5.0,6.6,8.1,9.0,64.5
628,D,0,0,6.9,7.7,8.3,5.5,47.3
629,A,1,0,7.4,5.5,5.8,6.2,58.2
629,B,1,0,7.2,8.1,5.1,7.6,63.3
629,C,1,1,5.3,4.8,6.7,7.0,73.0
629,D,1,1,6.7,7.1,8.4,7.6,83.0
630,A,0,1,8.4,6.3,4.0,8.2,61.5
630,B,0,1,7.3,6.8,6.0,7.0,61.8
630,C,1,0,5.1,5.2,7.2,6.4,56.5
630,D,0,1,6.5,7.8,7.2,7.0,64.2
631,A,1,1,7.4,2.5,4.8,5.6,67.2
631,B,1,0,5.0,7.3,5.4,7.3,58.3
631,C,0,0,6.7,4.5,10,6.9,46.8
631,D,0,0,7.8,6.3,7.8,8.6,50.8
632,A,0,0,9.6,7.2,6.0,4.9,46.2
632,B,1,0,8.8,7.3,8.0,8.6,71.2
632,C,0,1,4.4,4.9,5.6,5.5,50.7
632,D,1,1,8.4,8.6,8.1,9.2,90.5
633,A,1,0,7.7,3.7,5.8,5.3,54.2
633,B,1,0,9.1,7.2,5.3,6.0,62.7
633,C,0,0,6.7,4.6,9.2,4.9,42.3
633,D,0,0,9.0,6.6,10,7.4,55.0
634,A,1,0,6.1,5.5,5.4,4.9,53.2
634,B,1,0,6.5,8.0,5.5,7.8,63.0
634,C,0,0,6.4,5.7,8.4,4.0,40.8
634,D,1,0,6.1,7.9,7.7,8.2,66.5
635,A,0,1,9.7,6.1,6.2,6.3,63.8
635,B,1,0,6.8,8.6,7.0,6.1,64.2
635,C,1,0,6.2,4.7,7.6,7.4,59.8
635,D,0,1,8.0,7.4,4.7,8.9,65.0
636,A,1,1,10,3.9,8.5,6.4,81.3
636,B,0,0,4.6,9.0,5.1,7.7,44.0
636,C,1,0,8.1,3.2,10,6.4,62.8
636,D,1,0,7.6,7.1,10,7.4,70.2
637,A,0,0,8.9,5.4,4.0,6.3,41.0
637,B,0,1,7.5,10,7.9,7.2,71.0
637,C,1,1,7.6,4.4,7.7,7.0,77.8
637,D,1,1,9.1,7.6,5.7,7.0,82.3
638,A,1,1,7.0,3.6,5.7,5.2,69.2
638,B,1,0,7.4,8.3,4.5,5.6,59.7
638,C,1,0,8.6,5.3,7.2,7.6,64.5
638,D,1,1,5.4,7.7,9.1,6.5,81.2
639,A,0,0,8.4,5.7,5.9,5.6,42.7
639,B,1,0,6.8,6.7,5.5,10,65.0
639,C,0,1,4.7,6.7,6.2,6.7,57.2
639,D,0,0,10,7.7,7.2,4.9,49.7
640,A,0,1,8.2,5.8,5.0,7.2,60.3
640,B,0,0,7.2,7.2,5.9,7.0,45.5
640,C,0,1,9.4,3.3,7.0,4.3,56.7
640,D,1,0,8.5,6.5,6.1,6.1,62.0
641,A,1,1,6.6,6.5,6.0,6.9,76.7
641,B,0,0,8.1,8.5,7.0,7.7,52.2
641,C,1,0,7.8,5.2,5.8,5.0,56.3
641,D,1,1,9.8,8.9,7.4,5.7,86.3
642,A,0,0,8.4,5.8,6.0,6.4,44.3
642,B,1,1,7.8,5.1,5.9,7.1,76.5
642,C,0,1,6.4,5.8,8.1,6.9,62.0
642,D,1,0,8.2,9.3,6.7,7.4,69.3
643,A,1,1,7.5,4.0,4.4,6.1,70.0
643,B,1,0,3.3,7.5,7.3,7.3,59.0
643,C,1,0,6.2,5.6,7.2,7.2,60.3
643,D,1,0,7.0,6.3,6.9,5.9,60.2
644,A,1,0,7.3,4.2,4.5,4.9,51.5
644,B,1,0,5.9,8.0,5.9,7.4,62.0
644,C,1,1,5.6,3.1,9.0,3.2,68.2
644,D,0,1,6.5,9.6,8.2,5.2,65.8
645,A,0,1,7.5,5.5,6.5,7.0,60.8
645,B,0,0,8.1,6.4,6.5,6.3,45.5
645,C,0,0,9.4,5.5,7.5,6.2,47.7
645,D,1,1,5.9,5.9,5.8,6.4,73.3
646,A,1,0,6.0,4.5,5.2,5.9,52.7
646,B,1,0,6.2,7.8,5.9,7.1,61.7
646,C,1,1,5.4,3.1,8.1,6.6,72.0
646,D,1,0,7.7,5.5,9.6,7.0,66.3
647,A,1,0,7.5,4.5,7.1,7.3,60.7
647,B,1,1,6.9,8.3,5.6,5.0,76.3
647,C,1,0,6.7,3.3,8.2,7.8,60.0
647,D,1,1,5.4,7.7,7.1,8.5,81.2
648,A,0,1,9.6,3.8,4.2,3.9,52.5
648,B,1,1,8.5,7.8,8.0,7.1,85.7
648,C,0,0,6.7,4.0,7.8,6.4,41.5
648,D,1,1,7.8,7.9,7.3,6.1,81.8
649,A,1,1,8.6,3.1,6.5,4.3,70.8
649,B,1,1,8.1,6.6,5.4,6.8,78.2
649,C,1,1,8.7,3.4,8.2,6.8,78.5
649,D,1,0,8.9,6.9,7.5,9.7,71.7
650,A,0,0,6.1,4.5,4.1,6.0,34.5
650,B,1,1,8.3,7.2,6.8,6.7,81.7
650,C,0,1,5.7,6.1,6.8,4.8,55.7
650,D,1,0,7.5,7.2,9.7,6.4,68.0
651,A,0,0,10,5.5,6.6,5.7,46.3
651,B,1,1,6.8,9.0,4.8,7.1,79.5
651,C,0,1,8.3,3.9,6.8,7.5,60.8
651,D,1,1,5.7,7.1,9.1,5.8,79.5
652,A,0,0,8.3,4.1,5.3,5.7,39.0
652,B,1,1,7.6,7.8,4.8,8.3,80.8
652,C,1,0,6.4,5.4,9.6,7.3,64.5
652,D,0,1,6.9,6.9,6.2,7.7,62.8
653,A,0,1,9.3,3.4,5.7,8.0,60.7
653,B,0,0,5.4,7.8,6.4,5.8,42.3
653,C,1,0,7.1,4.5,9.0,4.1,57.8
653,D,1,0,5.7,7.4,6.3,5.0,57.3
654,A,1,0,10,5.9,5.2,6.3,62.3
654,B,1,0,6.7,8.1,6.0,7.6,64.0
654,C,0,1,6.1,5.1,4.8,6.4,54.0
654,D,1,1,8.6,6.9,7.0,6.6,81.8
655,A,0,0,8.4,4.9,4.4,5.9,39.3
655,B,0,0,7.9,9.2,6.3,9.2,54.3
655,C,0,0,7.7,3.0,6.8,4.6,36.8
655,D,1,1,9.4,7.5,7.1,7.3,85.5
656,A,1,0,8.1,3.1,9.1,6.0,60.5
656,B,1,1,5.6,8.8,6.2,4.7,75.5
656,C,1,0,7.5,4.0,7.8,7.1,60.7
656,D,1,0,6.7,8.9,6.0,7.3,64.8
657,A,1,1,8.6,2.5,4.0,9.1,73.7
657,B,1,1,6.7,8.2,6.3,9.4,84.3
657,C,1,1,7.2,5.8,7.5,4.6,75.2
657,D,1,0,7.2,6.8,7.7,8.6,67.2
658,A,1,0,7.8,4.3,6.3,3.3,52.8
658,B,1,1,5.7,5.7,6.5,9.1,78.3
658,C,0,0,6.4,4.8,8.7,4.6,40.8
658,D,1,0,8.0,7.9,7.2,7.8,68.2
659,A,1,0,6.9,6.0,6.3,3.9,55.2
659,B,1,1,3.9,7.3,4.1,5.2,67.5
659,C,0,1,4.8,5.8,8.9,6.6,60.2
659,D,0,0,7.3,8.1,6.5,7.8,49.5
660,A,1,0,8.2,2.7,7.1,6.5,57.5
660,B,1,1,7.5,8.1,4.6,4.8,75.0
660,C,0,0,6.9,5.3,10,5.1,45.5
660,D,1,1,7.4,5.2,8.5,8.5,82.7
661,A,1,0,8.7,5.3,6.0,6.3,60.5
661,B,1,0,5.6,10,6.1,8.5,67.0
661,C,1,0,5.7,3.2,8.2,7.0,56.8
661,D,0,0,8.7,6.3,7.1,8.4,50.8
662,A,1,1,9.4,5.3,5.3,5.6,76.0
662,B,1,0,4.6,3.5,5.9,7.6,52.7
662,C,0,1,8.9,4.8,9.6,3.3,61.0
662,D,1,0,7.5,7.0,5.4,7.0,61.5
663,A,1,0,8.7,6.0,5.8,6.1,61.0
663,B,1,1,8.4,8.8,6.9,6.7,84.7
663,C,1,0,9.7,6.4,9.8,6.8,71.2
663,D,1,0,7.8,7.2,8.5,7.0,67.5
664,A,1,1,6.0,4.2,5.8,5.1,68.5
664,B,0,0,7.7,8.6,6.3,4.7,45.5
664,C,1,1,5.6,5.0,8.3,4.8,72.8
664,D,0,0,9.6,6.8,6.2,8.8,52.3
665,A,1,0,8.1,4.8,4.8,5.0,54.5
665,B,1,0,6.1,7.4,6.0,7.1,61.0
665,C,1,0,7.1,3.2,6.3,7.1,56.2
665,D,0,0,6.4,6.3,7.4,8.8,48.2
666,A,0,0,10,4.5,5.6,5.9,43.3
666,B,1,0,6.2,5.8,6.2,7.2,59.0
666,C,0,1,5.7,6.4,7.5,6.4,60.0
666,D,0,0,7.7,6.8,6.8,7.6,48.2
667,A,1,0,7.6,6.5,4.1,5.3,55.8
667,B,1,0,6.0,9.2,6.6,9.0,68.0
667,C,1,0,7.0,5.0,6.3,6.7,58.3
667,D,1,0,6.5,8.4,7.0,4.7,61.0
668,A,0,0,7.0,5.5,4.6,6.0,38.5
668,B,1,1,7.8,9.1,7.2,7.9,86.7
668,C,0,0,3.8,7.0,7.6,3.5,36.5
668,D,1,1,9.7,8.5,4.9,7.6,84.5
669,A,0,1,7.9,7.0,5.5,6.4,61.3
669,B,0,1,5.7,7.0,4.5,8.1,58.8
669,C,0,1,6.1,4.6,7.4,7.2,58.8
669,D,1,1,5.4,8.4,6.8,6.0,77.7
670,A,1,0,9.2,6.9,5.4,4.2,59.5
670,B,1,0,6.3,7.9,5.9,8.1,63.7
670,C,1,0,6.9,5.3,7.9,4.6,57.8
670,D,1,1,6.9,8.7,7.3,7.6,84.2
671,A,0,0,8.9,5.5,5.5,5.7,42.7
671,B,0,1,6.7,6.0,6.8,8.4,63.2
671,C,1,1,5.5,4.8,8.4,7.4,76.8
671,D,1,1,6.4,5.0,6.3,8.3,76.7
672,A,0,0,9.5,1.5,4.4,7.9,38.8
672,B,1,1,9.0,8.0,5.4,7.1,82.5
672,C,1,1,8.2,1.5,7.4,5.5,71.0
672,D,1,0,9.8,7.4,7.9,5.6,67.8
673,A,1,1,9.5,5.1,5.0,7.1,77.8
673,B,1,1,5.6,9.3,6.6,9.6,85.2
673,C,1,0,5.3,3.2,7.7,5.8,53.3
673,D,1,1,5.4,7.2,8.2,7.3,80.2
674,A,0,1,8.9,4.6,4.6,6.1,57.0
674,B,1,1,5.7,7.0,8.5,7.6,81.3
674,C,1,0,6.4,3.1,8.8,7.2,59.2
674,D,0,1,8.6,7.6,6.4,10,71.0
675,A,1,0,8.4,5.1,5.4,4.7,56.0
675,B,0,1,5.7,5.6,5.9,5.9,55.2
675,C,1,1,6.2,3.4,8.8,5.3,72.8
675,D,1,0,7.7,7.4,7.4,6.5,65.0
676,A,1,0,7.6,6.8,8.3,6.7,65.7
676,B,1,0,6.6,6.6,4.3,5.9,55.7
676,C,1,1,4.7,6.6,7.1,7.8,77.0
676,D,1,0,5.9,8.6,5.9,7.9,63.8
677,A,1,0,7.7,6.0,4.9,5.0,56.0
677,B,1,1,8.2,6.9,5.7,7.4,80.3
677,C,0,1,5.4,5.1,8.6,5.5,57.7
677,D,1,1,7.4,8.4,7.1,9.0,86.5
678,A,0,0,6.4,5.8,5.6,4.2,36.7
678,B,1,0,8.4,7.4,6.9,7.0,66.2
678,C,0,1,5.7,4.6,9.0,8.7,63.3
678,D,1,0,8.4,9.0,7.2,9.6,73.7
679,A,1,0,7.7,3.5,6.3,4.1,52.7
679,B,0,1,8.3,5.7,6.1,9.0,65.2
679,C,1,1,3.6,5.9,9.8,5.6,74.8
679,D,0,0,7.6,6.3,6.6,7.9,47.3
680,A,0,0,5.6,4.5,7.1,8.3,42.5
680,B,1,0,5.6,7.9,4.5,6.9,58.2
680,C,1,0,7.5,2.9,8.1,5.4,56.5
680,D,1,0,7.6,8.1,5.7,8.3,66.2
681,A,0,0,8.0,5.2,6.9,6.1,43.7
681,B,1,1,5.4,7.0,4.9,7.4,74.5
681,C,0,0,6.8,3.7,7.2,7.8,42.5
681,D,0,1,5.7,5.0,5.3,6.7,54.5
682,A,0,1,7.2,6.3,6.6,5.5,59.3
682,B,0,1,3.2,7.1,6.2,7.1,56.0
682,C,1,0,5.1,6.7,5.6,8.4,59.7
682,D,1,0,8.9,7.0,7.3,5.7,64.8
683,A,0,1,8.4,5.5,5.7,5.3,58.2
683,B,1,0,8.6,8.1,6.6,5.7,65.0
683,C,0,1,8.1,5.7,9.3,6.4,65.8
683,D,1,0,8.5,7.3,6.7,8.2,67.8
684,A,1,0,8.2,4.5,6.2,6.7,59.3
684,B,0,1,6.8,7.7,7.8,6.1,64.0
684,C,1,0,4.7,5.9,8.1,8.2,61.5
684,D,1,0,9.2,8.5,10,7.2,74.8
685,A,0,0,8.1,5.0,4.6,4.8,37.5
685,B,1,1,7.5,9.3,5.5,7.6,83.2
685,C,0,0,7.3,5.2,8.6,5.5,44.3
685,D,1,0,7.1,5.8,7.4,9.2,65.8
686,A,0,0,9.0,2.5,7.7,6.0,42.0
686,B,1,0,6.9,7.0,5.8,7.3,61.7
686,C,1,1,5.9,4.8,10,5.2,76.5
686,D,1,1,6.2,5.2,7.5,8.5,79.0
687,A,0,0,7.4,4.2,7.8,4.5,39.8
687,B,1,0,5.9,6.0,6.4,6.9,58.7
687,C,1,1,5.6,5.9,8.1,6.1,76.2
687,D,0,0,7.9,5.5,8.9,6.8,48.5
688,A,1,0,8.9,3.7,5.9,5.9,57.3
688,B,1,1,7.5,6.7,8.2,7.3,82.8
688,C,1,1,6.0,5.2,5.9,5.4,70.8
688,D,0,1,7.7,7.7,5.3,6.4,61.8
689,A,0,0,7.6,4.8,5.5,9.0,44.8
689,B,1,0,4.9,7.4,4.3,8.4,58.3
689,C,0,0,5.8,5.9,7.3,6.9,43.2
689,D,1,0,9.6,7.7,7.3,8.2,71.3
690,A,1,1,8.1,4.2,5.3,6.2,73.0
690,B,1,1,6.2,9.6,7.3,6.2,82.2
690,C,0,1,6.0,7.3,6.9,7.0,62.0
690,D,0,1,6.8,7.2,8.1,8.1,67.0
691,A,1,0,6.4,4.7,7.7,6.3,58.5
691,B,1,0,9.7,9.8,6.5,9.7,76.2
691,C,1,1,5.2,5.4,8.6,7.1,77.2
691,D,1,0,9.8,5.2,6.9,7.6,65.8
692,A,1,0,7.4,4.8,6.7,3.6,54.2
692,B,0,1,6.8,10,7.3,7.5,69.3
692,C,1,0,7.1,4.3,9.0,4.2,57.7
692,D,1,1,8.1,6.5,8.2,6.0,81.3
693,A,1,0,7.9,4.3,7.1,7.0,60.5
693,B,0,1,4.7,6.8,6.2,9.9,62.7
693,C,1,0,4.7,4.4,6.1,7.0,53.7
693,D,1,1,7.4,7.5,6.6,7.7,82.0
694,A,0,0,9.7,3.0,5.9,6.2,41.3
694,B,0,1,5.1,9.3,5.6,7.4,62.3
694,C,1,0,6.2,3.9,7.6,3.6,52.2
694,D,1,0,8.1,6.3,8.6,7.6,67.7
695,A,1,0,9.6,4.5,4.4,8.7,62.0
695,B,1,0,6.9,9.7,7.1,7.0,67.8
695,C,1,1,7.3,4.4,6.0,7.1,74.7
695,D,1,1,8.8,8.0,8.4,7.6,88.0
696,A,1,1,7.4,5.7,5.1,8.8,78.3
696,B,1,0,6.9,5.2,7.2,5.4,57.8
696,C,1,1,6.4,3.6,6.0,6.3,70.5
696,D,1,1,7.6,6.7,5.8,6.3,77.3
697,A,0,1,6.3,5.1,4.5,5.7,52.7
697,B,1,0,6.6,5.5,7.3,7.9,62.2
697,C,0,0,6.6,5.3,7.4,5.7,41.7
697,D,1,0,9.2,8.2,9.9,8.9,77.0
698,A,1,0,6.5,4.3,6.5,5.5,54.7
698,B,1,0,7.5,8.0,3.4,8.3,62.0
698,C,1,0,8.7,5.8,8.0,6.6,65.2
698,D,1,1,6.9,7.0,6.7,7.6,80.3
699,A,0,0,7.5,5.6,2.9,7.4,39.0
699,B,0,0,6.3,5.7,7.7,7.4,45.2
699,C,0,1,7.0,5.5,8.5,7.4,64.0
699,D,1,1,9.3,6.6,7.6,7.6,85.2
700,A,0,0,6.9,3.7,5.2,5.9,36.2
700,B,1,0,5.2,7.1,5.4,4.1,53.0
700,C,1,1,5.4,3.8,9.7,6.1,75.0
700,D,1,0,8.2,6.7,7.0,6.8,64.5
701,A,1,0,7.7,5.2,8.3,3.6,58.0
701,B,0,1,6.8,6.1,6.3,8.0,62.0
701,C,0,0,6.6,7.9,10,4.8,48.8
701,D,1,0,8.6,5.2,7.5,7.8,65.2
702,A,1,0,6.9,4.3,4.8,7.2,55.3
702,B,1,0,6.4,7.2,5.8,6.9,60.5
702,C,0,1,7.0,4.9,6.3,7.0,58.7
702,D,0,0,6.0,5.6,6.6,10,47.0
703,A,0,0,9.0,5.5,5.3,4.8,41.0
703,B,1,0,7.6,8.4,4.5,8.3,64.7
703,C,1,0,6.4,6.1,8.0,5.1,59.3
703,D,1,0,6.5,9.9,3.5,7.2,61.8
704,A,1,0,8.3,3.6,5.9,8.7,60.8
704,B,1,1,8.7,6.7,7.4,8.3,85.2
704,C,0,1,8.5,5.2,8.8,5.1,62.7
704,D,0,0,7.5,6.6,9.1,6.1,48.8
705,A,0,1,10,3.2,7.1,4.1,57.3
705,B,0,1,7.1,7.0,7.2,7.8,65.2
705,C,1,1,6.8,4.6,7.9,5.9,75.3
705,D,1,0,6.9,4.3,5.9,7.4,57.5
706,A,1,1,5.9,4.1,7.3,6.4,72.8
706,B,0,0,8.1,9.6,4.4,7.9,50.0
706,C,1,1,3.9,4.3,8.3,5.8,70.5
706,D,0,1,6.5,6.2,5.5,7.6,59.7
707,A,0,0,7.0,5.9,8.2,6.6,46.2
707,B,1,1,6.4,8.5,7.5,6.9,82.2
707,C,1,1,5.1,3.2,8.3,5.6,70.3
707,D,1,1,7.7,6.1,10,6.1,83.2
708,A,1,1,8.5,5.5,7.7,6.6,80.5
708,B,1,1,5.6,7.1,8.0,8.1,81.3
708,C,0,1,6.6,4.8,8.9,3.5,56.3
708,D,1,1,7.3,8.1,9.1,7.7,87.0
709,A,1,1,9.5,3.5,5.2,6.1,73.8
709,B,1,0,6.6,9.2,7.1,7.2,66.8
709,C,1,0,8.1,4.3,6.8,8.6,63.0
709,D,1,0,7.1,9.2,8.3,7.5,70.2
710,A,0,1,9.1,5.0,6.1,7.2,62.3
710,B,1,1,7.5,8.1,7.4,8.4,85.7
710,C,1,0,6.1,3.8,6.6,7.3,56.3
710,D,1,1,8.0,8.5,8.1,7.2,86.3
711,A,1,1,8.9,4.8,5.6,8.2,79.2
711,B,0,1,7.8,6.4,7.8,6.0,63.3
711,C,1,1,6.8,5.5,9.9,8.7,84.8
711,D,1,1,8.4,9.5,7.0,7.9,88.0
712,A,1,1,7.5,4.3,3.3,4.6,66.2
712,B,1,1,7.8,7.2,4.8,7.0,78.0
712,C,0,1,7.6,4.7,7.7,7.1,61.8
712,D,0,1,8.7,7.0,9.4,8.5,72.7
713,A,0,1,6.5,4.8,6.7,5.2,55.3
713,B,1,0,6.6,7.1,7.2,4.2,58.5
713,C,1,0,3.5,7.4,7.2,6.4,57.5
713,D,1,1,8.6,7.3,6.7,6.6,82.0
714,A,1,0,5.2,6.8,6.5,6.4,58.2
714,B,1,1,6.6,7.5,4.8,7.7,77.7
714,C,1,0,6.0,3.7,6.3,7.9,56.5
714,D,0,0,7.7,7.2,6.6,8.3,49.7
715,A,1,0,7.9,4.0,5.4,6.8,56.8
715,B,1,0,6.2,6.7,4.2,6.7,56.3
715,C,0,1,7.1,5.1,7.7,6.1,60.0
715,D,0,0,8.6,5.1,5.5,7.5,44.5
716,A,0,1,9.0,5.3,4.7,5.7,57.8
716,B,1,1,6.3,7.1,6.9,5.6,76.5
716,C,1,1,5.4,3.0,6.3,5.9,67.7
716,D,1,1,7.7,8.2,7.0,7.5,84.0
717,A,1,0,8.0,4.2,5.9,8.0,60.2
717,B,1,0,5.6,7.8,6.7,6.8,61.5
717,C,1,1,7.7,4.4,7.9,5.5,75.8
717,D,1,0,8.4,6.3,7.7,7.8,67.0
718,A,1,1,8.3,3.3,5.0,6.4,71.7
718,B,1,1,7.4,9.3,6.0,7.2,83.2
718,C,1,1,6.5,4.6,10,7.4,80.8
718,D,1,0,8.7,6.3,8.0,7.0,66.7
719,A,0,0,8.4,5.1,8.6,4.5,44.3
719,B,0,0,7.1,8.6,6.4,7.3,49.0
719,C,1,1,6.1,6.6,9.8,6.0,80.8
719,D,0,0,6.7,8.5,8.4,6.0,49.3
720,A,1,0,8.3,5.6,6.4,7.6,63.2
720,B,0,0,6.1,7.8,6.5,8.6,48.3
720,C,0,0,8.7,5.8,7.5,7.6,49.3
720,D,1,0,7.1,3.7,6.8,8.9,60.8
721,A,1,0,7.3,4.4,6.1,5.4,55.3
721,B,1,0,7.9,9.4,6.9,8.0,70.3
721,C,1,1,5.5,4.4,8.7,9.7,80.5
721,D,1,1,10,8.0,6.3,8.4,87.8
722,A,1,0,7.7,4.5,5.7,5.8,56.2
722,B,0,0,6.7,8.0,7.0,7.7,49.0
722,C,0,1,4.5,5.2,10,6.5,60.3
722,D,1,0,6.8,6.8,8.2,6.3,63.5
723,A,0,0,8.4,5.5,4.6,3.4,36.5
723,B,0,0,6.9,9.5,6.3,6.6,48.8
723,C,0,1,8.1,5.8,9.5,6.3,66.2
723,D,1,0,7.4,7.8,6.1,8.3,66.0
724,A,0,1,6.4,4.8,5.4,4.5,51.8
724,B,1,0,6.0,7.8,7.5,6.9,63.7
724,C,1,1,7.0,4.4,7.0,4.3,71.2
724,D,1,1,7.6,6.9,8.4,8.5,85.7
725,A,1,0,6.6,3.6,4.8,6.9,53.2
725,B,0,1,7.4,7.6,5.4,7.7,63.5
725,C,0,0,4.4,5.7,9.7,6.4,43.7
725,D,1,1,5.1,8.8,7.1,9.3,83.8
726,A,1,0,5.7,4.0,6.2,3.4,48.8
726,B,1,1,9.0,7.0,7.0,6.3,82.2
726,C,0,0,6.8,3.6,6.4,5.8,37.7
726,D,0,1,6.2,5.8,6.3,8.2,60.8
727,A,1,0,10,5.5,2.1,6.3,56.5
727,B,1,0,6.9,6.7,6.7,7.4,62.8
727,C,0,1,7.9,3.7,6.3,7.4,58.8
727,D,1,0,8.1,8.6,6.8,6.4,66.5
728,A,0,0,7.9,5.2,5.4,7.2,42.8
728,B,1,0,7.5,7.8,8.6,6.3,67.0
728,C,1,1,6.1,3.8,7.2,5.9,71.7
728,D,0,0,7.3,8.4,7.7,7.4,51.3
729,A,0,0,6.5,4.8,5.7,6.9,39.8
729,B,0,0,8.6,8.8,7.4,7.4,53.7
729,C,1,0,4.3,3.4,6.7,6.4,51.3
729,D,1,0,7.1,5.9,8.8,7.0,64.7
730,A,1,0,8.0,5.5,4.1,5.9,55.8
730,B,1,1,8.4,9.5,6.7,7.4,86.7
730,C,0,0,5.8,5.2,8.3,5.5,41.3
730,D,1,1,7.6,4.9,8.0,5.6,76.8
731,A,1,0,5.8,3.0,4.5,6.1,49.0
731,B,1,0,5.9,10,6.2,8.5,67.7
731,C,1,1,8.1,5.2,5.8,6.7,76.3
731,D,1,0,6.7,6.4,6.5,7.1,61.2
732,A,0,0,8.5,5.1,6.2,6.2,43.3
732,B,0,1,6.3,6.2,6.1,9.7,63.8
732,C,1,0,4.2,5.3,8.4,6.2,56.8
732,D,0,1,7.8,6.0,6.6,6.0,60.7
733,A,1,1,5.6,5.1,5.7,4.4,68.0
733,B,1,1,5.9,7.2,7.8,7.9,81.3
733,C,1,1,5.8,4.7,8.0,5.5,73.3
733,D,1,0,7.4,7.7,7.1,6.2,64.0
734,A,0,1,7.8,5.4,7.0,5.5,59.5
734,B,1,0,7.3,6.2,6.9,7.0,62.3
734,C,1,0,6.9,3.8,8.5,5.6,58.0
734,D,1,0,8.4,6.7,8.2,6.2,65.8
735,A,1,0,5.8,4.2,5.5,7.1,54.3
735,B,1,0,6.3,9.3,8.2,5.4,65.3
735,C,1,0,6.3,6.5,9.3,7.7,66.3
735,D,1,0,6.9,8.7,7.4,5.4,64.0
736,A,1,1,9.1,4.3,5.2,7.4,76.7
736,B,0,0,7.9,6.6,8.0,9.1,52.7
736,C,1,0,6.2,5.6,8.3,5.0,58.5
736,D,1,1,7.3,6.4,6.1,7.8,79.3
737,A,0,1,9.5,6.1,4.6,3.2,55.7
737,B,1,1,6.0,9.0,5.5,8.7,82.0
737,C,1,0,2.5,4.9,10,7.5,58.2
737,D,1,0,8.4,7.7,8.7,7.0,69.7
738,A,1,1,7.8,4.7,7.5,5.5,75.8
738,B,1,0,10,8.4,8.2,5.3,69.8
738,C,0,1,6.5,4.0,8.5,6.7,59.5
738,D,1,1,9.1,7.5,6.6,10,88.7
739,A,1,0,9.7,4.2,5.9,3.3,55.2
739,B,1,1,9.4,8.5,8.3,6.5,87.8
739,C,1,0,7.2,3.0,7.7,5.5,55.7
739,D,0,1,6.5,6.9,8.1,5.1,61.0
740,A,1,0,7.7,7.6,5.6,6.6,62.5
740,B,0,0,6.0,5.4,7.9,9.3,47.7
740,C,1,1,6.4,5.3,10,4.9,77.7
740,D,1,0,5.8,7.2,5.8,8.1,61.5
741,A,1,0,7.3,7.2,6.9,4.4,59.7
741,B,0,0,7.1,7.2,6.2,8.0,47.5
741,C,1,1,5.8,3.3,8.0,6.3,72.3
741,D,1,0,8.5,8.5,8.1,8.1,72.0
742,A,1,1,8.9,4.5,8.7,6.0,80.2
742,B,1,1,8.0,6.1,3.5,9.2,78.0
742,C,1,0,7.1,6.0,9.3,4.6,61.7
742,D,1,0,7.0,5.0,6.2,8.6,61.3
743,A,1,0,4.9,5.1,5.5,5.2,51.2
743,B,0,0,7.6,7.9,7.8,6.5,49.7
743,C,1,0,6.6,4.7,10,4.7,60.0
743,D,1,1,5.8,7.1,8.5,5.8,78.7
744,A,1,0,6.2,5.3,6.6,5.3,55.7
744,B,1,1,6.2,8.6,5.4,8.2,80.7
744,C,1,1,4.0,4.8,7.1,5.2,68.5
744,D,0,1,7.4,7.3,7.7,6.6,65.0
745,A,0,0,8.9,5.4,5.3,5.3,41.5
745,B,1,0,7.9,5.9,6.3,7.2,62.2
745,C,0,0,7.2,5.7,6.8,7.9,46.0
745,D,0,1,7.9,5.5,7.6,8.1,65.2
746,A,0,0,8.3,6.0,5.2,8.1,46.0
746,B,0,0,6.9,9.4,5.4,9.1,51.3
746,C,1,0,4.2,3.5,8.3,9.0,58.3
746,D,1,0,6.7,8.9,6.6,9.5,69.5
747,A,1,1,6.9,6.2,4.7,7.0,74.7
747,B,0,1,9.6,6.4,5.7,8.1,66.3
747,C,1,1,7.1,4.5,5.7,3.7,68.3
747,D,1,0,7.6,9.2,7.9,7.6,70.5
748,A,1,1,6.2,5.0,5.5,6.7,72.3
748,B,1,1,4.9,7.1,8.9,7.5,80.7
748,C,0,1,8.7,3.8,6.6,6.1,58.7
748,D,1,1,8.1,5.6,6.4,6.5,77.7
749,A,1,0,8.3,3.1,3.8,5.7,51.5
749,B,0,0,7.0,8.3,5.3,9.0,49.3
749,C,1,0,5.7,4.5,8.9,5.5,57.7
749,D,1,0,8.8,6.2,9.1,9.8,73.2
750,A,1,1,8.9,3.9,4.7,6.4,73.2
750,B,1,1,6.7,6.4,6.6,8.6,80.5
750,C,0,0,7.6,3.7,8.1,5.3,41.2
750,D,1,1,8.3,6.7,8.6,8.3,86.5
751,A,1,0,8.1,2.2,7.9,6.2,57.3
751,B,1,1,6.2,6.2,6.7,8.1,78.7
751,C,0,0,3.2,4.7,6.4,8.2,37.5
751,D,1,0,6.6,8.8,7.2,7.9,67.5
752,A,1,0,9.1,6.7,5.5,6.1,62.3
752,B,1,0,7.1,9.5,6.1,8.9,69.3
752,C,1,0,8.9,4.0,7.4,5.3,59.3
752,D,0,1,6.8,6.0,8.3,6.3,62.3
753,A,1,0,7.1,4.6,4.2,6.3,53.7
753,B,1,1,8.0,8.6,6.6,6.7,83.2
753,C,1,0,5.7,3.9,9.1,5.9,57.7
753,D,1,1,9.6,6.9,5.3,7.2,81.7
754,A,0,0,9.3,5.5,9.2,6.2,50.3
754,B,1,1,8.2,6.4,5.9,6.4,78.2
754,C,0,0,7.0,6.2,8.5,6.0,46.2
754,D,1,1,8.4,8.3,5.4,7.6,82.8
755,A,0,1,8.2,4.7,6.0,3.9,54.7
755,B,1,1,8.9,9.2,6.1,6.9,85.2
755,C,1,1,6.4,5.7,8.1,6.8,78.3
755,D,1,0,5.0,6.7,5.7,9.0,60.7
756,A,0,0,7.7,5.7,5.2,7.7,43.8
756,B,1,1,5.9,8.6,5.7,6.4,77.7
756,C,1,0,7.0,5.9,8.2,7.7,64.7
756,D,1,1,6.2,10,9.4,7.8,89.0
757,A,1,0,6.6,3.8,6.6,4.3,52.2
757,B,0,0,7.6,8.4,6.1,5.2,45.5
757,C,1,1,6.3,3.3,7.5,7.5,74.3
757,D,1,1,6.6,6.6,8.5,9.0,84.5
758,A,1,1,7.4,4.5,6.1,6.7,74.5
758,B,1,0,7.0,8.6,9.0,6.9,69.2
758,C,1,1,6.5,5.5,7.0,6.0,75.0
758,D,0,1,7.8,5.8,6.9,6.3,61.3
759,A,1,0,6.8,6.0,7.3,5.8,59.8
759,B,1,1,7.1,6.9,5.0,6.1,75.2
759,C,1,0,9.6,4.1,6.9,7.7,63.8
759,D,1,0,9.4,8.9,5.1,8.3,69.5
760,A,0,0,10,5.7,7.0,5.9,47.7
760,B,1,1,5.9,4.7,7.4,5.0,71.7
760,C,1,0,9.4,7.0,7.6,5.6,66.0
760,D,1,1,6.1,6.2,6.8,6.0,75.2
761,A,1,0,8.6,4.0,6.0,4.6,55.3
761,B,1,0,9.3,7.8,6.7,7.9,69.5
761,C,1,0,7.1,5.4,9.4,6.2,63.5
761,D,1,1,7.0,7.2,7.5,7.1,81.3
762,A,0,1,7.2,4.5,6.5,7.4,59.3
762,B,0,0,7.8,6.4,3.8,7.0,41.7
762,C,1,0,7.4,4.3,9.7,6.4,63.0
762,D,1,1,7.8,7.3,8.3,8.6,86.7
763,A,0,1,9.2,5.3,4.6,5.7,58.0
763,B,0,0,7.2,4.9,5.6,8.6,43.8
763,C,0,1,5.5,6.4,10,6.9,64.7
763,D,0,1,8.4,9.2,8.0,9.1,74.5
764,A,0,1,9.2,5.3,8.7,7.1,67.2
764,B,1,0,9.0,6.9,6.6,7.5,66.7
764,C,1,1,6.7,3.8,8.9,7.9,78.8
764,D,0,1,7.4,6.8,4.7,7.3,60.3
765,A,0,0,6.7,2.7,5.1,7.9,37.3
765,B,1,1,6.3,5.9,5.0,5.8,71.7
765,C,1,0,4.2,5.3,8.7,7.5,59.5
765,D,1,0,9.3,7.8,7.0,6.0,66.8
766,A,0,1,8.6,5.2,6.1,5.1,58.3
766,B,1,0,7.5,7.2,5.6,10,67.2
766,C,0,1,6.7,4.4,5.4,5.3,53.0
766,D,1,0,8.5,6.8,7.5,6.9,66.2
767,A,1,0,8.1,5.4,5.8,6.8,60.2
767,B,1,1,6.6,5.5,4.6,6.5,72.0
767,C,1,0,6.8,7.1,9.3,7.2,67.3
767,D,1,1,8.0,6.7,7.8,5.2,79.5
768,A,1,1,8.5,5.7,7.6,5.5,78.8
768,B,1,1,8.1,7.1,4.3,8.4,79.8
768,C,1,0,4.6,4.7,7.1,5.1,52.5
768,D,1,0,6.1,7.0,8.4,8.8,67.2
769,A,1,1,9.4,5.5,4.0,5.8,74.5
769,B,0,1,8.1,8.8,7.3,7.1,68.8
769,C,0,0,5.7,6.6,7.7,8.1,46.8
769,D,0,0,7.9,5.7,8.0,7.7,48.8
770,A,0,0,7.0,5.6,6.5,4.1,38.7
770,B,0,0,5.5,8.2,6.6,7.4,46.2
770,C,0,0,7.2,6.7,8.4,6.2,47.5
770,D,1,0,6.8,9.6,6.4,7.2,66.7
771,A,0,1,8.3,5.8,4.0,7.9,60.0
771,B,1,0,4.9,7.8,6.2,7.9,61.3
771,C,1,1,6.8,6.0,8.8,6.0,79.3
771,D,0,0,7.8,5.2,7.8,8.3,48.5
772,A,1,0,8.1,3.5,6.6,4.6,54.7
772,B,0,1,9.2,6.5,6.3,7.5,65.8
772,C,1,0,6.8,3.4,8.5,7.1,59.7
772,D,1,1,6.7,4.6,9.6,8.2,81.8
773,A,0,1,5.9,6.4,4.1,5.7,53.5
773,B,1,0,7.9,7.2,7.4,8.3,68.0
773,C,0,1,6.4,3.5,8.5,6.3,57.8
773,D,1,0,9.8,9.3,9.2,7.6,76.5
774,A,1,1,7.8,5.1,7.3,7.1,78.8
774,B,1,1,8.1,9.3,6.2,7.0,84.3
774,C,1,1,6.7,4.1,8.2,6.0,75.0
774,D,1,1,7.5,8.0,7.3,9.3,86.8
775,A,1,0,7.9,6.4,6.6,5.2,60.2
775,B,1,0,8.6,6.1,9.9,8.0,71.0
775,C,0,1,5.7,5.6,9.0,7.9,63.7
775,D,1,0,7.1,8.2,6.3,8.9,67.5
776,A,1,1,9.0,3.7,3.8,6.2,71.2
776,B,0,0,9.0,7.8,5.0,8.4,50.3
776,C,0,0,7.9,7.8,6.8,5.4,46.5
776,D,1,0,5.3,8.9,7.9,6.5,64.3
777,A,1,1,6.7,5.1,4.3,7.3,72.3
777,B,1,1,7.3,7.9,7.5,7.5,83.7
777,C,1,0,4.7,5.8,8.0,5.7,57.0
777,D,1,1,7.4,4.1,7.2,6.1,74.7
778,A,1,1,9.7,5.3,7.2,6.5,81.2
778,B,0,1,6.6,8.4,5.7,7.5,63.7
778,C,0,0,4.9,5.4,9.0,5.9,42.0
778,D,1,0,6.8,7.3,7.2,5.6,61.5
779,A,0,1,8.3,5.2,3.9,5.6,55.0
779,B,0,0,5.7,7.1,6.8,7.7,45.5
779,C,0,1,4.8,3.3,8.8,6.2,55.2
779,D,1,1,7.3,6.2,7.7,7.7,81.5
780,A,0,0,7.7,5.6,6.0,6.2,42.5
780,B,0,0,3.3,6.5,7.5,6.2,39.2
780,C,1,1,7.7,6.5,10,6.4,84.3
780,D,1,1,7.8,9.8,9.0,7.9,90.8
781,A,1,0,6.7,3.4,8.0,6.2,57.2
781,B,0,1,3.9,10,9.3,8.6,69.7
781,C,0,1,5.7,4.4,9.1,7.2,60.7
781,D,1,1,8.1,6.2,8.3,10,87.7
782,A,0,0,8.6,3.1,6.2,6.7,41.0
782,B,1,0,4.1,7.2,7.2,5.9,57.3
782,C,0,0,4.8,4.2,7.8,6.3,38.5
782,D,0,1,7.8,7.6,8.2,6.6,67.0
783,A,1,1,9.2,5.5,6.4,4.8,76.5
783,B,1,1,7.2,7.3,5.0,6.4,76.5
783,C,0,0,5.7,7.5,7.7,6.0,44.8
783,D,0,0,6.6,7.7,6.6,9.4,50.5
784,A,0,1,7.8,7.4,7.3,7.5,66.7
784,B,0,1,6.3,7.8,5.3,4.3,56.2
784,C,1,0,4.9,5.4,9.2,7.5,61.7
784,D,1,0,5.7,5.3,4.3,5.5,51.3
785,A,1,1,9.1,5.9,5.5,6.1,77.7
785,B,1,1,7.5,5.3,5.5,7.7,76.7
785,C,1,0,4.4,2.8,6.9,5.0,48.5
785,D,1,1,10,6.9,6.5,7.3,84.5
786,A,1,0,7.2,4.3,5.9,5.6,55.0
786,B,1,1,8.9,5.6,7.0,5.8,78.8
786,C,0,0,7.9,4.9,8.4,5.3,44.2
786,D,0,1,8.8,9.4,8.1,6.3,71.0
787,A,1,1,9.3,8.2,6.9,4.5,81.5
787,B,0,0,6.1,5.6,6.6,8.1,44.0
787,C,1,0,7.9,5.9,9.7,6.6,66.8
787,D,0,1,3.9,7.3,6.0,7.6,58.0
788,A,0,1,8.9,3.9,6.1,7.1,60.0
788,B,1,1,8.0,8.3,7.5,6.6,84.0
788,C,1,1,7.3,4.1,8.3,6.4,76.8
788,D,0,0,5.9,7.9,8.9,6.2,48.2
789,A,0,0,9.8,5.9,5.8,6.1,46.0
789,B,1,1,5.0,5.7,2.8,6.9,67.3
789,C,0,1,5.8,7.0,6.1,6.2,58.5
789,D,1,0,7.2,8.3,6.7,8.6,68.0
790,A,1,1,8.1,4.2,4.5,6.6,72.3
790,B,1,1,9.4,5.8,6.8,6.2,80.3
790,C,1,0,6.5,4.1,8.2,6.0,58.0
790,D,0,1,8.7,7.2,4.2,7.5,62.7
791,A,0,0,6.5,5.6,7.3,7.0,44.0
791,B,1,1,6.8,7.4,7.0,6.8,80.0
791,C,1,1,5.4,6.2,5.1,6.3,71.7
791,D,1,0,8.0,6.5,10,7.9,70.7
792,A,1,0,10,6.2,5.3,5.6,61.8
792,B,1,0,9.0,8.4,6.7,8.1,70.3
792,C,1,0,5.5,4.4,8.2,6.7,58.0
792,D,1,0,5.9,8.4,6.5,6.0,61.3
793,A,1,0,7.8,6.6,4.3,5.1,56.3
793,B,1,1,6.0,7.5,7.0,7.6,80.2
793,C,0,1,6.7,4.3,8.6,7.4,61.7
793,D,0,1,7.5,9.3,7.8,7.0,69.3
794,A,0,0,8.6,5.9,4.0,4.7,38.7
794,B,1,0,6.4,7.7,7.0,7.8,64.8
794,C,1,1,5.5,4.3,4.8,6.0,67.7
794,D,0,1,10,7.0,7.9,8.6,72.5
795,A,0,0,7.1,3.6,4.3,5.0,33.3
795,B,0,0,6.1,7.1,7.6,6.3,45.2
795,C,1,1,6.2,5.7,8.2,3.5,72.7
795,D,1,0,6.8,7.0,6.1,6.7,61.0
796,A,1,0,6.0,3.3,6.3,7.4,55.0
796,B,0,1,7.1,9.3,6.7,8.8,69.8
796,C,1,0,8.7,3.3,7.8,6.9,61.2
796,D,1,0,7.1,8.2,8.0,7.4,67.8
797,A,1,0,9.5,3.9,5.4,4.8,56.0
797,B,0,1,6.2,6.6,6.7,6.1,59.3
797,C,1,0,4.6,4.6,9.4,6.3,58.2
797,D,1,1,9.4,7.6,4.6,10,86.0
798,A,0,0,8.6,3.4,6.8,5.2,40.0
798,B,1,1,4.3,5.7,6.2,8.8,75.0
798,C,1,1,5.1,4.8,8.4,7.2,75.8
798,D,1,0,7.3,8.4,7.7,5.9,65.5
799,A,0,1,9.1,5.2,7.2,5.1,61.0
799,B,1,0,6.7,6.4,4.8,6.4,57.2
799,C,1,1,8.1,4.4,6.4,7.0,76.5
799,D,1,1,6.1,8.1,8.1,7.1,82.3
800,A,1,1,8.6,5.1,5.7,6.0,75.7
800,B,0,1,7.2,7.5,6.5,9.4,67.7
800,C,0,1,4.2,4.3,6.3,7.6,54.0
800,D,1,1,5.5,6.2,6.7,9.6,80.0
801,A,0,0,8.9,4.9,6.0,6.6,44.0
801,B,0,1,7.3,6.2,6.8,5.5,59.7
801,C,1,0,5.4,5.0,8.4,4.0,54.7
801,D,1,1,7.2,8.5,7.0,8.0,84.5
802,A,1,1,8.3,6.7,4.4,6.3,76.2
802,B,1,0,5.0,8.3,6.4,7.1,61.3
802,C,0,0,6.2,3.8,8.1,6.7,41.3
802,D,1,0,6.6,6.7,6.1,9.3,64.5
803,A,1,0,10,7.1,4.7,6.9,64.5
803,B,1,1,6.2,7.0,7.4,6.9,79.2
803,C,0,1,8.2,5.2,6.7,5.1,58.7
803,D,1,0,5.8,6.9,4.4,7.5,57.7
804,A,0,0,10,3.6,4.3,6.7,41.0
804,B,1,0,6.8,8.1,7.7,8.0,67.7
804,C,1,1,7.7,7.5,7.3,4.9,79.0
804,D,0,1,8.0,7.1,6.9,6.1,63.5
805,A,1,0,9.3,6.1,6.9,7.2,65.8
805,B,1,1,8.0,10,6.7,7.1,86.3
805,C,1,0,8.1,6.2,7.7,6.2,63.7
805,D,1,1,9.5,9.2,5.3,6.8,84.7
806,A,0,1,6.4,3.8,5.7,5.7,52.7
806,B,1,1,6.1,8.5,4.1,7.5,77.0
806,C,1,1,6.3,4.2,8.0,3.0,69.2
806,D,1,1,7.5,8.8,7.3,7.3,84.8
807,A,0,0,7.9,3.7,7.7,8.0,45.5
807,B,1,0,5.1,8.5,8.3,7.4,65.5
807,C,1,1,6.5,1.5,4.6,6.4,65.0
807,D,1,0,7.7,5.3,8.4,7.4,64.7
808,A,1,0,7.8,2.7,5.6,6.8,54.8
808,B,1,1,6.0,6.9,5.9,7.4,77.0
808,C,0,1,5.5,4.7,8.0,5.0,55.3
808,D,1,0,7.9,8.1,5.1,7.7,64.7
809,A,0,0,6.4,5.0,3.5,9.3,40.3
809,B,0,1,5.6,8.5,6.3,6.6,61.7
809,C,0,0,6.8,3.0,8.5,6.6,41.5
809,D,1,0,7.2,6.3,6.5,8.7,64.5
810,A,1,0,7.7,4.1,6.5,6.1,57.3
810,B,1,1,7.6,7.6,7.7,7.9,84.7
810,C,1,0,6.6,4.4,6.6,6.3,56.5
810,D,1,1,7.8,7.7,7.5,7.4,84.0
811,A,1,1,8.1,6.1,6.0,6.4,77.7
811,B,0,0,9.3,8.4,5.3,5.3,47.2
811,C,1,0,5.3,6.2,7.8,5.8,58.5
811,D,1,0,9.2,6.9,5.7,5.4,62.0
812,A,0,0,8.8,5.7,5.0,7.7,45.3
812,B,1,0,6.6,8.6,6.4,8.3,66.5
812,C,1,0,5.4,3.7,5.2,6.6,51.5
812,D,1,1,7.4,8.2,7.7,6.6,83.2
813,A,1,0,10,6.5,5.2,5.9,62.7
813,B,0,1,7.2,7.4,5.9,6.4,61.5
813,C,1,0,7.1,5.4,8.6,5.9,61.7
813,D,0,0,5.4,6.3,7.9,8.2,46.3
814,A,0,0,9.3,4.6,4.7,6.1,41.2
814,B,1,1,6.0,8.6,5.4,6.6,77.7
814,C,1,0,8.7,4.7,8.6,6.0,63.3
814,D,0,1,8.2,7.5,7.1,9.2,70.0
815,A,0,1,6.4,3.3,4.7,5.1,49.2
815,B,1,1,7.9,7.4,3.5,7.1,76.5
815,C,0,0,6.0,7.5,8.2,5.3,45.0
815,D,1,0,7.8,5.9,5.6,8.6,63.2
816,A,1,0,7.6,5.7,6.4,7.2,61.5
816,B,1,1,7.3,6.4,6.8,7.3,79.7
816,C,1,0,6.5,4.0,6.8,8.5,59.7
816,D,0,0,6.4,5.6,6.1,8.9,45.0
817,A,1,0,8.4,3.9,5.7,5.3,55.5
817,B,1,0,9.0,7.1,6.1,9.9,70.2
817,C,0,1,7.1,6.5,7.1,7.2,63.2
817,D,1,0,7.1,7.1,7.1,8.7,66.7
818,A,0,0,7.7,6.3,7.2,7.1,47.2
818,B,0,1,8.1,8.1,7.0,7.9,68.5
818,C,1,1,7.1,5.8,7.5,5.3,76.2
818,D,0,0,6.6,8.4,9.7,4.9,49.3
819,A,1,0,6.9,6.2,6.8,4.2,56.8
819,B,0,1,7.9,8.5,7.0,9.3,71.2
819,C,1,0,7.2,4.9,7.4,6.5,60.0
819,D,0,1,7.6,8.2,6.6,9.6,70.0
820,A,1,1,9.2,2.4,5.7,6.6,73.2
820,B,1,1,5.7,6.7,7.3,7.5,78.7
820,C,1,0,5.9,5.6,7.1,4.4,55.0
820,D,1,1,7.9,7.5,8.3,6.1,83.0
821,A,0,1,8.9,5.4,7.6,3.8,59.5
821,B,1,0,4.9,6.8,7.0,6.4,58.5
821,C,0,1,7.8,6.6,8.5,5.9,64.7
821,D,0,0,8.1,8.2,7.9,7.6,53.0
822,A,0,1,5.9,3.4,5.7,4.2,48.7
822,B,1,0,5.0,10,5.9,8.4,65.5
822,C,0,1,6.2,2.4,8.1,5.3,53.3
822,D,0,1,9.2,8.4,6.7,7.1,69.0
823,A,1,1,8.9,4.1,4.7,5.3,71.7
823,B,1,0,7.8,8.2,8.1,7.1,68.7
823,C,1,0,3.2,5.5,9.3,7.1,58.5
823,D,1,1,7.2,7.2,7.6,5.9,79.8
824,A,0,0,6.4,3.1,5.9,4.9,33.8
824,B,1,1,8.2,8.0,6.8,4.9,79.8
824,C,1,1,5.1,2.7,6.4,3.8,63.3
824,D,0,0,6.7,9.1,6.8,7.0,49.3
825,A,1,1,7.0,3.4,5.8,3.4,66.0
825,B,1,0,7.7,8.2,5.1,5.0,60.0
825,C,0,1,6.5,7.0,8.0,4.6,60.2
825,D,1,1,7.2,8.6,5.6,9.8,85.3
826,A,0,1,7.8,5.0,7.4,4.2,57.3
826,B,1,1,7.6,9.1,7.1,7.1,84.8
826,C,0,1,5.9,5.7,9.2,7.5,63.8
826,D,1,1,8.5,7.2,7.1,8.2,85.0
827,A,1,0,8.9,5.4,4.8,7.9,61.7
827,B,1,1,5.5,6.5,5.0,5.6,71.0
827,C,1,1,6.3,3.7,9.3,6.0,75.5
827,D,0,1,6.7,7.0,6.8,7.2,62.8
828,A,1,1,7.8,4.9,5.8,7.1,76.0
828,B,1,0,4.8,9.6,3.5,9.1,61.7
828,C,0,1,5.5,4.2,6.1,6.0,53.0
828,D,1,1,5.9,9.1,6.5,7.9,82.3
829,A,0,0,10,4.0,3.5,7.7,42.0
829,B,0,1,6.4,7.5,7.4,6.5,63.0
829,C,0,1,5.4,3.1,6.4,6.2,51.8
829,D,1,0,6.9,6.7,9.1,7.0,66.2
830,A,0,0,5.8,5.0,5.0,5.1,34.8
830,B,1,0,8.5,6.8,6.1,7.9,65.5
830,C,1,0,7.5,5.3,7.5,7.8,63.5
830,D,0,1,7.5,8.4,7.3,7.8,68.3
831,A,0,0,8.8,4.9,5.9,6.0,42.7
831,B,1,1,5.2,7.4,6.4,5.9,74.8
831,C,1,1,5.2,4.0,9.5,5.1,73.0
831,D,1,1,6.4,7.4,8.0,7.5,82.2
832,A,1,0,7.2,3.2,8.1,5.2,56.2
832,B,1,0,6.4,8.1,6.0,9.7,67.0
832,C,1,0,7.5,5.5,10,7.3,67.2
832,D,1,1,7.7,7.3,8.7,6.6,83.8
833,A,1,0,8.5,5.7,5.3,7.0,60.8
833,B,0,0,6.5,7.5,6.3,7.3,46.0
833,C,0,0,3.5,5.3,8.8,6.5,40.2
833,D,1,0,9.6,9.2,7.4,5.5,69.5
834,A,0,0,8.7,4.9,3.4,4.5,35.8
834,B,1,0,9.4,7.1,7.6,5.9,66.7
834,C,0,1,7.7,5.0,7.3,7.4,62.3
834,D,1,0,6.6,8.8,7.0,5.8,63.7
835,A,0,0,6.9,4.5,7.4,4.6,39.0
835,B,1,0,8.8,8.2,6.5,9.1,71.0
835,C,1,1,6.1,5.0,7.8,5.5,74.0
835,D,1,0,9.7,7.4,5.2,8.2,67.5
836,A,1,0,8.1,4.0,6.9,5.6,57.7
836,B,1,0,6.6,9.5,6.1,8.6,68.0
836,C,1,1,6.6,4.6,8.9,7.2,78.8
836,D,1,1,8.0,5.8,8.1,5.9,79.7
837,A,1,0,9.8,6.8,6.7,6.7,66.7
837,B,0,1,8.0,6.3,5.6,7.1,61.7
837,C,1,1,6.5,3.7,8.6,4.5,72.2
837,D,1,0,7.5,8.6,8.8,7.6,70.8
838,A,1,0,9.7,7.8,4.4,8.2,66.8
838,B,0,0,8.0,10,7.4,7.6,55.0
838,C,1,1,5.2,5.1,9.3,6.6,77.0
838,D,0,0,9.2,7.8,8.2,9.7,58.2
839,A,1,1,7.1,7.0,5.4,6.2,76.2
839,B,1,0,5.5,10,3.1,6.1,57.8
839,C,0,0,7.7,6.6,5.5,6.2,43.3
839,D,1,1,9.8,7.7,6.2,9.8,89.2
840,A,1,0,8.7,6.0,5.5,5.3,59.2
840,B,1,1,7.9,8.1,5.9,5.7,79.3
840,C,1,0,6.6,3.6,8.9,5.4,57.5
840,D,0,1,9.5,6.6,7.4,7.0,67.5
841,A,0,0,7.3,3.8,5.9,7.0,40.0
841,B,1,1,7.0,8.1,5.9,8.0,81.7
841,C,1,0,4.7,5.0,10,7.2,61.5
841,D,1,0,7.8,6.1,7.3,9.0,67.0
842,A,1,0,7.6,6.2,7.3,7.0,63.5
842,B,1,1,6.9,7.4,6.0,4.0,73.8
842,C,1,0,6.0,4.8,8.9,4.0,56.2
842,D,1,1,6.6,7.3,7.7,8.3,83.2
843,A,1,1,8.7,3.3,7.1,6.3,75.7
843,B,1,0,7.9,8.2,7.3,5.3,64.5
843,C,0,0,4.8,2.5,9.4,6.6,38.8
843,D,1,0,7.6,5.9,5.9,6.6,60.0
844,A,1,0,7.3,4.4,6.7,7.2,59.3
844,B,1,1,6.9,8.2,7.9,8.1,85.2
844,C,0,0,5.3,4.1,8.1,6.9,40.7
844,D,1,1,8.0,7.9,6.8,6.5,82.0
845,A,1,0,8.8,6.7,4.5,10,66.7
845,B,1,1,10,9.9,6.3,7.0,88.7
845,C,1,1,5.4,4.9,7.5,6.1,73.2
845,D,1,1,7.5,5.8,6.4,10,82.8
846,A,0,1,8.0,4.3,6.6,7.5,60.7
846,B,1,0,6.6,6.9,6.6,6.0,60.2
846,C,0,1,5.7,4.8,7.9,7.2,59.3
846,D,0,0,8.7,7.1,8.2,8.5,54.2
847,A,0,0,9.4,7.2,4.2,6.6,45.7
847,B,1,0,7.5,7.1,7.5,8.3,67.3
847,C,1,1,7.7,6.6,9.5,7.3,85.2
847,D,1,1,8.9,7.4,7.6,8.7,87.7
848,A,1,1,7.4,4.9,2.9,5.3,67.5
848,B,0,0,8.5,8.4,6.3,6.0,48.7
848,C,0,0,8.0,5.9,7.5,5.1,44.2
848,D,1,1,7.4,6.9,6.8,6.2,78.8
849,A,1,0,7.7,5.7,4.3,5.1,54.7
849,B,1,1,8.7,10,7.2,7.2,88.5
849,C,1,1,7.2,5.3,8.6,5.6,77.8
849,D,1,1,6.1,5.9,9.3,8.1,82.3
850,A,0,0,7.6,5.0,3.3,4.9,34.7
850,B,1,0,5.6,6.3,5.2,8.1,58.7
850,C,1,0,7.0,4.9,10,6.6,64.2
850,D,1,0,7.8,9.6,5.1,6.6,65.2
851,A,1,0,7.3,6.7,4.8,6.3,58.5
851,B,0,1,6.9,9.7,6.4,5.4,64.0
851,C,1,1,5.4,4.2,7.7,7.2,74.2
851,D,1,0,8.5,8.2,7.5,5.4,66.0
852,A,0,0,9.1,5.3,5.4,7.0,44.7
852,B,1,0,8.5,9.8,8.4,7.3,73.3
852,C,0,1,6.9,5.1,7.3,8.8,63.5
852,D,0,1,7.2,6.7,7.0,5.0,59.8
853,A,0,0,6.2,6.5,4.3,8.5,42.5
853,B,0,0,5.8,7.7,4.9,5.5,39.8
853,C,0,1,6.4,5.3,9.3,7.5,64.2
853,D,1,0,6.3,8.3,7.3,10,69.8
854,A,0,0,9.1,3.3,6.4,6.7,42.5
854,B,0,1,7.0,7.6,4.8,7.7,61.8
854,C,1,1,5.0,4.3,7.9,7.1,73.8
854,D,1,1,6.6,6.3,7.5,7.1,79.2
855,A,1,1,7.2,3.8,4.7,7.8,72.5
855,B,1,0,6.5,7.8,6.2,5.9,60.7
855,C,1,1,6.8,4.9,7.7,7.5,78.2
855,D,0,0,7.5,6.7,6.1,7.1,45.7
856,A,1,0,10,3.3,5.1,5.3,56.2
856,B,0,0,7.4,9.6,4.0,7.5,47.5
856,C,1,0,4.6,5.9,7.9,5.1,55.8
856,D,1,1,8.6,8.1,8.4,10,91.8
857,A,0,0,10,4.8,5.8,7.8,47.3
857,B,1,0,8.0,7.4,6.4,6.5,63.8
857,C,1,1,5.8,5.3,8.5,5.6,75.3
857,D,0,1,8.1,6.5,7.2,5.5,62.2
858,A,0,0,8.2,5.7,6.0,5.1,41.7
858,B,0,1,6.7,8.6,6.1,9.3,67.8
858,C,0,1,5.0,5.6,8.8,7.1,60.8
858,D,1,1,6.5,8.3,7.5,7.3,82.7
859,A,1,0,8.2,5.5,5.2,6.0,58.2
859,B,1,0,7.2,7.1,6.9,8.8,66.7
859,C,1,0,8.4,6.3,7.2,7.9,66.3
859,D,0,0,7.4,7.5,8.0,8.8,52.8
860,A,0,0,9.4,5.5,7.5,7.2,49.3
860,B,1,1,7.8,7.9,5.9,8.8,84.0
860,C,1,1,6.8,1.9,9.4,6.0,73.5
860,D,0,0,6.7,7.2,7.3,6.7,46.5
861,A,1,0,7.8,5.6,4.3,5.7,55.7
861,B,1,1,6.5,9.4,8.6,8.9,89.0
861,C,0,0,5.3,6.4,7.4,9.3,47.3
861,D,1,1,7.3,8.6,6.9,9.4,87.0
862,A,1,0,6.9,5.0,6.9,5.0,56.3
862,B,1,0,6.4,10,6.7,6.9,66.7
862,C,0,1,6.6,5.3,7.6,7.4,61.5
862,D,0,0,9.7,8.1,7.8,8.1,56.2
863,A,0,0,7.9,3.2,6.2,7.8,41.8
863,B,1,0,7.5,6.7,6.2,8.4,64.7
863,C,0,0,5.9,5.0,7.4,8.3,44.3
863,D,0,0,6.3,7.7,7.5,8.6,50.2
864,A,1,0,8.0,5.0,6.8,5.6,59.0
864,B,1,1,8.1,8.0,6.0,6.7,81.3
864,C,1,1,5.1,3.8,7.2,6.2,70.5
864,D,1,1,7.9,8.1,8.5,7.7,87.0
865,A,0,0,7.4,4.5,4.4,5.6,36.5
865,B,1,1,7.6,7.1,7.1,7.6,82.3
865,C,1,1,7.2,3.8,10,7.2,80.3
865,D,1,1,9.8,7.8,7.6,4.7,83.2
866,A,1,1,7.6,4.5,7.4,6.3,76.3
866,B,0,0,10,7.0,8.3,6.4,52.8
866,C,0,1,5.8,5.3,6.9,6.7,57.8
866,D,1,0,5.7,6.4,9.1,8.2,65.7
867,A,1,0,9.3,5.2,4.8,9.3,64.3
867,B,0,1,4.9,7.0,6.7,9.5,63.5
867,C,1,0,4.4,4.9,6.3,6.7,53.8
867,D,0,0,8.3,9.5,8.4,7.6,56.3
868,A,0,1,8.9,3.9,6.6,7.1,60.8
868,B,0,1,6.1,8.1,7.4,7.4,65.0
868,C,0,1,5.6,2.4,7.6,6.2,53.0
868,D,1,1,7.6,7.5,5.8,8.2,81.8
869,A,0,0,7.3,3.9,5.2,6.1,37.5
869,B,1,1,6.9,8.4,4.2,5.7,75.3
869,C,0,0,5.2,5.3,5.7,4.3,34.2
869,D,0,1,7.7,6.1,10,7.3,68.5
870,A,1,0,8.0,6.0,5.5,5.8,58.8
870,B,1,0,7.4,7.4,6.9,2.9,57.7
870,C,1,0,3.4,7.7,7.1,8.1,60.5
870,D,0,0,9.1,9.6,6.6,5.8,51.8
871,A,0,0,9.1,5.2,3.0,5.4,37.8
871,B,1,0,7.3,7.4,7.1,5.0,61.3
871,C,1,0,5.7,3.5,7.4,5.8,54.0
871,D,1,1,7.7,6.1,6.8,5.3,76.5
872,A,0,0,8.3,6.3,6.6,6.2,45.7
872,B,1,1,6.4,5.9,5.5,10,79.7
872,C,0,1,5.4,4.0,8.7,6.4,57.5
872,D,1,0,9.4,7.2,6.0,9.2,69.7
873,A,0,0,7.0,5.1,5.1,5.9,38.5
873,B,1,1,6.9,9.6,4.5,8.0,81.7
873,C,1,0,7.2,5.3,7.1,5.0,57.7
873,D,1,0,5.8,8.4,6.7,6.5,62.3
874,A,1,0,8.0,3.0,5.6,6.5,55.2
874,B,0,0,5.1,8.2,6.6,4.5,40.7
874,C,1,1,5.1,4.5,7.8,5.0,70.7
874,D,1,1,8.2,7.6,6.2,6.6,81.0
875,A,0,0,8.0,3.4,7.3,7.1,43.0
875,B,0,0,5.8,9.9,5.4,5.5,44.3
875,C,1,0,6.1,5.7,10,6.6,64.0
875,D,1,1,7.8,7.6,6.6,6.7,81.2
876,A,0,1,5.0,4.9,7.2,5.4,54.2
876,B,0,1,6.3,6.8,6.2,6.3,59.3
876,C,0,1,6.9,6.5,9.3,7.6,67.2
876,D,1,1,8.8,8.1,5.9,8.8,86.0
877,A,1,1,9.8,2.5,7.0,6.1,75.7
877,B,0,1,5.5,8.5,4.9,9.4,63.8
877,C,1,0,7.1,6.7,7.5,5.7,61.7
877,D,1,1,7.7,5.6,6.7,8.7,81.2
878,A,1,0,9.3,4.5,5.9,5.4,58.5
878,B,1,0,5.8,8.4,7.7,7.1,65.0
878,C,1,1,4.0,4.2,8.3,6.0,70.8
878,D,1,0,9.1,5.8,6.7,5.4,61.7
879,A,0,0,4.5,5.5,5.7,4.5,33.7
879,B,1,0,5.3,9.1,8.0,6.6,65.0
879,C,1,0,2.0,3.7,5.5,7.7,48.2
879,D,1,1,7.9,5.3,6.2,7.9,78.8
880,A,1,0,7.6,5.8,4.3,6.9,57.7
880,B,1,0,6.1,7.7,6.3,6.7,61.3
880,C,1,0,7.5,4.4,8.9,6.5,62.2
880,D,1,0,6.5,7.9,6.8,7.1,63.8
881,A,1,0,6.7,4.6,4.8,4.8,51.5
881,B,1,1,7.1,7.7,4.4,8.6,79.7
881,C,1,0,6.0,4.3,7.5,7.1,58.2
881,D,1,0,6.7,7.2,6.8,5.7,60.7
882,A,1,0,9.8,4.5,6.8,7.0,63.5
882,B,1,0,7.6,7.9,5.8,5.3,61.0
882,C,1,1,6.7,6.8,9.5,5.5,80.8
882,D,1,1,8.0,6.4,8.4,6.2,81.7
883,A,0,0,7.3,6.2,7.7,6.4,46.0
883,B,1,0,8.0,9.8,7.6,9.2,74.3
883,C,0,0,4.6,4.4,8.5,5.3,38.0
883,D,1,1,8.5,8.0,10,7.3,89.7
884,A,0,0,8.2,3.3,4.8,6.1,37.3
884,B,1,0,6.7,8.3,5.3,7.3,62.7
884,C,0,0,5.4,5.3,6.8,8.5,43.3
884,D,1,1,9.5,7.2,6.8,9.1,87.7
885,A,1,1,8.2,4.5,6.9,5.9,75.8
885,B,1,1,6.2,7.8,8.8,8.2,85.0
885,C,1,1,5.2,5.2,9.5,6.2,76.8
885,D,1,1,8.9,7.3,7.7,8.4,87.2
886,A,1,1,7.0,4.2,5.6,5.9,71.2
886,B,0,1,6.3,6.6,5.9,9.0,63.0
886,C,1,0,5.7,3.4,8.6,7.9,59.3
886,D,1,1,6.3,6.9,8.7,8.1,83.3
887,A,1,0,10,4.7,5.6,7.3,62.7
887,B,0,0,7.4,9.2,7.9,6.3,51.3
887,C,1,1,5.0,6.0,9.1,7.5,79.3
887,D,0,1,8.1,5.6,7.7,4.1,59.2
888,A,0,1,9.6,5.1,5.1,5.8,59.3
888,B,1,0,6.7,7.5,7.0,7.7,64.8
888,C,0,1,7.3,4.8,8.3,7.7,63.5
888,D,1,1,7.7,5.8,7.3,9.9,84.5
889,A,0,1,8.7,4.4,8.5,6.8,64.0
889,B,1,1,5.1,7.5,5.4,5.8,73.0
889,C,0,0,6.3,7.2,6.1,6.3,43.2
889,D,0,1,6.5,5.6,5.2,7.7,58.3
890,A,1,1,8.6,5.3,5.5,6.7,76.8
890,B,1,1,8.0,7.8,7.1,6.6,82.5
890,C,0,0,6.6,7.4,7.0,8.3,48.8
890,D,0,0,8.1,6.7,7.9,9.2,53.2
891,A,1,0,7.2,4.8,6.2,3.3,52.5
891,B,1,1,6.2,6.6,7.5,5.7,76.7
891,C,1,1,5.9,4.5,7.6,6.9,74.8
891,D,1,0,9.5,7.9,9.3,7.4,73.5
892,A,1,1,9.0,5.1,8.0,8.3,84.0
892,B,1,0,7.8,7.8,6.4,4.0,60.0
892,C,1,1,6.8,5.6,7.8,5.2,75.7
892,D,1,1,8.9,8.5,6.1,8.0,85.8
893,A,0,0,6.2,4.0,5.4,8.7,40.5
893,B,0,0,5.9,7.3,6.4,7.2,44.7
893,C,1,0,7.1,4.9,6.3,3.2,52.5
893,D,1,1,7.0,7.5,7.7,8.6,84.7
894,A,0,1,7.0,5.4,4.0,5.8,53.7
894,B,1,1,7.0,9.6,6.2,8.3,85.2
894,C,0,0,6.6,4.2,10,8.1,48.2
894,D,1,0,6.8,10.0,6.4,6.4,66.0
895,A,0,0,8.5,3.0,6.1,6.6,40.3
895,B,1,0,7.0,7.0,7.8,6.8,64.3
895,C,1,0,5.9,5.3,9.5,8.1,64.7
895,D,1,1,9.0,6.9,7.7,9.4,88.3
896,A,0,0,5.7,4.9,3.4,7.7,36.2
896,B,1,1,5.7,8.4,6.9,7.9,81.5
896,C,1,0,8.7,6.3,8.0,4.9,63.2
896,D,1,0,6.4,6.4,9.1,9.6,69.2
897,A,0,0,8.9,4.8,7.7,7.3,47.8
897,B,1,0,3.2,10,5.4,9.0,62.7
897,C,0,1,6.2,5.3,5.6,5.8,54.8
897,D,1,0,8.0,8.3,7.0,4.5,63.0
898,A,1,0,9.9,2.4,8.3,4.6,58.7
898,B,1,0,9.8,6.9,5.7,6.0,64.0
898,C,1,0,6.7,2.4,9.8,6.7,59.3
898,D,1,1,9.2,5.6,7.2,10,86.7
899,A,0,0,7.2,5.6,4.5,7.9,42.0
899,B,1,0,8.1,5.8,6.9,7.5,63.8
899,C,1,0,7.5,7.5,9.6,3.7,63.8
899,D,1,0,6.0,6.1,6.7,8.3,61.8
900,A,1,0,9.1,4.1,5.9,7.5,61.0
900,B,1,0,9.2,7.6,8.5,8.4,72.8
900,C,1,0,4.9,5.5,7.2,5.0,54.3
900,D,1,1,6.7,6.5,6.6,8.1,79.8
901,A,0,0,5.9,7.1,5.6,7.6,43.7
901,B,0,1,5.0,8.9,7.9,9.3,68.5
901,C,1,1,7.3,5.8,6.9,6.0,76.7
901,D,0,0,8.0,8.0,8.5,8.6,55.2
902,A,1,1,8.0,5.1,3.8,5.9,71.3
902,B,1,0,6.3,7.1,5.5,6.8,59.5
902,C,0,1,6.2,4.6,7.9,2.8,52.5
902,D,1,0,9.2,8.5,6.0,7.2,68.2
903,A,0,0,8.4,2.9,7.0,5.7,40.0
903,B,1,0,6.3,6.4,6.8,9.1,64.3
903,C,1,1,6.9,4.7,6.2,5.2,71.7
903,D,1,0,7.9,8.8,9.4,9.4,75.8
904,A,1,0,10,4.8,6.3,9.0,66.8
904,B,1,0,4.8,8.6,7.1,7.5,63.3
904,C,0,0,5.8,5.5,8.3,6.2,43.0
904,D,1,0,8.9,7.3,7.0,7.8,68.3
905,A,0,0,5.8,4.6,7.0,6.3,39.5
905,B,1,0,6.5,8.0,5.7,6.3,60.8
905,C,1,1,8.3,4.6,6.9,5.1,74.8
905,D,1,1,7.6,5.7,8.1,3.8,75.3
906,A,1,1,8.3,2.5,3.5,5.4,66.2
906,B,1,0,6.5,9.4,5.6,8.0,65.8
906,C,0,0,7.7,7.0,9.6,6.3,51.0
906,D,1,1,7.0,5.9,5.2,6.7,74.7
907,A,1,0,7.1,6.9,7.2,7.3,64.2
907,B,1,0,7.6,7.4,8.0,8.0,68.3
907,C,0,0,7.7,7.0,7.8,6.8,48.8
907,D,1,1,9.1,9.0,6.0,6.0,83.5
908,A,1,1,7.5,3.4,7.0,5.9,73.0
908,B,1,1,8.2,8.0,4.9,9.1,83.7
908,C,1,0,4.8,6.6,9.1,5.7,60.3
908,D,0,0,7.8,8.0,7.6,5.4,48.0
909,A,1,0,10.0,2.8,5.2,7.5,59.2
909,B,1,0,7.4,8.3,7.0,6.7,65.7
909,C,1,1,5.4,6.4,9.0,6.9,79.5
909,D,0,1,7.1,6.4,5.8,7.8,61.8
910,A,1,0,8.5,4.0,5.1,5.8,55.7
910,B,0,1,5.3,9.9,8.6,8.2,70.0
910,C,0,0,7.3,3.8,7.4,6.1,41.0
910,D,1,0,7.4,6.1,5.7,7.5,61.2
911,A,1,0,9.3,6.5,4.7,4.4,58.2
911,B,1,0,5.8,7.9,6.5,7.5,62.8
911,C,0,1,7.1,6.6,8.0,5.2,61.5
911,D,1,0,10,7.4,7.9,8.0,72.2
912,A,1,0,6.4,3.8,2.8,5.8,48.0
912,B,0,0,8.6,6.4,8.2,8.6,53.0
912,C,1,1,4.3,7.4,8.4,4.8,74.8
912,D,1,1,7.9,8.1,7.7,8.7,87.3
913,A,1,1,6.7,4.9,6.1,7.1,74.7
913,B,0,0,8.6,9.1,4.5,8.2,50.7
913,C,1,1,6.4,6.0,7.9,4.2,74.2
913,D,1,1,9.9,8.3,5.4,8.3,86.5
914,A,1,0,6.7,5.7,6.4,7.0,59.7
914,B,1,0,6.3,6.4,6.8,7.3,61.3
914,C,0,0,7.1,6.1,6.5,6.1,43.0
914,D,1,1,8.6,7.3,7.9,5.8,82.7
915,A,1,1,6.8,4.5,5.7,6.4,72.3
915,B,1,0,8.4,8.7,7.7,7.3,70.2
915,C,1,1,8.2,4.0,8.0,6.7,78.2
915,D,0,0,7.2,7.3,8.6,6.3,49.0
916,A,1,1,6.8,5.1,6.7,5.5,73.5
916,B,1,1,5.9,9.4,7.8,6.8,83.2
916,C,1,1,6.7,4.3,8.2,6.1,75.5
916,D,1,0,7.4,7.8,7.5,7.5,67.0
917,A,1,1,8.8,6.2,6.6,6.5,80.2
917,B,0,0,6.8,8.8,7.6,5.1,47.2
917,C,0,1,5.8,4.5,8.6,4.9,56.3
917,D,1,1,7.4,8.5,7.8,5.3,81.7
918,A,0,0,5.2,5.9,8.0,8.6,46.2
918,B,1,1,5.6,8.4,7.3,7.1,80.7
918,C,1,0,8.5,7.0,9.7,8.1,72.2
918,D,1,0,8.8,8.4,5.4,8.5,68.5
919,A,0,0,8.2,5.1,7.6,4.2,41.8
919,B,0,1,8.0,8.5,4.6,7.9,65.0
919,C,1,0,6.2,5.3,8.4,8.6,64.2
919,D,1,1,9.7,6.4,6.5,9.1,86.2
920,A,1,1,7.5,6.2,6.2,7.0,78.2
920,B,0,1,6.3,8.7,8.0,7.2,67.0
920,C,0,1,6.7,5.2,9.2,5.0,60.2
920,D,0,0,8.8,8.4,8.7,8.6,57.5
921,A,0,0,6.8,5.8,6.0,6.1,41.2
921,B,1,0,10.0,9.9,5.2,5.4,67.5
921,C,1,1,8.4,5.2,6.4,4.8,74.7
921,D,1,1,7.3,5.6,7.3,6.3,77.5
922,A,1,0,7.8,4.4,6.5,5.2,56.5
922,B,1,0,7.2,8.4,4.8,7.0,62.3
922,C,1,1,8.3,3.4,7.7,5.5,74.8
922,D,0,1,9.5,7.1,5.4,6.8,64.7
923,A,1,1,8.7,5.9,5.4,5.2,75.3
923,B,1,1,8.0,7.3,5.5,4.3,75.2
923,C,1,0,7.6,5.9,9.0,5.7,63.7
923,D,0,0,8.7,7.8,7.0,8.4,53.2
924,A,1,0,7.9,3.7,3.6,5.5,51.2
924,B,0,0,6.6,7.4,5.3,7.1,44.0
924,C,1,0,4.8,7.3,8.2,6.4,61.2
924,D,0,0,6.2,6.9,8.4,7.8,48.8
925,A,1,1,6.9,4.8,4.9,7.6,73.7
925,B,0,0,6.6,7.8,8.0,6.4,48.0
925,C,1,0,6.9,6.4,7.4,6.9,62.7
925,D,1,0,6.9,6.7,5.8,8.0,62.3
926,A,0,1,5.4,5.6,3.9,5.8,51.2
926,B,1,1,7.3,9.6,5.8,8.2,84.8
926,C,0,0,7.4,6.2,8.4,5.6,46.0
926,D,1,1,8.4,7.1,6.4,5.7,79.3
927,A,1,1,7.2,3.9,7.5,6.0,74.3
927,B,1,0,6.9,6.8,5.0,6.7,59.0
927,C,1,0,5.1,3.4,10,8.2,61.2
927,D,1,1,8.0,9.2,8.3,6.8,87.2
928,A,0,1,6.2,6.7,4.5,6.5,56.5
928,B,0,0,6.9,6.9,6.2,2.6,37.7
928,C,1,1,7.7,4.7,8.3,7.9,81.0
928,D,1,1,8.3,6.3,9.6,6.7,84.8
929,A,0,0,8.5,5.0,4.2,7.8,42.5
929,B,1,1,5.3,7.2,6.5,7.3,77.2
929,C,0,1,5.8,7.6,8.4,5.5,62.2
929,D,1,1,6.4,7.1,6.2,7.6,78.8
930,A,1,0,8.9,4.4,6.1,7.2,61.0
930,B,1,1,6.7,8.0,7.5,8.3,84.2
930,C,1,0,5.3,6.1,7.2,5.5,56.8
930,D,0,1,6.9,8.1,7.0,7.7,66.2
931,A,1,1,7.8,4.6,8.5,6.2,78.5
931,B,1,1,6.9,7.1,7.7,4.1,76.3
931,C,1,0,4.7,7.1,7.7,5.8,58.8
931,D,1,0,5.8,8.1,7.7,6.7,63.8
932,A,1,1,7.6,6.8,6.6,8.9,83.2
932,B,0,1,8.1,5.6,5.4,7.0,60.2
932,C,1,0,7.2,8.7,6.8,4.7,62.3
932,D,1,1,8.0,7.4,5.1,7.8,80.5
933,A,1,0,10,3.1,5.5,7.0,59.3
933,B,1,1,7.9,8.1,9.2,7.7,88.2
933,C,1,0,6.2,4.3,8.7,6.9,60.2
933,D,1,1,7.2,5.0,5.5,5.4,71.8
934,A,1,0,7.1,2.1,5.6,6.7,52.5
934,B,0,0,7.1,9.1,7.5,8.1,53.0
934,C,1,1,5.5,6.2,9.5,6.9,80.2
934,D,1,0,7.4,8.2,8.0,5.6,65.3
935,A,0,0,8.4,4.1,7.3,4.4,40.3
935,B,1,0,7.4,10,6.0,6.0,65.7
935,C,0,0,5.0,3.4,8.1,6.7,38.7
935,D,1,1,7.8,8.7,6.1,7.4,83.3
936,A,1,0,8.8,2.7,4.5,4.8,51.3
936,B,0,1,5.3,8.8,5.7,7.5,62.2
936,C,1,1,7.0,6.1,10,8.1,85.3
936,D,1,0,6.4,7.0,8.8,6.3,64.2
937,A,1,0,7.5,4.0,6.7,5.6,56.3
937,B,1,1,7.6,6.5,6.9,8.8,83.0
937,C,0,0,3.2,4.0,8.3,4.8,33.8
937,D,1,1,6.0,5.8,5.8,7.1,74.5
938,A,0,0,9.9,5.6,6.1,5.2,44.7
938,B,0,0,4.9,9.8,7.6,7.8,50.2
938,C,1,1,6.0,6.8,7.9,4.6,75.5
938,D,1,1,8.4,9.7,5.6,9.0,87.8
939,A,0,0,7.0,5.5,5.0,5.8,38.8
939,B,1,1,8.7,7.6,8.5,6.9,86.2
939,C,1,1,7.6,2.8,8.2,6.6,75.3
939,D,1,0,7.9,7.9,7.8,7.7,68.8
940,A,0,0,5.0,4.7,4.3,4.8,31.3
940,B,1,0,5.8,7.9,6.5,7.9,63.5
940,C,1,0,6.6,4.3,8.2,7.3,60.7
940,D,1,0,8.0,7.0,6.4,7.4,64.7
941,A,1,0,6.6,3.8,6.8,6.7,56.5
941,B,1,1,5.0,9.5,5.4,7.2,78.5
941,C,1,1,4.5,6.2,6.0,6.0,71.2
941,D,1,1,8.2,6.3,6.0,9.0,82.5
942,A,0,1,6.5,4.8,4.7,7.5,55.8
942,B,1,1,5.6,9.5,7.5,6.0,81.0
942,C,1,0,7.0,4.5,10,8.8,67.2
942,D,0,0,6.5,8.4,5.0,6.6,44.2
943,A,1,0,6.4,4.2,9.3,7.5,62.3
943,B,1,0,5.9,6.0,6.5,8.5,61.5
943,C,1,0,5.0,4.4,8.7,5.9,56.7
943,D,1,0,9.2,5.2,7.6,5.9,63.2
944,A,1,1,8.3,6.5,7.4,5.9,80.2
944,B,1,1,6.5,7.2,6.9,5.8,77.3
944,C,1,0,9.7,5.9,8.9,4.8,65.5
944,D,1,1,8.1,7.4,5.9,7.2,81.0
945,A,0,0,7.8,4.8,6.6,6.0,42.0
945,B,1,0,6.8,6.7,5.9,8.5,63.2
945,C,0,0,7.4,6.3,7.5,7.1,47.2
945,D,1,1,9.5,8.4,8.4,8.1,90.7
946,A,0,1,7.6,4.9,4.8,7.3,57.7
946,B,1,1,6.4,9.3,7.2,7.6,84.2
946,C,1,1,4.2,4.5,6.7,5.2,67.7
946,D,1,0,8.2,4.9,8.4,6.6,63.5
947,A,1,0,9.7,5.1,5.1,4.3,57.0
947,B,1,0,6.3,6.2,5.5,3.9,53.2
947,C,1,1,6.7,4.1,7.8,8.8,79.0
947,D,1,0,7.9,6.3,8.1,10,70.5
948,A,0,0,10.0,1.9,6.5,5.1,39.2
948,B,1,0,8.8,8.6,3.7,6.6,62.8
948,C,0,0,4.5,6.1,7.0,6.6,40.3
948,D,1,1,9.0,6.9,7.7,5.5,81.8
949,A,1,1,9.3,5.1,5.4,8.4,80.3
949,B,1,1,7.2,9.3,5.0,7.5,81.7
949,C,0,1,5.6,4.4,7.2,6.2,55.7
949,D,1,1,8.0,7.1,6.8,6.8,81.2
950,A,0,0,6.6,4.6,5.1,6.0,37.2
950,B,1,0,7.6,6.4,6.9,9.3,67.0
950,C,1,1,7.0,4.6,8.8,6.1,77.5
950,D,1,1,9.2,5.9,5.3,4.6,75.0
951,A,1,0,8.1,3.6,4.2,7.4,55.5
951,B,0,1,9.4,7.6,5.3,5.1,62.3
951,C,1,0,5.4,5.4,9.8,8.1,64.5
951,D,1,1,5.5,6.2,7.7,5.1,74.2
952,A,1,1,9.5,5.4,7.5,6.7,81.8
952,B,0,0,5.4,10.0,5.7,8.5,49.3
952,C,0,1,8.0,4.5,5.6,7.0,58.5
952,D,1,0,8.4,6.0,7.1,7.8,65.5
953,A,0,0,7.9,5.9,4.2,5.7,39.5
953,B,1,0,5.7,7.1,4.8,6.6,57.0
953,C,0,0,7.8,4.2,5.6,5.5,38.5
953,D,1,1,10,6.6,6.4,5.2,80.3
954,A,1,0,6.6,3.8,4.3,7.1,53.0
954,B,1,0,6.7,8.0,6.9,7.4,65.0
954,C,1,1,7.2,3.9,4.8,7.8,72.8
954,D,1,1,6.6,5.5,6.4,9.7,80.3
955,A,0,1,9.0,4.3,8.1,6.8,63.7
955,B,1,1,4.7,6.6,8.0,6.2,75.8
955,C,1,1,7.9,2.3,8.2,4.5,71.5
955,D,0,1,5.4,8.2,5.9,6.3,59.7
956,A,1,1,7.0,2.7,6.5,7.7,73.2
956,B,1,1,6.5,8.9,6.4,7.2,81.7
956,C,0,1,5.6,4.6,7.2,6.3,56.2
956,D,0,0,9.1,8.6,7.8,7.3,54.7
957,A,0,0,7.2,5.5,5.7,7.2,42.7
957,B,0,0,5.7,9.4,6.8,7.0,48.2
957,C,0,0,5.7,6.4,5.8,5.9,39.7
957,D,0,1,6.0,7.2,6.0,6.7,59.8
958,A,1,1,7.4,3.3,5.1,8.1,73.2
958,B,1,1,7.9,7.6,5.2,7.1,79.7
958,C,1,0,5.8,3.7,10,6.6,60.2
958,D,1,0,6.8,7.0,6.9,8.9,66.0
959,A,0,1,8.5,4.5,5.5,4.3,54.7
959,B,0,0,9.7,9.2,5.8,5.8,50.8
959,C,1,1,8.8,3.9,9.2,7.4,82.2
959,D,1,1,7.9,8.5,8.1,7.1,86.0
960,A,1,1,8.5,4.7,6.8,7.0,78.3
960,B,0,0,6.4,7.5,6.5,8.9,48.8
960,C,0,0,5.4,4.0,9.0,7.6,43.3
960,D,1,0,9.9,6.6,7.6,7.8,69.8
961,A,1,0,8.5,6.1,4.4,8.4,62.3
961,B,1,0,6.9,7.9,5.8,6.9,62.5
961,C,1,0,5.3,4.0,6.0,8.0,55.5
961,D,1,0,7.3,6.4,8.9,8.0,67.7
962,A,0,1,9.0,4.9,3.8,6.5,57.0
962,B,0,1,8.8,8.2,6.2,9.2,70.7
962,C,1,0,7.8,5.8,7.4,6.2,62.0
962,D,1,1,6.4,5.3,7.4,8.6,79.5
963,A,0,0,9.9,4.8,3.4,6.2,40.5
963,B,0,1,7.1,8.3,4.3,6.6,60.5
963,C,0,0,5.6,6.2,7.0,6.0,41.3
963,D,1,1,9.9,5.6,6.1,5.7,78.8
964,A,1,0,6.3,3.6,6.6,5.2,52.8
964,B,1,0,6.6,7.4,5.8,6.0,59.7
964,C,0,1,6.8,4.7,7.7,3.5,54.5
964,D,1,1,5.8,9.5,8.6,6.1,83.3
965,A,1,0,8.0,2.9,5.6,4.2,51.2
965,B,0,1,7.1,6.6,3.8,6.7,57.0
965,C,0,0,8.2,5.0,8.0,7.0,47.0
965,D,1,1,6.3,6.9,4.7,8.0,76.5
966,A,0,0,8.6,4.3,5.0,6.7,41.0
966,B,1,1,4.4,8.0,5.0,7.5,74.8
966,C,0,1,7.4,4.8,5.6,8.3,60.2
966,D,1,1,7.9,5.4,7.4,7.8,80.8
967,A,0,0,7.1,3.7,6.2,6.2,38.7
967,B,0,1,5.8,8.3,5.9,6.8,61.3
967,C,1,1,5.8,4.0,6.8,5.4,70.0
967,D,1,1,8.1,6.7,8.1,6.5,82.3
968,A,0,1,10,4.0,7.1,6.1,62.0
968,B,1,1,8.4,7.3,6.6,6.9,82.0
968,C,0,0,5.1,4.4,8.6,6.9,41.7
968,D,1,1,9.8,9.0,10,7.1,93.2
969,A,1,0,7.5,5.4,4.6,5.4,54.8
969,B,0,1,7.7,8.5,5.9,8.4,67.5
969,C,1,1,3.8,5.3,5.9,6.3,68.8
969,D,1,0,5.7,6.8,6.6,5.7,58.0
970,A,0,1,8.3,6.6,4.1,5.0,56.7
970,B,1,0,7.2,8.9,6.6,8.3,68.3
970,C,1,0,7.2,4.0,10,4.7,59.8
970,D,1,0,8.3,6.8,6.0,7.6,64.5
971,A,0,1,8.6,3.9,6.5,7.1,60.2
971,B,1,0,5.6,10,6.8,8.1,67.5
971,C,1,1,6.3,6.3,9.5,4.0,76.8
971,D,1,1,8.9,5.3,7.8,5.5,79.2
972,A,1,1,7.1,5.4,3.8,4.4,67.8
972,B,1,0,8.9,5.7,8.2,7.7,67.5
972,C,0,0,6.3,5.1,8.7,5.5,42.7
972,D,0,1,7.1,5.5,6.9,8.5,63.3
973,A,1,0,7.1,3.3,3.4,6.7,50.8
973,B,0,0,6.6,7.6,8.3,10,54.2
973,C,0,1,8.0,4.3,7.4,5.6,58.8
973,D,1,0,5.2,9.5,7.1,10,69.7
974,A,1,0,6.9,4.4,5.1,6.2,54.3
974,B,1,1,9.9,8.5,7.5,8.2,90.2
974,C,1,1,7.5,4.0,6.3,6.0,73.0
974,D,1,0,10,6.4,7.0,8.7,70.2
975,A,1,0,10,5.9,5.1,6.7,62.8
975,B,0,1,7.4,6.7,6.6,8.9,66.0
975,C,1,0,5.6,4.8,7.5,5.7,56.0
975,D,1,0,6.8,7.1,6.8,7.4,63.5
976,A,0,0,6.2,5.6,3.9,6.7,37.3
976,B,0,0,7.0,9.0,7.4,6.4,49.7
976,C,1,0,6.9,3.7,7.5,5.5,56.0
976,D,1,0,5.9,7.1,7.9,7.7,64.3
977,A,1,1,7.7,5.8,4.0,5.6,71.8
977,B,0,0,7.3,7.4,5.3,8.7,47.8
977,C,1,0,6.3,5.0,9.2,5.3,59.7
977,D,1,0,8.3,7.6,9.3,6.0,68.7
978,A,1,0,8.4,5.8,5.0,9.5,64.5
978,B,1,0,7.6,8.3,6.8,6.9,66.0
978,C,1,1,8.2,4.8,6.9,6.5,77.3
978,D,1,1,6.5,9.4,7.0,8.1,85.0
979,A,0,0,7.5,3.0,4.3,5.4,33.7
979,B,1,1,8.8,9.6,5.9,4.0,80.5
979,C,0,0,6.0,6.3,5.9,5.9,40.2
979,D,1,0,6.5,8.0,9.7,5.3,65.8
980,A,1,1,7.1,3.5,4.5,4.7,66.3
980,B,0,1,7.0,5.2,8.9,7.0,63.5
980,C,0,1,5.7,5.7,8.3,6.5,60.3
980,D,0,0,7.2,9.4,5.6,9.8,53.3
981,A,1,0,7.4,6.0,5.7,5.8,58.2
981,B,1,1,6.2,8.7,6.2,9.0,83.5
981,C,0,0,6.2,5.3,6.6,5.7,39.7
981,D,1,1,8.0,6.0,6.0,6.8,78.0
982,A,1,0,6.7,5.1,5.9,4.3,53.3
982,B,0,0,6.8,5.7,5.6,7.5,42.7
982,C,0,0,7.4,4.5,6.3,7.3,42.5
982,D,0,1,10,7.5,7.0,5.5,66.7
983,A,0,0,7.8,5.4,4.6,5.1,38.2
983,B,1,1,8.0,6.7,6.5,9.0,83.7
983,C,1,0,7.8,5.3,7.5,6.8,62.3
983,D,0,0,7.0,5.7,5.9,7.1,42.8
984,A,0,1,7.0,5.8,8.1,7.1,63.3
984,B,1,0,9.8,6.7,5.8,5.2,62.5
984,C,0,1,7.7,5.1,8.9,7.6,65.5
984,D,1,1,8.8,7.9,6.6,8.9,87.0
985,A,0,1,7.2,5.9,6.9,6.6,61.0
985,B,0,0,5.5,7.9,4.8,9.1,45.5
985,C,1,1,7.0,4.7,9.0,7.0,79.5
985,D,1,1,5.8,8.3,7.9,7.1,81.8
986,A,1,0,8.2,3.8,4.5,6.2,54.5
986,B,1,0,8.7,8.1,6.5,8.9,70.3
986,C,1,0,5.6,5.4,8.4,4.8,57.0
986,D,1,0,8.3,8.2,9.0,7.0,70.8
987,A,1,1,7.7,2.9,7.1,7.0,74.5
987,B,0,0,7.2,9.3,6.3,6.4,48.7
987,C,1,1,6.2,2.9,8.3,5.3,71.2
987,D,1,0,7.8,6.5,5.5,8.1,63.2
988,A,1,0,8.5,5.4,6.5,7.0,62.3
988,B,1,0,8.1,9.6,9.0,6.1,71.3
988,C,1,1,6.6,6.1,6.9,7.4,78.3
988,D,1,1,8.2,5.1,7.4,8.5,82.0
989,A,0,1,8.2,4.9,4.7,5.7,55.8
989,B,1,1,4.8,9.5,6.5,6.1,78.2
989,C,1,1,5.7,2.4,7.4,5.2,67.8
989,D,1,0,7.7,7.9,6.8,6.3,64.5
990,A,1,0,8.3,5.9,5.6,7.1,61.5
990,B,1,0,6.2,7.3,5.4,6.0,58.2
990,C,1,0,6.0,5.4,8.7,6.5,61.0
990,D,1,1,8.4,8.5,6.8,6.0,82.8
991,A,0,0,5.6,5.1,3.4,6.9,35.0
991,B,1,0,3.7,6.6,4.2,6.6,51.8
991,C,1,0,5.2,6.3,7.1,7.3,59.8
991,D,1,1,6.3,5.7,8.4,7.8,80.3
992,A,1,0,10,3.7,5.8,6.2,59.5
992,B,0,0,5.8,10.0,4.7,7.5,46.7
992,C,1,0,7.4,5.2,9.6,4.8,61.7
992,D,0,0,8.6,8.8,6.5,7.0,51.5
993,A,1,1,10,4.1,3.6,3.1,68.0
993,B,1,1,9.1,6.5,4.6,7.7,79.8
993,C,0,0,6.1,4.8,7.1,5.9,39.8
993,D,1,0,7.5,6.6,7.7,7.8,66.0
994,A,1,1,9.3,4.4,3.8,4.6,70.2
994,B,0,1,8.3,5.5,7.0,9.6,67.3
994,C,0,1,6.3,5.3,8.8,7.4,63.0
994,D,1,1,6.7,7.5,10,9.1,88.8
995,A,1,0,9.6,5.7,7.0,4.0,60.5
995,B,1,1,5.5,6.7,6.3,8.0,77.5
995,C,1,0,4.3,6.3,7.4,4.9,54.8
995,D,1,0,6.4,8.4,7.6,7.5,66.5
996,A,0,1,5.9,3.5,4.3,7.4,51.8
996,B,0,1,8.0,5.9,5.6,6.8,60.5
996,C,1,1,5.1,3.7,8.9,9.8,79.2
996,D,1,0,6.0,7.6,6.3,7.9,63.0
997,A,0,0,6.4,3.8,7.2,7.3,41.2
997,B,0,1,5.8,7.0,5.3,9.0,61.8
997,C,0,0,5.9,5.4,8.4,8.6,47.2
997,D,1,1,6.5,7.7,8.0,9.3,85.8
998,A,0,1,8.8,4.0,7.4,6.9,61.8
998,B,1,0,5.1,5.9,5.7,7.0,56.2
998,C,1,1,8.7,4.8,10,6.2,82.8
998,D,1,1,7.2,8.2,6.5,6.9,81.3
999,A,0,0,9.9,4.3,8.0,4.5,44.5
999,B,1,1,6.8,7.6,5.0,7.0,77.3
999,C,1,1,5.8,7.8,7.6,6.0,78.7
999,D,0,0,7.8,4.3,7.7,8.0,46.3
1000,A,0,0,7.2,5.0,5.1,4.8,36.8
1000,B,1,0,8.6,7.5,5.9,7.1,65.2
1000,C,0,1,5.9,3.1,7.8,6.7,55.8
1000,D,1,1,7.9,6.4,6.2,7.1,79.3
1001,A,1,0,8.9,4.7,7.4,4.9,59.8
1001,B,1,0,9.2,5.6,7.3,5.7,63.0
1001,C,1,0,5.6,4.6,8.6,4.5,55.5
1001,D,1,1,7.9,7.2,7.2,7.1,82.3
1002,A,1,1,9.3,3.8,5.0,4.4,70.8
1002,B,0,0,5.3,5.5,6.5,8.3,42.7
1002,C,1,1,6.6,5.3,9.5,4.7,76.8
1002,D,1,0,7.8,5.4,4.9,8.5,61.0
1003,A,1,0,6.6,7.3,6.3,5.7,59.8
1003,B,1,1,5.0,7.8,7.2,7.4,79.0
1003,C,1,1,6.8,6.0,9.6,5.2,79.3
1003,D,1,1,6.0,5.8,7.9,6.6,77.2
1004,A,1,0,7.2,3.7,5.6,5.6,53.5
1004,B,0,1,4.6,6.9,8.1,7.2,61.3
1004,C,0,0,7.4,4.5,7.9,6.7,44.2
1004,D,1,1,8.4,6.3,6.3,7.4,80.7
1005,A,0,0,7.2,4.5,4.9,6.1,37.8
1005,B,1,1,8.2,7.6,7.0,8.0,84.7
1005,C,0,0,3.4,6.3,8.1,5.6,39.0
1005,D,0,1,6.8,8.0,7.1,7.6,65.8
1006,A,0,1,6.6,5.5,6.7,6.6,59.0
1006,B,0,1,6.5,7.0,6.7,7.3,62.5
1006,C,1,0,8.1,4.2,9.6,6.3,63.7
1006,D,1,1,6.7,6.2,6.6,7.9,79.0
1007,A,0,0,9.4,3.8,4.7,5.7,39.3
1007,B,1,0,3.6,4.7,6.7,7.1,53.5
1007,C,1,0,7.6,4.2,7.4,6.4,59.3
1007,D,1,1,6.9,6.9,10,8.7,87.5
1008,A,1,0,7.5,3.6,4.4,7.4,54.8
1008,B,0,0,8.1,5.9,6.5,6.3,44.7
1008,C,0,0,6.2,5.3,7.7,6.5,42.8
1008,D,0,0,7.2,5.9,6.7,7.6,45.7
1009,A,0,1,5.8,6.0,4.0,7.5,55.5
1009,B,1,1,6.6,9.3,6.1,7.5,82.5
1009,C,1,0,5.2,5.1,7.1,6.5,56.5
1009,D,1,0,8.8,8.5,7.1,8.6,71.7
1010,A,0,0,7.4,5.4,6.6,8.2,46.0
1010,B,1,0,6.8,6.1,6.1,6.2,58.7
1010,C,0,0,3.9,4.2,9.5,4.3,36.5
1010,D,0,0,7.0,7.4,5.1,7.2,44.5
1011,A,1,0,10.0,4.5,9.4,5.3,65.3
1011,B,1,0,7.2,5.2,5.3,6.8,57.5
1011,C,1,0,7.7,3.9,6.9,5.4,56.5
1011,D,1,1,6.3,7.9,7.1,9.2,84.2
1012,A,0,1,9.2,3.3,5.7,7.1,58.8
1012,B,0,1,5.8,7.7,5.4,5.6,57.5
1012,C,0,0,6.0,4.6,7.1,7.3,41.7
1012,D,0,0,8.8,7.7,6.5,7.6,51.0
1013,A,0,0,9.4,6.3,6.0,5.3,45.0
1013,B,0,1,5.9,5.4,5.6,5.6,54.2
1013,C,1,1,5.8,5.1,9.0,5.7,76.0
1013,D,1,1,8.6,6.9,9.2,6.7,85.7
1014,A,1,1,9.3,5.4,6.2,7.0,79.8
1014,B,0,1,7.0,6.3,6.5,5.7,59.2
1014,C,1,1,8.3,4.9,8.0,6.1,78.8
1014,D,1,1,8.2,6.7,7.5,7.2,82.7
1015,A,1,0,8.4,5.4,3.6,5.4,54.7
1015,B,1,1,6.7,7.2,6.0,6.9,78.0
1015,C,0,0,6.2,5.6,8.3,5.8,43.2
1015,D,1,0,6.9,7.5,6.1,6.4,61.5
1016,A,1,1,6.1,5.8,3.5,6.7,70.2
1016,B,1,1,5.8,6.9,8.1,7.4,80.3
1016,C,0,0,5.3,3.3,7.1,4.4,33.5
1016,D,0,1,8.3,6.7,6.6,7.7,65.5
1017,A,0,0,6.2,2.7,7.2,4.5,34.3
1017,B,0,1,4.2,8.2,7.2,8.9,64.2
1017,C,0,0,5.6,3.8,6.5,5.1,35.0
1017,D,0,1,7.6,7.2,5.3,8.4,64.2
1018,A,1,1,9.4,4.3,6.3,5.3,75.5
1018,B,0,1,5.3,7.3,4.5,5.6,54.5
1018,C,1,0,7.3,3.9,6.8,3.3,52.2
1018,D,0,1,6.8,7.5,6.8,7.2,63.8
1019,A,0,0,10,4.4,5.3,4.2,39.8
1019,B,1,0,9.5,9.9,4.5,5.5,65.7
1019,C,0,0,6.9,2.1,6.7,6.6,37.2
1019,D,1,1,7.1,10,7.8,8.2,88.5
1020,A,0,0,7.5,4.6,5.2,6.1,39.0
1020,B,1,1,5.8,10.0,6.4,5.2,79.0
1020,C,0,0,4.6,7.9,5.9,5.9,40.5
1020,D,1,1,7.3,8.4,6.0,8.4,83.5
1021,A,0,0,9.1,4.7,6.7,4.5,41.7
1021,B,1,0,6.9,10,7.6,8.4,71.5
1021,C,0,0,6.5,4.2,8.7,7.6,45.0
1021,D,1,1,7.4,8.7,7.0,4.2,78.8
1022,A,0,0,6.5,6.0,6.2,4.9,39.3
1022,B,1,0,7.5,8.6,4.8,8.4,65.5
1022,C,0,1,7.4,5.5,9.2,5.3,62.3
1022,D,1,1,6.7,8.4,10,7.2,87.2
1023,A,1,0,9.0,1,6.1,4.7,51.3
1023,B,1,0,7.1,10,5.9,6.6,66.0
1023,C,1,0,6.1,4.8,8.1,8.5,62.5
1023,D,0,1,6.7,7.7,8.7,8.6,69.5
1024,A,1,1,6.4,5.9,4.8,7.4,74.2
1024,B,1,0,8.9,9.1,6.2,7.8,70.0
1024,C,1,1,6.3,4.0,7.0,5.0,70.5
1024,D,1,0,9.5,7.6,7.2,8.8,71.8
1025,A,1,0,10,5.2,4.4,6.0,59.3
1025,B,1,0,7.5,5.5,6.8,5.4,58.7
1025,C,1,0,5.2,5.8,8.0,6.0,58.3
1025,D,1,0,7.1,7.4,6.7,7.9,65.2
1026,A,1,0,7.3,4.9,7.7,6.8,61.2
1026,B,1,1,6.3,7.7,6.0,7.9,79.8
1026,C,1,0,6.1,3.5,5.8,6.3,52.8
1026,D,0,0,7.8,6.8,8.5,7.9,51.7
1027,A,0,0,7.7,4.7,5.8,4.6,38.0
1027,B,1,0,8.3,6.0,6.2,7.1,62.7
1027,C,0,1,5.7,7.0,6.5,7.0,60.3
1027,D,1,0,8.4,7.0,5.8,8.8,66.7
1028,A,1,1,8.2,4.9,6.0,3.8,71.5
1028,B,1,1,8.3,8.0,5.3,8.9,84.2
1028,C,1,0,4.4,6.2,9.4,6.2,60.3
1028,D,1,0,7.9,9.0,9.9,8.7,75.8
1029,A,0,1,8.4,6.0,5.8,5.8,60.0
1029,B,1,1,7.3,8.5,5.0,7.4,80.3
1029,C,0,1,7.6,5.3,7.6,7.7,63.7
1029,D,1,0,6.7,7.5,8.6,7.0,66.3
1030,A,0,1,6.9,4.9,8.2,6.9,61.5
1030,B,0,0,7.1,8.9,4.2,6.2,44.0
1030,C,1,1,5.9,5.8,7.4,5.4,74.2
1030,D,1,1,8.2,6.7,5.4,4.8,75.2
1031,A,0,0,9.2,4.2,6.0,5.8,42.0
1031,B,1,0,5.7,8.7,5.6,7.7,62.8
1031,C,1,0,5.9,5.3,7.2,5.0,55.7
1031,D,1,1,8.7,4.5,4.8,9.7,79.5
1032,A,1,0,9.3,5.0,5.9,7.5,62.8
1032,B,1,1,7.2,7.2,9.3,5.1,81.3
1032,C,1,0,6.0,3.8,9.0,5.8,57.7
1032,D,0,1,8.1,9.9,7.4,8.4,73.0
1033,A,0,1,7.8,3.7,5.5,6.1,55.2
1033,B,1,0,8.1,6.8,6.9,6.2,63.3
1033,C,1,1,7.3,5.3,7.5,7.9,80.0
1033,D,1,0,8.2,7.7,7.2,6.6,66.2
1034,A,1,0,7.5,4.1,4.9,8.1,57.7
1034,B,1,1,8.5,10,8.6,8.0,91.8
1034,C,0,0,5.2,6.5,6.7,5.1,39.2
1034,D,1,0,7.7,6.7,6.5,8.1,65.0
1035,A,0,0,8.8,4.8,6.4,7.9,46.5
1035,B,1,1,7.5,9.7,8.2,7.8,88.7
1035,C,0,1,8.0,3.2,7.1,5.1,55.7
1035,D,1,0,7.1,8.7,7.2,10.0,71.7
1036,A,0,1,10.0,5.1,7.7,5.3,63.5
1036,B,0,0,9.9,8.2,7.5,7.4,55.0
1036,C,0,1,4.6,4.3,9.6,4.9,55.7
1036,D,1,1,7.6,8.6,6.8,7.7,84.5
1037,A,1,0,8.9,4.5,4.0,7.3,57.8
1037,B,1,0,6.6,7.8,4.6,6.4,59.0
1037,C,0,0,5.6,4.9,8.7,5.8,41.7
1037,D,0,1,8.3,6.1,9.4,7.3,68.5
1038,A,1,0,7.9,6.9,5.0,4.4,57.0
1038,B,1,0,3.7,7.0,4.8,5.4,51.5
1038,C,0,1,7.2,4.6,7.1,6.4,58.8
1038,D,1,0,7.4,6.1,8.0,7.4,64.8
1039,A,0,0,7.6,4.9,5.8,5.7,40.0
1039,B,1,0,6.4,6.8,5.2,8.0,60.7
1039,C,1,1,5.1,5.7,8.1,7.8,77.8
1039,D,1,0,7.5,7.3,9.0,9.4,72.0
1040,A,1,0,7.9,4.3,4.1,4.3,51.0
1040,B,1,0,7.1,6.0,5.4,6.3,58.0
1040,C,0,0,4.8,5.6,10,7.4,46.3
1040,D,0,1,6.9,8.5,6.3,6.5,63.7
1041,A,1,1,8.1,4.0,6.5,5.0,72.7
1041,B,1,0,7.8,9.6,6.8,9.7,73.2
1041,C,1,0,6.4,5.5,7.5,5.9,58.8
1041,D,1,1,7.1,7.1,6.7,8.6,82.5
1042,A,1,0,5.3,5.6,7.5,5.8,57.0
1042,B,1,1,7.5,6.0,7.5,4.5,75.8
1042,C,1,1,5.1,4.8,9.7,7.3,78.2
1042,D,1,0,9.6,8.7,8.0,6.9,72.0
1043,A,0,0,7.2,2.6,4.9,6.9,36.0
1043,B,0,0,7.7,5.4,4.5,10,46.0
1043,C,1,0,5.7,4.4,10,6.6,61.2
1043,D,0,1,6.8,7.5,6.5,7.4,63.7
1044,A,1,1,9.8,7.0,5.3,8.4,84.2
1044,B,1,0,5.3,6.6,6.7,8.6,62.0
1044,C,0,1,4.9,3.9,8.0,7.9,57.8
1044,D,0,0,5.7,5.6,5.6,7.1,40.0
1045,A,1,0,8.8,5.8,3.8,6.1,57.5
1045,B,1,1,7.9,6.4,5.9,5.4,76.0
1045,C,1,1,6.6,3.5,8.7,4.7,72.5
1045,D,0,0,7.2,7.4,8.5,6.0,48.5
1046,A,1,1,7.9,3.4,4.4,6.0,69.5
1046,B,0,0,7.9,8.8,5.1,5.9,46.2
1046,C,1,0,5.2,5.8,7.6,6.7,58.8
1046,D,1,0,6.7,9.3,7.4,7.3,67.8
1047,A,1,1,6.6,4.8,4.6,7.4,72.3
1047,B,1,0,7.1,9.1,5.6,7.0,64.7
1047,C,0,0,6.7,5.9,5.7,5.5,39.7
1047,D,0,0,9.1,6.5,7.4,8.5,52.5
1048,A,1,1,8.8,4.5,6.0,7.7,78.3
1048,B,1,1,6.7,7.8,5.5,6.6,77.7
1048,C,1,1,5.9,6.1,9.0,5.7,77.8
1048,D,1,1,8.9,7.1,6.9,8.7,86.0
1049,A,1,0,5.1,4.9,4.4,7.3,52.8
1049,B,0,1,6.8,10,5.1,8.1,66.7
1049,C,1,0,6.3,4.6,6.2,6.7,56.3
1049,D,1,1,8.2,7.1,8.0,6.3,82.7
1050,A,0,1,6.1,3.6,4.6,7.5,53.0
1050,B,1,0,8.1,9.4,6.0,6.8,67.2
1050,C,0,0,8.1,6.3,9.1,6.7,50.3
1050,D,1,0,8.2,7.8,9.1,7.0,70.2
1051,A,0,0,9.9,4.5,8.1,6.4,48.2
1051,B,1,1,7.4,9.1,5.2,9.8,85.8
1051,C,0,0,5.3,7.0,7.2,5.4,41.5
1051,D,1,0,7.1,5.1,6.1,6.2,57.5
1052,A,1,0,8.6,5.4,5.6,5.5,58.5
1052,B,1,1,6.3,8.1,6.7,7.6,81.2
1052,C,1,0,5.5,4.9,8.0,7.4,59.7
1052,D,0,1,8.3,7.3,6.2,9.4,68.7
1053,A,1,0,8.3,6.1,6.3,7.9,64.3
1053,B,0,1,5.0,7.3,5.1,6.6,56.7
1053,C,0,1,6.8,5.3,8.8,6.1,61.7
1053,D,1,1,10,5.7,8.6,6.3,84.3
1054,A,1,0,10,6.9,6.3,6.2,65.7
1054,B,1,1,6.7,7.7,7.0,8.0,82.3
1054,C,0,1,6.6,6.2,8.4,7.3,64.2
1054,D,1,1,7.3,6.5,7.4,7.8,81.7
1055,A,1,1,6.7,4.5,4.6,6.5,70.5
1055,B,1,1,5.9,6.8,8.0,5.7,77.3
1055,C,1,0,6.3,5.5,10,7.0,64.7
1055,D,1,0,7.6,7.1,7.1,5.7,62.5
1056,A,1,0,9.0,5.3,4.1,6.1,57.5
1056,B,1,0,5.0,8.3,5.5,7.9,61.2
1056,C,0,0,8.7,5.7,6.5,6.9,46.3
1056,D,1,0,10,7.7,7.9,7.0,71.0
1057,A,0,1,7.7,6.0,7.1,5.7,60.8
1057,B,1,0,6.8,8.0,5.4,8.6,64.7
1057,C,1,0,7.3,3.8,6.6,4.6,53.8
1057,D,1,0,7.8,9.4,6.0,6.2,65.7
1058,A,1,0,6.4,6.1,5.7,6.4,57.7
1058,B,0,0,8.9,6.3,6.4,6.0,46.0
1058,C,1,0,6.3,4.6,6.2,6.4,55.8
1058,D,1,0,6.5,9.9,7.5,7.2,68.5
1059,A,1,0,5.9,4.9,7.3,5.9,56.7
1059,B,1,0,7.3,8.4,4.3,8.5,64.2
1059,C,1,1,5.4,6.7,9.6,7.3,81.7
1059,D,0,0,10,6.5,6.2,7.3,50.0
1060,A,1,0,6.0,4.8,5.9,5.1,53.0
1060,B,0,0,6.3,8.4,6.2,8.6,49.2
1060,C,1,1,8.6,4.8,7.8,5.6,78.0
1060,D,1,1,10,7.4,7.7,7.3,87.3
1061,A,1,1,6.7,3.5,6.7,9.9,78.0
1061,B,0,0,9.1,7.9,6.7,9.8,55.8
1061,C,1,0,7.6,7.3,10,5.9,68.0
1061,D,1,0,8.0,6.7,6.8,7.3,64.7
1062,A,1,1,8.0,4.9,7.0,6.2,76.8
1062,B,1,0,7.3,7.6,7.7,7.2,66.3
1062,C,1,1,6.0,2.6,6.3,5.7,67.7
1062,D,0,0,9.4,5.7,6.7,6.6,47.3
1063,A,1,1,8.5,5.3,6.0,5.6,75.7
1063,B,1,0,6.0,8.5,3.5,8.0,60.0
1063,C,1,0,6.5,5.1,7.6,6.1,58.8
1063,D,1,1,8.1,5.6,8.8,9.7,87.0
1064,A,1,0,8.4,3.9,4.6,5.7,54.3
1064,B,1,0,6.4,6.0,5.4,6.3,56.8
1064,C,0,0,7.4,5.9,6.6,6.7,44.3
1064,D,0,1,8.6,8.3,6.4,7.4,67.8
1065,A,1,0,8.6,6.4,5.3,5.8,60.2
1065,B,0,1,9.0,8.7,5.8,7.8,68.8
1065,C,1,0,8.0,3.0,8.7,7.5,62.0
1065,D,0,1,8.0,8.5,6.0,6.2,64.5
1066,A,0,1,8.4,5.5,5.8,6.9,61.0
1066,B,1,0,6.3,6.7,6.3,7.5,61.3
1066,C,0,0,6.3,7.1,7.2,5.4,43.3
1066,D,1,0,8.5,8.8,7.4,7.4,70.2
1067,A,1,1,7.9,5.3,5.6,8.1,78.2
1067,B,1,0,8.4,7.9,4.7,4.9,59.8
1067,C,0,1,6.4,4.4,7.6,4.6,55.0
1067,D,1,1,7.8,9.6,7.7,8.4,89.2
1068,A,0,1,8.5,4.0,3.9,6.6,55.0
1068,B,0,0,10,5.3,6.1,9.8,52.0
1068,C,1,0,6.4,7.0,5.6,5.9,58.2
1068,D,1,1,4.4,7.3,8.5,9.9,83.5
1069,A,1,0,6.9,3.2,5.3,5.2,51.0
1069,B,1,0,8.1,7.4,6.4,8.8,67.8
1069,C,1,0,6.6,2.5,8.2,9.5,61.3
1069,D,1,0,7.3,5.2,9.3,6.4,63.7
1070,A,0,0,8.4,6.1,4.8,5.0,40.5
1070,B,1,0,6.6,8.1,6.5,5.5,61.2
1070,C,1,1,5.5,5.8,7.0,6.1,74.0
1070,D,1,0,6.6,9.1,6.9,7.8,67.3
1071,A,0,0,7.4,4.9,6.9,6.1,42.2
1071,B,1,0,9.6,7.4,5.0,9.5,69.2
1071,C,0,1,5.7,5.5,6.8,5.8,56.3
1071,D,1,1,10,4.9,6.9,7.9,82.8
1072,A,0,0,8.0,4.6,5.0,6.4,40.0
1072,B,1,0,6.9,6.9,6.0,8.1,63.2
1072,C,1,0,5.5,4.4,8.9,8.0,61.3
1072,D,1,0,7.9,8.0,7.3,7.3,67.5
1073,A,1,1,8.4,3.8,7.6,7.9,79.5
1073,B,1,1,6.9,8.9,5.2,6.2,78.7
1073,C,1,1,7.0,5.1,7.2,4.5,73.0
1073,D,1,1,7.1,5.5,9.2,9.7,85.8
1074,A,0,0,9.0,4.5,4.7,6.9,41.8
1074,B,1,1,7.9,7.3,5.7,5.6,77.5
1074,C,0,0,5.7,3.5,9.0,5.9,40.2
1074,D,0,0,6.6,7.0,10,8.6,53.7
1075,A,1,0,10,4.1,5.4,7.1,61.0
1075,B,1,1,8.5,7.8,5.9,7.9,83.5
1075,C,1,0,7.0,7.6,8.2,4.4,62.0
1075,D,1,0,6.5,6.9,9.0,5.7,63.5
1076,A,1,0,8.1,5.7,6.3,7.5,62.7
1076,B,1,1,6.6,7.2,7.9,5.9,79.3
1076,C,1,0,6.9,7.1,7.9,6.3,63.7
1076,D,1,1,7.4,6.1,8.9,9.5,86.5
1077,A,1,1,7.0,5.8,5.1,6.7,74.3
1077,B,1,1,8.1,6.6,5.7,7.4,79.7
1077,C,0,0,6.2,4.5,7.2,6.0,39.8
1077,D,1,0,9.3,7.5,6.3,7.2,67.2
1078,A,0,1,7.8,6.3,6.6,6.1,61.3
1078,B,1,1,7.3,6.4,5.3,8.7,79.5
1078,C,1,0,7.9,3.1,8.9,7.2,61.8
1078,D,0,0,6.5,5.5,8.5,7.6,46.8
1079,A,0,1,9.0,3.4,4.7,6.7,56.3
1079,B,1,1,6.3,8.7,6.6,6.5,80.2
1079,C,0,1,8.3,4.4,9.4,7.5,66.0
1079,D,0,0,8.1,8.7,7.3,7.8,53.2
1080,A,0,1,7.5,5.1,5.4,5.8,56.3
1080,B,1,0,6.0,6.9,6.7,9.3,64.8
1080,C,1,0,6.7,2.4,7.2,6.4,54.5
1080,D,1,1,8.4,7.2,6.1,6.3,80.0
1081,A,1,0,9.3,6.1,7.7,5.9,65.0
1081,B,1,1,6.4,5.5,8.4,6.6,78.2
1081,C,0,0,6.8,3.6,6.5,7.3,40.3
1081,D,1,0,7.0,7.8,6.4,7.4,64.3
1082,A,0,1,8.3,4.6,5.9,4.6,55.7
1082,B,1,1,7.1,5.8,7.4,6.1,77.3
1082,C,1,1,3.4,3.2,5.9,8.4,68.2
1082,D,1,1,6.5,7.2,9.0,7.9,84.3
1083,A,1,0,9.6,4.2,6.7,7.3,63.0
1083,B,1,1,8.7,8.8,5.7,7.8,85.0
1083,C,1,0,7.8,3.9,8.6,3.0,55.5
1083,D,0,0,6.4,9.7,6.2,6.1,47.3
1084,A,1,1,8.0,3.6,8.5,6.9,78.3
1084,B,1,1,7.4,8.0,4.4,7.4,78.7
1084,C,1,0,7.4,6.5,10,5.9,66.3
1084,D,1,1,8.7,6.3,6.3,7.0,80.5
1085,A,1,1,9.2,3.5,6.4,7.1,77.0
1085,B,1,0,8.7,7.6,5.7,9.5,69.2
1085,C,1,1,5.6,4.1,8.3,6.6,74.3
1085,D,1,1,6.0,5.9,7.7,10.0,82.7
1086,A,0,0,8.1,4.1,5.5,6.2,39.8
1086,B,1,1,7.5,8.6,4.6,8.3,81.7
1086,C,1,0,7.8,5.9,7.5,6.7,63.2
1086,D,1,0,6.9,8.1,6.5,6.4,63.2
1087,A,1,1,9.2,3.2,8.0,6.2,77.7
1087,B,1,0,3.7,7.2,4.7,5.3,51.5
1087,C,1,0,5.9,6.1,7.7,6.4,60.2
1087,D,1,1,6.7,7.2,7.6,6.2,79.5
1088,A,1,0,7.5,5.6,5.9,7.4,60.7
1088,B,0,0,6.9,8.3,5.2,7.5,46.5
1088,C,1,0,5.5,5.0,8.8,7.2,60.8
1088,D,0,1,6.7,8.3,7.0,10,70.0
1089,A,1,1,7.8,6.4,6.8,5.2,77.0
1089,B,1,1,6.8,8.6,5.8,9.1,83.8
1089,C,1,1,6.4,3.8,7.7,6.1,73.3
1089,D,1,0,6.4,9.0,7.1,6.9,65.7
1090,A,1,0,7.4,6.9,5.7,4.3,57.2
1090,B,0,1,6.5,9.6,7.5,7.9,69.2
1090,C,0,1,7.1,7.0,7.6,6.7,64.0
1090,D,1,1,7.7,5.9,6.7,7.9,80.3
1091,A,1,0,7.3,2.7,4.9,5.7,51.0
1091,B,1,0,6.6,6.7,4.8,7.2,58.8
1091,C,0,0,6.1,5.4,9.5,6.0,45.0
1091,D,1,1,6.4,8.9,6.2,7.7,82.0
1092,A,0,1,6.8,6.8,5.5,9.1,63.7
1092,B,1,0,5.4,9.9,6.4,8.8,67.5
1092,C,1,0,6.8,5.6,8.7,6.3,62.3
1092,D,0,1,6.2,6.8,7.2,5.9,60.2
1093,A,0,0,8.0,3.5,6.8,6.4,41.2
1093,B,0,0,7.7,7.2,7.2,9.2,52.2
1093,C,0,1,7.5,6.5,9.0,7.3,67.2
1093,D,1,1,6.9,8.6,7.1,8.4,85.0
1094,A,1,0,7.2,3.5,3.5,6.1,50.5
1094,B,1,1,7.3,8.0,7.2,6.9,82.3
1094,C,1,1,6.4,5.6,8.6,5.9,77.5
1094,D,1,1,7.5,6.8,8.0,7.5,83.0
1095,A,1,0,6.2,5.2,4.3,5.1,51.3
1095,B,1,0,7.6,6.6,6.3,6.8,62.2
1095,C,1,1,3.6,5.7,8.4,6.5,73.7
1095,D,1,0,6.4,7.0,9.3,7.8,67.5
1096,A,1,0,8.4,6.8,4.6,5.4,58.7
1096,B,1,0,8.1,9.0,7.5,6.9,69.2
1096,C,1,0,4.8,4.9,5.6,6.6,53.2
1096,D,1,1,9.3,8.4,7.5,8.7,89.8
1097,A,1,0,9.4,5.3,5.4,6.2,60.5
1097,B,1,1,7.8,8.3,3.5,6.3,76.5
1097,C,1,0,6.7,5.7,8.2,5.3,59.8
1097,D,1,1,8.6,8.0,4.8,7.8,82.0
1098,A,0,0,7.9,3.6,4.3,6.3,36.8
1098,B,1,1,6.5,7.9,4.6,8.6,79.3
1098,C,1,1,5.8,3.8,9.7,5.5,74.7
1098,D,1,1,8.3,6.8,4.0,8.2,78.8
1099,A,0,1,8.8,3.7,6.0,4.4,54.8
1099,B,1,0,6.8,7.3,7.5,8.6,67.0
1099,C,0,0,6.3,6.5,7.4,5.7,43.2
1099,D,1,1,8.5,7.5,7.9,9.5,89.0
1100,A,0,1,8.0,2.2,6.4,7.9,57.5
1100,B,1,0,5.8,6.1,6.4,7.0,58.8
1100,C,1,1,5.2,3.2,8.7,4.3,69.0
1100,D,1,0,8.8,5.0,10.0,9.9,72.8
1101,A,1,1,7.9,5.1,4.9,5.6,72.5
1101,B,1,0,8.1,8.0,4.4,8.6,65.2
1101,C,1,0,6.0,4.5,7.8,6.3,57.7
1101,D,1,1,7.8,8.7,7.6,8.3,87.3
1102,A,0,0,10,7.3,5.6,6.1,48.3
1102,B,1,1,6.8,6.9,4.1,7.8,76.0
1102,C,0,1,6.4,6.3,8.3,5.2,60.3
1102,D,1,0,8.5,8.0,8.3,7.5,70.5
1103,A,1,0,9.4,4.8,6.4,5.8,60.7
1103,B,1,0,6.4,8.0,5.6,6.0,60.0
1103,C,0,0,4.8,5.4,4.5,7.3,36.7
1103,D,0,1,7.7,8.4,8.7,6.4,68.7
1104,A,0,1,6.7,4.7,4.8,5.6,53.0
1104,B,1,0,5.5,7.0,7.0,6.1,59.3
1104,C,0,1,9.2,4.1,8.7,5.3,62.2
1104,D,1,0,7.5,6.7,7.7,7.0,64.8
1105,A,1,1,7.2,2.8,4.7,5.3,66.7
1105,B,1,1,8.1,8.0,6.2,8.4,84.5
1105,C,1,1,2.4,7.6,6.0,6.8,71.3
1105,D,1,0,8.0,8.6,5.8,8.0,67.3
1106,A,0,1,7.5,4.3,5.8,6.0,56.0
1106,B,1,1,7.2,7.7,6.5,5.4,78.0
1106,C,1,0,5.2,7.3,6.8,6.1,59.0
1106,D,1,0,9.2,6.7,7.4,8.2,69.2
1107,A,1,0,7.9,4.1,5.7,4.4,53.5
1107,B,0,0,6.7,7.2,7.4,6.8,46.8
1107,C,1,1,7.4,4.9,8.0,5.2,75.8
1107,D,1,0,6.3,7.4,7.5,5.7,61.5
1108,A,1,0,8.4,4.7,7.6,6.0,61.2
1108,B,1,0,5.0,9.7,7.3,8.1,66.8
1108,C,0,1,5.8,5.2,7.7,6.4,58.5
1108,D,1,0,8.8,9.2,8.7,8.2,74.8
1109,A,0,0,6.5,3.0,4.0,7.4,34.8
1109,B,0,1,8.0,7.6,6.0,8.6,67.0
1109,C,1,1,6.1,4.1,6.2,5.9,70.5
1109,D,1,0,7.8,6.2,9.0,8.5,69.2
1110,A,1,1,8.6,2.7,6.5,7.2,75.0
1110,B,1,1,5.8,9.4,4.9,7.2,78.8
1110,C,1,0,7.7,6.3,9.3,7.5,68.0
1110,D,1,1,7.9,8.3,7.4,6.8,84.0
1111,A,0,0,7.5,3.9,4.5,6.2,36.8
1111,B,1,0,6.3,6.4,6.3,5.1,56.8
1111,C,1,0,5.7,2.3,5.3,6.6,49.8
1111,D,0,1,9.9,7.5,6.7,9.3,72.3
1112,A,0,1,9.0,5.3,4.0,7.0,58.8
1112,B,0,0,7.2,7.7,7.4,8.9,52.0
1112,C,1,0,5.3,6.4,7.0,5.9,57.7
1112,D,0,0,4.9,6.5,7.3,8.5,45.3
1113,A,0,1,8.0,4.4,5.2,6.6,57.0
1113,B,1,0,7.1,7.7,7.6,6.2,64.3
1113,C,1,1,6.0,5.3,7.2,5.0,72.5
1113,D,1,1,6.5,7.2,7.7,8.9,83.8
1114,A,0,0,8.0,5.4,4.8,6.2,40.7
1114,B,0,0,7.4,6.1,6.8,6.3,44.3
1114,C,1,1,6.1,6.1,9.3,4.3,76.3
1114,D,1,0,6.0,6.8,7.4,9.8,66.7
1115,A,1,1,7.2,5.8,5.7,6.3,75.0
1115,B,1,1,9.0,7.5,5.8,7.5,83.0
1115,C,0,0,5.7,4.8,7.1,6.3,39.8
1115,D,1,0,7.3,8.0,7.7,9.1,70.2
1116,A,0,0,8.7,5.7,4.6,5.3,40.5
1116,B,1,0,6.6,6.2,5.8,7.5,60.2
1116,C,0,0,8.2,3.4,6.7,5.0,38.8
1116,D,1,0,7.6,8.0,6.3,5.8,62.8
1117,A,1,0,9.2,5.4,4.7,5.6,58.2
1117,B,0,0,6.5,7.5,9.1,8.4,52.5
1117,C,1,0,6.4,5.0,6.3,6.9,57.7
1117,D,0,1,8.6,7.8,6.5,4.7,62.7
1118,A,0,1,9.1,5.4,5.6,7.6,62.8
1118,B,1,1,10,10,5.6,6.6,87.0
1118,C,1,0,6.0,5.5,8.1,6.5,60.2
1118,D,1,1,6.7,8.6,6.4,10,86.2
1119,A,1,0,6.0,5.9,6.0,6.5,57.3
1119,B,1,0,5.2,5.9,7.4,7.2,59.5
1119,C,1,0,6.1,6.6,6.4,6.8,59.8
1119,D,1,1,8.6,6.2,8.1,7.7,84.3
1120,A,1,1,8.3,5.0,4.2,5.3,71.3
1120,B,1,1,7.9,6.7,5.4,5.5,75.8
1120,C,1,1,6.2,4.2,9.5,7.2,78.5
1120,D,0,1,5.8,6.6,6.4,5.6,57.3
1121,A,1,0,6.5,4.9,4.9,7.8,56.8
1121,B,1,1,6.4,6.3,6.3,8.8,79.7
1121,C,1,1,6.0,3.2,6.8,5.3,68.8
1121,D,1,1,6.8,7.4,7.7,8.7,84.3
1122,A,0,0,8.6,2.9,6.1,7.1,41.2
1122,B,1,0,8.4,7.6,5.7,10.0,69.5
1122,C,1,0,6.2,6.9,7.5,5.3,59.8
1122,D,1,0,7.9,6.0,8.5,8.4,68.0
1123,A,0,0,10,6.8,4.4,3.6,41.3
1123,B,1,1,6.3,9.0,6.3,6.5,80.2
1123,C,1,0,8.8,6.5,8.2,6.1,66.0
1123,D,0,1,8.1,5.9,4.5,5.7,57.0
1124,A,0,0,6.8,2.1,6.9,7.2,38.3
1124,B,1,1,6.8,8.0,4.8,8.6,80.3
1124,C,1,0,7.1,4.9,8.1,5.8,59.8
1124,D,1,0,7.1,7.8,6.9,7.3,65.2
1125,A,0,1,6.8,3.8,6.3,6.3,55.3
1125,B,0,0,5.9,6.8,7.0,7.7,45.7
1125,C,0,0,3.7,4.0,6.2,5.7,32.7
1125,D,0,1,7.8,8.7,8.5,7.1,70.2
1126,A,1,0,8.4,5.3,6.5,4.0,57.0
1126,B,1,1,7.3,10,6.1,5.5,81.5
1126,C,1,0,7.7,5.4,8.3,7.9,65.5
1126,D,1,1,8.8,4.8,8.6,5.3,79.2
1127,A,1,0,8.6,3.1,4.2,6.0,53.2
1127,B,1,1,5.9,7.0,5.8,6.6,75.5
1127,C,0,1,6.4,3.5,6.3,8.0,57.0
1127,D,0,1,8.2,7.7,8.4,8.1,70.7
1128,A,0,0,8.0,3.4,4.2,5.5,35.2
1128,B,0,1,7.6,8.2,5.5,6.0,62.2
1128,C,0,0,6.4,5.1,8.4,5.5,42.3
1128,D,1,1,7.5,7.7,6.1,9.4,84.5
1129,A,1,0,5.6,6.0,7.0,7.1,59.5
1129,B,1,1,5.5,9.0,7.8,6.3,81.0
1129,C,0,0,6.4,5.1,6.7,4.6,38.0
1129,D,0,1,7.0,8.5,6.8,6.2,64.2
1130,A,1,1,8.7,5.4,6.4,3.7,73.7
1130,B,1,1,8.0,8.4,8.0,6.5,84.8
1130,C,1,0,8.9,3.6,7.8,6.8,61.8
1130,D,0,0,7.8,7.1,8.2,6.3,49.0
1131,A,1,1,7.9,4.8,3.0,4.7,67.3
1131,B,1,0,6.2,10.0,6.4,7.4,66.7
1131,C,1,1,7.8,7.4,6.6,7.5,82.2
1131,D,1,1,6.5,5.1,7.2,5.6,74.0
1132,A,1,1,8.5,5.3,6.3,8.1,80.3
1132,B,0,0,6.6,5.6,7.4,6.7,43.8
1132,C,1,1,7.9,6.8,7.3,7.0,81.7
1132,D,1,1,8.1,6.1,7.3,7.8,82.2
1133,A,0,0,10,5.8,6.7,5.7,47.0
1133,B,0,1,8.5,7.3,4.9,7.5,63.7
1133,C,1,1,6.2,5.1,10,7.5,81.3
1133,D,0,0,6.5,6.6,7.3,6.8,45.3
1134,A,1,0,3.6,5.6,6.8,5.6,52.7
1134,B,1,1,3.3,8.4,4.3,7.8,73.0
1134,C,1,0,5.5,2.7,7.1,8.3,56.0
1134,D,1,1,9.2,8.4,6.1,7.4,85.2
1135,A,1,0,7.4,3.9,6.1,7.1,57.5
1135,B,0,1,9.4,7.6,5.7,7.1,66.3
1135,C,1,0,6.8,7.0,7.9,7.1,64.7
1135,D,0,1,5.5,7.7,6.8,8.2,63.7
1136,A,0,1,10,3.2,6.1,7.3,61.0
1136,B,1,0,8.5,8.6,6.5,10,72.7
1136,C,0,1,9.0,5.2,9.4,5.5,65.2
1136,D,1,0,8.2,7.5,7.8,6.5,66.7
1137,A,1,1,7.8,3.8,4.4,5.7,69.5
1137,B,1,1,6.7,8.2,4.4,7.0,77.2
1137,C,1,1,5.4,2.6,7.3,6.2,69.2
1137,D,1,0,7.6,8.4,8.0,9.4,72.3
1138,A,0,0,7.5,6.1,5.8,5.5,41.5
1138,B,1,1,7.4,9.9,3.5,8.0,81.3
1138,C,1,1,6.4,5.5,7.2,5.2,73.8
1138,D,0,1,9.0,7.6,6.3,7.0,66.5
1139,A,1,1,7.2,6.0,4.7,6.7,74.3
1139,B,1,0,7.1,6.7,5.2,8.1,61.8
1139,C,1,0,5.7,4.7,9.4,9.2,65.0
1139,D,1,1,9.1,5.8,6.9,5.4,78.7
1140,A,1,0,9.1,4.5,5.5,6.8,59.8
1140,B,1,0,5.5,7.3,6.3,10,65.2
1140,C,0,0,4.3,4.3,6.8,8.0,39.0
1140,D,0,1,8.7,7.7,7.8,8.6,71.3
1141,A,0,1,9.4,5.9,5.2,5.7,60.3
1141,B,1,0,4.7,7.5,3.9,7.2,55.5
1141,C,1,1,5.9,5.1,6.4,6.1,72.5
1141,D,1,1,5.4,8.1,9.4,6.3,82.0
1142,A,1,1,8.8,5.3,5.5,6.5,76.8
1142,B,1,1,7.0,9.1,7.8,8.5,87.3
1142,C,1,1,7.0,5.2,8.7,6.9,79.7
1142,D,1,0,7.1,6.5,9.2,7.4,67.0
1143,A,0,0,9.2,5.4,5.5,4.8,41.5
1143,B,1,1,6.3,7.5,6.7,8.1,81.0
1143,C,0,0,6.9,3.3,8.1,7.4,42.8
1143,D,1,1,7.6,7.5,8.0,6.5,82.7
1144,A,0,0,10,6.2,7.0,4.9,46.8
1144,B,1,1,4.7,4.6,4.6,9.3,72.0
1144,C,1,1,6.8,5.9,8.5,6.3,79.2
1144,D,1,1,9.4,3.2,5.0,9.1,77.8
1145,A,0,1,8.6,6.6,5.7,6.8,62.8
1145,B,0,1,5.6,9.5,5.0,7.9,63.3
1145,C,1,0,4.0,3.5,7.8,6.5,53.0
1145,D,1,0,6.6,8.0,7.4,7.4,65.7
1146,A,1,0,8.1,3.9,6.1,6.0,56.8
1146,B,1,0,7.9,9.7,6.6,6.5,67.8
1146,C,0,0,4.4,4.8,7.5,7.9,41.0
1146,D,0,0,7.2,5.8,6.3,6.4,42.8
1147,A,1,1,7.6,4.4,4.9,6.6,72.5
1147,B,0,1,5.4,9.7,6.7,5.5,62.2
1147,C,1,0,4.1,5.7,9.2,6.1,58.5
1147,D,1,0,8.4,4.0,7.3,8.3,63.3
1148,A,0,1,10,4.1,4.2,6.0,57.2
1148,B,1,1,6.4,9.1,6.7,7.4,82.7
1148,C,1,1,6.3,5.4,6.5,4.7,71.5
1148,D,0,1,10,6.5,5.9,10,70.7
1149,A,0,1,9.2,5.7,6.2,5.7,61.3
1149,B,0,0,6.9,6.8,7.5,9.5,51.2
1149,C,0,0,8.1,6.9,5.7,8.2,48.2
1149,D,1,1,6.6,7.7,9.8,7.4,85.8
1150,A,1,0,7.1,5.3,5.4,6.5,57.2
1150,B,1,1,7.2,8.7,5.5,7.9,82.2
1150,C,0,0,4.1,2.9,8.4,6.3,36.2
1150,D,1,1,6.0,8.5,9.4,6.3,83.7
1151,A,1,0,9.0,5.5,6.2,6.7,62.3
1151,B,1,1,7.5,6.2,6.2,6.5,77.3
1151,C,0,0,6.2,6.8,9.8,8.0,51.3
1151,D,1,1,8.5,8.8,9.5,7.4,90.3
1152,A,0,1,10.0,5.8,4.3,5.9,60.0
1152,B,1,0,7.1,7.9,6.7,6.9,64.3
1152,C,0,0,4.0,5.9,7.8,4.7,37.3
1152,D,1,1,9.5,6.9,6.1,6.2,81.2
1153,A,0,0,8.4,5.3,5.4,8.6,46.2
1153,B,0,0,8.1,7.6,5.9,6.6,47.0
1153,C,1,1,6.1,5.8,6.8,4.5,72.0
1153,D,1,1,7.1,7.5,6.7,6.9,80.3
1154,A,1,1,7.0,4.2,4.4,5.6,68.7
1154,B,0,1,7.2,8.4,4.8,5.5,59.8
1154,C,0,0,8.2,3.0,7.4,7.4,43.3
1154,D,1,1,6.6,4.3,6.7,7.5,75.2
1155,A,1,1,8.9,6.0,4.6,6.8,77.2
1155,B,1,1,7.0,8.3,4.7,7.9,79.8
1155,C,1,0,5.6,5.3,10,8.1,65.0
1155,D,1,1,7.1,8.1,9.9,7.0,86.8
1156,A,1,0,9.2,5.6,5.1,5.8,59.5
1156,B,1,0,7.3,8.1,5.0,8.0,64.0
1156,C,1,1,5.0,6.6,7.4,5.3,73.8
1156,D,1,1,8.1,7.4,7.5,8.4,85.7
1157,A,1,0,9.7,4.8,4.0,6.6,58.5
1157,B,1,0,7.3,8.5,4.3,6.1,60.3
1157,C,1,0,6.6,5.4,8.5,6.2,61.2
1157,D,0,1,7.5,8.4,8.3,7.8,70.0
1158,A,1,0,7.2,4.8,5.6,5.5,55.2
1158,B,1,0,8.0,7.4,5.8,8.8,66.7
1158,C,0,1,7.9,6.7,9.1,6.3,66.7
1158,D,0,0,7.1,6.7,4.5,7.3,42.7
1159,A,0,1,9.5,5.9,5.8,7.0,63.7
1159,B,0,1,5.8,7.0,6.1,8.4,62.2
1159,C,0,1,2.2,6.7,6.1,4.8,49.7
1159,D,1,0,9.3,8.3,7.6,6.1,68.8
1160,A,0,0,6.6,4.6,5.5,7.7,40.7
1160,B,1,1,8.1,8.8,7.3,5.8,83.3
1160,C,1,0,6.3,5.1,10,6.2,62.7
1160,D,1,1,5.2,6.3,7.9,8.4,79.7
1161,A,0,0,7.1,4.0,5.0,5.3,35.7
1161,B,0,1,8.3,8.2,5.7,6.5,64.5
1161,C,1,0,7.2,5.2,7.0,6.1,59.2
1161,D,1,1,5.9,10,7.8,7.3,85.0
1162,A,1,0,9.0,4.4,5.0,5.5,56.5
1162,B,0,0,8.5,7.6,7.6,7.3,51.7
1162,C,0,0,5.8,2.8,6.8,4.9,33.8
1162,D,1,1,10,6.4,6.0,9.0,85.7
1163,A,1,1,4.6,5.9,7.4,4.1,70.0
1163,B,1,1,6.3,6.9,7.2,5.9,77.2
1163,C,0,0,7.0,3.8,8.4,4.8,40.0
1163,D,1,1,4.6,8.1,6.7,4.9,73.8
1164,A,1,0,5.9,4.7,4.7,5.7,51.7
1164,B,0,0,6.5,5.4,6.3,7.1,42.2
1164,C,1,0,7.0,2.8,8.6,4.7,55.2
1164,D,1,0,8.1,4.7,6.7,7.1,61.0
1165,A,0,1,6.6,6.1,4.1,6.8,56.0
1165,B,1,1,6.3,7.7,4.9,7.7,77.7
1165,C,1,1,6.5,7.4,5.3,7.5,77.8
1165,D,1,0,7.2,8.5,4.2,6.0,59.8
1166,A,0,1,8.3,4.3,4.2,5.2,53.3
1166,B,1,1,8.0,6.1,7.3,7.5,81.5
1166,C,1,1,5.8,5.9,6.7,6.5,74.8
1166,D,1,0,6.8,8.3,6.4,6.3,63.0
1167,A,1,0,7.6,5.0,6.7,5.7,58.3
1167,B,1,1,7.3,8.0,6.9,6.3,80.8
1167,C,0,1,6.3,5.9,6.6,5.5,57.2
1167,D,0,1,7.9,9.7,8.3,9.1,75.0
1168,A,1,1,7.8,5.9,8.0,8.8,84.2
1168,B,1,1,6.1,8.6,6.3,7.1,80.2
1168,C,0,0,8.0,4.8,6.7,6.4,43.2
1168,D,1,1,6.7,7.9,7.3,7.5,82.3
1169,A,1,0,8.3,3.1,5.6,4.7,52.8
1169,B,1,0,9.9,6.0,5.5,7.3,64.5
1169,C,1,0,8.3,4.8,8.5,6.5,63.5
1169,D,1,0,7.6,5.7,9.3,8.6,68.7
1170,A,1,0,8.6,2.9,3.9,4.2,49.3
1170,B,1,1,6.0,8.3,5.7,7.1,78.5
1170,C,0,0,7.1,5.8,7.6,5.8,43.8
1170,D,0,0,6.3,6.9,8.1,8.9,50.3
1171,A,1,0,8.0,3.9,4.9,5.2,53.3
1171,B,1,0,6.0,6.1,5.2,7.2,57.5
1171,C,1,0,6.0,6.7,8.0,6.0,61.2
1171,D,1,0,6.1,7.6,6.8,6.1,61.0
1172,A,1,1,7.2,6.2,6.6,6.8,78.0
1172,B,1,0,7.2,8.1,7.1,7.4,66.3
1172,C,1,0,4.6,4.8,7.8,6.7,56.5
1172,D,1,0,8.9,5.6,8.1,6.4,65.0
1173,A,0,0,6.8,2.3,4.6,5.6,32.2
1173,B,1,0,6.9,7.3,6.8,6.9,63.2
1173,C,1,0,5.9,7.1,6.7,7.2,61.5
1173,D,1,0,7.3,7.7,6.3,7.0,63.8
1174,A,1,0,8.2,5.1,5.2,7.7,60.3
1174,B,1,0,7.7,6.2,6.3,6.5,61.2
1174,C,1,1,4.2,3.4,9.1,7.2,73.2
1174,D,1,0,8.6,6.4,9.7,7.4,70.2
1175,A,1,0,7.0,5.0,5.0,5.9,54.8
1175,B,1,0,8.5,8.7,7.2,7.6,70.0
1175,C,1,1,4.9,5.6,7.9,6.4,74.7
1175,D,0,0,7.3,8.4,7.2,6.5,49.0
1176,A,0,0,7.4,4.8,6.3,7.5,43.3
1176,B,1,0,6.7,8.0,8.8,8.2,69.5
1176,C,1,0,6.7,4.7,8.6,4.4,57.3
1176,D,0,1,7.0,6.6,3.5,7.9,58.3
1177,A,1,0,7.2,6.1,5.3,8.9,62.5
1177,B,0,1,8.0,8.1,7.8,6.0,66.5
1177,C,0,1,6.2,4.7,9.4,7.8,63.5
1177,D,1,0,8.9,6.8,7.1,8.4,68.7
1178,A,1,0,10,4.5,6.2,4.4,58.5
1178,B,0,1,7.7,7.8,5.4,9.5,67.3
1178,C,0,0,7.0,4.2,8.4,6.2,43.0
1178,D,1,1,8.8,7.4,7.2,7.9,85.5
1179,A,1,0,6.3,5.8,5.9,4.7,54.5
1179,B,1,1,7.0,7.9,5.4,5.7,76.7
1179,C,0,0,8.9,5.9,7.0,7.1,48.2
1179,D,1,0,9.6,7.0,9.8,8.2,74.3
1180,A,0,0,8.5,4.9,3.8,7.1,40.5
1180,B,1,1,4.7,10.0,6.8,9.4,84.8
1180,C,0,0,7.1,5.0,6.5,5.9,40.8
1180,D,0,0,7.9,8.2,10,9.2,58.8
1181,A,0,0,8.6,5.7,5.8,5.8,43.2
1181,B,0,1,6.5,6.5,4.9,6.6,57.5
1181,C,1,1,6.8,4.2,8.4,5.0,74.0
1181,D,1,1,8.3,5.1,8.4,5.3,78.5
1182,A,1,0,10,5.6,5.9,6.4,63.2
1182,B,0,1,6.8,6.4,6.3,7.8,62.2
1182,C,1,0,6.6,5.5,6.3,5.1,55.8
1182,D,0,1,7.8,7.6,7.2,6.3,64.8
1183,A,0,0,9.1,3.2,6.0,5.6,39.8
1183,B,0,1,7.8,6.3,5.8,10,66.5
1183,C,0,0,5.6,6.3,7.9,8.1,46.5
1183,D,1,0,8.7,6.2,7.8,9.4,70.2
1184,A,1,1,8.0,3.8,4.2,6.8,71.3
1184,B,1,1,5.6,5.9,6.5,8.9,78.2
1184,C,1,0,5.3,6.6,7.0,5.3,57.0
1184,D,1,0,7.8,5.6,7.1,8.1,64.3
1185,A,1,1,5.9,5.6,5.1,6.4,71.7
1185,B,1,1,5.9,8.8,8.0,7.3,83.3
1185,C,1,0,5.4,5.0,6.9,6.9,57.0
1185,D,0,0,10,8.2,7.8,7.9,56.5
1186,A,1,0,8.4,5.5,5.0,6.7,59.3
1186,B,0,1,5.9,8.9,6.8,6.5,63.5
1186,C,1,0,6.5,3.5,8.7,7.0,59.5
1186,D,1,0,6.9,8.1,7.4,7.5,66.5
1187,A,0,1,7.4,4.1,4.9,7.3,56.2
1187,B,1,0,8.2,9.1,6.9,6.0,67.0
1187,C,1,0,6.6,4.7,9.2,3.7,57.0
1187,D,0,0,7.8,8.0,7.7,7.1,51.0
1188,A,1,1,8.7,4.6,6.4,6.0,76.2
1188,B,0,0,8.5,9.2,6.4,7.3,52.3
1188,C,0,1,5.9,3.3,6.6,6.4,53.7
1188,D,1,1,6.5,6.6,5.7,8.0,78.0
1189,A,0,1,8.5,4.5,7.5,5.5,60.0
1189,B,1,0,7.2,9.4,6.0,7.7,67.2
1189,C,1,1,4.5,6.1,7.1,6.1,73.0
1189,D,1,1,9.4,7.3,9.2,10,93.2
1190,A,0,0,8.5,4.6,6.0,5.5,41.0
1190,B,1,0,5.7,7.0,5.2,6.8,57.8
1190,C,0,0,6.8,6.1,7.3,4.9,41.8
1190,D,0,1,9.1,7.7,7.9,5.7,67.3
1191,A,1,0,8.4,4.7,5.4,3.5,53.3
1191,B,1,0,7.8,7.9,5.9,6.3,63.2
1191,C,1,1,7.1,4.4,6.2,7.6,75.5
1191,D,1,0,5.9,9.4,8.9,8.1,70.5
1192,A,1,0,10,7.3,3.7,5.8,61.3
1192,B,1,0,8.1,6.5,7.6,6.9,65.2
1192,C,1,1,8.3,5.2,6.9,5.8,77.0
1192,D,0,0,8.9,7.2,7.2,8.2,52.5
1193,A,0,1,7.9,2.5,7.9,5.9,57.0
1193,B,0,1,7.4,8.6,4.6,7.3,63.2
1193,C,1,1,4.7,5.3,7.3,6.5,73.0
1193,D,1,1,7.5,7.1,6.3,8.9,83.0
1194,A,1,1,9.0,4.6,9.3,7.0,83.2
1194,B,0,1,7.7,8.8,4.7,10,68.7
1194,C,0,1,6.3,5.2,7.3,6.8,59.3
1194,D,0,1,7.0,7.4,6.1,5.6,60.2
1195,A,1,1,5.7,5.4,5.5,7.0,72.7
1195,B,1,0,7.0,9.0,5.2,7.1,63.8
1195,C,1,1,5.4,4.0,10.0,7.5,78.2
1195,D,1,0,7.0,6.7,7.2,6.4,62.2
1196,A,0,0,9.4,6.8,7.7,7.3,52.0
1196,B,0,0,5.3,8.7,5.1,6.3,42.3
1196,C,1,1,7.3,5.8,6.0,7.7,78.0
1196,D,1,1,7.7,7.2,6.9,5.9,79.5
1197,A,1,1,8.4,5.6,6.2,5.5,76.2
1197,B,0,0,7.2,8.8,6.6,8.3,51.5
1197,C,1,1,5.5,5.2,6.7,7.6,75.0
1197,D,1,0,8.9,8.7,7.7,8.7,73.3
1198,A,1,0,7.3,5.3,7.1,4.9,57.7
1198,B,1,0,7.4,10,5.6,10,71.7
1198,C,1,1,7.7,5.7,8.9,5.5,79.7
1198,D,0,1,5.9,5.8,8.0,8.2,63.2
1199,A,1,1,6.3,3.7,5.2,5.8,68.3
1199,B,0,0,5.8,8.0,7.8,7.2,48.0
1199,C,0,1,5.9,3.5,6.6,7.0,55.0
1199,D,1,0,8.6,7.6,5.1,7.2,64.2
1200,A,0,0,8.2,5.1,5.5,6.7,42.5
1200,B,0,0,7.2,7.4,6.3,8.7,49.3
1200,C,1,0,4.4,4.2,7.6,7.0,55.3
1200,D,1,1,7.6,7.3,8.3,5.9,81.8
1201,A,1,0,6.9,2.9,6.8,6.8,55.7
1201,B,0,0,4.4,6.1,7.6,6.8,41.5
1201,C,0,1,5.8,3.2,8.9,7.2,58.5
1201,D,1,0,6.4,7.1,6.3,8.7,64.2
1202,A,1,0,8.8,5.1,3.8,6.7,57.3
1202,B,1,0,6.4,7.9,5.9,7.6,63.0
1202,C,1,1,7.1,6.8,5.7,5.4,75.0
1202,D,1,0,6.3,8.3,9.7,7.6,69.8
1203,A,0,1,5.5,4.8,2.4,5.8,47.5
1203,B,1,1,7.4,7.8,6.0,7.1,80.5
1203,C,1,0,7.2,3.9,7.5,5.5,56.8
1203,D,0,1,10,7.8,5.8,9.8,72.3
1204,A,0,1,10,5.2,6.0,7.9,65.2
1204,B,1,0,7.4,6.2,8.5,7.8,66.5
1204,C,0,0,8.4,7.2,6.8,7.2,49.3
1204,D,1,0,5.6,5.6,7.4,6.6,58.7
1205,A,0,0,9.8,4.7,4.3,6.6,42.3
1205,B,0,0,5.6,10,7.4,8.2,52.0
1205,C,1,0,7.6,4.3,9.8,6.3,63.3
1205,D,1,1,7.0,7.4,5.3,9.4,81.8
1206,A,0,1,7.0,5.4,7.0,7.8,62.0
1206,B,0,0,4.5,9.0,6.8,10,50.5
1206,C,1,1,7.1,5.8,6.9,8.0,79.7
1206,D,1,1,6.2,7.4,8.5,6.9,81.7
1207,A,1,0,6.0,2.7,5.7,6.0,50.7
1207,B,1,0,7.5,8.4,7.1,7.5,67.5
1207,C,1,1,5.7,4.8,7.6,8.1,77.0
1207,D,0,1,8.8,6.4,6.5,8.7,67.3
1208,A,0,0,9.2,5.2,4.8,5.6,41.3
1208,B,1,0,9.9,9.2,5.9,7.5,70.8
1208,C,1,0,7.6,4.7,9.6,5.3,62.0
1208,D,1,0,7.5,8.0,7.2,7.7,67.3
1209,A,1,0,9.1,5.6,6.0,5.5,60.3
1209,B,0,0,9.1,8.0,6.2,7.2,50.8
1209,C,1,0,7.5,7.0,8.3,6.5,65.5
1209,D,1,1,7.3,5.6,9.0,5.1,78.3
1210,A,1,0,8.0,5.2,6.5,5.3,58.3
1210,B,1,1,6.8,6.7,5.7,6.3,75.8
1210,C,1,0,7.3,4.8,8.0,6.6,61.2
1210,D,1,1,6.0,8.5,6.2,9.8,84.2
1211,A,1,0,10,3.2,5.8,6.8,59.7
1211,B,0,1,4.3,9.7,5.4,6.1,59.2
1211,C,0,0,7.0,4.1,8.5,3.3,38.2
1211,D,1,1,6.0,4.2,8.6,8.7,79.2
1212,A,1,0,7.8,6.7,7.4,6.4,63.8
1212,B,1,0,7.0,9.2,7.5,5.6,65.5
1212,C,1,0,8.0,6.9,7.4,6.5,64.7
1212,D,1,1,7.0,6.8,9.9,8.6,87.2
1213,A,0,0,7.1,4.4,3.4,6.2,35.2
1213,B,1,0,6.3,10,7.1,5.3,64.5
1213,C,0,0,5.1,4.3,8.9,6.5,41.3
1213,D,1,1,6.6,7.9,9.2,7.8,85.8
1214,A,0,0,7.7,4.8,6.2,7.8,44.2
1214,B,1,0,5.2,5.8,7.2,6.4,57.7
1214,C,0,1,6.5,5.0,8.4,7.9,63.0
1214,D,0,1,7.4,8.1,7.1,7.4,66.7
1215,A,0,0,10,4.9,8.2,4.3,45.7
1215,B,1,0,9.6,4.9,6.5,6.1,61.8
1215,C,1,0,6.7,6.4,4.9,8.4,60.7
1215,D,1,0,9.9,9.1,6.9,4.7,67.7
1216,A,1,0,9.7,5.2,3.6,5.8,57.2
1216,B,1,1,5.2,6.6,8.3,6.0,76.8
1216,C,1,1,6.9,2.6,7.1,5.5,70.2
1216,D,0,1,6.3,9.8,5.6,5.8,62.5
1217,A,1,1,8.9,6.6,7.1,8.1,84.5
1217,B,1,1,7.2,9.8,6.7,7.6,85.5
1217,C,0,0,4.9,5.8,6.3,5.1,36.8
1217,D,0,0,7.7,8.0,7.6,7.4,51.2
1218,A,0,0,7.5,5.0,7.0,7.1,44.3
1218,B,1,0,6.4,7.5,6.9,7.0,63.0
1218,C,1,0,4.9,5.0,9.3,6.3,59.2
1218,D,0,0,8.5,7.4,7.0,9.2,53.5
1219,A,0,0,10,5.4,4.9,6.3,44.3
1219,B,0,1,6.8,10,6.7,6.8,67.2
1219,C,0,1,6.3,5.5,10,6.1,63.2
1219,D,1,1,6.5,3.8,4.8,8.7,73.0
1220,A,0,1,8.0,5.8,5.7,7.1,61.0
1220,B,1,1,5.0,8.2,3.3,6.4,71.5
1220,C,1,0,6.3,4.4,8.8,4.7,57.0
1220,D,1,1,7.6,6.4,6.0,9.1,81.8
1221,A,0,0,5.9,6.4,5.4,7.1,41.3
1221,B,1,0,8.6,9.3,9.6,6.2,72.8
1221,C,1,0,5.0,3.4,10,7.3,59.5
1221,D,1,1,8.7,6.2,10,8.6,89.2
1222,A,0,1,9.4,3.3,6.2,4.0,54.8
1222,B,1,0,5.8,7.7,7.0,4.4,58.2
1222,C,1,0,7.5,4.5,8.0,7.4,62.3
1222,D,1,0,6.5,5.5,8.7,6.9,62.7
1223,A,1,0,8.5,5.4,6.0,3.6,55.8
1223,B,1,0,8.5,7.6,6.4,8.3,68.0
1223,C,1,1,6.2,4.6,7.0,3.8,69.3
1223,D,0,1,8.3,10,6.6,6.7,69.3
1224,A,0,1,8.7,6.2,6.8,5.8,62.5
1224,B,0,0,6.9,7.1,7.3,7.6,48.2
1224,C,0,1,8.1,5.3,7.2,7.3,63.2
1224,D,0,1,7.1,6.8,8.1,8.1,66.8
1225,A,0,0,7.6,2.6,5.9,6.5,37.7
1225,B,0,1,8.5,10,8.6,6.2,72.2
1225,C,1,0,5.6,6.0,6.7,5.3,56.0
1225,D,1,0,8.2,8.3,7.3,6.3,66.8
1226,A,1,0,8.5,5.8,8.5,5.9,64.5
1226,B,1,1,7.0,6.4,5.3,7.8,77.5
1226,C,0,1,6.6,4.6,7.4,6.2,58.0
1226,D,0,1,7.4,7.0,6.5,5.5,60.7
1227,A,1,1,5.8,5.6,5.5,5.1,70.0
1227,B,1,0,7.0,6.6,4.2,7.8,59.3
1227,C,0,1,7.2,5.7,7.3,6.3,60.8
1227,D,1,0,8.0,5.5,8.3,7.7,65.8
1228,A,1,0,8.7,6.5,6.6,7.8,66.0
1228,B,0,1,7.0,8.5,6.9,7.2,66.0
1228,C,1,0,8.3,4.6,6.5,7.9,62.2
1228,D,1,1,6.2,7.4,8.2,6.6,80.7
1229,A,0,0,8.0,6.4,5.0,7.0,44.0
1229,B,1,1,7.4,7.4,5.1,6.4,77.2
1229,C,1,1,4.5,2.1,8.7,6.9,70.3
1229,D,0,0,5.4,6.1,8.4,7.5,45.7
1230,A,1,0,8.1,4.5,7.9,8.9,65.7
1230,B,0,1,8.1,8.9,7.0,6.2,67.0
1230,C,1,1,7.7,6.8,7.1,6.9,80.8
1230,D,1,0,7.5,5.2,6.5,8.8,63.3
1231,A,1,0,8.8,4.6,6.4,7.9,62.8
1231,B,1,1,7.2,9.5,8.8,6.8,87.2
1231,C,0,1,6.5,3.6,7.3,7.1,57.5
1231,D,0,0,7.9,6.0,6.2,9.8,49.8
1232,A,0,1,8.0,6.5,4.8,6.1,59.0
1232,B,0,0,6.0,9.9,6.0,8.6,50.8
1232,C,0,0,7.5,3.0,9.9,6.5,44.8
1232,D,1,1,6.5,8.3,8.1,7.0,83.2
1233,A,1,0,6.4,5.7,2.7,7.2,53.3
1233,B,1,0,6.0,6.2,6.3,6.6,58.5
1233,C,1,0,5.8,5.1,7.4,7.7,60.0
1233,D,1,1,7.3,7.7,9.5,10,90.8
1234,A,1,0,7.3,6.2,5.4,6.0,58.2
1234,B,0,1,7.1,7.6,5.5,6.1,60.5
1234,C,0,1,7.4,4.5,7.2,4.8,56.5
1234,D,1,0,9.2,7.8,7.5,7.7,70.3
1235,A,1,1,8.5,5.3,4.9,7.2,76.5
1235,B,0,0,8.1,8.3,5.7,7.0,48.5
1235,C,1,0,4.0,6.2,6.1,5.3,52.7
1235,D,0,0,8.7,8.6,7.7,7.5,54.2
1236,A,1,0,9.2,4.5,6.7,6.6,61.7
1236,B,0,0,7.6,7.0,6.4,6.9,46.5
1236,C,1,0,6.3,5.2,7.7,5.8,58.3
1236,D,1,0,7.2,7.1,6.8,9.0,66.8
1237,A,1,1,7.8,7.3,4.1,5.2,74.0
1237,B,1,0,7.8,7.1,7.9,8.7,69.2
1237,C,0,1,5.0,3.9,7.2,5.5,52.7
1237,D,0,1,8.2,7.7,7.1,6.6,66.0
1238,A,1,0,8.2,6.2,4.0,5.5,56.5
1238,B,1,1,9.0,7.9,4.8,5.3,78.3
1238,C,1,1,7.3,8.5,7.0,8.0,84.7
1238,D,1,0,9.2,6.5,7.0,8.7,69.0
1239,A,1,0,7.6,4.2,3.9,6.0,52.8
1239,B,0,0,6.5,9.6,5.6,7.9,49.3
1239,C,0,1,5.2,8.8,7.8,7.6,65.7
1239,D,1,0,6.4,7.0,7.9,6.8,63.5
1240,A,1,1,8.3,5.9,6.6,6.4,78.7
1240,B,1,0,7.5,5.1,7.7,8.2,64.2
1240,C,1,1,5.8,3.3,8.6,4.1,69.7
1240,D,1,0,9.3,6.0,5.6,7.8,64.5
1241,A,1,0,10,5.0,6.0,8.4,65.7
1241,B,1,0,7.7,8.6,6.5,5.9,64.5
1241,C,1,0,7.2,4.9,6.7,6.7,59.2
1241,D,0,0,6.4,5.5,7.1,9.4,47.3
1242,A,0,0,6.7,3.0,6.4,6.3,37.3
1242,B,1,0,7.5,9.3,7.3,7.4,69.2
1242,C,0,1,4.5,6.1,8.1,5.4,56.8
1242,D,1,0,5.8,7.7,6.0,5.9,59.0
1243,A,1,1,6.9,6.2,6.1,6.8,76.7
1243,B,1,0,5.5,8.5,7.3,9.0,67.2
1243,C,0,1,7.7,5.6,10,7.8,68.5
1243,D,0,0,6.5,7.7,7.7,8.5,50.7
1244,A,0,0,8.1,4.7,5.1,6.7,41.0
1244,B,1,1,6.1,6.7,7.0,7.9,79.5
1244,C,0,1,6.2,5.5,8.0,7.4,61.8
1244,D,1,0,7.7,5.8,6.8,5.6,59.8
1245,A,1,0,7.6,2.9,4.4,5.3,50.3
1245,B,1,1,8.7,7.9,7.8,5.2,82.7
1245,C,0,1,5.4,3.1,6.9,7.9,55.5
1245,D,0,0,7.3,8.0,7.5,9.1,53.2
1246,A,1,0,9.5,3.8,8.6,6.0,63.2
1246,B,1,1,6.5,7.5,8.8,7.9,84.5
1246,C,0,0,5.2,5.4,6.8,5.5,38.2
1246,D,0,0,7.3,6.8,7.2,9.6,51.5
1247,A,1,1,8.4,5.4,6.6,3.8,73.7
1247,B,1,0,6.1,6.2,7.7,9.0,65.0
1247,C,1,0,4.3,4.5,8.7,8.4,59.8
1247,D,1,0,5.9,6.4,7.9,8.1,63.8
1248,A,1,0,10,7.2,6.5,4.9,64.3
1248,B,1,0,7.5,7.2,3.3,8.4,60.7
1248,C,0,0,7.0,5.1,6.7,5.7,40.8
1248,D,1,1,8.1,7.2,7.7,8.2,85.3
1249,A,1,0,8.3,5.2,5.1,5.4,56.7
1249,B,1,0,8.0,8.7,7.6,8.6,71.5
1249,C,1,1,2.7,4.8,8.2,5.1,68.0
1249,D,0,1,4.9,6.4,7.1,7.2,59.3
1250,A,1,1,7.9,4.2,6.7,7.2,76.7
1250,B,1,0,5.6,9.5,5.3,7.3,62.8
1250,C,1,0,8.7,4.3,6.5,6.8,60.5
1250,D,1,0,8.9,7.0,6.0,4.9,61.3
1251,A,1,0,10,6.4,5.1,6.2,62.8
1251,B,1,0,8.9,6.5,3.3,8.0,61.2
1251,C,1,1,5.2,3.5,8.7,6.3,72.8
1251,D,1,1,7.5,6.2,7.0,8.4,81.8
1252,A,1,0,9.1,5.2,4.3,5.5,56.8
1252,B,1,0,5.6,8.2,6.5,8.2,64.2
1252,C,1,1,7.3,5.7,10,7.0,83.3
1252,D,0,1,7.7,9.2,5.6,9.8,70.5
1253,A,0,0,4.4,5.3,5.2,6.0,34.8
1253,B,0,1,7.0,5.7,5.8,7.7,60.3
1253,C,1,0,5.6,4.2,10,5.9,59.5
1253,D,1,1,6.0,6.2,7.6,5.1,74.8
1254,A,1,0,8.7,6.0,6.5,5.5,61.2
1254,B,1,1,7.3,8.7,6.5,8.6,85.2
1254,C,0,1,6.9,5.5,9.0,6.7,63.5
1254,D,1,0,8.8,8.3,8.3,7.1,70.8
1255,A,1,1,7.1,4.5,7.8,9.3,81.2
1255,B,1,1,7.6,10,3.9,7.1,81.0
1255,C,1,0,6.8,4.1,10,5.4,60.5
1255,D,1,0,6.8,7.2,7.9,6.9,64.7
1256,A,1,0,6.0,6.5,5.7,6.1,57.2
1256,B,0,0,6.7,7.8,4.9,6.4,43.0
1256,C,1,0,4.6,3.9,8.6,8.6,59.5
1256,D,0,0,8.4,6.7,8.5,8.1,52.8
1257,A,1,0,10,4.4,3.8,5.6,56.3
1257,B,1,0,7.8,9.2,6.6,5.8,65.7
1257,C,1,1,7.0,6.6,7.9,5.8,78.8
1257,D,0,0,8.5,5.2,7.4,7.6,47.8
1258,A,1,0,8.1,4.1,4.2,6.4,54.7
1258,B,1,1,8.0,9.7,6.4,6.4,84.2
1258,C,1,0,7.2,5.2,7.7,5.9,60.0
1258,D,1,1,7.5,8.4,5.9,5.9,79.5
1259,A,1,0,10,5.9,4.6,8.3,64.7
1259,B,1,0,6.9,5.5,5.3,8.5,60.3
1259,C,1,0,5.3,2.5,5.7,6.6,50.2
1259,D,1,1,9.3,8.0,8.3,6.8,87.3
1260,A,0,1,8.8,3.4,5.4,6.9,57.5
1260,B,1,1,8.1,6.3,7.3,6.4,80.2
1260,C,1,0,8.2,5.1,8.0,6.5,63.0
1260,D,1,1,6.3,8.5,8.8,7.5,85.2
1261,A,0,0,9.0,4.6,3.1,7.2,39.8
1261,B,1,0,8.6,10,7.1,7.6,72.2
1261,C,1,0,6.6,4.7,7.1,7.2,59.3
1261,D,1,0,7.6,7.7,7.4,6.0,64.5
1262,A,0,1,8.0,2.4,8.7,6.8,59.8
1262,B,0,1,7.6,8.8,4.8,10,68.7
1262,C,1,0,4.6,5.1,8.2,6.7,57.7
1262,D,0,0,7.5,6.7,7.6,6.7,47.5
1263,A,0,1,9.4,2.5,5.4,6.3,56.0
1263,B,0,0,8.4,7.6,7.5,9.5,55.0
1263,C,1,0,6.0,2.9,10,6.2,58.5
1263,D,0,1,7.0,7.1,5.9,5.4,59.0
1264,A,0,0,8.7,3.7,4.7,5.9,38.3
1264,B,0,0,7.9,6.1,6.4,8.9,48.8
1264,C,1,1,6.7,5.5,9.1,4.8,76.8
1264,D,1,0,8.9,8.2,6.8,5.9,66.3
1265,A,1,0,8.3,3.4,4.1,8.2,56.7
1265,B,0,0,5.4,8.1,7.2,5.8,44.2
1265,C,1,1,7.9,4.1,9.2,7.8,81.7
1265,D,1,0,8.3,7.4,6.2,9.1,68.3
1266,A,0,0,8.4,6.1,6.1,7.1,46.2
1266,B,1,1,7.7,8.6,5.8,8.6,84.5
1266,C,1,1,4.8,4.5,7.9,5.9,71.8
1266,D,0,0,8.1,6.2,6.3,9.5,50.2
1267,A,0,0,6.1,5.3,3.7,5.8,34.8
1267,B,1,1,8.4,8.5,5.6,8.3,84.7
1267,C,1,1,4.1,4.4,10,7.0,75.8
1267,D,1,1,9.0,7.9,7.9,8.3,88.5
1268,A,0,1,6.1,6.9,5.2,5.6,56.3
1268,B,1,1,4.2,8.1,5.7,5.2,72.0
1268,C,1,1,7.5,2.3,9.1,7.4,77.2
1268,D,1,1,8.0,8.0,5.1,6.9,80.0
1269,A,1,1,9.2,5.7,8.3,6.4,82.7
1269,B,1,0,6.2,7.6,7.8,5.3,61.5
1269,C,0,1,5.5,4.1,10,5.8,59.0
1269,D,1,0,8.5,8.8,9.0,7.0,72.2
1270,A,1,0,7.1,4.9,5.5,7.4,58.2
1270,B,1,1,5.2,9.2,5.5,6.4,77.2
1270,C,0,1,5.8,5.8,5.5,6.4,55.8
1270,D,1,1,7.6,7.9,9.5,7.7,87.8
1271,A,0,0,9.3,4.0,6.8,6.3,44.0
1271,B,1,0,6.3,10,4.0,7.1,62.3
1271,C,0,0,5.3,5.5,7.3,4.2,37.2
1271,D,1,0,10,7.7,6.8,7.1,69.3
1272,A,1,0,10,3.0,7.0,6.1,60.2
1272,B,1,0,8.0,9.7,5.8,5.5,65.0
1272,C,1,1,5.9,6.8,6.6,6.7,76.7
1272,D,0,0,7.5,5.8,7.1,6.5,44.8
1273,A,1,1,7.1,6.9,4.9,5.0,73.2
1273,B,1,1,6.6,5.9,7.2,7.5,78.7
1273,C,0,1,5.6,4.9,8.3,5.3,56.8
1273,D,1,1,9.3,5.9,6.5,6.4,80.2
1274,A,0,0,8.9,6.6,5.4,7.5,47.3
1274,B,0,1,5.3,9.1,7.6,4.9,61.5
1274,C,1,1,6.9,4.8,7.9,5.8,75.7
1274,D,1,1,7.0,6.4,7.3,7.5,80.3
1275,A,1,1,7.5,5.9,6.0,4.7,73.5
1275,B,1,0,7.3,6.3,6.5,8.1,63.7
1275,C,1,1,8.3,5.1,9.7,4.1,78.7
1275,D,1,0,7.5,9.0,7.7,9.4,72.7
1276,A,1,1,5.7,5.4,7.0,5.4,72.5
1276,B,1,1,7.5,9.8,5.8,6.9,83.3
1276,C,1,0,6.8,3.6,10,7.5,63.2
1276,D,1,0,6.0,7.5,9.8,7.7,68.3
1277,A,1,1,7.9,6.5,6.1,5.8,77.2
1277,B,1,1,6.4,9.1,8.3,6.8,84.3
1277,C,0,0,7.5,5.8,9.7,6.4,49.0
1277,D,0,0,8.0,6.9,5.3,9.0,48.7
1278,A,1,0,8.4,4.3,7.0,7.1,61.3
1278,B,0,0,6.9,8.8,7.7,7.6,51.7
1278,C,1,1,8.1,4.8,8.1,5.4,77.3
1278,D,1,0,9.6,7.2,6.5,7.4,67.8
1279,A,0,0,9.9,3.8,6.4,7.1,45.3
1279,B,1,0,6.9,7.4,6.2,5.9,60.7
1279,C,0,0,8.3,4.9,6.8,9.0,48.3
1279,D,1,1,8.5,8.1,6.7,6.4,82.8
1280,A,0,0,9.3,2.8,6.0,5.0,38.5
1280,B,1,1,6.4,10,6.5,8.5,85.7
1280,C,1,0,5.2,5.7,10,6.2,61.8
1280,D,1,0,6.1,8.5,6.2,5.7,60.8
1281,A,1,0,8.3,3.1,7.9,7.1,60.7
1281,B,0,0,9.9,5.6,4.2,6.4,43.5
1281,C,1,0,4.6,6.8,9.4,5.9,61.2
1281,D,1,1,8.4,8.5,7.2,7.5,86.0
1282,A,1,0,7.8,4.8,2.9,10,59.2
1282,B,1,1,6.3,7.5,7.1,7.3,80.3
1282,C,0,0,6.6,5.1,8.6,7.1,45.7
1282,D,0,0,8.2,7.8,7.6,5.5,48.5
1283,A,0,0,8.5,5.0,7.3,7.5,47.2
1283,B,1,0,6.3,8.9,5.4,7.5,63.5
1283,C,0,0,7.0,6.7,8.9,7.9,50.8
1283,D,0,1,8.6,7.2,6.7,5.3,63.0
1284,A,1,0,8.1,4.5,4.7,7.5,58.0
1284,B,0,1,6.4,7.4,3.6,7.7,58.5
1284,C,1,1,4.0,3.1,9.3,6.2,71.0
1284,D,1,1,9.7,8.3,7.7,7.7,89.0
1285,A,0,1,8.2,5.6,3.2,5.8,54.7
1285,B,1,1,5.8,8.2,5.0,6.1,75.2
1285,C,1,1,6.9,4.5,5.2,3.5,66.8
1285,D,1,1,9.1,5.7,8.3,9.9,88.3
1286,A,0,1,8.3,7.1,3.6,5.4,57.3
1286,B,1,1,7.1,9.9,8.1,8.8,89.8
1286,C,0,1,3.5,8.1,8.7,3.5,56.3
1286,D,1,0,7.5,8.4,7.7,9.9,72.5
1287,A,1,1,6.2,5.9,5.6,6.8,74.2
1287,B,1,0,7.3,5.5,6.0,8.4,62.0
1287,C,1,0,7.2,5.9,8.5,4.1,59.5
1287,D,1,1,6.5,6.0,8.7,6.7,79.8
1288,A,1,0,8.0,4.9,5.1,7.0,58.3
1288,B,0,1,6.8,10.0,6.6,6.4,66.3
1288,C,1,0,6.8,3.8,7.3,6.5,57.3
1288,D,1,0,9.2,4.5,5.6,7.9,62.0
1289,A,1,0,9.5,4.2,7.2,7.8,64.5
1289,B,0,1,7.1,7.9,6.3,6.0,62.2
1289,C,0,0,6.7,5.5,7.7,6.0,43.2
1289,D,1,0,6.8,6.9,8.3,5.5,62.5
1290,A,0,1,9.6,4.1,5.5,4.5,56.2
1290,B,1,0,8.3,7.1,4.1,9.1,64.3
1290,C,1,1,5.6,4.4,8.8,9.2,80.0
1290,D,1,0,6.5,7.5,6.8,6.3,61.8
1291,A,0,0,6.3,4.0,4.0,6.4,34.5
1291,B,1,0,4.9,5.3,6.5,7.9,57.7
1291,C,0,1,7.2,4.6,10,6.7,64.2
1291,D,1,0,8.1,6.6,7.4,6.4,64.2
1292,A,1,0,8.1,4.7,7.6,5.5,59.8
1292,B,1,0,4.7,7.4,6.9,6.5,59.2
1292,C,0,0,5.8,4.0,7.8,3.9,35.8
1292,D,1,0,6.1,8.0,6.4,7.9,64.0
1293,A,1,0,8.3,4.9,7.1,6.8,61.8
1293,B,1,0,7.7,7.6,5.5,6.8,62.7
1293,C,1,0,6.1,5.7,7.1,5.8,57.8
1293,D,0,1,7.8,4.3,9.5,7.4,65.0
1294,A,1,0,4.6,4.5,6.8,9.4,58.8
1294,B,1,0,6.7,7.3,6.2,6.4,61.0
1294,C,0,1,8.5,7.0,6.6,4.0,60.2
1294,D,1,1,9.0,8.0,7.7,9.1,89.7
1295,A,0,1,8.1,3.5,6.7,7.0,58.8
1295,B,0,1,6.6,9.2,5.0,8.3,65.2
1295,C,1,0,6.4,4.2,7.1,8.3,60.0
1295,D,1,1,5.3,6.7,6.2,8.6,78.0
1296,A,0,0,9.2,6.5,6.2,6.7,47.7
1296,B,1,1,5.3,8.6,7.2,7.2,80.5
1296,C,1,0,10,6.3,7.6,7.1,68.3
1296,D,0,1,8.6,8.4,6.9,7.6,69.2
1297,A,1,0,8.6,6.6,3.7,7.3,60.3
1297,B,1,0,7.7,8.1,6.4,6.3,64.2
1297,C,0,1,6.5,4.8,8.0,4.5,56.3
1297,D,1,0,7.2,9.7,8.1,6.0,68.3
1298,A,0,0,7.6,5.2,4.6,6.5,39.8
1298,B,0,1,7.0,7.5,6.1,8.2,64.7
1298,C,1,1,5.7,3.7,10,6.0,75.7
1298,D,1,0,5.7,7.0,6.4,9.1,63.7
1299,A,1,0,6.6,5.0,5.6,4.7,53.2
1299,B,1,0,4.9,6.6,7.1,7.4,60.0
1299,C,1,0,5.4,4.1,6.0,5.5,51.7
1299,D,1,1,8.9,7.1,5.2,6.3,79.2
1300,A,0,1,10,4.3,4.0,6.6,58.2
1300,B,1,0,8.9,8.7,6.5,9.5,72.7
1300,C,0,0,1.4,4.8,8.2,6.5,34.8
1300,D,1,0,7.0,6.5,9.5,7.3,67.2
1301,A,1,0,7.2,3.9,5.0,8.2,57.2
1301,B,1,0,8.0,8.1,6.0,6.6,64.5
1301,C,1,1,7.5,3.9,8.3,5.6,75.5
1301,D,0,1,7.8,6.7,10,9.9,74.0
1302,A,1,0,6.4,6.9,6.7,8.8,64.7
1302,B,1,0,6.6,5.1,5.4,6.7,56.3
1302,C,1,0,7.0,6.3,8.8,7.3,65.7
1302,D,1,0,8.2,5.8,7.5,8.2,66.2
1303,A,0,0,7.9,3.5,5.3,5.6,37.2
1303,B,0,1,7.4,9.2,6.3,6.3,65.3
1303,C,0,1,8.6,5.1,6.0,6.9,61.0
1303,D,1,1,8.5,6.9,7.0,6.3,81.2
1304,A,0,0,8.0,3.9,5.9,6.1,39.8
1304,B,1,1,6.9,8.0,6.1,5.4,77.3
1304,C,0,1,4.6,5.1,7.0,7.9,57.7
1304,D,0,1,5.6,7.9,7.6,8.4,65.8
1305,A,1,1,8.5,3.3,7.1,5.5,74.0
1305,B,1,1,9.6,10,4.9,6.5,85.0
1305,C,1,1,6.0,5.5,8.4,4.4,73.8
1305,D,1,1,7.3,6.1,6.8,9.5,82.8
1306,A,1,1,8.2,6.8,2.3,6.6,73.2
1306,B,0,1,7.0,9.2,5.1,6.4,62.8
1306,C,1,1,7.4,4.5,10,7.0,81.5
1306,D,1,1,7.5,7.7,5.5,7.5,80.3
1307,A,1,0,8.9,2.3,5.6,5.8,54.3
1307,B,1,1,6.6,8.9,4.4,7.3,78.7
1307,C,1,1,5.7,5.5,10,5.6,78.0
1307,D,1,1,7.7,6.1,6.7,7.7,80.3
1308,A,1,0,7.3,3.5,5.9,6.5,55.3
1308,B,0,1,7.4,9.3,3.8,7.3,63.0
1308,C,0,1,4.9,7.7,6.9,4.8,57.2
1308,D,1,1,5.8,7.5,6.6,6.9,78.0
1309,A,1,0,7.8,6.3,6.4,6.4,61.5
1309,B,1,0,7.5,7.8,6.0,7.2,64.2
1309,C,1,1,4.1,6.5,9.4,6.7,77.8
1309,D,1,1,5.4,7.9,5.5,5.5,73.8
1310,A,0,1,7.5,5.8,4.2,7.1,57.7
1310,B,0,1,8.0,6.9,6.0,10,68.2
1310,C,0,0,6.6,3.9,7.1,7.7,42.2
1310,D,1,1,9.5,8.2,6.2,6.7,84.3
1311,A,1,1,6.8,2.8,7.7,4.5,69.7
1311,B,1,1,5.3,6.5,7.6,9.6,81.7
1311,C,1,1,6.6,5.5,8.0,6.5,77.7
1311,D,1,1,5.4,7.9,8.4,4.6,77.2
1312,A,1,0,7.2,4.7,4.2,6.1,53.7
1312,B,0,0,7.1,8.4,5.6,7.7,48.0
1312,C,0,0,6.9,4.3,7.1,6.5,41.3
1312,D,1,1,10,7.0,6.6,9.0,87.7
1313,A,1,1,7.5,5.4,6.4,5.0,73.8
1313,B,1,0,7.4,6.9,7.2,8.1,66.0
1313,C,1,0,4.7,5.1,7.2,4.8,53.0
1313,D,1,0,7.7,7.3,8.5,6.9,67.3
1314,A,0,0,8.1,5.2,4.7,5.3,38.8
1314,B,1,0,7.1,7.6,5.8,9.5,66.7
1314,C,1,0,5.5,5.0,10,4.0,57.5
1314,D,0,0,7.6,4.5,8.1,7.0,45.3
1315,A,1,0,8.0,6.7,4.3,4.9,56.5
1315,B,1,1,10.0,7.1,7.1,7.8,86.7
1315,C,0,0,6.2,4.8,8.4,8.7,46.8
1315,D,1,0,6.0,5.8,9.8,6.6,63.7
1316,A,1,1,9.7,7.6,5.3,9.2,86.3
1316,B,1,0,8.0,7.8,5.2,6.1,61.8
1316,C,1,0,6.7,5.6,7.5,7.1,61.5
1316,D,0,0,8.2,6.2,6.2,7.6,47.0
1317,A,1,1,5.2,3.5,5.1,6.5,67.2
1317,B,1,1,7.1,9.2,5.6,9.1,85.0
1317,C,0,1,7.6,5.6,7.8,6.4,62.3
1317,D,1,0,8.0,7.3,8.5,7.1,68.2
1318,A,0,1,7.5,5.1,5.0,8.0,59.3
1318,B,1,0,8.2,6.8,5.3,7.6,63.2
1318,C,1,0,5.5,5.5,9.3,6.7,61.7
1318,D,0,0,4.4,10,7.3,8.0,49.5
1319,A,1,0,9.3,3.5,5.7,8.0,60.8
1319,B,1,0,7.5,5.9,6.5,7.0,61.5
1319,C,1,1,6.5,6.1,8.8,6.6,80.0
1319,D,1,0,6.1,4.8,8.2,6.1,58.7
1320,A,1,1,6.2,4.6,5.2,6.4,70.7
1320,B,0,1,8.1,8.3,6.6,7.4,67.3
1320,C,1,0,8.7,3.4,7.2,5.2,57.5
1320,D,1,1,9.1,7.9,8.3,6.2,85.8
1321,A,1,1,8.8,5.5,5.3,5.9,75.8
1321,B,1,1,6.0,5.6,6.4,9.0,78.3
1321,C,1,0,6.0,4.6,7.1,7.0,57.8
1321,D,1,0,7.8,7.6,7.2,6.2,64.7
1322,A,1,1,7.7,4.0,5.9,8.5,76.8
1322,B,0,0,7.6,7.1,5.6,8.1,47.3
1322,C,1,1,8.8,3.3,9.6,5.0,77.8
1322,D,1,0,5.5,6.0,6.3,7.4,58.7
1323,A,1,1,9.1,5.1,6.0,8.0,80.3
1323,B,1,1,7.4,6.9,7.0,7.3,81.0
1323,C,0,1,6.2,6.1,7.4,7.2,61.5
1323,D,1,0,6.4,8.6,7.2,9.4,69.3
1324,A,0,1,6.9,3.3,8.3,6.8,58.8
1324,B,1,0,5.8,7.3,4.7,9.0,61.3
1324,C,1,1,9.7,4.9,8.3,7.2,83.5
1324,D,0,0,7.2,9.3,7.1,8.6,53.7
1325,A,0,0,8.8,2.9,6.7,7.8,43.7
1325,B,1,0,8.1,7.9,6.6,7.0,66.0
1325,C,0,1,4.8,5.2,8.5,8.2,61.2
1325,D,0,1,7.3,7.4,7.8,9.0,69.2
1326,A,1,1,6.6,3.7,3.9,4.8,65.0
1326,B,1,0,4.6,9.2,4.3,6.2,57.2
1326,C,0,0,3.8,5.2,8.6,5.2,38.0
1326,D,1,0,5.4,7.2,8.4,7.4,64.0
1327,A,0,1,9.1,5.5,6.1,8.1,64.7
1327,B,1,0,7.6,6.5,6.1,6.9,61.8
1327,C,1,1,6.0,6.6,10,7.0,82.7
1327,D,0,1,7.8,7.4,8.8,8.3,70.5
1328,A,1,0,8.6,5.0,6.3,5.6,59.2
1328,B,1,1,7.5,5.7,8.7,5.3,78.7
1328,C,1,0,7.7,5.9,8.5,6.6,64.5
1328,D,0,0,8.5,5.4,6.2,7.6,46.2
1329,A,1,0,6.1,6.2,6.9,7.7,61.5
1329,B,1,0,6.3,7.4,6.9,4.8,59.0
1329,C,1,1,8.7,4.6,8.2,4.3,76.3
1329,D,0,1,8.6,5.2,7.6,8.4,66.3
1330,A,1,1,6.6,5.5,7.4,3.8,72.2
1330,B,1,0,6.2,6.6,7.4,6.3,60.8
1330,C,1,1,7.5,5.2,9.8,8.6,85.2
1330,D,1,1,8.0,7.1,7.3,7.4,83.0
1331,A,0,1,8.6,6.3,6.4,7.1,64.0
1331,B,0,1,6.2,7.0,6.3,7.9,62.3
1331,C,0,0,7.5,2.6,6.9,3.6,34.3
1331,D,1,0,6.9,7.1,8.2,6.9,65.2
1332,A,0,1,7.7,5.0,3.6,8.6,58.2
1332,B,1,0,5.0,10,4.1,6.3,59.0
1332,C,0,0,9.0,5.3,7.2,7.7,48.7
1332,D,0,0,9.0,6.6,9.4,8.3,55.5
1333,A,0,1,10,5.4,4.2,4.1,56.2
1333,B,1,0,7.3,7.3,7.7,7.0,65.5
1333,C,1,0,6.4,3.5,10,7.1,61.7
1333,D,1,0,7.6,7.6,7.9,8.0,68.5
1334,A,1,1,7.5,5.3,5.7,5.5,73.3
1334,B,1,1,5.9,7.5,5.8,7.1,77.2
1334,C,1,0,6.8,6.2,7.1,7.3,62.3
1334,D,0,1,8.2,7.3,6.7,8.6,68.0
1335,A,1,1,9.5,7.1,6.2,8.5,85.5
1335,B,0,0,9.6,6.7,5.8,8.5,51.0
1335,C,1,0,5.8,6.0,7.0,6.0,58.0
1335,D,1,0,6.3,4.1,8.5,8.0,61.5
1336,A,1,0,7.5,4.9,7.0,5.4,58.0
1336,B,0,1,5.7,7.1,6.7,6.1,59.3
1336,C,1,0,6.6,7.0,8.0,9.0,67.7
1336,D,1,0,6.3,6.1,7.6,6.0,60.0
1337,A,1,0,8.9,5.0,4.6,8.0,60.8
1337,B,0,1,5.8,4.6,6.1,7.4,56.5
1337,C,1,1,8.3,4.4,5.0,6.7,74.0
1337,D,1,0,7.4,8.9,8.2,8.8,72.2
1338,A,0,1,8.5,4.5,6.8,6.4,60.3
1338,B,0,1,7.2,9.0,6.8,7.2,67.0
1338,C,1,1,5.4,4.5,7.3,7.1,73.8
1338,D,1,1,6.8,7.3,6.6,8.6,82.2
1339,A,1,0,6.3,3.7,5.7,7.1,54.7
1339,B,1,1,8.2,5.9,4.4,6.8,75.5
1339,C,0,1,6.1,4.1,8.9,4.8,56.5
1339,D,1,1,7.2,9.8,7.6,7.3,86.5
1340,A,1,0,8.2,4.0,7.4,6.6,60.3
1340,B,0,0,8.3,8.8,5.6,7.3,50.0
1340,C,1,0,4.6,4.5,8.6,8.3,60.0
1340,D,1,0,9.5,7.1,8.8,9.0,74.0
1341,A,1,0,7.7,5.1,6.9,6.5,60.3
1341,B,1,0,6.6,5.9,7.2,5.8,59.2
1341,C,1,0,7.5,4.4,8.5,5.5,59.8
1341,D,0,1,7.9,7.3,9.4,6.2,68.0
1342,A,1,1,9.5,2.7,5.8,6.0,73.3
1342,B,1,0,7.8,9.5,5.7,9.7,71.2
1342,C,1,1,6.1,5.9,7.7,8.4,80.2
1342,D,0,1,10,5.6,8.2,7.2,68.3
1343,A,0,0,5.5,3.9,5.9,5.8,35.2
1343,B,1,1,7.9,10,8.3,8.7,91.5
1343,C,0,1,5.0,4.0,8.3,5.2,54.2
1343,D,1,1,6.5,8.9,8.0,6.3,82.8
1344,A,1,1,6.0,6.1,7.6,8.5,80.3
1344,B,1,1,9.2,8.5,6.0,7.2,84.8
1344,C,1,0,6.8,4.3,8.5,7.4,61.7
1344,D,0,1,9.6,8.8,6.9,5.9,68.7
1345,A,1,0,9.5,7.2,5.7,4.6,61.7
1345,B,1,1,7.9,8.4,6.4,8.0,84.5
1345,C,1,1,7.6,6.4,7.4,4.2,76.0
1345,D,1,0,5.7,7.1,8.6,9.0,67.3
1346,A,1,0,8.2,5.4,6.4,5.3,58.8
1346,B,1,0,5.9,7.0,7.5,6.1,60.8
1346,C,0,0,6.6,3.5,8.2,4.4,37.8
1346,D,1,0,6.9,5.9,8.0,8.7,65.8
1347,A,0,0,6.6,6.4,5.3,7.1,42.3
1347,B,0,0,9.2,7.5,6.8,8.0,52.5
1347,C,0,0,5.6,3.2,8.2,6.9,39.8
1347,D,0,0,7.1,6.0,8.0,7.9,48.3
1348,A,0,0,8.5,5.9,4.1,6.6,41.8
1348,B,0,1,8.3,7.2,7.4,6.0,64.8
1348,C,0,1,6.3,7.8,7.0,9.1,67.0
1348,D,1,0,7.7,9.2,7.8,9.2,73.2
1349,A,1,1,7.7,4.1,4.7,4.5,68.3
1349,B,1,0,7.3,8.3,6.3,7.6,65.8
1349,C,1,1,7.1,3.8,6.5,5.2,71.0
1349,D,1,1,9.1,7.6,7.5,6.7,84.8
1350,A,0,0,7.5,7.3,6.0,6.1,44.8
1350,B,1,0,7.9,9.1,6.6,7.2,68.0
1350,C,0,1,7.2,5.9,6.9,7.2,62.0
1350,D,1,1,7.2,6.6,10,7.3,85.2
1351,A,0,1,8.1,4.9,3.0,7.7,56.2
1351,B,1,1,6.2,8.7,6.2,8.2,82.2
1351,C,1,0,3.7,5.4,8.7,5.8,56.0
1351,D,0,1,8.0,7.1,10,5.8,68.2
1352,A,0,0,9.2,5.1,4.9,6.4,42.7
1352,B,1,0,7.1,7.6,6.2,7.8,64.5
1352,C,1,1,9.7,6.3,7.5,4.4,79.8
1352,D,0,1,9.9,7.1,5.8,6.2,65.0
1353,A,0,0,9.2,6.5,4.9,8.3,48.2
1353,B,1,1,7.9,8.4,7.4,7.5,85.3
1353,C,0,1,7.1,5.5,7.3,7.2,61.8
1353,D,0,0,9.6,8.2,7.5,8.5,56.3
1354,A,0,1,8.8,3.6,4.7,2.6,49.5
1354,B,0,1,5.4,8.0,6.1,7.7,62.0
1354,C,1,0,6.5,3.6,8.9,6.0,58.3
1354,D,1,1,6.0,6.7,7.7,6.4,78.0
1355,A,1,0,9.8,3.7,6.0,7.4,61.5
1355,B,1,0,5.8,8.3,4.7,8.6,62.3
1355,C,0,0,6.4,5.2,8.5,3.4,39.2
1355,D,1,0,8.5,7.6,7.8,8.1,70.0
1356,A,0,0,10,6.5,5.3,3.5,42.2
1356,B,1,1,8.6,6.3,5.7,7.3,79.8
1356,C,1,1,5.8,7.5,7.5,8.4,82.0
1356,D,1,1,7.3,6.2,8.6,6.9,81.7
1357,A,0,0,6.7,4.9,4.8,7.3,39.5
1357,B,1,1,8.2,9.1,7.8,6.6,86.2
1357,C,1,0,4.1,4.2,8.7,7.0,56.7
1357,D,1,1,7.8,6.9,9.4,7.3,85.7
1358,A,0,0,10,4.8,6.8,4.4,43.3
1358,B,1,0,6.5,10,5.9,6.6,65.0
1358,C,1,1,7.4,3.8,8.6,8.4,80.3
1358,D,0,0,8.6,4.9,8.8,9.1,52.3
1359,A,1,0,6.8,4.1,5.3,5.2,52.3
1359,B,1,1,6.4,6.8,5.5,9.3,80.0
1359,C,1,1,4.2,5.7,7.9,8.0,76.3
1359,D,1,1,7.3,7.0,8.9,9.5,87.8
1360,A,0,1,9.6,5.6,5.3,5.4,59.8
1360,B,1,0,7.2,8.3,3.6,7.4,60.8
1360,C,1,0,9.1,6.3,9.2,7.8,70.7
1360,D,0,0,7.6,6.7,8.8,8.2,52.2
1361,A,0,0,7.9,6.3,6.4,7.2,46.3
1361,B,0,1,6.3,8.3,5.0,6.3,59.8
1361,C,0,0,5.2,6.2,8.4,6.5,43.8
1361,D,1,0,8.4,6.4,6.2,9.2,67.0
1362,A,0,1,6.2,5.2,7.3,5.5,57.0
1362,B,1,1,6.2,9.2,5.8,8.1,82.2
1362,C,1,1,5.4,4.8,8.5,6.3,75.0
1362,D,1,0,6.5,7.5,9.3,7.6,68.2
1363,A,1,0,6.1,5.3,5.6,4.8,53.0
1363,B,1,1,8.8,7.3,7.4,7.8,85.5
1363,C,0,1,6.5,5.5,7.9,5.6,59.2
1363,D,0,1,8.5,6.8,6.6,7.1,65.0
1364,A,1,1,9.3,5.6,3.4,6.2,74.2
1364,B,0,1,5.3,8.5,5.8,5.0,57.7
1364,C,1,1,7.1,6.2,8.9,6.1,80.5
1364,D,0,0,8.5,7.4,8.3,6.6,51.3
1365,A,1,0,6.2,7.1,4.3,5.5,55.2
1365,B,1,0,7.6,8.7,6.7,6.9,66.5
1365,C,0,1,6.2,3.6,9.0,6.5,58.8
1365,D,1,0,7.7,4.9,4.0,7.9,57.5
1366,A,0,0,6.9,4.8,10,4.1,43.0
1366,B,0,1,5.7,5.9,5.9,6.6,56.8
1366,C,1,0,7.8,4.9,7.7,6.8,62.0
1366,D,0,1,8.0,5.7,6.2,8.6,64.2
1367,A,1,0,9.9,6.2,4.4,7.5,63.3
1367,B,1,1,4.7,6.8,7.4,9.5,80.7
1367,C,1,0,7.6,2.8,9.5,7.4,62.2
1367,D,1,0,6.0,5.4,5.9,8.5,59.7
1368,A,1,0,6.4,5.8,3.8,8.6,57.7
1368,B,1,1,7.3,7.3,7.2,8.9,84.5
1368,C,1,0,5.0,6.8,5.8,7.2,58.0
1368,D,1,1,7.9,8.7,5.3,9.8,86.2
1369,A,0,0,6.3,5.7,6.0,7.3,42.2
1369,B,1,0,8.4,7.5,6.0,8.5,67.3
1369,C,1,1,6.3,4.7,7.9,6.8,76.2
1369,D,1,1,8.0,5.8,7.0,6.2,78.3
1370,A,1,1,6.4,6.6,4.0,8.0,75.0
1370,B,1,0,7.1,9.5,5.9,7.1,66.0
1370,C,1,1,5.6,5.0,9.5,4.4,74.2
1370,D,1,0,9.7,6.6,9.2,6.3,69.7
1371,A,1,0,8.7,6.4,5.4,5.1,59.3
1371,B,1,1,8.1,9.2,6.7,6.1,83.5
1371,C,1,0,5.6,3.9,7.6,6.3,55.7
1371,D,0,0,8.6,7.3,9.8,8.2,56.5
1372,A,0,0,9.7,5.4,4.2,5.7,41.7
1372,B,0,0,6.6,6.6,4.2,5.0,37.3
1372,C,0,1,6.5,4.8,8.3,6.5,60.2
1372,D,0,1,9.1,6.4,5.5,7.8,64.7
1373,A,0,0,8.8,5.6,3.1,5.6,38.5
1373,B,1,1,6.8,7.2,6.3,7.2,79.2
1373,C,0,0,5.6,5.5,8.6,5.2,41.5
1373,D,0,1,4.7,8.1,8.0,6.1,61.5
1374,A,1,1,9.1,3.7,5.7,3.0,69.2
1374,B,1,1,5.8,9.2,5.7,6.5,78.7
1374,C,0,0,7.6,6.5,8.0,8.9,51.7
1374,D,1,1,8.8,7.6,5.9,4.9,78.7
1375,A,0,0,7.2,5.3,5.5,6.2,40.3
1375,B,1,0,4.5,8.1,5.0,8.9,60.8
1375,C,0,1,6.9,2.2,7.6,5.1,53.0
1375,D,1,0,6.7,7.7,8.9,8.3,69.3
1376,A,1,1,7.4,5.7,6.4,4.1,72.7
1376,B,0,0,7.7,7.8,6.8,8.8,51.8
1376,C,0,1,6.7,2.2,9.0,6.6,57.5
1376,D,1,0,7.9,4.9,5.2,7.0,58.3
1377,A,1,1,8.3,3.8,4.6,4.1,68.0
1377,B,1,0,7.8,10,7.5,7.9,72.0
1377,C,1,1,7.1,6.2,6.9,4.4,74.3
1377,D,1,0,4.3,8.5,7.6,7.2,62.7
1378,A,1,0,7.4,3.6,6.7,4.5,53.7
1378,B,1,1,6.5,7.8,4.4,6.2,74.8
1378,C,0,0,6.7,6.5,6.9,5.8,43.2
1378,D,1,0,6.7,7.6,8.4,6.8,65.8
1379,A,1,1,8.6,3.3,7.6,5.7,75.3
1379,B,1,0,6.4,10,5.6,10,70.0
1379,C,1,0,6.8,5.2,9.9,6.4,63.8
1379,D,1,1,8.5,7.6,7.4,9.0,87.5
1380,A,1,1,8.3,4.0,4.0,6.7,71.7
1380,B,0,1,8.1,9.3,6.7,7.8,69.8
1380,C,1,0,6.5,4.9,10,7.3,64.5
1380,D,0,0,8.6,7.1,5.9,10,52.7
1381,A,1,1,9.4,4.0,3.5,7.0,73.2
1381,B,1,0,5.9,7.7,7.2,8.1,64.8
1381,C,1,0,5.4,3.3,6.8,4.6,50.2
1381,D,1,0,9.1,7.0,9.7,6.2,70.0
1382,A,1,0,9.0,6.9,5.3,5.9,61.8
1382,B,1,1,5.7,8.9,7.4,6.4,80.7
1382,C,1,1,7.1,4.8,9.7,7.5,81.8
1382,D,0,0,7.5,7.0,6.8,8.9,50.3
1383,A,1,0,7.4,3.8,6.3,7.3,58.0
1383,B,1,1,8.6,7.9,7.9,8.7,88.5
1383,C,0,1,6.2,4.2,6.8,7.3,57.5
1383,D,1,1,8.8,5.9,7.8,7.1,82.7
1384,A,1,0,9.6,5.2,6.4,6.3,62.5
1384,B,1,1,10,7.1,5.9,7.6,84.3
1384,C,1,0,6.5,3.3,7.9,7.5,58.7
1384,D,1,1,7.9,7.9,5.8,10,86.0
1385,A,1,0,8.2,6.6,7.6,3.8,60.3
1385,B,0,0,8.7,9.7,8.3,7.8,57.5
1385,C,1,0,5.2,4.0,7.4,6.1,54.5
1385,D,1,1,8.2,7.7,8.5,9.6,90.0
1386,A,1,1,7.8,4.4,6.3,7.3,76.3
1386,B,0,0,3.8,6.4,5.9,8.6,41.2
1386,C,0,1,5.7,5.8,7.4,4.6,55.8
1386,D,1,0,8.4,5.4,8.5,7.9,67.0
1387,A,1,0,9.0,5.3,6.1,6.5,61.5
1387,B,1,1,7.0,6.3,2.8,7.7,73.0
1387,C,0,1,5.1,5.4,8.8,7.0,60.5
1387,D,1,0,7.5,8.4,9.1,5.2,67.0
1388,A,1,1,9.0,3.1,3.6,5.9,69.3
1388,B,0,0,7.0,8.0,5.1,5.9,43.3
1388,C,1,0,5.5,5.2,8.2,5.4,57.2
1388,D,0,1,7.4,5.4,8.7,5.6,61.8
1389,A,1,0,10,4.6,3.7,9.1,62.3
1389,B,0,1,9.0,5.8,4.0,7.3,60.2
1389,C,0,0,4.3,6.0,10,7.5,46.3
1389,D,1,1,6.1,7.4,5.7,7.4,77.7
1390,A,1,0,7.5,4.3,7.0,6.0,58.0
1390,B,1,0,9.7,7.9,7.9,8.1,72.7
1390,C,1,0,6.7,5.9,7.9,7.3,63.0
1390,D,1,0,8.4,7.1,5.6,5.6,61.2
1391,A,0,0,7.0,6.3,3.3,5.0,36.0
1391,B,0,0,7.3,6.1,5.0,7.3,42.8
1391,C,1,0,8.5,6.8,9.2,6.8,68.8
1391,D,0,0,6.7,5.1,5.8,7.0,41.0
1392,A,0,0,8.0,2.4,4.1,4.9,32.3
1392,B,0,0,7.8,9.5,4.9,7.3,49.2
1392,C,1,0,6.1,3.5,8.4,5.1,55.2
1392,D,1,0,10,5.5,8.3,4.7,64.2
1393,A,1,0,7.4,6.7,5.0,7.4,60.8
1393,B,1,0,7.9,10,5.6,6.4,66.5
1393,C,1,1,4.9,7.0,7.5,5.6,75.0
1393,D,1,1,6.1,9.8,6.2,7.2,82.2
1394,A,1,0,10,6.1,4.1,5.2,59.0
1394,B,1,0,6.8,8.1,5.2,7.8,63.2
1394,C,1,1,6.4,5.8,8.6,6.0,78.0
1394,D,1,1,7.0,7.5,8.3,9.1,86.5
1395,A,1,0,7.7,5.0,7.8,6.9,62.3
1395,B,1,0,7.2,6.7,6.6,8.4,64.8
1395,C,1,1,5.9,4.1,7.5,7.1,74.3
1395,D,0,0,4.9,6.0,5.8,7.0,39.5
1396,A,1,1,7.7,3.8,6.0,5.2,71.2
1396,B,0,1,5.8,7.1,6.4,8.6,63.2
1396,C,0,0,5.5,4.5,6.4,5.8,37.0
1396,D,1,0,8.8,7.9,6.8,8.1,69.3
1397,A,1,0,6.5,4.5,3.0,7.1,51.8
1397,B,0,1,8.4,8.4,5.5,7.8,66.8
1397,C,0,1,5.3,4.9,9.5,7.3,61.7
1397,D,1,0,8.4,6.9,7.5,5.5,63.8
1398,A,1,1,8.6,4.9,7.5,4.5,75.8
1398,B,1,0,4.4,8.7,7.0,7.2,62.2
1398,C,1,1,4.8,4.7,9.6,6.2,75.5
1398,D,1,0,5.9,7.1,7.2,6.2,60.7
1399,A,1,0,7.7,2.7,4.9,7.1,54.0
1399,B,1,1,5.7,8.0,7.4,6.3,79.0
1399,C,1,1,7.5,4.0,9.2,7.5,80.3
1399,D,1,0,8.5,7.1,8.1,6.5,67.0
1400,A,1,1,7.0,5.5,6.1,6.1,74.5
1400,B,1,1,8.6,8.3,7.0,6.3,83.7
1400,C,0,0,7.5,5.5,8.4,6.0,45.7
1400,D,0,1,7.2,6.5,6.8,8.4,64.8
1401,A,1,0,5.6,6.6,4.2,5.1,52.5
1401,B,1,0,7.1,8.1,6.1,6.2,62.5
1401,C,1,0,4.7,3.9,7.0,6.3,53.2
1401,D,1,1,7.2,6.6,8.2,9.2,85.3
1402,A,1,1,6.9,4.3,7.2,7.2,76.0
1402,B,1,0,8.7,9.7,7.8,7.1,72.2
1402,C,1,1,7.3,7.4,7.7,6.7,81.8
1402,D,1,1,6.7,6.7,8.7,6.0,80.2
1403,A,0,0,7.8,5.3,4.7,6.4,40.3
1403,B,1,0,5.5,9.0,4.3,7.3,60.2
1403,C,0,0,4.6,5.6,9.1,7.1,44.0
1403,D,1,1,7.2,8.0,6.9,7.5,82.7
1404,A,0,0,7.6,7.0,5.6,5.7,43.2
1404,B,0,1,6.4,8.0,7.1,7.1,64.3
1404,C,1,1,6.7,4.7,9.0,5.5,76.5
1404,D,0,0,7.1,7.2,7.8,8.3,50.7
1405,A,1,0,6.8,3.9,6.7,7.2,57.7
1405,B,0,1,7.7,6.9,6.0,8.5,65.2
1405,C,0,0,6.9,5.5,10,5.5,46.5
1405,D,0,0,8.3,8.1,7.3,7.1,51.3
1406,A,0,1,8.9,4.0,3.9,4.3,51.8
1406,B,1,1,8.0,7.7,5.5,7.0,80.3
1406,C,1,1,9.0,7.2,5.8,7.3,82.2
1406,D,1,0,6.5,9.5,8.5,8.5,71.7
1407,A,0,0,10,4.1,5.0,6.2,42.2
1407,B,0,0,7.0,7.1,8.3,5.6,46.7
1407,C,1,0,8.0,5.2,8.5,4.3,60.0
1407,D,1,0,6.3,8.0,5.4,5.2,58.2
1408,A,0,1,7.6,2.2,5.4,6.3,52.5
1408,B,0,1,8.1,9.3,6.5,8.3,70.3
1408,C,1,1,7.1,6.4,8.8,7.0,82.2
1408,D,0,0,7.0,4.4,5.5,6.5,39.0
1409,A,1,0,7.3,4.6,6.5,8.0,60.7
1409,B,1,1,4.7,7.9,7.2,5.7,75.8
1409,C,1,1,7.1,2.9,8.8,5.0,73.0
1409,D,1,0,8.0,7.0,6.8,4.1,59.8
1410,A,1,1,9.7,2.6,5.0,4.6,69.8
1410,B,1,0,6.9,6.7,8.1,6.5,63.7
1410,C,1,0,6.9,4.0,6.4,7.1,57.3
1410,D,1,0,8.7,7.7,5.2,6.1,62.8
1411,A,1,0,8.3,5.4,6.4,9.1,65.3
1411,B,1,1,5.2,8.2,7.4,9.6,84.0
1411,C,1,1,5.0,4.5,7.8,5.6,71.5
1411,D,1,0,7.0,7.0,9.5,7.7,68.7
1412,A,1,0,8.0,2.3,6.8,5.9,55.0
1412,B,1,0,7.3,7.3,8.3,7.3,67.0
1412,C,0,0,4.0,6.2,6.7,9.0,43.2
1412,D,1,0,6.1,9.5,6.3,7.4,65.5
1413,A,0,0,9.4,2.7,7.8,5.6,42.5
1413,B,1,0,8.1,9.2,5.7,6.8,66.3
1413,C,1,1,7.3,4.9,8.3,5.4,76.5
1413,D,1,1,7.9,7.2,5.2,6.8,78.5
1414,A,1,0,6.2,5.5,5.9,4.7,53.8
1414,B,1,1,7.3,9.5,6.9,7.5,85.3
1414,C,0,0,7.7,5.0,9.7,6.5,48.2
1414,D,1,1,9.0,6.1,8.2,8.5,86.3
1415,A,0,1,8.1,3.0,9.1,7.6,63.0
1415,B,0,0,7.3,8.8,6.0,7.8,49.8
1415,C,0,0,5.9,5.3,8.1,5.4,41.2
1415,D,0,0,10,6.9,6.1,5.9,48.2
1416,A,0,1,9.2,5.6,3.7,6.3,58.0
1416,B,0,0,5.6,8.6,7.5,7.0,47.8
1416,C,1,1,5.5,2.2,8.9,7.3,73.2
1416,D,1,1,8.7,5.8,6.8,6.3,79.3
1417,A,0,1,8.4,6.2,7.9,6.7,65.3
1417,B,1,0,6.0,8.7,5.8,5.7,60.3
1417,C,0,1,6.3,2.5,8.9,4.4,53.5
1417,D,1,1,5.6,5.2,6.6,6.4,73.0
1418,A,0,1,8.6,4.2,6.6,7.4,61.3
1418,B,1,1,4.9,5.9,5.5,7.6,73.2
1418,C,1,0,6.2,5.0,8.9,7.6,62.8
1418,D,0,1,7.5,6.5,8.2,7.7,66.5
1419,A,1,1,7.1,6.2,5.7,4.8,73.0
1419,B,1,0,6.5,10,6.7,5.9,65.2
1419,C,1,1,8.0,6.5,6.3,7.6,80.7
1419,D,0,1,10,7.9,7.7,7.5,71.8
1420,A,1,0,8.8,4.8,6.4,5.0,58.3
1420,B,1,0,4.7,9.4,3.8,8.5,60.7
1420,C,1,0,4.0,6.5,7.3,5.6,55.7
1420,D,0,1,6.2,6.9,5.7,7.2,60.0
1421,A,0,0,8.4,5.7,5.8,5.9,43.0
1421,B,1,1,4.0,6.1,7.2,5.9,72.0
1421,C,0,0,5.8,6.8,7.8,8.0,47.3
1421,D,1,1,7.0,7.8,7.2,6.2,80.3
1422,A,1,0,9.6,4.2,3.9,5.8,55.8
1422,B,1,1,8.0,7.7,5.1,5.2,76.7
1422,C,1,0,7.9,6.3,7.7,5.5,62.3
1422,D,0,1,5.8,5.3,8.5,6.3,59.8
1423,A,1,1,9.3,4.0,6.1,7.3,77.8
1423,B,1,1,6.9,8.9,8.3,8.3,87.3
1423,C,0,0,5.5,5.3,7.8,5.9,40.8
1423,D,1,0,8.3,5.1,8.7,9.4,69.2
1424,A,0,0,5.6,5.9,5.2,7.5,40.3
1424,B,1,0,6.6,5.9,3.4,6.9,54.7
1424,C,0,1,6.2,5.3,9.6,7.3,64.0
1424,D,0,1,8.4,6.8,6.8,6.7,64.5
1425,A,1,0,8.7,5.3,6.6,7.3,63.2
1425,B,1,0,7.6,8.4,7.5,9.9,72.3
1425,C,1,0,6.3,5.8,6.9,8.6,62.7
1425,D,1,1,8.4,9.0,7.0,8.9,88.8
1426,A,1,1,8.0,4.6,6.4,6.3,75.5
1426,B,1,1,8.6,6.4,7.7,5.8,80.8
1426,C,1,0,5.6,6.6,7.5,5.6,58.8
1426,D,1,0,8.1,7.4,6.4,8.0,66.5
1427,A,0,1,5.0,3.0,5.4,5.9,48.8
1427,B,1,0,7.7,10.0,5.1,6.8,66.0
1427,C,1,1,7.4,4.0,9.4,5.8,77.7
1427,D,1,0,7.4,7.8,8.9,9.1,72.0
1428,A,1,1,7.9,5.7,7.0,3.4,73.3
1428,B,1,0,5.7,7.2,5.4,8.0,60.5
1428,C,1,1,5.2,6.3,7.7,4.4,72.7
1428,D,0,0,8.2,6.5,7.1,7.7,49.2
1429,A,0,0,7.6,5.5,6.2,5.9,42.0
1429,B,0,0,5.6,8.0,6.0,7.7,45.5
1429,C,1,0,6.1,4.6,7.3,8.1,60.2
1429,D,0,0,6.3,7.1,5.7,7.1,43.7
1430,A,1,0,6.9,5.1,5.7,8.9,61.0
1430,B,1,0,5.9,8.2,6.4,4.8,58.8
1430,C,0,0,4.9,4.2,5.6,7.2,36.5
1430,D,1,0,7.1,6.9,8.7,6.5,65.3
1431,A,0,0,8.7,2.6,5.2,3.9,34.0
1431,B,1,1,8.8,9.4,5.3,7.9,85.7
1431,C,1,0,5.8,4.3,7.1,7.6,58.0
1431,D,0,0,8.7,6.7,8.1,6.6,50.2
1432,A,1,1,9.0,4.0,4.0,8.4,75.7
1432,B,0,0,8.0,7.6,7.6,8.4,52.7
1432,C,1,1,9.0,5.4,7.8,7.0,82.0
1432,D,0,1,8.1,8.2,5.1,7.5,64.8
1433,A,1,0,8.8,2.7,5.0,6.6,55.2
1433,B,0,1,9.1,7.6,5.5,7.9,66.8
1433,C,1,0,4.8,5.1,8.8,9.0,62.8
1433,D,1,1,6.9,8.8,8.5,5.2,82.3
1434,A,1,1,8.5,3.0,6.2,4.2,69.8
1434,B,1,0,7.0,7.7,5.1,7.8,62.7
1434,C,1,1,5.7,5.3,10,6.9,79.8
1434,D,1,1,6.8,7.2,8.0,7.7,82.8
1435,A,1,1,10,5.0,4.8,6.4,77.0
1435,B,1,0,8.2,4.9,7.8,7.9,64.7
1435,C,1,1,5.4,5.4,8.2,8.8,79.7
1435,D,1,1,6.5,4.9,7.5,7.6,77.5
1436,A,1,1,8.3,3.7,5.1,5.0,70.2
1436,B,1,0,4.3,6.7,7.9,8.1,61.7
1436,C,1,0,6.2,5.0,8.9,7.0,61.8
1436,D,0,1,9.0,7.7,8.8,9.9,75.7
1437,A,0,0,7.3,5.7,8.5,6.6,46.8
1437,B,1,0,7.9,7.9,4.5,7.3,62.7
1437,C,1,0,7.0,7.9,5.6,5.0,59.2
1437,D,0,1,7.3,7.8,7.6,9.2,69.8
1438,A,1,0,7.7,5.5,6.4,6.8,60.7
1438,B,1,0,4.8,7.4,5.5,7.4,58.5
1438,C,0,0,5.3,6.5,9.2,4.9,43.2
1438,D,1,1,9.3,6.5,6.8,6.5,81.8
1439,A,1,0,9.5,5.8,6.5,7.1,64.8
1439,B,1,1,6.8,7.2,7.7,7.0,81.2
1439,C,0,0,5.8,7.0,6.0,4.7,39.2
1439,D,1,1,6.8,9.5,7.6,10,89.8
1440,A,0,0,7.8,6.3,4.7,8.0,44.7
1440,B,0,0,6.8,8.3,7.3,7.5,49.8
1440,C,1,1,5.8,3.4,8.8,7.4,75.7
1440,D,1,1,8.6,5.9,7.1,6.4,80.0
1441,A,1,1,9.4,7.2,4.9,5.6,78.5
1441,B,1,1,8.6,9.1,2.4,8.5,81.0
1441,C,1,0,6.9,2.3,8.8,5.4,55.7
1441,D,0,1,8.2,7.7,8.9,7.9,71.2
1442,A,1,0,9.3,4.4,4.3,6.9,58.2
1442,B,1,1,5.1,5.6,6.0,6.0,71.2
1442,C,1,1,8.2,5.2,8.0,6.1,79.2
1442,D,1,1,7.3,9.7,8.8,6.8,87.7
1443,A,0,1,9.1,6.3,5.0,3.9,57.2
1443,B,0,0,7.1,7.9,5.6,6.7,45.5
1443,C,1,1,5.0,4.4,9.4,5.1,73.2
1443,D,1,1,6.8,8.7,7.0,8.6,85.2
1444,A,1,0,9.7,5.2,5.5,6.8,62.0
1444,B,1,1,5.3,7.9,8.6,7.1,81.5
1444,C,1,1,7.0,3.4,8.2,6.9,75.8
1444,D,0,0,9.1,8.5,7.4,7.1,53.5
1445,A,0,0,8.3,4.8,6.0,6.0,41.8
1445,B,1,0,5.7,6.5,4.4,7.2,56.3
1445,C,0,1,6.2,4.5,9.1,6.3,60.2
1445,D,1,0,6.9,8.2,6.0,8.9,66.7
1446,A,0,1,9.4,5.9,6.8,4.6,61.2
1446,B,1,1,7.6,7.3,5.7,8.5,81.8
1446,C,0,1,8.1,6.0,7.7,5.6,62.3
1446,D,1,0,6.1,8.6,7.0,7.0,64.5
1447,A,1,0,6.8,5.0,5.0,5.0,53.0
1447,B,0,1,7.2,9.2,5.8,7.4,66.0
1447,C,1,1,7.0,5.5,6.9,9.3,81.2
1447,D,1,0,7.8,10,5.9,7.5,68.7
1448,A,1,0,8.7,2.5,4.9,7.7,56.3
1448,B,0,1,7.1,8.2,5.1,6.2,61.0
1448,C,0,0,8.0,6.2,7.2,6.4,46.3
1448,D,1,1,8.0,7.7,8.2,10.0,89.8
1449,A,1,0,9.3,3.7,6.2,5.0,57.0
1449,B,0,0,8.0,7.1,8.1,9.1,53.8
1449,C,1,1,7.1,5.3,8.3,6.2,78.2
1449,D,0,1,8.8,6.5,8.9,8.2,70.7
1450,A,0,0,8.6,3.5,7.5,6.8,44.0
1450,B,1,1,7.4,7.7,7.4,8.3,84.7
1450,C,0,1,7.7,1.6,7.3,7.0,56.0
1450,D,1,0,7.0,7.9,8.6,6.7,67.0
1451,A,0,0,8.0,3.5,6.7,4.0,37.0
1451,B,0,0,5.9,6.3,7.2,6.3,42.8
1451,C,0,1,6.8,5.0,8.9,4.8,59.2
1451,D,1,1,6.2,8.2,5.2,6.0,76.0
1452,A,0,0,8.7,4.9,6.6,7.7,46.5
1452,B,1,0,6.5,8.0,4.8,6.0,58.8
1452,C,1,0,6.5,5.8,7.6,4.0,56.5
1452,D,1,0,10,7.3,7.6,10,74.8
1453,A,1,1,8.2,5.9,6.2,6.7,78.3
1453,B,1,0,7.4,9.2,7.1,6.0,66.2
1453,C,1,0,6.5,5.8,6.7,6.5,59.2
1453,D,0,0,8.3,4.9,7.9,9.3,50.7
1454,A,0,0,7.5,3.8,6.7,6.5,40.8
1454,B,1,0,6.5,6.4,6.4,4.3,56.0
1454,C,1,1,6.9,4.2,8.9,7.9,79.8
1454,D,1,0,8.5,8.7,6.4,7.4,68.3
1455,A,0,0,9.4,7.7,5.0,5.3,45.7
1455,B,0,0,6.4,6.4,6.7,7.2,44.5
1455,C,0,0,6.8,5.6,7.2,6.1,42.8
1455,D,1,1,8.9,8.0,7.4,7.2,85.8
1456,A,0,0,7.1,7.5,6.2,3.5,40.5
1456,B,0,0,7.9,5.4,5.9,8.5,46.2
1456,C,1,0,5.8,4.6,7.5,4.4,53.8
1456,D,1,0,8.1,7.6,8.8,7.0,69.2
1457,A,0,0,7.6,6.6,5.0,5.2,40.7
1457,B,1,0,4.1,6.8,6.4,3.1,50.7
1457,C,0,0,6.5,5.4,5.0,7.4,40.5
1457,D,1,0,4.7,8.7,7.5,8.1,65.0
1458,A,0,1,9.5,5.1,6.1,6.6,62.2
1458,B,1,1,6.3,5.3,4.9,8.8,75.5
1458,C,1,1,7.3,4.1,6.5,8.2,76.8
1458,D,1,1,7.7,9.3,8.0,7.0,86.7
1459,A,0,0,6.3,5.1,5.9,6.0,38.8
1459,B,1,1,7.0,9.7,7.6,7.1,85.7
1459,C,0,1,5.3,4.3,7.6,6.6,56.3
1459,D,1,1,4.1,8.5,7.2,7.7,79.2
1460,A,1,0,7.5,3.0,4.7,7.1,53.8
1460,B,0,1,8.0,9.4,5.8,6.9,66.8
1460,C,0,0,5.2,6.1,7.0,4.0,37.2
1460,D,1,1,7.2,6.0,8.9,6.6,81.2
1461,A,0,0,9.6,3.7,3.8,6.4,39.2
1461,B,1,0,7.7,8.4,7.4,7.4,68.2
1461,C,0,0,6.4,4.4,8.1,5.5,40.7
1461,D,0,1,6.4,8.1,8.9,8.3,69.5
1462,A,1,1,8.3,5.4,6.0,5.5,75.3
1462,B,1,1,6.9,7.7,4.8,6.0,75.7
1462,C,0,0,4.2,5.4,7.8,6.8,40.3
1462,D,1,1,5.7,8.4,9.1,8.0,85.3
1463,A,1,1,8.5,7.6,3.6,7.8,79.2
1463,B,0,1,9.4,8.9,5.5,6.0,66.3
1463,C,1,0,8.0,5.2,8.8,3.6,59.3
1463,D,1,0,3.6,6.6,5.1,8.4,56.2
1464,A,1,1,7.4,4.6,4.3,8.1,74.0
1464,B,1,1,7.2,6.9,7.3,7.0,80.7
1464,C,0,0,8.4,7.1,8.9,6.1,50.8
1464,D,0,1,8.6,6.4,9.4,7.5,69.8
1465,A,0,0,8.7,4.7,4.8,8.5,44.5
1465,B,0,1,7.7,8.4,6.3,8.1,67.5
1465,C,0,0,5.9,3.9,5.4,6.7,36.5
1465,D,1,0,7.4,9.2,5.5,7.2,65.5
1466,A,1,1,5.0,5.6,6.7,5.8,71.8
1466,B,0,0,6.1,9.0,6.6,7.1,48.0
1466,C,1,1,5.7,6.1,8.5,6.0,77.2
1466,D,0,0,4.8,4.8,7.6,8.7,43.2
1467,A,0,0,8.7,4.4,4.4,7.1,41.0
1467,B,1,0,7.9,7.9,6.0,7.8,66.0
1467,C,0,0,8.5,4.7,8.8,8.1,50.2
1467,D,1,0,7.9,7.7,7.0,4.8,62.3
1468,A,0,0,7.8,4.8,5.8,6.6,41.7
1468,B,1,1,8.6,7.3,5.9,9.1,84.8
1468,C,1,0,6.1,3.6,6.9,5.9,54.2
1468,D,0,0,9.2,7.7,8.8,7.8,55.8
1469,A,1,1,7.7,3.5,5.1,6.2,70.8
1469,B,1,0,5.8,8.9,5.1,6.2,60.0
1469,C,1,1,6.1,4.8,6.1,7.5,74.2
1469,D,1,0,7.0,7.8,7.9,10,71.2
1470,A,0,0,10,2.7,7.1,4.8,41.0
1470,B,1,1,6.2,6.6,5.1,6.9,74.7
1470,C,1,0,5.3,4.5,9.8,5.9,59.2
1470,D,0,0,7.5,7.2,8.3,5.7,47.8
1471,A,1,0,9.1,2.7,6.2,6.4,57.3
1471,B,1,1,5.9,8.0,6.6,8.0,80.8
1471,C,1,0,4.9,3.0,9.3,7.6,58.0
1471,D,0,1,7.8,7.7,7.6,7.2,67.2
1472,A,1,0,8.7,4.8,5.2,7.2,59.8
1472,B,1,1,7.4,7.3,8.4,7.0,83.5
1472,C,1,1,5.4,6.3,8.4,7.9,80.0
1472,D,0,0,7.8,7.0,8.5,5.6,48.2
1473,A,1,0,6.1,5.2,5.4,7.3,56.7
1473,B,1,1,5.1,7.5,5.5,9.0,78.5
1473,C,1,1,6.7,6.1,5.9,6.8,75.8
1473,D,0,1,7.1,7.9,5.8,7.2,63.3
1474,A,1,0,9.6,6.0,3.0,5.6,57.0
1474,B,1,0,5.6,7.7,4.1,8.2,59.3
1474,C,0,0,6.5,4.4,7.5,6.1,40.8
1474,D,1,0,7.1,8.2,6.2,7.8,65.5
1475,A,0,1,8.5,3.6,4.5,4.0,51.0
1475,B,1,1,8.8,6.9,3.9,7.7,78.8
1475,C,0,0,4.7,7.7,6.4,4.3,38.5
1475,D,1,0,7.6,7.1,5.9,8.9,65.8
1476,A,0,1,10,5.2,4.8,5.3,58.8
1476,B,0,1,6.1,5.5,7.4,6.7,59.5
1476,C,1,1,7.2,4.6,8.5,6.1,77.3
1476,D,1,1,9.4,7.1,7.6,8.9,88.3
1477,A,1,1,7.4,5.4,6.6,7.3,77.8
1477,B,0,1,6.6,7.7,3.9,7.2,59.0
1477,C,1,1,6.5,5.7,8.8,6.1,78.5
1477,D,0,1,8.3,5.3,8.0,6.7,63.8
1478,A,1,0,8.4,3.7,5.1,7.8,58.3
1478,B,1,0,8.8,8.4,6.2,7.5,68.2
1478,C,1,0,6.4,3.9,7.3,5.2,54.7
1478,D,0,0,7.3,7.0,6.9,7.9,48.5
1479,A,1,0,9.0,3.4,5.6,5.6,56.0
1479,B,1,1,8.6,7.2,4.9,6.9,79.3
1479,C,0,0,4.6,5.4,7.6,4.6,37.0
1479,D,0,0,6.5,7.0,8.5,6.7,47.8
1480,A,1,0,8.8,4.6,8.0,7.0,64.0
1480,B,1,0,6.3,6.5,8.1,7.1,63.3
1480,C,1,1,6.7,4.3,7.4,5.6,73.3
1480,D,1,0,8.3,5.7,7.5,6.7,63.7
1481,A,0,0,9.0,7.3,3.8,6.4,44.2
1481,B,1,0,7.1,8.4,5.4,5.1,60.0
1481,C,0,1,6.1,2.6,6.7,7.9,55.5
1481,D,1,1,9.9,7.5,7.8,3.0,80.3
1482,A,0,0,8.6,6.7,7.4,7.3,50.0
1482,B,0,0,6.3,7.4,6.1,9.4,48.7
1482,C,0,1,6.8,2.5,8.3,5.3,54.8
1482,D,0,1,6.2,6.7,6.2,8.5,62.7
1483,A,1,0,8.1,3.5,5.3,8.2,58.5
1483,B,1,0,7.0,6.5,6.9,7.6,63.3
1483,C,1,0,5.2,5.2,9.7,6.4,60.8
1483,D,0,0,8.5,4.9,9.2,8.0,51.0
1484,A,0,0,9.1,8.0,6.7,6.4,50.3
1484,B,1,1,7.5,6.2,6.0,7.1,78.0
1484,C,1,1,6.2,7.1,7.4,5.1,76.3
1484,D,1,0,8.8,5.5,7.5,6.2,63.3
1485,A,1,1,6.2,4.1,3.4,5.3,65.0
1485,B,1,0,4.8,8.6,4.6,5.2,55.3
1485,C,0,1,5.1,5.2,9.5,6.7,60.8
1485,D,1,1,7.8,9.2,8.6,6.3,86.5
1486,A,1,0,7.5,4.9,1.2,8.5,53.5
1486,B,1,1,5.5,5.8,6.8,5.5,72.7
1486,C,0,0,6.3,3.8,8.8,6.2,41.8
1486,D,1,0,8.2,9.1,9.0,8.9,75.3
1487,A,1,1,9.3,3.5,5.2,7.0,75.0
1487,B,1,1,7.4,7.8,6.3,5.0,77.5
1487,C,0,0,7.1,5.1,9.7,6.8,47.8
1487,D,0,0,10,4.1,4.4,9.9,47.3
1488,A,0,1,8.4,5.2,4.7,6.7,58.3
1488,B,0,1,6.3,6.0,6.6,5.8,57.8
1488,C,1,0,8.3,6.1,8.3,4.3,61.7
1488,D,1,1,7.8,7.3,9.1,7.1,85.5
1489,A,0,0,7.5,4.8,6.4,5.9,41.0
1489,B,1,0,6.4,6.5,6.9,5.7,59.2
1489,C,0,0,7.0,3.4,10,6.9,45.5
1489,D,1,0,7.2,7.9,10,7.5,71.0
1490,A,0,1,9.6,5.2,2.9,5.9,56.0
1490,B,1,1,8.1,7.5,6.3,8.1,83.3
1490,C,0,0,5.6,4.7,7.6,6.4,40.5
1490,D,1,1,6.4,7.0,10,7.8,85.3
1491,A,1,0,8.9,4.1,6.1,4.9,56.7
1491,B,1,0,5.4,7.6,5.2,6.5,57.8
1491,C,0,1,5.3,4.8,5.7,5.6,52.3
1491,D,1,1,6.7,9.8,7.6,8.4,87.5
1492,A,1,1,9.3,4.5,4.2,7.4,75.7
1492,B,1,1,6.9,7.2,6.6,6.7,79.0
1492,C,0,0,5.1,4.8,8.7,7.1,42.8
1492,D,1,1,9.8,7.4,6.6,8.1,86.5
1493,A,1,0,10,5.3,4.9,3.9,56.8
1493,B,0,1,8.6,7.0,7.3,7.9,68.0
1493,C,1,0,4.6,7.7,6.7,4.7,56.2
1493,D,1,1,7.7,5.9,7.5,9.7,84.7
1494,A,1,1,6.2,6.5,6.2,6.4,75.5
1494,B,1,0,7.7,8.3,8.1,7.0,68.5
1494,C,1,0,7.0,3.5,8.1,6.8,59.0
1494,D,1,0,8.6,7.0,8.2,8.8,71.0
1495,A,0,0,10,3.2,5.6,5.6,40.7
1495,B,0,1,7.1,6.1,6.9,9.1,65.3
1495,C,0,0,5.0,3.7,8.2,2.9,33.0
1495,D,0,0,7.1,8.4,9.2,7.9,54.3
1496,A,1,1,8.4,5.0,4.8,3.8,70.0
1496,B,0,1,7.3,6.5,5.1,8.3,62.0
1496,C,0,1,8.1,2.8,7.0,7.1,58.3
1496,D,1,1,7.5,9.6,7.6,7.9,87.7
1497,A,0,0,9.2,4.3,7.1,4.2,41.3
1497,B,0,1,5.9,8.1,5.8,9.3,65.2
1497,C,1,0,9.6,6.7,6.7,5.7,64.5
1497,D,0,1,8.2,8.8,7.3,9.2,72.5
1498,A,1,0,8.3,6.6,4.5,6.8,60.3
1498,B,1,0,4.7,6.4,6.2,8.8,60.2
1498,C,1,0,8.0,5.4,8.2,6.0,62.7
1498,D,1,0,6.5,6.4,7.8,8.1,64.7
1499,A,1,1,7.3,3.5,5.0,6.3,70.2
1499,B,1,0,5.7,8.5,7.0,4.9,60.2
1499,C,1,0,5.9,7.4,6.3,4.5,56.8
1499,D,1,1,9.7,7.0,8.5,6.9,86.8
1500,A,1,0,8.5,3.6,2.1,5.6,49.7
1500,B,1,1,9.3,6.0,7.6,6.7,82.7
1500,C,1,1,8.0,6.1,9.6,7.6,85.5
1500,D,1,0,9.1,7.1,9.0,5.5,67.8
