id,path,filename,zone,extension,category,sha256,size_bytes,line_count,production_relevant,disposition,disposition_basis,hash_verified_against_manifest,notes
A0_NPC_PANEL_START.bat,A0_NPC_PANEL_START.bat,A0_NPC_PANEL_START.bat,(root),.bat,launcher_script,d82a3d5f786913b3c7635c6a0358f56e44523a90965d1d7af710d7de88a3c56a,,,undetermined,UNKNOWN_NEEDS_DECISION,contents not read: the reference tree was not available when this inventory was built,,
A1_NPC_PANEL_DIAGNOSTIKA.bat,A1_NPC_PANEL_DIAGNOSTIKA.bat,A1_NPC_PANEL_DIAGNOSTIKA.bat,(root),.bat,launcher_script,e0c8732cd9f5b34dd924010ad51c1698ab57511bf2601072152ddd4fb755a196,,,undetermined,UNKNOWN_NEEDS_DECISION,contents not read: the reference tree was not available when this inventory was built,,
A1_NPC_PANEL_INSTALOVAT_PYTHON.bat,A1_NPC_PANEL_INSTALOVAT_PYTHON.bat,A1_NPC_PANEL_INSTALOVAT_PYTHON.bat,(root),.bat,launcher_script,8e193bb5b4a69b90447f6e47ccd2178bd9547e1468a39c713e388396ff0e9814,,,undetermined,UNKNOWN_NEEDS_DECISION,contents not read: the reference tree was not available when this inventory was built,,
A2_NPC_AI_DIAGNOSTIKA.bat,A2_NPC_AI_DIAGNOSTIKA.bat,A2_NPC_AI_DIAGNOSTIKA.bat,(root),.bat,launcher_script,91621073cebdbc98569310de39000167b07527d05ba9d1a7a9d7f2774f0addf8,,,undetermined,UNKNOWN_NEEDS_DECISION,contents not read: the reference tree was not available when this inventory was built,,
A3_VYTVORIT_DIAGNOSTIKU.bat,A3_VYTVORIT_DIAGNOSTIKU.bat,A3_VYTVORIT_DIAGNOSTIKU.bat,(root),.bat,launcher_script,b6acddefe913bd2e39743d0b5f1ec3fae0f13df08db860b6bdb028e20741350c,,,undetermined,UNKNOWN_NEEDS_DECISION,contents not read: the reference tree was not available when this inventory was built,,
AI_ASSISTANT_PROJECT_MEMORY_17_9_4.md,AI_ASSISTANT_PROJECT_MEMORY_17_9_4.md,AI_ASSISTANT_PROJECT_MEMORY_17_9_4.md,(root),.md,documentation,cdc7909dc26fb3f7db493137c9b00e81ebfb1eafb1decdb8ed628e833b061765,,,undetermined,UNKNOWN_NEEDS_DECISION,contents not read: the reference tree was not available when this inventory was built,,
AI_PANEL_CALIBRATION_TEMPLATE.csv,AI_PANEL_CALIBRATION_TEMPLATE.csv,AI_PANEL_CALIBRATION_TEMPLATE.csv,(root),.csv,csv_data_asset,9c3ad26ce9e53a06390f2b365e432813d85fb2cf7f7621a7f747b38d3558813c,,,undetermined,UNKNOWN_NEEDS_DECISION,contents not read: the reference tree was not available when this inventory was built,,
AI_PANEL_CALIBRATION_TEMPLATE.json,AI_PANEL_CALIBRATION_TEMPLATE.json,AI_PANEL_CALIBRATION_TEMPLATE.json,(root),.json,methodology_or_policy,2b1532af94fed49833f858062ff789167faa95811f89059f2ad44dc80ce8e817,,,undetermined,UNKNOWN_NEEDS_DECISION,contents not read: the reference tree was not available when this inventory was built,,
AI_RUNTIME_OPRAVA.md,AI_RUNTIME_OPRAVA.md,AI_RUNTIME_OPRAVA.md,(root),.md,documentation,3a2bcb0596ee647914b527b6cc894441a61107ab0e512cbe8aad569e680ee4b3,,,undetermined,UNKNOWN_NEEDS_DECISION,contents not read: the reference tree was not available when this inventory was built,,
AUDIENCE_DIMENSIONS_17_9_3.md,AUDIENCE_DIMENSIONS_17_9_3.md,AUDIENCE_DIMENSIONS_17_9_3.md,(root),.md,documentation,a43261f82814fb2b9998f489ccfb19eb5c3d371dd14957be1d35757c419b81b6,,,undetermined,UNKNOWN_NEEDS_DECISION,contents not read: the reference tree was not available when this inventory was built,,
BACKBONE_CENSUS_2021_TARGETS.csv,BACKBONE_CENSUS_2021_TARGETS.csv,BACKBONE_CENSUS_2021_TARGETS.csv,(root),.csv,csv_data_asset,c24faf7a94b6d95482b9a21ebbb9c81cd6b46f5670fb6e2fe7ff56adddab779a,,,undetermined,UNKNOWN_NEEDS_DECISION,contents not read: the reference tree was not available when this inventory was built,,
BATCH_1_MANIFEST.csv,BATCH_1_MANIFEST.csv,BATCH_1_MANIFEST.csv,(root),.csv,csv_data_asset,3a5242fb8d059a17d80e2bb334aba7bc07db93b50d826b974e39de05290dd75c,,,undetermined,UNKNOWN_NEEDS_DECISION,contents not read: the reference tree was not available when this inventory was built,,
BENCHMARKS_FINANCE_SPECIAL_v17.csv,BENCHMARKS_FINANCE_SPECIAL_v17.csv,BENCHMARKS_FINANCE_SPECIAL_v17.csv,(root),.csv,csv_data_asset,6f83a5401ffd8c5be3328bcd863b31696a35cc08fd684c71f0c4eff3046f706d,,,undetermined,UNKNOWN_NEEDS_DECISION,contents not read: the reference tree was not available when this inventory was built,,
BENCHMARK_SPEC_EXAMPLE.json,BENCHMARK_SPEC_EXAMPLE.json,BENCHMARK_SPEC_EXAMPLE.json,(root),.json,methodology_or_policy,61d5caee4cbd6b77b1829a1145a86c1439efb9cec00b33501714e37560c1244a,,,undetermined,UNKNOWN_NEEDS_DECISION,contents not read: the reference tree was not available when this inventory was built,,
BUILD_EDITION.json,BUILD_EDITION.json,BUILD_EDITION.json,(root),.json,json_data_or_config,ee64a7ebe892b2c5122acbb708de9a1cb74f4e5f12c9d6e2aed66f2f477a670e,,,undetermined,UNKNOWN_NEEDS_DECISION,contents not read: the reference tree was not available when this inventory was built,,
BUILD_MARKETING_LATENT_v17_1.py,BUILD_MARKETING_LATENT_v17_1.py,BUILD_MARKETING_LATENT_v17_1.py,(root),.py,python_tooling,6b0703cf3586aeb4a4eb15e4189b686dc2d8c2c4821e15171a0625725cb52b66,,,undetermined,UNKNOWN_NEEDS_DECISION,contents not read: the reference tree was not available when this inventory was built,,
BUILTIN_SUBPANELS_v17.json,BUILTIN_SUBPANELS_v17.json,BUILTIN_SUBPANELS_v17.json,(root),.json,json_data_or_config,bcc0cead3fe4d06c0451c3e322802ec1d6bda114e333cec79deb22db1bde21a4,,,undetermined,UNKNOWN_NEEDS_DECISION,contents not read: the reference tree was not available when this inventory was built,,
CALIBRATION_REGISTRY.csv,CALIBRATION_REGISTRY.csv,CALIBRATION_REGISTRY.csv,(root),.csv,csv_data_asset,1b0d9cea2f7a0962fad7d2f1ffe8de67f0a5cce58eace746c7faf20a30d4a7a9,,,undetermined,UNKNOWN_NEEDS_DECISION,contents not read: the reference tree was not available when this inventory was built,,
CALIBRATION_REPRODUCTION_CHECK_v17_1.csv,CALIBRATION_REPRODUCTION_CHECK_v17_1.csv,CALIBRATION_REPRODUCTION_CHECK_v17_1.csv,(root),.csv,csv_data_asset,d06d62988812dad8e11d4a29fb923f3ed02fcb54bbec6686aeedc3274eb7a10e,,,undetermined,UNKNOWN_NEEDS_DECISION,contents not read: the reference tree was not available when this inventory was built,,
CENSUS_LABOUR_FORCE_TARGETS_v17.csv,CENSUS_LABOUR_FORCE_TARGETS_v17.csv,CENSUS_LABOUR_FORCE_TARGETS_v17.csv,(root),.csv,csv_data_asset,748c6a0ec6a4e74242fd5bd168e815e77332f54f152e37952a5520e772ad92d5,,,undetermined,UNKNOWN_NEEDS_DECISION,contents not read: the reference tree was not available when this inventory was built,,
CLAUDE_API_CONTINUATION_ACCEPTANCE.json,CLAUDE_API_CONTINUATION_ACCEPTANCE.json,CLAUDE_API_CONTINUATION_ACCEPTANCE.json,(root),.json,methodology_or_policy,17f536ae387916481d2fbd296c74f53fd55ca469a6e1d63384403c5a0e85cb9a,,,undetermined,UNKNOWN_NEEDS_DECISION,contents not read: the reference tree was not available when this inventory was built,,
CLAUDE_CODE_QUOTA_ACCEPTANCE.json,CLAUDE_CODE_QUOTA_ACCEPTANCE.json,CLAUDE_CODE_QUOTA_ACCEPTANCE.json,(root),.json,methodology_or_policy,5ed3303514bce38c31f9ffa2a6f6ae965f7044ffb761c36adc9f87263d067d83,,,undetermined,UNKNOWN_NEEDS_DECISION,contents not read: the reference tree was not available when this inventory was built,,
COHERENCE_AUDIT_v17.csv,COHERENCE_AUDIT_v17.csv,COHERENCE_AUDIT_v17.csv,(root),.csv,csv_data_asset,cb7f432407a972304f73ad8287b1c3aa9d4bf769d7c619d330d514221b5e4125,,,undetermined,UNKNOWN_NEEDS_DECISION,contents not read: the reference tree was not available when this inventory was built,,
COHERENCE_AUDIT_v17_1.csv,COHERENCE_AUDIT_v17_1.csv,COHERENCE_AUDIT_v17_1.csv,(root),.csv,csv_data_asset,cb7f432407a972304f73ad8287b1c3aa9d4bf769d7c619d330d514221b5e4125,,,undetermined,UNKNOWN_NEEDS_DECISION,contents not read: the reference tree was not available when this inventory was built,,
CONDITIONAL_AXIS_HOLDOUT.csv,CONDITIONAL_AXIS_HOLDOUT.csv,CONDITIONAL_AXIS_HOLDOUT.csv,(root),.csv,csv_data_asset,96a8cd8da944b3711aea0b342b194a22c4590e1c9bea7363ca8acbb9b59aa737,,,undetermined,UNKNOWN_NEEDS_DECISION,contents not read: the reference tree was not available when this inventory was built,,
CONDITIONAL_FITTED_TARGETS.csv,CONDITIONAL_FITTED_TARGETS.csv,CONDITIONAL_FITTED_TARGETS.csv,(root),.csv,csv_data_asset,7eb32ec725b531f68724bffaca1fded09e163442fc009f81984eccd5b3d41d60,,,undetermined,UNKNOWN_NEEDS_DECISION,contents not read: the reference tree was not available when this inventory was built,,
CONDITIONAL_LOO_30.csv,CONDITIONAL_LOO_30.csv,CONDITIONAL_LOO_30.csv,(root),.csv,csv_data_asset,120067bb496f42a21bfb207cebbaaaa0bf31740da89361b07614d2c6eaee1c47,,,undetermined,UNKNOWN_NEEDS_DECISION,contents not read: the reference tree was not available when this inventory was built,,
CONDITIONAL_TRUTH_10_13.json,CONDITIONAL_TRUTH_10_13.json,CONDITIONAL_TRUTH_10_13.json,(root),.json,json_data_or_config,87103037657be7147e67545f379c23c2387bbd4673319214c451ca77f911706f,,,undetermined,UNKNOWN_NEEDS_DECISION,contents not read: the reference tree was not available when this inventory was built,,
CONDITIONAL_VALIDATION_10_13.json,CONDITIONAL_VALIDATION_10_13.json,CONDITIONAL_VALIDATION_10_13.json,(root),.json,json_data_or_config,09a6e365b8dd2d7c251bb5a3c0b81dda3848aff81c307d8c700e4aa02196a83f,,,undetermined,UNKNOWN_NEEDS_DECISION,contents not read: the reference tree was not available when this inventory was built,,
CORE_JOINT_STATUS.json,CORE_JOINT_STATUS.json,CORE_JOINT_STATUS.json,(root),.json,json_data_or_config,bb1d49ce477892b6df4a976ed9a92dffb07301dc8b43babecc426691038ed5dd,,,undetermined,UNKNOWN_NEEDS_DECISION,contents not read: the reference tree was not available when this inventory was built,,
CORRELATION_MATRIX_QC_v17_1.csv,CORRELATION_MATRIX_QC_v17_1.csv,CORRELATION_MATRIX_QC_v17_1.csv,(root),.csv,csv_data_asset,3daa69ff1f22bc01ddf8c8c98e621d4800def9d7c848a1952d9a04f9bd20c35f,,,undetermined,UNKNOWN_NEEDS_DECISION,contents not read: the reference tree was not available when this inventory was built,,
CORRELATION_MATRIX_SUMMARY_v17_1.json,CORRELATION_MATRIX_SUMMARY_v17_1.json,CORRELATION_MATRIX_SUMMARY_v17_1.json,(root),.json,json_data_or_config,2a2d42223c45588ba11e0e63a27823be3024ddfdeda193eaaa431f8ab0716730,,,undetermined,UNKNOWN_NEEDS_DECISION,contents not read: the reference tree was not available when this inventory was built,,
CUMULATIVE_FIX_MANIFEST.csv,CUMULATIVE_FIX_MANIFEST.csv,CUMULATIVE_FIX_MANIFEST.csv,(root),.csv,csv_data_asset,f280e4acec182df7dfe0e353fd209059abde9d2aaf53a6a70520293b92528aab,,,undetermined,UNKNOWN_NEEDS_DECISION,contents not read: the reference tree was not available when this inventory was built,,
DATA_CONTRACT_v17.json,DATA_CONTRACT_v17.json,DATA_CONTRACT_v17.json,(root),.json,methodology_or_policy,a66a4aabf0a003591f710da46248279925dceafdb03db9d3a46b858a21e9d58a,,,undetermined,UNKNOWN_NEEDS_DECISION,contents not read: the reference tree was not available when this inventory was built,,
DATA_LICENSE_REGISTER.csv,DATA_LICENSE_REGISTER.csv,DATA_LICENSE_REGISTER.csv,(root),.csv,csv_data_asset,837a698e16de06458126c69abce8242cde20bb9f1d27c469fd2a64068f024fbc,,,undetermined,UNKNOWN_NEEDS_DECISION,contents not read: the reference tree was not available when this inventory was built,,
DATA_PROVENANCE_REGISTRY_v17.csv,DATA_PROVENANCE_REGISTRY_v17.csv,DATA_PROVENANCE_REGISTRY_v17.csv,(root),.csv,csv_data_asset,3208a2459133005cb48bcbd14a49cb612326415628eecbf4d9ed3c88b6228ed8,,,undetermined,UNKNOWN_NEEDS_DECISION,contents not read: the reference tree was not available when this inventory was built,,
DEMO_AI_ASSISTANT_INTEGRATION_17_9_4.md,DEMO_AI_ASSISTANT_INTEGRATION_17_9_4.md,DEMO_AI_ASSISTANT_INTEGRATION_17_9_4.md,(root),.md,documentation,a95672af624b35a3fe89b190eb1b8dcf689aa1076c3a4354135fd947c0b6c254,,,undetermined,UNKNOWN_NEEDS_DECISION,contents not read: the reference tree was not available when this inventory was built,,
DESIGN_SYSTEM_17_8_3.md,DESIGN_SYSTEM_17_8_3.md,DESIGN_SYSTEM_17_8_3.md,(root),.md,documentation,b6dc13804f66b97530e38fac3e9643c9d36c6275dab82730ae477923cad9da73,,,undetermined,UNKNOWN_NEEDS_DECISION,contents not read: the reference tree was not available when this inventory was built,,
DETECT_PYTHON.bat,DETECT_PYTHON.bat,DETECT_PYTHON.bat,(root),.bat,launcher_script,a83c84fc8bf956588e738e660d1839b3a496b25255612859f8ff1b65a545cae8,,,undetermined,UNKNOWN_NEEDS_DECISION,contents not read: the reference tree was not available when this inventory was built,,
DIMENSION_ALIASES.json,DIMENSION_ALIASES.json,DIMENSION_ALIASES.json,(root),.json,methodology_or_policy,52c2de22389b18434ca6c3c43e6eeb4b2cbd494b356ee9cf44f227cc7c21a4aa,,,undetermined,UNKNOWN_NEEDS_DECISION,contents not read: the reference tree was not available when this inventory was built,,
DIMENSION_DATA_DICTIONARY_v2.csv,DIMENSION_DATA_DICTIONARY_v2.csv,DIMENSION_DATA_DICTIONARY_v2.csv,(root),.csv,csv_data_asset,0766dbc881626165eaf6b406c2404a7d05ab8dd66aba3f570b7c933b4221fc7e,,,undetermined,UNKNOWN_NEEDS_DECISION,contents not read: the reference tree was not available when this inventory was built,,
DIMENSION_EVIDENCE_REGISTRY_v3.csv,DIMENSION_EVIDENCE_REGISTRY_v3.csv,DIMENSION_EVIDENCE_REGISTRY_v3.csv,(root),.csv,csv_data_asset,4e977fe1503bdfb7cdeebf9fe14c05fcd9e228f7cef662c2900358e0087afcbd,,,undetermined,UNKNOWN_NEEDS_DECISION,contents not read: the reference tree was not available when this inventory was built,,
DIMENSION_EVIDENCE_REGISTRY_v3.json,DIMENSION_EVIDENCE_REGISTRY_v3.json,DIMENSION_EVIDENCE_REGISTRY_v3.json,(root),.json,methodology_or_policy,1a0d1e8dbe9aab582e9adae3fc8d6095c912536bac9667ed7ce06c419689c7e9,,,undetermined,UNKNOWN_NEEDS_DECISION,contents not read: the reference tree was not available when this inventory was built,,
DIMENSION_SCORECARD_v17.csv,DIMENSION_SCORECARD_v17.csv,DIMENSION_SCORECARD_v17.csv,(root),.csv,csv_data_asset,5ce05efad1f026146066f2943ff3afd2a80cb6ab712e9d88ffbf009272749fe3,,,undetermined,UNKNOWN_NEEDS_DECISION,contents not read: the reference tree was not available when this inventory was built,,
DIMENSION_SCORECARD_v17_1.csv,DIMENSION_SCORECARD_v17_1.csv,DIMENSION_SCORECARD_v17_1.csv,(root),.csv,csv_data_asset,687d52da3a9ad447a67cec53bfa1a55e3cb04e6cc7eb6aa1e31d11de03c9d862,,,undetermined,UNKNOWN_NEEDS_DECISION,contents not read: the reference tree was not available when this inventory was built,,
DOMAIN_EVIDENCE_COVERAGE.csv,DOMAIN_EVIDENCE_COVERAGE.csv,DOMAIN_EVIDENCE_COVERAGE.csv,(root),.csv,csv_data_asset,de5c2ec6c5020fd9fa1fd1c4da00d24d365a9bc44d973f81ca53d6562c9e370e,,,undetermined,UNKNOWN_NEEDS_DECISION,contents not read: the reference tree was not available when this inventory was built,,
DONOR_BLOCK_REGISTRY.json,DONOR_BLOCK_REGISTRY.json,DONOR_BLOCK_REGISTRY.json,(root),.json,methodology_or_policy,6dcf142131ea36ce65039347760ea9c953c752c3c8d9aff3c69c17e680b18eaf,,,undetermined,UNKNOWN_NEEDS_DECISION,contents not read: the reference tree was not available when this inventory was built,,
DONOR_COVERAGE_MATRIX_v17_1.csv,DONOR_COVERAGE_MATRIX_v17_1.csv,DONOR_COVERAGE_MATRIX_v17_1.csv,(root),.csv,csv_data_asset,11fdfce2c003feb980924824b260118c70b1d854b956e971a40cec39f44090e7,,,undetermined,UNKNOWN_NEEDS_DECISION,contents not read: the reference tree was not available when this inventory was built,,
DONOR_SUPPORT_SUMMARY_v17_1.csv,DONOR_SUPPORT_SUMMARY_v17_1.csv,DONOR_SUPPORT_SUMMARY_v17_1.csv,(root),.csv,csv_data_asset,95cf7ef3ef0837cf792ff0e4435421a1bf8346f00a0173077b794d0fbfe34429,,,undetermined,UNKNOWN_NEEDS_DECISION,contents not read: the reference tree was not available when this inventory was built,,
EMPLOYMENT_BRIDGE_PIAAC2023.csv,EMPLOYMENT_BRIDGE_PIAAC2023.csv,EMPLOYMENT_BRIDGE_PIAAC2023.csv,(root),.csv,csv_data_asset,f7920aced8977b2f378eee739b71ff01be6665dcdcb6ebe68559d6b4c821d287,,,undetermined,UNKNOWN_NEEDS_DECISION,contents not read: the reference tree was not available when this inventory was built,,
FIDELITY_STATUS.json,FIDELITY_STATUS.json,FIDELITY_STATUS.json,(root),.json,json_data_or_config,79b4cb7c04a157d5af173776d487bcafce883f3f10ae74df1069170d2a6e25e5,,,undetermined,UNKNOWN_NEEDS_DECISION,contents not read: the reference tree was not available when this inventory was built,,
FIELD_DICTIONARY_v17.csv,FIELD_DICTIONARY_v17.csv,FIELD_DICTIONARY_v17.csv,(root),.csv,csv_data_asset,4f2defebc79a4bbf3caab8affa9e76ea1eae087a806c2d6252c2e79a3b58273c,,,undetermined,UNKNOWN_NEEDS_DECISION,contents not read: the reference tree was not available when this inventory was built,,
FIELD_DICTIONARY_v17_1.csv,FIELD_DICTIONARY_v17_1.csv,FIELD_DICTIONARY_v17_1.csv,(root),.csv,csv_data_asset,4f2defebc79a4bbf3caab8affa9e76ea1eae087a806c2d6252c2e79a3b58273c,,,undetermined,UNKNOWN_NEEDS_DECISION,contents not read: the reference tree was not available when this inventory was built,,
FINALNI_KOMPLETNI_PANEL_v17_1_2.csv.gz,FINALNI_KOMPLETNI_PANEL_v17_1_2.csv.gz,FINALNI_KOMPLETNI_PANEL_v17_1_2.csv.gz,(root),.gz,compressed_data_asset,d6a9ef120b81982e195b360fbdb9539fd70b7845a296918a12622502f2400387,,,undetermined,UNKNOWN_NEEDS_DECISION,contents not read: the reference tree was not available when this inventory was built,,
FINALNI_KOMPLETNI_PANEL_v17_4_0.csv.gz,FINALNI_KOMPLETNI_PANEL_v17_4_0.csv.gz,FINALNI_KOMPLETNI_PANEL_v17_4_0.csv.gz,(root),.gz,compressed_data_asset,864f8dbcd101e4be1b2a006ccebe4196a85f9bfcbf1a474af762b8135cc779ce,,,undetermined,UNKNOWN_NEEDS_DECISION,contents not read: the reference tree was not available when this inventory was built,,
FINAL_ACCEPTANCE_18_6_3.json,FINAL_ACCEPTANCE_18_6_3.json,FINAL_ACCEPTANCE_18_6_3.json,(root),.json,methodology_or_policy,324a816f8ca93e3ec754dd64cd0fe43d8bfc692a56595665b3290fbfb4eab12b,,,undetermined,UNKNOWN_NEEDS_DECISION,contents not read: the reference tree was not available when this inventory was built,,
FINAL_ACCEPTANCE_18_6_4.json,FINAL_ACCEPTANCE_18_6_4.json,FINAL_ACCEPTANCE_18_6_4.json,(root),.json,methodology_or_policy,f5ab5707bca8ce0ad18c5bb78729f4733b8862651c95bd26b69e65aded130e8c,,,undetermined,UNKNOWN_NEEDS_DECISION,contents not read: the reference tree was not available when this inventory was built,,
FINAL_ACCEPTANCE_18_6_5.json,FINAL_ACCEPTANCE_18_6_5.json,FINAL_ACCEPTANCE_18_6_5.json,(root),.json,methodology_or_policy,d022994d1eab02f0ffb725de5b4ef9d8ac8c3764ea30fa81c30a82972fb64a1d,,,undetermined,UNKNOWN_NEEDS_DECISION,contents not read: the reference tree was not available when this inventory was built,,
FINAL_ACCEPTANCE_18_6_6.json,FINAL_ACCEPTANCE_18_6_6.json,FINAL_ACCEPTANCE_18_6_6.json,(root),.json,methodology_or_policy,7862d992a3e14f9d7dafb83587776174fe4bac5489c5164ac36e876821237d4a,,,undetermined,UNKNOWN_NEEDS_DECISION,contents not read: the reference tree was not available when this inventory was built,,
FINAL_ANALYTICS_WORKSPACE_ACCEPTANCE.md,FINAL_ANALYTICS_WORKSPACE_ACCEPTANCE.md,FINAL_ANALYTICS_WORKSPACE_ACCEPTANCE.md,(root),.md,documentation,20ce95a5340a901f70408d621ced835d90a10b46a267ea98b34867fa1adf4ca8,,,undetermined,UNKNOWN_NEEDS_DECISION,contents not read: the reference tree was not available when this inventory was built,,
FINAL_ANALYTICS_WORKSPACE_MANIFEST.csv,FINAL_ANALYTICS_WORKSPACE_MANIFEST.csv,FINAL_ANALYTICS_WORKSPACE_MANIFEST.csv,(root),.csv,csv_data_asset,8152da5d98c538c14312623e2b24bb1a12107899dc986670021b5b51fb2e5a8a,,,undetermined,UNKNOWN_NEEDS_DECISION,contents not read: the reference tree was not available when this inventory was built,,
FINAL_ANALYTICS_WORKSPACE_SHA256SUMS.txt,FINAL_ANALYTICS_WORKSPACE_SHA256SUMS.txt,FINAL_ANALYTICS_WORKSPACE_SHA256SUMS.txt,(root),.txt,text,bc355f67cf82977f0c0a984f6a3ce23b685b83c628f9b2e2e32eaecec0aaee38,,,undetermined,UNKNOWN_NEEDS_DECISION,contents not read: the reference tree was not available when this inventory was built,,
FINAL_FILE_MANIFEST_18_6_2.csv,FINAL_FILE_MANIFEST_18_6_2.csv,FINAL_FILE_MANIFEST_18_6_2.csv,(root),.csv,csv_data_asset,771382d04283ac296c63e7dadf14729d24cf5c91ec473410faf68e7a8d9e0921,,,undetermined,UNKNOWN_NEEDS_DECISION,contents not read: the reference tree was not available when this inventory was built,,
FINAL_FILE_MANIFEST_18_6_3.csv,FINAL_FILE_MANIFEST_18_6_3.csv,FINAL_FILE_MANIFEST_18_6_3.csv,(root),.csv,csv_data_asset,f0f1fcfc102abf09de245a1f07ab546f1f7c0627c79a2a60ff85952286d9a7bb,,,undetermined,UNKNOWN_NEEDS_DECISION,contents not read: the reference tree was not available when this inventory was built,,
FINAL_FILE_MANIFEST_18_6_4.csv,FINAL_FILE_MANIFEST_18_6_4.csv,FINAL_FILE_MANIFEST_18_6_4.csv,(root),.csv,csv_data_asset,71c59d674ac99cd6fa531f1a22af029b61bb3d371ecf02518df612fba1f7910c,,,undetermined,UNKNOWN_NEEDS_DECISION,contents not read: the reference tree was not available when this inventory was built,,
FINAL_FILE_MANIFEST_18_6_5.csv,FINAL_FILE_MANIFEST_18_6_5.csv,FINAL_FILE_MANIFEST_18_6_5.csv,(root),.csv,csv_data_asset,a12d1df3faf22d258f92afdeb45539fd60a8017f11e22b5bffcf0803c8dcffc1,,,undetermined,UNKNOWN_NEEDS_DECISION,contents not read: the reference tree was not available when this inventory was built,,
FINAL_FILE_MANIFEST_18_6_6.csv,FINAL_FILE_MANIFEST_18_6_6.csv,FINAL_FILE_MANIFEST_18_6_6.csv,(root),.csv,csv_data_asset,fd70ddd98129119f1cc37d5a28e08d350c2d2ec4525da486288a60ad96b22935,,,undetermined,UNKNOWN_NEEDS_DECISION,contents not read: the reference tree was not available when this inventory was built,,
FINAL_INTERACTIVE_SOCIO_ACCEPTANCE.md,FINAL_INTERACTIVE_SOCIO_ACCEPTANCE.md,FINAL_INTERACTIVE_SOCIO_ACCEPTANCE.md,(root),.md,documentation,e5cddb95935b577c0ffa1a3c3b8ff8c4efb4fdab822e35f2b337f87d0fcf0ca7,,,undetermined,UNKNOWN_NEEDS_DECISION,contents not read: the reference tree was not available when this inventory was built,,
FINAL_INTERACTIVE_SOCIO_MANIFEST.csv,FINAL_INTERACTIVE_SOCIO_MANIFEST.csv,FINAL_INTERACTIVE_SOCIO_MANIFEST.csv,(root),.csv,csv_data_asset,daaebf7d575c19f5173917c5acd080c1c94b6383a1fea687a026e5fda9a7f5bf,,,undetermined,UNKNOWN_NEEDS_DECISION,contents not read: the reference tree was not available when this inventory was built,,
FINAL_INTERACTIVE_SOCIO_V3_ACCEPTANCE.md,FINAL_INTERACTIVE_SOCIO_V3_ACCEPTANCE.md,FINAL_INTERACTIVE_SOCIO_V3_ACCEPTANCE.md,(root),.md,documentation,ae8484c6535091570c01d41e14a1cb604d2e73e45c13c0bd623b1275aada57c2,,,undetermined,UNKNOWN_NEEDS_DECISION,contents not read: the reference tree was not available when this inventory was built,,
FINAL_INTERACTIVE_SOCIO_V3_MANIFEST.csv,FINAL_INTERACTIVE_SOCIO_V3_MANIFEST.csv,FINAL_INTERACTIVE_SOCIO_V3_MANIFEST.csv,(root),.csv,csv_data_asset,7e12b4f13057a94e7ff51ea8258bc700c7bd48fc12c3536f61d5ca7458ceb134,,,undetermined,UNKNOWN_NEEDS_DECISION,contents not read: the reference tree was not available when this inventory was built,,
FINAL_INTERACTIVE_SOCIO_V4_ACCEPTANCE.md,FINAL_INTERACTIVE_SOCIO_V4_ACCEPTANCE.md,FINAL_INTERACTIVE_SOCIO_V4_ACCEPTANCE.md,(root),.md,documentation,b5b61470443b272f69314fbd24a682a2bdb397ed0a62876a7c88253f4857e7d3,,,undetermined,UNKNOWN_NEEDS_DECISION,contents not read: the reference tree was not available when this inventory was built,,
FINAL_INTERACTIVE_SOCIO_V4_MANIFEST.csv,FINAL_INTERACTIVE_SOCIO_V4_MANIFEST.csv,FINAL_INTERACTIVE_SOCIO_V4_MANIFEST.csv,(root),.csv,csv_data_asset,51c4832c1d8ddc094e485d03978d3056b92ad6cd7133112cb24005bb0f2b16d2,,,undetermined,UNKNOWN_NEEDS_DECISION,contents not read: the reference tree was not available when this inventory was built,,
FINAL_INTERACTIVE_SOCIO_V5_ACCEPTANCE.md,FINAL_INTERACTIVE_SOCIO_V5_ACCEPTANCE.md,FINAL_INTERACTIVE_SOCIO_V5_ACCEPTANCE.md,(root),.md,documentation,58df8536cac468ba8c6298a24956d9233191cf46805e24ee4fa1af46d3e38fba,,,undetermined,UNKNOWN_NEEDS_DECISION,contents not read: the reference tree was not available when this inventory was built,,
FINAL_INTERACTIVE_SOCIO_V5_MANIFEST.csv,FINAL_INTERACTIVE_SOCIO_V5_MANIFEST.csv,FINAL_INTERACTIVE_SOCIO_V5_MANIFEST.csv,(root),.csv,csv_data_asset,a70414b6618d239988d81a1c037d5ae4b586455c3e5bd3ad686dd822d8306550,,,undetermined,UNKNOWN_NEEDS_DECISION,contents not read: the reference tree was not available when this inventory was built,,
FINAL_RELEASE_18_6_0.md,FINAL_RELEASE_18_6_0.md,FINAL_RELEASE_18_6_0.md,(root),.md,documentation,a72fdf12c4b6fc1f7358124e2a999e6ffd3f90c839d15fb69481b2c8ee97cafb,,,undetermined,UNKNOWN_NEEDS_DECISION,contents not read: the reference tree was not available when this inventory was built,,
FINAL_RELEASE_18_6_2.md,FINAL_RELEASE_18_6_2.md,FINAL_RELEASE_18_6_2.md,(root),.md,documentation,90dd41b002057b67cc446f932ba05fe258df3145c2c89ad76c251932b3dc0ec8,,,undetermined,UNKNOWN_NEEDS_DECISION,contents not read: the reference tree was not available when this inventory was built,,
FINAL_RELEASE_18_6_3.md,FINAL_RELEASE_18_6_3.md,FINAL_RELEASE_18_6_3.md,(root),.md,documentation,bb762af6a9a52187d10e9729143916c7dd6478d7ae61de20ec63ef267d671acb,,,undetermined,UNKNOWN_NEEDS_DECISION,contents not read: the reference tree was not available when this inventory was built,,
FINAL_RELEASE_18_6_4.md,FINAL_RELEASE_18_6_4.md,FINAL_RELEASE_18_6_4.md,(root),.md,documentation,a710099e34ebb94ee80451109274892aff801bfe9dacaabfef926c57872d1bcd,,,undetermined,UNKNOWN_NEEDS_DECISION,contents not read: the reference tree was not available when this inventory was built,,
FINAL_RELEASE_18_6_5.md,FINAL_RELEASE_18_6_5.md,FINAL_RELEASE_18_6_5.md,(root),.md,documentation,75cbcc1c05ba8c672b2c736eb011dc59e7496bb2936976a4bb7ea01b82a598b6,,,undetermined,UNKNOWN_NEEDS_DECISION,contents not read: the reference tree was not available when this inventory was built,,
FINAL_RELEASE_18_6_6.md,FINAL_RELEASE_18_6_6.md,FINAL_RELEASE_18_6_6.md,(root),.md,documentation,b7424b6cf384b5f60920ca15f13f1de104e106ced020a71256720b86fbd43d0a,,,undetermined,UNKNOWN_NEEDS_DECISION,contents not read: the reference tree was not available when this inventory was built,,
FINAL_SOURCE_CATALOG_v17.csv,FINAL_SOURCE_CATALOG_v17.csv,FINAL_SOURCE_CATALOG_v17.csv,(root),.csv,csv_data_asset,62e959077ba77683da7161fac0f8de856fc9934400df03fe0f79f992da5187ec,,,undetermined,UNKNOWN_NEEDS_DECISION,contents not read: the reference tree was not available when this inventory was built,,
FLOW_PERFORMANCE_FIX_17_9_1.md,FLOW_PERFORMANCE_FIX_17_9_1.md,FLOW_PERFORMANCE_FIX_17_9_1.md,(root),.md,documentation,c6ca5dad7fd9761a4810b247a12f211c2f4af89fa23eeb2140abd6ce1e9296b4,,,undetermined,UNKNOWN_NEEDS_DECISION,contents not read: the reference tree was not available when this inventory was built,,
FULL_SIMULATION_COMPETITOR_TEMPLATE.json,FULL_SIMULATION_COMPETITOR_TEMPLATE.json,FULL_SIMULATION_COMPETITOR_TEMPLATE.json,(root),.json,json_data_or_config,04a5b098c8bb599082dd23de3af558c761d6e9930d4cdd7b55bb13a4ba7b7343,,,undetermined,UNKNOWN_NEEDS_DECISION,contents not read: the reference tree was not available when this inventory was built,,
FULL_SIMULATION_HUMAN_CALIBRATION_TEMPLATE.json,FULL_SIMULATION_HUMAN_CALIBRATION_TEMPLATE.json,FULL_SIMULATION_HUMAN_CALIBRATION_TEMPLATE.json,(root),.json,methodology_or_policy,f0999b5720dc87046663870ea7e8eacd1ca1b79ce1f3138551fd58f2f37965e8,,,undetermined,UNKNOWN_NEEDS_DECISION,contents not read: the reference tree was not available when this inventory was built,,
FULL_SIMULATION_SPEC_EXAMPLE.json,FULL_SIMULATION_SPEC_EXAMPLE.json,FULL_SIMULATION_SPEC_EXAMPLE.json,(root),.json,json_data_or_config,6ae7853ff1d835da462a8bacbac844660819d196c708dc514ef16816293f99d1,,,undetermined,UNKNOWN_NEEDS_DECISION,contents not read: the reference tree was not available when this inventory was built,,
FULL_SIMULATION_TRUTH_TEMPLATE.json,FULL_SIMULATION_TRUTH_TEMPLATE.json,FULL_SIMULATION_TRUTH_TEMPLATE.json,(root),.json,json_data_or_config,d5c864d1954acff773a05ef5a1c7c438c3c580100c697f707cd956b334088b4d,,,undetermined,UNKNOWN_NEEDS_DECISION,contents not read: the reference tree was not available when this inventory was built,,
GEMO_REPUTACNI_SCENARE_UPDATE_ACCEPTANCE.json,GEMO_REPUTACNI_SCENARE_UPDATE_ACCEPTANCE.json,GEMO_REPUTACNI_SCENARE_UPDATE_ACCEPTANCE.json,(root),.json,methodology_or_policy,84eda3b51e3efd5c365ee0f1be34de66658d23b05d900ec2c684a55d2ea933d3,,,undetermined,UNKNOWN_NEEDS_DECISION,contents not read: the reference tree was not available when this inventory was built,,
GEMO_REPUTACNI_SCENARE_UPDATE_REPORT.json,GEMO_REPUTACNI_SCENARE_UPDATE_REPORT.json,GEMO_REPUTACNI_SCENARE_UPDATE_REPORT.json,(root),.json,json_data_or_config,04b9b76f5f187ec985c64a5e23a2d4c4fb8f2a206d3ad382265e724a9f449132,,,undetermined,UNKNOWN_NEEDS_DECISION,contents not read: the reference tree was not available when this inventory was built,,
GEMO_REPUTACNI_SCENARE_UPDATE_SHA256SUMS.txt,GEMO_REPUTACNI_SCENARE_UPDATE_SHA256SUMS.txt,GEMO_REPUTACNI_SCENARE_UPDATE_SHA256SUMS.txt,(root),.txt,text,5edf12cedd393401d24aeef4202d58e50569248bf6650bed909ee39ea95782c8,,,undetermined,UNKNOWN_NEEDS_DECISION,contents not read: the reference tree was not available when this inventory was built,,
GUIDED_UX_17_8_9.md,GUIDED_UX_17_8_9.md,GUIDED_UX_17_8_9.md,(root),.md,documentation,ac4e9bcd806d1eaa11933cfaef8407a71c80460b9980700abe1dae517db8eae0,,,undetermined,UNKNOWN_NEEDS_DECISION,contents not read: the reference tree was not available when this inventory was built,,
HANDOFF_VERIFICATION.json,HANDOFF_VERIFICATION.json,HANDOFF_VERIFICATION.json,(root),.json,json_data_or_config,53bbd2d6c6945a98bd10aeb41ec039f8df2a629fc94719d1c4752bbcb4a6b9b7,,,undetermined,UNKNOWN_NEEDS_DECISION,contents not read: the reference tree was not available when this inventory was built,,
HANDOFF_VERIFICATION_17_8_1.json,HANDOFF_VERIFICATION_17_8_1.json,HANDOFF_VERIFICATION_17_8_1.json,(root),.json,json_data_or_config,d07543c8e3820128383608a31bfa82f8626ebaf6b3ecdb24929b672fd9fdd22c,,,undetermined,UNKNOWN_NEEDS_DECISION,contents not read: the reference tree was not available when this inventory was built,,
HANDOFF_VERIFICATION_17_8_2.json,HANDOFF_VERIFICATION_17_8_2.json,HANDOFF_VERIFICATION_17_8_2.json,(root),.json,json_data_or_config,0236651e5f64a96ee0d1fa48149b08a948487dff3c3860939b605e5f7ad35168,,,undetermined,UNKNOWN_NEEDS_DECISION,contents not read: the reference tree was not available when this inventory was built,,
HANDOFF_VERIFICATION_17_8_3.json,HANDOFF_VERIFICATION_17_8_3.json,HANDOFF_VERIFICATION_17_8_3.json,(root),.json,json_data_or_config,61899a90916458951e98712ec9f42e760bd54fd3157c2837f4579655eb3cd598,,,undetermined,UNKNOWN_NEEDS_DECISION,contents not read: the reference tree was not available when this inventory was built,,
HANDOFF_VERIFICATION_17_8_6.json,HANDOFF_VERIFICATION_17_8_6.json,HANDOFF_VERIFICATION_17_8_6.json,(root),.json,json_data_or_config,42bc0193d0cef4b1e285e6677432b050f8a655b0c226a5f911b4b657511a8c9d,,,undetermined,UNKNOWN_NEEDS_DECISION,contents not read: the reference tree was not available when this inventory was built,,
HANDOFF_VERIFICATION_17_8_7.json,HANDOFF_VERIFICATION_17_8_7.json,HANDOFF_VERIFICATION_17_8_7.json,(root),.json,json_data_or_config,99fe976c4ad0308e359d58600ddae861947dffb141205e57d92914d8e0dab58f,,,undetermined,UNKNOWN_NEEDS_DECISION,contents not read: the reference tree was not available when this inventory was built,,
HANDOFF_VERIFICATION_17_8_8.json,HANDOFF_VERIFICATION_17_8_8.json,HANDOFF_VERIFICATION_17_8_8.json,(root),.json,json_data_or_config,8914a5848e4a18ac65fa07417efbd6b55a9f4f65eb41b0a0eb7cb97e7ed9cddd,,,undetermined,UNKNOWN_NEEDS_DECISION,contents not read: the reference tree was not available when this inventory was built,,
INSTALL_NPC_AUTOSTART.bat,INSTALL_NPC_AUTOSTART.bat,INSTALL_NPC_AUTOSTART.bat,(root),.bat,launcher_script,cef6f91ba66164cc7b2c0a5fc164c76d3d51fb5bc9eb6a04b3caa0c0d4201600,,,undetermined,UNKNOWN_NEEDS_DECISION,contents not read: the reference tree was not available when this inventory was built,,
INSTALOVAT_A_SPUSTIT.bat,INSTALOVAT_A_SPUSTIT.bat,INSTALOVAT_A_SPUSTIT.bat,(root),.bat,launcher_script,c906f7770ad5a10561157e888042efd8697b63b768567c9b61dd39c5a8f9babc,,,undetermined,UNKNOWN_NEEDS_DECISION,contents not read: the reference tree was not available when this inventory was built,,
INSTALOVAT_CLAUDE_CODE.bat,INSTALOVAT_CLAUDE_CODE.bat,INSTALOVAT_CLAUDE_CODE.bat,(root),.bat,launcher_script,6bc70d6fcd2275d7215f974048cc30e387b74ee1d7ef8b0926f59ca696f9e409,,,undetermined,UNKNOWN_NEEDS_DECISION,contents not read: the reference tree was not available when this inventory was built,,
INSTRUMENT_LIBRARY_v1.json,INSTRUMENT_LIBRARY_v1.json,INSTRUMENT_LIBRARY_v1.json,(root),.json,json_data_or_config,26bd148ac02658375a4e82c3fd5c48e330fe1a05bf3099acce6f8b35ad49ba41,,,undetermined,UNKNOWN_NEEDS_DECISION,contents not read: the reference tree was not available when this inventory was built,,
INTEGRATION_QC_SOURCE_v17.csv,INTEGRATION_QC_SOURCE_v17.csv,INTEGRATION_QC_SOURCE_v17.csv,(root),.csv,csv_data_asset,1f23c516bcd87a09e42802213cd658d875a82b69255141859dedf92215c935fc,,,undetermined,UNKNOWN_NEEDS_DECISION,contents not read: the reference tree was not available when this inventory was built,,
JEN_CLAUDE_CODE.bat,JEN_CLAUDE_CODE.bat,JEN_CLAUDE_CODE.bat,(root),.bat,launcher_script,1df8f6eb8223c78a13c13e510dbbeb02ed4e7dce2989c6a4d2cd906d6e730f15,,,undetermined,UNKNOWN_NEEDS_DECISION,contents not read: the reference tree was not available when this inventory was built,,
JOINT_TAIL_QC_v17_1.csv,JOINT_TAIL_QC_v17_1.csv,JOINT_TAIL_QC_v17_1.csv,(root),.csv,csv_data_asset,3ade2f0eddf76d8b8fe6e6ab56c1725c0ea9f5a1bbdad86e367c6bdd48607814,,,undetermined,UNKNOWN_NEEDS_DECISION,contents not read: the reference tree was not available when this inventory was built,,
KNOWN_LIMITATIONS.md,KNOWN_LIMITATIONS.md,KNOWN_LIMITATIONS.md,(root),.md,documentation,200c689cf4a48209795f1bf14b6e43ef38084868a7d20d62c4f0f0713285544c,,,undetermined,UNKNOWN_NEEDS_DECISION,contents not read: the reference tree was not available when this inventory was built,,
KOMPLETNI_DOKUMENTACE.md,KOMPLETNI_DOKUMENTACE.md,KOMPLETNI_DOKUMENTACE.md,(root),.md,documentation,81766544268a556c53ed75c40396487cb1e0e99b4db75c7bfbbe51343a8286ee,,,undetermined,UNKNOWN_NEEDS_DECISION,contents not read: the reference tree was not available when this inventory was built,,
LATENT_BUILD_STATUS_v17_1.json,LATENT_BUILD_STATUS_v17_1.json,LATENT_BUILD_STATUS_v17_1.json,(root),.json,json_data_or_config,8b1c189460a7e2c6066ed99b9f88a9a23a475c5518d6bc427fb418730df46b53,,,undetermined,UNKNOWN_NEEDS_DECISION,contents not read: the reference tree was not available when this inventory was built,,
LATENT_FACTOR_AUDIT_v17_1.csv.gz,LATENT_FACTOR_AUDIT_v17_1.csv.gz,LATENT_FACTOR_AUDIT_v17_1.csv.gz,(root),.gz,compressed_data_asset,7473e4e57ff7823332d2c6fc8dcf51718fe200aa46a8cf498a0429cbedf22798,,,undetermined,UNKNOWN_NEEDS_DECISION,contents not read: the reference tree was not available when this inventory was built,,
LEGAL_APPROVALS.csv,LEGAL_APPROVALS.csv,LEGAL_APPROVALS.csv,(root),.csv,csv_data_asset,8f39e01cc5b77296c1e495492eeb746daca480730923f162957094bdf2d809d7,,,undetermined,UNKNOWN_NEEDS_DECISION,contents not read: the reference tree was not available when this inventory was built,,
LIVE_POPULATION_TARGETS_18_5.csv,LIVE_POPULATION_TARGETS_18_5.csv,LIVE_POPULATION_TARGETS_18_5.csv,(root),.csv,csv_data_asset,b8adb939975d661501c85fb14f765a49d98579d35ecb082d61b7b31dca14bdf0,,,undetermined,UNKNOWN_NEEDS_DECISION,contents not read: the reference tree was not available when this inventory was built,,
LLM_ABLATION_PROTOCOL_v17_1.md,LLM_ABLATION_PROTOCOL_v17_1.md,LLM_ABLATION_PROTOCOL_v17_1.md,(root),.md,documentation,3cb61553171f0735f08377f2f4f7d729588068d1fbfff8ba81c1c5830d01697c,,,undetermined,UNKNOWN_NEEDS_DECISION,contents not read: the reference tree was not available when this inventory was built,,
LLM_ABLATION_RESULTS_v17_1.csv,LLM_ABLATION_RESULTS_v17_1.csv,LLM_ABLATION_RESULTS_v17_1.csv,(root),.csv,csv_data_asset,85b2e69024a3f03c851f8ab0f61bf7642acbba5b4c3fa324a032af0699f715ad,,,undetermined,UNKNOWN_NEEDS_DECISION,contents not read: the reference tree was not available when this inventory was built,,
LLM_ABLATION_STATUS_v17_1.json,LLM_ABLATION_STATUS_v17_1.json,LLM_ABLATION_STATUS_v17_1.json,(root),.json,json_data_or_config,b32a67b9fc1204978ee98396b8bd343e17f8819bbd44a83a6ee231e3b82f460b,,,undetermined,UNKNOWN_NEEDS_DECISION,contents not read: the reference tree was not available when this inventory was built,,
MARGINAL_PRESERVATION_QC_v17_1.csv,MARGINAL_PRESERVATION_QC_v17_1.csv,MARGINAL_PRESERVATION_QC_v17_1.csv,(root),.csv,csv_data_asset,c652ec34831753f70ffdcd6532e28bb21eb89fb67d2349cc2eb36f7002164327,,,undetermined,UNKNOWN_NEEDS_DECISION,contents not read: the reference tree was not available when this inventory was built,,
MICRODATA_SOURCE_INVENTORY.csv,MICRODATA_SOURCE_INVENTORY.csv,MICRODATA_SOURCE_INVENTORY.csv,(root),.csv,csv_data_asset,4149e1dd034a18cce8e577602eb06e574c406369e0d3799b533e3b8b76c3373d,,,undetermined,UNKNOWN_NEEDS_DECISION,contents not read: the reference tree was not available when this inventory was built,,
MIGRATION_REPORT.json,MIGRATION_REPORT.json,MIGRATION_REPORT.json,(root),.json,json_data_or_config,754e94fda82d6457daf27669ec31c9686bd5139688b3325528ff20d2c971b158,,,undetermined,UNKNOWN_NEEDS_DECISION,contents not read: the reference tree was not available when this inventory was built,,
MISSING_PAYLOADS_18_5.csv,MISSING_PAYLOADS_18_5.csv,MISSING_PAYLOADS_18_5.csv,(root),.csv,csv_data_asset,23789cbc5b469d00f2fb1e495e203bfd66b45c1022dfca6f071035df4e8db1ee,,,undetermined,UNKNOWN_NEEDS_DECISION,contents not read: the reference tree was not available when this inventory was built,,
MIXED_PROVIDER_PROVENANCE_ACCEPTANCE.json,MIXED_PROVIDER_PROVENANCE_ACCEPTANCE.json,MIXED_PROVIDER_PROVENANCE_ACCEPTANCE.json,(root),.json,methodology_or_policy,3d8d12b7c7cdb90f7532bdcca7fd3491391030f91d2ba3c19189607e859fe5f0,,,undetermined,UNKNOWN_NEEDS_DECISION,contents not read: the reference tree was not available when this inventory was built,,
MMC_GEMO_FIX_FILE_MANIFEST.csv,MMC_GEMO_FIX_FILE_MANIFEST.csv,MMC_GEMO_FIX_FILE_MANIFEST.csv,(root),.csv,csv_data_asset,524cf6e1e04a09d54ada952049b88876d3d7152abfbf38e3dc52483233882550,,,undetermined,UNKNOWN_NEEDS_DECISION,contents not read: the reference tree was not available when this inventory was built,,
MMC_GEMO_FIX_IMPLEMENTATION_REPORT.md,MMC_GEMO_FIX_IMPLEMENTATION_REPORT.md,MMC_GEMO_FIX_IMPLEMENTATION_REPORT.md,(root),.md,documentation,4e3c2a942262c4c9650191f8d0db57a5252164daf7ffe0e17d1d30e539bfe522,,,undetermined,UNKNOWN_NEEDS_DECISION,contents not read: the reference tree was not available when this inventory was built,,
MMC_GEMO_FIX_SHA256SUMS.txt,MMC_GEMO_FIX_SHA256SUMS.txt,MMC_GEMO_FIX_SHA256SUMS.txt,(root),.txt,text,875f61be3117748789aff15f257d7ff0d1acb7abfde53533643329ee1687e6ac,,,undetermined,UNKNOWN_NEEDS_DECISION,contents not read: the reference tree was not available when this inventory was built,,
MODULE_MAP.md,MODULE_MAP.md,MODULE_MAP.md,(root),.md,documentation,13014dac5cab617097ecdef990b4dc7070ade27303baa65ebe4588a3a40ec08d,,,undetermined,UNKNOWN_NEEDS_DECISION,contents not read: the reference tree was not available when this inventory was built,,
NPC_AI_DIAGNOSTIKA.py,NPC_AI_DIAGNOSTIKA.py,NPC_AI_DIAGNOSTIKA.py,(root),.py,python_application_source,9f9a4884b9bbbf84c5058b91a69ddab236faff9b6165a10772076edb5f29344e,,,undetermined,UNKNOWN_NEEDS_DECISION,contents not read: the reference tree was not available when this inventory was built,,
NPC_JEN_CLAUDE_CODE.py,NPC_JEN_CLAUDE_CODE.py,NPC_JEN_CLAUDE_CODE.py,(root),.py,python_application_source,b3e0ba3a0e6a2facff1946e0199799177927727d4d80108c93bb75a655a4b920,,,undetermined,UNKNOWN_NEEDS_DECISION,contents not read: the reference tree was not available when this inventory was built,,
OPRAVIT_INSTALACI.bat,OPRAVIT_INSTALACI.bat,OPRAVIT_INSTALACI.bat,(root),.bat,launcher_script,aba6b14a68e9a0d23101f68f3344355c2a54c7f494a946b76696ee817c1b78c3,,,undetermined,UNKNOWN_NEEDS_DECISION,contents not read: the reference tree was not available when this inventory was built,,
OUT_OF_SAMPLE_VALIDATION_v17_1.csv,OUT_OF_SAMPLE_VALIDATION_v17_1.csv,OUT_OF_SAMPLE_VALIDATION_v17_1.csv,(root),.csv,csv_data_asset,c3e58952f8be4b0bb81525b40bd61d585201d9f6a294b7ed6f6e853e8a9fd041,,,undetermined,UNKNOWN_NEEDS_DECISION,contents not read: the reference tree was not available when this inventory was built,,
PART_1_README.md,PART_1_README.md,PART_1_README.md,(root),.md,documentation,e94f78d89c14bab2ee7bc4672845e90459cddd9b7368bfb5007871a9598b99a3,,,undetermined,UNKNOWN_NEEDS_DECISION,contents not read: the reference tree was not available when this inventory was built,,
PART_2_README.md,PART_2_README.md,PART_2_README.md,(root),.md,documentation,85d1a2396ae8e78eb055819bac708974679f62c70149a979f6c2e53f931f0c2d,,,undetermined,UNKNOWN_NEEDS_DECISION,contents not read: the reference tree was not available when this inventory was built,,
PART_3_README.md,PART_3_README.md,PART_3_README.md,(root),.md,documentation,627166488c75810a14a9fbfd667471cfbe00324ef951e691edba7f49ed920f57,,,undetermined,UNKNOWN_NEEDS_DECISION,contents not read: the reference tree was not available when this inventory was built,,
PERSONA_PROFILE_DICTIONARY_v1.csv,PERSONA_PROFILE_DICTIONARY_v1.csv,PERSONA_PROFILE_DICTIONARY_v1.csv,(root),.csv,csv_data_asset,bf3deafcb7096906f8b1ee443bf8d31346a032741e43340b928d2b1c137b8d36,,,undetermined,UNKNOWN_NEEDS_DECISION,contents not read: the reference tree was not available when this inventory was built,,
PERSONA_PROFILE_REGISTRY_v1.json,PERSONA_PROFILE_REGISTRY_v1.json,PERSONA_PROFILE_REGISTRY_v1.json,(root),.json,methodology_or_policy,7eb74a1becd71d88ae68f5fe271847dacd64f93dc5aef9b0806d2a5c97eb7b72,,,undetermined,UNKNOWN_NEEDS_DECISION,contents not read: the reference tree was not available when this inventory was built,,
PERSONA_SIGNAL_CATALOG_v17.csv,PERSONA_SIGNAL_CATALOG_v17.csv,PERSONA_SIGNAL_CATALOG_v17.csv,(root),.csv,csv_data_asset,75e0acf7cabae4d13dbc9177d9546ca6b0eecb4a9e6a5ac2780ba19970a590d8,,,undetermined,UNKNOWN_NEEDS_DECISION,contents not read: the reference tree was not available when this inventory was built,,
PERSONA_VALUE_LABELS_v17.json,PERSONA_VALUE_LABELS_v17.json,PERSONA_VALUE_LABELS_v17.json,(root),.json,json_data_or_config,9bc4866fbad7d2dede416a8053377c242de1e6c9589bda3e96fa777e8ffc29f5,,,undetermined,UNKNOWN_NEEDS_DECISION,contents not read: the reference tree was not available when this inventory was built,,
PRODUCT_DOCUMENTATION.md,PRODUCT_DOCUMENTATION.md,PRODUCT_DOCUMENTATION.md,(root),.md,documentation,3131143b9be09e3c45903393fe5d13a89561dd706222d7f3a83fe84a0a3a672d,,,undetermined,UNKNOWN_NEEDS_DECISION,contents not read: the reference tree was not available when this inventory was built,,
PRODUCT_POLICY.json,PRODUCT_POLICY.json,PRODUCT_POLICY.json,(root),.json,methodology_or_policy,8b7cca1365469a7d8219f9bd89b46768ebe12a15095cce323ccc297e18e89ddf,,,undetermined,UNKNOWN_NEEDS_DECISION,contents not read: the reference tree was not available when this inventory was built,,
PROJECT_BATCH_1_README.md,PROJECT_BATCH_1_README.md,PROJECT_BATCH_1_README.md,(root),.md,documentation,5b26f7f9ad4814f237120734cee2aa18bf7dca7de44fcafc3171f95f6cce5762,,,undetermined,UNKNOWN_NEEDS_DECISION,contents not read: the reference tree was not available when this inventory was built,,
PROJECT_HISTORY_ACCEPTANCE.json,PROJECT_HISTORY_ACCEPTANCE.json,PROJECT_HISTORY_ACCEPTANCE.json,(root),.json,methodology_or_policy,759b0794cebe9b2b3a5ba6dd2668358a4448541c35515dbeafed201229a15043,,,undetermined,UNKNOWN_NEEDS_DECISION,contents not read: the reference tree was not available when this inventory was built,,
PROJECT_PERSISTENCE_ARCHITECTURE.md,PROJECT_PERSISTENCE_ARCHITECTURE.md,PROJECT_PERSISTENCE_ARCHITECTURE.md,(root),.md,documentation,753112853d7746ed7b57a1158c5019b474715028756c10b6fa438d89383ed9b4,,,undetermined,UNKNOWN_NEEDS_DECISION,contents not read: the reference tree was not available when this inventory was built,,
PROJECT_PIPELINE_ACCEPTANCE.json,PROJECT_PIPELINE_ACCEPTANCE.json,PROJECT_PIPELINE_ACCEPTANCE.json,(root),.json,methodology_or_policy,90e04369203986bfe896071297a659f013aba24c324df55c3160d51274c6f7cb,,,undetermined,UNKNOWN_NEEDS_DECISION,contents not read: the reference tree was not available when this inventory was built,,
PROJECT_POLICY.json,PROJECT_POLICY.json,PROJECT_POLICY.json,(root),.json,methodology_or_policy,9a88e9b7d02f8d572ae7afbe32ee60fa502df41a35244c8acc6952a2025bf44e,,,undetermined,UNKNOWN_NEEDS_DECISION,contents not read: the reference tree was not available when this inventory was built,,
PROJECT_STATE.json,PROJECT_STATE.json,PROJECT_STATE.json,(root),.json,json_data_or_config,1fe5602c308c71769c5ae80c3e0314644fe491ace7ad1bb68e0cd6387c2d5f6f,,,undetermined,UNKNOWN_NEEDS_DECISION,contents not read: the reference tree was not available when this inventory was built,,
PROVIDER_ARCHITECTURE_CLAUDE.md,PROVIDER_ARCHITECTURE_CLAUDE.md,PROVIDER_ARCHITECTURE_CLAUDE.md,(root),.md,documentation,e42aa6dce9111fd3fc42dcda1482cd9d211ca87c078a57998f3db489b97128e2,,,undetermined,UNKNOWN_NEEDS_DECISION,contents not read: the reference tree was not available when this inventory was built,,
PSYCH_BEHAVIOR_RULES_v17.csv,PSYCH_BEHAVIOR_RULES_v17.csv,PSYCH_BEHAVIOR_RULES_v17.csv,(root),.csv,csv_data_asset,7f7931d4771607d3737fdb7c51aa6f27920e8bc71e0956b23bc62e44eff3e7cd,,,undetermined,UNKNOWN_NEEDS_DECISION,contents not read: the reference tree was not available when this inventory was built,,
PSYCH_BEHAVIOR_RULES_v17_1.csv,PSYCH_BEHAVIOR_RULES_v17_1.csv,PSYCH_BEHAVIOR_RULES_v17_1.csv,(root),.csv,csv_data_asset,d817383603f2a78ff302efd81760a62b4fb79f491defad717e55c5731d8f3b3a,,,undetermined,UNKNOWN_NEEDS_DECISION,contents not read: the reference tree was not available when this inventory was built,,
QUICKSTART.md,QUICKSTART.md,QUICKSTART.md,(root),.md,documentation,b7fe3f611d65c6f5bbe27a1afa59e18337c6dd6da26dda622b0ce7df96f84f33,,,undetermined,UNKNOWN_NEEDS_DECISION,contents not read: the reference tree was not available when this inventory was built,,
QUOTA_RESUME_17_8_8.md,QUOTA_RESUME_17_8_8.md,QUOTA_RESUME_17_8_8.md,(root),.md,documentation,7fa48243243c44e5d5642196c7aedfeec6458475590949a373b072ae05a748f7,,,undetermined,UNKNOWN_NEEDS_DECISION,contents not read: the reference tree was not available when this inventory was built,,
README.md,README.md,README.md,(root),.md,documentation,8e8b5231ef924de582301a6bda3054875155cb72c0dfa952d7efa4f7aa9c0787,,,undetermined,UNKNOWN_NEEDS_DECISION,contents not read: the reference tree was not available when this inventory was built,,
README_BATCH_1_RECONSTRUCTED.md,README_BATCH_1_RECONSTRUCTED.md,README_BATCH_1_RECONSTRUCTED.md,(root),.md,documentation,a518e39ad7e3cf26be19fdd196c33abf99cf8da411201d3f6216998d706fe8f9,,,undetermined,UNKNOWN_NEEDS_DECISION,contents not read: the reference tree was not available when this inventory was built,,
README_MMC_GEMO_CANONICAL_FIX.md,README_MMC_GEMO_CANONICAL_FIX.md,README_MMC_GEMO_CANONICAL_FIX.md,(root),.md,documentation,8ad76ea065f9010068dd3f77c224b12fed824f5b9103a96d0552fad4c3bf85a8,,,undetermined,UNKNOWN_NEEDS_DECISION,contents not read: the reference tree was not available when this inventory was built,,
README_MMC_GEMO_RESPONDENT_SEGMENT_CHAT_FIX.md,README_MMC_GEMO_RESPONDENT_SEGMENT_CHAT_FIX.md,README_MMC_GEMO_RESPONDENT_SEGMENT_CHAT_FIX.md,(root),.md,documentation,8aa8d463aaf05c5e95d102cd886d6f970ce008e761c15c2bd84badf44a60cd33,,,undetermined,UNKNOWN_NEEDS_DECISION,contents not read: the reference tree was not available when this inventory was built,,
REDESIGN_17_8_2.md,REDESIGN_17_8_2.md,REDESIGN_17_8_2.md,(root),.md,documentation,dc8d496c966de88834fd1f4a8c3e906bae373a7cfe8294ac703023f082098c03,,,undetermined,UNKNOWN_NEEDS_DECISION,contents not read: the reference tree was not available when this inventory was built,,
REGRESSION_RESULTS.json,REGRESSION_RESULTS.json,REGRESSION_RESULTS.json,(root),.json,json_data_or_config,191f15151258ce89a652ea115e9d02ea99d65056413c849d624811b6a9320192,,,undetermined,UNKNOWN_NEEDS_DECISION,contents not read: the reference tree was not available when this inventory was built,,
RELEASE_GATE_v17.csv,RELEASE_GATE_v17.csv,RELEASE_GATE_v17.csv,(root),.csv,csv_data_asset,219e7a2a43eea467a5d2815d27446e64e6193d4bc8e33fb56041b88a15773a61,,,undetermined,UNKNOWN_NEEDS_DECISION,contents not read: the reference tree was not available when this inventory was built,,
RELEASE_GATE_v17.json,RELEASE_GATE_v17.json,RELEASE_GATE_v17.json,(root),.json,methodology_or_policy,e7900a3a3d97098a176a75e9b648aafdbda5ac8611e011c65fd0e9f4cb4f55e7,,,undetermined,UNKNOWN_NEEDS_DECISION,contents not read: the reference tree was not available when this inventory was built,,
RELEASE_STATE.json,RELEASE_STATE.json,RELEASE_STATE.json,(root),.json,json_data_or_config,10d5ef428cdcd1da7a2c28bbeac56ab945b0705949b45c8fd9ca89df715fa80b,,,undetermined,UNKNOWN_NEEDS_DECISION,contents not read: the reference tree was not available when this inventory was built,,
REMOVE_NPC_AUTOSTART.bat,REMOVE_NPC_AUTOSTART.bat,REMOVE_NPC_AUTOSTART.bat,(root),.bat,launcher_script,488c81f014df8622047582497ba20c6c136a17386ffed19d116011a4cd20f1ee,,,undetermined,UNKNOWN_NEEDS_DECISION,contents not read: the reference tree was not available when this inventory was built,,
REPORT_COMPLETION_17_8_4.md,REPORT_COMPLETION_17_8_4.md,REPORT_COMPLETION_17_8_4.md,(root),.md,documentation,a03a92c8da9619565449e94411b4e47a27f9fbdd783563ad1d2ae2c7dc23b8aa,,,undetermined,UNKNOWN_NEEDS_DECISION,contents not read: the reference tree was not available when this inventory was built,,
RESEARCH_E2E_ACCEPTANCE.json,RESEARCH_E2E_ACCEPTANCE.json,RESEARCH_E2E_ACCEPTANCE.json,(root),.json,methodology_or_policy,b7ed1cddf6eabef7354568b59231bf1da9cc16127f8f562164ccfb05ffe7200d,,,undetermined,UNKNOWN_NEEDS_DECISION,contents not read: the reference tree was not available when this inventory was built,,
RESPONDENT_AUDIT_v17.csv,RESPONDENT_AUDIT_v17.csv,RESPONDENT_AUDIT_v17.csv,(root),.csv,csv_data_asset,f544f1c6d0c18216597cb0e46c4ca4fc3ed15e908aaa48f6a95b13fb82c790b4,,,undetermined,UNKNOWN_NEEDS_DECISION,contents not read: the reference tree was not available when this inventory was built,,
RESPONDENT_AUDIT_v17_1.csv,RESPONDENT_AUDIT_v17_1.csv,RESPONDENT_AUDIT_v17_1.csv,(root),.csv,csv_data_asset,42ce6b3d73425e23c292281c436f4255a80299097fc1fc7d2a19773b05e11aed,,,undetermined,UNKNOWN_NEEDS_DECISION,contents not read: the reference tree was not available when this inventory was built,,
RESPONDENT_RESILIENCE_17_8_5.md,RESPONDENT_RESILIENCE_17_8_5.md,RESPONDENT_RESILIENCE_17_8_5.md,(root),.md,documentation,0a0783887d85289b90b749febc9775743e223529feba6dff81d5286e23c13cc6,,,undetermined,UNKNOWN_NEEDS_DECISION,contents not read: the reference tree was not available when this inventory was built,,
RESPONDENT_SEGMENT_DIALOGUE_18_6_6.md,RESPONDENT_SEGMENT_DIALOGUE_18_6_6.md,RESPONDENT_SEGMENT_DIALOGUE_18_6_6.md,(root),.md,documentation,a2cf1aae91f7a7021583c223c1502b0de1a26817f2dd016721a0caf0b003cda0,,,undetermined,UNKNOWN_NEEDS_DECISION,contents not read: the reference tree was not available when this inventory was built,,
RESULTS_GUARANTEE_17_8_7.md,RESULTS_GUARANTEE_17_8_7.md,RESULTS_GUARANTEE_17_8_7.md,(root),.md,documentation,965707978e7f2cb5b98021ffa36f97770dff4a4d19bb47dccf035ea79bdc3155,,,undetermined,UNKNOWN_NEEDS_DECISION,contents not read: the reference tree was not available when this inventory was built,,
RESULTS_GUARANTEE_ACCEPTANCE.json,RESULTS_GUARANTEE_ACCEPTANCE.json,RESULTS_GUARANTEE_ACCEPTANCE.json,(root),.json,methodology_or_policy,4648a2e2ad6cc7ed3cc6ddde6fded05bb1717662385f2406fb1c3d3bd217c658,,,undetermined,UNKNOWN_NEEDS_DECISION,contents not read: the reference tree was not available when this inventory was built,,
SHA256SUMS.txt,SHA256SUMS.txt,SHA256SUMS.txt,(root),.txt,text,5d234feb5656e6c915cd03af647e10027ea38426d36e0bf3c9783a9b99e45b55,,,undetermined,UNKNOWN_NEEDS_DECISION,contents not read: the reference tree was not available when this inventory was built,,
SHA256SUMS_FINAL_18_6_5.txt,SHA256SUMS_FINAL_18_6_5.txt,SHA256SUMS_FINAL_18_6_5.txt,(root),.txt,text,ef404fd1cc552cfdfe09e1397cd4261e44a83b8d6a4220eb5769dccc00ae5c21,,,undetermined,UNKNOWN_NEEDS_DECISION,contents not read: the reference tree was not available when this inventory was built,,
SIMULATION_E2E_ACCEPTANCE.json,SIMULATION_E2E_ACCEPTANCE.json,SIMULATION_E2E_ACCEPTANCE.json,(root),.json,methodology_or_policy,cbf726d7b23b91ec68b99459b8cd639b025929c25102a9f02fd18c0ed384d328,,,undetermined,UNKNOWN_NEEDS_DECISION,contents not read: the reference tree was not available when this inventory was built,,
SIMULATION_STABILITY_17_8_6.md,SIMULATION_STABILITY_17_8_6.md,SIMULATION_STABILITY_17_8_6.md,(root),.md,documentation,0f662fd1913a9e6b6c4437b126be6aaa88dedb024819bc9027a722f7022d5fc8,,,undetermined,UNKNOWN_NEEDS_DECISION,contents not read: the reference tree was not available when this inventory was built,,
SOURCE_AVAILABILITY_18_5.csv,SOURCE_AVAILABILITY_18_5.csv,SOURCE_AVAILABILITY_18_5.csv,(root),.csv,csv_data_asset,46cbb49e57c0471552c6fb293e8de9c284c0f7b1b1d4787fa3498305b816b0fb,,,undetermined,UNKNOWN_NEEDS_DECISION,contents not read: the reference tree was not available when this inventory was built,,
SPECIAL_PANELS/foreigners/foreign_russian.csv.gz,SPECIAL_PANELS/foreigners/foreign_russian.csv.gz,foreign_russian.csv.gz,SPECIAL_PANELS,.gz,compressed_data_asset,2b4ee69ce631f2d218aa6524012b9446bf8bda5dd048ca028917f0d2f5004997,,,undetermined,UNKNOWN_NEEDS_DECISION,contents not read: the reference tree was not available when this inventory was built,,
SPECIAL_PANELS/foreigners/foreign_slovak.csv.gz,SPECIAL_PANELS/foreigners/foreign_slovak.csv.gz,foreign_slovak.csv.gz,SPECIAL_PANELS,.gz,compressed_data_asset,419fb54bd68749af9222350e7b3d72c490f822ac2199b17df0a9b06275e1b272,,,undetermined,UNKNOWN_NEEDS_DECISION,contents not read: the reference tree was not available when this inventory was built,,
SPECIAL_PANELS/foreigners/foreign_ukrainian.csv.gz,SPECIAL_PANELS/foreigners/foreign_ukrainian.csv.gz,foreign_ukrainian.csv.gz,SPECIAL_PANELS,.gz,compressed_data_asset,13d9acc0a92387f3520c2c9ed6033aceec09bdaa3035fd4629a968a1470c4733,,,undetermined,UNKNOWN_NEEDS_DECISION,contents not read: the reference tree was not available when this inventory was built,,
SPECIAL_PANELS/foreigners/foreign_vietnamese.csv.gz,SPECIAL_PANELS/foreigners/foreign_vietnamese.csv.gz,foreign_vietnamese.csv.gz,SPECIAL_PANELS,.gz,compressed_data_asset,b27730f690505e7cc6d70993470f23dfe8d033032aa06984ce2261ea7ec2b460,,,undetermined,UNKNOWN_NEEDS_DECISION,contents not read: the reference tree was not available when this inventory was built,,
SPECIAL_PANELS/foreigners/foreigners_overall_top4_proxy.csv.gz,SPECIAL_PANELS/foreigners/foreigners_overall_top4_proxy.csv.gz,foreigners_overall_top4_proxy.csv.gz,SPECIAL_PANELS,.gz,compressed_data_asset,d3e91c9e2e001d36c73808a98a381e92521a7d410f9fe4e246d1388e36741f23,,,undetermined,UNKNOWN_NEEDS_DECISION,contents not read: the reference tree was not available when this inventory was built,,
SPECIAL_PANELS/industry/construction_ecosystem.csv.gz,SPECIAL_PANELS/industry/construction_ecosystem.csv.gz,construction_ecosystem.csv.gz,SPECIAL_PANELS,.gz,compressed_data_asset,dc56f79205477033dfb56f69f22ebcf5be61ebbbcdcb7b70c1659392702745af,,,undetermined,UNKNOWN_NEEDS_DECISION,contents not read: the reference tree was not available when this inventory was built,,
SPECIAL_PANELS/industry/healthcare_clinical_professionals.csv.gz,SPECIAL_PANELS/industry/healthcare_clinical_professionals.csv.gz,healthcare_clinical_professionals.csv.gz,SPECIAL_PANELS,.gz,compressed_data_asset,72b5380cc85806166663e2ca8afd2af71630371f3109eda65f6113930e60dcd2,,,undetermined,UNKNOWN_NEEDS_DECISION,contents not read: the reference tree was not available when this inventory was built,,
SPECIAL_PANELS/industry/healthcare_material_ecosystem.csv.gz,SPECIAL_PANELS/industry/healthcare_material_ecosystem.csv.gz,healthcare_material_ecosystem.csv.gz,SPECIAL_PANELS,.gz,compressed_data_asset,c5010a7ff40257199b156625a9b224b96dfd2c8260084386796e012e6c2f6c88,,,undetermined,UNKNOWN_NEEDS_DECISION,contents not read: the reference tree was not available when this inventory was built,,
SPECIAL_PANELS/industry/procurement_buyers.csv.gz,SPECIAL_PANELS/industry/procurement_buyers.csv.gz,procurement_buyers.csv.gz,SPECIAL_PANELS,.gz,compressed_data_asset,20a579666a13e9e340ba070ed158a71caef910a3aec2c2f94d0462d056b12837,,,undetermined,UNKNOWN_NEEDS_DECISION,contents not read: the reference tree was not available when this inventory was built,,
SPECIAL_PANELS/industry/real_estate_professionals.csv.gz,SPECIAL_PANELS/industry/real_estate_professionals.csv.gz,real_estate_professionals.csv.gz,SPECIAL_PANELS,.gz,compressed_data_asset,2b218e56ebc39896f9087b8f41e0412559b8dfe8616a32188eb04d5b96ef90f9,,,undetermined,UNKNOWN_NEEDS_DECISION,contents not read: the reference tree was not available when this inventory was built,,
SPECIAL_PANELS/minorities/minority_german.csv.gz,SPECIAL_PANELS/minorities/minority_german.csv.gz,minority_german.csv.gz,SPECIAL_PANELS,.gz,compressed_data_asset,29a2e386632d5676ddc28dcfedc3299916c4b25290b97de4c250a44254f849b8,,,undetermined,UNKNOWN_NEEDS_DECISION,contents not read: the reference tree was not available when this inventory was built,,
SPECIAL_PANELS/minorities/minority_moravian.csv.gz,SPECIAL_PANELS/minorities/minority_moravian.csv.gz,minority_moravian.csv.gz,SPECIAL_PANELS,.gz,compressed_data_asset,1dde4b9045ccebe4fac216333c602541398b8e8b3c9927c2e9a67b2cebd852d4,,,undetermined,UNKNOWN_NEEDS_DECISION,contents not read: the reference tree was not available when this inventory was built,,
SPECIAL_PANELS/minorities/minority_polish.csv.gz,SPECIAL_PANELS/minorities/minority_polish.csv.gz,minority_polish.csv.gz,SPECIAL_PANELS,.gz,compressed_data_asset,dc2e6ab83147d5342f5ea27db25f6706194816a15096c1b9aa6bd97f5a57f9cd,,,undetermined,UNKNOWN_NEEDS_DECISION,contents not read: the reference tree was not available when this inventory was built,,
SPECIAL_PANELS/minorities/minority_roma_selfdeclared.csv.gz,SPECIAL_PANELS/minorities/minority_roma_selfdeclared.csv.gz,minority_roma_selfdeclared.csv.gz,SPECIAL_PANELS,.gz,compressed_data_asset,c1c2306f75cb14ef68f100dd0a6502e96d4e8d24cce077ea6f5ef9a78aa9f6cf,,,undetermined,UNKNOWN_NEEDS_DECISION,contents not read: the reference tree was not available when this inventory was built,,
SPECIAL_PANELS/minorities/minority_silesian.csv.gz,SPECIAL_PANELS/minorities/minority_silesian.csv.gz,minority_silesian.csv.gz,SPECIAL_PANELS,.gz,compressed_data_asset,353000f86b6ec5cad7655902b5734b5240367b6f6f003603ab83967f19a51ca2,,,undetermined,UNKNOWN_NEEDS_DECISION,contents not read: the reference tree was not available when this inventory was built,,
SPECIAL_PANELS/minorities/minority_slovak_declared.csv.gz,SPECIAL_PANELS/minorities/minority_slovak_declared.csv.gz,minority_slovak_declared.csv.gz,SPECIAL_PANELS,.gz,compressed_data_asset,eb2ab15e082b246158258aa5c9d52a4c17497772d3dfb9832e9607a9c2532b4c,,,undetermined,UNKNOWN_NEEDS_DECISION,contents not read: the reference tree was not available when this inventory was built,,
SPECIAL_PANELS/minorities/minority_ukrainian_declared.csv.gz,SPECIAL_PANELS/minorities/minority_ukrainian_declared.csv.gz,minority_ukrainian_declared.csv.gz,SPECIAL_PANELS,.gz,compressed_data_asset,032fa6ea8fc4063f6622e49f5865f6d017a1c94c360071204d42bdd2efa6e889,,,undetermined,UNKNOWN_NEEDS_DECISION,contents not read: the reference tree was not available when this inventory was built,,
SPECIAL_PANELS/minorities/minority_vietnamese_declared.csv.gz,SPECIAL_PANELS/minorities/minority_vietnamese_declared.csv.gz,minority_vietnamese_declared.csv.gz,SPECIAL_PANELS,.gz,compressed_data_asset,32f7bfce96f87c892d4a2abdf8153a08191f06c9e6bf46c8334e321e60d1ad17,,,undetermined,UNKNOWN_NEEDS_DECISION,contents not read: the reference tree was not available when this inventory was built,,
SPECIAL_PANEL_QC_SOURCE_v17.csv,SPECIAL_PANEL_QC_SOURCE_v17.csv,SPECIAL_PANEL_QC_SOURCE_v17.csv,(root),.csv,csv_data_asset,07f9540e1c5a1f149dc79aa27d282b3ece978c4a825b002e2aad8446c0db345a,,,undetermined,UNKNOWN_NEEDS_DECISION,contents not read: the reference tree was not available when this inventory was built,,
SPECIAL_PANEL_REGISTRY_v17.csv,SPECIAL_PANEL_REGISTRY_v17.csv,SPECIAL_PANEL_REGISTRY_v17.csv,(root),.csv,csv_data_asset,a398cf4ce4d834781eda259d3d19b3f7e466e29f7640677b6bdb5c24eab44958,,,undetermined,UNKNOWN_NEEDS_DECISION,contents not read: the reference tree was not available when this inventory was built,,
SPECIAL_PANEL_REGISTRY_v17.json,SPECIAL_PANEL_REGISTRY_v17.json,SPECIAL_PANEL_REGISTRY_v17.json,(root),.json,methodology_or_policy,6dd240f585138deab609545b69b8a6241bd6dfd60e125f6592c2f585cc47b000,,,undetermined,UNKNOWN_NEEDS_DECISION,contents not read: the reference tree was not available when this inventory was built,,
STARTUP_HOTFIX_17_8_1.md,STARTUP_HOTFIX_17_8_1.md,STARTUP_HOTFIX_17_8_1.md,(root),.md,documentation,8557731a394815c4b94717cdf4f2dab1beb2a8520e8bdb85dd9cac4750be720f,,,undetermined,UNKNOWN_NEEDS_DECISION,contents not read: the reference tree was not available when this inventory was built,,
START_HERE_CZ.md,START_HERE_CZ.md,START_HERE_CZ.md,(root),.md,documentation,a3a19eb82fa9f2095e2abdd68f66df5688f27b9665616011e5bcb2b119ea9102,,,undetermined,UNKNOWN_NEEDS_DECISION,contents not read: the reference tree was not available when this inventory was built,,
START_HERE_FIXED.txt,START_HERE_FIXED.txt,START_HERE_FIXED.txt,(root),.txt,text,745878da22d15d64f7f338afce1349e2b1bdf1a8c4f177c61f033e76cdf56182,,,undetermined,UNKNOWN_NEEDS_DECISION,contents not read: the reference tree was not available when this inventory was built,,
START_HERE_RESEARCH_OS.txt,START_HERE_RESEARCH_OS.txt,START_HERE_RESEARCH_OS.txt,(root),.txt,text,93773adf9a11f5b8f1ebc8ecaa833984e15e93577313220953eab374aeb0b4ce,,,undetermined,UNKNOWN_NEEDS_DECISION,contents not read: the reference tree was not available when this inventory was built,,
START_NPC.bat,START_NPC.bat,START_NPC.bat,(root),.bat,launcher_script,c906f7770ad5a10561157e888042efd8697b63b768567c9b61dd39c5a8f9babc,,,undetermined,UNKNOWN_NEEDS_DECISION,contents not read: the reference tree was not available when this inventory was built,,
START_NPC.sh,START_NPC.sh,START_NPC.sh,(root),.sh,launcher_script,391500496b7648ebec6bfb87e1af114fc27de1d50f270c0483c837a0c573c56e,,,undetermined,UNKNOWN_NEEDS_DECISION,contents not read: the reference tree was not available when this inventory was built,,
START_NPC_AUTOSTART.bat,START_NPC_AUTOSTART.bat,START_NPC_AUTOSTART.bat,(root),.bat,launcher_script,a2ce20f1f27d07cad1305f3e9ba2014f09b991d533b9bba56276dfb20ec9bc5e,,,undetermined,UNKNOWN_NEEDS_DECISION,contents not read: the reference tree was not available when this inventory was built,,
START_NPC_CONSOLE.bat,START_NPC_CONSOLE.bat,START_NPC_CONSOLE.bat,(root),.bat,launcher_script,c906f7770ad5a10561157e888042efd8697b63b768567c9b61dd39c5a8f9babc,,,undetermined,UNKNOWN_NEEDS_DECISION,contents not read: the reference tree was not available when this inventory was built,,
SUBPANEL_SUPPORT_v17.csv,SUBPANEL_SUPPORT_v17.csv,SUBPANEL_SUPPORT_v17.csv,(root),.csv,csv_data_asset,74550307946d13ba20354d46e968725119a593a2e9896d6dee86563e48e371c9,,,undetermined,UNKNOWN_NEEDS_DECISION,contents not read: the reference tree was not available when this inventory was built,,
TEST_BACKEND.bat,TEST_BACKEND.bat,TEST_BACKEND.bat,(root),.bat,launcher_script,d3b174118dfa4da6fe1e1ea6aef652a83c54f456d32979eb9be3ba8cef8687f4,,,undetermined,UNKNOWN_NEEDS_DECISION,contents not read: the reference tree was not available when this inventory was built,,
TYPOLOGY_REFERENCE_2026.json,TYPOLOGY_REFERENCE_2026.json,TYPOLOGY_REFERENCE_2026.json,(root),.json,json_data_or_config,4da7693d2714413cfc29cb842a21f0b1c15f41d3aff517c349c6530711e563da,,,undetermined,UNKNOWN_NEEDS_DECISION,contents not read: the reference tree was not available when this inventory was built,,
UX_UPDATES_17_8_5.md,UX_UPDATES_17_8_5.md,UX_UPDATES_17_8_5.md,(root),.md,documentation,89f9042194c0a4084996719727c134ae9cedf8dc298fd586655def5679b579af,,,undetermined,UNKNOWN_NEEDS_DECISION,contents not read: the reference tree was not available when this inventory was built,,
V17_TARGETED_TESTS.csv,V17_TARGETED_TESTS.csv,V17_TARGETED_TESTS.csv,(root),.csv,csv_data_asset,097ead40a87d20cd683a2a112e2f88c319753d753cd396a3d74c178beeea05e2,,,undetermined,UNKNOWN_NEEDS_DECISION,contents not read: the reference tree was not available when this inventory was built,,
V17_TARGETED_TESTS.json,V17_TARGETED_TESTS.json,V17_TARGETED_TESTS.json,(root),.json,json_data_or_config,e10896b514bec4b2c9e58cb801f4d7bd4774f0f599ba6b878db329a4a8a77f78,,,undetermined,UNKNOWN_NEEDS_DECISION,contents not read: the reference tree was not available when this inventory was built,,
VALIDATION_ANCHORS.json,VALIDATION_ANCHORS.json,VALIDATION_ANCHORS.json,(root),.json,json_data_or_config,a85ed483a25e179b81d5f4349e671eb7cf0103238f6e928ca2d755e33e526bb3,,,undetermined,UNKNOWN_NEEDS_DECISION,contents not read: the reference tree was not available when this inventory was built,,
VALIDATION_EVIDENCE.json,VALIDATION_EVIDENCE.json,VALIDATION_EVIDENCE.json,(root),.json,json_data_or_config,5dc4d11595fbff8ff93d0d3a1005ce175c877a630d5ccc3c90eb669fa1de7050,,,undetermined,UNKNOWN_NEEDS_DECISION,contents not read: the reference tree was not available when this inventory was built,,
VALIDATION_PROTOCOL.md,VALIDATION_PROTOCOL.md,VALIDATION_PROTOCOL.md,(root),.md,documentation,d3c196ca1a112d9f056e7283e868c7f7730bb0a133f3d435d9f7316705f98e16,,,undetermined,UNKNOWN_NEEDS_DECISION,contents not read: the reference tree was not available when this inventory was built,,
WINDOWS_FIND_PYTHON.ps1,WINDOWS_FIND_PYTHON.ps1,WINDOWS_FIND_PYTHON.ps1,(root),.ps1,launcher_script,330f9480bbb440054cce7c0e4b825597d6a43e10e7e87073706f2cad6c3fad23,,,undetermined,UNKNOWN_NEEDS_DECISION,contents not read: the reference tree was not available when this inventory was built,,
_npc_update_backup/GEMO_REPUTACNI_SCENARE_2026-09-11/DEMO_SIMULATION_SEED.json,_npc_update_backup/GEMO_REPUTACNI_SCENARE_2026-09-11/DEMO_SIMULATION_SEED.json,DEMO_SIMULATION_SEED.json,_npc_update_backup,.json,json_data_or_config,2a3c57cfa99a8b0d83d685ea8aa88810eb74c9d795b3cde0dcab2f1712ae1e8e,,,undetermined,UNKNOWN_NEEDS_DECISION,contents not read: the reference tree was not available when this inventory was built,,
_npc_update_backup/GEMO_REPUTACNI_SCENARE_2026-09-11/PROJECT_HISTORY_DEMO.json,_npc_update_backup/GEMO_REPUTACNI_SCENARE_2026-09-11/PROJECT_HISTORY_DEMO.json,PROJECT_HISTORY_DEMO.json,_npc_update_backup,.json,json_data_or_config,a30a3bf4528195c375e3c82115fac72cc9772a4beddd65ccc3ffd9d14512d4ca,,,undetermined,UNKNOWN_NEEDS_DECISION,contents not read: the reference tree was not available when this inventory was built,,
_npc_update_backup/GEMO_REPUTACNI_SCENARE_2026-09-11/README.md,_npc_update_backup/GEMO_REPUTACNI_SCENARE_2026-09-11/README.md,README.md,_npc_update_backup,.md,documentation,14cbf20af2654ea36b0ff23c3fba4ffb5ef1e3a79d543e9a59e7a0a3ca209a22,,,undetermined,UNKNOWN_NEEDS_DECISION,contents not read: the reference tree was not available when this inventory was built,,
_npc_update_backup/GEMO_REPUTACNI_SCENARE_2026-09-11/SIMULATION_PREVIEW.html,_npc_update_backup/GEMO_REPUTACNI_SCENARE_2026-09-11/SIMULATION_PREVIEW.html,SIMULATION_PREVIEW.html,_npc_update_backup,.html,frontend_html,484fe6716af5844fee2a1a13d6aa21e2987251f05953eafb54eb0b4f9a19e0c9,,,undetermined,UNKNOWN_NEEDS_DECISION,contents not read: the reference tree was not available when this inventory was built,,
_npc_update_backup/GEMO_REPUTACNI_SCENARE_2026-09-11/SIMULATION_WORLDS.json,_npc_update_backup/GEMO_REPUTACNI_SCENARE_2026-09-11/SIMULATION_WORLDS.json,SIMULATION_WORLDS.json,_npc_update_backup,.json,json_data_or_config,5d28481316ed415ac90d8becfe5b2f405e692088ed607de670159d057c4fe202,,,undetermined,UNKNOWN_NEEDS_DECISION,contents not read: the reference tree was not available when this inventory was built,,
ai_execution_context.py,ai_execution_context.py,ai_execution_context.py,(root),.py,python_application_source,48d6da0cd25b878a8beaa546a94987d938335876d900a85f9314d01940654a1d,,,undetermined,UNKNOWN_NEEDS_DECISION,contents not read: the reference tree was not available when this inventory was built,,
ai_router.py,ai_router.py,ai_router.py,(root),.py,python_application_source,415d927b281a3cdafaf4e060798a193de95ffc61c958413d97c2c248c86fd266,,,undetermined,UNKNOWN_NEEDS_DECISION,contents not read: the reference tree was not available when this inventory was built,,
ai_runtime.py,ai_runtime.py,ai_runtime.py,(root),.py,python_application_source,9ea4d1a309aca91090375fe2dcac235d309340aca768d2a5874ab9ec1c183bb1,,,undetermined,UNKNOWN_NEEDS_DECISION,contents not read: the reference tree was not available when this inventory was built,,
ai_runtime_audit.py,ai_runtime_audit.py,ai_runtime_audit.py,(root),.py,python_application_source,acd4f077d003c7f90765992284ac4fd1b7296d84f8ba7646ea4b0cff947a3b4d,,,undetermined,UNKNOWN_NEEDS_DECISION,contents not read: the reference tree was not available when this inventory was built,,
analysis_agent.py,analysis_agent.py,analysis_agent.py,(root),.py,python_application_source,3c4826a59fe323b388ebadb41c34066cdc96ece77604a714c63ae5beb1b6c965,,,undetermined,UNKNOWN_NEEDS_DECISION,contents not read: the reference tree was not available when this inventory was built,,
anchor_registry.py,anchor_registry.py,anchor_registry.py,(root),.py,python_application_source,89619e7e9954ae552cfadeae4d25601d990d42d1fe46df7c014ec918038922fd,,,undetermined,UNKNOWN_NEEDS_DECISION,contents not read: the reference tree was not available when this inventory was built,,
anthropic_compat.py,anthropic_compat.py,anthropic_compat.py,(root),.py,python_application_source,5627efad655f2352ecc4f11f87e3121f73f605e21c80bd81bb7f7fd8bff4296a,,,undetermined,UNKNOWN_NEEDS_DECISION,contents not read: the reference tree was not available when this inventory was built,,
artifact_store.py,artifact_store.py,artifact_store.py,(root),.py,python_application_source,759de331f519371fbc1eb1900ddb6c9a92cc10d459706c8a791a8760a5a5c36f,,,undetermined,UNKNOWN_NEEDS_DECISION,contents not read: the reference tree was not available when this inventory was built,,
audience.py,audience.py,audience.py,(root),.py,python_application_source,f76dca34624c86090ae98efa13ba95b6ef2e63ee5b0bb6cb5ae069147f41cf8d,,,undetermined,UNKNOWN_NEEDS_DECISION,contents not read: the reference tree was not available when this inventory was built,,
audience_dimensions.py,audience_dimensions.py,audience_dimensions.py,(root),.py,python_application_source,6ae1d1f8d9ae8a5a9e007e0aee1b842b2c087ca16e888cc2cbf0e55ab7c754bf,,,undetermined,UNKNOWN_NEEDS_DECISION,contents not read: the reference tree was not available when this inventory was built,,
audience_profile.py,audience_profile.py,audience_profile.py,(root),.py,python_application_source,65a89d5cef442433d7a86809c80714a3507f87a8a010455f833b5fe8b2c6e2b0,,,undetermined,UNKNOWN_NEEDS_DECISION,contents not read: the reference tree was not available when this inventory was built,,
audience_registry.py,audience_registry.py,audience_registry.py,(root),.py,python_application_source,4fd86160dc2636f6c5568d9608146b0e787876bd03ca5725a54d626e950897e6,,,undetermined,UNKNOWN_NEEDS_DECISION,contents not read: the reference tree was not available when this inventory was built,,
audience_selector.py,audience_selector.py,audience_selector.py,(root),.py,python_application_source,326001e4e6ce9129f6225f7f8910fccc1d1661872ea46bdc3753aa8f4cb211d2,,,undetermined,UNKNOWN_NEEDS_DECISION,contents not read: the reference tree was not available when this inventory was built,,
audience_strategist.py,audience_strategist.py,audience_strategist.py,(root),.py,python_application_source,105ab789c71fae24eb7a5ebe54fc5d21a2e3234b654db8d45e3a2669a1600334,,,undetermined,UNKNOWN_NEEDS_DECISION,contents not read: the reference tree was not available when this inventory was built,,
audit_reference/FINALNI_KOMPLETNI_PANEL_v17_0_BASE.csv.gz,audit_reference/FINALNI_KOMPLETNI_PANEL_v17_0_BASE.csv.gz,FINALNI_KOMPLETNI_PANEL_v17_0_BASE.csv.gz,audit_reference,.gz,compressed_data_asset,5300c1aeeef4ead1deb07f183d87040e6031ab1273e816dd057ad3ddd6464105,,,undetermined,UNKNOWN_NEEDS_DECISION,contents not read: the reference tree was not available when this inventory was built,,
audit_reference/base_17_1_2/PACKAGE_MANIFEST_v17_1_2.csv,audit_reference/base_17_1_2/PACKAGE_MANIFEST_v17_1_2.csv,PACKAGE_MANIFEST_v17_1_2.csv,audit_reference,.csv,csv_data_asset,b43e95bb8373b6cbba292a4061a204688b371ec8318812ad86706626dc3ff15e,,,undetermined,UNKNOWN_NEEDS_DECISION,contents not read: the reference tree was not available when this inventory was built,,
audit_reference/base_17_1_2/SHA256SUMS_v17_1_2.txt,audit_reference/base_17_1_2/SHA256SUMS_v17_1_2.txt,SHA256SUMS_v17_1_2.txt,audit_reference,.txt,text,60d2d143fba8a4ef400438ff59fe0b72e0c990fb02eb00c67ad35d1e3bcbd472,,,undetermined,UNKNOWN_NEEDS_DECISION,contents not read: the reference tree was not available when this inventory was built,,
audit_reference/legacy_17_0_1/DOC_STATUS.md,audit_reference/legacy_17_0_1/DOC_STATUS.md,DOC_STATUS.md,audit_reference,.md,documentation,49b6ea2517b74963357bec23053716b9e11ea22c0c0ca42054ced79ac8dd1cc5,,,undetermined,UNKNOWN_NEEDS_DECISION,contents not read: the reference tree was not available when this inventory was built,,
audit_reference/legacy_17_0_1/FINAL_INTEGRATION_REPORT_v17.md,audit_reference/legacy_17_0_1/FINAL_INTEGRATION_REPORT_v17.md,FINAL_INTEGRATION_REPORT_v17.md,audit_reference,.md,documentation,19704e3baf1c01de060c80d023507dd59e11ffd5883a865a9f582e45a2539c16,,,undetermined,UNKNOWN_NEEDS_DECISION,contents not read: the reference tree was not available when this inventory was built,,
audit_reference/legacy_17_0_1/FINAL_METHOD_CONTRACT_v17.md,audit_reference/legacy_17_0_1/FINAL_METHOD_CONTRACT_v17.md,FINAL_METHOD_CONTRACT_v17.md,audit_reference,.md,documentation,a2d6f994be0ba813c439cbbb6c7408eb64f8e174509cfadac9660deb0e6ae3b8,,,undetermined,UNKNOWN_NEEDS_DECISION,contents not read: the reference tree was not available when this inventory was built,,
audit_reference/legacy_17_0_1/HOTFIX_17_0_1.md,audit_reference/legacy_17_0_1/HOTFIX_17_0_1.md,HOTFIX_17_0_1.md,audit_reference,.md,documentation,97e5af83a464c29fe74f44203b8c529a0afd29c7a96386373e652219c6dae23f,,,undetermined,UNKNOWN_NEEDS_DECISION,contents not read: the reference tree was not available when this inventory was built,,
audit_reference/legacy_17_0_1/MARKETING_BENCHMARK_VALIDATION_v17.csv,audit_reference/legacy_17_0_1/MARKETING_BENCHMARK_VALIDATION_v17.csv,MARKETING_BENCHMARK_VALIDATION_v17.csv,audit_reference,.csv,csv_data_asset,7ca3d0b364b9e141f2ee6ba5d29978ba05bc2a8054eebde2fda25aacee5c6008,,,undetermined,UNKNOWN_NEEDS_DECISION,contents not read: the reference tree was not available when this inventory was built,,
audit_reference/legacy_17_0_1/MARKETING_DEEP_QC_v17.csv,audit_reference/legacy_17_0_1/MARKETING_DEEP_QC_v17.csv,MARKETING_DEEP_QC_v17.csv,audit_reference,.csv,csv_data_asset,c1b47aa71084899ce22c17d018176eb96cd4f81294fd2a3b6e45ef3b22dc9308,,,undetermined,UNKNOWN_NEEDS_DECISION,contents not read: the reference tree was not available when this inventory was built,,
audit_reference/legacy_17_0_1/MARKETING_VALIDATION_v17.csv,audit_reference/legacy_17_0_1/MARKETING_VALIDATION_v17.csv,MARKETING_VALIDATION_v17.csv,audit_reference,.csv,csv_data_asset,cebf9fbe6b642ad6aef8137a08da99a405f196aeb93951cd833e7a822d09d387,,,undetermined,UNKNOWN_NEEDS_DECISION,contents not read: the reference tree was not available when this inventory was built,,
audit_reference/legacy_17_0_1/PACKAGE_MANIFEST_V17_0_1.csv,audit_reference/legacy_17_0_1/PACKAGE_MANIFEST_V17_0_1.csv,PACKAGE_MANIFEST_V17_0_1.csv,audit_reference,.csv,csv_data_asset,df5984f196c5f4cce092987ec0d9efea3421d39a2447342712c5cdea424d8c9e,,,undetermined,UNKNOWN_NEEDS_DECISION,contents not read: the reference tree was not available when this inventory was built,,
audit_reference/legacy_17_0_1/README_FINAL_17.md,audit_reference/legacy_17_0_1/README_FINAL_17.md,README_FINAL_17.md,audit_reference,.md,documentation,8954b7bdfe9f4cb671c56cc371ea2a8c02442c3572854f6e5832229cd991dcbe,,,undetermined,UNKNOWN_NEEDS_DECISION,contents not read: the reference tree was not available when this inventory was built,,
audit_reference/legacy_17_0_1/START_HERE_17_0_1.md,audit_reference/legacy_17_0_1/START_HERE_17_0_1.md,START_HERE_17_0_1.md,audit_reference,.md,documentation,11ffb9a7346744f918376e6ca8a43106a9e2c11933cf19507e69e181e91f6381,,,undetermined,UNKNOWN_NEEDS_DECISION,contents not read: the reference tree was not available when this inventory was built,,
audit_reference/legacy_17_0_1/V17_0_1_HOTFIX_TESTS.csv,audit_reference/legacy_17_0_1/V17_0_1_HOTFIX_TESTS.csv,V17_0_1_HOTFIX_TESTS.csv,audit_reference,.csv,csv_data_asset,1b1a78373116ed3e66088c0db3e431dd7571d9e69483f35f4b02ac29819132eb,,,undetermined,UNKNOWN_NEEDS_DECISION,contents not read: the reference tree was not available when this inventory was built,,
audit_reference/legacy_17_0_1/V17_0_1_HOTFIX_TESTS.json,audit_reference/legacy_17_0_1/V17_0_1_HOTFIX_TESTS.json,V17_0_1_HOTFIX_TESTS.json,audit_reference,.json,json_data_or_config,c4a598b70d7c151968059b9fc34ef7211a9ce3df1bd4d0ee72ca00ef34a75419,,,undetermined,UNKNOWN_NEEDS_DECISION,contents not read: the reference tree was not available when this inventory was built,,
audit_reference/legacy_17_1_1/ZMENY_17_1_1.md,audit_reference/legacy_17_1_1/ZMENY_17_1_1.md,ZMENY_17_1_1.md,audit_reference,.md,documentation,da009029a9af94b69c29f3c699123443318dac10eb3e83308fa29a3199c5c9de,,,undetermined,UNKNOWN_NEEDS_DECISION,contents not read: the reference tree was not available when this inventory was built,,
audit_reference/legacy_build_scripts/patch_version_v17_1.py,audit_reference/legacy_build_scripts/patch_version_v17_1.py,patch_version_v17_1.py,audit_reference,.py,python_application_source,a9fb0c5567e31c9c43c8dfbe98f4bd8b3fb45c6b0bd325692846517597117b7f,,,undetermined,UNKNOWN_NEEDS_DECISION,contents not read: the reference tree was not available when this inventory was built,,
audit_reference/release_history/FINAL_RELEASE_VALIDATION_v17_1_2.csv,audit_reference/release_history/FINAL_RELEASE_VALIDATION_v17_1_2.csv,FINAL_RELEASE_VALIDATION_v17_1_2.csv,audit_reference,.csv,csv_data_asset,b64b094b9070b64ffa13a769d9787234e0db631f4b920f1053d33ac15448e186,,,undetermined,UNKNOWN_NEEDS_DECISION,contents not read: the reference tree was not available when this inventory was built,,
audit_reference/release_history/FINAL_RELEASE_VALIDATION_v17_2_1.csv,audit_reference/release_history/FINAL_RELEASE_VALIDATION_v17_2_1.csv,FINAL_RELEASE_VALIDATION_v17_2_1.csv,audit_reference,.csv,csv_data_asset,2c50257718c92ffe2d6c6d7f7673da3d6b24a35e8487c9798eb6218c366bccca,,,undetermined,UNKNOWN_NEEDS_DECISION,contents not read: the reference tree was not available when this inventory was built,,
audit_reference/release_history/MANIFEST_v17_1_2.json,audit_reference/release_history/MANIFEST_v17_1_2.json,MANIFEST_v17_1_2.json,audit_reference,.json,json_data_or_config,2911ed59a72a85519bf7c00bb647cdcd63885c92f4ed5fdf0b735a01c0569424,,,undetermined,UNKNOWN_NEEDS_DECISION,contents not read: the reference tree was not available when this inventory was built,,
audit_reference/release_history/MANIFEST_v17_2_0.json,audit_reference/release_history/MANIFEST_v17_2_0.json,MANIFEST_v17_2_0.json,audit_reference,.json,json_data_or_config,36eedb879894535cdcaf3cad7ae4101518c2d8fdb47a1306b72fd2d3ae10d800,,,undetermined,UNKNOWN_NEEDS_DECISION,contents not read: the reference tree was not available when this inventory was built,,
audit_reference/release_history/PACKAGE_MANIFEST_v17_2_1.csv,audit_reference/release_history/PACKAGE_MANIFEST_v17_2_1.csv,PACKAGE_MANIFEST_v17_2_1.csv,audit_reference,.csv,csv_data_asset,75069c078bea00985a9b158c94e1945c20ea43910b1ea542e04e7ac4038e7ac8,,,undetermined,UNKNOWN_NEEDS_DECISION,contents not read: the reference tree was not available when this inventory was built,,
audit_reference/release_history/PACKAGE_MANIFEST_v17_3_0.csv,audit_reference/release_history/PACKAGE_MANIFEST_v17_3_0.csv,PACKAGE_MANIFEST_v17_3_0.csv,audit_reference,.csv,csv_data_asset,57a67d32ad32796787b8c1148250708493cfccf8f5e1ef366cbad21d7607269f,,,undetermined,UNKNOWN_NEEDS_DECISION,contents not read: the reference tree was not available when this inventory was built,,
audit_reference/release_history/PACKAGE_MANIFEST_v17_3_1.csv,audit_reference/release_history/PACKAGE_MANIFEST_v17_3_1.csv,PACKAGE_MANIFEST_v17_3_1.csv,audit_reference,.csv,csv_data_asset,772d8ee9347c12fd7fcf1f2851d1b39678e2e203e3a1ba1b240c5890ec124a45,,,undetermined,UNKNOWN_NEEDS_DECISION,contents not read: the reference tree was not available when this inventory was built,,
audit_reference/release_history/RESEARCH_OS_ACCEPTANCE_17_2.json,audit_reference/release_history/RESEARCH_OS_ACCEPTANCE_17_2.json,RESEARCH_OS_ACCEPTANCE_17_2.json,audit_reference,.json,methodology_or_policy,a33af117eba7441b682402c58d2ebdfe530094b54448bbfaf200357b2eb895ce,,,undetermined,UNKNOWN_NEEDS_DECISION,contents not read: the reference tree was not available when this inventory was built,,
audit_reference/release_history/UX_ACCEPTANCE_17_2_1.json,audit_reference/release_history/UX_ACCEPTANCE_17_2_1.json,UX_ACCEPTANCE_17_2_1.json,audit_reference,.json,methodology_or_policy,2561a4689898e3dfb6c421dc8f177419ede01bb523d7fee23fe2cba41f06bf50,,,undetermined,UNKNOWN_NEEDS_DECISION,contents not read: the reference tree was not available when this inventory was built,,
audit_reference/runtime_17_2_0/FINAL_RELEASE_17_2_0.md,audit_reference/runtime_17_2_0/FINAL_RELEASE_17_2_0.md,FINAL_RELEASE_17_2_0.md,audit_reference,.md,documentation,b2baf06460e4c6a5f636599d6a757f43066a1293072d3dcb0641f83fb7c26728,,,undetermined,UNKNOWN_NEEDS_DECISION,contents not read: the reference tree was not available when this inventory was built,,
audit_reference/runtime_17_2_0/FINAL_RELEASE_VALIDATION_v17_2_0.csv,audit_reference/runtime_17_2_0/FINAL_RELEASE_VALIDATION_v17_2_0.csv,FINAL_RELEASE_VALIDATION_v17_2_0.csv,audit_reference,.csv,csv_data_asset,d246de351da223790df7ede43101ab178fd15183b3f279843ddbe994b9a35251,,,undetermined,UNKNOWN_NEEDS_DECISION,contents not read: the reference tree was not available when this inventory was built,,
backend_smoketest.py,backend_smoketest.py,backend_smoketest.py,(root),.py,python_application_source,d952e08a761da8fa59fbb230a802340881fba66034a7d18053e2cfd9f39c8be2,,,undetermined,UNKNOWN_NEEDS_DECISION,contents not read: the reference tree was not available when this inventory was built,,
behavior.py,behavior.py,behavior.py,(root),.py,python_application_source,b53833703b78b20bab96bed2eee89f5a29f4ce8fc9cea19b7c317b696a94cdd8,,,undetermined,UNKNOWN_NEEDS_DECISION,contents not read: the reference tree was not available when this inventory was built,,
benchmark.py,benchmark.py,benchmark.py,(root),.py,python_application_source,d0266fc961520cede8c670cb0df290108ff3711e237d524ecdd2890c48f184a8,,,undetermined,UNKNOWN_NEEDS_DECISION,contents not read: the reference tree was not available when this inventory was built,,
biografie.py,biografie.py,biografie.py,(root),.py,python_application_source,42064414afe1b4bf18e20839fbce91f17912064fd023108c2669454500255a8e,,,undetermined,UNKNOWN_NEEDS_DECISION,contents not read: the reference tree was not available when this inventory was built,,
brief_ukazka.json,brief_ukazka.json,brief_ukazka.json,(root),.json,json_data_or_config,946c4d3335578bf67cb28e11b000e147c12c09408ea1ec68f65d04e233c90a36,,,undetermined,UNKNOWN_NEEDS_DECISION,contents not read: the reference tree was not available when this inventory was built,,
budget_guard.py,budget_guard.py,budget_guard.py,(root),.py,python_application_source,0a709fe9fa36b1c371bb37ea7cb18420a016f16c78310b46e41d04e035889e59,,,undetermined,UNKNOWN_NEEDS_DECISION,contents not read: the reference tree was not available when this inventory was built,,
build_wp_artifacts_v17_1.py,build_wp_artifacts_v17_1.py,build_wp_artifacts_v17_1.py,(root),.py,python_tooling,810fd3495d6610de6d6693be9a81c38a0f8a8e3ee79d4298b299182319768646,,,undetermined,UNKNOWN_NEEDS_DECISION,contents not read: the reference tree was not available when this inventory was built,,
campaign/BRAND_ASSET_STATE_TEMPLATE_v17.csv,campaign/BRAND_ASSET_STATE_TEMPLATE_v17.csv,BRAND_ASSET_STATE_TEMPLATE_v17.csv,campaign,.csv,csv_data_asset,e2e0087a8118d588cbdff1acaf55c7ed5d6a5d17deb0b264390966f37445652e,,,undetermined,UNKNOWN_NEEDS_DECISION,contents not read: the reference tree was not available when this inventory was built,,
campaign/BRAND_STATE_TEMPLATE_v17.csv,campaign/BRAND_STATE_TEMPLATE_v17.csv,BRAND_STATE_TEMPLATE_v17.csv,campaign,.csv,csv_data_asset,6b8341b1d892bf00874614a9049e2b1afa0a284adae5fff54ef36af30ec8b383,,,undetermined,UNKNOWN_NEEDS_DECISION,contents not read: the reference tree was not available when this inventory was built,,
campaign/CAMPAIGN_EXPOSURE_STATE_TEMPLATE_v17.csv,campaign/CAMPAIGN_EXPOSURE_STATE_TEMPLATE_v17.csv,CAMPAIGN_EXPOSURE_STATE_TEMPLATE_v17.csv,campaign,.csv,csv_data_asset,29d3d278643dcc6045b94fc8b21ff6bcc359b3b1d122e50bc4d4533f882043b3,,,undetermined,UNKNOWN_NEEDS_DECISION,contents not read: the reference tree was not available when this inventory was built,,
campaign/CAMPAIGN_RESPONSE_ENGINE_CONTRACT_v17.md,campaign/CAMPAIGN_RESPONSE_ENGINE_CONTRACT_v17.md,CAMPAIGN_RESPONSE_ENGINE_CONTRACT_v17.md,campaign,.md,documentation,6f705b12196ee11756e06654fda288dd1380d131e22be5e04053cf6188b7e087,,,undetermined,UNKNOWN_NEEDS_DECISION,contents not read: the reference tree was not available when this inventory was built,,
campaign/CATEGORY_ENTRY_POINT_STATE_TEMPLATE_v17.csv,campaign/CATEGORY_ENTRY_POINT_STATE_TEMPLATE_v17.csv,CATEGORY_ENTRY_POINT_STATE_TEMPLATE_v17.csv,campaign,.csv,csv_data_asset,8ed09a29fe97b6f992c1b46a6740ad43543e4d6533483351270ea8df2d6fc30d,,,undetermined,UNKNOWN_NEEDS_DECISION,contents not read: the reference tree was not available when this inventory was built,,
campaign/CATEGORY_STATE_TEMPLATE_v17.csv,campaign/CATEGORY_STATE_TEMPLATE_v17.csv,CATEGORY_STATE_TEMPLATE_v17.csv,campaign,.csv,csv_data_asset,a7ac4c891f257ff72086fa38faf54b81ddfff26f91607ef8a260d7ca310179b3,,,undetermined,UNKNOWN_NEEDS_DECISION,contents not read: the reference tree was not available when this inventory was built,,
campaign/CURRENT_STATE_TEMPLATE_v17.csv,campaign/CURRENT_STATE_TEMPLATE_v17.csv,CURRENT_STATE_TEMPLATE_v17.csv,campaign,.csv,csv_data_asset,8f40a9b048c3b445d950b2f99f805525b0ac8d3bf7641e579faa119031adacff,,,undetermined,UNKNOWN_NEEDS_DECISION,contents not read: the reference tree was not available when this inventory was built,,
campaign/DECISION_CRITERIA_TEMPLATE_v17.csv,campaign/DECISION_CRITERIA_TEMPLATE_v17.csv,DECISION_CRITERIA_TEMPLATE_v17.csv,campaign,.csv,csv_data_asset,3ede50fec8020b59a2f7edbc76edf5f92a7147b74a7793fa60d75cb732857a1a,,,undetermined,UNKNOWN_NEEDS_DECISION,contents not read: the reference tree was not available when this inventory was built,,
campaign/INFORMATION_SOURCE_STATE_TEMPLATE_v17.csv,campaign/INFORMATION_SOURCE_STATE_TEMPLATE_v17.csv,INFORMATION_SOURCE_STATE_TEMPLATE_v17.csv,campaign,.csv,csv_data_asset,d57803f1705619089aec876520a38ba948d85ca43b24dd1cbbe18ac1a6ea90e0,,,undetermined,UNKNOWN_NEEDS_DECISION,contents not read: the reference tree was not available when this inventory was built,,
campaign_background.py,campaign_background.py,campaign_background.py,(root),.py,python_application_source,14a8bcf8ed8eb24cb19b310f31a630496c1f1d58f7a6064d795e3185844cbb07,,,undetermined,UNKNOWN_NEEDS_DECISION,contents not read: the reference tree was not available when this inventory was built,,
claude_code_provider.py,claude_code_provider.py,claude_code_provider.py,(root),.py,python_application_source,b00645b2f1aaa5438eec369388827f7491bd62f201ff8321fe83307ac757afcb,,,undetermined,UNKNOWN_NEEDS_DECISION,contents not read: the reference tree was not available when this inventory was built,,
claude_code_respondent_smoketest.py,claude_code_respondent_smoketest.py,claude_code_respondent_smoketest.py,(root),.py,python_application_source,3247a4e94770e0e615f8bc1d862a612f3b2ea67735ac7417213e3f943f37c7e4,,,undetermined,UNKNOWN_NEEDS_DECISION,contents not read: the reference tree was not available when this inventory was built,,
claude_code_setup.py,claude_code_setup.py,claude_code_setup.py,(root),.py,python_application_source,00d28ce610a46703bf50d638ca5f942ee61a87f82bb83005d17907ba93362434,,,undetermined,UNKNOWN_NEEDS_DECISION,contents not read: the reference tree was not available when this inventory was built,,
claude_code_setup_smoketest.py,claude_code_setup_smoketest.py,claude_code_setup_smoketest.py,(root),.py,python_application_source,8e19b8a6823a30be22979a084d4dc89b5ddc561bef480c13a0f827e08e8dc92e,,,undetermined,UNKNOWN_NEEDS_DECISION,contents not read: the reference tree was not available when this inventory was built,,
client_report_v2.py,client_report_v2.py,client_report_v2.py,(root),.py,python_application_source,ee435abc324ee6863cf37bdfbedb6c8cb6d803d4d5d59ed58987f9a8a1f246e1,,,undetermined,UNKNOWN_NEEDS_DECISION,contents not read: the reference tree was not available when this inventory was built,,
coherence_audit_v17.py,coherence_audit_v17.py,coherence_audit_v17.py,(root),.py,python_application_source,0e645060a2d0a8408d1389e10965a64e2db150ad7b777f5b02e461ca3c03553e,,,undetermined,UNKNOWN_NEEDS_DECISION,contents not read: the reference tree was not available when this inventory was built,,
conditional_engine.py,conditional_engine.py,conditional_engine.py,(root),.py,python_application_source,7ed472862d8cca3e52ae448fac6c595df96697fb3ee5e3638b2b2bcd8b8eff1d,,,undetermined,UNKNOWN_NEEDS_DECISION,contents not read: the reference tree was not available when this inventory was built,,
conditional_validation.py,conditional_validation.py,conditional_validation.py,(root),.py,python_application_source,5f21716df7a83129deec257029d3cfe43f99c151d0055d0a854804ef3d5fe867,,,undetermined,UNKNOWN_NEEDS_DECISION,contents not read: the reference tree was not available when this inventory was built,,
core_joint.py,core_joint.py,core_joint.py,(root),.py,python_application_source,fae30c105a6c1f80e5e248cde01f15b6a04d863ad9922af8e4537b5e6ffb7aaa,,,undetermined,UNKNOWN_NEEDS_DECISION,contents not read: the reference tree was not available when this inventory was built,,
cost_controller.py,cost_controller.py,cost_controller.py,(root),.py,python_application_source,218db74c34ff265eaad06f12c711bf8cd892cb801a4d75d91c0e90db5bc85658,,,undetermined,UNKNOWN_NEEDS_DECISION,contents not read: the reference tree was not available when this inventory was built,,
cost_estimator.py,cost_estimator.py,cost_estimator.py,(root),.py,python_application_source,418be3528bbeca10a56e32bd65c9b457a7fb9822455a7f24437fb883bdf2919e,,,undetermined,UNKNOWN_NEEDS_DECISION,contents not read: the reference tree was not available when this inventory was built,,
cross_survey.py,cross_survey.py,cross_survey.py,(root),.py,python_application_source,2fcb98af802de6537fadff47fb60455cffaefe8e69cc0549838079b9d2eaa236,,,undetermined,UNKNOWN_NEEDS_DECISION,contents not read: the reference tree was not available when this inventory was built,,
data_contract.py,data_contract.py,data_contract.py,(root),.py,python_application_source,97aee74a6798133352be3a15f6e4655502532350c787021fb9a84c0dc01484c4,,,undetermined,UNKNOWN_NEEDS_DECISION,contents not read: the reference tree was not available when this inventory was built,,
data_library.py,data_library.py,data_library.py,(root),.py,python_application_source,806fed0b3850d1360c07b1eac4a1b22f69b9db4855fcef427d4bab00acdcfa2d,,,undetermined,UNKNOWN_NEEDS_DECISION,contents not read: the reference tree was not available when this inventory was built,,
demo_library/DEMO_LIBRARY_ACCEPTANCE_17_9_4.json,demo_library/DEMO_LIBRARY_ACCEPTANCE_17_9_4.json,DEMO_LIBRARY_ACCEPTANCE_17_9_4.json,demo_library,.json,methodology_or_policy,73a799f629506655a98d1fad94ae8036c8affbfd934b64b5d0c801ce451422fa,,,undetermined,UNKNOWN_NEEDS_DECISION,contents not read: the reference tree was not available when this inventory was built,,
demo_library/DEMO_MASTER_CATALOG_17_9_4.csv,demo_library/DEMO_MASTER_CATALOG_17_9_4.csv,DEMO_MASTER_CATALOG_17_9_4.csv,demo_library,.csv,csv_data_asset,f10cfa9386eecc64e59fb956cf405d529609017744c31451afdc6bb76357da1d,,,undetermined,UNKNOWN_NEEDS_DECISION,contents not read: the reference tree was not available when this inventory was built,,
demo_library/DEMO_MASTER_CATALOG_17_9_4.json,demo_library/DEMO_MASTER_CATALOG_17_9_4.json,DEMO_MASTER_CATALOG_17_9_4.json,demo_library,.json,json_data_or_config,2d593746e65aa34bd19bf7d37cc6cf3e754656fddd9c79019482a530e4e924f4,,,undetermined,UNKNOWN_NEEDS_DECISION,contents not read: the reference tree was not available when this inventory was built,,
demo_library/canonical/CANONICAL_DEMO_FILE_MANIFEST.csv,demo_library/canonical/CANONICAL_DEMO_FILE_MANIFEST.csv,CANONICAL_DEMO_FILE_MANIFEST.csv,demo_library,.csv,csv_data_asset,4ae66b038d1a04790e6b9aeae391c359777d7c0c6658bacd71e3f35d90aeace2,,,undetermined,UNKNOWN_NEEDS_DECISION,contents not read: the reference tree was not available when this inventory was built,,
demo_library/canonical/CANONICAL_DEMO_REGISTRY.json,demo_library/canonical/CANONICAL_DEMO_REGISTRY.json,CANONICAL_DEMO_REGISTRY.json,demo_library,.json,methodology_or_policy,2ef363a73bc0bd45c13784423631784f42990ee94d27dd69828ff586bf674742,,,undetermined,UNKNOWN_NEEDS_DECISION,contents not read: the reference tree was not available when this inventory was built,,
demo_library/canonical/GEMO_REPUTATION_DEMO/03_DATA/GEMO_SYNTHETIC_RESPONSES.csv,demo_library/canonical/GEMO_REPUTATION_DEMO/03_DATA/GEMO_SYNTHETIC_RESPONSES.csv,GEMO_SYNTHETIC_RESPONSES.csv,demo_library,.csv,csv_data_asset,eacf4577aba9e21ce960127179147aa83692db0aae5dc9803b316a8e31bb8331,,,undetermined,UNKNOWN_NEEDS_DECISION,contents not read: the reference tree was not available when this inventory was built,,
demo_library/canonical/GEMO_REPUTATION_DEMO/06_LIBRARY/IMPORT_MANIFEST.json,demo_library/canonical/GEMO_REPUTATION_DEMO/06_LIBRARY/IMPORT_MANIFEST.json,IMPORT_MANIFEST.json,demo_library,.json,json_data_or_config,ab37ba235e1a094fb4d396fca0fee78713349c5b950796ea1887ad684f2e53a1,,,undetermined,UNKNOWN_NEEDS_DECISION,contents not read: the reference tree was not available when this inventory was built,,
demo_library/canonical/GEMO_REPUTATION_DEMO/CLIENT_REPORT_CANONICAL_DEMO.html,demo_library/canonical/GEMO_REPUTATION_DEMO/CLIENT_REPORT_CANONICAL_DEMO.html,CLIENT_REPORT_CANONICAL_DEMO.html,demo_library,.html,frontend_html,b01a483b843793a3423de8bf46a901f0b126b35a855f552cc72cfede2c5af623,,,undetermined,UNKNOWN_NEEDS_DECISION,contents not read: the reference tree was not available when this inventory was built,,
demo_library/canonical/GEMO_REPUTATION_DEMO/DEMO_PROJECT_SEED.json,demo_library/canonical/GEMO_REPUTATION_DEMO/DEMO_PROJECT_SEED.json,DEMO_PROJECT_SEED.json,demo_library,.json,json_data_or_config,68b0fa3fc1d20962f50e949349afc9819b28368c1c8760450c979693cb6a56cb,,,undetermined,UNKNOWN_NEEDS_DECISION,contents not read: the reference tree was not available when this inventory was built,,
demo_library/canonical/GEMO_REPUTATION_DEMO/OBJECTS_SOCIOMAP_DEMO.json,demo_library/canonical/GEMO_REPUTATION_DEMO/OBJECTS_SOCIOMAP_DEMO.json,OBJECTS_SOCIOMAP_DEMO.json,demo_library,.json,json_data_or_config,8adc95bd2ea2849a704722394b01dd052cadd4af21554feb2a13678d547bc0a5,,,undetermined,UNKNOWN_NEEDS_DECISION,contents not read: the reference tree was not available when this inventory was built,,
demo_library/canonical/GEMO_REPUTATION_DEMO/OBJECT_MAP_3D.html,demo_library/canonical/GEMO_REPUTATION_DEMO/OBJECT_MAP_3D.html,OBJECT_MAP_3D.html,demo_library,.html,frontend_html,6513edbf35147d28e4f8f01729c042939c9596de8c4de27c2b8016a4ebf4064b,,,undetermined,UNKNOWN_NEEDS_DECISION,contents not read: the reference tree was not available when this inventory was built,,
demo_library/canonical/GEMO_REPUTATION_DEMO/PROJECT_HISTORY_DEMO.json,demo_library/canonical/GEMO_REPUTATION_DEMO/PROJECT_HISTORY_DEMO.json,PROJECT_HISTORY_DEMO.json,demo_library,.json,json_data_or_config,ff9a697c2a7a3030a3a8e8b3dde5c89ec641a0530d9d73a2004d4f56c0b04299,,,undetermined,UNKNOWN_NEEDS_DECISION,contents not read: the reference tree was not available when this inventory was built,,
demo_library/canonical/GEMO_REPUTATION_DEMO/REFERENCE_INPUT_SUMMARY.md,demo_library/canonical/GEMO_REPUTATION_DEMO/REFERENCE_INPUT_SUMMARY.md,REFERENCE_INPUT_SUMMARY.md,demo_library,.md,documentation,9f2b769c0a54a43d87306848c37da4d12dc5ac8864212c48570259bd2d5d5d51,,,undetermined,UNKNOWN_NEEDS_DECISION,contents not read: the reference tree was not available when this inventory was built,,
demo_library/canonical/GEMO_REPUTATION_DEMO/RESPONDENTS.csv,demo_library/canonical/GEMO_REPUTATION_DEMO/RESPONDENTS.csv,RESPONDENTS.csv,demo_library,.csv,csv_data_asset,eacf4577aba9e21ce960127179147aa83692db0aae5dc9803b316a8e31bb8331,,,undetermined,UNKNOWN_NEEDS_DECISION,contents not read: the reference tree was not available when this inventory was built,,
demo_library/canonical/GEMO_REPUTATION_DEMO/RESPONDENTS_SOCIOMAP.csv,demo_library/canonical/GEMO_REPUTATION_DEMO/RESPONDENTS_SOCIOMAP.csv,RESPONDENTS_SOCIOMAP.csv,demo_library,.csv,csv_data_asset,42e9463a49a5fae4d978cf4886ebb4c4deea683a7ba5b17b6fd7115cef6bf22a,,,undetermined,UNKNOWN_NEEDS_DECISION,contents not read: the reference tree was not available when this inventory was built,,
demo_library/canonical/GEMO_REPUTATION_DEMO/analysis/ANALYSIS_GEMO_REPUTATION.json,demo_library/canonical/GEMO_REPUTATION_DEMO/analysis/ANALYSIS_GEMO_REPUTATION.json,ANALYSIS_GEMO_REPUTATION.json,demo_library,.json,json_data_or_config,9434ec33f4577e2d5e5202a251f52d10d2c674b864a446ffb245cfb11f894456,,,undetermined,UNKNOWN_NEEDS_DECISION,contents not read: the reference tree was not available when this inventory was built,,
demo_library/canonical/GEMO_REPUTATION_SIMULATION/DEMO_SIMULATION_SEED.json,demo_library/canonical/GEMO_REPUTATION_SIMULATION/DEMO_SIMULATION_SEED.json,DEMO_SIMULATION_SEED.json,demo_library,.json,json_data_or_config,149ff670e16a66f459e2eb86a998d97b1bf3e843f10a2e7da978b451a7990c52,,,undetermined,UNKNOWN_NEEDS_DECISION,contents not read: the reference tree was not available when this inventory was built,,
demo_library/canonical/GEMO_REPUTATION_SIMULATION/PROJECT_HISTORY_DEMO.json,demo_library/canonical/GEMO_REPUTATION_SIMULATION/PROJECT_HISTORY_DEMO.json,PROJECT_HISTORY_DEMO.json,demo_library,.json,json_data_or_config,a30a3bf4528195c375e3c82115fac72cc9772a4beddd65ccc3ffd9d14512d4ca,,,undetermined,UNKNOWN_NEEDS_DECISION,contents not read: the reference tree was not available when this inventory was built,,
demo_library/canonical/GEMO_REPUTATION_SIMULATION/README.md,demo_library/canonical/GEMO_REPUTATION_SIMULATION/README.md,README.md,demo_library,.md,documentation,14cbf20af2654ea36b0ff23c3fba4ffb5ef1e3a79d543e9a59e7a0a3ca209a22,,,undetermined,UNKNOWN_NEEDS_DECISION,contents not read: the reference tree was not available when this inventory was built,,
demo_library/canonical/GEMO_REPUTATION_SIMULATION/SIMULATION_PREVIEW.html,demo_library/canonical/GEMO_REPUTATION_SIMULATION/SIMULATION_PREVIEW.html,SIMULATION_PREVIEW.html,demo_library,.html,frontend_html,8585b4bcbbf1ad592566259495e07e127f8bed3d79ce656038ed7c17a7b9c73e,,,undetermined,UNKNOWN_NEEDS_DECISION,contents not read: the reference tree was not available when this inventory was built,,
demo_library/canonical/GEMO_REPUTATION_SIMULATION/SIMULATION_WORLDS.json,demo_library/canonical/GEMO_REPUTATION_SIMULATION/SIMULATION_WORLDS.json,SIMULATION_WORLDS.json,demo_library,.json,json_data_or_config,9808d8ec0503972ebf2fd02b4daab6dbcd13ee5f389cd8d61d89de33f4fa627f,,,undetermined,UNKNOWN_NEEDS_DECISION,contents not read: the reference tree was not available when this inventory was built,,
demo_library/canonical/GEMO_REPUTATION_SIMULATION/SOURCE_UPDATE_GEMO_REPUTACNI_SCENARE_2026-09-11.md,demo_library/canonical/GEMO_REPUTATION_SIMULATION/SOURCE_UPDATE_GEMO_REPUTACNI_SCENARE_2026-09-11.md,SOURCE_UPDATE_GEMO_REPUTACNI_SCENARE_2026-09-11.md,demo_library,.md,documentation,42ac5579d6a094e89a2e28e9a001b44f7f306cd59fa501832d8cb32d245f846f,,,undetermined,UNKNOWN_NEEDS_DECISION,contents not read: the reference tree was not available when this inventory was built,,
demo_library/canonical/MMC_DEMO_01/03_DATA/DEMO_01_B2B_RESPONSES.csv,demo_library/canonical/MMC_DEMO_01/03_DATA/DEMO_01_B2B_RESPONSES.csv,DEMO_01_B2B_RESPONSES.csv,demo_library,.csv,csv_data_asset,f2a0f804d924c1554b020813d11fc639079398a66d8668aab98114e327c9ce07,,,undetermined,UNKNOWN_NEEDS_DECISION,contents not read: the reference tree was not available when this inventory was built,,
demo_library/canonical/MMC_DEMO_01/03_DATA/DEMO_01_B2C_RESPONSES.csv,demo_library/canonical/MMC_DEMO_01/03_DATA/DEMO_01_B2C_RESPONSES.csv,DEMO_01_B2C_RESPONSES.csv,demo_library,.csv,csv_data_asset,884b0c2b9fab1e9e9df4f9c85b10186f27dabfcd826c966140e9345bf8b90eb5,,,undetermined,UNKNOWN_NEEDS_DECISION,contents not read: the reference tree was not available when this inventory was built,,
demo_library/canonical/MMC_DEMO_01/03_DATA/SYNTHETIC_RESULTS_SUMMARY.json,demo_library/canonical/MMC_DEMO_01/03_DATA/SYNTHETIC_RESULTS_SUMMARY.json,SYNTHETIC_RESULTS_SUMMARY.json,demo_library,.json,json_data_or_config,016e43eb49899c129ed88d7b4246d0eca21bf13dc34afaca2960fa7f97aa9937,,,undetermined,UNKNOWN_NEEDS_DECISION,contents not read: the reference tree was not available when this inventory was built,,
demo_library/canonical/MMC_DEMO_01/06_LIBRARY/IMPORT_MANIFEST.json,demo_library/canonical/MMC_DEMO_01/06_LIBRARY/IMPORT_MANIFEST.json,IMPORT_MANIFEST.json,demo_library,.json,json_data_or_config,db830edd47a3fbce751787c6a5c393cd3ecc0691a4dde8bdf3a6bb3c8c4c7fc3,,,undetermined,UNKNOWN_NEEDS_DECISION,contents not read: the reference tree was not available when this inventory was built,,
demo_library/canonical/MMC_DEMO_01/06_LIBRARY/PROVENANCE.json,demo_library/canonical/MMC_DEMO_01/06_LIBRARY/PROVENANCE.json,PROVENANCE.json,demo_library,.json,json_data_or_config,907a2c90fda6a0283efd7bad5506322b72221874c7cc429f9acaf6b4a17101fc,,,undetermined,UNKNOWN_NEEDS_DECISION,contents not read: the reference tree was not available when this inventory was built,,
demo_library/canonical/MMC_DEMO_01/CLIENT_REPORT_CANONICAL_DEMO.html,demo_library/canonical/MMC_DEMO_01/CLIENT_REPORT_CANONICAL_DEMO.html,CLIENT_REPORT_CANONICAL_DEMO.html,demo_library,.html,frontend_html,21233b68d47daeac43ae06bbc9dce5c310ea5f55adbfb8a67d9f86b0e6a77cdc,,,undetermined,UNKNOWN_NEEDS_DECISION,contents not read: the reference tree was not available when this inventory was built,,
demo_library/canonical/MMC_DEMO_01/DEMO_PROJECT_SEED.json,demo_library/canonical/MMC_DEMO_01/DEMO_PROJECT_SEED.json,DEMO_PROJECT_SEED.json,demo_library,.json,json_data_or_config,262653ea3a5ae1b08b5162d10602d406c44b05dd7ac923dc30ca598d4288eef4,,,undetermined,UNKNOWN_NEEDS_DECISION,contents not read: the reference tree was not available when this inventory was built,,
demo_library/canonical/MMC_DEMO_01/OBJECTS_SOCIOMAP_DEMO.json,demo_library/canonical/MMC_DEMO_01/OBJECTS_SOCIOMAP_DEMO.json,OBJECTS_SOCIOMAP_DEMO.json,demo_library,.json,json_data_or_config,52016016afebcab501898aec51c2d92cc1828c136e47ba532f25bb405677ebf0,,,undetermined,UNKNOWN_NEEDS_DECISION,contents not read: the reference tree was not available when this inventory was built,,
demo_library/canonical/MMC_DEMO_01/OBJECT_MAP_3D.html,demo_library/canonical/MMC_DEMO_01/OBJECT_MAP_3D.html,OBJECT_MAP_3D.html,demo_library,.html,frontend_html,698de3c81a12fd03e89948379ad8b8810760edf5ca2b7c9e8a393477f602e9a3,,,undetermined,UNKNOWN_NEEDS_DECISION,contents not read: the reference tree was not available when this inventory was built,,
demo_library/canonical/MMC_DEMO_01/PROJECT_HISTORY_DEMO.json,demo_library/canonical/MMC_DEMO_01/PROJECT_HISTORY_DEMO.json,PROJECT_HISTORY_DEMO.json,demo_library,.json,json_data_or_config,6448d5de21c4ba6837bc66bfeabce554095a1f5453d2a04d0201cec463b30f6a,,,undetermined,UNKNOWN_NEEDS_DECISION,contents not read: the reference tree was not available when this inventory was built,,
demo_library/canonical/MMC_DEMO_01/README.md,demo_library/canonical/MMC_DEMO_01/README.md,README.md,demo_library,.md,documentation,21843d1e9a930ebad59eddbfc27bb779f20897cecb39cfca941e499aaffadd33,,,undetermined,UNKNOWN_NEEDS_DECISION,contents not read: the reference tree was not available when this inventory was built,,
demo_library/canonical/MMC_DEMO_01/RESPONDENTS.csv,demo_library/canonical/MMC_DEMO_01/RESPONDENTS.csv,RESPONDENTS.csv,demo_library,.csv,csv_data_asset,5c96355ee43cfac19466552ca670f762fb3cf58ba444f6d9087ac21ed4bb1172,,,undetermined,UNKNOWN_NEEDS_DECISION,contents not read: the reference tree was not available when this inventory was built,,
demo_library/canonical/MMC_DEMO_01/RESPONDENTS_B2B.csv,demo_library/canonical/MMC_DEMO_01/RESPONDENTS_B2B.csv,RESPONDENTS_B2B.csv,demo_library,.csv,csv_data_asset,f2a0f804d924c1554b020813d11fc639079398a66d8668aab98114e327c9ce07,,,undetermined,UNKNOWN_NEEDS_DECISION,contents not read: the reference tree was not available when this inventory was built,,
demo_library/canonical/MMC_DEMO_01/RESPONDENTS_BOOSTER.csv,demo_library/canonical/MMC_DEMO_01/RESPONDENTS_BOOSTER.csv,RESPONDENTS_BOOSTER.csv,demo_library,.csv,csv_data_asset,d19180302878e1a3472fb51142c9a45055a5055d1a6c3122c17b92b5058e9265,,,undetermined,UNKNOWN_NEEDS_DECISION,contents not read: the reference tree was not available when this inventory was built,,
demo_library/canonical/MMC_DEMO_01/analysis/ANALYSIS_MMC_REFERENCE.json,demo_library/canonical/MMC_DEMO_01/analysis/ANALYSIS_MMC_REFERENCE.json,ANALYSIS_MMC_REFERENCE.json,demo_library,.json,json_data_or_config,016e43eb49899c129ed88d7b4246d0eca21bf13dc34afaca2960fa7f97aa9937,,,undetermined,UNKNOWN_NEEDS_DECISION,contents not read: the reference tree was not available when this inventory was built,,
demo_library/canonical/MMC_DEMO_02/03_DATA/DEMO_02_B2B_RESPONSES.csv,demo_library/canonical/MMC_DEMO_02/03_DATA/DEMO_02_B2B_RESPONSES.csv,DEMO_02_B2B_RESPONSES.csv,demo_library,.csv,csv_data_asset,bc70d486b76e87f98a4dbd1eb478e08b27ec62a4a4e0e92954acf172d30a6d79,,,undetermined,UNKNOWN_NEEDS_DECISION,contents not read: the reference tree was not available when this inventory was built,,
demo_library/canonical/MMC_DEMO_02/03_DATA/DEMO_02_B2C_RESPONSES.csv,demo_library/canonical/MMC_DEMO_02/03_DATA/DEMO_02_B2C_RESPONSES.csv,DEMO_02_B2C_RESPONSES.csv,demo_library,.csv,csv_data_asset,c8884a85dbf8933bccd028536ea153d490a2e8e60d57369573bd10e7f188c1cc,,,undetermined,UNKNOWN_NEEDS_DECISION,contents not read: the reference tree was not available when this inventory was built,,
demo_library/canonical/MMC_DEMO_02/03_DATA/SYNTHETIC_RESULTS_SUMMARY.json,demo_library/canonical/MMC_DEMO_02/03_DATA/SYNTHETIC_RESULTS_SUMMARY.json,SYNTHETIC_RESULTS_SUMMARY.json,demo_library,.json,json_data_or_config,58baa01566894b26ffed75c1c5711b40d0d38e9f59e5e17986c346654cf42d99,,,undetermined,UNKNOWN_NEEDS_DECISION,contents not read: the reference tree was not available when this inventory was built,,
demo_library/canonical/MMC_DEMO_02/06_LIBRARY/IMPORT_MANIFEST.json,demo_library/canonical/MMC_DEMO_02/06_LIBRARY/IMPORT_MANIFEST.json,IMPORT_MANIFEST.json,demo_library,.json,json_data_or_config,02ed048e5599aa23f338c5fae1a69f61cc50db9f3c7475390b9c844b579a0493,,,undetermined,UNKNOWN_NEEDS_DECISION,contents not read: the reference tree was not available when this inventory was built,,
demo_library/canonical/MMC_DEMO_02/06_LIBRARY/PROVENANCE.json,demo_library/canonical/MMC_DEMO_02/06_LIBRARY/PROVENANCE.json,PROVENANCE.json,demo_library,.json,json_data_or_config,907a2c90fda6a0283efd7bad5506322b72221874c7cc429f9acaf6b4a17101fc,,,undetermined,UNKNOWN_NEEDS_DECISION,contents not read: the reference tree was not available when this inventory was built,,
demo_library/canonical/MMC_DEMO_02/CLIENT_REPORT_CANONICAL_DEMO.html,demo_library/canonical/MMC_DEMO_02/CLIENT_REPORT_CANONICAL_DEMO.html,CLIENT_REPORT_CANONICAL_DEMO.html,demo_library,.html,frontend_html,efede0dd4d41f50f7201e3e16b30c807c0187fcda90f1c7f1c4c9c35b9ba1595,,,undetermined,UNKNOWN_NEEDS_DECISION,contents not read: the reference tree was not available when this inventory was built,,
demo_library/canonical/MMC_DEMO_02/DEMO_PROJECT_SEED.json,demo_library/canonical/MMC_DEMO_02/DEMO_PROJECT_SEED.json,DEMO_PROJECT_SEED.json,demo_library,.json,json_data_or_config,0afd2954cdd6ed767cdad86cbf731bc0c8883c63aa1e49ab25cb8aa53d975352,,,undetermined,UNKNOWN_NEEDS_DECISION,contents not read: the reference tree was not available when this inventory was built,,
demo_library/canonical/MMC_DEMO_02/OBJECTS_SOCIOMAP_DEMO.json,demo_library/canonical/MMC_DEMO_02/OBJECTS_SOCIOMAP_DEMO.json,OBJECTS_SOCIOMAP_DEMO.json,demo_library,.json,json_data_or_config,b1f1621bf216a5f4b2d1281d038209ee6dd4e004ad525f88884059092b5301cd,,,undetermined,UNKNOWN_NEEDS_DECISION,contents not read: the reference tree was not available when this inventory was built,,
demo_library/canonical/MMC_DEMO_02/OBJECT_MAP_3D.html,demo_library/canonical/MMC_DEMO_02/OBJECT_MAP_3D.html,OBJECT_MAP_3D.html,demo_library,.html,frontend_html,3d96960408e58d31f3659e84a3734be68d75e5581b19e7db3ad367f3e545127b,,,undetermined,UNKNOWN_NEEDS_DECISION,contents not read: the reference tree was not available when this inventory was built,,
demo_library/canonical/MMC_DEMO_02/PROJECT_HISTORY_DEMO.json,demo_library/canonical/MMC_DEMO_02/PROJECT_HISTORY_DEMO.json,PROJECT_HISTORY_DEMO.json,demo_library,.json,json_data_or_config,6448d5de21c4ba6837bc66bfeabce554095a1f5453d2a04d0201cec463b30f6a,,,undetermined,UNKNOWN_NEEDS_DECISION,contents not read: the reference tree was not available when this inventory was built,,
demo_library/canonical/MMC_DEMO_02/README.md,demo_library/canonical/MMC_DEMO_02/README.md,README.md,demo_library,.md,documentation,21843d1e9a930ebad59eddbfc27bb779f20897cecb39cfca941e499aaffadd33,,,undetermined,UNKNOWN_NEEDS_DECISION,contents not read: the reference tree was not available when this inventory was built,,
demo_library/canonical/MMC_DEMO_02/RESPONDENTS.csv,demo_library/canonical/MMC_DEMO_02/RESPONDENTS.csv,RESPONDENTS.csv,demo_library,.csv,csv_data_asset,8e198337fd45087b0752c05e7e83f1e6ae6bf73f96ccc69adbc731d6a36105f2,,,undetermined,UNKNOWN_NEEDS_DECISION,contents not read: the reference tree was not available when this inventory was built,,
demo_library/canonical/MMC_DEMO_02/RESPONDENTS_B2B.csv,demo_library/canonical/MMC_DEMO_02/RESPONDENTS_B2B.csv,RESPONDENTS_B2B.csv,demo_library,.csv,csv_data_asset,bc70d486b76e87f98a4dbd1eb478e08b27ec62a4a4e0e92954acf172d30a6d79,,,undetermined,UNKNOWN_NEEDS_DECISION,contents not read: the reference tree was not available when this inventory was built,,
demo_library/canonical/MMC_DEMO_02/RESPONDENTS_BOOSTER.csv,demo_library/canonical/MMC_DEMO_02/RESPONDENTS_BOOSTER.csv,RESPONDENTS_BOOSTER.csv,demo_library,.csv,csv_data_asset,3c4ad13dca435448bc06d96a883130f35dc139d1f6a8a85c790610be67fad395,,,undetermined,UNKNOWN_NEEDS_DECISION,contents not read: the reference tree was not available when this inventory was built,,
demo_library/canonical/MMC_DEMO_02/analysis/ANALYSIS_MMC_REFERENCE.json,demo_library/canonical/MMC_DEMO_02/analysis/ANALYSIS_MMC_REFERENCE.json,ANALYSIS_MMC_REFERENCE.json,demo_library,.json,json_data_or_config,58baa01566894b26ffed75c1c5711b40d0d38e9f59e5e17986c346654cf42d99,,,undetermined,UNKNOWN_NEEDS_DECISION,contents not read: the reference tree was not available when this inventory was built,,
demo_library/complete/01_NOVA_SPARK_DEMO/01_NOVA_SPARK_DEMO_ASSIGNMENT_SUMMARY.json,demo_library/complete/01_NOVA_SPARK_DEMO/01_NOVA_SPARK_DEMO_ASSIGNMENT_SUMMARY.json,01_NOVA_SPARK_DEMO_ASSIGNMENT_SUMMARY.json,demo_library,.json,json_data_or_config,cdfcfa6ecc41b1a92f77c22f89d1bbaa790ea6b527f796d107998222d989d33b,,,undetermined,UNKNOWN_NEEDS_DECISION,contents not read: the reference tree was not available when this inventory was built,,
demo_library/complete/01_NOVA_SPARK_DEMO/01_NOVA_SPARK_DEMO_DASHBOARD.html,demo_library/complete/01_NOVA_SPARK_DEMO/01_NOVA_SPARK_DEMO_DASHBOARD.html,01_NOVA_SPARK_DEMO_DASHBOARD.html,demo_library,.html,frontend_html,b963e54516f1ee25d32dca4ae35e207d982ba6c01541acc834f6cde180fdd31e,,,undetermined,UNKNOWN_NEEDS_DECISION,contents not read: the reference tree was not available when this inventory was built,,
demo_library/complete/01_NOVA_SPARK_DEMO/01_NOVA_SPARK_DEMO_EVALUATIONS.csv,demo_library/complete/01_NOVA_SPARK_DEMO/01_NOVA_SPARK_DEMO_EVALUATIONS.csv,01_NOVA_SPARK_DEMO_EVALUATIONS.csv,demo_library,.csv,csv_data_asset,45434fd327d20bc7a597b45afb2f92c7aa6329076f99c6821c3e689feab73ccc,,,undetermined,UNKNOWN_NEEDS_DECISION,contents not read: the reference tree was not available when this inventory was built,,
demo_library/complete/01_NOVA_SPARK_DEMO/01_NOVA_SPARK_DEMO_HISTORY.json,demo_library/complete/01_NOVA_SPARK_DEMO/01_NOVA_SPARK_DEMO_HISTORY.json,01_NOVA_SPARK_DEMO_HISTORY.json,demo_library,.json,json_data_or_config,000cbd70b8e86ceb5a837105fc2727c3714de830fdaa77a2ec78107fac66d9b4,,,undetermined,UNKNOWN_NEEDS_DECISION,contents not read: the reference tree was not available when this inventory was built,,
demo_library/complete/01_NOVA_SPARK_DEMO/01_NOVA_SPARK_DEMO_NPC_PROJECT_IMPORT.json,demo_library/complete/01_NOVA_SPARK_DEMO/01_NOVA_SPARK_DEMO_NPC_PROJECT_IMPORT.json,01_NOVA_SPARK_DEMO_NPC_PROJECT_IMPORT.json,demo_library,.json,json_data_or_config,e208200f18c6ad895088c6d16396b5ac27565a05162de941448dac9c4915e6ea,,,undetermined,UNKNOWN_NEEDS_DECISION,contents not read: the reference tree was not available when this inventory was built,,
demo_library/complete/01_NOVA_SPARK_DEMO/01_NOVA_SPARK_DEMO_PROJECT.json,demo_library/complete/01_NOVA_SPARK_DEMO/01_NOVA_SPARK_DEMO_PROJECT.json,01_NOVA_SPARK_DEMO_PROJECT.json,demo_library,.json,json_data_or_config,8d5056ed4cd44a719ae00f3ab73e40b788b9f131284b6e77a19d110a30826259,,,undetermined,UNKNOWN_NEEDS_DECISION,contents not read: the reference tree was not available when this inventory was built,,
demo_library/complete/01_NOVA_SPARK_DEMO/01_NOVA_SPARK_DEMO_PROVENANCE.json,demo_library/complete/01_NOVA_SPARK_DEMO/01_NOVA_SPARK_DEMO_PROVENANCE.json,01_NOVA_SPARK_DEMO_PROVENANCE.json,demo_library,.json,json_data_or_config,d4d78c317e2174351761324f7f8c7a2aabd9b6db31660c3eda772b4e5c740916,,,undetermined,UNKNOWN_NEEDS_DECISION,contents not read: the reference tree was not available when this inventory was built,,
demo_library/complete/01_NOVA_SPARK_DEMO/01_NOVA_SPARK_DEMO_RESPONDENTS.csv,demo_library/complete/01_NOVA_SPARK_DEMO/01_NOVA_SPARK_DEMO_RESPONDENTS.csv,01_NOVA_SPARK_DEMO_RESPONDENTS.csv,demo_library,.csv,csv_data_asset,50551dfa0baa7796ebcf1543013a147bea7829598c71b55ad20e1e793a8dee23,,,undetermined,UNKNOWN_NEEDS_DECISION,contents not read: the reference tree was not available when this inventory was built,,
demo_library/complete/01_NOVA_SPARK_DEMO/01_NOVA_SPARK_DEMO_SEGMENT_RESULTS.csv,demo_library/complete/01_NOVA_SPARK_DEMO/01_NOVA_SPARK_DEMO_SEGMENT_RESULTS.csv,01_NOVA_SPARK_DEMO_SEGMENT_RESULTS.csv,demo_library,.csv,csv_data_asset,8488661b4d266c77236df0240e5eeb21e9610cc27c0a58e48708889bdec60210,,,undetermined,UNKNOWN_NEEDS_DECISION,contents not read: the reference tree was not available when this inventory was built,,
demo_library/complete/01_NOVA_SPARK_DEMO/01_NOVA_SPARK_DEMO_VARIANT_RESULTS.csv,demo_library/complete/01_NOVA_SPARK_DEMO/01_NOVA_SPARK_DEMO_VARIANT_RESULTS.csv,01_NOVA_SPARK_DEMO_VARIANT_RESULTS.csv,demo_library,.csv,csv_data_asset,2045a804ada20058cac5b82350ded65bd06ee8b1d1f2eb0e3a0fb6fca5f9af4c,,,undetermined,UNKNOWN_NEEDS_DECISION,contents not read: the reference tree was not available when this inventory was built,,
demo_library/complete/01_NOVA_SPARK_DEMO/01_NOVA_SPARK_DEMO_WORLDS.json,demo_library/complete/01_NOVA_SPARK_DEMO/01_NOVA_SPARK_DEMO_WORLDS.json,01_NOVA_SPARK_DEMO_WORLDS.json,demo_library,.json,json_data_or_config,e186366b7a677edcb513f803de8387f3586072268c036bb7281c3067a8138372,,,undetermined,UNKNOWN_NEEDS_DECISION,contents not read: the reference tree was not available when this inventory was built,,
demo_library/complete/01_NOVA_SPARK_DEMO/FINAL_CLIENT_REPORT_OVERVIEW.html,demo_library/complete/01_NOVA_SPARK_DEMO/FINAL_CLIENT_REPORT_OVERVIEW.html,FINAL_CLIENT_REPORT_OVERVIEW.html,demo_library,.html,frontend_html,199a64aabb73b8af37b64e546e6487afb24f380bea92399157add1df1112613a,,,undetermined,UNKNOWN_NEEDS_DECISION,contents not read: the reference tree was not available when this inventory was built,,
demo_library/complete/01_NOVA_SPARK_DEMO/README.md,demo_library/complete/01_NOVA_SPARK_DEMO/README.md,README.md,demo_library,.md,documentation,1f5abbe4d6d39024aa8a9a1912819389c208ec1c93ff8b9b1a8914f2af1a5430,,,undetermined,UNKNOWN_NEEDS_DECISION,contents not read: the reference tree was not available when this inventory was built,,
demo_library/complete/01_NOVA_SPARK_DEMO/REAL_OUTPUT_MANIFEST.json,demo_library/complete/01_NOVA_SPARK_DEMO/REAL_OUTPUT_MANIFEST.json,REAL_OUTPUT_MANIFEST.json,demo_library,.json,json_data_or_config,6b56e36201aeba9db86bd0f226212da2eaf18ed7c3b2520258e8f1dbbe2e1ee0,,,undetermined,UNKNOWN_NEEDS_DECISION,contents not read: the reference tree was not available when this inventory was built,,
demo_library/complete/01_NOVA_SPARK_DEMO/SHA256SUMS.txt,demo_library/complete/01_NOVA_SPARK_DEMO/SHA256SUMS.txt,SHA256SUMS.txt,demo_library,.txt,text,b570856d2f232349dbe6c8c8241e4a33576e54a9ec2bb2bb5c790c7585f87b81,,,undetermined,UNKNOWN_NEEDS_DECISION,contents not read: the reference tree was not available when this inventory was built,,
demo_library/complete/02_VOLTIO_FLEX_DEMO/02_VOLTIO_FLEX_DEMO_ASSIGNMENT_SUMMARY.json,demo_library/complete/02_VOLTIO_FLEX_DEMO/02_VOLTIO_FLEX_DEMO_ASSIGNMENT_SUMMARY.json,02_VOLTIO_FLEX_DEMO_ASSIGNMENT_SUMMARY.json,demo_library,.json,json_data_or_config,203b1bfb6c39401f5338a5a7eff40d5125f8f6f710f63ed8c6065e6190905643,,,undetermined,UNKNOWN_NEEDS_DECISION,contents not read: the reference tree was not available when this inventory was built,,
demo_library/complete/02_VOLTIO_FLEX_DEMO/02_VOLTIO_FLEX_DEMO_DASHBOARD.html,demo_library/complete/02_VOLTIO_FLEX_DEMO/02_VOLTIO_FLEX_DEMO_DASHBOARD.html,02_VOLTIO_FLEX_DEMO_DASHBOARD.html,demo_library,.html,frontend_html,3b92458e6406edc7e33e12d92c58d8b25009ef40f3097ba1fde867453afb8885,,,undetermined,UNKNOWN_NEEDS_DECISION,contents not read: the reference tree was not available when this inventory was built,,
demo_library/complete/02_VOLTIO_FLEX_DEMO/02_VOLTIO_FLEX_DEMO_EVALUATIONS.csv,demo_library/complete/02_VOLTIO_FLEX_DEMO/02_VOLTIO_FLEX_DEMO_EVALUATIONS.csv,02_VOLTIO_FLEX_DEMO_EVALUATIONS.csv,demo_library,.csv,csv_data_asset,150c5eec593780428b9f075e18b9862f740954a291de391b9b583d30966b3a5b,,,undetermined,UNKNOWN_NEEDS_DECISION,contents not read: the reference tree was not available when this inventory was built,,
demo_library/complete/02_VOLTIO_FLEX_DEMO/02_VOLTIO_FLEX_DEMO_HISTORY.json,demo_library/complete/02_VOLTIO_FLEX_DEMO/02_VOLTIO_FLEX_DEMO_HISTORY.json,02_VOLTIO_FLEX_DEMO_HISTORY.json,demo_library,.json,json_data_or_config,000cbd70b8e86ceb5a837105fc2727c3714de830fdaa77a2ec78107fac66d9b4,,,undetermined,UNKNOWN_NEEDS_DECISION,contents not read: the reference tree was not available when this inventory was built,,
demo_library/complete/02_VOLTIO_FLEX_DEMO/02_VOLTIO_FLEX_DEMO_NPC_PROJECT_IMPORT.json,demo_library/complete/02_VOLTIO_FLEX_DEMO/02_VOLTIO_FLEX_DEMO_NPC_PROJECT_IMPORT.json,02_VOLTIO_FLEX_DEMO_NPC_PROJECT_IMPORT.json,demo_library,.json,json_data_or_config,84dc2e5c680ccae3524d7ec53ab2d7bfa67ab156408bd31dfa87430af6bc447e,,,undetermined,UNKNOWN_NEEDS_DECISION,contents not read: the reference tree was not available when this inventory was built,,
demo_library/complete/02_VOLTIO_FLEX_DEMO/02_VOLTIO_FLEX_DEMO_PROJECT.json,demo_library/complete/02_VOLTIO_FLEX_DEMO/02_VOLTIO_FLEX_DEMO_PROJECT.json,02_VOLTIO_FLEX_DEMO_PROJECT.json,demo_library,.json,json_data_or_config,9072bbca1079d1abfdca4b0a129c6b2b12402fe7b5b167d0938bf29e3974b87a,,,undetermined,UNKNOWN_NEEDS_DECISION,contents not read: the reference tree was not available when this inventory was built,,
demo_library/complete/02_VOLTIO_FLEX_DEMO/02_VOLTIO_FLEX_DEMO_PROVENANCE.json,demo_library/complete/02_VOLTIO_FLEX_DEMO/02_VOLTIO_FLEX_DEMO_PROVENANCE.json,02_VOLTIO_FLEX_DEMO_PROVENANCE.json,demo_library,.json,json_data_or_config,d4d78c317e2174351761324f7f8c7a2aabd9b6db31660c3eda772b4e5c740916,,,undetermined,UNKNOWN_NEEDS_DECISION,contents not read: the reference tree was not available when this inventory was built,,
demo_library/complete/02_VOLTIO_FLEX_DEMO/02_VOLTIO_FLEX_DEMO_RESPONDENTS.csv,demo_library/complete/02_VOLTIO_FLEX_DEMO/02_VOLTIO_FLEX_DEMO_RESPONDENTS.csv,02_VOLTIO_FLEX_DEMO_RESPONDENTS.csv,demo_library,.csv,csv_data_asset,df7427cc9a425fc2af4419c35a256a4bbd0373092168784faaafb708fdc0ff4d,,,undetermined,UNKNOWN_NEEDS_DECISION,contents not read: the reference tree was not available when this inventory was built,,
demo_library/complete/02_VOLTIO_FLEX_DEMO/02_VOLTIO_FLEX_DEMO_SEGMENT_RESULTS.csv,demo_library/complete/02_VOLTIO_FLEX_DEMO/02_VOLTIO_FLEX_DEMO_SEGMENT_RESULTS.csv,02_VOLTIO_FLEX_DEMO_SEGMENT_RESULTS.csv,demo_library,.csv,csv_data_asset,07a94fbb56270d7593256dbad4e90e7087b88cf47ca6639c3a257875698be8f0,,,undetermined,UNKNOWN_NEEDS_DECISION,contents not read: the reference tree was not available when this inventory was built,,
demo_library/complete/02_VOLTIO_FLEX_DEMO/02_VOLTIO_FLEX_DEMO_VARIANT_RESULTS.csv,demo_library/complete/02_VOLTIO_FLEX_DEMO/02_VOLTIO_FLEX_DEMO_VARIANT_RESULTS.csv,02_VOLTIO_FLEX_DEMO_VARIANT_RESULTS.csv,demo_library,.csv,csv_data_asset,fd96213e75af886b3d2f11f14a2ea22be2e08dc6c0d24200a72ea53cc00281ad,,,undetermined,UNKNOWN_NEEDS_DECISION,contents not read: the reference tree was not available when this inventory was built,,
demo_library/complete/02_VOLTIO_FLEX_DEMO/02_VOLTIO_FLEX_DEMO_WORLDS.json,demo_library/complete/02_VOLTIO_FLEX_DEMO/02_VOLTIO_FLEX_DEMO_WORLDS.json,02_VOLTIO_FLEX_DEMO_WORLDS.json,demo_library,.json,json_data_or_config,b9540bd769b20fa57b1cb27a0e5395dbb9b5d9178bf8695ca8c13c08539aeb98,,,undetermined,UNKNOWN_NEEDS_DECISION,contents not read: the reference tree was not available when this inventory was built,,
demo_library/complete/02_VOLTIO_FLEX_DEMO/FINAL_CLIENT_REPORT_OVERVIEW.html,demo_library/complete/02_VOLTIO_FLEX_DEMO/FINAL_CLIENT_REPORT_OVERVIEW.html,FINAL_CLIENT_REPORT_OVERVIEW.html,demo_library,.html,frontend_html,4d478a8dc877c769c5007164800f08c450275c35e7933254040db452da030f57,,,undetermined,UNKNOWN_NEEDS_DECISION,contents not read: the reference tree was not available when this inventory was built,,
demo_library/complete/02_VOLTIO_FLEX_DEMO/README.md,demo_library/complete/02_VOLTIO_FLEX_DEMO/README.md,README.md,demo_library,.md,documentation,d636292c4552f9b56e291c603ec9fb85fcb0c6bb24c40430d97dfbde10402523,,,undetermined,UNKNOWN_NEEDS_DECISION,contents not read: the reference tree was not available when this inventory was built,,
demo_library/complete/02_VOLTIO_FLEX_DEMO/REAL_OUTPUT_MANIFEST.json,demo_library/complete/02_VOLTIO_FLEX_DEMO/REAL_OUTPUT_MANIFEST.json,REAL_OUTPUT_MANIFEST.json,demo_library,.json,json_data_or_config,23b9c7547c84f68fc233a9702088385b61b790386c0b3f9ed5f180b442e2c031,,,undetermined,UNKNOWN_NEEDS_DECISION,contents not read: the reference tree was not available when this inventory was built,,
demo_library/complete/02_VOLTIO_FLEX_DEMO/SHA256SUMS.txt,demo_library/complete/02_VOLTIO_FLEX_DEMO/SHA256SUMS.txt,SHA256SUMS.txt,demo_library,.txt,text,09d8a813faf933e9d77cf1320b3f09d131df6322c564543c171b9d20def508b4,,,undetermined,UNKNOWN_NEEDS_DECISION,contents not read: the reference tree was not available when this inventory was built,,
demo_library/complete/03_AURORA_BANK_DEMO/03_AURORA_BANK_DEMO_ASSIGNMENT_SUMMARY.json,demo_library/complete/03_AURORA_BANK_DEMO/03_AURORA_BANK_DEMO_ASSIGNMENT_SUMMARY.json,03_AURORA_BANK_DEMO_ASSIGNMENT_SUMMARY.json,demo_library,.json,json_data_or_config,3afb9c8989e88cbedf8f5cd58899c6b244b8ff8dd1da6c8c1d01928716aa8c0d,,,undetermined,UNKNOWN_NEEDS_DECISION,contents not read: the reference tree was not available when this inventory was built,,
demo_library/complete/03_AURORA_BANK_DEMO/03_AURORA_BANK_DEMO_DASHBOARD.html,demo_library/complete/03_AURORA_BANK_DEMO/03_AURORA_BANK_DEMO_DASHBOARD.html,03_AURORA_BANK_DEMO_DASHBOARD.html,demo_library,.html,frontend_html,6bce1046e0c1e8cf6be12666113bcc20a2cefa82310c33a6ab2c1932fb9068a2,,,undetermined,UNKNOWN_NEEDS_DECISION,contents not read: the reference tree was not available when this inventory was built,,
demo_library/complete/03_AURORA_BANK_DEMO/03_AURORA_BANK_DEMO_EVALUATIONS.csv,demo_library/complete/03_AURORA_BANK_DEMO/03_AURORA_BANK_DEMO_EVALUATIONS.csv,03_AURORA_BANK_DEMO_EVALUATIONS.csv,demo_library,.csv,csv_data_asset,7fac4c9e35fc60e86b6471451e89c21faa5a2ddacb85be2a5633ce2934f28055,,,undetermined,UNKNOWN_NEEDS_DECISION,contents not read: the reference tree was not available when this inventory was built,,
demo_library/complete/03_AURORA_BANK_DEMO/03_AURORA_BANK_DEMO_HISTORY.json,demo_library/complete/03_AURORA_BANK_DEMO/03_AURORA_BANK_DEMO_HISTORY.json,03_AURORA_BANK_DEMO_HISTORY.json,demo_library,.json,json_data_or_config,000cbd70b8e86ceb5a837105fc2727c3714de830fdaa77a2ec78107fac66d9b4,,,undetermined,UNKNOWN_NEEDS_DECISION,contents not read: the reference tree was not available when this inventory was built,,
demo_library/complete/03_AURORA_BANK_DEMO/03_AURORA_BANK_DEMO_NPC_PROJECT_IMPORT.json,demo_library/complete/03_AURORA_BANK_DEMO/03_AURORA_BANK_DEMO_NPC_PROJECT_IMPORT.json,03_AURORA_BANK_DEMO_NPC_PROJECT_IMPORT.json,demo_library,.json,json_data_or_config,ba6c6b68a39b69a68ec2773decd2e39308f8d7dbb0925a86d6326bf1cfedc524,,,undetermined,UNKNOWN_NEEDS_DECISION,contents not read: the reference tree was not available when this inventory was built,,
demo_library/complete/03_AURORA_BANK_DEMO/03_AURORA_BANK_DEMO_PROJECT.json,demo_library/complete/03_AURORA_BANK_DEMO/03_AURORA_BANK_DEMO_PROJECT.json,03_AURORA_BANK_DEMO_PROJECT.json,demo_library,.json,json_data_or_config,1d88dcb55562e9fcdbd27e1552300e0752d5d585a7decdf9741f929b375e0d09,,,undetermined,UNKNOWN_NEEDS_DECISION,contents not read: the reference tree was not available when this inventory was built,,
demo_library/complete/03_AURORA_BANK_DEMO/03_AURORA_BANK_DEMO_PROVENANCE.json,demo_library/complete/03_AURORA_BANK_DEMO/03_AURORA_BANK_DEMO_PROVENANCE.json,03_AURORA_BANK_DEMO_PROVENANCE.json,demo_library,.json,json_data_or_config,d4d78c317e2174351761324f7f8c7a2aabd9b6db31660c3eda772b4e5c740916,,,undetermined,UNKNOWN_NEEDS_DECISION,contents not read: the reference tree was not available when this inventory was built,,
demo_library/complete/03_AURORA_BANK_DEMO/03_AURORA_BANK_DEMO_RESPONDENTS.csv,demo_library/complete/03_AURORA_BANK_DEMO/03_AURORA_BANK_DEMO_RESPONDENTS.csv,03_AURORA_BANK_DEMO_RESPONDENTS.csv,demo_library,.csv,csv_data_asset,812b7aeca8cc18a02827f0f2871a306332a9520cee9e0fadfc8c83297f50f351,,,undetermined,UNKNOWN_NEEDS_DECISION,contents not read: the reference tree was not available when this inventory was built,,
demo_library/complete/03_AURORA_BANK_DEMO/03_AURORA_BANK_DEMO_SEGMENT_RESULTS.csv,demo_library/complete/03_AURORA_BANK_DEMO/03_AURORA_BANK_DEMO_SEGMENT_RESULTS.csv,03_AURORA_BANK_DEMO_SEGMENT_RESULTS.csv,demo_library,.csv,csv_data_asset,fc35a601f9f036130b919018ecabdbd1c8bc8b3776f392794797c651ddf52a44,,,undetermined,UNKNOWN_NEEDS_DECISION,contents not read: the reference tree was not available when this inventory was built,,
demo_library/complete/03_AURORA_BANK_DEMO/03_AURORA_BANK_DEMO_VARIANT_RESULTS.csv,demo_library/complete/03_AURORA_BANK_DEMO/03_AURORA_BANK_DEMO_VARIANT_RESULTS.csv,03_AURORA_BANK_DEMO_VARIANT_RESULTS.csv,demo_library,.csv,csv_data_asset,b3c7877316efd9f6279f91e840c6df6a64d7c3432832b137bf3dfe7fad1c2980,,,undetermined,UNKNOWN_NEEDS_DECISION,contents not read: the reference tree was not available when this inventory was built,,
demo_library/complete/03_AURORA_BANK_DEMO/03_AURORA_BANK_DEMO_WORLDS.json,demo_library/complete/03_AURORA_BANK_DEMO/03_AURORA_BANK_DEMO_WORLDS.json,03_AURORA_BANK_DEMO_WORLDS.json,demo_library,.json,json_data_or_config,def91e23cfd8345e47b485d400b96d21fe092f7939c2ca42f6804ddcb2f12b59,,,undetermined,UNKNOWN_NEEDS_DECISION,contents not read: the reference tree was not available when this inventory was built,,
demo_library/complete/03_AURORA_BANK_DEMO/FINAL_CLIENT_REPORT_OVERVIEW.html,demo_library/complete/03_AURORA_BANK_DEMO/FINAL_CLIENT_REPORT_OVERVIEW.html,FINAL_CLIENT_REPORT_OVERVIEW.html,demo_library,.html,frontend_html,35a363a182767f89d4eec76db72a933c630a9cb847e33ea18ed995004af1f526,,,undetermined,UNKNOWN_NEEDS_DECISION,contents not read: the reference tree was not available when this inventory was built,,
demo_library/complete/03_AURORA_BANK_DEMO/README.md,demo_library/complete/03_AURORA_BANK_DEMO/README.md,README.md,demo_library,.md,documentation,1ae536a92fec83626c3352515893eb09a17fdc85fd19157faa1333d7b41240ac,,,undetermined,UNKNOWN_NEEDS_DECISION,contents not read: the reference tree was not available when this inventory was built,,
demo_library/complete/03_AURORA_BANK_DEMO/REAL_OUTPUT_MANIFEST.json,demo_library/complete/03_AURORA_BANK_DEMO/REAL_OUTPUT_MANIFEST.json,REAL_OUTPUT_MANIFEST.json,demo_library,.json,json_data_or_config,207b14965e65a836939d0bf0eb182e81ae6bf8f34b73b3fab63b173970a1bca1,,,undetermined,UNKNOWN_NEEDS_DECISION,contents not read: the reference tree was not available when this inventory was built,,
demo_library/complete/03_AURORA_BANK_DEMO/SHA256SUMS.txt,demo_library/complete/03_AURORA_BANK_DEMO/SHA256SUMS.txt,SHA256SUMS.txt,demo_library,.txt,text,864b7375f334645d4c1afb4d6cd98e4eb66c737d07539bce644bbbde157e30fa,,,undetermined,UNKNOWN_NEEDS_DECISION,contents not read: the reference tree was not available when this inventory was built,,
demo_library/complete/04_MESTO_2035_DEMO/04_MESTO_2035_DEMO_ASSIGNMENT_SUMMARY.json,demo_library/complete/04_MESTO_2035_DEMO/04_MESTO_2035_DEMO_ASSIGNMENT_SUMMARY.json,04_MESTO_2035_DEMO_ASSIGNMENT_SUMMARY.json,demo_library,.json,json_data_or_config,eb727eed8f70a23090b3af73137a09436a5ba10f12e16fe38520740eabea3b12,,,undetermined,UNKNOWN_NEEDS_DECISION,contents not read: the reference tree was not available when this inventory was built,,
demo_library/complete/04_MESTO_2035_DEMO/04_MESTO_2035_DEMO_DASHBOARD.html,demo_library/complete/04_MESTO_2035_DEMO/04_MESTO_2035_DEMO_DASHBOARD.html,04_MESTO_2035_DEMO_DASHBOARD.html,demo_library,.html,frontend_html,b8ac8e0c464009441db9b97470fa96d845ceb20b2f4f6f8b1b49837a65f27edc,,,undetermined,UNKNOWN_NEEDS_DECISION,contents not read: the reference tree was not available when this inventory was built,,
demo_library/complete/04_MESTO_2035_DEMO/04_MESTO_2035_DEMO_EVALUATIONS.csv,demo_library/complete/04_MESTO_2035_DEMO/04_MESTO_2035_DEMO_EVALUATIONS.csv,04_MESTO_2035_DEMO_EVALUATIONS.csv,demo_library,.csv,csv_data_asset,81900971da9d36f91ef044b30a0241c13a19985a87f487575e2b8850a9859d04,,,undetermined,UNKNOWN_NEEDS_DECISION,contents not read: the reference tree was not available when this inventory was built,,
demo_library/complete/04_MESTO_2035_DEMO/04_MESTO_2035_DEMO_HISTORY.json,demo_library/complete/04_MESTO_2035_DEMO/04_MESTO_2035_DEMO_HISTORY.json,04_MESTO_2035_DEMO_HISTORY.json,demo_library,.json,json_data_or_config,000cbd70b8e86ceb5a837105fc2727c3714de830fdaa77a2ec78107fac66d9b4,,,undetermined,UNKNOWN_NEEDS_DECISION,contents not read: the reference tree was not available when this inventory was built,,
demo_library/complete/04_MESTO_2035_DEMO/04_MESTO_2035_DEMO_NPC_PROJECT_IMPORT.json,demo_library/complete/04_MESTO_2035_DEMO/04_MESTO_2035_DEMO_NPC_PROJECT_IMPORT.json,04_MESTO_2035_DEMO_NPC_PROJECT_IMPORT.json,demo_library,.json,json_data_or_config,1a38e026787e0e4d2f272316acd63069b9fd66c2e1d9977845c59dd41a433b40,,,undetermined,UNKNOWN_NEEDS_DECISION,contents not read: the reference tree was not available when this inventory was built,,
demo_library/complete/04_MESTO_2035_DEMO/04_MESTO_2035_DEMO_PROJECT.json,demo_library/complete/04_MESTO_2035_DEMO/04_MESTO_2035_DEMO_PROJECT.json,04_MESTO_2035_DEMO_PROJECT.json,demo_library,.json,json_data_or_config,172b4a6561699383945f5e92865f379baedcc86c28fdb34e4b2dd38330ec2368,,,undetermined,UNKNOWN_NEEDS_DECISION,contents not read: the reference tree was not available when this inventory was built,,
demo_library/complete/04_MESTO_2035_DEMO/04_MESTO_2035_DEMO_PROVENANCE.json,demo_library/complete/04_MESTO_2035_DEMO/04_MESTO_2035_DEMO_PROVENANCE.json,04_MESTO_2035_DEMO_PROVENANCE.json,demo_library,.json,json_data_or_config,d4d78c317e2174351761324f7f8c7a2aabd9b6db31660c3eda772b4e5c740916,,,undetermined,UNKNOWN_NEEDS_DECISION,contents not read: the reference tree was not available when this inventory was built,,
demo_library/complete/04_MESTO_2035_DEMO/04_MESTO_2035_DEMO_RESPONDENTS.csv,demo_library/complete/04_MESTO_2035_DEMO/04_MESTO_2035_DEMO_RESPONDENTS.csv,04_MESTO_2035_DEMO_RESPONDENTS.csv,demo_library,.csv,csv_data_asset,5813a46d3a1802ba28ed3d531c00f531208d197e066fabbf08b3f414354fb359,,,undetermined,UNKNOWN_NEEDS_DECISION,contents not read: the reference tree was not available when this inventory was built,,
demo_library/complete/04_MESTO_2035_DEMO/04_MESTO_2035_DEMO_SEGMENT_RESULTS.csv,demo_library/complete/04_MESTO_2035_DEMO/04_MESTO_2035_DEMO_SEGMENT_RESULTS.csv,04_MESTO_2035_DEMO_SEGMENT_RESULTS.csv,demo_library,.csv,csv_data_asset,048e2866a1de6c70c9690b4c9000d70efbee9cac5ea37a7a99bc615dbfd72ed5,,,undetermined,UNKNOWN_NEEDS_DECISION,contents not read: the reference tree was not available when this inventory was built,,
demo_library/complete/04_MESTO_2035_DEMO/04_MESTO_2035_DEMO_VARIANT_RESULTS.csv,demo_library/complete/04_MESTO_2035_DEMO/04_MESTO_2035_DEMO_VARIANT_RESULTS.csv,04_MESTO_2035_DEMO_VARIANT_RESULTS.csv,demo_library,.csv,csv_data_asset,3c87a3c1cd4e2fe0290907d62a70dc5f5beca75110c5568b5260f3c715883083,,,undetermined,UNKNOWN_NEEDS_DECISION,contents not read: the reference tree was not available when this inventory was built,,
demo_library/complete/04_MESTO_2035_DEMO/04_MESTO_2035_DEMO_WORLDS.json,demo_library/complete/04_MESTO_2035_DEMO/04_MESTO_2035_DEMO_WORLDS.json,04_MESTO_2035_DEMO_WORLDS.json,demo_library,.json,json_data_or_config,22bce19961e472014f58a024b59f91c2752b3c35b791496c1534ac0b641718a6,,,undetermined,UNKNOWN_NEEDS_DECISION,contents not read: the reference tree was not available when this inventory was built,,
demo_library/complete/04_MESTO_2035_DEMO/FINAL_CLIENT_REPORT_OVERVIEW.html,demo_library/complete/04_MESTO_2035_DEMO/FINAL_CLIENT_REPORT_OVERVIEW.html,FINAL_CLIENT_REPORT_OVERVIEW.html,demo_library,.html,frontend_html,8a622a562db86d02a423ffb546cf114579cb3f4aa5d1c8adc35ac5de1492ee89,,,undetermined,UNKNOWN_NEEDS_DECISION,contents not read: the reference tree was not available when this inventory was built,,
demo_library/complete/04_MESTO_2035_DEMO/README.md,demo_library/complete/04_MESTO_2035_DEMO/README.md,README.md,demo_library,.md,documentation,3e2fa9fd4ad96f6f855782f0aa47118f74e2d4472f93bf4bba9c03ab851f3d52,,,undetermined,UNKNOWN_NEEDS_DECISION,contents not read: the reference tree was not available when this inventory was built,,
demo_library/complete/04_MESTO_2035_DEMO/REAL_OUTPUT_MANIFEST.json,demo_library/complete/04_MESTO_2035_DEMO/REAL_OUTPUT_MANIFEST.json,REAL_OUTPUT_MANIFEST.json,demo_library,.json,json_data_or_config,8461faeb827790a94f9269a1733875f1667477b1b00586119a708fe064f2827d,,,undetermined,UNKNOWN_NEEDS_DECISION,contents not read: the reference tree was not available when this inventory was built,,
demo_library/complete/04_MESTO_2035_DEMO/SHA256SUMS.txt,demo_library/complete/04_MESTO_2035_DEMO/SHA256SUMS.txt,SHA256SUMS.txt,demo_library,.txt,text,48a898abeb3f979420ee9711db1753274879b0462456ba125e000dcb4c345125,,,undetermined,UNKNOWN_NEEDS_DECISION,contents not read: the reference tree was not available when this inventory was built,,
demo_library/complete/05_VOLBA_2027_DEMO/05_VOLBA_2027_DEMO_ASSIGNMENT_SUMMARY.json,demo_library/complete/05_VOLBA_2027_DEMO/05_VOLBA_2027_DEMO_ASSIGNMENT_SUMMARY.json,05_VOLBA_2027_DEMO_ASSIGNMENT_SUMMARY.json,demo_library,.json,json_data_or_config,e4847ddb6e7feb9aa05e6200c1d93b4d654128b476743bed0f0d65b46b4ba423,,,undetermined,UNKNOWN_NEEDS_DECISION,contents not read: the reference tree was not available when this inventory was built,,
demo_library/complete/05_VOLBA_2027_DEMO/05_VOLBA_2027_DEMO_DASHBOARD.html,demo_library/complete/05_VOLBA_2027_DEMO/05_VOLBA_2027_DEMO_DASHBOARD.html,05_VOLBA_2027_DEMO_DASHBOARD.html,demo_library,.html,frontend_html,6a460e9f2912a6016900288d34c50f1ad02b1eab55f6d6fda3c3dff4d4bc908d,,,undetermined,UNKNOWN_NEEDS_DECISION,contents not read: the reference tree was not available when this inventory was built,,
demo_library/complete/05_VOLBA_2027_DEMO/05_VOLBA_2027_DEMO_EVALUATIONS.csv,demo_library/complete/05_VOLBA_2027_DEMO/05_VOLBA_2027_DEMO_EVALUATIONS.csv,05_VOLBA_2027_DEMO_EVALUATIONS.csv,demo_library,.csv,csv_data_asset,ff972f3e49dd1e8e4ff65e03c58ba5e0b42e815f14e77228568e7b80bfbf28b6,,,undetermined,UNKNOWN_NEEDS_DECISION,contents not read: the reference tree was not available when this inventory was built,,
demo_library/complete/05_VOLBA_2027_DEMO/05_VOLBA_2027_DEMO_HISTORY.json,demo_library/complete/05_VOLBA_2027_DEMO/05_VOLBA_2027_DEMO_HISTORY.json,05_VOLBA_2027_DEMO_HISTORY.json,demo_library,.json,json_data_or_config,000cbd70b8e86ceb5a837105fc2727c3714de830fdaa77a2ec78107fac66d9b4,,,undetermined,UNKNOWN_NEEDS_DECISION,contents not read: the reference tree was not available when this inventory was built,,
demo_library/complete/05_VOLBA_2027_DEMO/05_VOLBA_2027_DEMO_NPC_PROJECT_IMPORT.json,demo_library/complete/05_VOLBA_2027_DEMO/05_VOLBA_2027_DEMO_NPC_PROJECT_IMPORT.json,05_VOLBA_2027_DEMO_NPC_PROJECT_IMPORT.json,demo_library,.json,json_data_or_config,f06adf102cf1710b6f1ae949cbf6a9d99e0ef1e70cc8d24e13685ca08482d573,,,undetermined,UNKNOWN_NEEDS_DECISION,contents not read: the reference tree was not available when this inventory was built,,
demo_library/complete/05_VOLBA_2027_DEMO/05_VOLBA_2027_DEMO_PROJECT.json,demo_library/complete/05_VOLBA_2027_DEMO/05_VOLBA_2027_DEMO_PROJECT.json,05_VOLBA_2027_DEMO_PROJECT.json,demo_library,.json,json_data_or_config,eee6af38cdbb3fb9214d23b970bd07caece461d4a28d2f59da482e988eee0c05,,,undetermined,UNKNOWN_NEEDS_DECISION,contents not read: the reference tree was not available when this inventory was built,,
demo_library/complete/05_VOLBA_2027_DEMO/05_VOLBA_2027_DEMO_PROVENANCE.json,demo_library/complete/05_VOLBA_2027_DEMO/05_VOLBA_2027_DEMO_PROVENANCE.json,05_VOLBA_2027_DEMO_PROVENANCE.json,demo_library,.json,json_data_or_config,d4d78c317e2174351761324f7f8c7a2aabd9b6db31660c3eda772b4e5c740916,,,undetermined,UNKNOWN_NEEDS_DECISION,contents not read: the reference tree was not available when this inventory was built,,
demo_library/complete/05_VOLBA_2027_DEMO/05_VOLBA_2027_DEMO_RESPONDENTS.csv,demo_library/complete/05_VOLBA_2027_DEMO/05_VOLBA_2027_DEMO_RESPONDENTS.csv,05_VOLBA_2027_DEMO_RESPONDENTS.csv,demo_library,.csv,csv_data_asset,8cf73f3ef4a6e912c77a0abc1287edd1594464427c7b9e095d01e8b57f51e9f2,,,undetermined,UNKNOWN_NEEDS_DECISION,contents not read: the reference tree was not available when this inventory was built,,
demo_library/complete/05_VOLBA_2027_DEMO/05_VOLBA_2027_DEMO_SEGMENT_RESULTS.csv,demo_library/complete/05_VOLBA_2027_DEMO/05_VOLBA_2027_DEMO_SEGMENT_RESULTS.csv,05_VOLBA_2027_DEMO_SEGMENT_RESULTS.csv,demo_library,.csv,csv_data_asset,dcdeacba71c5a345e2c84e7c1b8792722117ea138ef073e258b64b78cba63a68,,,undetermined,UNKNOWN_NEEDS_DECISION,contents not read: the reference tree was not available when this inventory was built,,
demo_library/complete/05_VOLBA_2027_DEMO/05_VOLBA_2027_DEMO_VARIANT_RESULTS.csv,demo_library/complete/05_VOLBA_2027_DEMO/05_VOLBA_2027_DEMO_VARIANT_RESULTS.csv,05_VOLBA_2027_DEMO_VARIANT_RESULTS.csv,demo_library,.csv,csv_data_asset,d7751d6c2afc714a444e0d8e42a6cd85dfece890a8c96831ea471682052b00e3,,,undetermined,UNKNOWN_NEEDS_DECISION,contents not read: the reference tree was not available when this inventory was built,,
demo_library/complete/05_VOLBA_2027_DEMO/05_VOLBA_2027_DEMO_WORLDS.json,demo_library/complete/05_VOLBA_2027_DEMO/05_VOLBA_2027_DEMO_WORLDS.json,05_VOLBA_2027_DEMO_WORLDS.json,demo_library,.json,json_data_or_config,cd16d6962e32568c92e983001f5f628fb774b8df6ea1039dfa6ffe2146f7ee26,,,undetermined,UNKNOWN_NEEDS_DECISION,contents not read: the reference tree was not available when this inventory was built,,
demo_library/complete/05_VOLBA_2027_DEMO/FINAL_CLIENT_REPORT_OVERVIEW.html,demo_library/complete/05_VOLBA_2027_DEMO/FINAL_CLIENT_REPORT_OVERVIEW.html,FINAL_CLIENT_REPORT_OVERVIEW.html,demo_library,.html,frontend_html,0862fcde709d4eaa8efa87b6e0c4788919c6bfab333b744c73e8635c016755f6,,,undetermined,UNKNOWN_NEEDS_DECISION,contents not read: the reference tree was not available when this inventory was built,,
demo_library/complete/05_VOLBA_2027_DEMO/README.md,demo_library/complete/05_VOLBA_2027_DEMO/README.md,README.md,demo_library,.md,documentation,3967827887d12b9ce4ea6b105e8e0f3dea809a3a476d64df2af8715da358a27e,,,undetermined,UNKNOWN_NEEDS_DECISION,contents not read: the reference tree was not available when this inventory was built,,
demo_library/complete/05_VOLBA_2027_DEMO/REAL_OUTPUT_MANIFEST.json,demo_library/complete/05_VOLBA_2027_DEMO/REAL_OUTPUT_MANIFEST.json,REAL_OUTPUT_MANIFEST.json,demo_library,.json,json_data_or_config,cb907c8158287efe3aa5de11c0dfc67f2545af3f6529974db0c111506dfc3dcf,,,undetermined,UNKNOWN_NEEDS_DECISION,contents not read: the reference tree was not available when this inventory was built,,
demo_library/complete/05_VOLBA_2027_DEMO/SHA256SUMS.txt,demo_library/complete/05_VOLBA_2027_DEMO/SHA256SUMS.txt,SHA256SUMS.txt,demo_library,.txt,text,945b45274ae32f225de31092a5f9a18b57b6d14b88bd3f5e401d6758a0d47db9,,,undetermined,UNKNOWN_NEEDS_DECISION,contents not read: the reference tree was not available when this inventory was built,,
demo_library/complete/06_WORKNEST_DEMO/06_WORKNEST_DEMO_ASSIGNMENT_SUMMARY.json,demo_library/complete/06_WORKNEST_DEMO/06_WORKNEST_DEMO_ASSIGNMENT_SUMMARY.json,06_WORKNEST_DEMO_ASSIGNMENT_SUMMARY.json,demo_library,.json,json_data_or_config,da27087a9313c3bfdc81561f4714b7edae7e2b9da5c67080940ef9127af0a40d,,,undetermined,UNKNOWN_NEEDS_DECISION,contents not read: the reference tree was not available when this inventory was built,,
demo_library/complete/06_WORKNEST_DEMO/06_WORKNEST_DEMO_DASHBOARD.html,demo_library/complete/06_WORKNEST_DEMO/06_WORKNEST_DEMO_DASHBOARD.html,06_WORKNEST_DEMO_DASHBOARD.html,demo_library,.html,frontend_html,dd25d69cb61f8d2bae9f422d3d830a8a49c4af17249e88e902a06cad1d806e13,,,undetermined,UNKNOWN_NEEDS_DECISION,contents not read: the reference tree was not available when this inventory was built,,
demo_library/complete/06_WORKNEST_DEMO/06_WORKNEST_DEMO_EVALUATIONS.csv,demo_library/complete/06_WORKNEST_DEMO/06_WORKNEST_DEMO_EVALUATIONS.csv,06_WORKNEST_DEMO_EVALUATIONS.csv,demo_library,.csv,csv_data_asset,4201448b341113622d76fc5c0b989eadffc3a7c937e2f4206718306e02af0bd5,,,undetermined,UNKNOWN_NEEDS_DECISION,contents not read: the reference tree was not available when this inventory was built,,
demo_library/complete/06_WORKNEST_DEMO/06_WORKNEST_DEMO_HISTORY.json,demo_library/complete/06_WORKNEST_DEMO/06_WORKNEST_DEMO_HISTORY.json,06_WORKNEST_DEMO_HISTORY.json,demo_library,.json,json_data_or_config,000cbd70b8e86ceb5a837105fc2727c3714de830fdaa77a2ec78107fac66d9b4,,,undetermined,UNKNOWN_NEEDS_DECISION,contents not read: the reference tree was not available when this inventory was built,,
demo_library/complete/06_WORKNEST_DEMO/06_WORKNEST_DEMO_NPC_PROJECT_IMPORT.json,demo_library/complete/06_WORKNEST_DEMO/06_WORKNEST_DEMO_NPC_PROJECT_IMPORT.json,06_WORKNEST_DEMO_NPC_PROJECT_IMPORT.json,demo_library,.json,json_data_or_config,a7cfc08e554d8d9edb1bbe7ab9737e5d16299dc604f89a41d5921df9d8428a74,,,undetermined,UNKNOWN_NEEDS_DECISION,contents not read: the reference tree was not available when this inventory was built,,
demo_library/complete/06_WORKNEST_DEMO/06_WORKNEST_DEMO_PROJECT.json,demo_library/complete/06_WORKNEST_DEMO/06_WORKNEST_DEMO_PROJECT.json,06_WORKNEST_DEMO_PROJECT.json,demo_library,.json,json_data_or_config,a2e079d3d38f34793937fd27532dc221546369c57c2b8aa42308f1cc4387dd9a,,,undetermined,UNKNOWN_NEEDS_DECISION,contents not read: the reference tree was not available when this inventory was built,,
demo_library/complete/06_WORKNEST_DEMO/06_WORKNEST_DEMO_PROVENANCE.json,demo_library/complete/06_WORKNEST_DEMO/06_WORKNEST_DEMO_PROVENANCE.json,06_WORKNEST_DEMO_PROVENANCE.json,demo_library,.json,json_data_or_config,d4d78c317e2174351761324f7f8c7a2aabd9b6db31660c3eda772b4e5c740916,,,undetermined,UNKNOWN_NEEDS_DECISION,contents not read: the reference tree was not available when this inventory was built,,
demo_library/complete/06_WORKNEST_DEMO/06_WORKNEST_DEMO_RESPONDENTS.csv,demo_library/complete/06_WORKNEST_DEMO/06_WORKNEST_DEMO_RESPONDENTS.csv,06_WORKNEST_DEMO_RESPONDENTS.csv,demo_library,.csv,csv_data_asset,8b77fe95dec955bed045d236fd54c68e8c829ce791a8e7743aa6fdf00217f48c,,,undetermined,UNKNOWN_NEEDS_DECISION,contents not read: the reference tree was not available when this inventory was built,,
demo_library/complete/06_WORKNEST_DEMO/06_WORKNEST_DEMO_SEGMENT_RESULTS.csv,demo_library/complete/06_WORKNEST_DEMO/06_WORKNEST_DEMO_SEGMENT_RESULTS.csv,06_WORKNEST_DEMO_SEGMENT_RESULTS.csv,demo_library,.csv,csv_data_asset,8a49b5917fc478df92cd265ba82202f7cb18d6b06a18343a4a3565cca06148df,,,undetermined,UNKNOWN_NEEDS_DECISION,contents not read: the reference tree was not available when this inventory was built,,
demo_library/complete/06_WORKNEST_DEMO/06_WORKNEST_DEMO_VARIANT_RESULTS.csv,demo_library/complete/06_WORKNEST_DEMO/06_WORKNEST_DEMO_VARIANT_RESULTS.csv,06_WORKNEST_DEMO_VARIANT_RESULTS.csv,demo_library,.csv,csv_data_asset,3d8ae1d49eead7fa5d91d89c8ac43b51ca68f899d6f0e0693ec22d55027e62c0,,,undetermined,UNKNOWN_NEEDS_DECISION,contents not read: the reference tree was not available when this inventory was built,,
demo_library/complete/06_WORKNEST_DEMO/06_WORKNEST_DEMO_WORLDS.json,demo_library/complete/06_WORKNEST_DEMO/06_WORKNEST_DEMO_WORLDS.json,06_WORKNEST_DEMO_WORLDS.json,demo_library,.json,json_data_or_config,9085588511421063a007d2e3400b14f226c549d65d0d54276ee5d83e38939bb9,,,undetermined,UNKNOWN_NEEDS_DECISION,contents not read: the reference tree was not available when this inventory was built,,
demo_library/complete/06_WORKNEST_DEMO/FINAL_CLIENT_REPORT_OVERVIEW.html,demo_library/complete/06_WORKNEST_DEMO/FINAL_CLIENT_REPORT_OVERVIEW.html,FINAL_CLIENT_REPORT_OVERVIEW.html,demo_library,.html,frontend_html,4755157023690ef47cf125267e238347f8b9e58f90575183c1498cace5cbefe9,,,undetermined,UNKNOWN_NEEDS_DECISION,contents not read: the reference tree was not available when this inventory was built,,
demo_library/complete/06_WORKNEST_DEMO/README.md,demo_library/complete/06_WORKNEST_DEMO/README.md,README.md,demo_library,.md,documentation,4fa5059533771b0fe73b6ad4ae4ce2e4d628c6172bf5eafd884aca86fb598d00,,,undetermined,UNKNOWN_NEEDS_DECISION,contents not read: the reference tree was not available when this inventory was built,,
demo_library/complete/06_WORKNEST_DEMO/REAL_OUTPUT_MANIFEST.json,demo_library/complete/06_WORKNEST_DEMO/REAL_OUTPUT_MANIFEST.json,REAL_OUTPUT_MANIFEST.json,demo_library,.json,json_data_or_config,1c681e1f7e295df6b094b0f9a292ede612754a796db7fc0397ef0f3895437828,,,undetermined,UNKNOWN_NEEDS_DECISION,contents not read: the reference tree was not available when this inventory was built,,
demo_library/complete/06_WORKNEST_DEMO/SHA256SUMS.txt,demo_library/complete/06_WORKNEST_DEMO/SHA256SUMS.txt,SHA256SUMS.txt,demo_library,.txt,text,ecce42e8a31bee6cd69124bb0f4947e7ef5f1e8dfca2230e4e6393b08b79a96f,,,undetermined,UNKNOWN_NEEDS_DECISION,contents not read: the reference tree was not available when this inventory was built,,
demo_library/complete/07_METROMARKET_LOCAL_DEMO/07_METROMARKET_LOCAL_DEMO_ASSIGNMENT_SUMMARY.json,demo_library/complete/07_METROMARKET_LOCAL_DEMO/07_METROMARKET_LOCAL_DEMO_ASSIGNMENT_SUMMARY.json,07_METROMARKET_LOCAL_DEMO_ASSIGNMENT_SUMMARY.json,demo_library,.json,json_data_or_config,75b7ba34f268679ef315b3344e93dc9021b2693345aa01306ae21f85e50a3f32,,,undetermined,UNKNOWN_NEEDS_DECISION,contents not read: the reference tree was not available when this inventory was built,,
demo_library/complete/07_METROMARKET_LOCAL_DEMO/07_METROMARKET_LOCAL_DEMO_DASHBOARD.html,demo_library/complete/07_METROMARKET_LOCAL_DEMO/07_METROMARKET_LOCAL_DEMO_DASHBOARD.html,07_METROMARKET_LOCAL_DEMO_DASHBOARD.html,demo_library,.html,frontend_html,9f4aed0bf4ec0102107a80bea8e11979abf62a6fd4643651f4ae6c0fba07c5da,,,undetermined,UNKNOWN_NEEDS_DECISION,contents not read: the reference tree was not available when this inventory was built,,
demo_library/complete/07_METROMARKET_LOCAL_DEMO/07_METROMARKET_LOCAL_DEMO_EVALUATIONS.csv,demo_library/complete/07_METROMARKET_LOCAL_DEMO/07_METROMARKET_LOCAL_DEMO_EVALUATIONS.csv,07_METROMARKET_LOCAL_DEMO_EVALUATIONS.csv,demo_library,.csv,csv_data_asset,3fa444a4f3af0bb74daec48bed3ca6520c9f55f2bf5bf6e65bd94bd1a08cd87f,,,undetermined,UNKNOWN_NEEDS_DECISION,contents not read: the reference tree was not available when this inventory was built,,
demo_library/complete/07_METROMARKET_LOCAL_DEMO/07_METROMARKET_LOCAL_DEMO_HISTORY.json,demo_library/complete/07_METROMARKET_LOCAL_DEMO/07_METROMARKET_LOCAL_DEMO_HISTORY.json,07_METROMARKET_LOCAL_DEMO_HISTORY.json,demo_library,.json,json_data_or_config,000cbd70b8e86ceb5a837105fc2727c3714de830fdaa77a2ec78107fac66d9b4,,,undetermined,UNKNOWN_NEEDS_DECISION,contents not read: the reference tree was not available when this inventory was built,,
demo_library/complete/07_METROMARKET_LOCAL_DEMO/07_METROMARKET_LOCAL_DEMO_NPC_PROJECT_IMPORT.json,demo_library/complete/07_METROMARKET_LOCAL_DEMO/07_METROMARKET_LOCAL_DEMO_NPC_PROJECT_IMPORT.json,07_METROMARKET_LOCAL_DEMO_NPC_PROJECT_IMPORT.json,demo_library,.json,json_data_or_config,9f9161f71a723eb67b785afa68a9642e996290067b9376d5a0e17181c7c9b46c,,,undetermined,UNKNOWN_NEEDS_DECISION,contents not read: the reference tree was not available when this inventory was built,,
demo_library/complete/07_METROMARKET_LOCAL_DEMO/07_METROMARKET_LOCAL_DEMO_PROJECT.json,demo_library/complete/07_METROMARKET_LOCAL_DEMO/07_METROMARKET_LOCAL_DEMO_PROJECT.json,07_METROMARKET_LOCAL_DEMO_PROJECT.json,demo_library,.json,json_data_or_config,6ce802ebd224067bcd754668f8f7a0f332a6f1f7ce3726d46a3a684ccd10d4e1,,,undetermined,UNKNOWN_NEEDS_DECISION,contents not read: the reference tree was not available when this inventory was built,,
demo_library/complete/07_METROMARKET_LOCAL_DEMO/07_METROMARKET_LOCAL_DEMO_PROVENANCE.json,demo_library/complete/07_METROMARKET_LOCAL_DEMO/07_METROMARKET_LOCAL_DEMO_PROVENANCE.json,07_METROMARKET_LOCAL_DEMO_PROVENANCE.json,demo_library,.json,json_data_or_config,d4d78c317e2174351761324f7f8c7a2aabd9b6db31660c3eda772b4e5c740916,,,undetermined,UNKNOWN_NEEDS_DECISION,contents not read: the reference tree was not available when this inventory was built,,
demo_library/complete/07_METROMARKET_LOCAL_DEMO/07_METROMARKET_LOCAL_DEMO_RESPONDENTS.csv,demo_library/complete/07_METROMARKET_LOCAL_DEMO/07_METROMARKET_LOCAL_DEMO_RESPONDENTS.csv,07_METROMARKET_LOCAL_DEMO_RESPONDENTS.csv,demo_library,.csv,csv_data_asset,1fcb3e60d0a2c26c736a8ec45db615a53678af2af42615bd05ad0c21eb0e1f1a,,,undetermined,UNKNOWN_NEEDS_DECISION,contents not read: the reference tree was not available when this inventory was built,,
demo_library/complete/07_METROMARKET_LOCAL_DEMO/07_METROMARKET_LOCAL_DEMO_SEGMENT_RESULTS.csv,demo_library/complete/07_METROMARKET_LOCAL_DEMO/07_METROMARKET_LOCAL_DEMO_SEGMENT_RESULTS.csv,07_METROMARKET_LOCAL_DEMO_SEGMENT_RESULTS.csv,demo_library,.csv,csv_data_asset,2e543a648f34f68f966da187b07a18104032ae3b76bcd24b0c76a64eeb88b7cf,,,undetermined,UNKNOWN_NEEDS_DECISION,contents not read: the reference tree was not available when this inventory was built,,
demo_library/complete/07_METROMARKET_LOCAL_DEMO/07_METROMARKET_LOCAL_DEMO_VARIANT_RESULTS.csv,demo_library/complete/07_METROMARKET_LOCAL_DEMO/07_METROMARKET_LOCAL_DEMO_VARIANT_RESULTS.csv,07_METROMARKET_LOCAL_DEMO_VARIANT_RESULTS.csv,demo_library,.csv,csv_data_asset,b3ce5b066ccdfdc17c83597420c2a0fd5a63c258fca4042b35ce3dbcc3a354da,,,undetermined,UNKNOWN_NEEDS_DECISION,contents not read: the reference tree was not available when this inventory was built,,
demo_library/complete/07_METROMARKET_LOCAL_DEMO/07_METROMARKET_LOCAL_DEMO_WORLDS.json,demo_library/complete/07_METROMARKET_LOCAL_DEMO/07_METROMARKET_LOCAL_DEMO_WORLDS.json,07_METROMARKET_LOCAL_DEMO_WORLDS.json,demo_library,.json,json_data_or_config,aa6bfb725a0523642697be4513e320ec37702e8dc5f8750b794162f2016507bd,,,undetermined,UNKNOWN_NEEDS_DECISION,contents not read: the reference tree was not available when this inventory was built,,
demo_library/complete/07_METROMARKET_LOCAL_DEMO/FINAL_CLIENT_REPORT_OVERVIEW.html,demo_library/complete/07_METROMARKET_LOCAL_DEMO/FINAL_CLIENT_REPORT_OVERVIEW.html,FINAL_CLIENT_REPORT_OVERVIEW.html,demo_library,.html,frontend_html,c54e65cf06f0a0fe1ea171e1d3b2ff2a46f12f3304d58eb559ea9e19deb66742,,,undetermined,UNKNOWN_NEEDS_DECISION,contents not read: the reference tree was not available when this inventory was built,,
demo_library/complete/07_METROMARKET_LOCAL_DEMO/README.md,demo_library/complete/07_METROMARKET_LOCAL_DEMO/README.md,README.md,demo_library,.md,documentation,8937d8b99dee490ed9599f79908e46a9c895aa53e26d2ca8b4dcbcc38b8b12e4,,,undetermined,UNKNOWN_NEEDS_DECISION,contents not read: the reference tree was not available when this inventory was built,,
demo_library/complete/07_METROMARKET_LOCAL_DEMO/REAL_OUTPUT_MANIFEST.json,demo_library/complete/07_METROMARKET_LOCAL_DEMO/REAL_OUTPUT_MANIFEST.json,REAL_OUTPUT_MANIFEST.json,demo_library,.json,json_data_or_config,be674f5abb94f56948ea69665167c210491cb47f4549a4d73b1520459fda2709,,,undetermined,UNKNOWN_NEEDS_DECISION,contents not read: the reference tree was not available when this inventory was built,,
demo_library/complete/07_METROMARKET_LOCAL_DEMO/SHA256SUMS.txt,demo_library/complete/07_METROMARKET_LOCAL_DEMO/SHA256SUMS.txt,SHA256SUMS.txt,demo_library,.txt,text,ce910234b5900f96b424d044c951142296c416270c7d7d696488aa67295d3ea2,,,undetermined,UNKNOWN_NEEDS_DECISION,contents not read: the reference tree was not available when this inventory was built,,
demo_library/complete/08_CARELINK_DEMO/08_CARELINK_DEMO_ASSIGNMENT_SUMMARY.json,demo_library/complete/08_CARELINK_DEMO/08_CARELINK_DEMO_ASSIGNMENT_SUMMARY.json,08_CARELINK_DEMO_ASSIGNMENT_SUMMARY.json,demo_library,.json,json_data_or_config,c69580ba5c51a374d87c407b5f0514582574209b829885ada2647b0f3431afc5,,,undetermined,UNKNOWN_NEEDS_DECISION,contents not read: the reference tree was not available when this inventory was built,,
demo_library/complete/08_CARELINK_DEMO/08_CARELINK_DEMO_DASHBOARD.html,demo_library/complete/08_CARELINK_DEMO/08_CARELINK_DEMO_DASHBOARD.html,08_CARELINK_DEMO_DASHBOARD.html,demo_library,.html,frontend_html,fc417ea6fa8269bbce57c5dfc77201f8077b935ef797cb176b1d19d2afc798a8,,,undetermined,UNKNOWN_NEEDS_DECISION,contents not read: the reference tree was not available when this inventory was built,,
demo_library/complete/08_CARELINK_DEMO/08_CARELINK_DEMO_EVALUATIONS.csv,demo_library/complete/08_CARELINK_DEMO/08_CARELINK_DEMO_EVALUATIONS.csv,08_CARELINK_DEMO_EVALUATIONS.csv,demo_library,.csv,csv_data_asset,239b02ea766bc2f182e926aec665b9299a27440cb4588b9d09f33b456cb26bf6,,,undetermined,UNKNOWN_NEEDS_DECISION,contents not read: the reference tree was not available when this inventory was built,,
demo_library/complete/08_CARELINK_DEMO/08_CARELINK_DEMO_HISTORY.json,demo_library/complete/08_CARELINK_DEMO/08_CARELINK_DEMO_HISTORY.json,08_CARELINK_DEMO_HISTORY.json,demo_library,.json,json_data_or_config,000cbd70b8e86ceb5a837105fc2727c3714de830fdaa77a2ec78107fac66d9b4,,,undetermined,UNKNOWN_NEEDS_DECISION,contents not read: the reference tree was not available when this inventory was built,,
demo_library/complete/08_CARELINK_DEMO/08_CARELINK_DEMO_NPC_PROJECT_IMPORT.json,demo_library/complete/08_CARELINK_DEMO/08_CARELINK_DEMO_NPC_PROJECT_IMPORT.json,08_CARELINK_DEMO_NPC_PROJECT_IMPORT.json,demo_library,.json,json_data_or_config,4105c137ea8758f98a1d65231e5e79122797e42a2c2c5010280151ad547cda88,,,undetermined,UNKNOWN_NEEDS_DECISION,contents not read: the reference tree was not available when this inventory was built,,
demo_library/complete/08_CARELINK_DEMO/08_CARELINK_DEMO_PROJECT.json,demo_library/complete/08_CARELINK_DEMO/08_CARELINK_DEMO_PROJECT.json,08_CARELINK_DEMO_PROJECT.json,demo_library,.json,json_data_or_config,ce5f349a97cc61a43c2a0f206f962da331a27c5354b26448e083127459fb6c41,,,undetermined,UNKNOWN_NEEDS_DECISION,contents not read: the reference tree was not available when this inventory was built,,
demo_library/complete/08_CARELINK_DEMO/08_CARELINK_DEMO_PROVENANCE.json,demo_library/complete/08_CARELINK_DEMO/08_CARELINK_DEMO_PROVENANCE.json,08_CARELINK_DEMO_PROVENANCE.json,demo_library,.json,json_data_or_config,d4d78c317e2174351761324f7f8c7a2aabd9b6db31660c3eda772b4e5c740916,,,undetermined,UNKNOWN_NEEDS_DECISION,contents not read: the reference tree was not available when this inventory was built,,
demo_library/complete/08_CARELINK_DEMO/08_CARELINK_DEMO_RESPONDENTS.csv,demo_library/complete/08_CARELINK_DEMO/08_CARELINK_DEMO_RESPONDENTS.csv,08_CARELINK_DEMO_RESPONDENTS.csv,demo_library,.csv,csv_data_asset,c19b3d2fce87fdf66ec6c7b9399af6e18fce16a56d750da31fe40d553d3c684a,,,undetermined,UNKNOWN_NEEDS_DECISION,contents not read: the reference tree was not available when this inventory was built,,
demo_library/complete/08_CARELINK_DEMO/08_CARELINK_DEMO_SEGMENT_RESULTS.csv,demo_library/complete/08_CARELINK_DEMO/08_CARELINK_DEMO_SEGMENT_RESULTS.csv,08_CARELINK_DEMO_SEGMENT_RESULTS.csv,demo_library,.csv,csv_data_asset,fbd2359bb006e0cbbfbbec49a10d71264defcf0eb3bd0500dd32c64aa28d552f,,,undetermined,UNKNOWN_NEEDS_DECISION,contents not read: the reference tree was not available when this inventory was built,,
demo_library/complete/08_CARELINK_DEMO/08_CARELINK_DEMO_VARIANT_RESULTS.csv,demo_library/complete/08_CARELINK_DEMO/08_CARELINK_DEMO_VARIANT_RESULTS.csv,08_CARELINK_DEMO_VARIANT_RESULTS.csv,demo_library,.csv,csv_data_asset,ea3c3af56e62ba3e1c50cbcd3e145bc24b51a180b9725e794c42b6c4f7aeb46b,,,undetermined,UNKNOWN_NEEDS_DECISION,contents not read: the reference tree was not available when this inventory was built,,
demo_library/complete/08_CARELINK_DEMO/08_CARELINK_DEMO_WORLDS.json,demo_library/complete/08_CARELINK_DEMO/08_CARELINK_DEMO_WORLDS.json,08_CARELINK_DEMO_WORLDS.json,demo_library,.json,json_data_or_config,f47d12ebbf78920da9f2a1a3b68675cc701bffcc40b60fbc9526d2006a7574f8,,,undetermined,UNKNOWN_NEEDS_DECISION,contents not read: the reference tree was not available when this inventory was built,,
demo_library/complete/08_CARELINK_DEMO/FINAL_CLIENT_REPORT_OVERVIEW.html,demo_library/complete/08_CARELINK_DEMO/FINAL_CLIENT_REPORT_OVERVIEW.html,FINAL_CLIENT_REPORT_OVERVIEW.html,demo_library,.html,frontend_html,efe6676207868d183f34fae727017705a5a59fd14f6959ff1056b03611a5cbda,,,undetermined,UNKNOWN_NEEDS_DECISION,contents not read: the reference tree was not available when this inventory was built,,
demo_library/complete/08_CARELINK_DEMO/README.md,demo_library/complete/08_CARELINK_DEMO/README.md,README.md,demo_library,.md,documentation,71ae68f5d0d0be51b903ed6f1fca98048c40f1bb2d0908df7e7c73cd8cd08d3a,,,undetermined,UNKNOWN_NEEDS_DECISION,contents not read: the reference tree was not available when this inventory was built,,
demo_library/complete/08_CARELINK_DEMO/REAL_OUTPUT_MANIFEST.json,demo_library/complete/08_CARELINK_DEMO/REAL_OUTPUT_MANIFEST.json,REAL_OUTPUT_MANIFEST.json,demo_library,.json,json_data_or_config,70adad0a151bb5a9fee748a0b836b7da7205ab009f76f54cd1ec01a4d598e2da,,,undetermined,UNKNOWN_NEEDS_DECISION,contents not read: the reference tree was not available when this inventory was built,,
demo_library/complete/08_CARELINK_DEMO/SHA256SUMS.txt,demo_library/complete/08_CARELINK_DEMO/SHA256SUMS.txt,SHA256SUMS.txt,demo_library,.txt,text,6049c94fc9d1c0ba5301ed430cfdf600aaee7bd6ee76ae7bb50fedf58c1bf123,,,undetermined,UNKNOWN_NEEDS_DECISION,contents not read: the reference tree was not available when this inventory was built,,
demo_library/complete/09_STREAMIO_ONE_DEMO/09_STREAMIO_ONE_DEMO_ASSIGNMENT_SUMMARY.json,demo_library/complete/09_STREAMIO_ONE_DEMO/09_STREAMIO_ONE_DEMO_ASSIGNMENT_SUMMARY.json,09_STREAMIO_ONE_DEMO_ASSIGNMENT_SUMMARY.json,demo_library,.json,json_data_or_config,bd2e748230bdef7516235164177ab1810205d1f42bff03906a18a11e3ad1a8c4,,,undetermined,UNKNOWN_NEEDS_DECISION,contents not read: the reference tree was not available when this inventory was built,,
demo_library/complete/09_STREAMIO_ONE_DEMO/09_STREAMIO_ONE_DEMO_DASHBOARD.html,demo_library/complete/09_STREAMIO_ONE_DEMO/09_STREAMIO_ONE_DEMO_DASHBOARD.html,09_STREAMIO_ONE_DEMO_DASHBOARD.html,demo_library,.html,frontend_html,20704a4f925bc53701487f991272a4f4533cbd998732df57a2533e4e22c7e1cb,,,undetermined,UNKNOWN_NEEDS_DECISION,contents not read: the reference tree was not available when this inventory was built,,
demo_library/complete/09_STREAMIO_ONE_DEMO/09_STREAMIO_ONE_DEMO_EVALUATIONS.csv,demo_library/complete/09_STREAMIO_ONE_DEMO/09_STREAMIO_ONE_DEMO_EVALUATIONS.csv,09_STREAMIO_ONE_DEMO_EVALUATIONS.csv,demo_library,.csv,csv_data_asset,06a38a34cd3d5b2be1b153a3bec7f067f2090981f34de115e10bf47efe001fe9,,,undetermined,UNKNOWN_NEEDS_DECISION,contents not read: the reference tree was not available when this inventory was built,,
demo_library/complete/09_STREAMIO_ONE_DEMO/09_STREAMIO_ONE_DEMO_HISTORY.json,demo_library/complete/09_STREAMIO_ONE_DEMO/09_STREAMIO_ONE_DEMO_HISTORY.json,09_STREAMIO_ONE_DEMO_HISTORY.json,demo_library,.json,json_data_or_config,000cbd70b8e86ceb5a837105fc2727c3714de830fdaa77a2ec78107fac66d9b4,,,undetermined,UNKNOWN_NEEDS_DECISION,contents not read: the reference tree was not available when this inventory was built,,
demo_library/complete/09_STREAMIO_ONE_DEMO/09_STREAMIO_ONE_DEMO_NPC_PROJECT_IMPORT.json,demo_library/complete/09_STREAMIO_ONE_DEMO/09_STREAMIO_ONE_DEMO_NPC_PROJECT_IMPORT.json,09_STREAMIO_ONE_DEMO_NPC_PROJECT_IMPORT.json,demo_library,.json,json_data_or_config,d03f86adc9ad70ec00edce27a08e0348a8dbad2d1d953017d3499364c7474f51,,,undetermined,UNKNOWN_NEEDS_DECISION,contents not read: the reference tree was not available when this inventory was built,,
demo_library/complete/09_STREAMIO_ONE_DEMO/09_STREAMIO_ONE_DEMO_PROJECT.json,demo_library/complete/09_STREAMIO_ONE_DEMO/09_STREAMIO_ONE_DEMO_PROJECT.json,09_STREAMIO_ONE_DEMO_PROJECT.json,demo_library,.json,json_data_or_config,497093952c78503c9541557f722c9a887f1f8bdd3d56331aebdcbec81a6b6dba,,,undetermined,UNKNOWN_NEEDS_DECISION,contents not read: the reference tree was not available when this inventory was built,,
demo_library/complete/09_STREAMIO_ONE_DEMO/09_STREAMIO_ONE_DEMO_PROVENANCE.json,demo_library/complete/09_STREAMIO_ONE_DEMO/09_STREAMIO_ONE_DEMO_PROVENANCE.json,09_STREAMIO_ONE_DEMO_PROVENANCE.json,demo_library,.json,json_data_or_config,d4d78c317e2174351761324f7f8c7a2aabd9b6db31660c3eda772b4e5c740916,,,undetermined,UNKNOWN_NEEDS_DECISION,contents not read: the reference tree was not available when this inventory was built,,
demo_library/complete/09_STREAMIO_ONE_DEMO/09_STREAMIO_ONE_DEMO_RESPONDENTS.csv,demo_library/complete/09_STREAMIO_ONE_DEMO/09_STREAMIO_ONE_DEMO_RESPONDENTS.csv,09_STREAMIO_ONE_DEMO_RESPONDENTS.csv,demo_library,.csv,csv_data_asset,0b756f9189a337dbc2505e43e9f0681a35db547256eccf57eaeecaddacc09d97,,,undetermined,UNKNOWN_NEEDS_DECISION,contents not read: the reference tree was not available when this inventory was built,,
demo_library/complete/09_STREAMIO_ONE_DEMO/09_STREAMIO_ONE_DEMO_SEGMENT_RESULTS.csv,demo_library/complete/09_STREAMIO_ONE_DEMO/09_STREAMIO_ONE_DEMO_SEGMENT_RESULTS.csv,09_STREAMIO_ONE_DEMO_SEGMENT_RESULTS.csv,demo_library,.csv,csv_data_asset,08ae3ed3ccd2901feb0680f2cd195225990ee8c613a590917e4c0b78dc6740da,,,undetermined,UNKNOWN_NEEDS_DECISION,contents not read: the reference tree was not available when this inventory was built,,
demo_library/complete/09_STREAMIO_ONE_DEMO/09_STREAMIO_ONE_DEMO_VARIANT_RESULTS.csv,demo_library/complete/09_STREAMIO_ONE_DEMO/09_STREAMIO_ONE_DEMO_VARIANT_RESULTS.csv,09_STREAMIO_ONE_DEMO_VARIANT_RESULTS.csv,demo_library,.csv,csv_data_asset,da7197fa62c9ccf6856afbc08c8705c47f6a1193ef1c358fcf1121af1ea438c7,,,undetermined,UNKNOWN_NEEDS_DECISION,contents not read: the reference tree was not available when this inventory was built,,
demo_library/complete/09_STREAMIO_ONE_DEMO/09_STREAMIO_ONE_DEMO_WORLDS.json,demo_library/complete/09_STREAMIO_ONE_DEMO/09_STREAMIO_ONE_DEMO_WORLDS.json,09_STREAMIO_ONE_DEMO_WORLDS.json,demo_library,.json,json_data_or_config,68c46aa9b45b0d2c0ef655d927f5c192636a6e4953006d672a70f6e461cf12e4,,,undetermined,UNKNOWN_NEEDS_DECISION,contents not read: the reference tree was not available when this inventory was built,,
demo_library/complete/09_STREAMIO_ONE_DEMO/FINAL_CLIENT_REPORT_OVERVIEW.html,demo_library/complete/09_STREAMIO_ONE_DEMO/FINAL_CLIENT_REPORT_OVERVIEW.html,FINAL_CLIENT_REPORT_OVERVIEW.html,demo_library,.html,frontend_html,689759359d69b8b0313ecf3128a8c6959d82a9e3fbcb74c63b6da69fb4175cee,,,undetermined,UNKNOWN_NEEDS_DECISION,contents not read: the reference tree was not available when this inventory was built,,
demo_library/complete/09_STREAMIO_ONE_DEMO/README.md,demo_library/complete/09_STREAMIO_ONE_DEMO/README.md,README.md,demo_library,.md,documentation,9e5f18db3a99daef919780a9cb2bcfda506626e06618f5ebad0f4462778dc012,,,undetermined,UNKNOWN_NEEDS_DECISION,contents not read: the reference tree was not available when this inventory was built,,
demo_library/complete/09_STREAMIO_ONE_DEMO/REAL_OUTPUT_MANIFEST.json,demo_library/complete/09_STREAMIO_ONE_DEMO/REAL_OUTPUT_MANIFEST.json,REAL_OUTPUT_MANIFEST.json,demo_library,.json,json_data_or_config,cb7a06b18ea67dc3d5d8f9b40a82a17d7d7612347231ef59bfdf89a1b4fe98f2,,,undetermined,UNKNOWN_NEEDS_DECISION,contents not read: the reference tree was not available when this inventory was built,,
demo_library/complete/09_STREAMIO_ONE_DEMO/SHA256SUMS.txt,demo_library/complete/09_STREAMIO_ONE_DEMO/SHA256SUMS.txt,SHA256SUMS.txt,demo_library,.txt,text,abe61b4bcef8d59617c9c5eecdd358076c62949db6e9925f36729cde028ad096,,,undetermined,UNKNOWN_NEEDS_DECISION,contents not read: the reference tree was not available when this inventory was built,,
demo_library/complete/10_AEROCITY_DEMO/10_AEROCITY_DEMO_ASSIGNMENT_SUMMARY.json,demo_library/complete/10_AEROCITY_DEMO/10_AEROCITY_DEMO_ASSIGNMENT_SUMMARY.json,10_AEROCITY_DEMO_ASSIGNMENT_SUMMARY.json,demo_library,.json,json_data_or_config,4ee7fa850bc44d649a1799d9787411916e170a83589468373958cefe4d6b654e,,,undetermined,UNKNOWN_NEEDS_DECISION,contents not read: the reference tree was not available when this inventory was built,,
demo_library/complete/10_AEROCITY_DEMO/10_AEROCITY_DEMO_DASHBOARD.html,demo_library/complete/10_AEROCITY_DEMO/10_AEROCITY_DEMO_DASHBOARD.html,10_AEROCITY_DEMO_DASHBOARD.html,demo_library,.html,frontend_html,c32deba71c9b0a2009014ae0f28d85321ecb9823960effe7dd82d3b1b391ef6f,,,undetermined,UNKNOWN_NEEDS_DECISION,contents not read: the reference tree was not available when this inventory was built,,
demo_library/complete/10_AEROCITY_DEMO/10_AEROCITY_DEMO_EVALUATIONS.csv,demo_library/complete/10_AEROCITY_DEMO/10_AEROCITY_DEMO_EVALUATIONS.csv,10_AEROCITY_DEMO_EVALUATIONS.csv,demo_library,.csv,csv_data_asset,79371174c0c63d72857adf385e73a12724b69f8a65c5aba47486986de1103a0f,,,undetermined,UNKNOWN_NEEDS_DECISION,contents not read: the reference tree was not available when this inventory was built,,
demo_library/complete/10_AEROCITY_DEMO/10_AEROCITY_DEMO_HISTORY.json,demo_library/complete/10_AEROCITY_DEMO/10_AEROCITY_DEMO_HISTORY.json,10_AEROCITY_DEMO_HISTORY.json,demo_library,.json,json_data_or_config,000cbd70b8e86ceb5a837105fc2727c3714de830fdaa77a2ec78107fac66d9b4,,,undetermined,UNKNOWN_NEEDS_DECISION,contents not read: the reference tree was not available when this inventory was built,,
demo_library/complete/10_AEROCITY_DEMO/10_AEROCITY_DEMO_NPC_PROJECT_IMPORT.json,demo_library/complete/10_AEROCITY_DEMO/10_AEROCITY_DEMO_NPC_PROJECT_IMPORT.json,10_AEROCITY_DEMO_NPC_PROJECT_IMPORT.json,demo_library,.json,json_data_or_config,88921fcde90369fd7d1d6142459a1e5b3d33b1861a5615732342ed4baff43942,,,undetermined,UNKNOWN_NEEDS_DECISION,contents not read: the reference tree was not available when this inventory was built,,
demo_library/complete/10_AEROCITY_DEMO/10_AEROCITY_DEMO_PROJECT.json,demo_library/complete/10_AEROCITY_DEMO/10_AEROCITY_DEMO_PROJECT.json,10_AEROCITY_DEMO_PROJECT.json,demo_library,.json,json_data_or_config,8c2f59892e7de38b75c3d4f383e762bbd84cae4b37ef9e047fbf92597e8f49ae,,,undetermined,UNKNOWN_NEEDS_DECISION,contents not read: the reference tree was not available when this inventory was built,,
demo_library/complete/10_AEROCITY_DEMO/10_AEROCITY_DEMO_PROVENANCE.json,demo_library/complete/10_AEROCITY_DEMO/10_AEROCITY_DEMO_PROVENANCE.json,10_AEROCITY_DEMO_PROVENANCE.json,demo_library,.json,json_data_or_config,d4d78c317e2174351761324f7f8c7a2aabd9b6db31660c3eda772b4e5c740916,,,undetermined,UNKNOWN_NEEDS_DECISION,contents not read: the reference tree was not available when this inventory was built,,
demo_library/complete/10_AEROCITY_DEMO/10_AEROCITY_DEMO_RESPONDENTS.csv,demo_library/complete/10_AEROCITY_DEMO/10_AEROCITY_DEMO_RESPONDENTS.csv,10_AEROCITY_DEMO_RESPONDENTS.csv,demo_library,.csv,csv_data_asset,600082fb71d0a25507f579265ff536065b6f67bb00ebc3cc1ee97dd41c50380d,,,undetermined,UNKNOWN_NEEDS_DECISION,contents not read: the reference tree was not available when this inventory was built,,
demo_library/complete/10_AEROCITY_DEMO/10_AEROCITY_DEMO_SEGMENT_RESULTS.csv,demo_library/complete/10_AEROCITY_DEMO/10_AEROCITY_DEMO_SEGMENT_RESULTS.csv,10_AEROCITY_DEMO_SEGMENT_RESULTS.csv,demo_library,.csv,csv_data_asset,c6ce5ac41ec99ae52102756878c0eea3ba36b7d1df59437af10704c2ce097d8d,,,undetermined,UNKNOWN_NEEDS_DECISION,contents not read: the reference tree was not available when this inventory was built,,
demo_library/complete/10_AEROCITY_DEMO/10_AEROCITY_DEMO_VARIANT_RESULTS.csv,demo_library/complete/10_AEROCITY_DEMO/10_AEROCITY_DEMO_VARIANT_RESULTS.csv,10_AEROCITY_DEMO_VARIANT_RESULTS.csv,demo_library,.csv,csv_data_asset,5885075582b7607d2ec6be6a4c059f02d9c91c9fe9df0038b9dd9104b9707800,,,undetermined,UNKNOWN_NEEDS_DECISION,contents not read: the reference tree was not available when this inventory was built,,
demo_library/complete/10_AEROCITY_DEMO/10_AEROCITY_DEMO_WORLDS.json,demo_library/complete/10_AEROCITY_DEMO/10_AEROCITY_DEMO_WORLDS.json,10_AEROCITY_DEMO_WORLDS.json,demo_library,.json,json_data_or_config,32a29cd4076b606cbd564d7712b400bd33cc9e845e0c3f330568224bb94af706,,,undetermined,UNKNOWN_NEEDS_DECISION,contents not read: the reference tree was not available when this inventory was built,,
demo_library/complete/10_AEROCITY_DEMO/FINAL_CLIENT_REPORT_OVERVIEW.html,demo_library/complete/10_AEROCITY_DEMO/FINAL_CLIENT_REPORT_OVERVIEW.html,FINAL_CLIENT_REPORT_OVERVIEW.html,demo_library,.html,frontend_html,5431049b613cfb258402f0530c65462d1ab532c5dc909fd2728fb920e85195ba,,,undetermined,UNKNOWN_NEEDS_DECISION,contents not read: the reference tree was not available when this inventory was built,,
demo_library/complete/10_AEROCITY_DEMO/README.md,demo_library/complete/10_AEROCITY_DEMO/README.md,README.md,demo_library,.md,documentation,93ce23a378eaa91c4ba2d737aee02b84fcbd9fce3d39fd814d9ec055561c49d9,,,undetermined,UNKNOWN_NEEDS_DECISION,contents not read: the reference tree was not available when this inventory was built,,
demo_library/complete/10_AEROCITY_DEMO/REAL_OUTPUT_MANIFEST.json,demo_library/complete/10_AEROCITY_DEMO/REAL_OUTPUT_MANIFEST.json,REAL_OUTPUT_MANIFEST.json,demo_library,.json,json_data_or_config,7c9cc9419c002f64d82092c9c201f27fb304ac4d33e498e1dd0fb79d8177802c,,,undetermined,UNKNOWN_NEEDS_DECISION,contents not read: the reference tree was not available when this inventory was built,,
demo_library/complete/10_AEROCITY_DEMO/SHA256SUMS.txt,demo_library/complete/10_AEROCITY_DEMO/SHA256SUMS.txt,SHA256SUMS.txt,demo_library,.txt,text,ca39f93849ddb8c3a6359e5bda709faa1ccb010d113eec8b2ba09465efd744ce,,,undetermined,UNKNOWN_NEEDS_DECISION,contents not read: the reference tree was not available when this inventory was built,,
demo_library/complete/DEMO_LIBRARY_DASHBOARD.html,demo_library/complete/DEMO_LIBRARY_DASHBOARD.html,DEMO_LIBRARY_DASHBOARD.html,demo_library,.html,frontend_html,ad2073723b78ef1bf1b629db912508217dea2e6039a2ac775d2181f48e2ac582,,,undetermined,UNKNOWN_NEEDS_DECISION,contents not read: the reference tree was not available when this inventory was built,,
demo_library/complete/DEMO_LIBRARY_IMPORT_MANIFEST.json,demo_library/complete/DEMO_LIBRARY_IMPORT_MANIFEST.json,DEMO_LIBRARY_IMPORT_MANIFEST.json,demo_library,.json,json_data_or_config,65e3cdf28c99704d72c1cb79dea85418042f2f4c5382c756bb28a4eab9e9ff70,,,undetermined,UNKNOWN_NEEDS_DECISION,contents not read: the reference tree was not available when this inventory was built,,
demo_library/complete/DEMO_LIBRARY_INDEX.csv,demo_library/complete/DEMO_LIBRARY_INDEX.csv,DEMO_LIBRARY_INDEX.csv,demo_library,.csv,csv_data_asset,634ad8f278d7555305f02dd944a3c004ea4cc67d6fd9a35e95dfe6e1b2192e9a,,,undetermined,UNKNOWN_NEEDS_DECISION,contents not read: the reference tree was not available when this inventory was built,,
demo_library/complete/DEMO_LIBRARY_MANIFEST.json,demo_library/complete/DEMO_LIBRARY_MANIFEST.json,DEMO_LIBRARY_MANIFEST.json,demo_library,.json,json_data_or_config,5ccfc359391a94d4e42e0244696de9f59cd652bf2b025e452d9f625c3da37a84,,,undetermined,UNKNOWN_NEEDS_DECISION,contents not read: the reference tree was not available when this inventory was built,,
demo_library/complete/DEMO_LIBRARY_README.md,demo_library/complete/DEMO_LIBRARY_README.md,DEMO_LIBRARY_README.md,demo_library,.md,documentation,656c2d744e5e4a8ea60683627072517a82f15708748fd4b561a3428fd9b81458,,,undetermined,UNKNOWN_NEEDS_DECISION,contents not read: the reference tree was not available when this inventory was built,,
demo_library/showcase/01_NOVA_SPARK_DEMO/ACCEPTANCE_DEMO.json,demo_library/showcase/01_NOVA_SPARK_DEMO/ACCEPTANCE_DEMO.json,ACCEPTANCE_DEMO.json,demo_library,.json,methodology_or_policy,4d476090994e7afc34ae538d1e8488b1f6747c1b25671effdfb885f279aa01cc,,,undetermined,UNKNOWN_NEEDS_DECISION,contents not read: the reference tree was not available when this inventory was built,,
demo_library/showcase/01_NOVA_SPARK_DEMO/ARTIFACT_MANIFEST.json,demo_library/showcase/01_NOVA_SPARK_DEMO/ARTIFACT_MANIFEST.json,ARTIFACT_MANIFEST.json,demo_library,.json,json_data_or_config,56bef697262f87c357b4ad3a98a093e4036d707bd07f2c5e8896ca6e6d4bdf04,,,undetermined,UNKNOWN_NEEDS_DECISION,contents not read: the reference tree was not available when this inventory was built,,
demo_library/showcase/01_NOVA_SPARK_DEMO/AUDIENCE_DESIGN_DEMO.json,demo_library/showcase/01_NOVA_SPARK_DEMO/AUDIENCE_DESIGN_DEMO.json,AUDIENCE_DESIGN_DEMO.json,demo_library,.json,json_data_or_config,6eda7e443ed32721e14b31cd99211541dad53ba4c556293d038a09ddf5b54a76,,,undetermined,UNKNOWN_NEEDS_DECISION,contents not read: the reference tree was not available when this inventory was built,,
demo_library/showcase/01_NOVA_SPARK_DEMO/DEMO_PREVIEW.html,demo_library/showcase/01_NOVA_SPARK_DEMO/DEMO_PREVIEW.html,DEMO_PREVIEW.html,demo_library,.html,frontend_html,a54f9a58b60defd1611a475e6b9c518f539bb98e5422ed191b6bcb8aae0cdbdf,,,undetermined,UNKNOWN_NEEDS_DECISION,contents not read: the reference tree was not available when this inventory was built,,
demo_library/showcase/01_NOVA_SPARK_DEMO/DEMO_PROJECT_SEED.json,demo_library/showcase/01_NOVA_SPARK_DEMO/DEMO_PROJECT_SEED.json,DEMO_PROJECT_SEED.json,demo_library,.json,json_data_or_config,33b45083c608175b7b4a898e1970a3bfed08af2f4788b7a77ede7a43bd66127d,,,undetermined,UNKNOWN_NEEDS_DECISION,contents not read: the reference tree was not available when this inventory was built,,
demo_library/showcase/01_NOVA_SPARK_DEMO/FINAL_CLIENT_REPORT_OVERVIEW.html,demo_library/showcase/01_NOVA_SPARK_DEMO/FINAL_CLIENT_REPORT_OVERVIEW.html,FINAL_CLIENT_REPORT_OVERVIEW.html,demo_library,.html,frontend_html,cd9b7e4dd8e248cba7089b55b7a2fb64fa6928eba98fb7618252bb652f4396ed,,,undetermined,UNKNOWN_NEEDS_DECISION,contents not read: the reference tree was not available when this inventory was built,,
demo_library/showcase/01_NOVA_SPARK_DEMO/IMPLEMENTACE_DO_PANELU.md,demo_library/showcase/01_NOVA_SPARK_DEMO/IMPLEMENTACE_DO_PANELU.md,IMPLEMENTACE_DO_PANELU.md,demo_library,.md,documentation,3bb6ac0a8d4c6cc525837789117077fd0918a66685d65f604d5ece013edf47a1,,,undetermined,UNKNOWN_NEEDS_DECISION,contents not read: the reference tree was not available when this inventory was built,,
demo_library/showcase/01_NOVA_SPARK_DEMO/OBJECTS_SOCIOMAP_DEMO.json,demo_library/showcase/01_NOVA_SPARK_DEMO/OBJECTS_SOCIOMAP_DEMO.json,OBJECTS_SOCIOMAP_DEMO.json,demo_library,.json,json_data_or_config,2842fa06932b424219c8fd0b6420058a93ffd6f22893f5d2fd8dd4a2fa6ab8a4,,,undetermined,UNKNOWN_NEEDS_DECISION,contents not read: the reference tree was not available when this inventory was built,,
demo_library/showcase/01_NOVA_SPARK_DEMO/OBJECT_MAP_3D.html,demo_library/showcase/01_NOVA_SPARK_DEMO/OBJECT_MAP_3D.html,OBJECT_MAP_3D.html,demo_library,.html,frontend_html,fa7678de060c2c75fcac130fb9bcb75614c73c0321894e7546d80c52aaf5dce3,,,undetermined,UNKNOWN_NEEDS_DECISION,contents not read: the reference tree was not available when this inventory was built,,
demo_library/showcase/01_NOVA_SPARK_DEMO/PROJECT_HISTORY_DEMO.json,demo_library/showcase/01_NOVA_SPARK_DEMO/PROJECT_HISTORY_DEMO.json,PROJECT_HISTORY_DEMO.json,demo_library,.json,json_data_or_config,cbf03c587463eeb2fa80d18a18f0208155d5aa3f8058972d7e6937318cf3ccc8,,,undetermined,UNKNOWN_NEEDS_DECISION,contents not read: the reference tree was not available when this inventory was built,,
demo_library/showcase/01_NOVA_SPARK_DEMO/QUESTIONNAIRE_DEMO.json,demo_library/showcase/01_NOVA_SPARK_DEMO/QUESTIONNAIRE_DEMO.json,QUESTIONNAIRE_DEMO.json,demo_library,.json,json_data_or_config,5f367ddfc7042af5d4875cdb9a7b51a7ad735c2f7378d9e130c60f882d487258,,,undetermined,UNKNOWN_NEEDS_DECISION,contents not read: the reference tree was not available when this inventory was built,,
demo_library/showcase/01_NOVA_SPARK_DEMO/REAL_OUTPUT_MANIFEST.json,demo_library/showcase/01_NOVA_SPARK_DEMO/REAL_OUTPUT_MANIFEST.json,REAL_OUTPUT_MANIFEST.json,demo_library,.json,json_data_or_config,3591f15cb3ff90051983e7feac13e8c350bc74a22e13343d70341e380dadb2d2,,,undetermined,UNKNOWN_NEEDS_DECISION,contents not read: the reference tree was not available when this inventory was built,,
demo_library/showcase/01_NOVA_SPARK_DEMO/REPORT_TEXT_DEMO.md,demo_library/showcase/01_NOVA_SPARK_DEMO/REPORT_TEXT_DEMO.md,REPORT_TEXT_DEMO.md,demo_library,.md,documentation,a61440d6fb43124497e3c14d1e0e75dda6f15fb5183d790a033331c826f3638e,,,undetermined,UNKNOWN_NEEDS_DECISION,contents not read: the reference tree was not available when this inventory was built,,
demo_library/showcase/01_NOVA_SPARK_DEMO/RESEARCH_DESIGN_DEMO.json,demo_library/showcase/01_NOVA_SPARK_DEMO/RESEARCH_DESIGN_DEMO.json,RESEARCH_DESIGN_DEMO.json,demo_library,.json,json_data_or_config,1538831af892846bc758791b1907c2ee845a4ab241df23b352c80c165d930424,,,undetermined,UNKNOWN_NEEDS_DECISION,contents not read: the reference tree was not available when this inventory was built,,
demo_library/showcase/01_NOVA_SPARK_DEMO/RESPONDENT_DATABASE_DEMO.csv,demo_library/showcase/01_NOVA_SPARK_DEMO/RESPONDENT_DATABASE_DEMO.csv,RESPONDENT_DATABASE_DEMO.csv,demo_library,.csv,csv_data_asset,32830d5a22f5c24973c53d68a5ff6d1124c1896481d11d27e596f7dbb0808d6f,,,undetermined,UNKNOWN_NEEDS_DECISION,contents not read: the reference tree was not available when this inventory was built,,
demo_library/showcase/01_NOVA_SPARK_DEMO/SHA256SUMS.txt,demo_library/showcase/01_NOVA_SPARK_DEMO/SHA256SUMS.txt,SHA256SUMS.txt,demo_library,.txt,text,7c0987a8b22629f66b885fe2b2e89221287ac2ee5a07ca59841af05ccb1662c9,,,undetermined,UNKNOWN_NEEDS_DECISION,contents not read: the reference tree was not available when this inventory was built,,
demo_library/showcase/01_NOVA_SPARK_DEMO/analysis/ANALYSIS_01_EXECUTIVE.json,demo_library/showcase/01_NOVA_SPARK_DEMO/analysis/ANALYSIS_01_EXECUTIVE.json,ANALYSIS_01_EXECUTIVE.json,demo_library,.json,json_data_or_config,53591f5b5ec859b62ebba39d6fefbc49bf99f958a1bad7efa9425fde05ff725e,,,undetermined,UNKNOWN_NEEDS_DECISION,contents not read: the reference tree was not available when this inventory was built,,
demo_library/showcase/01_NOVA_SPARK_DEMO/analysis/ANALYSIS_02_RESEARCH_QUESTIONS.json,demo_library/showcase/01_NOVA_SPARK_DEMO/analysis/ANALYSIS_02_RESEARCH_QUESTIONS.json,ANALYSIS_02_RESEARCH_QUESTIONS.json,demo_library,.json,json_data_or_config,c5bcdceb0e3cec67b5fee0cc6be490a16916a74cbc4088557aa7d852bf14b463,,,undetermined,UNKNOWN_NEEDS_DECISION,contents not read: the reference tree was not available when this inventory was built,,
demo_library/showcase/01_NOVA_SPARK_DEMO/analysis/ANALYSIS_03_OBJECTS.json,demo_library/showcase/01_NOVA_SPARK_DEMO/analysis/ANALYSIS_03_OBJECTS.json,ANALYSIS_03_OBJECTS.json,demo_library,.json,json_data_or_config,8e823d7808ca125688b5ea266a5ed3c7cf81a407f571bd222133b19ffbee842b,,,undetermined,UNKNOWN_NEEDS_DECISION,contents not read: the reference tree was not available when this inventory was built,,
demo_library/showcase/01_NOVA_SPARK_DEMO/analysis/ANALYSIS_04_AUDIENCE.json,demo_library/showcase/01_NOVA_SPARK_DEMO/analysis/ANALYSIS_04_AUDIENCE.json,ANALYSIS_04_AUDIENCE.json,demo_library,.json,json_data_or_config,efd7b66864c5accc5c6a286315337f92b3a2ead874f483da18db90d208e15ac4,,,undetermined,UNKNOWN_NEEDS_DECISION,contents not read: the reference tree was not available when this inventory was built,,
demo_library/showcase/01_NOVA_SPARK_DEMO/analysis/ANALYSIS_05_SEGMENTS.json,demo_library/showcase/01_NOVA_SPARK_DEMO/analysis/ANALYSIS_05_SEGMENTS.json,ANALYSIS_05_SEGMENTS.json,demo_library,.json,json_data_or_config,9cd3440d4571195588662ce19c44a8fa5d9bcb4565ee6be900f937728f7f1d90,,,undetermined,UNKNOWN_NEEDS_DECISION,contents not read: the reference tree was not available when this inventory was built,,
demo_library/showcase/01_NOVA_SPARK_DEMO/analysis/ANALYSIS_06_HYPOTHESES.json,demo_library/showcase/01_NOVA_SPARK_DEMO/analysis/ANALYSIS_06_HYPOTHESES.json,ANALYSIS_06_HYPOTHESES.json,demo_library,.json,json_data_or_config,fd66ae160d8e4ba697df7eadb5ec13181256504f1f724f694d56384c540ff2c0,,,undetermined,UNKNOWN_NEEDS_DECISION,contents not read: the reference tree was not available when this inventory was built,,
demo_library/showcase/01_NOVA_SPARK_DEMO/analysis/ANALYSIS_07_IMPLICATIONS.json,demo_library/showcase/01_NOVA_SPARK_DEMO/analysis/ANALYSIS_07_IMPLICATIONS.json,ANALYSIS_07_IMPLICATIONS.json,demo_library,.json,json_data_or_config,272cd2b928ab83a29dd5227b5b90930c789f39337a3a8891bea1fb3a06a19c09,,,undetermined,UNKNOWN_NEEDS_DECISION,contents not read: the reference tree was not available when this inventory was built,,
demo_library/showcase/01_NOVA_SPARK_DEMO/analysis/ANALYSIS_08_LIMITATIONS.json,demo_library/showcase/01_NOVA_SPARK_DEMO/analysis/ANALYSIS_08_LIMITATIONS.json,ANALYSIS_08_LIMITATIONS.json,demo_library,.json,json_data_or_config,f3205aff2f396859f34740509c416bc4acf4244eca01ef2093f48fde08106eec,,,undetermined,UNKNOWN_NEEDS_DECISION,contents not read: the reference tree was not available when this inventory was built,,
demo_library/showcase/01_NOVA_SPARK_DEMO/demo_project_loader.py,demo_library/showcase/01_NOVA_SPARK_DEMO/demo_project_loader.py,demo_project_loader.py,demo_library,.py,python_application_source,873607dc872453560fe81cd3b41c9eb55320a3205731661838a695c6efbfb16f,,,undetermined,UNKNOWN_NEEDS_DECISION,contents not read: the reference tree was not available when this inventory was built,,
demo_library/showcase/01_NOVA_SPARK_DEMO/worlds/WORLD_1_STANDARD_MARKET.json,demo_library/showcase/01_NOVA_SPARK_DEMO/worlds/WORLD_1_STANDARD_MARKET.json,WORLD_1_STANDARD_MARKET.json,demo_library,.json,json_data_or_config,8c0c199b6f44ef38d910d5114711ee38a25db14d7e3e182e3254ee17c2015e81,,,undetermined,UNKNOWN_NEEDS_DECISION,contents not read: the reference tree was not available when this inventory was built,,
demo_library/showcase/01_NOVA_SPARK_DEMO/worlds/WORLD_2_HIGHER_SKEPTICISM.json,demo_library/showcase/01_NOVA_SPARK_DEMO/worlds/WORLD_2_HIGHER_SKEPTICISM.json,WORLD_2_HIGHER_SKEPTICISM.json,demo_library,.json,json_data_or_config,0633617336e7649a56547114f94fcb4858dffd01e4a99827a45e477089231f74,,,undetermined,UNKNOWN_NEEDS_DECISION,contents not read: the reference tree was not available when this inventory was built,,
demo_library/showcase/01_NOVA_SPARK_DEMO/worlds/WORLD_3_PRICE_PRESSURE.json,demo_library/showcase/01_NOVA_SPARK_DEMO/worlds/WORLD_3_PRICE_PRESSURE.json,WORLD_3_PRICE_PRESSURE.json,demo_library,.json,json_data_or_config,2e61329c57564b4136288a51874ddaffd915a1706b3013b814258a3bb748cca7,,,undetermined,UNKNOWN_NEEDS_DECISION,contents not read: the reference tree was not available when this inventory was built,,
demo_library/showcase/01_NOVA_SPARK_DEMO/worlds/WORLD_4_HEALTH_TREND.json,demo_library/showcase/01_NOVA_SPARK_DEMO/worlds/WORLD_4_HEALTH_TREND.json,WORLD_4_HEALTH_TREND.json,demo_library,.json,json_data_or_config,97c14d6712e1d046d17e1c8b68f99deff1aca8269822ddd524ee5b3d5d7d6e57,,,undetermined,UNKNOWN_NEEDS_DECISION,contents not read: the reference tree was not available when this inventory was built,,
demo_library/showcase/01_NOVA_SPARK_DEMO/worlds/WORLD_5_WEAK_BRAND_STORY.json,demo_library/showcase/01_NOVA_SPARK_DEMO/worlds/WORLD_5_WEAK_BRAND_STORY.json,WORLD_5_WEAK_BRAND_STORY.json,demo_library,.json,json_data_or_config,33cfe2eb88ed66bf63ce429f2ddb37cb30940d4ad12ff83c480c96444d07ee38,,,undetermined,UNKNOWN_NEEDS_DECISION,contents not read: the reference tree was not available when this inventory was built,,
demo_library/showcase/01_NOVA_SPARK_DEMO/worlds/WORLD_6_INNOVATION_WAVE.json,demo_library/showcase/01_NOVA_SPARK_DEMO/worlds/WORLD_6_INNOVATION_WAVE.json,WORLD_6_INNOVATION_WAVE.json,demo_library,.json,json_data_or_config,96a39154458e30f3de12f37f6f66099c863fa3c24b64f4c261131de319e9dcae,,,undetermined,UNKNOWN_NEEDS_DECISION,contents not read: the reference tree was not available when this inventory was built,,
demo_library/showcase/01_NOVA_SPARK_DEMO/worlds/WORLD_7_CATEGORY_FATIGUE.json,demo_library/showcase/01_NOVA_SPARK_DEMO/worlds/WORLD_7_CATEGORY_FATIGUE.json,WORLD_7_CATEGORY_FATIGUE.json,demo_library,.json,json_data_or_config,285d7fcfdcd9096e04b7fee4cffc31389a755429036c9c9bb65db74a38e3c338,,,undetermined,UNKNOWN_NEEDS_DECISION,contents not read: the reference tree was not available when this inventory was built,,
demo_library/showcase/01_NOVA_SPARK_DEMO/worlds/WORLD_8_STRONG_LOCAL_ORIGIN.json,demo_library/showcase/01_NOVA_SPARK_DEMO/worlds/WORLD_8_STRONG_LOCAL_ORIGIN.json,WORLD_8_STRONG_LOCAL_ORIGIN.json,demo_library,.json,json_data_or_config,2292f07455589fc724b8669267049b76cf3d8dfdf6f541770d4c8e6952c4483f,,,undetermined,UNKNOWN_NEEDS_DECISION,contents not read: the reference tree was not available when this inventory was built,,
demo_library/showcase/02_AURORA_BANK_REBRAND_DEMO/ACCEPTANCE_DEMO.json,demo_library/showcase/02_AURORA_BANK_REBRAND_DEMO/ACCEPTANCE_DEMO.json,ACCEPTANCE_DEMO.json,demo_library,.json,methodology_or_policy,fdcdd10582567a01c1289fb388345ba0629e8e6f5b885b195c4c76d62f372742,,,undetermined,UNKNOWN_NEEDS_DECISION,contents not read: the reference tree was not available when this inventory was built,,
demo_library/showcase/02_AURORA_BANK_REBRAND_DEMO/ARTIFACT_MANIFEST.json,demo_library/showcase/02_AURORA_BANK_REBRAND_DEMO/ARTIFACT_MANIFEST.json,ARTIFACT_MANIFEST.json,demo_library,.json,json_data_or_config,687757eb8d39d333926e76d27d17545793ccf77dad0a4bf7cbba351eea0c2627,,,undetermined,UNKNOWN_NEEDS_DECISION,contents not read: the reference tree was not available when this inventory was built,,
demo_library/showcase/02_AURORA_BANK_REBRAND_DEMO/AUDIENCE_DESIGN_DEMO.json,demo_library/showcase/02_AURORA_BANK_REBRAND_DEMO/AUDIENCE_DESIGN_DEMO.json,AUDIENCE_DESIGN_DEMO.json,demo_library,.json,json_data_or_config,897050899b16c8a4c5f40fc91e0c8e00b3c9e2e666e07b3b292114841b21559f,,,undetermined,UNKNOWN_NEEDS_DECISION,contents not read: the reference tree was not available when this inventory was built,,
demo_library/showcase/02_AURORA_BANK_REBRAND_DEMO/DEMO_PREVIEW.html,demo_library/showcase/02_AURORA_BANK_REBRAND_DEMO/DEMO_PREVIEW.html,DEMO_PREVIEW.html,demo_library,.html,frontend_html,bffc08bffb692496fb16154c2fe04d7f0ccc2530a24eef3f4a7c307028d21c70,,,undetermined,UNKNOWN_NEEDS_DECISION,contents not read: the reference tree was not available when this inventory was built,,
demo_library/showcase/02_AURORA_BANK_REBRAND_DEMO/DEMO_PROJECT_SEED.json,demo_library/showcase/02_AURORA_BANK_REBRAND_DEMO/DEMO_PROJECT_SEED.json,DEMO_PROJECT_SEED.json,demo_library,.json,json_data_or_config,3fcf6e6bcafcc47399903ea49ff511b3a24090406975fe777929647f03ce17db,,,undetermined,UNKNOWN_NEEDS_DECISION,contents not read: the reference tree was not available when this inventory was built,,
demo_library/showcase/02_AURORA_BANK_REBRAND_DEMO/FINAL_CLIENT_REPORT_OVERVIEW.html,demo_library/showcase/02_AURORA_BANK_REBRAND_DEMO/FINAL_CLIENT_REPORT_OVERVIEW.html,FINAL_CLIENT_REPORT_OVERVIEW.html,demo_library,.html,frontend_html,bffc08bffb692496fb16154c2fe04d7f0ccc2530a24eef3f4a7c307028d21c70,,,undetermined,UNKNOWN_NEEDS_DECISION,contents not read: the reference tree was not available when this inventory was built,,
demo_library/showcase/02_AURORA_BANK_REBRAND_DEMO/IMPLEMENTACE_DO_PANELU.md,demo_library/showcase/02_AURORA_BANK_REBRAND_DEMO/IMPLEMENTACE_DO_PANELU.md,IMPLEMENTACE_DO_PANELU.md,demo_library,.md,documentation,2b4fd11b1b47159bb902de0cc854f91adda0375b69747fe73289803a967c40b1,,,undetermined,UNKNOWN_NEEDS_DECISION,contents not read: the reference tree was not available when this inventory was built,,
demo_library/showcase/02_AURORA_BANK_REBRAND_DEMO/OBJECTS_SOCIOMAP_DEMO.json,demo_library/showcase/02_AURORA_BANK_REBRAND_DEMO/OBJECTS_SOCIOMAP_DEMO.json,OBJECTS_SOCIOMAP_DEMO.json,demo_library,.json,json_data_or_config,fb388e8a3c680deefc9a696cb7d78c3440aa7796d2c78989d37b3e7add876e76,,,undetermined,UNKNOWN_NEEDS_DECISION,contents not read: the reference tree was not available when this inventory was built,,
demo_library/showcase/02_AURORA_BANK_REBRAND_DEMO/OBJECT_MAP_3D.html,demo_library/showcase/02_AURORA_BANK_REBRAND_DEMO/OBJECT_MAP_3D.html,OBJECT_MAP_3D.html,demo_library,.html,frontend_html,d384971532dff82cd7ab531704027e78d07006bbf45f9f19ea04033c1feb751e,,,undetermined,UNKNOWN_NEEDS_DECISION,contents not read: the reference tree was not available when this inventory was built,,
demo_library/showcase/02_AURORA_BANK_REBRAND_DEMO/PROJECT_HISTORY_DEMO.json,demo_library/showcase/02_AURORA_BANK_REBRAND_DEMO/PROJECT_HISTORY_DEMO.json,PROJECT_HISTORY_DEMO.json,demo_library,.json,json_data_or_config,cbf03c587463eeb2fa80d18a18f0208155d5aa3f8058972d7e6937318cf3ccc8,,,undetermined,UNKNOWN_NEEDS_DECISION,contents not read: the reference tree was not available when this inventory was built,,
demo_library/showcase/02_AURORA_BANK_REBRAND_DEMO/QUESTIONNAIRE_DEMO.json,demo_library/showcase/02_AURORA_BANK_REBRAND_DEMO/QUESTIONNAIRE_DEMO.json,QUESTIONNAIRE_DEMO.json,demo_library,.json,json_data_or_config,1b1d24e5f5ddf4c0475b753b2d9108110d56eaaaeea493ded4a8c77e6ec30692,,,undetermined,UNKNOWN_NEEDS_DECISION,contents not read: the reference tree was not available when this inventory was built,,
demo_library/showcase/02_AURORA_BANK_REBRAND_DEMO/REAL_OUTPUT_MANIFEST.json,demo_library/showcase/02_AURORA_BANK_REBRAND_DEMO/REAL_OUTPUT_MANIFEST.json,REAL_OUTPUT_MANIFEST.json,demo_library,.json,json_data_or_config,0dbdf67fd240ac5bfa4097e2630b862376e268a00497c2db147aa17f58e272e4,,,undetermined,UNKNOWN_NEEDS_DECISION,contents not read: the reference tree was not available when this inventory was built,,
demo_library/showcase/02_AURORA_BANK_REBRAND_DEMO/REPORT_TEXT_DEMO.md,demo_library/showcase/02_AURORA_BANK_REBRAND_DEMO/REPORT_TEXT_DEMO.md,REPORT_TEXT_DEMO.md,demo_library,.md,documentation,d526eb8e9b4f09d9c35715fecc5b882ef7e1d87d0dffab2504b098c7324e2398,,,undetermined,UNKNOWN_NEEDS_DECISION,contents not read: the reference tree was not available when this inventory was built,,
demo_library/showcase/02_AURORA_BANK_REBRAND_DEMO/RESEARCH_DESIGN_DEMO.json,demo_library/showcase/02_AURORA_BANK_REBRAND_DEMO/RESEARCH_DESIGN_DEMO.json,RESEARCH_DESIGN_DEMO.json,demo_library,.json,json_data_or_config,7b9eb9106f8e98201c41504f66c20f1a3076c73bdae4db934b8a70c9d310b8c8,,,undetermined,UNKNOWN_NEEDS_DECISION,contents not read: the reference tree was not available when this inventory was built,,
demo_library/showcase/02_AURORA_BANK_REBRAND_DEMO/RESPONDENT_DATABASE_DEMO.csv,demo_library/showcase/02_AURORA_BANK_REBRAND_DEMO/RESPONDENT_DATABASE_DEMO.csv,RESPONDENT_DATABASE_DEMO.csv,demo_library,.csv,csv_data_asset,80da680f5aaa10e85f4b53e2c938d720265aa130043f94e4ced828580c12f5fb,,,undetermined,UNKNOWN_NEEDS_DECISION,contents not read: the reference tree was not available when this inventory was built,,
demo_library/showcase/02_AURORA_BANK_REBRAND_DEMO/SHA256SUMS.txt,demo_library/showcase/02_AURORA_BANK_REBRAND_DEMO/SHA256SUMS.txt,SHA256SUMS.txt,demo_library,.txt,text,e0e03029a3d67304a49b992ef91582a78a79259cc9169de4bfb6907266ae3a36,,,undetermined,UNKNOWN_NEEDS_DECISION,contents not read: the reference tree was not available when this inventory was built,,
demo_library/showcase/02_AURORA_BANK_REBRAND_DEMO/analysis/ANALYSIS_01_EXECUTIVE.json,demo_library/showcase/02_AURORA_BANK_REBRAND_DEMO/analysis/ANALYSIS_01_EXECUTIVE.json,ANALYSIS_01_EXECUTIVE.json,demo_library,.json,json_data_or_config,39975cd8bdb5dadb8c43577ff5233a0076ff6386a4dff138cb0c69e4175a1824,,,undetermined,UNKNOWN_NEEDS_DECISION,contents not read: the reference tree was not available when this inventory was built,,
demo_library/showcase/02_AURORA_BANK_REBRAND_DEMO/analysis/ANALYSIS_02_RESEARCH_QUESTIONS.json,demo_library/showcase/02_AURORA_BANK_REBRAND_DEMO/analysis/ANALYSIS_02_RESEARCH_QUESTIONS.json,ANALYSIS_02_RESEARCH_QUESTIONS.json,demo_library,.json,json_data_or_config,3e446e324bcd0dbb6e4f77e5f0f18376d2c65f5cefd08719ff16d27c391f5954,,,undetermined,UNKNOWN_NEEDS_DECISION,contents not read: the reference tree was not available when this inventory was built,,
demo_library/showcase/02_AURORA_BANK_REBRAND_DEMO/analysis/ANALYSIS_03_OBJECTS.json,demo_library/showcase/02_AURORA_BANK_REBRAND_DEMO/analysis/ANALYSIS_03_OBJECTS.json,ANALYSIS_03_OBJECTS.json,demo_library,.json,json_data_or_config,47c5f26a8c0d250b5548a65bf88225ae9f5dba9a30436bf730242c9e4b3eada3,,,undetermined,UNKNOWN_NEEDS_DECISION,contents not read: the reference tree was not available when this inventory was built,,
demo_library/showcase/02_AURORA_BANK_REBRAND_DEMO/analysis/ANALYSIS_04_AUDIENCE.json,demo_library/showcase/02_AURORA_BANK_REBRAND_DEMO/analysis/ANALYSIS_04_AUDIENCE.json,ANALYSIS_04_AUDIENCE.json,demo_library,.json,json_data_or_config,3902625e7d8666d32a440deb16f2c512c0031fe2b46b827feecee85964cd55d7,,,undetermined,UNKNOWN_NEEDS_DECISION,contents not read: the reference tree was not available when this inventory was built,,
demo_library/showcase/02_AURORA_BANK_REBRAND_DEMO/analysis/ANALYSIS_05_SEGMENTS.json,demo_library/showcase/02_AURORA_BANK_REBRAND_DEMO/analysis/ANALYSIS_05_SEGMENTS.json,ANALYSIS_05_SEGMENTS.json,demo_library,.json,json_data_or_config,069bb77eb6ae1ed547a55829a8e45a35567a0a1904cd5936109bc5396f3b87ae,,,undetermined,UNKNOWN_NEEDS_DECISION,contents not read: the reference tree was not available when this inventory was built,,
demo_library/showcase/02_AURORA_BANK_REBRAND_DEMO/analysis/ANALYSIS_06_HYPOTHESES.json,demo_library/showcase/02_AURORA_BANK_REBRAND_DEMO/analysis/ANALYSIS_06_HYPOTHESES.json,ANALYSIS_06_HYPOTHESES.json,demo_library,.json,json_data_or_config,fd66ae160d8e4ba697df7eadb5ec13181256504f1f724f694d56384c540ff2c0,,,undetermined,UNKNOWN_NEEDS_DECISION,contents not read: the reference tree was not available when this inventory was built,,
demo_library/showcase/02_AURORA_BANK_REBRAND_DEMO/analysis/ANALYSIS_07_IMPLICATIONS.json,demo_library/showcase/02_AURORA_BANK_REBRAND_DEMO/analysis/ANALYSIS_07_IMPLICATIONS.json,ANALYSIS_07_IMPLICATIONS.json,demo_library,.json,json_data_or_config,b8d60378099c9db518c2f1704e841ff2d9b08f56116e22be3bc4584064991357,,,undetermined,UNKNOWN_NEEDS_DECISION,contents not read: the reference tree was not available when this inventory was built,,
demo_library/showcase/02_AURORA_BANK_REBRAND_DEMO/analysis/ANALYSIS_08_LIMITATIONS.json,demo_library/showcase/02_AURORA_BANK_REBRAND_DEMO/analysis/ANALYSIS_08_LIMITATIONS.json,ANALYSIS_08_LIMITATIONS.json,demo_library,.json,json_data_or_config,fdc090c90626400a973e9b7192b80f17dd8ee88cf66eb89ee60807d1be12e229,,,undetermined,UNKNOWN_NEEDS_DECISION,contents not read: the reference tree was not available when this inventory was built,,
demo_library/showcase/02_AURORA_BANK_REBRAND_DEMO/demo_project_loader.py,demo_library/showcase/02_AURORA_BANK_REBRAND_DEMO/demo_project_loader.py,demo_project_loader.py,demo_library,.py,python_application_source,4f9a503370275f96de266593de00fa2f86d7dc7876f027228868644efc9d540b,,,undetermined,UNKNOWN_NEEDS_DECISION,contents not read: the reference tree was not available when this inventory was built,,
demo_library/showcase/02_AURORA_BANK_REBRAND_DEMO/worlds/WORLD_1_BASE_MARKET.json,demo_library/showcase/02_AURORA_BANK_REBRAND_DEMO/worlds/WORLD_1_BASE_MARKET.json,WORLD_1_BASE_MARKET.json,demo_library,.json,json_data_or_config,84368032419435f39b26c6b7c57ae155553282eb706008143b39834ee30fa7d7,,,undetermined,UNKNOWN_NEEDS_DECISION,contents not read: the reference tree was not available when this inventory was built,,
demo_library/showcase/02_AURORA_BANK_REBRAND_DEMO/worlds/WORLD_2_TRUST_SHOCK.json,demo_library/showcase/02_AURORA_BANK_REBRAND_DEMO/worlds/WORLD_2_TRUST_SHOCK.json,WORLD_2_TRUST_SHOCK.json,demo_library,.json,json_data_or_config,1ea5919b9921415aa7b214506d5d178facb2415befd8721fb6e18c02a72b206f,,,undetermined,UNKNOWN_NEEDS_DECISION,contents not read: the reference tree was not available when this inventory was built,,
demo_library/showcase/02_AURORA_BANK_REBRAND_DEMO/worlds/WORLD_3_FINTECH_BOOM.json,demo_library/showcase/02_AURORA_BANK_REBRAND_DEMO/worlds/WORLD_3_FINTECH_BOOM.json,WORLD_3_FINTECH_BOOM.json,demo_library,.json,json_data_or_config,6f647f8d83e304a2c818a343ce6e3b09e6684fa4326d4aaaee18ba104a5fe80e,,,undetermined,UNKNOWN_NEEDS_DECISION,contents not read: the reference tree was not available when this inventory was built,,
demo_library/showcase/02_AURORA_BANK_REBRAND_DEMO/worlds/WORLD_4_OLDER_CLIENTELE.json,demo_library/showcase/02_AURORA_BANK_REBRAND_DEMO/worlds/WORLD_4_OLDER_CLIENTELE.json,WORLD_4_OLDER_CLIENTELE.json,demo_library,.json,json_data_or_config,7003c8db22f296f119ccb6f273661a6b41caa387a5ca3b5aa0d98e31176eb13c,,,undetermined,UNKNOWN_NEEDS_DECISION,contents not read: the reference tree was not available when this inventory was built,,
demo_library/showcase/02_AURORA_BANK_REBRAND_DEMO/worlds/WORLD_5_MOBILE_FIRST.json,demo_library/showcase/02_AURORA_BANK_REBRAND_DEMO/worlds/WORLD_5_MOBILE_FIRST.json,WORLD_5_MOBILE_FIRST.json,demo_library,.json,json_data_or_config,66ad089d26f5bf895c021734fc712382cbe76fee3e2b108dd1a07ea8e0c9981b,,,undetermined,UNKNOWN_NEEDS_DECISION,contents not read: the reference tree was not available when this inventory was built,,
demo_library/showcase/02_AURORA_BANK_REBRAND_DEMO/worlds/WORLD_6_REPUTATION_PRESSURE.json,demo_library/showcase/02_AURORA_BANK_REBRAND_DEMO/worlds/WORLD_6_REPUTATION_PRESSURE.json,WORLD_6_REPUTATION_PRESSURE.json,demo_library,.json,json_data_or_config,51b2902876509f55e667b33e7ca6dab733ef28ed125e65ed920a5aeb6f549362,,,undetermined,UNKNOWN_NEEDS_DECISION,contents not read: the reference tree was not available when this inventory was built,,
demo_library/showcase/02_AURORA_BANK_REBRAND_DEMO/worlds/WORLD_7_PRICE_COMPETITION.json,demo_library/showcase/02_AURORA_BANK_REBRAND_DEMO/worlds/WORLD_7_PRICE_COMPETITION.json,WORLD_7_PRICE_COMPETITION.json,demo_library,.json,json_data_or_config,fe439ea654f25327620fcd0e49a4e02c200524e87d192cef214b230c5adf2f2e,,,undetermined,UNKNOWN_NEEDS_DECISION,contents not read: the reference tree was not available when this inventory was built,,
demo_library/showcase/02_AURORA_BANK_REBRAND_DEMO/worlds/WORLD_8_HUMAN_SERVICE_NEED.json,demo_library/showcase/02_AURORA_BANK_REBRAND_DEMO/worlds/WORLD_8_HUMAN_SERVICE_NEED.json,WORLD_8_HUMAN_SERVICE_NEED.json,demo_library,.json,json_data_or_config,ed72e5f223a3a2b440b9a36722b811e14d624a553b7bc42ff7094c15d5482ff0,,,undetermined,UNKNOWN_NEEDS_DECISION,contents not read: the reference tree was not available when this inventory was built,,
demo_library/showcase/03_VOLBA_MESTA_DEMO/ACCEPTANCE_DEMO.json,demo_library/showcase/03_VOLBA_MESTA_DEMO/ACCEPTANCE_DEMO.json,ACCEPTANCE_DEMO.json,demo_library,.json,methodology_or_policy,d97c85f1573b99b4c7ee74f0e85ba80b1815b4badc8554165e47c411c1e0433f,,,undetermined,UNKNOWN_NEEDS_DECISION,contents not read: the reference tree was not available when this inventory was built,,
demo_library/showcase/03_VOLBA_MESTA_DEMO/ARTIFACT_MANIFEST.json,demo_library/showcase/03_VOLBA_MESTA_DEMO/ARTIFACT_MANIFEST.json,ARTIFACT_MANIFEST.json,demo_library,.json,json_data_or_config,96da199d2a1cdccbe73bb3b864698a98d0acbafb1c6ff24fdd5654ae41514a78,,,undetermined,UNKNOWN_NEEDS_DECISION,contents not read: the reference tree was not available when this inventory was built,,
demo_library/showcase/03_VOLBA_MESTA_DEMO/AUDIENCE_DESIGN_DEMO.json,demo_library/showcase/03_VOLBA_MESTA_DEMO/AUDIENCE_DESIGN_DEMO.json,AUDIENCE_DESIGN_DEMO.json,demo_library,.json,json_data_or_config,f402c98de2cd85124aac7d6b51aa567979149b871a05f1dcbdc149b77af13f87,,,undetermined,UNKNOWN_NEEDS_DECISION,contents not read: the reference tree was not available when this inventory was built,,
demo_library/showcase/03_VOLBA_MESTA_DEMO/DEMO_PREVIEW.html,demo_library/showcase/03_VOLBA_MESTA_DEMO/DEMO_PREVIEW.html,DEMO_PREVIEW.html,demo_library,.html,frontend_html,b9531314f429f9c3475f4ebd4f359210156719cbc9cc732b4f049aed4caa725b,,,undetermined,UNKNOWN_NEEDS_DECISION,contents not read: the reference tree was not available when this inventory was built,,
demo_library/showcase/03_VOLBA_MESTA_DEMO/DEMO_PROJECT_SEED.json,demo_library/showcase/03_VOLBA_MESTA_DEMO/DEMO_PROJECT_SEED.json,DEMO_PROJECT_SEED.json,demo_library,.json,json_data_or_config,5ec977b2361cc1287f7e4745a311fa72dc8fc7318f0ac28651cac64f6a6b1957,,,undetermined,UNKNOWN_NEEDS_DECISION,contents not read: the reference tree was not available when this inventory was built,,
demo_library/showcase/03_VOLBA_MESTA_DEMO/FINAL_CLIENT_REPORT_OVERVIEW.html,demo_library/showcase/03_VOLBA_MESTA_DEMO/FINAL_CLIENT_REPORT_OVERVIEW.html,FINAL_CLIENT_REPORT_OVERVIEW.html,demo_library,.html,frontend_html,1198b6b1f833cb430d717cc221300041a7f6116b3a679825c61361ac8003d9a1,,,undetermined,UNKNOWN_NEEDS_DECISION,contents not read: the reference tree was not available when this inventory was built,,
demo_library/showcase/03_VOLBA_MESTA_DEMO/IMPLEMENTACE_DO_PANELU.md,demo_library/showcase/03_VOLBA_MESTA_DEMO/IMPLEMENTACE_DO_PANELU.md,IMPLEMENTACE_DO_PANELU.md,demo_library,.md,documentation,54738b860a77592cab05d791375252b35334fb6340e1f8025b20e0f174da83e3,,,undetermined,UNKNOWN_NEEDS_DECISION,contents not read: the reference tree was not available when this inventory was built,,
demo_library/showcase/03_VOLBA_MESTA_DEMO/OBJECTS_SOCIOMAP_DEMO.json,demo_library/showcase/03_VOLBA_MESTA_DEMO/OBJECTS_SOCIOMAP_DEMO.json,OBJECTS_SOCIOMAP_DEMO.json,demo_library,.json,json_data_or_config,e872d9a9a09c51bc8383c6603235bf2eb177d5ee45fc6875e2ac0654963acb6c,,,undetermined,UNKNOWN_NEEDS_DECISION,contents not read: the reference tree was not available when this inventory was built,,
demo_library/showcase/03_VOLBA_MESTA_DEMO/OBJECT_MAP_3D.html,demo_library/showcase/03_VOLBA_MESTA_DEMO/OBJECT_MAP_3D.html,OBJECT_MAP_3D.html,demo_library,.html,frontend_html,5b30878d5c204567dac06a693e06cbf2115a04d580c4febc47fc432adc5a56c5,,,undetermined,UNKNOWN_NEEDS_DECISION,contents not read: the reference tree was not available when this inventory was built,,
demo_library/showcase/03_VOLBA_MESTA_DEMO/PROJECT_HISTORY_DEMO.json,demo_library/showcase/03_VOLBA_MESTA_DEMO/PROJECT_HISTORY_DEMO.json,PROJECT_HISTORY_DEMO.json,demo_library,.json,json_data_or_config,cbf03c587463eeb2fa80d18a18f0208155d5aa3f8058972d7e6937318cf3ccc8,,,undetermined,UNKNOWN_NEEDS_DECISION,contents not read: the reference tree was not available when this inventory was built,,
demo_library/showcase/03_VOLBA_MESTA_DEMO/QUESTIONNAIRE_DEMO.json,demo_library/showcase/03_VOLBA_MESTA_DEMO/QUESTIONNAIRE_DEMO.json,QUESTIONNAIRE_DEMO.json,demo_library,.json,json_data_or_config,92cf9e27c831e9725645c7f6614411f1adf16d1f7a640bbd666ba5a840b4b36f,,,undetermined,UNKNOWN_NEEDS_DECISION,contents not read: the reference tree was not available when this inventory was built,,
demo_library/showcase/03_VOLBA_MESTA_DEMO/REAL_OUTPUT_MANIFEST.json,demo_library/showcase/03_VOLBA_MESTA_DEMO/REAL_OUTPUT_MANIFEST.json,REAL_OUTPUT_MANIFEST.json,demo_library,.json,json_data_or_config,62cb658d2cc91c18d2471326998b6972f0acba1f1c5f35b15a173db25cd4ee95,,,undetermined,UNKNOWN_NEEDS_DECISION,contents not read: the reference tree was not available when this inventory was built,,
demo_library/showcase/03_VOLBA_MESTA_DEMO/REPORT_TEXT_DEMO.md,demo_library/showcase/03_VOLBA_MESTA_DEMO/REPORT_TEXT_DEMO.md,REPORT_TEXT_DEMO.md,demo_library,.md,documentation,348f39ec1c8c497ea3f16089edba4dada7c6ad433a1df34b81ac4a4229928640,,,undetermined,UNKNOWN_NEEDS_DECISION,contents not read: the reference tree was not available when this inventory was built,,
demo_library/showcase/03_VOLBA_MESTA_DEMO/RESEARCH_DESIGN_DEMO.json,demo_library/showcase/03_VOLBA_MESTA_DEMO/RESEARCH_DESIGN_DEMO.json,RESEARCH_DESIGN_DEMO.json,demo_library,.json,json_data_or_config,695bdb38be678ecd077fb27b80f20013dc9c0723874e224d6a8583c42a6cede5,,,undetermined,UNKNOWN_NEEDS_DECISION,contents not read: the reference tree was not available when this inventory was built,,
demo_library/showcase/03_VOLBA_MESTA_DEMO/RESPONDENT_DATABASE_DEMO.csv,demo_library/showcase/03_VOLBA_MESTA_DEMO/RESPONDENT_DATABASE_DEMO.csv,RESPONDENT_DATABASE_DEMO.csv,demo_library,.csv,csv_data_asset,52240529c81af5029c087c791de9add7687eb7ae916b04a4533ec3e6b2de7b5b,,,undetermined,UNKNOWN_NEEDS_DECISION,contents not read: the reference tree was not available when this inventory was built,,
demo_library/showcase/03_VOLBA_MESTA_DEMO/SHA256SUMS.txt,demo_library/showcase/03_VOLBA_MESTA_DEMO/SHA256SUMS.txt,SHA256SUMS.txt,demo_library,.txt,text,842423a91acded92ea134f49c07bf6ef7a3b9c5123b100cf34fe7d07f3bded2a,,,undetermined,UNKNOWN_NEEDS_DECISION,contents not read: the reference tree was not available when this inventory was built,,
demo_library/showcase/03_VOLBA_MESTA_DEMO/analysis/ANALYSIS_01_EXECUTIVE.json,demo_library/showcase/03_VOLBA_MESTA_DEMO/analysis/ANALYSIS_01_EXECUTIVE.json,ANALYSIS_01_EXECUTIVE.json,demo_library,.json,json_data_or_config,c48952baad0d5e677235b8e355f23b1d674ef6803868069e748c216f615c0c2d,,,undetermined,UNKNOWN_NEEDS_DECISION,contents not read: the reference tree was not available when this inventory was built,,
demo_library/showcase/03_VOLBA_MESTA_DEMO/analysis/ANALYSIS_02_RESEARCH_QUESTIONS.json,demo_library/showcase/03_VOLBA_MESTA_DEMO/analysis/ANALYSIS_02_RESEARCH_QUESTIONS.json,ANALYSIS_02_RESEARCH_QUESTIONS.json,demo_library,.json,json_data_or_config,c793bdde655da632ea684289e566939c9ac6d50b5484ffbf0118b6bdf9599c83,,,undetermined,UNKNOWN_NEEDS_DECISION,contents not read: the reference tree was not available when this inventory was built,,
demo_library/showcase/03_VOLBA_MESTA_DEMO/analysis/ANALYSIS_03_OBJECTS.json,demo_library/showcase/03_VOLBA_MESTA_DEMO/analysis/ANALYSIS_03_OBJECTS.json,ANALYSIS_03_OBJECTS.json,demo_library,.json,json_data_or_config,a051f67fd144e9876a0bb82b80b163b06d5095c19007bf18f50553412ec5a890,,,undetermined,UNKNOWN_NEEDS_DECISION,contents not read: the reference tree was not available when this inventory was built,,
demo_library/showcase/03_VOLBA_MESTA_DEMO/analysis/ANALYSIS_04_AUDIENCE.json,demo_library/showcase/03_VOLBA_MESTA_DEMO/analysis/ANALYSIS_04_AUDIENCE.json,ANALYSIS_04_AUDIENCE.json,demo_library,.json,json_data_or_config,a62e555bb5d6df2dd1f52ad74bd4939e36467aa90f632e86ebb1c7ec2717d5f8,,,undetermined,UNKNOWN_NEEDS_DECISION,contents not read: the reference tree was not available when this inventory was built,,
demo_library/showcase/03_VOLBA_MESTA_DEMO/analysis/ANALYSIS_05_SEGMENTS.json,demo_library/showcase/03_VOLBA_MESTA_DEMO/analysis/ANALYSIS_05_SEGMENTS.json,ANALYSIS_05_SEGMENTS.json,demo_library,.json,json_data_or_config,83dce252707fa99841a50f7fca936ee946414d61a6d6cd09e817eeaf96621bd3,,,undetermined,UNKNOWN_NEEDS_DECISION,contents not read: the reference tree was not available when this inventory was built,,
demo_library/showcase/03_VOLBA_MESTA_DEMO/analysis/ANALYSIS_06_HYPOTHESES.json,demo_library/showcase/03_VOLBA_MESTA_DEMO/analysis/ANALYSIS_06_HYPOTHESES.json,ANALYSIS_06_HYPOTHESES.json,demo_library,.json,json_data_or_config,fd66ae160d8e4ba697df7eadb5ec13181256504f1f724f694d56384c540ff2c0,,,undetermined,UNKNOWN_NEEDS_DECISION,contents not read: the reference tree was not available when this inventory was built,,
demo_library/showcase/03_VOLBA_MESTA_DEMO/analysis/ANALYSIS_07_IMPLICATIONS.json,demo_library/showcase/03_VOLBA_MESTA_DEMO/analysis/ANALYSIS_07_IMPLICATIONS.json,ANALYSIS_07_IMPLICATIONS.json,demo_library,.json,json_data_or_config,67b4c43f81dae997c4052d9c0f1091e9f1f5997472e2fb2b62b2d86142afadda,,,undetermined,UNKNOWN_NEEDS_DECISION,contents not read: the reference tree was not available when this inventory was built,,
demo_library/showcase/03_VOLBA_MESTA_DEMO/analysis/ANALYSIS_08_LIMITATIONS.json,demo_library/showcase/03_VOLBA_MESTA_DEMO/analysis/ANALYSIS_08_LIMITATIONS.json,ANALYSIS_08_LIMITATIONS.json,demo_library,.json,json_data_or_config,28d17e999213d292e565f3a8aa8de4e408949856e0a0c8024c82d5f220536c1f,,,undetermined,UNKNOWN_NEEDS_DECISION,contents not read: the reference tree was not available when this inventory was built,,
demo_library/showcase/03_VOLBA_MESTA_DEMO/demo_project_loader.py,demo_library/showcase/03_VOLBA_MESTA_DEMO/demo_project_loader.py,demo_project_loader.py,demo_library,.py,python_application_source,798148464527372b53f55c01080f7617a942dc3bbfd63b4f7dafb5f7190669c9,,,undetermined,UNKNOWN_NEEDS_DECISION,contents not read: the reference tree was not available when this inventory was built,,
demo_library/showcase/03_VOLBA_MESTA_DEMO/worlds/WORLD_1_BASE_TURNOUT.json,demo_library/showcase/03_VOLBA_MESTA_DEMO/worlds/WORLD_1_BASE_TURNOUT.json,WORLD_1_BASE_TURNOUT.json,demo_library,.json,json_data_or_config,3b044856cea129956b721abecaa4c09546a663ded718d6800615f0126b80f0db,,,undetermined,UNKNOWN_NEEDS_DECISION,contents not read: the reference tree was not available when this inventory was built,,
demo_library/showcase/03_VOLBA_MESTA_DEMO/worlds/WORLD_2_HIGH_TURNOUT.json,demo_library/showcase/03_VOLBA_MESTA_DEMO/worlds/WORLD_2_HIGH_TURNOUT.json,WORLD_2_HIGH_TURNOUT.json,demo_library,.json,json_data_or_config,7c2930996054a45ffa33043428cf58e8e7e31bd3d736a333f29cd5171464aaec,,,undetermined,UNKNOWN_NEEDS_DECISION,contents not read: the reference tree was not available when this inventory was built,,
demo_library/showcase/03_VOLBA_MESTA_DEMO/worlds/WORLD_3_LOW_TURNOUT.json,demo_library/showcase/03_VOLBA_MESTA_DEMO/worlds/WORLD_3_LOW_TURNOUT.json,WORLD_3_LOW_TURNOUT.json,demo_library,.json,json_data_or_config,2666498ef85cffd3e71e84066fceaaf0a018e48251abca078c44cc601a15c370,,,undetermined,UNKNOWN_NEEDS_DECISION,contents not read: the reference tree was not available when this inventory was built,,
demo_library/showcase/03_VOLBA_MESTA_DEMO/worlds/WORLD_4_HOUSING_SALIENCE.json,demo_library/showcase/03_VOLBA_MESTA_DEMO/worlds/WORLD_4_HOUSING_SALIENCE.json,WORLD_4_HOUSING_SALIENCE.json,demo_library,.json,json_data_or_config,cc99d084dc47dd2254d302053a3775d3bc15324bbb14efcb30b6f46c9690508e,,,undetermined,UNKNOWN_NEEDS_DECISION,contents not read: the reference tree was not available when this inventory was built,,
demo_library/showcase/03_VOLBA_MESTA_DEMO/worlds/WORLD_5_TRANSPORT_SALIENCE.json,demo_library/showcase/03_VOLBA_MESTA_DEMO/worlds/WORLD_5_TRANSPORT_SALIENCE.json,WORLD_5_TRANSPORT_SALIENCE.json,demo_library,.json,json_data_or_config,93ea2ca5d2031f7e88260b41c2fb3c5669e7b6ebda91f44fd404a282df65c7f2,,,undetermined,UNKNOWN_NEEDS_DECISION,contents not read: the reference tree was not available when this inventory was built,,
demo_library/showcase/03_VOLBA_MESTA_DEMO/worlds/WORLD_6_LATE_UNDECIDED_SHIFT.json,demo_library/showcase/03_VOLBA_MESTA_DEMO/worlds/WORLD_6_LATE_UNDECIDED_SHIFT.json,WORLD_6_LATE_UNDECIDED_SHIFT.json,demo_library,.json,json_data_or_config,3a6b32d28eb7baf3aede97802fa5d6991e8a383c9cf53fdbbf80f4694cd1339e,,,undetermined,UNKNOWN_NEEDS_DECISION,contents not read: the reference tree was not available when this inventory was built,,
demo_library/showcase/03_VOLBA_MESTA_DEMO/worlds/WORLD_7_ANTI_INCUMBENT_MOOD.json,demo_library/showcase/03_VOLBA_MESTA_DEMO/worlds/WORLD_7_ANTI_INCUMBENT_MOOD.json,WORLD_7_ANTI_INCUMBENT_MOOD.json,demo_library,.json,json_data_or_config,6cf97ad7e045f24a6665a31b8c28f4fdc1dc34ed7b1027c0c543d90530fe90b0,,,undetermined,UNKNOWN_NEEDS_DECISION,contents not read: the reference tree was not available when this inventory was built,,
demo_library/showcase/03_VOLBA_MESTA_DEMO/worlds/WORLD_8_STABILITY_MOOD.json,demo_library/showcase/03_VOLBA_MESTA_DEMO/worlds/WORLD_8_STABILITY_MOOD.json,WORLD_8_STABILITY_MOOD.json,demo_library,.json,json_data_or_config,fe8d73c7cbd6291a1bfc77350ce663b8c4de4c3cbafcfb44e26c66b704ac081c,,,undetermined,UNKNOWN_NEEDS_DECISION,contents not read: the reference tree was not available when this inventory was built,,
demo_library/showcase/04_MESTO_2035_POLICY_DEMO/ACCEPTANCE_DEMO.json,demo_library/showcase/04_MESTO_2035_POLICY_DEMO/ACCEPTANCE_DEMO.json,ACCEPTANCE_DEMO.json,demo_library,.json,methodology_or_policy,eab3c6209e8eb1823f581bc7ce769bffc45f518ca5f25f58dc12843260108b4c,,,undetermined,UNKNOWN_NEEDS_DECISION,contents not read: the reference tree was not available when this inventory was built,,
demo_library/showcase/04_MESTO_2035_POLICY_DEMO/ARTIFACT_MANIFEST.json,demo_library/showcase/04_MESTO_2035_POLICY_DEMO/ARTIFACT_MANIFEST.json,ARTIFACT_MANIFEST.json,demo_library,.json,json_data_or_config,c264872b57127e20934f74a53ce8e534a020204cf3bfcf8a4c0998779b5d944a,,,undetermined,UNKNOWN_NEEDS_DECISION,contents not read: the reference tree was not available when this inventory was built,,
demo_library/showcase/04_MESTO_2035_POLICY_DEMO/AUDIENCE_DESIGN_DEMO.json,demo_library/showcase/04_MESTO_2035_POLICY_DEMO/AUDIENCE_DESIGN_DEMO.json,AUDIENCE_DESIGN_DEMO.json,demo_library,.json,json_data_or_config,d70b16f576d767dfb3fac67d7f652f80a93d843f97341f575b0b295df066538f,,,undetermined,UNKNOWN_NEEDS_DECISION,contents not read: the reference tree was not available when this inventory was built,,
demo_library/showcase/04_MESTO_2035_POLICY_DEMO/DEMO_PREVIEW.html,demo_library/showcase/04_MESTO_2035_POLICY_DEMO/DEMO_PREVIEW.html,DEMO_PREVIEW.html,demo_library,.html,frontend_html,d20ada30284dbf05e5af8bde138cc9dfcd1a501262b342ed094f8a535d8e4219,,,undetermined,UNKNOWN_NEEDS_DECISION,contents not read: the reference tree was not available when this inventory was built,,
demo_library/showcase/04_MESTO_2035_POLICY_DEMO/DEMO_PROJECT_SEED.json,demo_library/showcase/04_MESTO_2035_POLICY_DEMO/DEMO_PROJECT_SEED.json,DEMO_PROJECT_SEED.json,demo_library,.json,json_data_or_config,8933b8164e67c8447b3acb2f0b62bd581e2007bc4df2755ce508a4fe3a2c636c,,,undetermined,UNKNOWN_NEEDS_DECISION,contents not read: the reference tree was not available when this inventory was built,,
demo_library/showcase/04_MESTO_2035_POLICY_DEMO/FINAL_CLIENT_REPORT_OVERVIEW.html,demo_library/showcase/04_MESTO_2035_POLICY_DEMO/FINAL_CLIENT_REPORT_OVERVIEW.html,FINAL_CLIENT_REPORT_OVERVIEW.html,demo_library,.html,frontend_html,5f31e899785605b3343477a485266ff010b32674a2a271169b8bc9b54190c927,,,undetermined,UNKNOWN_NEEDS_DECISION,contents not read: the reference tree was not available when this inventory was built,,
demo_library/showcase/04_MESTO_2035_POLICY_DEMO/IMPLEMENTACE_DO_PANELU.md,demo_library/showcase/04_MESTO_2035_POLICY_DEMO/IMPLEMENTACE_DO_PANELU.md,IMPLEMENTACE_DO_PANELU.md,demo_library,.md,documentation,9d0279445aa7d18d4ccaac51f3d2db9d5fa799d857729e4e6de4b9b20372ce04,,,undetermined,UNKNOWN_NEEDS_DECISION,contents not read: the reference tree was not available when this inventory was built,,
demo_library/showcase/04_MESTO_2035_POLICY_DEMO/OBJECTS_SOCIOMAP_DEMO.json,demo_library/showcase/04_MESTO_2035_POLICY_DEMO/OBJECTS_SOCIOMAP_DEMO.json,OBJECTS_SOCIOMAP_DEMO.json,demo_library,.json,json_data_or_config,9e800cf55f21a608bae6e90e0c75ae9c06fc1989bc4cdc3a80c8284e5d4265d8,,,undetermined,UNKNOWN_NEEDS_DECISION,contents not read: the reference tree was not available when this inventory was built,,
demo_library/showcase/04_MESTO_2035_POLICY_DEMO/OBJECT_MAP_3D.html,demo_library/showcase/04_MESTO_2035_POLICY_DEMO/OBJECT_MAP_3D.html,OBJECT_MAP_3D.html,demo_library,.html,frontend_html,35f3be138ee6d6b4cd0159868f76648370c3254dfc821483bb4c037835978982,,,undetermined,UNKNOWN_NEEDS_DECISION,contents not read: the reference tree was not available when this inventory was built,,
demo_library/showcase/04_MESTO_2035_POLICY_DEMO/PROJECT_HISTORY_DEMO.json,demo_library/showcase/04_MESTO_2035_POLICY_DEMO/PROJECT_HISTORY_DEMO.json,PROJECT_HISTORY_DEMO.json,demo_library,.json,json_data_or_config,cbf03c587463eeb2fa80d18a18f0208155d5aa3f8058972d7e6937318cf3ccc8,,,undetermined,UNKNOWN_NEEDS_DECISION,contents not read: the reference tree was not available when this inventory was built,,
demo_library/showcase/04_MESTO_2035_POLICY_DEMO/QUESTIONNAIRE_DEMO.json,demo_library/showcase/04_MESTO_2035_POLICY_DEMO/QUESTIONNAIRE_DEMO.json,QUESTIONNAIRE_DEMO.json,demo_library,.json,json_data_or_config,f71ebdffa6e83966db66900eb2708e8939ec8191ae3c2787aae4c66e3d4cbb6d,,,undetermined,UNKNOWN_NEEDS_DECISION,contents not read: the reference tree was not available when this inventory was built,,
demo_library/showcase/04_MESTO_2035_POLICY_DEMO/REAL_OUTPUT_MANIFEST.json,demo_library/showcase/04_MESTO_2035_POLICY_DEMO/REAL_OUTPUT_MANIFEST.json,REAL_OUTPUT_MANIFEST.json,demo_library,.json,json_data_or_config,5cd9a4d8beea909dbec73d1776704cde2f26ee9e7ec0e1b85fc6d0d17521a36a,,,undetermined,UNKNOWN_NEEDS_DECISION,contents not read: the reference tree was not available when this inventory was built,,
demo_library/showcase/04_MESTO_2035_POLICY_DEMO/REPORT_TEXT_DEMO.md,demo_library/showcase/04_MESTO_2035_POLICY_DEMO/REPORT_TEXT_DEMO.md,REPORT_TEXT_DEMO.md,demo_library,.md,documentation,b59026d7cb2062de28910883f36a0565c2d76cf0f75bf49034653056e9541e88,,,undetermined,UNKNOWN_NEEDS_DECISION,contents not read: the reference tree was not available when this inventory was built,,
demo_library/showcase/04_MESTO_2035_POLICY_DEMO/RESEARCH_DESIGN_DEMO.json,demo_library/showcase/04_MESTO_2035_POLICY_DEMO/RESEARCH_DESIGN_DEMO.json,RESEARCH_DESIGN_DEMO.json,demo_library,.json,json_data_or_config,6ad07c544ce7250f4422b1bb6e3add96e280918ccd0ed9254ebff7e6cafdc67a,,,undetermined,UNKNOWN_NEEDS_DECISION,contents not read: the reference tree was not available when this inventory was built,,
demo_library/showcase/04_MESTO_2035_POLICY_DEMO/RESPONDENT_DATABASE_DEMO.csv,demo_library/showcase/04_MESTO_2035_POLICY_DEMO/RESPONDENT_DATABASE_DEMO.csv,RESPONDENT_DATABASE_DEMO.csv,demo_library,.csv,csv_data_asset,f7fbf17d8d9ae4b0552d6989935689299cc0a830bbc88c4186187e2b28f9cae3,,,undetermined,UNKNOWN_NEEDS_DECISION,contents not read: the reference tree was not available when this inventory was built,,
demo_library/showcase/04_MESTO_2035_POLICY_DEMO/SHA256SUMS.txt,demo_library/showcase/04_MESTO_2035_POLICY_DEMO/SHA256SUMS.txt,SHA256SUMS.txt,demo_library,.txt,text,719b6c40cd1a2072807c1866bfe6d85615743d1f34ede4a2098f3ee584563894,,,undetermined,UNKNOWN_NEEDS_DECISION,contents not read: the reference tree was not available when this inventory was built,,
demo_library/showcase/04_MESTO_2035_POLICY_DEMO/analysis/ANALYSIS_01_EXECUTIVE.json,demo_library/showcase/04_MESTO_2035_POLICY_DEMO/analysis/ANALYSIS_01_EXECUTIVE.json,ANALYSIS_01_EXECUTIVE.json,demo_library,.json,json_data_or_config,8bdd9ad36ee4f2c7fdcf50dd0e0ac0c045a9857ba903c5ecd4276c896c6f0d04,,,undetermined,UNKNOWN_NEEDS_DECISION,contents not read: the reference tree was not available when this inventory was built,,
demo_library/showcase/04_MESTO_2035_POLICY_DEMO/analysis/ANALYSIS_02_RESEARCH_QUESTIONS.json,demo_library/showcase/04_MESTO_2035_POLICY_DEMO/analysis/ANALYSIS_02_RESEARCH_QUESTIONS.json,ANALYSIS_02_RESEARCH_QUESTIONS.json,demo_library,.json,json_data_or_config,8abaa920f87054b8febd2fc7e58d839e22266739812c6cee7d5dd14a0e7cf492,,,undetermined,UNKNOWN_NEEDS_DECISION,contents not read: the reference tree was not available when this inventory was built,,
demo_library/showcase/04_MESTO_2035_POLICY_DEMO/analysis/ANALYSIS_03_OBJECTS.json,demo_library/showcase/04_MESTO_2035_POLICY_DEMO/analysis/ANALYSIS_03_OBJECTS.json,ANALYSIS_03_OBJECTS.json,demo_library,.json,json_data_or_config,143135051964b58bd7cfc40f6630c25068802a22438326823d623bca78526f5f,,,undetermined,UNKNOWN_NEEDS_DECISION,contents not read: the reference tree was not available when this inventory was built,,
demo_library/showcase/04_MESTO_2035_POLICY_DEMO/analysis/ANALYSIS_04_AUDIENCE.json,demo_library/showcase/04_MESTO_2035_POLICY_DEMO/analysis/ANALYSIS_04_AUDIENCE.json,ANALYSIS_04_AUDIENCE.json,demo_library,.json,json_data_or_config,48c5b2fad9f62e36dce72a728106f951a3e4505fac9d287273213ccd671df45f,,,undetermined,UNKNOWN_NEEDS_DECISION,contents not read: the reference tree was not available when this inventory was built,,
demo_library/showcase/04_MESTO_2035_POLICY_DEMO/analysis/ANALYSIS_05_SEGMENTS.json,demo_library/showcase/04_MESTO_2035_POLICY_DEMO/analysis/ANALYSIS_05_SEGMENTS.json,ANALYSIS_05_SEGMENTS.json,demo_library,.json,json_data_or_config,6edae17dd17b9b17516c426ff6bd8820bca22d120339372a0d973fd7e76dad0c,,,undetermined,UNKNOWN_NEEDS_DECISION,contents not read: the reference tree was not available when this inventory was built,,
demo_library/showcase/04_MESTO_2035_POLICY_DEMO/analysis/ANALYSIS_06_HYPOTHESES.json,demo_library/showcase/04_MESTO_2035_POLICY_DEMO/analysis/ANALYSIS_06_HYPOTHESES.json,ANALYSIS_06_HYPOTHESES.json,demo_library,.json,json_data_or_config,fd66ae160d8e4ba697df7eadb5ec13181256504f1f724f694d56384c540ff2c0,,,undetermined,UNKNOWN_NEEDS_DECISION,contents not read: the reference tree was not available when this inventory was built,,
demo_library/showcase/04_MESTO_2035_POLICY_DEMO/analysis/ANALYSIS_07_IMPLICATIONS.json,demo_library/showcase/04_MESTO_2035_POLICY_DEMO/analysis/ANALYSIS_07_IMPLICATIONS.json,ANALYSIS_07_IMPLICATIONS.json,demo_library,.json,json_data_or_config,862e34c2b88cf58704568e74425a9c373e95f20c6fe6463862f08599e88f55d4,,,undetermined,UNKNOWN_NEEDS_DECISION,contents not read: the reference tree was not available when this inventory was built,,
demo_library/showcase/04_MESTO_2035_POLICY_DEMO/analysis/ANALYSIS_08_LIMITATIONS.json,demo_library/showcase/04_MESTO_2035_POLICY_DEMO/analysis/ANALYSIS_08_LIMITATIONS.json,ANALYSIS_08_LIMITATIONS.json,demo_library,.json,json_data_or_config,7c9920543e82c28f7df93f3881907e78b06ce825f753fea297881688f5ba253a,,,undetermined,UNKNOWN_NEEDS_DECISION,contents not read: the reference tree was not available when this inventory was built,,
demo_library/showcase/04_MESTO_2035_POLICY_DEMO/demo_project_loader.py,demo_library/showcase/04_MESTO_2035_POLICY_DEMO/demo_project_loader.py,demo_project_loader.py,demo_library,.py,python_application_source,42f8d6e038cdc06a56566c805ff43a4fe8a0fce002692f17506d6015e5427151,,,undetermined,UNKNOWN_NEEDS_DECISION,contents not read: the reference tree was not available when this inventory was built,,
demo_library/showcase/04_MESTO_2035_POLICY_DEMO/worlds/WORLD_1_BASE_MOBILITY.json,demo_library/showcase/04_MESTO_2035_POLICY_DEMO/worlds/WORLD_1_BASE_MOBILITY.json,WORLD_1_BASE_MOBILITY.json,demo_library,.json,json_data_or_config,5b46f22d0a90e6e83b5af74694783096a54bd2f7171c87096a7b8174eca4a45d,,,undetermined,UNKNOWN_NEEDS_DECISION,contents not read: the reference tree was not available when this inventory was built,,
demo_library/showcase/04_MESTO_2035_POLICY_DEMO/worlds/WORLD_2_FUEL_PRICE_UP.json,demo_library/showcase/04_MESTO_2035_POLICY_DEMO/worlds/WORLD_2_FUEL_PRICE_UP.json,WORLD_2_FUEL_PRICE_UP.json,demo_library,.json,json_data_or_config,7fe1db5d85da16cfab29766cb2ccada0d75707e938221e2f12970cb41eb230fb,,,undetermined,UNKNOWN_NEEDS_DECISION,contents not read: the reference tree was not available when this inventory was built,,
demo_library/showcase/04_MESTO_2035_POLICY_DEMO/worlds/WORLD_3_TRANSIT_RELIABILITY_LOW.json,demo_library/showcase/04_MESTO_2035_POLICY_DEMO/worlds/WORLD_3_TRANSIT_RELIABILITY_LOW.json,WORLD_3_TRANSIT_RELIABILITY_LOW.json,demo_library,.json,json_data_or_config,2ba426abed5a28d75db5db26c59e07c6abd30d97ab6d5400198dac4bba456e9a,,,undetermined,UNKNOWN_NEEDS_DECISION,contents not read: the reference tree was not available when this inventory was built,,
demo_library/showcase/04_MESTO_2035_POLICY_DEMO/worlds/WORLD_4_AIR_QUALITY_CONCERN.json,demo_library/showcase/04_MESTO_2035_POLICY_DEMO/worlds/WORLD_4_AIR_QUALITY_CONCERN.json,WORLD_4_AIR_QUALITY_CONCERN.json,demo_library,.json,json_data_or_config,cc6cbf842b5a2a177f30a7e42f2e0da1b5e467200de2859260dda5596b51050c,,,undetermined,UNKNOWN_NEEDS_DECISION,contents not read: the reference tree was not available when this inventory was built,,
demo_library/showcase/04_MESTO_2035_POLICY_DEMO/worlds/WORLD_5_OUTER_DISTRICTS_WEIGHT.json,demo_library/showcase/04_MESTO_2035_POLICY_DEMO/worlds/WORLD_5_OUTER_DISTRICTS_WEIGHT.json,WORLD_5_OUTER_DISTRICTS_WEIGHT.json,demo_library,.json,json_data_or_config,11a764837d5f5598ab7c0971c82edc81b7fea262203edfdb13cb7598c20f44f2,,,undetermined,UNKNOWN_NEEDS_DECISION,contents not read: the reference tree was not available when this inventory was built,,
demo_library/showcase/04_MESTO_2035_POLICY_DEMO/worlds/WORLD_6_PARKING_PRESSURE.json,demo_library/showcase/04_MESTO_2035_POLICY_DEMO/worlds/WORLD_6_PARKING_PRESSURE.json,WORLD_6_PARKING_PRESSURE.json,demo_library,.json,json_data_or_config,4ee7472d685cf2aacde1289c2272c84b4aa489057ef4591e303dfc62aa2d792e,,,undetermined,UNKNOWN_NEEDS_DECISION,contents not read: the reference tree was not available when this inventory was built,,
demo_library/showcase/04_MESTO_2035_POLICY_DEMO/worlds/WORLD_7_ECONOMIC_SQUEEZE.json,demo_library/showcase/04_MESTO_2035_POLICY_DEMO/worlds/WORLD_7_ECONOMIC_SQUEEZE.json,WORLD_7_ECONOMIC_SQUEEZE.json,demo_library,.json,json_data_or_config,b10e3962c18d545c3d5957c24e2f22ac58f17e10caa61cd89c8aaa0396d2a76f,,,undetermined,UNKNOWN_NEEDS_DECISION,contents not read: the reference tree was not available when this inventory was built,,
demo_library/showcase/04_MESTO_2035_POLICY_DEMO/worlds/WORLD_8_VISIBLE_TRANSIT_GAINS.json,demo_library/showcase/04_MESTO_2035_POLICY_DEMO/worlds/WORLD_8_VISIBLE_TRANSIT_GAINS.json,WORLD_8_VISIBLE_TRANSIT_GAINS.json,demo_library,.json,json_data_or_config,8be63828f27b14adb3a7c0d410b85115d140aeb29424868f9674be12e6e26f4d,,,undetermined,UNKNOWN_NEEDS_DECISION,contents not read: the reference tree was not available when this inventory was built,,
demo_library/showcase/05_MEDORA_PATIENT_EXPERIENCE_DEMO/ACCEPTANCE_DEMO.json,demo_library/showcase/05_MEDORA_PATIENT_EXPERIENCE_DEMO/ACCEPTANCE_DEMO.json,ACCEPTANCE_DEMO.json,demo_library,.json,methodology_or_policy,2f3b96876e97f2c9cca96df7b2337384f8cb7dde086408c7027c9d17c8b935bb,,,undetermined,UNKNOWN_NEEDS_DECISION,contents not read: the reference tree was not available when this inventory was built,,
demo_library/showcase/05_MEDORA_PATIENT_EXPERIENCE_DEMO/ARTIFACT_MANIFEST.json,demo_library/showcase/05_MEDORA_PATIENT_EXPERIENCE_DEMO/ARTIFACT_MANIFEST.json,ARTIFACT_MANIFEST.json,demo_library,.json,json_data_or_config,cff4ffcc3786e97c5403a3e19a4b4a622d99dc910c7a0b67a4b14cd16e0eb539,,,undetermined,UNKNOWN_NEEDS_DECISION,contents not read: the reference tree was not available when this inventory was built,,
demo_library/showcase/05_MEDORA_PATIENT_EXPERIENCE_DEMO/AUDIENCE_DESIGN_DEMO.json,demo_library/showcase/05_MEDORA_PATIENT_EXPERIENCE_DEMO/AUDIENCE_DESIGN_DEMO.json,AUDIENCE_DESIGN_DEMO.json,demo_library,.json,json_data_or_config,5da716a8cad9dccd914c745edf5d8c8fdc32613154aeeae977b036a3d101dfcb,,,undetermined,UNKNOWN_NEEDS_DECISION,contents not read: the reference tree was not available when this inventory was built,,
demo_library/showcase/05_MEDORA_PATIENT_EXPERIENCE_DEMO/DEMO_PREVIEW.html,demo_library/showcase/05_MEDORA_PATIENT_EXPERIENCE_DEMO/DEMO_PREVIEW.html,DEMO_PREVIEW.html,demo_library,.html,frontend_html,aa2e5c706f978e6c3541cdab30f15c9b82eb04d5012573c471a1d02cd27b0ab1,,,undetermined,UNKNOWN_NEEDS_DECISION,contents not read: the reference tree was not available when this inventory was built,,
demo_library/showcase/05_MEDORA_PATIENT_EXPERIENCE_DEMO/DEMO_PROJECT_SEED.json,demo_library/showcase/05_MEDORA_PATIENT_EXPERIENCE_DEMO/DEMO_PROJECT_SEED.json,DEMO_PROJECT_SEED.json,demo_library,.json,json_data_or_config,4926d143eefd0db6edac7354b65f8fd0ed0399bcabab57b838006a463878f3ed,,,undetermined,UNKNOWN_NEEDS_DECISION,contents not read: the reference tree was not available when this inventory was built,,
demo_library/showcase/05_MEDORA_PATIENT_EXPERIENCE_DEMO/FINAL_CLIENT_REPORT_OVERVIEW.html,demo_library/showcase/05_MEDORA_PATIENT_EXPERIENCE_DEMO/FINAL_CLIENT_REPORT_OVERVIEW.html,FINAL_CLIENT_REPORT_OVERVIEW.html,demo_library,.html,frontend_html,e628dd8cf699e206310ce987a941527926239f3cc6b88dfe1ae1b0eaa406eea7,,,undetermined,UNKNOWN_NEEDS_DECISION,contents not read: the reference tree was not available when this inventory was built,,
demo_library/showcase/05_MEDORA_PATIENT_EXPERIENCE_DEMO/IMPLEMENTACE_DO_PANELU.md,demo_library/showcase/05_MEDORA_PATIENT_EXPERIENCE_DEMO/IMPLEMENTACE_DO_PANELU.md,IMPLEMENTACE_DO_PANELU.md,demo_library,.md,documentation,7be7084efc36d87879a4b93e5f5de5822d4f610cbc65989bde0a0e99bda3684e,,,undetermined,UNKNOWN_NEEDS_DECISION,contents not read: the reference tree was not available when this inventory was built,,
demo_library/showcase/05_MEDORA_PATIENT_EXPERIENCE_DEMO/OBJECTS_SOCIOMAP_DEMO.json,demo_library/showcase/05_MEDORA_PATIENT_EXPERIENCE_DEMO/OBJECTS_SOCIOMAP_DEMO.json,OBJECTS_SOCIOMAP_DEMO.json,demo_library,.json,json_data_or_config,bcdb1f6ffdf7d1429ddbf8e687d0ef8f9820c1b4f683c34965d023f8bbeb3136,,,undetermined,UNKNOWN_NEEDS_DECISION,contents not read: the reference tree was not available when this inventory was built,,
demo_library/showcase/05_MEDORA_PATIENT_EXPERIENCE_DEMO/OBJECT_MAP_3D.html,demo_library/showcase/05_MEDORA_PATIENT_EXPERIENCE_DEMO/OBJECT_MAP_3D.html,OBJECT_MAP_3D.html,demo_library,.html,frontend_html,c0dd3e4cd4a4aa17b310ae872463cd42da5eee96ac5d5d022dc1c1b7c347ecbc,,,undetermined,UNKNOWN_NEEDS_DECISION,contents not read: the reference tree was not available when this inventory was built,,
demo_library/showcase/05_MEDORA_PATIENT_EXPERIENCE_DEMO/PROJECT_HISTORY_DEMO.json,demo_library/showcase/05_MEDORA_PATIENT_EXPERIENCE_DEMO/PROJECT_HISTORY_DEMO.json,PROJECT_HISTORY_DEMO.json,demo_library,.json,json_data_or_config,cbf03c587463eeb2fa80d18a18f0208155d5aa3f8058972d7e6937318cf3ccc8,,,undetermined,UNKNOWN_NEEDS_DECISION,contents not read: the reference tree was not available when this inventory was built,,
demo_library/showcase/05_MEDORA_PATIENT_EXPERIENCE_DEMO/QUESTIONNAIRE_DEMO.json,demo_library/showcase/05_MEDORA_PATIENT_EXPERIENCE_DEMO/QUESTIONNAIRE_DEMO.json,QUESTIONNAIRE_DEMO.json,demo_library,.json,json_data_or_config,b5f8704296e35bb0449a471069a1c944c0372e2bf1e2a35d78deceb4462637af,,,undetermined,UNKNOWN_NEEDS_DECISION,contents not read: the reference tree was not available when this inventory was built,,
demo_library/showcase/05_MEDORA_PATIENT_EXPERIENCE_DEMO/REAL_OUTPUT_MANIFEST.json,demo_library/showcase/05_MEDORA_PATIENT_EXPERIENCE_DEMO/REAL_OUTPUT_MANIFEST.json,REAL_OUTPUT_MANIFEST.json,demo_library,.json,json_data_or_config,6deb4d7bf86c43f105fd7240a6e40e41f60998d7f7d89ddced30f8d8f7d507ad,,,undetermined,UNKNOWN_NEEDS_DECISION,contents not read: the reference tree was not available when this inventory was built,,
demo_library/showcase/05_MEDORA_PATIENT_EXPERIENCE_DEMO/REPORT_TEXT_DEMO.md,demo_library/showcase/05_MEDORA_PATIENT_EXPERIENCE_DEMO/REPORT_TEXT_DEMO.md,REPORT_TEXT_DEMO.md,demo_library,.md,documentation,831a111f522fe5d89e8548ca48f0f83ecc2b72014dee9105956dc9d12c4e765b,,,undetermined,UNKNOWN_NEEDS_DECISION,contents not read: the reference tree was not available when this inventory was built,,
demo_library/showcase/05_MEDORA_PATIENT_EXPERIENCE_DEMO/RESEARCH_DESIGN_DEMO.json,demo_library/showcase/05_MEDORA_PATIENT_EXPERIENCE_DEMO/RESEARCH_DESIGN_DEMO.json,RESEARCH_DESIGN_DEMO.json,demo_library,.json,json_data_or_config,a7ae4a4ff123cea4f7dcf6fb2df6dfc3d82319f4eae09546b31c835282f663b0,,,undetermined,UNKNOWN_NEEDS_DECISION,contents not read: the reference tree was not available when this inventory was built,,
demo_library/showcase/05_MEDORA_PATIENT_EXPERIENCE_DEMO/RESPONDENT_DATABASE_DEMO.csv,demo_library/showcase/05_MEDORA_PATIENT_EXPERIENCE_DEMO/RESPONDENT_DATABASE_DEMO.csv,RESPONDENT_DATABASE_DEMO.csv,demo_library,.csv,csv_data_asset,d90508e6e5b1b620fbb2ba4ab944d93dbc3be1ffbaa643b5cf0d49d52fca7b6c,,,undetermined,UNKNOWN_NEEDS_DECISION,contents not read: the reference tree was not available when this inventory was built,,
demo_library/showcase/05_MEDORA_PATIENT_EXPERIENCE_DEMO/SHA256SUMS.txt,demo_library/showcase/05_MEDORA_PATIENT_EXPERIENCE_DEMO/SHA256SUMS.txt,SHA256SUMS.txt,demo_library,.txt,text,7457116e6645075023a6e875c2cb8f6436d2395dfa53527dd2ee3ffc03290b97,,,undetermined,UNKNOWN_NEEDS_DECISION,contents not read: the reference tree was not available when this inventory was built,,
demo_library/showcase/05_MEDORA_PATIENT_EXPERIENCE_DEMO/analysis/ANALYSIS_01_EXECUTIVE.json,demo_library/showcase/05_MEDORA_PATIENT_EXPERIENCE_DEMO/analysis/ANALYSIS_01_EXECUTIVE.json,ANALYSIS_01_EXECUTIVE.json,demo_library,.json,json_data_or_config,b14600905e5b02ea5f0fa44b1d0f7f6fa949299060c205a362b900babf5f9c21,,,undetermined,UNKNOWN_NEEDS_DECISION,contents not read: the reference tree was not available when this inventory was built,,
demo_library/showcase/05_MEDORA_PATIENT_EXPERIENCE_DEMO/analysis/ANALYSIS_02_RESEARCH_QUESTIONS.json,demo_library/showcase/05_MEDORA_PATIENT_EXPERIENCE_DEMO/analysis/ANALYSIS_02_RESEARCH_QUESTIONS.json,ANALYSIS_02_RESEARCH_QUESTIONS.json,demo_library,.json,json_data_or_config,168067d8bb95d7e183452014dfdd400cae213a5c8d7b561dfecfab487d488420,,,undetermined,UNKNOWN_NEEDS_DECISION,contents not read: the reference tree was not available when this inventory was built,,
demo_library/showcase/05_MEDORA_PATIENT_EXPERIENCE_DEMO/analysis/ANALYSIS_03_OBJECTS.json,demo_library/showcase/05_MEDORA_PATIENT_EXPERIENCE_DEMO/analysis/ANALYSIS_03_OBJECTS.json,ANALYSIS_03_OBJECTS.json,demo_library,.json,json_data_or_config,71b0ee1220bef5bbadf1f8643bfdcca4cecd67c3e4c49eee040524e38db9d354,,,undetermined,UNKNOWN_NEEDS_DECISION,contents not read: the reference tree was not available when this inventory was built,,
demo_library/showcase/05_MEDORA_PATIENT_EXPERIENCE_DEMO/analysis/ANALYSIS_04_AUDIENCE.json,demo_library/showcase/05_MEDORA_PATIENT_EXPERIENCE_DEMO/analysis/ANALYSIS_04_AUDIENCE.json,ANALYSIS_04_AUDIENCE.json,demo_library,.json,json_data_or_config,53379b3bb61c854155f3b01e66de9da85e17b6d4feb8e3c0f4dc29de2e137d4e,,,undetermined,UNKNOWN_NEEDS_DECISION,contents not read: the reference tree was not available when this inventory was built,,
demo_library/showcase/05_MEDORA_PATIENT_EXPERIENCE_DEMO/analysis/ANALYSIS_05_SEGMENTS.json,demo_library/showcase/05_MEDORA_PATIENT_EXPERIENCE_DEMO/analysis/ANALYSIS_05_SEGMENTS.json,ANALYSIS_05_SEGMENTS.json,demo_library,.json,json_data_or_config,898ea1e533770d3608fa489c23154d7c5db7a0e7c0571de7aa7b9c407224e894,,,undetermined,UNKNOWN_NEEDS_DECISION,contents not read: the reference tree was not available when this inventory was built,,
demo_library/showcase/05_MEDORA_PATIENT_EXPERIENCE_DEMO/analysis/ANALYSIS_06_HYPOTHESES.json,demo_library/showcase/05_MEDORA_PATIENT_EXPERIENCE_DEMO/analysis/ANALYSIS_06_HYPOTHESES.json,ANALYSIS_06_HYPOTHESES.json,demo_library,.json,json_data_or_config,fd66ae160d8e4ba697df7eadb5ec13181256504f1f724f694d56384c540ff2c0,,,undetermined,UNKNOWN_NEEDS_DECISION,contents not read: the reference tree was not available when this inventory was built,,
demo_library/showcase/05_MEDORA_PATIENT_EXPERIENCE_DEMO/analysis/ANALYSIS_07_IMPLICATIONS.json,demo_library/showcase/05_MEDORA_PATIENT_EXPERIENCE_DEMO/analysis/ANALYSIS_07_IMPLICATIONS.json,ANALYSIS_07_IMPLICATIONS.json,demo_library,.json,json_data_or_config,d57a58566c3653d5729c333d07819132059087224b2d38b58e2680c2e86ce7f7,,,undetermined,UNKNOWN_NEEDS_DECISION,contents not read: the reference tree was not available when this inventory was built,,
demo_library/showcase/05_MEDORA_PATIENT_EXPERIENCE_DEMO/analysis/ANALYSIS_08_LIMITATIONS.json,demo_library/showcase/05_MEDORA_PATIENT_EXPERIENCE_DEMO/analysis/ANALYSIS_08_LIMITATIONS.json,ANALYSIS_08_LIMITATIONS.json,demo_library,.json,json_data_or_config,f42210cbaf61388290e431fc5c5f8fea755765554cacd28e13bfb92a5e16acd0,,,undetermined,UNKNOWN_NEEDS_DECISION,contents not read: the reference tree was not available when this inventory was built,,
demo_library/showcase/05_MEDORA_PATIENT_EXPERIENCE_DEMO/demo_project_loader.py,demo_library/showcase/05_MEDORA_PATIENT_EXPERIENCE_DEMO/demo_project_loader.py,demo_project_loader.py,demo_library,.py,python_application_source,16e705ec649a802d3bc31cbf260807d7a3f234dbdd84a2c5f2cf176fd63aa1b7,,,undetermined,UNKNOWN_NEEDS_DECISION,contents not read: the reference tree was not available when this inventory was built,,
demo_library/showcase/05_MEDORA_PATIENT_EXPERIENCE_DEMO/worlds/WORLD_1_BASE_JOURNEY.json,demo_library/showcase/05_MEDORA_PATIENT_EXPERIENCE_DEMO/worlds/WORLD_1_BASE_JOURNEY.json,WORLD_1_BASE_JOURNEY.json,demo_library,.json,json_data_or_config,8bcf8f7d05c512a7f0c730c3b4391fb36e6cfe204411c23f6aa1fb680488e768,,,undetermined,UNKNOWN_NEEDS_DECISION,contents not read: the reference tree was not available when this inventory was built,,
demo_library/showcase/05_MEDORA_PATIENT_EXPERIENCE_DEMO/worlds/WORLD_2_HIGH_ANXIETY.json,demo_library/showcase/05_MEDORA_PATIENT_EXPERIENCE_DEMO/worlds/WORLD_2_HIGH_ANXIETY.json,WORLD_2_HIGH_ANXIETY.json,demo_library,.json,json_data_or_config,d063f4bba4c9b2f003b5c339362febfcc79a00fe6db480f2b757dfa489a79973,,,undetermined,UNKNOWN_NEEDS_DECISION,contents not read: the reference tree was not available when this inventory was built,,
demo_library/showcase/05_MEDORA_PATIENT_EXPERIENCE_DEMO/worlds/WORLD_3_DIGITAL_ADOPTION.json,demo_library/showcase/05_MEDORA_PATIENT_EXPERIENCE_DEMO/worlds/WORLD_3_DIGITAL_ADOPTION.json,WORLD_3_DIGITAL_ADOPTION.json,demo_library,.json,json_data_or_config,cd4153ad9b513d856e3921ad9e52ed07e30e4c0778b1a562344ae692d445be56,,,undetermined,UNKNOWN_NEEDS_DECISION,contents not read: the reference tree was not available when this inventory was built,,
demo_library/showcase/05_MEDORA_PATIENT_EXPERIENCE_DEMO/worlds/WORLD_4_OLDER_PATIENTS.json,demo_library/showcase/05_MEDORA_PATIENT_EXPERIENCE_DEMO/worlds/WORLD_4_OLDER_PATIENTS.json,WORLD_4_OLDER_PATIENTS.json,demo_library,.json,json_data_or_config,a0cb245ed9c14de6e3c5aef9fe08fec1e7391775d6d5a35dfdd7629a5261f203,,,undetermined,UNKNOWN_NEEDS_DECISION,contents not read: the reference tree was not available when this inventory was built,,
demo_library/showcase/05_MEDORA_PATIENT_EXPERIENCE_DEMO/worlds/WORLD_5_STAFF_PRESSURE.json,demo_library/showcase/05_MEDORA_PATIENT_EXPERIENCE_DEMO/worlds/WORLD_5_STAFF_PRESSURE.json,WORLD_5_STAFF_PRESSURE.json,demo_library,.json,json_data_or_config,2de5a816c510269003e02633c086d4831c65be67600a65c6f1c512ce9ebb0d2e,,,undetermined,UNKNOWN_NEEDS_DECISION,contents not read: the reference tree was not available when this inventory was built,,
demo_library/showcase/05_MEDORA_PATIENT_EXPERIENCE_DEMO/worlds/WORLD_6_COMPLEX_CARE_MIX.json,demo_library/showcase/05_MEDORA_PATIENT_EXPERIENCE_DEMO/worlds/WORLD_6_COMPLEX_CARE_MIX.json,WORLD_6_COMPLEX_CARE_MIX.json,demo_library,.json,json_data_or_config,a1a6516ee8201442bad3dab30e2775d9e8ba1b39beebcb98e8305839ce532567,,,undetermined,UNKNOWN_NEEDS_DECISION,contents not read: the reference tree was not available when this inventory was built,,
demo_library/showcase/05_MEDORA_PATIENT_EXPERIENCE_DEMO/worlds/WORLD_7_SHORT_WAITS.json,demo_library/showcase/05_MEDORA_PATIENT_EXPERIENCE_DEMO/worlds/WORLD_7_SHORT_WAITS.json,WORLD_7_SHORT_WAITS.json,demo_library,.json,json_data_or_config,aed6aa9c568fa84ef5caad1362004999b0f4e746c49273976e741ca95fe8d7e5,,,undetermined,UNKNOWN_NEEDS_DECISION,contents not read: the reference tree was not available when this inventory was built,,
demo_library/showcase/05_MEDORA_PATIENT_EXPERIENCE_DEMO/worlds/WORLD_8_COMMUNICATION_FIRST.json,demo_library/showcase/05_MEDORA_PATIENT_EXPERIENCE_DEMO/worlds/WORLD_8_COMMUNICATION_FIRST.json,WORLD_8_COMMUNICATION_FIRST.json,demo_library,.json,json_data_or_config,df0b34ffa84a2f28eddeccd592c2c4f64062ed3d829798b36c2fd02f9f3d4f3a,,,undetermined,UNKNOWN_NEEDS_DECISION,contents not read: the reference tree was not available when this inventory was built,,
demo_library/showcase/06_NEXORA_EMPLOYEE_CLIMATE_DEMO/ACCEPTANCE_DEMO.json,demo_library/showcase/06_NEXORA_EMPLOYEE_CLIMATE_DEMO/ACCEPTANCE_DEMO.json,ACCEPTANCE_DEMO.json,demo_library,.json,methodology_or_policy,65250e28ae6dc0747576750eff3279b51ab7b6805715f0aa6ca35c5c4ff21341,,,undetermined,UNKNOWN_NEEDS_DECISION,contents not read: the reference tree was not available when this inventory was built,,
demo_library/showcase/06_NEXORA_EMPLOYEE_CLIMATE_DEMO/ARTIFACT_MANIFEST.json,demo_library/showcase/06_NEXORA_EMPLOYEE_CLIMATE_DEMO/ARTIFACT_MANIFEST.json,ARTIFACT_MANIFEST.json,demo_library,.json,json_data_or_config,5c7ef21c5acf53d647c4387f08fef4f56268d196dd19f0485280f09a6b21d189,,,undetermined,UNKNOWN_NEEDS_DECISION,contents not read: the reference tree was not available when this inventory was built,,
demo_library/showcase/06_NEXORA_EMPLOYEE_CLIMATE_DEMO/AUDIENCE_DESIGN_DEMO.json,demo_library/showcase/06_NEXORA_EMPLOYEE_CLIMATE_DEMO/AUDIENCE_DESIGN_DEMO.json,AUDIENCE_DESIGN_DEMO.json,demo_library,.json,json_data_or_config,b495f89d923ca2189a5e17ecfa16b02f3474702bcbc2c0e886d3faf7181a441d,,,undetermined,UNKNOWN_NEEDS_DECISION,contents not read: the reference tree was not available when this inventory was built,,
demo_library/showcase/06_NEXORA_EMPLOYEE_CLIMATE_DEMO/DEMO_PREVIEW.html,demo_library/showcase/06_NEXORA_EMPLOYEE_CLIMATE_DEMO/DEMO_PREVIEW.html,DEMO_PREVIEW.html,demo_library,.html,frontend_html,1ad9b8cdfa13d082fb093700678333560aff99a31a587498cc319fb55bd97f4a,,,undetermined,UNKNOWN_NEEDS_DECISION,contents not read: the reference tree was not available when this inventory was built,,
demo_library/showcase/06_NEXORA_EMPLOYEE_CLIMATE_DEMO/DEMO_PROJECT_SEED.json,demo_library/showcase/06_NEXORA_EMPLOYEE_CLIMATE_DEMO/DEMO_PROJECT_SEED.json,DEMO_PROJECT_SEED.json,demo_library,.json,json_data_or_config,482ff204458898622f862e4a922c128692e69d218f9f5b0b8e2886d4a478b9a4,,,undetermined,UNKNOWN_NEEDS_DECISION,contents not read: the reference tree was not available when this inventory was built,,
demo_library/showcase/06_NEXORA_EMPLOYEE_CLIMATE_DEMO/FINAL_CLIENT_REPORT_OVERVIEW.html,demo_library/showcase/06_NEXORA_EMPLOYEE_CLIMATE_DEMO/FINAL_CLIENT_REPORT_OVERVIEW.html,FINAL_CLIENT_REPORT_OVERVIEW.html,demo_library,.html,frontend_html,e4455f9b56e11cfe0dea7e6138c54c3e4b0a5c7d123baac3d4c997ae54f0d3f8,,,undetermined,UNKNOWN_NEEDS_DECISION,contents not read: the reference tree was not available when this inventory was built,,
demo_library/showcase/06_NEXORA_EMPLOYEE_CLIMATE_DEMO/IMPLEMENTACE_DO_PANELU.md,demo_library/showcase/06_NEXORA_EMPLOYEE_CLIMATE_DEMO/IMPLEMENTACE_DO_PANELU.md,IMPLEMENTACE_DO_PANELU.md,demo_library,.md,documentation,e8d426e9ebbb485b6cf8ee725d12f44a882af911d044fad4b0df27a21ee617f1,,,undetermined,UNKNOWN_NEEDS_DECISION,contents not read: the reference tree was not available when this inventory was built,,
demo_library/showcase/06_NEXORA_EMPLOYEE_CLIMATE_DEMO/OBJECTS_SOCIOMAP_DEMO.json,demo_library/showcase/06_NEXORA_EMPLOYEE_CLIMATE_DEMO/OBJECTS_SOCIOMAP_DEMO.json,OBJECTS_SOCIOMAP_DEMO.json,demo_library,.json,json_data_or_config,87aafa6bac4237092d603c7d22b362ad6c35ec01f60d937acdd008fe18af31d5,,,undetermined,UNKNOWN_NEEDS_DECISION,contents not read: the reference tree was not available when this inventory was built,,
demo_library/showcase/06_NEXORA_EMPLOYEE_CLIMATE_DEMO/OBJECT_MAP_3D.html,demo_library/showcase/06_NEXORA_EMPLOYEE_CLIMATE_DEMO/OBJECT_MAP_3D.html,OBJECT_MAP_3D.html,demo_library,.html,frontend_html,493865ea4d0255a52a203a260218bbac3214dfa4158077dbf91c11d296ec3972,,,undetermined,UNKNOWN_NEEDS_DECISION,contents not read: the reference tree was not available when this inventory was built,,
demo_library/showcase/06_NEXORA_EMPLOYEE_CLIMATE_DEMO/PROJECT_HISTORY_DEMO.json,demo_library/showcase/06_NEXORA_EMPLOYEE_CLIMATE_DEMO/PROJECT_HISTORY_DEMO.json,PROJECT_HISTORY_DEMO.json,demo_library,.json,json_data_or_config,cbf03c587463eeb2fa80d18a18f0208155d5aa3f8058972d7e6937318cf3ccc8,,,undetermined,UNKNOWN_NEEDS_DECISION,contents not read: the reference tree was not available when this inventory was built,,
demo_library/showcase/06_NEXORA_EMPLOYEE_CLIMATE_DEMO/QUESTIONNAIRE_DEMO.json,demo_library/showcase/06_NEXORA_EMPLOYEE_CLIMATE_DEMO/QUESTIONNAIRE_DEMO.json,QUESTIONNAIRE_DEMO.json,demo_library,.json,json_data_or_config,cbca86dd2153174b4231671b4cbb0a867f87a11432573b3c279b97a183923448,,,undetermined,UNKNOWN_NEEDS_DECISION,contents not read: the reference tree was not available when this inventory was built,,
demo_library/showcase/06_NEXORA_EMPLOYEE_CLIMATE_DEMO/REAL_OUTPUT_MANIFEST.json,demo_library/showcase/06_NEXORA_EMPLOYEE_CLIMATE_DEMO/REAL_OUTPUT_MANIFEST.json,REAL_OUTPUT_MANIFEST.json,demo_library,.json,json_data_or_config,184db36ab9fdc015670ab0779b6c739be3b8069852b593e15b01736a6a0b37fe,,,undetermined,UNKNOWN_NEEDS_DECISION,contents not read: the reference tree was not available when this inventory was built,,
demo_library/showcase/06_NEXORA_EMPLOYEE_CLIMATE_DEMO/REPORT_TEXT_DEMO.md,demo_library/showcase/06_NEXORA_EMPLOYEE_CLIMATE_DEMO/REPORT_TEXT_DEMO.md,REPORT_TEXT_DEMO.md,demo_library,.md,documentation,faab6b98815142dfa164796af0fdf0b6608782ac64d0ca6ddc0f02d4532d215a,,,undetermined,UNKNOWN_NEEDS_DECISION,contents not read: the reference tree was not available when this inventory was built,,
demo_library/showcase/06_NEXORA_EMPLOYEE_CLIMATE_DEMO/RESEARCH_DESIGN_DEMO.json,demo_library/showcase/06_NEXORA_EMPLOYEE_CLIMATE_DEMO/RESEARCH_DESIGN_DEMO.json,RESEARCH_DESIGN_DEMO.json,demo_library,.json,json_data_or_config,2395e89ba52e0d6856c6fea223ffc77abc0b672490cd4d2c8714735ae114634d,,,undetermined,UNKNOWN_NEEDS_DECISION,contents not read: the reference tree was not available when this inventory was built,,
demo_library/showcase/06_NEXORA_EMPLOYEE_CLIMATE_DEMO/RESPONDENT_DATABASE_DEMO.csv,demo_library/showcase/06_NEXORA_EMPLOYEE_CLIMATE_DEMO/RESPONDENT_DATABASE_DEMO.csv,RESPONDENT_DATABASE_DEMO.csv,demo_library,.csv,csv_data_asset,2f4b56ae99c1b6b316708f0d438ce96be0ca1bac10923828df1e5a0068565a56,,,undetermined,UNKNOWN_NEEDS_DECISION,contents not read: the reference tree was not available when this inventory was built,,
demo_library/showcase/06_NEXORA_EMPLOYEE_CLIMATE_DEMO/SHA256SUMS.txt,demo_library/showcase/06_NEXORA_EMPLOYEE_CLIMATE_DEMO/SHA256SUMS.txt,SHA256SUMS.txt,demo_library,.txt,text,5f9b38276ad1fcf8710498b2dcf730e3a0242860ca2199984aa7f8a8e45ab5e4,,,undetermined,UNKNOWN_NEEDS_DECISION,contents not read: the reference tree was not available when this inventory was built,,
demo_library/showcase/06_NEXORA_EMPLOYEE_CLIMATE_DEMO/analysis/ANALYSIS_01_EXECUTIVE.json,demo_library/showcase/06_NEXORA_EMPLOYEE_CLIMATE_DEMO/analysis/ANALYSIS_01_EXECUTIVE.json,ANALYSIS_01_EXECUTIVE.json,demo_library,.json,json_data_or_config,1cbbeaa2bf42a0bb67352bc84056d9e8fea0688a10c3d15f676b3f7f942831af,,,undetermined,UNKNOWN_NEEDS_DECISION,contents not read: the reference tree was not available when this inventory was built,,
demo_library/showcase/06_NEXORA_EMPLOYEE_CLIMATE_DEMO/analysis/ANALYSIS_02_RESEARCH_QUESTIONS.json,demo_library/showcase/06_NEXORA_EMPLOYEE_CLIMATE_DEMO/analysis/ANALYSIS_02_RESEARCH_QUESTIONS.json,ANALYSIS_02_RESEARCH_QUESTIONS.json,demo_library,.json,json_data_or_config,20de7ce8707238f5d677605c3e3a585b50330ef5652d01121ca3c723a59888e8,,,undetermined,UNKNOWN_NEEDS_DECISION,contents not read: the reference tree was not available when this inventory was built,,
demo_library/showcase/06_NEXORA_EMPLOYEE_CLIMATE_DEMO/analysis/ANALYSIS_03_OBJECTS.json,demo_library/showcase/06_NEXORA_EMPLOYEE_CLIMATE_DEMO/analysis/ANALYSIS_03_OBJECTS.json,ANALYSIS_03_OBJECTS.json,demo_library,.json,json_data_or_config,a96785c6ea9355a866462780d66a301eda08f8f4a21513ce852a6feea597cc34,,,undetermined,UNKNOWN_NEEDS_DECISION,contents not read: the reference tree was not available when this inventory was built,,
demo_library/showcase/06_NEXORA_EMPLOYEE_CLIMATE_DEMO/analysis/ANALYSIS_04_AUDIENCE.json,demo_library/showcase/06_NEXORA_EMPLOYEE_CLIMATE_DEMO/analysis/ANALYSIS_04_AUDIENCE.json,ANALYSIS_04_AUDIENCE.json,demo_library,.json,json_data_or_config,b7ef294a77d57db4302cc00f88adf0a8658ca98231458c429b5af8ea63d4e575,,,undetermined,UNKNOWN_NEEDS_DECISION,contents not read: the reference tree was not available when this inventory was built,,
demo_library/showcase/06_NEXORA_EMPLOYEE_CLIMATE_DEMO/analysis/ANALYSIS_05_SEGMENTS.json,demo_library/showcase/06_NEXORA_EMPLOYEE_CLIMATE_DEMO/analysis/ANALYSIS_05_SEGMENTS.json,ANALYSIS_05_SEGMENTS.json,demo_library,.json,json_data_or_config,68b7ae153d59b8f8c86aa2fc849c8ec2cc21ad2f106ee2c4032b0d0373b66660,,,undetermined,UNKNOWN_NEEDS_DECISION,contents not read: the reference tree was not available when this inventory was built,,
demo_library/showcase/06_NEXORA_EMPLOYEE_CLIMATE_DEMO/analysis/ANALYSIS_06_HYPOTHESES.json,demo_library/showcase/06_NEXORA_EMPLOYEE_CLIMATE_DEMO/analysis/ANALYSIS_06_HYPOTHESES.json,ANALYSIS_06_HYPOTHESES.json,demo_library,.json,json_data_or_config,fd66ae160d8e4ba697df7eadb5ec13181256504f1f724f694d56384c540ff2c0,,,undetermined,UNKNOWN_NEEDS_DECISION,contents not read: the reference tree was not available when this inventory was built,,
demo_library/showcase/06_NEXORA_EMPLOYEE_CLIMATE_DEMO/analysis/ANALYSIS_07_IMPLICATIONS.json,demo_library/showcase/06_NEXORA_EMPLOYEE_CLIMATE_DEMO/analysis/ANALYSIS_07_IMPLICATIONS.json,ANALYSIS_07_IMPLICATIONS.json,demo_library,.json,json_data_or_config,a71bb2da37c9ee874a23abbe611a922ffc7e54b7efa88840cdedff26616c3e45,,,undetermined,UNKNOWN_NEEDS_DECISION,contents not read: the reference tree was not available when this inventory was built,,
demo_library/showcase/06_NEXORA_EMPLOYEE_CLIMATE_DEMO/analysis/ANALYSIS_08_LIMITATIONS.json,demo_library/showcase/06_NEXORA_EMPLOYEE_CLIMATE_DEMO/analysis/ANALYSIS_08_LIMITATIONS.json,ANALYSIS_08_LIMITATIONS.json,demo_library,.json,json_data_or_config,e7845278a41c4737d84962613e4326f4e8289be73bb9e7bd2007c73dbfd224ba,,,undetermined,UNKNOWN_NEEDS_DECISION,contents not read: the reference tree was not available when this inventory was built,,
demo_library/showcase/06_NEXORA_EMPLOYEE_CLIMATE_DEMO/demo_project_loader.py,demo_library/showcase/06_NEXORA_EMPLOYEE_CLIMATE_DEMO/demo_project_loader.py,demo_project_loader.py,demo_library,.py,python_application_source,6a3ac6514f951f1b57672040013cb1fefbb7c009b34e9c433a867291b9f04096,,,undetermined,UNKNOWN_NEEDS_DECISION,contents not read: the reference tree was not available when this inventory was built,,
demo_library/showcase/06_NEXORA_EMPLOYEE_CLIMATE_DEMO/worlds/WORLD_1_BASE_ORG.json,demo_library/showcase/06_NEXORA_EMPLOYEE_CLIMATE_DEMO/worlds/WORLD_1_BASE_ORG.json,WORLD_1_BASE_ORG.json,demo_library,.json,json_data_or_config,01d73d7d306803651ff0c2f3c0599e49632d4fc3c96aadc7ccfbc063d0ff3be0,,,undetermined,UNKNOWN_NEEDS_DECISION,contents not read: the reference tree was not available when this inventory was built,,
demo_library/showcase/06_NEXORA_EMPLOYEE_CLIMATE_DEMO/worlds/WORLD_2_GROWTH_PRESSURE.json,demo_library/showcase/06_NEXORA_EMPLOYEE_CLIMATE_DEMO/worlds/WORLD_2_GROWTH_PRESSURE.json,WORLD_2_GROWTH_PRESSURE.json,demo_library,.json,json_data_or_config,0e9be36258121424644d0321f2486bc354779f62c637f482a4841df787bb5706,,,undetermined,UNKNOWN_NEEDS_DECISION,contents not read: the reference tree was not available when this inventory was built,,
demo_library/showcase/06_NEXORA_EMPLOYEE_CLIMATE_DEMO/worlds/WORLD_3_LEADERSHIP_CLARITY.json,demo_library/showcase/06_NEXORA_EMPLOYEE_CLIMATE_DEMO/worlds/WORLD_3_LEADERSHIP_CLARITY.json,WORLD_3_LEADERSHIP_CLARITY.json,demo_library,.json,json_data_or_config,f494510a50f9fd14f7047d084821ea7696f5db0dff5a17f2a0075f5f548ce5f7,,,undetermined,UNKNOWN_NEEDS_DECISION,contents not read: the reference tree was not available when this inventory was built,,
demo_library/showcase/06_NEXORA_EMPLOYEE_CLIMATE_DEMO/worlds/WORLD_4_REMOTE_HEAVY.json,demo_library/showcase/06_NEXORA_EMPLOYEE_CLIMATE_DEMO/worlds/WORLD_4_REMOTE_HEAVY.json,WORLD_4_REMOTE_HEAVY.json,demo_library,.json,json_data_or_config,5125ae87b33f66eb38d2f2269fd3b0b495c228b23b3c011bba53ca49ee7e8f20,,,undetermined,UNKNOWN_NEEDS_DECISION,contents not read: the reference tree was not available when this inventory was built,,
demo_library/showcase/06_NEXORA_EMPLOYEE_CLIMATE_DEMO/worlds/WORLD_5_OFFICE_RHYTHM.json,demo_library/showcase/06_NEXORA_EMPLOYEE_CLIMATE_DEMO/worlds/WORLD_5_OFFICE_RHYTHM.json,WORLD_5_OFFICE_RHYTHM.json,demo_library,.json,json_data_or_config,fdb5c2791fe0f3345b97e68e629d6a638535685d7338203ce4da17f5adcaba3c,,,undetermined,UNKNOWN_NEEDS_DECISION,contents not read: the reference tree was not available when this inventory was built,,
demo_library/showcase/06_NEXORA_EMPLOYEE_CLIMATE_DEMO/worlds/WORLD_6_SALES_PRESSURE.json,demo_library/showcase/06_NEXORA_EMPLOYEE_CLIMATE_DEMO/worlds/WORLD_6_SALES_PRESSURE.json,WORLD_6_SALES_PRESSURE.json,demo_library,.json,json_data_or_config,615726e2233f7721b55b50bd11f08089089d9ecde657b9190ccc4e19cd3ddcb5,,,undetermined,UNKNOWN_NEEDS_DECISION,contents not read: the reference tree was not available when this inventory was built,,
demo_library/showcase/06_NEXORA_EMPLOYEE_CLIMATE_DEMO/worlds/WORLD_7_OPS_INTEGRATION.json,demo_library/showcase/06_NEXORA_EMPLOYEE_CLIMATE_DEMO/worlds/WORLD_7_OPS_INTEGRATION.json,WORLD_7_OPS_INTEGRATION.json,demo_library,.json,json_data_or_config,c92859a82a798dd8c60781fc1bb001c5546205a8ed611f0ef403f25418f5affc,,,undetermined,UNKNOWN_NEEDS_DECISION,contents not read: the reference tree was not available when this inventory was built,,
demo_library/showcase/06_NEXORA_EMPLOYEE_CLIMATE_DEMO/worlds/WORLD_8_PSYCH_SAFETY_UP.json,demo_library/showcase/06_NEXORA_EMPLOYEE_CLIMATE_DEMO/worlds/WORLD_8_PSYCH_SAFETY_UP.json,WORLD_8_PSYCH_SAFETY_UP.json,demo_library,.json,json_data_or_config,0e5fe2babef8697b56e7a67cabd1db319ebb3e7ed7d8a4583eee6fdf868f39a0,,,undetermined,UNKNOWN_NEEDS_DECISION,contents not read: the reference tree was not available when this inventory was built,,
demo_library/showcase/07_RAILMOVE_SERVICE_CONCEPT_DEMO/ACCEPTANCE_DEMO.json,demo_library/showcase/07_RAILMOVE_SERVICE_CONCEPT_DEMO/ACCEPTANCE_DEMO.json,ACCEPTANCE_DEMO.json,demo_library,.json,methodology_or_policy,3cf535bdf9648f73291390af5c4fb4c9f857bd969b6b2143237bd57c921fc20e,,,undetermined,UNKNOWN_NEEDS_DECISION,contents not read: the reference tree was not available when this inventory was built,,
demo_library/showcase/07_RAILMOVE_SERVICE_CONCEPT_DEMO/ARTIFACT_MANIFEST.json,demo_library/showcase/07_RAILMOVE_SERVICE_CONCEPT_DEMO/ARTIFACT_MANIFEST.json,ARTIFACT_MANIFEST.json,demo_library,.json,json_data_or_config,c22685fe5231d55c8672beeb1d62450169b673b8960642f47e8ba6f89fd91ca2,,,undetermined,UNKNOWN_NEEDS_DECISION,contents not read: the reference tree was not available when this inventory was built,,
demo_library/showcase/07_RAILMOVE_SERVICE_CONCEPT_DEMO/AUDIENCE_DESIGN_DEMO.json,demo_library/showcase/07_RAILMOVE_SERVICE_CONCEPT_DEMO/AUDIENCE_DESIGN_DEMO.json,AUDIENCE_DESIGN_DEMO.json,demo_library,.json,json_data_or_config,96622e031a8287b334966be3879aa267358edecedc6c97a2f31847de868cfee4,,,undetermined,UNKNOWN_NEEDS_DECISION,contents not read: the reference tree was not available when this inventory was built,,
demo_library/showcase/07_RAILMOVE_SERVICE_CONCEPT_DEMO/DEMO_PREVIEW.html,demo_library/showcase/07_RAILMOVE_SERVICE_CONCEPT_DEMO/DEMO_PREVIEW.html,DEMO_PREVIEW.html,demo_library,.html,frontend_html,0b34855a4615ff123e22b5ecda9cabbb3f891c2df11c924204756b879c50c732,,,undetermined,UNKNOWN_NEEDS_DECISION,contents not read: the reference tree was not available when this inventory was built,,
demo_library/showcase/07_RAILMOVE_SERVICE_CONCEPT_DEMO/DEMO_PROJECT_SEED.json,demo_library/showcase/07_RAILMOVE_SERVICE_CONCEPT_DEMO/DEMO_PROJECT_SEED.json,DEMO_PROJECT_SEED.json,demo_library,.json,json_data_or_config,6afce6b90408404f878c2ccc7a785a2aeb37f4db0768e19f1f32cdb1026ced02,,,undetermined,UNKNOWN_NEEDS_DECISION,contents not read: the reference tree was not available when this inventory was built,,
demo_library/showcase/07_RAILMOVE_SERVICE_CONCEPT_DEMO/FINAL_CLIENT_REPORT_OVERVIEW.html,demo_library/showcase/07_RAILMOVE_SERVICE_CONCEPT_DEMO/FINAL_CLIENT_REPORT_OVERVIEW.html,FINAL_CLIENT_REPORT_OVERVIEW.html,demo_library,.html,frontend_html,651a1157ac292b56b15fc29967cbb5de819352bf3cb6ae654b817c308f344c81,,,undetermined,UNKNOWN_NEEDS_DECISION,contents not read: the reference tree was not available when this inventory was built,,
demo_library/showcase/07_RAILMOVE_SERVICE_CONCEPT_DEMO/IMPLEMENTACE_DO_PANELU.md,demo_library/showcase/07_RAILMOVE_SERVICE_CONCEPT_DEMO/IMPLEMENTACE_DO_PANELU.md,IMPLEMENTACE_DO_PANELU.md,demo_library,.md,documentation,80d0c9f828cd81da809d89eb011a7b8e33c2ae73b6a873954bd013a766f3efe7,,,undetermined,UNKNOWN_NEEDS_DECISION,contents not read: the reference tree was not available when this inventory was built,,
demo_library/showcase/07_RAILMOVE_SERVICE_CONCEPT_DEMO/OBJECTS_SOCIOMAP_DEMO.json,demo_library/showcase/07_RAILMOVE_SERVICE_CONCEPT_DEMO/OBJECTS_SOCIOMAP_DEMO.json,OBJECTS_SOCIOMAP_DEMO.json,demo_library,.json,json_data_or_config,47538dccaf2ef6a534f064cabde9acbbb54a0936fe03e7d2ce354cd2f994fbcf,,,undetermined,UNKNOWN_NEEDS_DECISION,contents not read: the reference tree was not available when this inventory was built,,
demo_library/showcase/07_RAILMOVE_SERVICE_CONCEPT_DEMO/OBJECT_MAP_3D.html,demo_library/showcase/07_RAILMOVE_SERVICE_CONCEPT_DEMO/OBJECT_MAP_3D.html,OBJECT_MAP_3D.html,demo_library,.html,frontend_html,23e13584cebf96fe68eb720563b69c0f84235ee15d07958556b7519207ce1541,,,undetermined,UNKNOWN_NEEDS_DECISION,contents not read: the reference tree was not available when this inventory was built,,
demo_library/showcase/07_RAILMOVE_SERVICE_CONCEPT_DEMO/PROJECT_HISTORY_DEMO.json,demo_library/showcase/07_RAILMOVE_SERVICE_CONCEPT_DEMO/PROJECT_HISTORY_DEMO.json,PROJECT_HISTORY_DEMO.json,demo_library,.json,json_data_or_config,cbf03c587463eeb2fa80d18a18f0208155d5aa3f8058972d7e6937318cf3ccc8,,,undetermined,UNKNOWN_NEEDS_DECISION,contents not read: the reference tree was not available when this inventory was built,,
demo_library/showcase/07_RAILMOVE_SERVICE_CONCEPT_DEMO/QUESTIONNAIRE_DEMO.json,demo_library/showcase/07_RAILMOVE_SERVICE_CONCEPT_DEMO/QUESTIONNAIRE_DEMO.json,QUESTIONNAIRE_DEMO.json,demo_library,.json,json_data_or_config,946482e9d85736a6d845823be1a634f9f18a4a45a50d6e28a622bec553bb0c27,,,undetermined,UNKNOWN_NEEDS_DECISION,contents not read: the reference tree was not available when this inventory was built,,
demo_library/showcase/07_RAILMOVE_SERVICE_CONCEPT_DEMO/REAL_OUTPUT_MANIFEST.json,demo_library/showcase/07_RAILMOVE_SERVICE_CONCEPT_DEMO/REAL_OUTPUT_MANIFEST.json,REAL_OUTPUT_MANIFEST.json,demo_library,.json,json_data_or_config,df5963d52bd105c47378b0d489fefd4a8465a2868201629e27de3c62d0964216,,,undetermined,UNKNOWN_NEEDS_DECISION,contents not read: the reference tree was not available when this inventory was built,,
demo_library/showcase/07_RAILMOVE_SERVICE_CONCEPT_DEMO/REPORT_TEXT_DEMO.md,demo_library/showcase/07_RAILMOVE_SERVICE_CONCEPT_DEMO/REPORT_TEXT_DEMO.md,REPORT_TEXT_DEMO.md,demo_library,.md,documentation,652d6c5d6874c4905d1004554409071e4ac522db1ef0966b589dae5e23161c6c,,,undetermined,UNKNOWN_NEEDS_DECISION,contents not read: the reference tree was not available when this inventory was built,,
demo_library/showcase/07_RAILMOVE_SERVICE_CONCEPT_DEMO/RESEARCH_DESIGN_DEMO.json,demo_library/showcase/07_RAILMOVE_SERVICE_CONCEPT_DEMO/RESEARCH_DESIGN_DEMO.json,RESEARCH_DESIGN_DEMO.json,demo_library,.json,json_data_or_config,b1c08902dabc52f908e06ec7829b4aa64bf201e54ea7a9ee3fd37278b89eced8,,,undetermined,UNKNOWN_NEEDS_DECISION,contents not read: the reference tree was not available when this inventory was built,,
demo_library/showcase/07_RAILMOVE_SERVICE_CONCEPT_DEMO/RESPONDENT_DATABASE_DEMO.csv,demo_library/showcase/07_RAILMOVE_SERVICE_CONCEPT_DEMO/RESPONDENT_DATABASE_DEMO.csv,RESPONDENT_DATABASE_DEMO.csv,demo_library,.csv,csv_data_asset,f3f2feeba718fe0cd78f404f8ee091c013be6f9fbbc4ec551824413bdb959990,,,undetermined,UNKNOWN_NEEDS_DECISION,contents not read: the reference tree was not available when this inventory was built,,
demo_library/showcase/07_RAILMOVE_SERVICE_CONCEPT_DEMO/SHA256SUMS.txt,demo_library/showcase/07_RAILMOVE_SERVICE_CONCEPT_DEMO/SHA256SUMS.txt,SHA256SUMS.txt,demo_library,.txt,text,d600f0489a57ca8754123b34eecaf097e38bc73dde85847d160651339e2f4da6,,,undetermined,UNKNOWN_NEEDS_DECISION,contents not read: the reference tree was not available when this inventory was built,,
demo_library/showcase/07_RAILMOVE_SERVICE_CONCEPT_DEMO/analysis/ANALYSIS_01_EXECUTIVE.json,demo_library/showcase/07_RAILMOVE_SERVICE_CONCEPT_DEMO/analysis/ANALYSIS_01_EXECUTIVE.json,ANALYSIS_01_EXECUTIVE.json,demo_library,.json,json_data_or_config,ea7f7951a72d902b0d49e3ab4df00d677150c7b4e6f5dc935ffbbfb152a6bd61,,,undetermined,UNKNOWN_NEEDS_DECISION,contents not read: the reference tree was not available when this inventory was built,,
demo_library/showcase/07_RAILMOVE_SERVICE_CONCEPT_DEMO/analysis/ANALYSIS_02_RESEARCH_QUESTIONS.json,demo_library/showcase/07_RAILMOVE_SERVICE_CONCEPT_DEMO/analysis/ANALYSIS_02_RESEARCH_QUESTIONS.json,ANALYSIS_02_RESEARCH_QUESTIONS.json,demo_library,.json,json_data_or_config,b6355294be70fb5cceb0c55a7fca9c86b8346024966511b793a667c7de318ca8,,,undetermined,UNKNOWN_NEEDS_DECISION,contents not read: the reference tree was not available when this inventory was built,,
demo_library/showcase/07_RAILMOVE_SERVICE_CONCEPT_DEMO/analysis/ANALYSIS_03_OBJECTS.json,demo_library/showcase/07_RAILMOVE_SERVICE_CONCEPT_DEMO/analysis/ANALYSIS_03_OBJECTS.json,ANALYSIS_03_OBJECTS.json,demo_library,.json,json_data_or_config,a4c5fe639f0191e743435ce1c2e4e253efdc78d7723b41e3759a3184873744cf,,,undetermined,UNKNOWN_NEEDS_DECISION,contents not read: the reference tree was not available when this inventory was built,,
demo_library/showcase/07_RAILMOVE_SERVICE_CONCEPT_DEMO/analysis/ANALYSIS_04_AUDIENCE.json,demo_library/showcase/07_RAILMOVE_SERVICE_CONCEPT_DEMO/analysis/ANALYSIS_04_AUDIENCE.json,ANALYSIS_04_AUDIENCE.json,demo_library,.json,json_data_or_config,5c6691694e8981016f42fca725313539c87ba938c57ff79e7e182e743605d283,,,undetermined,UNKNOWN_NEEDS_DECISION,contents not read: the reference tree was not available when this inventory was built,,
demo_library/showcase/07_RAILMOVE_SERVICE_CONCEPT_DEMO/analysis/ANALYSIS_05_SEGMENTS.json,demo_library/showcase/07_RAILMOVE_SERVICE_CONCEPT_DEMO/analysis/ANALYSIS_05_SEGMENTS.json,ANALYSIS_05_SEGMENTS.json,demo_library,.json,json_data_or_config,6f21cd479c0b2bba97a112eea95d0fac0360c08ffd8de4ffa72506678a5b1db7,,,undetermined,UNKNOWN_NEEDS_DECISION,contents not read: the reference tree was not available when this inventory was built,,
demo_library/showcase/07_RAILMOVE_SERVICE_CONCEPT_DEMO/analysis/ANALYSIS_06_HYPOTHESES.json,demo_library/showcase/07_RAILMOVE_SERVICE_CONCEPT_DEMO/analysis/ANALYSIS_06_HYPOTHESES.json,ANALYSIS_06_HYPOTHESES.json,demo_library,.json,json_data_or_config,fd66ae160d8e4ba697df7eadb5ec13181256504f1f724f694d56384c540ff2c0,,,undetermined,UNKNOWN_NEEDS_DECISION,contents not read: the reference tree was not available when this inventory was built,,
demo_library/showcase/07_RAILMOVE_SERVICE_CONCEPT_DEMO/analysis/ANALYSIS_07_IMPLICATIONS.json,demo_library/showcase/07_RAILMOVE_SERVICE_CONCEPT_DEMO/analysis/ANALYSIS_07_IMPLICATIONS.json,ANALYSIS_07_IMPLICATIONS.json,demo_library,.json,json_data_or_config,57079fab41616108e958f23231d45f49657595135506c6c398656251e16b8e7c,,,undetermined,UNKNOWN_NEEDS_DECISION,contents not read: the reference tree was not available when this inventory was built,,
demo_library/showcase/07_RAILMOVE_SERVICE_CONCEPT_DEMO/analysis/ANALYSIS_08_LIMITATIONS.json,demo_library/showcase/07_RAILMOVE_SERVICE_CONCEPT_DEMO/analysis/ANALYSIS_08_LIMITATIONS.json,ANALYSIS_08_LIMITATIONS.json,demo_library,.json,json_data_or_config,5bc686559b49b8de1efc48e0b14d78ed9fc3a16c4a1ee44b0a119e5d91a35da7,,,undetermined,UNKNOWN_NEEDS_DECISION,contents not read: the reference tree was not available when this inventory was built,,
demo_library/showcase/07_RAILMOVE_SERVICE_CONCEPT_DEMO/demo_project_loader.py,demo_library/showcase/07_RAILMOVE_SERVICE_CONCEPT_DEMO/demo_project_loader.py,demo_project_loader.py,demo_library,.py,python_application_source,2979eebf0cfd39f1fd48cc692af08db06ebc370befa10ef9ecd70686892d6120,,,undetermined,UNKNOWN_NEEDS_DECISION,contents not read: the reference tree was not available when this inventory was built,,
demo_library/showcase/07_RAILMOVE_SERVICE_CONCEPT_DEMO/worlds/WORLD_1_BASE_DEMAND.json,demo_library/showcase/07_RAILMOVE_SERVICE_CONCEPT_DEMO/worlds/WORLD_1_BASE_DEMAND.json,WORLD_1_BASE_DEMAND.json,demo_library,.json,json_data_or_config,1b7f074b89faf69843f67a7cfbd2aca4f4f51fd30626f9c9b43c6e2a4e01c2b2,,,undetermined,UNKNOWN_NEEDS_DECISION,contents not read: the reference tree was not available when this inventory was built,,
demo_library/showcase/07_RAILMOVE_SERVICE_CONCEPT_DEMO/worlds/WORLD_2_FUEL_PRICE_UP.json,demo_library/showcase/07_RAILMOVE_SERVICE_CONCEPT_DEMO/worlds/WORLD_2_FUEL_PRICE_UP.json,WORLD_2_FUEL_PRICE_UP.json,demo_library,.json,json_data_or_config,6900a30ac7fed0a1491860e3e241643c27e4d6dfa3eacdad61cf6959306518ae,,,undetermined,UNKNOWN_NEEDS_DECISION,contents not read: the reference tree was not available when this inventory was built,,
demo_library/showcase/07_RAILMOVE_SERVICE_CONCEPT_DEMO/worlds/WORLD_3_REMOTE_WORK.json,demo_library/showcase/07_RAILMOVE_SERVICE_CONCEPT_DEMO/worlds/WORLD_3_REMOTE_WORK.json,WORLD_3_REMOTE_WORK.json,demo_library,.json,json_data_or_config,c083dd8db741376677c6d72f1fee1c25470b44ebb8c8842c88d400e7ee3c0465,,,undetermined,UNKNOWN_NEEDS_DECISION,contents not read: the reference tree was not available when this inventory was built,,
demo_library/showcase/07_RAILMOVE_SERVICE_CONCEPT_DEMO/worlds/WORLD_4_HIGH_COMMUTING.json,demo_library/showcase/07_RAILMOVE_SERVICE_CONCEPT_DEMO/worlds/WORLD_4_HIGH_COMMUTING.json,WORLD_4_HIGH_COMMUTING.json,demo_library,.json,json_data_or_config,c6c69462c17753db0f662e63818f0dccb07cb5ae67197a21f811779ba1872878,,,undetermined,UNKNOWN_NEEDS_DECISION,contents not read: the reference tree was not available when this inventory was built,,
demo_library/showcase/07_RAILMOVE_SERVICE_CONCEPT_DEMO/worlds/WORLD_5_PRICE_PRESSURE.json,demo_library/showcase/07_RAILMOVE_SERVICE_CONCEPT_DEMO/worlds/WORLD_5_PRICE_PRESSURE.json,WORLD_5_PRICE_PRESSURE.json,demo_library,.json,json_data_or_config,4ba34e1030bbd3827ab9d60031ad37556168784c40fd77ddaac147b4ca9c2478,,,undetermined,UNKNOWN_NEEDS_DECISION,contents not read: the reference tree was not available when this inventory was built,,
demo_library/showcase/07_RAILMOVE_SERVICE_CONCEPT_DEMO/worlds/WORLD_6_SERVICE_DISRUPTION.json,demo_library/showcase/07_RAILMOVE_SERVICE_CONCEPT_DEMO/worlds/WORLD_6_SERVICE_DISRUPTION.json,WORLD_6_SERVICE_DISRUPTION.json,demo_library,.json,json_data_or_config,30f65558e11689c7182f034c3a25b4b185ca2e70007f6eac149a41f4fb79dfda,,,undetermined,UNKNOWN_NEEDS_DECISION,contents not read: the reference tree was not available when this inventory was built,,
demo_library/showcase/07_RAILMOVE_SERVICE_CONCEPT_DEMO/worlds/WORLD_7_WEEKEND_GROWTH.json,demo_library/showcase/07_RAILMOVE_SERVICE_CONCEPT_DEMO/worlds/WORLD_7_WEEKEND_GROWTH.json,WORLD_7_WEEKEND_GROWTH.json,demo_library,.json,json_data_or_config,a7a000c9d5f139288fb15cce9702b045c89f5b6e0041e40102dc86775bca7072,,,undetermined,UNKNOWN_NEEDS_DECISION,contents not read: the reference tree was not available when this inventory was built,,
demo_library/showcase/07_RAILMOVE_SERVICE_CONCEPT_DEMO/worlds/WORLD_8_APP_ADOPTION.json,demo_library/showcase/07_RAILMOVE_SERVICE_CONCEPT_DEMO/worlds/WORLD_8_APP_ADOPTION.json,WORLD_8_APP_ADOPTION.json,demo_library,.json,json_data_or_config,d1c45b7c3b0add5231b38c76b57f68bd71a4a8930997d1ed5dceae3fee5b3686,,,undetermined,UNKNOWN_NEEDS_DECISION,contents not read: the reference tree was not available when this inventory was built,,
demo_library/showcase/08_EDUNOVA_PLATFORM_UX_DEMO/ACCEPTANCE_DEMO.json,demo_library/showcase/08_EDUNOVA_PLATFORM_UX_DEMO/ACCEPTANCE_DEMO.json,ACCEPTANCE_DEMO.json,demo_library,.json,methodology_or_policy,3ad84ef920a0cf93a13fae1a874bce3f759d9e47ca0f545cad3905a022115d73,,,undetermined,UNKNOWN_NEEDS_DECISION,contents not read: the reference tree was not available when this inventory was built,,
demo_library/showcase/08_EDUNOVA_PLATFORM_UX_DEMO/ARTIFACT_MANIFEST.json,demo_library/showcase/08_EDUNOVA_PLATFORM_UX_DEMO/ARTIFACT_MANIFEST.json,ARTIFACT_MANIFEST.json,demo_library,.json,json_data_or_config,a9790a39471d6f48c4f3186ff348d82dc5cb960d2dd244da2b5429e37ef3cd51,,,undetermined,UNKNOWN_NEEDS_DECISION,contents not read: the reference tree was not available when this inventory was built,,
demo_library/showcase/08_EDUNOVA_PLATFORM_UX_DEMO/AUDIENCE_DESIGN_DEMO.json,demo_library/showcase/08_EDUNOVA_PLATFORM_UX_DEMO/AUDIENCE_DESIGN_DEMO.json,AUDIENCE_DESIGN_DEMO.json,demo_library,.json,json_data_or_config,712cf57201690f21afe9206562c99818e1a082b9e29619962cce292f4317d21f,,,undetermined,UNKNOWN_NEEDS_DECISION,contents not read: the reference tree was not available when this inventory was built,,
demo_library/showcase/08_EDUNOVA_PLATFORM_UX_DEMO/DEMO_PREVIEW.html,demo_library/showcase/08_EDUNOVA_PLATFORM_UX_DEMO/DEMO_PREVIEW.html,DEMO_PREVIEW.html,demo_library,.html,frontend_html,1a09af02c670401199e457bf9a321bdbde3ec678e7e0fa31ebb4258b8bdee737,,,undetermined,UNKNOWN_NEEDS_DECISION,contents not read: the reference tree was not available when this inventory was built,,
demo_library/showcase/08_EDUNOVA_PLATFORM_UX_DEMO/DEMO_PROJECT_SEED.json,demo_library/showcase/08_EDUNOVA_PLATFORM_UX_DEMO/DEMO_PROJECT_SEED.json,DEMO_PROJECT_SEED.json,demo_library,.json,json_data_or_config,1d1818b583f4580be6d09789e17810a86f35cd841cfb8ccbc62fb41d3129b78e,,,undetermined,UNKNOWN_NEEDS_DECISION,contents not read: the reference tree was not available when this inventory was built,,
demo_library/showcase/08_EDUNOVA_PLATFORM_UX_DEMO/FINAL_CLIENT_REPORT_OVERVIEW.html,demo_library/showcase/08_EDUNOVA_PLATFORM_UX_DEMO/FINAL_CLIENT_REPORT_OVERVIEW.html,FINAL_CLIENT_REPORT_OVERVIEW.html,demo_library,.html,frontend_html,dc160e3270fc2c9eb3daee3aa3594928f05b271438f23af6600e5e8471ee4621,,,undetermined,UNKNOWN_NEEDS_DECISION,contents not read: the reference tree was not available when this inventory was built,,
demo_library/showcase/08_EDUNOVA_PLATFORM_UX_DEMO/IMPLEMENTACE_DO_PANELU.md,demo_library/showcase/08_EDUNOVA_PLATFORM_UX_DEMO/IMPLEMENTACE_DO_PANELU.md,IMPLEMENTACE_DO_PANELU.md,demo_library,.md,documentation,2e7eeea8228001d175bc91f0d71febc7c720f0727d06861cd2014f8696b90654,,,undetermined,UNKNOWN_NEEDS_DECISION,contents not read: the reference tree was not available when this inventory was built,,
demo_library/showcase/08_EDUNOVA_PLATFORM_UX_DEMO/OBJECTS_SOCIOMAP_DEMO.json,demo_library/showcase/08_EDUNOVA_PLATFORM_UX_DEMO/OBJECTS_SOCIOMAP_DEMO.json,OBJECTS_SOCIOMAP_DEMO.json,demo_library,.json,json_data_or_config,f0b68bea5abf0c557d869be2f9d966b3465582ed94ec7b190edd8f8b58f02039,,,undetermined,UNKNOWN_NEEDS_DECISION,contents not read: the reference tree was not available when this inventory was built,,
demo_library/showcase/08_EDUNOVA_PLATFORM_UX_DEMO/OBJECT_MAP_3D.html,demo_library/showcase/08_EDUNOVA_PLATFORM_UX_DEMO/OBJECT_MAP_3D.html,OBJECT_MAP_3D.html,demo_library,.html,frontend_html,bff8fafb7db21ce426ac4f307e21ee1d5dde499524865cbf564781470d4755c5,,,undetermined,UNKNOWN_NEEDS_DECISION,contents not read: the reference tree was not available when this inventory was built,,
demo_library/showcase/08_EDUNOVA_PLATFORM_UX_DEMO/PROJECT_HISTORY_DEMO.json,demo_library/showcase/08_EDUNOVA_PLATFORM_UX_DEMO/PROJECT_HISTORY_DEMO.json,PROJECT_HISTORY_DEMO.json,demo_library,.json,json_data_or_config,cbf03c587463eeb2fa80d18a18f0208155d5aa3f8058972d7e6937318cf3ccc8,,,undetermined,UNKNOWN_NEEDS_DECISION,contents not read: the reference tree was not available when this inventory was built,,
demo_library/showcase/08_EDUNOVA_PLATFORM_UX_DEMO/QUESTIONNAIRE_DEMO.json,demo_library/showcase/08_EDUNOVA_PLATFORM_UX_DEMO/QUESTIONNAIRE_DEMO.json,QUESTIONNAIRE_DEMO.json,demo_library,.json,json_data_or_config,000fe9eb130291267523a918053cc5352597d576fb76d0cfcab16eae000bfd9e,,,undetermined,UNKNOWN_NEEDS_DECISION,contents not read: the reference tree was not available when this inventory was built,,
demo_library/showcase/08_EDUNOVA_PLATFORM_UX_DEMO/REAL_OUTPUT_MANIFEST.json,demo_library/showcase/08_EDUNOVA_PLATFORM_UX_DEMO/REAL_OUTPUT_MANIFEST.json,REAL_OUTPUT_MANIFEST.json,demo_library,.json,json_data_or_config,4f7e32d0a7331d17cac36538d9a4b45bfa93528da82db559b031477e6c814847,,,undetermined,UNKNOWN_NEEDS_DECISION,contents not read: the reference tree was not available when this inventory was built,,
demo_library/showcase/08_EDUNOVA_PLATFORM_UX_DEMO/REPORT_TEXT_DEMO.md,demo_library/showcase/08_EDUNOVA_PLATFORM_UX_DEMO/REPORT_TEXT_DEMO.md,REPORT_TEXT_DEMO.md,demo_library,.md,documentation,b07df94eb8fcb7579fccfc3e3fe5808f3c0425280c576bdb7a671d34327ee254,,,undetermined,UNKNOWN_NEEDS_DECISION,contents not read: the reference tree was not available when this inventory was built,,
demo_library/showcase/08_EDUNOVA_PLATFORM_UX_DEMO/RESEARCH_DESIGN_DEMO.json,demo_library/showcase/08_EDUNOVA_PLATFORM_UX_DEMO/RESEARCH_DESIGN_DEMO.json,RESEARCH_DESIGN_DEMO.json,demo_library,.json,json_data_or_config,d3a8d24400258dd50fc9f358cbe651ee6a8762a3b7f197e4ae8d6f56d8524680,,,undetermined,UNKNOWN_NEEDS_DECISION,contents not read: the reference tree was not available when this inventory was built,,
demo_library/showcase/08_EDUNOVA_PLATFORM_UX_DEMO/RESPONDENT_DATABASE_DEMO.csv,demo_library/showcase/08_EDUNOVA_PLATFORM_UX_DEMO/RESPONDENT_DATABASE_DEMO.csv,RESPONDENT_DATABASE_DEMO.csv,demo_library,.csv,csv_data_asset,586def3b72dcc8889bd4fd08cf1e6803ec440fadfcf5e459f643bf98826f7979,,,undetermined,UNKNOWN_NEEDS_DECISION,contents not read: the reference tree was not available when this inventory was built,,
demo_library/showcase/08_EDUNOVA_PLATFORM_UX_DEMO/SHA256SUMS.txt,demo_library/showcase/08_EDUNOVA_PLATFORM_UX_DEMO/SHA256SUMS.txt,SHA256SUMS.txt,demo_library,.txt,text,8994ba377e5e482cef837e88be3792fcdc680d82ba6f807f18fde4186988f573,,,undetermined,UNKNOWN_NEEDS_DECISION,contents not read: the reference tree was not available when this inventory was built,,
demo_library/showcase/08_EDUNOVA_PLATFORM_UX_DEMO/analysis/ANALYSIS_01_EXECUTIVE.json,demo_library/showcase/08_EDUNOVA_PLATFORM_UX_DEMO/analysis/ANALYSIS_01_EXECUTIVE.json,ANALYSIS_01_EXECUTIVE.json,demo_library,.json,json_data_or_config,61eab206f7c80d11484804489255b82707c76cf6f33abe3340c1df2ab162ae97,,,undetermined,UNKNOWN_NEEDS_DECISION,contents not read: the reference tree was not available when this inventory was built,,
demo_library/showcase/08_EDUNOVA_PLATFORM_UX_DEMO/analysis/ANALYSIS_02_RESEARCH_QUESTIONS.json,demo_library/showcase/08_EDUNOVA_PLATFORM_UX_DEMO/analysis/ANALYSIS_02_RESEARCH_QUESTIONS.json,ANALYSIS_02_RESEARCH_QUESTIONS.json,demo_library,.json,json_data_or_config,4caf25ea7c2019fd5dba6d36143120a8d1d279c7a70377e7cf754264857cbfff,,,undetermined,UNKNOWN_NEEDS_DECISION,contents not read: the reference tree was not available when this inventory was built,,
demo_library/showcase/08_EDUNOVA_PLATFORM_UX_DEMO/analysis/ANALYSIS_03_OBJECTS.json,demo_library/showcase/08_EDUNOVA_PLATFORM_UX_DEMO/analysis/ANALYSIS_03_OBJECTS.json,ANALYSIS_03_OBJECTS.json,demo_library,.json,json_data_or_config,f906cac08a801d953682ad2b4cd450f98c7db03d1c6f199c658280ce98066631,,,undetermined,UNKNOWN_NEEDS_DECISION,contents not read: the reference tree was not available when this inventory was built,,
demo_library/showcase/08_EDUNOVA_PLATFORM_UX_DEMO/analysis/ANALYSIS_04_AUDIENCE.json,demo_library/showcase/08_EDUNOVA_PLATFORM_UX_DEMO/analysis/ANALYSIS_04_AUDIENCE.json,ANALYSIS_04_AUDIENCE.json,demo_library,.json,json_data_or_config,36cabe6228930da9b8efc2b9cb6c54fa7d1cc44d84346647d39d6b526ecad2b8,,,undetermined,UNKNOWN_NEEDS_DECISION,contents not read: the reference tree was not available when this inventory was built,,
demo_library/showcase/08_EDUNOVA_PLATFORM_UX_DEMO/analysis/ANALYSIS_05_SEGMENTS.json,demo_library/showcase/08_EDUNOVA_PLATFORM_UX_DEMO/analysis/ANALYSIS_05_SEGMENTS.json,ANALYSIS_05_SEGMENTS.json,demo_library,.json,json_data_or_config,73b78c14bb941619bd281583b8cd73221b2d2226dd1b75a2269ee539962de880,,,undetermined,UNKNOWN_NEEDS_DECISION,contents not read: the reference tree was not available when this inventory was built,,
demo_library/showcase/08_EDUNOVA_PLATFORM_UX_DEMO/analysis/ANALYSIS_06_HYPOTHESES.json,demo_library/showcase/08_EDUNOVA_PLATFORM_UX_DEMO/analysis/ANALYSIS_06_HYPOTHESES.json,ANALYSIS_06_HYPOTHESES.json,demo_library,.json,json_data_or_config,fd66ae160d8e4ba697df7eadb5ec13181256504f1f724f694d56384c540ff2c0,,,undetermined,UNKNOWN_NEEDS_DECISION,contents not read: the reference tree was not available when this inventory was built,,
demo_library/showcase/08_EDUNOVA_PLATFORM_UX_DEMO/analysis/ANALYSIS_07_IMPLICATIONS.json,demo_library/showcase/08_EDUNOVA_PLATFORM_UX_DEMO/analysis/ANALYSIS_07_IMPLICATIONS.json,ANALYSIS_07_IMPLICATIONS.json,demo_library,.json,json_data_or_config,b205e752fcb9fbd8ca50c7e34062acdc9a5c9a12fc3f733b304b0e7eab4bf117,,,undetermined,UNKNOWN_NEEDS_DECISION,contents not read: the reference tree was not available when this inventory was built,,
demo_library/showcase/08_EDUNOVA_PLATFORM_UX_DEMO/analysis/ANALYSIS_08_LIMITATIONS.json,demo_library/showcase/08_EDUNOVA_PLATFORM_UX_DEMO/analysis/ANALYSIS_08_LIMITATIONS.json,ANALYSIS_08_LIMITATIONS.json,demo_library,.json,json_data_or_config,8512a3d7be78b196989e2487b010ccf81817045fb0c842c1041fcb768463d1fb,,,undetermined,UNKNOWN_NEEDS_DECISION,contents not read: the reference tree was not available when this inventory was built,,
demo_library/showcase/08_EDUNOVA_PLATFORM_UX_DEMO/demo_project_loader.py,demo_library/showcase/08_EDUNOVA_PLATFORM_UX_DEMO/demo_project_loader.py,demo_project_loader.py,demo_library,.py,python_application_source,ca78c99a9fd8c8c9b790e6164d70a0d60dd519ca4cf42376571e0e8204ebb86a,,,undetermined,UNKNOWN_NEEDS_DECISION,contents not read: the reference tree was not available when this inventory was built,,
demo_library/showcase/08_EDUNOVA_PLATFORM_UX_DEMO/worlds/WORLD_1_BASE_LEARNERS.json,demo_library/showcase/08_EDUNOVA_PLATFORM_UX_DEMO/worlds/WORLD_1_BASE_LEARNERS.json,WORLD_1_BASE_LEARNERS.json,demo_library,.json,json_data_or_config,4e76bb429907457769813205b6b4c082b43bc8cd314af7f5b388d7bee4cdaca9,,,undetermined,UNKNOWN_NEEDS_DECISION,contents not read: the reference tree was not available when this inventory was built,,
demo_library/showcase/08_EDUNOVA_PLATFORM_UX_DEMO/worlds/WORLD_2_EXAM_SEASON.json,demo_library/showcase/08_EDUNOVA_PLATFORM_UX_DEMO/worlds/WORLD_2_EXAM_SEASON.json,WORLD_2_EXAM_SEASON.json,demo_library,.json,json_data_or_config,34ae2940797d8eb9b389fd626921d5e3dec866fa9a24b8314f4df3c48314982f,,,undetermined,UNKNOWN_NEEDS_DECISION,contents not read: the reference tree was not available when this inventory was built,,
demo_library/showcase/08_EDUNOVA_PLATFORM_UX_DEMO/worlds/WORLD_3_AI_ENTHUSIASM.json,demo_library/showcase/08_EDUNOVA_PLATFORM_UX_DEMO/worlds/WORLD_3_AI_ENTHUSIASM.json,WORLD_3_AI_ENTHUSIASM.json,demo_library,.json,json_data_or_config,62eb1839200d3555fddf26385ff0d9e7054da0727cddec701494c5543bd9671b,,,undetermined,UNKNOWN_NEEDS_DECISION,contents not read: the reference tree was not available when this inventory was built,,
demo_library/showcase/08_EDUNOVA_PLATFORM_UX_DEMO/worlds/WORLD_4_AI_SKEPTICISM.json,demo_library/showcase/08_EDUNOVA_PLATFORM_UX_DEMO/worlds/WORLD_4_AI_SKEPTICISM.json,WORLD_4_AI_SKEPTICISM.json,demo_library,.json,json_data_or_config,5646b2ab1c961edc4220fa583a8fdd2a284ff5bc26e98cb5f80276628234b16e,,,undetermined,UNKNOWN_NEEDS_DECISION,contents not read: the reference tree was not available when this inventory was built,,
demo_library/showcase/08_EDUNOVA_PLATFORM_UX_DEMO/worlds/WORLD_5_LOW_MOTIVATION.json,demo_library/showcase/08_EDUNOVA_PLATFORM_UX_DEMO/worlds/WORLD_5_LOW_MOTIVATION.json,WORLD_5_LOW_MOTIVATION.json,demo_library,.json,json_data_or_config,3903f4a1252edb9d12aa0005402a391e6a4da0fdd389a2cbb60974db77a60fbf,,,undetermined,UNKNOWN_NEEDS_DECISION,contents not read: the reference tree was not available when this inventory was built,,
demo_library/showcase/08_EDUNOVA_PLATFORM_UX_DEMO/worlds/WORLD_6_PARENT_INFLUENCE.json,demo_library/showcase/08_EDUNOVA_PLATFORM_UX_DEMO/worlds/WORLD_6_PARENT_INFLUENCE.json,WORLD_6_PARENT_INFLUENCE.json,demo_library,.json,json_data_or_config,027ea1f0377ae1553a63cfaaf8f9a8b8b7bd0c1294c3bd10fb71e3486f80dbe4,,,undetermined,UNKNOWN_NEEDS_DECISION,contents not read: the reference tree was not available when this inventory was built,,
demo_library/showcase/08_EDUNOVA_PLATFORM_UX_DEMO/worlds/WORLD_7_ADULT_LEARNERS.json,demo_library/showcase/08_EDUNOVA_PLATFORM_UX_DEMO/worlds/WORLD_7_ADULT_LEARNERS.json,WORLD_7_ADULT_LEARNERS.json,demo_library,.json,json_data_or_config,c8b076214e599e44db958ad02798a0f37598bf34a53cf8ea681145d72e51afc6,,,undetermined,UNKNOWN_NEEDS_DECISION,contents not read: the reference tree was not available when this inventory was built,,
demo_library/showcase/08_EDUNOVA_PLATFORM_UX_DEMO/worlds/WORLD_8_GAMIFICATION_TREND.json,demo_library/showcase/08_EDUNOVA_PLATFORM_UX_DEMO/worlds/WORLD_8_GAMIFICATION_TREND.json,WORLD_8_GAMIFICATION_TREND.json,demo_library,.json,json_data_or_config,db58879c93182f6ba8cf6053a487780dbe89e80dbd4f259cbe2336d5b0ea9fdd,,,undetermined,UNKNOWN_NEEDS_DECISION,contents not read: the reference tree was not available when this inventory was built,,
demo_library/showcase/09_STREAMIO_BRAND_CONTENT_DEMO/ACCEPTANCE_DEMO.json,demo_library/showcase/09_STREAMIO_BRAND_CONTENT_DEMO/ACCEPTANCE_DEMO.json,ACCEPTANCE_DEMO.json,demo_library,.json,methodology_or_policy,177c4ca09580a1fd8b53622f18cb02e3f7c3ff45047631d214c431a6339545e4,,,undetermined,UNKNOWN_NEEDS_DECISION,contents not read: the reference tree was not available when this inventory was built,,
demo_library/showcase/09_STREAMIO_BRAND_CONTENT_DEMO/ARTIFACT_MANIFEST.json,demo_library/showcase/09_STREAMIO_BRAND_CONTENT_DEMO/ARTIFACT_MANIFEST.json,ARTIFACT_MANIFEST.json,demo_library,.json,json_data_or_config,909ef417fdd20205b701b72f5b4bcf4f81cacc8cf389d91a2faf43a22e8a0805,,,undetermined,UNKNOWN_NEEDS_DECISION,contents not read: the reference tree was not available when this inventory was built,,
demo_library/showcase/09_STREAMIO_BRAND_CONTENT_DEMO/AUDIENCE_DESIGN_DEMO.json,demo_library/showcase/09_STREAMIO_BRAND_CONTENT_DEMO/AUDIENCE_DESIGN_DEMO.json,AUDIENCE_DESIGN_DEMO.json,demo_library,.json,json_data_or_config,5971ef72c9004483f5b89aa24588d4895e822b7900acc178bff007a3351e2204,,,undetermined,UNKNOWN_NEEDS_DECISION,contents not read: the reference tree was not available when this inventory was built,,
demo_library/showcase/09_STREAMIO_BRAND_CONTENT_DEMO/DEMO_PREVIEW.html,demo_library/showcase/09_STREAMIO_BRAND_CONTENT_DEMO/DEMO_PREVIEW.html,DEMO_PREVIEW.html,demo_library,.html,frontend_html,13e7c164fa36f50e38d861897e66a86773ecedf909fe40faf4a568d17b6288d9,,,undetermined,UNKNOWN_NEEDS_DECISION,contents not read: the reference tree was not available when this inventory was built,,
demo_library/showcase/09_STREAMIO_BRAND_CONTENT_DEMO/DEMO_PROJECT_SEED.json,demo_library/showcase/09_STREAMIO_BRAND_CONTENT_DEMO/DEMO_PROJECT_SEED.json,DEMO_PROJECT_SEED.json,demo_library,.json,json_data_or_config,98120dc07e71685cd211fc9b68be2ec8687d4b959b486aa5885458ad18ebf1b5,,,undetermined,UNKNOWN_NEEDS_DECISION,contents not read: the reference tree was not available when this inventory was built,,
demo_library/showcase/09_STREAMIO_BRAND_CONTENT_DEMO/FINAL_CLIENT_REPORT_OVERVIEW.html,demo_library/showcase/09_STREAMIO_BRAND_CONTENT_DEMO/FINAL_CLIENT_REPORT_OVERVIEW.html,FINAL_CLIENT_REPORT_OVERVIEW.html,demo_library,.html,frontend_html,6bb11a5f4840978546f8e5944cf25075273578a1b2cbf6a28b0bf63ffd1dc746,,,undetermined,UNKNOWN_NEEDS_DECISION,contents not read: the reference tree was not available when this inventory was built,,
demo_library/showcase/09_STREAMIO_BRAND_CONTENT_DEMO/IMPLEMENTACE_DO_PANELU.md,demo_library/showcase/09_STREAMIO_BRAND_CONTENT_DEMO/IMPLEMENTACE_DO_PANELU.md,IMPLEMENTACE_DO_PANELU.md,demo_library,.md,documentation,b98c80857d48c96d283b7d917f362b954a22d06d21841d923c028890e2e990d4,,,undetermined,UNKNOWN_NEEDS_DECISION,contents not read: the reference tree was not available when this inventory was built,,
demo_library/showcase/09_STREAMIO_BRAND_CONTENT_DEMO/OBJECTS_SOCIOMAP_DEMO.json,demo_library/showcase/09_STREAMIO_BRAND_CONTENT_DEMO/OBJECTS_SOCIOMAP_DEMO.json,OBJECTS_SOCIOMAP_DEMO.json,demo_library,.json,json_data_or_config,8f8ee832d9a4a6ef514bad8a0629cf6560acee188b9ee51639469b22b207b137,,,undetermined,UNKNOWN_NEEDS_DECISION,contents not read: the reference tree was not available when this inventory was built,,
demo_library/showcase/09_STREAMIO_BRAND_CONTENT_DEMO/OBJECT_MAP_3D.html,demo_library/showcase/09_STREAMIO_BRAND_CONTENT_DEMO/OBJECT_MAP_3D.html,OBJECT_MAP_3D.html,demo_library,.html,frontend_html,3c6ba1e59f1d5a473492bcffbf1a3db3dff0c62fe4f9a08b16d113ac8fe81c77,,,undetermined,UNKNOWN_NEEDS_DECISION,contents not read: the reference tree was not available when this inventory was built,,
demo_library/showcase/09_STREAMIO_BRAND_CONTENT_DEMO/PROJECT_HISTORY_DEMO.json,demo_library/showcase/09_STREAMIO_BRAND_CONTENT_DEMO/PROJECT_HISTORY_DEMO.json,PROJECT_HISTORY_DEMO.json,demo_library,.json,json_data_or_config,cbf03c587463eeb2fa80d18a18f0208155d5aa3f8058972d7e6937318cf3ccc8,,,undetermined,UNKNOWN_NEEDS_DECISION,contents not read: the reference tree was not available when this inventory was built,,
demo_library/showcase/09_STREAMIO_BRAND_CONTENT_DEMO/QUESTIONNAIRE_DEMO.json,demo_library/showcase/09_STREAMIO_BRAND_CONTENT_DEMO/QUESTIONNAIRE_DEMO.json,QUESTIONNAIRE_DEMO.json,demo_library,.json,json_data_or_config,273764a92fdbd3a8c49ffe25bdf81d8fabe9d0afcd30915bd037fe03fd28c355,,,undetermined,UNKNOWN_NEEDS_DECISION,contents not read: the reference tree was not available when this inventory was built,,
demo_library/showcase/09_STREAMIO_BRAND_CONTENT_DEMO/REAL_OUTPUT_MANIFEST.json,demo_library/showcase/09_STREAMIO_BRAND_CONTENT_DEMO/REAL_OUTPUT_MANIFEST.json,REAL_OUTPUT_MANIFEST.json,demo_library,.json,json_data_or_config,47a253f0101d97e629ee7b0b3ced0f210f66acd838b8fa10c302ac273ed0c130,,,undetermined,UNKNOWN_NEEDS_DECISION,contents not read: the reference tree was not available when this inventory was built,,
demo_library/showcase/09_STREAMIO_BRAND_CONTENT_DEMO/REPORT_TEXT_DEMO.md,demo_library/showcase/09_STREAMIO_BRAND_CONTENT_DEMO/REPORT_TEXT_DEMO.md,REPORT_TEXT_DEMO.md,demo_library,.md,documentation,a52d09a94115a017d7ad76c913b57c8261a7e640bbbe6aad0b54918b80a75f0e,,,undetermined,UNKNOWN_NEEDS_DECISION,contents not read: the reference tree was not available when this inventory was built,,
demo_library/showcase/09_STREAMIO_BRAND_CONTENT_DEMO/RESEARCH_DESIGN_DEMO.json,demo_library/showcase/09_STREAMIO_BRAND_CONTENT_DEMO/RESEARCH_DESIGN_DEMO.json,RESEARCH_DESIGN_DEMO.json,demo_library,.json,json_data_or_config,9acd9f72f66c5653a89f8514258a530bc1b04bd4077173d4b3c6e8d1b42b20d8,,,undetermined,UNKNOWN_NEEDS_DECISION,contents not read: the reference tree was not available when this inventory was built,,
demo_library/showcase/09_STREAMIO_BRAND_CONTENT_DEMO/RESPONDENT_DATABASE_DEMO.csv,demo_library/showcase/09_STREAMIO_BRAND_CONTENT_DEMO/RESPONDENT_DATABASE_DEMO.csv,RESPONDENT_DATABASE_DEMO.csv,demo_library,.csv,csv_data_asset,6964ea2af05b497eb8bb3d9e612f3a77d599b3ec6c6db34b24851cbe4125053d,,,undetermined,UNKNOWN_NEEDS_DECISION,contents not read: the reference tree was not available when this inventory was built,,
demo_library/showcase/09_STREAMIO_BRAND_CONTENT_DEMO/SHA256SUMS.txt,demo_library/showcase/09_STREAMIO_BRAND_CONTENT_DEMO/SHA256SUMS.txt,SHA256SUMS.txt,demo_library,.txt,text,ad45832bb2f1f72eacc10d44dc3b9bb1582a239fd21307dee39ea1eb21a9f265,,,undetermined,UNKNOWN_NEEDS_DECISION,contents not read: the reference tree was not available when this inventory was built,,
demo_library/showcase/09_STREAMIO_BRAND_CONTENT_DEMO/analysis/ANALYSIS_01_EXECUTIVE.json,demo_library/showcase/09_STREAMIO_BRAND_CONTENT_DEMO/analysis/ANALYSIS_01_EXECUTIVE.json,ANALYSIS_01_EXECUTIVE.json,demo_library,.json,json_data_or_config,34051761588eede7112d4cadaed90e2b85cc9d619bf176b01030d8e2a4697428,,,undetermined,UNKNOWN_NEEDS_DECISION,contents not read: the reference tree was not available when this inventory was built,,
demo_library/showcase/09_STREAMIO_BRAND_CONTENT_DEMO/analysis/ANALYSIS_02_RESEARCH_QUESTIONS.json,demo_library/showcase/09_STREAMIO_BRAND_CONTENT_DEMO/analysis/ANALYSIS_02_RESEARCH_QUESTIONS.json,ANALYSIS_02_RESEARCH_QUESTIONS.json,demo_library,.json,json_data_or_config,ff0ff3cdacad2c06faec8bc5ca675e15bf384831f5afe4ee8de307332cfc74b7,,,undetermined,UNKNOWN_NEEDS_DECISION,contents not read: the reference tree was not available when this inventory was built,,
demo_library/showcase/09_STREAMIO_BRAND_CONTENT_DEMO/analysis/ANALYSIS_03_OBJECTS.json,demo_library/showcase/09_STREAMIO_BRAND_CONTENT_DEMO/analysis/ANALYSIS_03_OBJECTS.json,ANALYSIS_03_OBJECTS.json,demo_library,.json,json_data_or_config,f3f46c2b1eb0d3378ae1dbbcab18d335c224e4c3a72a0f9d467947e08873b7be,,,undetermined,UNKNOWN_NEEDS_DECISION,contents not read: the reference tree was not available when this inventory was built,,
demo_library/showcase/09_STREAMIO_BRAND_CONTENT_DEMO/analysis/ANALYSIS_04_AUDIENCE.json,demo_library/showcase/09_STREAMIO_BRAND_CONTENT_DEMO/analysis/ANALYSIS_04_AUDIENCE.json,ANALYSIS_04_AUDIENCE.json,demo_library,.json,json_data_or_config,94b31807c17cb385691a437f143d5a8e744c2257b63a496b8516c7f01cf0cdba,,,undetermined,UNKNOWN_NEEDS_DECISION,contents not read: the reference tree was not available when this inventory was built,,
demo_library/showcase/09_STREAMIO_BRAND_CONTENT_DEMO/analysis/ANALYSIS_05_SEGMENTS.json,demo_library/showcase/09_STREAMIO_BRAND_CONTENT_DEMO/analysis/ANALYSIS_05_SEGMENTS.json,ANALYSIS_05_SEGMENTS.json,demo_library,.json,json_data_or_config,57f54e6871da435deb5bf8c30545068472ad04f1a20770c83b7b82700b81d3bb,,,undetermined,UNKNOWN_NEEDS_DECISION,contents not read: the reference tree was not available when this inventory was built,,
demo_library/showcase/09_STREAMIO_BRAND_CONTENT_DEMO/analysis/ANALYSIS_06_HYPOTHESES.json,demo_library/showcase/09_STREAMIO_BRAND_CONTENT_DEMO/analysis/ANALYSIS_06_HYPOTHESES.json,ANALYSIS_06_HYPOTHESES.json,demo_library,.json,json_data_or_config,fd66ae160d8e4ba697df7eadb5ec13181256504f1f724f694d56384c540ff2c0,,,undetermined,UNKNOWN_NEEDS_DECISION,contents not read: the reference tree was not available when this inventory was built,,
demo_library/showcase/09_STREAMIO_BRAND_CONTENT_DEMO/analysis/ANALYSIS_07_IMPLICATIONS.json,demo_library/showcase/09_STREAMIO_BRAND_CONTENT_DEMO/analysis/ANALYSIS_07_IMPLICATIONS.json,ANALYSIS_07_IMPLICATIONS.json,demo_library,.json,json_data_or_config,9d070e7646f250e9ae497d92544405f2ece2142f7e19b930b278f4b5db65795c,,,undetermined,UNKNOWN_NEEDS_DECISION,contents not read: the reference tree was not available when this inventory was built,,
demo_library/showcase/09_STREAMIO_BRAND_CONTENT_DEMO/analysis/ANALYSIS_08_LIMITATIONS.json,demo_library/showcase/09_STREAMIO_BRAND_CONTENT_DEMO/analysis/ANALYSIS_08_LIMITATIONS.json,ANALYSIS_08_LIMITATIONS.json,demo_library,.json,json_data_or_config,8e062c40f7db618d8a35f26aa454c166fe2f333d9bf3edd044f6935b4831d4e3,,,undetermined,UNKNOWN_NEEDS_DECISION,contents not read: the reference tree was not available when this inventory was built,,
demo_library/showcase/09_STREAMIO_BRAND_CONTENT_DEMO/demo_project_loader.py,demo_library/showcase/09_STREAMIO_BRAND_CONTENT_DEMO/demo_project_loader.py,demo_project_loader.py,demo_library,.py,python_application_source,ab323968ff606589a77fb24d893e449725059e84498ce10669c861296ff04b95,,,undetermined,UNKNOWN_NEEDS_DECISION,contents not read: the reference tree was not available when this inventory was built,,
demo_library/showcase/09_STREAMIO_BRAND_CONTENT_DEMO/worlds/WORLD_1_BASE_STREAMING.json,demo_library/showcase/09_STREAMIO_BRAND_CONTENT_DEMO/worlds/WORLD_1_BASE_STREAMING.json,WORLD_1_BASE_STREAMING.json,demo_library,.json,json_data_or_config,034b4ac11525be7ccc062747bc146df6fc61ba6d90d08d84f18d14403a9cf9a2,,,undetermined,UNKNOWN_NEEDS_DECISION,contents not read: the reference tree was not available when this inventory was built,,
demo_library/showcase/09_STREAMIO_BRAND_CONTENT_DEMO/worlds/WORLD_2_LOCAL_HIT_YEAR.json,demo_library/showcase/09_STREAMIO_BRAND_CONTENT_DEMO/worlds/WORLD_2_LOCAL_HIT_YEAR.json,WORLD_2_LOCAL_HIT_YEAR.json,demo_library,.json,json_data_or_config,aeb2285f857bfd604d4dd9a31506b822c1ee6c94cc1c315b694087ae4866c84a,,,undetermined,UNKNOWN_NEEDS_DECISION,contents not read: the reference tree was not available when this inventory was built,,
demo_library/showcase/09_STREAMIO_BRAND_CONTENT_DEMO/worlds/WORLD_3_GLOBAL_FRANCHISE_BOOM.json,demo_library/showcase/09_STREAMIO_BRAND_CONTENT_DEMO/worlds/WORLD_3_GLOBAL_FRANCHISE_BOOM.json,WORLD_3_GLOBAL_FRANCHISE_BOOM.json,demo_library,.json,json_data_or_config,921410f58ced7ca6e4151c16f3d88137798c6c4d5c4cb5e8f09bcb6dbc323bc3,,,undetermined,UNKNOWN_NEEDS_DECISION,contents not read: the reference tree was not available when this inventory was built,,
demo_library/showcase/09_STREAMIO_BRAND_CONTENT_DEMO/worlds/WORLD_4_SUBSCRIPTION_SQUEEZE.json,demo_library/showcase/09_STREAMIO_BRAND_CONTENT_DEMO/worlds/WORLD_4_SUBSCRIPTION_SQUEEZE.json,WORLD_4_SUBSCRIPTION_SQUEEZE.json,demo_library,.json,json_data_or_config,16461f1780a825f9d2838a259da5aa8fecc477597506e1a4fb88bdddb83e45ac,,,undetermined,UNKNOWN_NEEDS_DECISION,contents not read: the reference tree was not available when this inventory was built,,
demo_library/showcase/09_STREAMIO_BRAND_CONTENT_DEMO/worlds/WORLD_5_AD_TIER_GROWTH.json,demo_library/showcase/09_STREAMIO_BRAND_CONTENT_DEMO/worlds/WORLD_5_AD_TIER_GROWTH.json,WORLD_5_AD_TIER_GROWTH.json,demo_library,.json,json_data_or_config,e138674074d67a358b5a12f6809da6af6bb236e4fb92debe9319bdb9ab66193e,,,undetermined,UNKNOWN_NEEDS_DECISION,contents not read: the reference tree was not available when this inventory was built,,
demo_library/showcase/09_STREAMIO_BRAND_CONTENT_DEMO/worlds/WORLD_6_CHOICE_OVERLOAD_UP.json,demo_library/showcase/09_STREAMIO_BRAND_CONTENT_DEMO/worlds/WORLD_6_CHOICE_OVERLOAD_UP.json,WORLD_6_CHOICE_OVERLOAD_UP.json,demo_library,.json,json_data_or_config,8ee612acbc507358ae55575145ccbdca2c71afc71339177169d03db529708c50,,,undetermined,UNKNOWN_NEEDS_DECISION,contents not read: the reference tree was not available when this inventory was built,,
demo_library/showcase/09_STREAMIO_BRAND_CONTENT_DEMO/worlds/WORLD_7_FAMILY_VIEWING.json,demo_library/showcase/09_STREAMIO_BRAND_CONTENT_DEMO/worlds/WORLD_7_FAMILY_VIEWING.json,WORLD_7_FAMILY_VIEWING.json,demo_library,.json,json_data_or_config,28c8085eec0aa2e5071502ef3585c6967e8b0548c6ff3441551a84547819772f,,,undetermined,UNKNOWN_NEEDS_DECISION,contents not read: the reference tree was not available when this inventory was built,,
demo_library/showcase/09_STREAMIO_BRAND_CONTENT_DEMO/worlds/WORLD_8_LIGHT_USERS.json,demo_library/showcase/09_STREAMIO_BRAND_CONTENT_DEMO/worlds/WORLD_8_LIGHT_USERS.json,WORLD_8_LIGHT_USERS.json,demo_library,.json,json_data_or_config,a6e72f999ddda593abf18067e78e7e93a856ceb04f16f92a4f65158c8caca0a9,,,undetermined,UNKNOWN_NEEDS_DECISION,contents not read: the reference tree was not available when this inventory was built,,
demo_library/showcase/10_GREENHOME_TARIFF_DEMO/ACCEPTANCE_DEMO.json,demo_library/showcase/10_GREENHOME_TARIFF_DEMO/ACCEPTANCE_DEMO.json,ACCEPTANCE_DEMO.json,demo_library,.json,methodology_or_policy,21fddf7af1018e854ba6435e08cc5f14e9dba823f4f41e704c0d74f256bf8b03,,,undetermined,UNKNOWN_NEEDS_DECISION,contents not read: the reference tree was not available when this inventory was built,,
demo_library/showcase/10_GREENHOME_TARIFF_DEMO/ARTIFACT_MANIFEST.json,demo_library/showcase/10_GREENHOME_TARIFF_DEMO/ARTIFACT_MANIFEST.json,ARTIFACT_MANIFEST.json,demo_library,.json,json_data_or_config,372314612d4bf48e3e8181af5da4de6800ab6d56298661915a3c5895e115ca71,,,undetermined,UNKNOWN_NEEDS_DECISION,contents not read: the reference tree was not available when this inventory was built,,
demo_library/showcase/10_GREENHOME_TARIFF_DEMO/AUDIENCE_DESIGN_DEMO.json,demo_library/showcase/10_GREENHOME_TARIFF_DEMO/AUDIENCE_DESIGN_DEMO.json,AUDIENCE_DESIGN_DEMO.json,demo_library,.json,json_data_or_config,0931f86534b8f312607450344e28e9467255811159718b912077f90e088684ee,,,undetermined,UNKNOWN_NEEDS_DECISION,contents not read: the reference tree was not available when this inventory was built,,
demo_library/showcase/10_GREENHOME_TARIFF_DEMO/DEMO_PREVIEW.html,demo_library/showcase/10_GREENHOME_TARIFF_DEMO/DEMO_PREVIEW.html,DEMO_PREVIEW.html,demo_library,.html,frontend_html,ab6c85382e1f8975aad22d0363d11d3db30b3ab5fb67c1171b471fe2ad0c95eb,,,undetermined,UNKNOWN_NEEDS_DECISION,contents not read: the reference tree was not available when this inventory was built,,
demo_library/showcase/10_GREENHOME_TARIFF_DEMO/DEMO_PROJECT_SEED.json,demo_library/showcase/10_GREENHOME_TARIFF_DEMO/DEMO_PROJECT_SEED.json,DEMO_PROJECT_SEED.json,demo_library,.json,json_data_or_config,c22d49d986c9240f44f323910e09da8516f1df9383ab8e94ff6d904435dca32c,,,undetermined,UNKNOWN_NEEDS_DECISION,contents not read: the reference tree was not available when this inventory was built,,
demo_library/showcase/10_GREENHOME_TARIFF_DEMO/FINAL_CLIENT_REPORT_OVERVIEW.html,demo_library/showcase/10_GREENHOME_TARIFF_DEMO/FINAL_CLIENT_REPORT_OVERVIEW.html,FINAL_CLIENT_REPORT_OVERVIEW.html,demo_library,.html,frontend_html,e72696f35671649bc7460c8b588c2e97421ca6cd4de0e453adc1768be15b23cc,,,undetermined,UNKNOWN_NEEDS_DECISION,contents not read: the reference tree was not available when this inventory was built,,
demo_library/showcase/10_GREENHOME_TARIFF_DEMO/IMPLEMENTACE_DO_PANELU.md,demo_library/showcase/10_GREENHOME_TARIFF_DEMO/IMPLEMENTACE_DO_PANELU.md,IMPLEMENTACE_DO_PANELU.md,demo_library,.md,documentation,2053a58b6560171391d7e6fc67d4231e349df31ea1a1dde7d6804052145e495e,,,undetermined,UNKNOWN_NEEDS_DECISION,contents not read: the reference tree was not available when this inventory was built,,
demo_library/showcase/10_GREENHOME_TARIFF_DEMO/OBJECTS_SOCIOMAP_DEMO.json,demo_library/showcase/10_GREENHOME_TARIFF_DEMO/OBJECTS_SOCIOMAP_DEMO.json,OBJECTS_SOCIOMAP_DEMO.json,demo_library,.json,json_data_or_config,6904c05ecd5005810d7ede9af44dafc0cb96b98e53dc2efe70ee3d481b622008,,,undetermined,UNKNOWN_NEEDS_DECISION,contents not read: the reference tree was not available when this inventory was built,,
demo_library/showcase/10_GREENHOME_TARIFF_DEMO/OBJECT_MAP_3D.html,demo_library/showcase/10_GREENHOME_TARIFF_DEMO/OBJECT_MAP_3D.html,OBJECT_MAP_3D.html,demo_library,.html,frontend_html,23204709d4ddd545a0879c50bb552a090c1a494733659cd4e5c02b29790ab2db,,,undetermined,UNKNOWN_NEEDS_DECISION,contents not read: the reference tree was not available when this inventory was built,,
demo_library/showcase/10_GREENHOME_TARIFF_DEMO/PROJECT_HISTORY_DEMO.json,demo_library/showcase/10_GREENHOME_TARIFF_DEMO/PROJECT_HISTORY_DEMO.json,PROJECT_HISTORY_DEMO.json,demo_library,.json,json_data_or_config,cbf03c587463eeb2fa80d18a18f0208155d5aa3f8058972d7e6937318cf3ccc8,,,undetermined,UNKNOWN_NEEDS_DECISION,contents not read: the reference tree was not available when this inventory was built,,
demo_library/showcase/10_GREENHOME_TARIFF_DEMO/QUESTIONNAIRE_DEMO.json,demo_library/showcase/10_GREENHOME_TARIFF_DEMO/QUESTIONNAIRE_DEMO.json,QUESTIONNAIRE_DEMO.json,demo_library,.json,json_data_or_config,1101354fdf636572358d4e2970e9d0453e0132cb2d92875947d9d03251cecf71,,,undetermined,UNKNOWN_NEEDS_DECISION,contents not read: the reference tree was not available when this inventory was built,,
demo_library/showcase/10_GREENHOME_TARIFF_DEMO/REAL_OUTPUT_MANIFEST.json,demo_library/showcase/10_GREENHOME_TARIFF_DEMO/REAL_OUTPUT_MANIFEST.json,REAL_OUTPUT_MANIFEST.json,demo_library,.json,json_data_or_config,edb97d019f493628f6e5e03d5447079feb120f60b074bb6f423f162794454f50,,,undetermined,UNKNOWN_NEEDS_DECISION,contents not read: the reference tree was not available when this inventory was built,,
demo_library/showcase/10_GREENHOME_TARIFF_DEMO/REPORT_TEXT_DEMO.md,demo_library/showcase/10_GREENHOME_TARIFF_DEMO/REPORT_TEXT_DEMO.md,REPORT_TEXT_DEMO.md,demo_library,.md,documentation,059eeb20d2cf75a4262d01507edf01597e38b732d9e90ccd13caf681acb31954,,,undetermined,UNKNOWN_NEEDS_DECISION,contents not read: the reference tree was not available when this inventory was built,,
demo_library/showcase/10_GREENHOME_TARIFF_DEMO/RESEARCH_DESIGN_DEMO.json,demo_library/showcase/10_GREENHOME_TARIFF_DEMO/RESEARCH_DESIGN_DEMO.json,RESEARCH_DESIGN_DEMO.json,demo_library,.json,json_data_or_config,7854a8be9eef3d5d8b8c1c3583a429e9f6677a68739dc8c875fa06e87f6cfb24,,,undetermined,UNKNOWN_NEEDS_DECISION,contents not read: the reference tree was not available when this inventory was built,,
demo_library/showcase/10_GREENHOME_TARIFF_DEMO/RESPONDENT_DATABASE_DEMO.csv,demo_library/showcase/10_GREENHOME_TARIFF_DEMO/RESPONDENT_DATABASE_DEMO.csv,RESPONDENT_DATABASE_DEMO.csv,demo_library,.csv,csv_data_asset,87e070ff7b2c14be61bada9df3a36278008a17658fc976be4c0620362018c500,,,undetermined,UNKNOWN_NEEDS_DECISION,contents not read: the reference tree was not available when this inventory was built,,
demo_library/showcase/10_GREENHOME_TARIFF_DEMO/SHA256SUMS.txt,demo_library/showcase/10_GREENHOME_TARIFF_DEMO/SHA256SUMS.txt,SHA256SUMS.txt,demo_library,.txt,text,e3835d9e3dfef9fd75333982161a77d15d1a7abdefd552015bfa9e432a9d099e,,,undetermined,UNKNOWN_NEEDS_DECISION,contents not read: the reference tree was not available when this inventory was built,,
demo_library/showcase/10_GREENHOME_TARIFF_DEMO/analysis/ANALYSIS_01_EXECUTIVE.json,demo_library/showcase/10_GREENHOME_TARIFF_DEMO/analysis/ANALYSIS_01_EXECUTIVE.json,ANALYSIS_01_EXECUTIVE.json,demo_library,.json,json_data_or_config,be926bd7170172c1250500c52b476ed09ae15712e4f54106ff106c6d142903dd,,,undetermined,UNKNOWN_NEEDS_DECISION,contents not read: the reference tree was not available when this inventory was built,,
demo_library/showcase/10_GREENHOME_TARIFF_DEMO/analysis/ANALYSIS_02_RESEARCH_QUESTIONS.json,demo_library/showcase/10_GREENHOME_TARIFF_DEMO/analysis/ANALYSIS_02_RESEARCH_QUESTIONS.json,ANALYSIS_02_RESEARCH_QUESTIONS.json,demo_library,.json,json_data_or_config,f3b3e1b3c8c41cc8198ef78b44c2bf94288ff65e3eaaa6259212cee631000d71,,,undetermined,UNKNOWN_NEEDS_DECISION,contents not read: the reference tree was not available when this inventory was built,,
demo_library/showcase/10_GREENHOME_TARIFF_DEMO/analysis/ANALYSIS_03_OBJECTS.json,demo_library/showcase/10_GREENHOME_TARIFF_DEMO/analysis/ANALYSIS_03_OBJECTS.json,ANALYSIS_03_OBJECTS.json,demo_library,.json,json_data_or_config,a8db8dc063b260d2533a05e34cb920b81507a6465bb989bae9ec005e444e08a1,,,undetermined,UNKNOWN_NEEDS_DECISION,contents not read: the reference tree was not available when this inventory was built,,
demo_library/showcase/10_GREENHOME_TARIFF_DEMO/analysis/ANALYSIS_04_AUDIENCE.json,demo_library/showcase/10_GREENHOME_TARIFF_DEMO/analysis/ANALYSIS_04_AUDIENCE.json,ANALYSIS_04_AUDIENCE.json,demo_library,.json,json_data_or_config,e626ba70c4b5e65fa7a24e9a7c6f020e685334f6192d4f027addec1641259b07,,,undetermined,UNKNOWN_NEEDS_DECISION,contents not read: the reference tree was not available when this inventory was built,,
demo_library/showcase/10_GREENHOME_TARIFF_DEMO/analysis/ANALYSIS_05_SEGMENTS.json,demo_library/showcase/10_GREENHOME_TARIFF_DEMO/analysis/ANALYSIS_05_SEGMENTS.json,ANALYSIS_05_SEGMENTS.json,demo_library,.json,json_data_or_config,e8bcc713f0a4372a0578531ce2eeba879c5ac413b9bc3b3be4f8ee3dba10fd63,,,undetermined,UNKNOWN_NEEDS_DECISION,contents not read: the reference tree was not available when this inventory was built,,
demo_library/showcase/10_GREENHOME_TARIFF_DEMO/analysis/ANALYSIS_06_HYPOTHESES.json,demo_library/showcase/10_GREENHOME_TARIFF_DEMO/analysis/ANALYSIS_06_HYPOTHESES.json,ANALYSIS_06_HYPOTHESES.json,demo_library,.json,json_data_or_config,fd66ae160d8e4ba697df7eadb5ec13181256504f1f724f694d56384c540ff2c0,,,undetermined,UNKNOWN_NEEDS_DECISION,contents not read: the reference tree was not available when this inventory was built,,
demo_library/showcase/10_GREENHOME_TARIFF_DEMO/analysis/ANALYSIS_07_IMPLICATIONS.json,demo_library/showcase/10_GREENHOME_TARIFF_DEMO/analysis/ANALYSIS_07_IMPLICATIONS.json,ANALYSIS_07_IMPLICATIONS.json,demo_library,.json,json_data_or_config,6f72fd552ac04ecb67b054f898bda4a470084d345381020922c4979eb38d36f9,,,undetermined,UNKNOWN_NEEDS_DECISION,contents not read: the reference tree was not available when this inventory was built,,
demo_library/showcase/10_GREENHOME_TARIFF_DEMO/analysis/ANALYSIS_08_LIMITATIONS.json,demo_library/showcase/10_GREENHOME_TARIFF_DEMO/analysis/ANALYSIS_08_LIMITATIONS.json,ANALYSIS_08_LIMITATIONS.json,demo_library,.json,json_data_or_config,749242efd82f9f4dc79300ef4b762d7f400e4d2407349b5d83442abead815d85,,,undetermined,UNKNOWN_NEEDS_DECISION,contents not read: the reference tree was not available when this inventory was built,,
demo_library/showcase/10_GREENHOME_TARIFF_DEMO/demo_project_loader.py,demo_library/showcase/10_GREENHOME_TARIFF_DEMO/demo_project_loader.py,demo_project_loader.py,demo_library,.py,python_application_source,be789dc013c07efb2cb1febedae1e6878b6d895c711f74402907ec4173af8b6b,,,undetermined,UNKNOWN_NEEDS_DECISION,contents not read: the reference tree was not available when this inventory was built,,
demo_library/showcase/10_GREENHOME_TARIFF_DEMO/worlds/WORLD_1_BASE_ENERGY.json,demo_library/showcase/10_GREENHOME_TARIFF_DEMO/worlds/WORLD_1_BASE_ENERGY.json,WORLD_1_BASE_ENERGY.json,demo_library,.json,json_data_or_config,6afc943743e0d5b29ebf4b849fbf050b3950cb5a57a6530f208187b231a46a96,,,undetermined,UNKNOWN_NEEDS_DECISION,contents not read: the reference tree was not available when this inventory was built,,
demo_library/showcase/10_GREENHOME_TARIFF_DEMO/worlds/WORLD_2_PRICE_VOLATILITY.json,demo_library/showcase/10_GREENHOME_TARIFF_DEMO/worlds/WORLD_2_PRICE_VOLATILITY.json,WORLD_2_PRICE_VOLATILITY.json,demo_library,.json,json_data_or_config,256a940534a7e01fc16829f4348c40e8b0d7bae4c29633f6fd1bc7cc9279907c,,,undetermined,UNKNOWN_NEEDS_DECISION,contents not read: the reference tree was not available when this inventory was built,,
demo_library/showcase/10_GREENHOME_TARIFF_DEMO/worlds/WORLD_3_STABLE_PRICES.json,demo_library/showcase/10_GREENHOME_TARIFF_DEMO/worlds/WORLD_3_STABLE_PRICES.json,WORLD_3_STABLE_PRICES.json,demo_library,.json,json_data_or_config,785f32843ca951f8dcb3b9f22dd5c8c9718d1d871e56a119cd101d1466a9a900,,,undetermined,UNKNOWN_NEEDS_DECISION,contents not read: the reference tree was not available when this inventory was built,,
demo_library/showcase/10_GREENHOME_TARIFF_DEMO/worlds/WORLD_4_GREEN_CONCERN.json,demo_library/showcase/10_GREENHOME_TARIFF_DEMO/worlds/WORLD_4_GREEN_CONCERN.json,WORLD_4_GREEN_CONCERN.json,demo_library,.json,json_data_or_config,714aa976a18cabb13b4eec376b8384fde8cb88f9918c7ddc8a22dac889000c17,,,undetermined,UNKNOWN_NEEDS_DECISION,contents not read: the reference tree was not available when this inventory was built,,
demo_library/showcase/10_GREENHOME_TARIFF_DEMO/worlds/WORLD_5_SMART_HOME_GROWTH.json,demo_library/showcase/10_GREENHOME_TARIFF_DEMO/worlds/WORLD_5_SMART_HOME_GROWTH.json,WORLD_5_SMART_HOME_GROWTH.json,demo_library,.json,json_data_or_config,f8b9f4b75cf2b29afbdcfda1b3f014bc915e80e2c6ada0b8cefdcbd07f5e73c8,,,undetermined,UNKNOWN_NEEDS_DECISION,contents not read: the reference tree was not available when this inventory was built,,
demo_library/showcase/10_GREENHOME_TARIFF_DEMO/worlds/WORLD_6_TRUST_SHOCK.json,demo_library/showcase/10_GREENHOME_TARIFF_DEMO/worlds/WORLD_6_TRUST_SHOCK.json,WORLD_6_TRUST_SHOCK.json,demo_library,.json,json_data_or_config,9e9121ea35ea5108798ac83e0fe11c2f80e9cc9161341077955aae69dc7e0970,,,undetermined,UNKNOWN_NEEDS_DECISION,contents not read: the reference tree was not available when this inventory was built,,
demo_library/showcase/10_GREENHOME_TARIFF_DEMO/worlds/WORLD_7_SAVINGS_PRESSURE.json,demo_library/showcase/10_GREENHOME_TARIFF_DEMO/worlds/WORLD_7_SAVINGS_PRESSURE.json,WORLD_7_SAVINGS_PRESSURE.json,demo_library,.json,json_data_or_config,37e726af250c3fedef7c4c5a00ad467422ec614f159f251913685b21b3ec786d,,,undetermined,UNKNOWN_NEEDS_DECISION,contents not read: the reference tree was not available when this inventory was built,,
demo_library/showcase/10_GREENHOME_TARIFF_DEMO/worlds/WORLD_8_AUTOMATION_COMFORT.json,demo_library/showcase/10_GREENHOME_TARIFF_DEMO/worlds/WORLD_8_AUTOMATION_COMFORT.json,WORLD_8_AUTOMATION_COMFORT.json,demo_library,.json,json_data_or_config,a1f330c64108ccef7f931dd11bcf7029dd2cb206fd2ba44fd3d6ef30ceb54c61,,,undetermined,UNKNOWN_NEEDS_DECISION,contents not read: the reference tree was not available when this inventory was built,,
demo_library/showcase/DEMO_CATALOG.csv,demo_library/showcase/DEMO_CATALOG.csv,DEMO_CATALOG.csv,demo_library,.csv,csv_data_asset,bf6b3b2e2f767f4f0e3fdcb523a49a311d9c8661366203b6d1c1251a96af24b7,,,undetermined,UNKNOWN_NEEDS_DECISION,contents not read: the reference tree was not available when this inventory was built,,
demo_library/showcase/DEMO_CATALOG.json,demo_library/showcase/DEMO_CATALOG.json,DEMO_CATALOG.json,demo_library,.json,json_data_or_config,0fa6bbfa80601ba023c417d33d3ba1f3ad57e5c7026e0dfddd3d0c2e75c81715,,,undetermined,UNKNOWN_NEEDS_DECISION,contents not read: the reference tree was not available when this inventory was built,,
demo_library/showcase/DEMO_REGISTRY.json,demo_library/showcase/DEMO_REGISTRY.json,DEMO_REGISTRY.json,demo_library,.json,methodology_or_policy,c9e2d34d86a8b740371493a7c40744372e1bfa7a0c1a3f31e32b30d1c3e61f7f,,,undetermined,UNKNOWN_NEEDS_DECISION,contents not read: the reference tree was not available when this inventory was built,,
demo_library/showcase/DEMO_SHOWCASE_ACCEPTANCE.json,demo_library/showcase/DEMO_SHOWCASE_ACCEPTANCE.json,DEMO_SHOWCASE_ACCEPTANCE.json,demo_library,.json,methodology_or_policy,dc189ffa9e07a2b537e678f463dece8c022f9c034ce7a73f578a5b297f12ccb7,,,undetermined,UNKNOWN_NEEDS_DECISION,contents not read: the reference tree was not available when this inventory was built,,
demo_library/showcase/IMPLEMENTACE_10_DEMO_DO_PANELU.md,demo_library/showcase/IMPLEMENTACE_10_DEMO_DO_PANELU.md,IMPLEMENTACE_10_DEMO_DO_PANELU.md,demo_library,.md,documentation,e59b94e87d0da47321363e9ec33173027b74e68350b1bdd30b4d509e085419f2,,,undetermined,UNKNOWN_NEEDS_DECISION,contents not read: the reference tree was not available when this inventory was built,,
demo_library/showcase/README_START_HERE.md,demo_library/showcase/README_START_HERE.md,README_START_HERE.md,demo_library,.md,documentation,6ffcf03f8ca61a2a5a07d300f7c62a0e23b7ca59adb19a41b378a566e14cc054,,,undetermined,UNKNOWN_NEEDS_DECISION,contents not read: the reference tree was not available when this inventory was built,,
demo_library/showcase/SHA256SUMS.txt,demo_library/showcase/SHA256SUMS.txt,SHA256SUMS.txt,demo_library,.txt,text,e12d10ee59e52ee4dbe545e5b2ad7044bf2880104f66cd67ac89e54b894ae449,,,undetermined,UNKNOWN_NEEDS_DECISION,contents not read: the reference tree was not available when this inventory was built,,
demo_library/showcase/SHOWCASE_INDEX.html,demo_library/showcase/SHOWCASE_INDEX.html,SHOWCASE_INDEX.html,demo_library,.html,frontend_html,23b935b28c4d17ee22c71ef20873224b57b44985f1bce35e0405ba60b4c85132,,,undetermined,UNKNOWN_NEEDS_DECISION,contents not read: the reference tree was not available when this inventory was built,,
demo_library/showcase/install_all_demos.py,demo_library/showcase/install_all_demos.py,install_all_demos.py,demo_library,.py,python_application_source,a14019a0bbaa86cc87b0284a1625f4c5b1e4b6ea6b65ca2567f5bbb425e9c77c,,,undetermined,UNKNOWN_NEEDS_DECISION,contents not read: the reference tree was not available when this inventory was built,,
demo_library/simulations/01_NOVA_SPARK_DEMO/DEMO_SIMULATION_SEED.json,demo_library/simulations/01_NOVA_SPARK_DEMO/DEMO_SIMULATION_SEED.json,DEMO_SIMULATION_SEED.json,demo_library,.json,json_data_or_config,9f3c9004109c94ba84f50586baddd8d81c5265779770408856fff8494f1f474e,,,undetermined,UNKNOWN_NEEDS_DECISION,contents not read: the reference tree was not available when this inventory was built,,
demo_library/simulations/01_NOVA_SPARK_DEMO/SHA256SUMS.txt,demo_library/simulations/01_NOVA_SPARK_DEMO/SHA256SUMS.txt,SHA256SUMS.txt,demo_library,.txt,text,6a3fc62bfca3404fc44acc11b64ddd71b3d65ceef18a60797eea2eb566182e2d,,,undetermined,UNKNOWN_NEEDS_DECISION,contents not read: the reference tree was not available when this inventory was built,,
demo_library/simulations/01_NOVA_SPARK_DEMO/SIMULATION_PREVIEW.html,demo_library/simulations/01_NOVA_SPARK_DEMO/SIMULATION_PREVIEW.html,SIMULATION_PREVIEW.html,demo_library,.html,frontend_html,7e536c7b130b5a12649d9122c10f5e003cc21b20c5d6279101d4c04e7b36260a,,,undetermined,UNKNOWN_NEEDS_DECISION,contents not read: the reference tree was not available when this inventory was built,,
demo_library/simulations/01_NOVA_SPARK_DEMO/SIMULATION_WORLDS.json,demo_library/simulations/01_NOVA_SPARK_DEMO/SIMULATION_WORLDS.json,SIMULATION_WORLDS.json,demo_library,.json,json_data_or_config,e186366b7a677edcb513f803de8387f3586072268c036bb7281c3067a8138372,,,undetermined,UNKNOWN_NEEDS_DECISION,contents not read: the reference tree was not available when this inventory was built,,
demo_library/simulations/02_VOLTIO_FLEX_DEMO/DEMO_SIMULATION_SEED.json,demo_library/simulations/02_VOLTIO_FLEX_DEMO/DEMO_SIMULATION_SEED.json,DEMO_SIMULATION_SEED.json,demo_library,.json,json_data_or_config,5bc93842fd25382edd5ee16f9806a87b15a0fb9879c3e4013d96c14758bcb043,,,undetermined,UNKNOWN_NEEDS_DECISION,contents not read: the reference tree was not available when this inventory was built,,
demo_library/simulations/02_VOLTIO_FLEX_DEMO/SHA256SUMS.txt,demo_library/simulations/02_VOLTIO_FLEX_DEMO/SHA256SUMS.txt,SHA256SUMS.txt,demo_library,.txt,text,38ef8688bd78ae4cd5d7e7c9fb89efa34f02cd8bf91b6cda7d9e4af1bdb4cebf,,,undetermined,UNKNOWN_NEEDS_DECISION,contents not read: the reference tree was not available when this inventory was built,,
demo_library/simulations/02_VOLTIO_FLEX_DEMO/SIMULATION_PREVIEW.html,demo_library/simulations/02_VOLTIO_FLEX_DEMO/SIMULATION_PREVIEW.html,SIMULATION_PREVIEW.html,demo_library,.html,frontend_html,de722635a8b8440e7892e493ceb9416cca35422623acf6479129c381e7371467,,,undetermined,UNKNOWN_NEEDS_DECISION,contents not read: the reference tree was not available when this inventory was built,,
demo_library/simulations/02_VOLTIO_FLEX_DEMO/SIMULATION_WORLDS.json,demo_library/simulations/02_VOLTIO_FLEX_DEMO/SIMULATION_WORLDS.json,SIMULATION_WORLDS.json,demo_library,.json,json_data_or_config,b9540bd769b20fa57b1cb27a0e5395dbb9b5d9178bf8695ca8c13c08539aeb98,,,undetermined,UNKNOWN_NEEDS_DECISION,contents not read: the reference tree was not available when this inventory was built,,
demo_library/simulations/04_MESTO_2035_DEMO/DEMO_SIMULATION_SEED.json,demo_library/simulations/04_MESTO_2035_DEMO/DEMO_SIMULATION_SEED.json,DEMO_SIMULATION_SEED.json,demo_library,.json,json_data_or_config,2536841588fb53cc394ac7fd0000af4c0d39020525b6a98e55b2d60aa28955c6,,,undetermined,UNKNOWN_NEEDS_DECISION,contents not read: the reference tree was not available when this inventory was built,,
demo_library/simulations/04_MESTO_2035_DEMO/SHA256SUMS.txt,demo_library/simulations/04_MESTO_2035_DEMO/SHA256SUMS.txt,SHA256SUMS.txt,demo_library,.txt,text,9de194301097acafdc5d30b288b3b06e041b6aead4efff5842a185829f61d3a9,,,undetermined,UNKNOWN_NEEDS_DECISION,contents not read: the reference tree was not available when this inventory was built,,
demo_library/simulations/04_MESTO_2035_DEMO/SIMULATION_PREVIEW.html,demo_library/simulations/04_MESTO_2035_DEMO/SIMULATION_PREVIEW.html,SIMULATION_PREVIEW.html,demo_library,.html,frontend_html,390612dcab182ac93f2eb777932a407d2acbaed0b4004c3658c32fa5c3ae9a1d,,,undetermined,UNKNOWN_NEEDS_DECISION,contents not read: the reference tree was not available when this inventory was built,,
demo_library/simulations/04_MESTO_2035_DEMO/SIMULATION_WORLDS.json,demo_library/simulations/04_MESTO_2035_DEMO/SIMULATION_WORLDS.json,SIMULATION_WORLDS.json,demo_library,.json,json_data_or_config,22bce19961e472014f58a024b59f91c2752b3c35b791496c1534ac0b641718a6,,,undetermined,UNKNOWN_NEEDS_DECISION,contents not read: the reference tree was not available when this inventory was built,,
demo_library/simulations/07_METROMARKET_LOCAL_DEMO/DEMO_SIMULATION_SEED.json,demo_library/simulations/07_METROMARKET_LOCAL_DEMO/DEMO_SIMULATION_SEED.json,DEMO_SIMULATION_SEED.json,demo_library,.json,json_data_or_config,e6b2d7941860530b0bfb8de764eb3179a1806ecce23a76e47362d18c6f3cfc16,,,undetermined,UNKNOWN_NEEDS_DECISION,contents not read: the reference tree was not available when this inventory was built,,
demo_library/simulations/07_METROMARKET_LOCAL_DEMO/SHA256SUMS.txt,demo_library/simulations/07_METROMARKET_LOCAL_DEMO/SHA256SUMS.txt,SHA256SUMS.txt,demo_library,.txt,text,fd4746aeb0eca01b6698c7e9d393bf7ae768fd40b13093e57db56537996911e2,,,undetermined,UNKNOWN_NEEDS_DECISION,contents not read: the reference tree was not available when this inventory was built,,
demo_library/simulations/07_METROMARKET_LOCAL_DEMO/SIMULATION_PREVIEW.html,demo_library/simulations/07_METROMARKET_LOCAL_DEMO/SIMULATION_PREVIEW.html,SIMULATION_PREVIEW.html,demo_library,.html,frontend_html,96a235379f8291f4a0c49c6e0b0510243e8b59acd44ffa899a7c5dc9cf726002,,,undetermined,UNKNOWN_NEEDS_DECISION,contents not read: the reference tree was not available when this inventory was built,,
demo_library/simulations/07_METROMARKET_LOCAL_DEMO/SIMULATION_WORLDS.json,demo_library/simulations/07_METROMARKET_LOCAL_DEMO/SIMULATION_WORLDS.json,SIMULATION_WORLDS.json,demo_library,.json,json_data_or_config,aa6bfb725a0523642697be4513e320ec37702e8dc5f8750b794162f2016507bd,,,undetermined,UNKNOWN_NEEDS_DECISION,contents not read: the reference tree was not available when this inventory was built,,
demo_library/simulations/09_STREAMIO_ONE_DEMO/DEMO_SIMULATION_SEED.json,demo_library/simulations/09_STREAMIO_ONE_DEMO/DEMO_SIMULATION_SEED.json,DEMO_SIMULATION_SEED.json,demo_library,.json,json_data_or_config,b857494c2c1c09825f7295081a70c2d7c1918cb5fcb23b80b6351e31f21367ec,,,undetermined,UNKNOWN_NEEDS_DECISION,contents not read: the reference tree was not available when this inventory was built,,
demo_library/simulations/09_STREAMIO_ONE_DEMO/SHA256SUMS.txt,demo_library/simulations/09_STREAMIO_ONE_DEMO/SHA256SUMS.txt,SHA256SUMS.txt,demo_library,.txt,text,b6b7cf0f65a1c948561d83c4ff7a0bcbb86fed4cfdacbf7422e3a1d6a84bdcfd,,,undetermined,UNKNOWN_NEEDS_DECISION,contents not read: the reference tree was not available when this inventory was built,,
demo_library/simulations/09_STREAMIO_ONE_DEMO/SIMULATION_PREVIEW.html,demo_library/simulations/09_STREAMIO_ONE_DEMO/SIMULATION_PREVIEW.html,SIMULATION_PREVIEW.html,demo_library,.html,frontend_html,aba10bfaa1b9b3b204b4f64c5afd7a6f591b0ed7588ee49ce89249f6c46ba208,,,undetermined,UNKNOWN_NEEDS_DECISION,contents not read: the reference tree was not available when this inventory was built,,
demo_library/simulations/09_STREAMIO_ONE_DEMO/SIMULATION_WORLDS.json,demo_library/simulations/09_STREAMIO_ONE_DEMO/SIMULATION_WORLDS.json,SIMULATION_WORLDS.json,demo_library,.json,json_data_or_config,68c46aa9b45b0d2c0ef655d927f5c192636a6e4953006d672a70f6e461cf12e4,,,undetermined,UNKNOWN_NEEDS_DECISION,contents not read: the reference tree was not available when this inventory was built,,
demo_library/visualization_showcase/01_NAPOJE_360_DEMO/ANALYSIS.json,demo_library/visualization_showcase/01_NAPOJE_360_DEMO/ANALYSIS.json,ANALYSIS.json,demo_library,.json,json_data_or_config,09abfceb0cbaa9f5e4a9bed1536c7c0efd11f5b04d62c2d87ee94cf8daab4045,,,undetermined,UNKNOWN_NEEDS_DECISION,contents not read: the reference tree was not available when this inventory was built,,
demo_library/visualization_showcase/01_NAPOJE_360_DEMO/DATA_DICTIONARY.json,demo_library/visualization_showcase/01_NAPOJE_360_DEMO/DATA_DICTIONARY.json,DATA_DICTIONARY.json,demo_library,.json,json_data_or_config,33fa3c2cfa66a58cdc66bfe7d36f69973aa01c9cb2fb506b0f1e5b0119c095b3,,,undetermined,UNKNOWN_NEEDS_DECISION,contents not read: the reference tree was not available when this inventory was built,,
demo_library/visualization_showcase/01_NAPOJE_360_DEMO/DEMO_MANIFEST.json,demo_library/visualization_showcase/01_NAPOJE_360_DEMO/DEMO_MANIFEST.json,DEMO_MANIFEST.json,demo_library,.json,json_data_or_config,9d595aea2a5fcacf0c3f29ac1c0c1a0dd6e516255763490c029872cc675dfffc,,,undetermined,UNKNOWN_NEEDS_DECISION,contents not read: the reference tree was not available when this inventory was built,,
demo_library/visualization_showcase/01_NAPOJE_360_DEMO/DEMO_PROJECT_SEED.json,demo_library/visualization_showcase/01_NAPOJE_360_DEMO/DEMO_PROJECT_SEED.json,DEMO_PROJECT_SEED.json,demo_library,.json,json_data_or_config,d226c3c341c6c0ddd65c6916a6481e0656a7c9c1d248da4a1747f70b09351eae,,,undetermined,UNKNOWN_NEEDS_DECISION,contents not read: the reference tree was not available when this inventory was built,,
demo_library/visualization_showcase/01_NAPOJE_360_DEMO/DEMO_REPORT.html,demo_library/visualization_showcase/01_NAPOJE_360_DEMO/DEMO_REPORT.html,DEMO_REPORT.html,demo_library,.html,frontend_html,7d0f2a3771fd551394557cc7611ebdf17b970b3226e5820a0f2066358b4ec036,,,undetermined,UNKNOWN_NEEDS_DECISION,contents not read: the reference tree was not available when this inventory was built,,
demo_library/visualization_showcase/01_NAPOJE_360_DEMO/OBJECTS_SOCIOMAP_DEMO.json,demo_library/visualization_showcase/01_NAPOJE_360_DEMO/OBJECTS_SOCIOMAP_DEMO.json,OBJECTS_SOCIOMAP_DEMO.json,demo_library,.json,json_data_or_config,e4b2f10ff4fecea7a005bdeec8ea715c04297f07c2978480d7ca4331aa1fa69e,,,undetermined,UNKNOWN_NEEDS_DECISION,contents not read: the reference tree was not available when this inventory was built,,
demo_library/visualization_showcase/01_NAPOJE_360_DEMO/OBJECT_MAP_3D.html,demo_library/visualization_showcase/01_NAPOJE_360_DEMO/OBJECT_MAP_3D.html,OBJECT_MAP_3D.html,demo_library,.html,frontend_html,bc8c8c8be2b82693550e8899ee63e920ec094504a1385babd201c857ab7dff90,,,undetermined,UNKNOWN_NEEDS_DECISION,contents not read: the reference tree was not available when this inventory was built,,
demo_library/visualization_showcase/01_NAPOJE_360_DEMO/QUESTIONNAIRE.json,demo_library/visualization_showcase/01_NAPOJE_360_DEMO/QUESTIONNAIRE.json,QUESTIONNAIRE.json,demo_library,.json,json_data_or_config,f64cf16afe36d9ca1d976d0ecea281d7eebeebbaca73450efbd3a46ae618101b,,,undetermined,UNKNOWN_NEEDS_DECISION,contents not read: the reference tree was not available when this inventory was built,,
demo_library/visualization_showcase/01_NAPOJE_360_DEMO/README.md,demo_library/visualization_showcase/01_NAPOJE_360_DEMO/README.md,README.md,demo_library,.md,documentation,aeb01ab2d7ebdf5ec4de5210a40883cfb6bfd6f3849ac6083cccd9b6115c2d03,,,undetermined,UNKNOWN_NEEDS_DECISION,contents not read: the reference tree was not available when this inventory was built,,
demo_library/visualization_showcase/01_NAPOJE_360_DEMO/RESPONDENTS.csv,demo_library/visualization_showcase/01_NAPOJE_360_DEMO/RESPONDENTS.csv,RESPONDENTS.csv,demo_library,.csv,csv_data_asset,f5272be3735947a0367f2f70e88af1eb2d60a40d383577593ea476168d415821,,,undetermined,UNKNOWN_NEEDS_DECISION,contents not read: the reference tree was not available when this inventory was built,,
demo_library/visualization_showcase/01_NAPOJE_360_DEMO/SEGMENT_INTELLIGENCE_DEMO.json,demo_library/visualization_showcase/01_NAPOJE_360_DEMO/SEGMENT_INTELLIGENCE_DEMO.json,SEGMENT_INTELLIGENCE_DEMO.json,demo_library,.json,json_data_or_config,57775fdf7b6503d6f390bb2a4a5b1af48631dcf6d2a4ee460eddfb23a4a32b39,,,undetermined,UNKNOWN_NEEDS_DECISION,contents not read: the reference tree was not available when this inventory was built,,
demo_library/visualization_showcase/02_AEROLINKY_360_DEMO/ANALYSIS.json,demo_library/visualization_showcase/02_AEROLINKY_360_DEMO/ANALYSIS.json,ANALYSIS.json,demo_library,.json,json_data_or_config,53570c99b5c467c2c422bcf9e29e1cdbb2a34ea1334f08df553b65006d57c292,,,undetermined,UNKNOWN_NEEDS_DECISION,contents not read: the reference tree was not available when this inventory was built,,
demo_library/visualization_showcase/02_AEROLINKY_360_DEMO/DATA_DICTIONARY.json,demo_library/visualization_showcase/02_AEROLINKY_360_DEMO/DATA_DICTIONARY.json,DATA_DICTIONARY.json,demo_library,.json,json_data_or_config,f5ea6f4a2e192330864e2d058a0119b5590af6864550434bbfd26c8bf804596d,,,undetermined,UNKNOWN_NEEDS_DECISION,contents not read: the reference tree was not available when this inventory was built,,
demo_library/visualization_showcase/02_AEROLINKY_360_DEMO/DEMO_MANIFEST.json,demo_library/visualization_showcase/02_AEROLINKY_360_DEMO/DEMO_MANIFEST.json,DEMO_MANIFEST.json,demo_library,.json,json_data_or_config,8347e02f18020f16962f417fea31d39772ca35d46bc65d6f4aa6c79f7f5b7454,,,undetermined,UNKNOWN_NEEDS_DECISION,contents not read: the reference tree was not available when this inventory was built,,
demo_library/visualization_showcase/02_AEROLINKY_360_DEMO/DEMO_PROJECT_SEED.json,demo_library/visualization_showcase/02_AEROLINKY_360_DEMO/DEMO_PROJECT_SEED.json,DEMO_PROJECT_SEED.json,demo_library,.json,json_data_or_config,fc0392fba5b5b9d49aac9fd40cec31e58a54afb7c8343719a23218d35f9f4a51,,,undetermined,UNKNOWN_NEEDS_DECISION,contents not read: the reference tree was not available when this inventory was built,,
demo_library/visualization_showcase/02_AEROLINKY_360_DEMO/DEMO_REPORT.html,demo_library/visualization_showcase/02_AEROLINKY_360_DEMO/DEMO_REPORT.html,DEMO_REPORT.html,demo_library,.html,frontend_html,e47fb7db4160417a18b2773d0240f75b31e187f0c49ea033105fb04e0dc60d64,,,undetermined,UNKNOWN_NEEDS_DECISION,contents not read: the reference tree was not available when this inventory was built,,
demo_library/visualization_showcase/02_AEROLINKY_360_DEMO/OBJECTS_SOCIOMAP_DEMO.json,demo_library/visualization_showcase/02_AEROLINKY_360_DEMO/OBJECTS_SOCIOMAP_DEMO.json,OBJECTS_SOCIOMAP_DEMO.json,demo_library,.json,json_data_or_config,ee2a79882a71d097b496a08fa94ef38a1502c6bd2f5d4793f6b5dc2a12acb8b8,,,undetermined,UNKNOWN_NEEDS_DECISION,contents not read: the reference tree was not available when this inventory was built,,
demo_library/visualization_showcase/02_AEROLINKY_360_DEMO/OBJECT_MAP_3D.html,demo_library/visualization_showcase/02_AEROLINKY_360_DEMO/OBJECT_MAP_3D.html,OBJECT_MAP_3D.html,demo_library,.html,frontend_html,37bcdf02cbbefe646dcb68bbd138948a51b17d1fdec8f7d2213c0e7c2cd3425c,,,undetermined,UNKNOWN_NEEDS_DECISION,contents not read: the reference tree was not available when this inventory was built,,
demo_library/visualization_showcase/02_AEROLINKY_360_DEMO/QUESTIONNAIRE.json,demo_library/visualization_showcase/02_AEROLINKY_360_DEMO/QUESTIONNAIRE.json,QUESTIONNAIRE.json,demo_library,.json,json_data_or_config,3370f6fbf9894864ba48ec80b020d6e50fe50f8528cacf16ead7c8ff7f6bd978,,,undetermined,UNKNOWN_NEEDS_DECISION,contents not read: the reference tree was not available when this inventory was built,,
demo_library/visualization_showcase/02_AEROLINKY_360_DEMO/README.md,demo_library/visualization_showcase/02_AEROLINKY_360_DEMO/README.md,README.md,demo_library,.md,documentation,51df5ab4d956e08715b100cbe553fa7c8f009166b565ad8e5d1f16cf45b4cd59,,,undetermined,UNKNOWN_NEEDS_DECISION,contents not read: the reference tree was not available when this inventory was built,,
demo_library/visualization_showcase/02_AEROLINKY_360_DEMO/RESPONDENTS.csv,demo_library/visualization_showcase/02_AEROLINKY_360_DEMO/RESPONDENTS.csv,RESPONDENTS.csv,demo_library,.csv,csv_data_asset,1731807e9541ceb4bf69333f9d74a2481c7652a23669de7e59db0fe24dde5297,,,undetermined,UNKNOWN_NEEDS_DECISION,contents not read: the reference tree was not available when this inventory was built,,
demo_library/visualization_showcase/02_AEROLINKY_360_DEMO/SEGMENT_INTELLIGENCE_DEMO.json,demo_library/visualization_showcase/02_AEROLINKY_360_DEMO/SEGMENT_INTELLIGENCE_DEMO.json,SEGMENT_INTELLIGENCE_DEMO.json,demo_library,.json,json_data_or_config,e61a3ddcf305f828061077bb97a8440ced5704f65518b1231993aba0b1ed6acd,,,undetermined,UNKNOWN_NEEDS_DECISION,contents not read: the reference tree was not available when this inventory was built,,
demo_library/visualization_showcase/03_SOCIALNI_SITE_360_DEMO/ANALYSIS.json,demo_library/visualization_showcase/03_SOCIALNI_SITE_360_DEMO/ANALYSIS.json,ANALYSIS.json,demo_library,.json,json_data_or_config,4a9f76ebba81e6de355f06db097706891332053ba573b9e13470fecd0b8f3887,,,undetermined,UNKNOWN_NEEDS_DECISION,contents not read: the reference tree was not available when this inventory was built,,
demo_library/visualization_showcase/03_SOCIALNI_SITE_360_DEMO/DATA_DICTIONARY.json,demo_library/visualization_showcase/03_SOCIALNI_SITE_360_DEMO/DATA_DICTIONARY.json,DATA_DICTIONARY.json,demo_library,.json,json_data_or_config,673b5e92af2e3b26f40ea3695612a59ac074d657dd762862f829cec8103f093a,,,undetermined,UNKNOWN_NEEDS_DECISION,contents not read: the reference tree was not available when this inventory was built,,
demo_library/visualization_showcase/03_SOCIALNI_SITE_360_DEMO/DEMO_MANIFEST.json,demo_library/visualization_showcase/03_SOCIALNI_SITE_360_DEMO/DEMO_MANIFEST.json,DEMO_MANIFEST.json,demo_library,.json,json_data_or_config,b5d3c5691b8fadf2720c95eb66961abd1bad553c8e17c2054421c38453446d38,,,undetermined,UNKNOWN_NEEDS_DECISION,contents not read: the reference tree was not available when this inventory was built,,
demo_library/visualization_showcase/03_SOCIALNI_SITE_360_DEMO/DEMO_PROJECT_SEED.json,demo_library/visualization_showcase/03_SOCIALNI_SITE_360_DEMO/DEMO_PROJECT_SEED.json,DEMO_PROJECT_SEED.json,demo_library,.json,json_data_or_config,17212c9376b1823926422ce471a9ac600c023accb914a154bf9274f426799869,,,undetermined,UNKNOWN_NEEDS_DECISION,contents not read: the reference tree was not available when this inventory was built,,
demo_library/visualization_showcase/03_SOCIALNI_SITE_360_DEMO/DEMO_REPORT.html,demo_library/visualization_showcase/03_SOCIALNI_SITE_360_DEMO/DEMO_REPORT.html,DEMO_REPORT.html,demo_library,.html,frontend_html,926fcc35488d1338796d59a17258e5fb0e2a694e55ccedb81053b79b8c1c68f3,,,undetermined,UNKNOWN_NEEDS_DECISION,contents not read: the reference tree was not available when this inventory was built,,
demo_library/visualization_showcase/03_SOCIALNI_SITE_360_DEMO/OBJECTS_SOCIOMAP_DEMO.json,demo_library/visualization_showcase/03_SOCIALNI_SITE_360_DEMO/OBJECTS_SOCIOMAP_DEMO.json,OBJECTS_SOCIOMAP_DEMO.json,demo_library,.json,json_data_or_config,b1e86eff74d1677aa01294f0fd3603af63fbceda7c336053ac7eab55d1f0e2ef,,,undetermined,UNKNOWN_NEEDS_DECISION,contents not read: the reference tree was not available when this inventory was built,,
demo_library/visualization_showcase/03_SOCIALNI_SITE_360_DEMO/OBJECT_MAP_3D.html,demo_library/visualization_showcase/03_SOCIALNI_SITE_360_DEMO/OBJECT_MAP_3D.html,OBJECT_MAP_3D.html,demo_library,.html,frontend_html,53cd7b609120bf5b8f24d60faa6ed32bebe008cab716deda961b3779fce188ad,,,undetermined,UNKNOWN_NEEDS_DECISION,contents not read: the reference tree was not available when this inventory was built,,
demo_library/visualization_showcase/03_SOCIALNI_SITE_360_DEMO/QUESTIONNAIRE.json,demo_library/visualization_showcase/03_SOCIALNI_SITE_360_DEMO/QUESTIONNAIRE.json,QUESTIONNAIRE.json,demo_library,.json,json_data_or_config,6113d61ca2a79745da42423c7af314336100d540c89984e7c99cfeec8f03dc12,,,undetermined,UNKNOWN_NEEDS_DECISION,contents not read: the reference tree was not available when this inventory was built,,
demo_library/visualization_showcase/03_SOCIALNI_SITE_360_DEMO/README.md,demo_library/visualization_showcase/03_SOCIALNI_SITE_360_DEMO/README.md,README.md,demo_library,.md,documentation,241c8d4c188c32c8d18a1faaea8efa646a9a56118166853b53d4690eb86fe54f,,,undetermined,UNKNOWN_NEEDS_DECISION,contents not read: the reference tree was not available when this inventory was built,,
demo_library/visualization_showcase/03_SOCIALNI_SITE_360_DEMO/RESPONDENTS.csv,demo_library/visualization_showcase/03_SOCIALNI_SITE_360_DEMO/RESPONDENTS.csv,RESPONDENTS.csv,demo_library,.csv,csv_data_asset,9a5be76049c2efaa88145a6d7661e5a8c30e99c4b882223aef0347e561794d88,,,undetermined,UNKNOWN_NEEDS_DECISION,contents not read: the reference tree was not available when this inventory was built,,
demo_library/visualization_showcase/03_SOCIALNI_SITE_360_DEMO/SEGMENT_INTELLIGENCE_DEMO.json,demo_library/visualization_showcase/03_SOCIALNI_SITE_360_DEMO/SEGMENT_INTELLIGENCE_DEMO.json,SEGMENT_INTELLIGENCE_DEMO.json,demo_library,.json,json_data_or_config,541bc0c90c0cb81073ec6991f1b7e2a1efc68888677b2cacc13d7da85b3dd64e,,,undetermined,UNKNOWN_NEEDS_DECISION,contents not read: the reference tree was not available when this inventory was built,,
demo_library/visualization_showcase/04_HERNI_TITULY_360_DEMO/ANALYSIS.json,demo_library/visualization_showcase/04_HERNI_TITULY_360_DEMO/ANALYSIS.json,ANALYSIS.json,demo_library,.json,json_data_or_config,42b69682a149fc3e9e66a4aa5d91c675dc168e50a3d9acd4701e7ac53a38e5d0,,,undetermined,UNKNOWN_NEEDS_DECISION,contents not read: the reference tree was not available when this inventory was built,,
demo_library/visualization_showcase/04_HERNI_TITULY_360_DEMO/DATA_DICTIONARY.json,demo_library/visualization_showcase/04_HERNI_TITULY_360_DEMO/DATA_DICTIONARY.json,DATA_DICTIONARY.json,demo_library,.json,json_data_or_config,216767bb3aa38544ea90cec8ce50c1a56a662c1b8b5d3399b13eaf24423cb274,,,undetermined,UNKNOWN_NEEDS_DECISION,contents not read: the reference tree was not available when this inventory was built,,
demo_library/visualization_showcase/04_HERNI_TITULY_360_DEMO/DEMO_MANIFEST.json,demo_library/visualization_showcase/04_HERNI_TITULY_360_DEMO/DEMO_MANIFEST.json,DEMO_MANIFEST.json,demo_library,.json,json_data_or_config,ebece66c401e13d695ec3974b34aa60968891961771805039a9342e4250e7d8f,,,undetermined,UNKNOWN_NEEDS_DECISION,contents not read: the reference tree was not available when this inventory was built,,
demo_library/visualization_showcase/04_HERNI_TITULY_360_DEMO/DEMO_PROJECT_SEED.json,demo_library/visualization_showcase/04_HERNI_TITULY_360_DEMO/DEMO_PROJECT_SEED.json,DEMO_PROJECT_SEED.json,demo_library,.json,json_data_or_config,4fe6fb6bbbe5419d774c47a4237865f7b6ad937ae2640a0401aa051e33cb7713,,,undetermined,UNKNOWN_NEEDS_DECISION,contents not read: the reference tree was not available when this inventory was built,,
demo_library/visualization_showcase/04_HERNI_TITULY_360_DEMO/DEMO_REPORT.html,demo_library/visualization_showcase/04_HERNI_TITULY_360_DEMO/DEMO_REPORT.html,DEMO_REPORT.html,demo_library,.html,frontend_html,7d8085a30f65167c5bbd86fd2951227531418445ec3e5e2a6537efc7dd631a60,,,undetermined,UNKNOWN_NEEDS_DECISION,contents not read: the reference tree was not available when this inventory was built,,
demo_library/visualization_showcase/04_HERNI_TITULY_360_DEMO/OBJECTS_SOCIOMAP_DEMO.json,demo_library/visualization_showcase/04_HERNI_TITULY_360_DEMO/OBJECTS_SOCIOMAP_DEMO.json,OBJECTS_SOCIOMAP_DEMO.json,demo_library,.json,json_data_or_config,47ed8b55682395e72193a0176080df68cf09ed76cb3bf5078a0288838ed42787,,,undetermined,UNKNOWN_NEEDS_DECISION,contents not read: the reference tree was not available when this inventory was built,,
demo_library/visualization_showcase/04_HERNI_TITULY_360_DEMO/OBJECT_MAP_3D.html,demo_library/visualization_showcase/04_HERNI_TITULY_360_DEMO/OBJECT_MAP_3D.html,OBJECT_MAP_3D.html,demo_library,.html,frontend_html,a558a70958da793a94244e573f3f6b9932766a19fbfc95e23129c824c94d118c,,,undetermined,UNKNOWN_NEEDS_DECISION,contents not read: the reference tree was not available when this inventory was built,,
demo_library/visualization_showcase/04_HERNI_TITULY_360_DEMO/QUESTIONNAIRE.json,demo_library/visualization_showcase/04_HERNI_TITULY_360_DEMO/QUESTIONNAIRE.json,QUESTIONNAIRE.json,demo_library,.json,json_data_or_config,e933d1a38aecd4f4ef0b33ed9d3fdf48d6e945b347c8299465d2e5e771c96469,,,undetermined,UNKNOWN_NEEDS_DECISION,contents not read: the reference tree was not available when this inventory was built,,
demo_library/visualization_showcase/04_HERNI_TITULY_360_DEMO/README.md,demo_library/visualization_showcase/04_HERNI_TITULY_360_DEMO/README.md,README.md,demo_library,.md,documentation,7ebbb7833a8aa838cc77e8fc0885d9c45f0fe385a12e145460f6b61b1ed1246b,,,undetermined,UNKNOWN_NEEDS_DECISION,contents not read: the reference tree was not available when this inventory was built,,
demo_library/visualization_showcase/04_HERNI_TITULY_360_DEMO/RESPONDENTS.csv,demo_library/visualization_showcase/04_HERNI_TITULY_360_DEMO/RESPONDENTS.csv,RESPONDENTS.csv,demo_library,.csv,csv_data_asset,57cee546196d2c6d8e8a7fddc5181064dfb989182c09b8857845f86a3e6e1112,,,undetermined,UNKNOWN_NEEDS_DECISION,contents not read: the reference tree was not available when this inventory was built,,
demo_library/visualization_showcase/04_HERNI_TITULY_360_DEMO/SEGMENT_INTELLIGENCE_DEMO.json,demo_library/visualization_showcase/04_HERNI_TITULY_360_DEMO/SEGMENT_INTELLIGENCE_DEMO.json,SEGMENT_INTELLIGENCE_DEMO.json,demo_library,.json,json_data_or_config,78ae534f1279aabc8ce7a1ec25e456f1cdf41258f61fda362243b1a14ab3c983,,,undetermined,UNKNOWN_NEEDS_DECISION,contents not read: the reference tree was not available when this inventory was built,,
demo_library/visualization_showcase/05_MODNI_ZNACKY_360_DEMO/ANALYSIS.json,demo_library/visualization_showcase/05_MODNI_ZNACKY_360_DEMO/ANALYSIS.json,ANALYSIS.json,demo_library,.json,json_data_or_config,2f76c76896624dadfbb1ec7c4333609663c6e1470343f95542d0492304d732c9,,,undetermined,UNKNOWN_NEEDS_DECISION,contents not read: the reference tree was not available when this inventory was built,,
demo_library/visualization_showcase/05_MODNI_ZNACKY_360_DEMO/DATA_DICTIONARY.json,demo_library/visualization_showcase/05_MODNI_ZNACKY_360_DEMO/DATA_DICTIONARY.json,DATA_DICTIONARY.json,demo_library,.json,json_data_or_config,f117a859dcf0e7c55aa4df108547a8939972c4db69bedefbf736d980a364218c,,,undetermined,UNKNOWN_NEEDS_DECISION,contents not read: the reference tree was not available when this inventory was built,,
demo_library/visualization_showcase/05_MODNI_ZNACKY_360_DEMO/DEMO_MANIFEST.json,demo_library/visualization_showcase/05_MODNI_ZNACKY_360_DEMO/DEMO_MANIFEST.json,DEMO_MANIFEST.json,demo_library,.json,json_data_or_config,d82a91562eebfd829fcb2f171830cd6da647564c5ac84d5bf6785e4b1de8fa00,,,undetermined,UNKNOWN_NEEDS_DECISION,contents not read: the reference tree was not available when this inventory was built,,
demo_library/visualization_showcase/05_MODNI_ZNACKY_360_DEMO/DEMO_PROJECT_SEED.json,demo_library/visualization_showcase/05_MODNI_ZNACKY_360_DEMO/DEMO_PROJECT_SEED.json,DEMO_PROJECT_SEED.json,demo_library,.json,json_data_or_config,d2d0d0d3c21c555d92c2046ef0103afe609577a4b379e676a3fbe3f7bc60a735,,,undetermined,UNKNOWN_NEEDS_DECISION,contents not read: the reference tree was not available when this inventory was built,,
demo_library/visualization_showcase/05_MODNI_ZNACKY_360_DEMO/DEMO_REPORT.html,demo_library/visualization_showcase/05_MODNI_ZNACKY_360_DEMO/DEMO_REPORT.html,DEMO_REPORT.html,demo_library,.html,frontend_html,7cdc30f47dba73883d60c3af5dca5ba85a0cb790ea38eb3ffb4eb431bc87f40a,,,undetermined,UNKNOWN_NEEDS_DECISION,contents not read: the reference tree was not available when this inventory was built,,
demo_library/visualization_showcase/05_MODNI_ZNACKY_360_DEMO/OBJECTS_SOCIOMAP_DEMO.json,demo_library/visualization_showcase/05_MODNI_ZNACKY_360_DEMO/OBJECTS_SOCIOMAP_DEMO.json,OBJECTS_SOCIOMAP_DEMO.json,demo_library,.json,json_data_or_config,be51fdd3b239c51d2c4807f528d26462c7c94814a41964abcd1bd39878cb24c7,,,undetermined,UNKNOWN_NEEDS_DECISION,contents not read: the reference tree was not available when this inventory was built,,
demo_library/visualization_showcase/05_MODNI_ZNACKY_360_DEMO/OBJECT_MAP_3D.html,demo_library/visualization_showcase/05_MODNI_ZNACKY_360_DEMO/OBJECT_MAP_3D.html,OBJECT_MAP_3D.html,demo_library,.html,frontend_html,19228a847610898a179f55b6b617346164110e978f99b667c3830a7c2bd367b4,,,undetermined,UNKNOWN_NEEDS_DECISION,contents not read: the reference tree was not available when this inventory was built,,
demo_library/visualization_showcase/05_MODNI_ZNACKY_360_DEMO/QUESTIONNAIRE.json,demo_library/visualization_showcase/05_MODNI_ZNACKY_360_DEMO/QUESTIONNAIRE.json,QUESTIONNAIRE.json,demo_library,.json,json_data_or_config,8b586e02aceb340a8e3c6b791e5ad273951acd75054fb295d1b472dff91526af,,,undetermined,UNKNOWN_NEEDS_DECISION,contents not read: the reference tree was not available when this inventory was built,,
demo_library/visualization_showcase/05_MODNI_ZNACKY_360_DEMO/README.md,demo_library/visualization_showcase/05_MODNI_ZNACKY_360_DEMO/README.md,README.md,demo_library,.md,documentation,9b5467408ee62b5b7a8ff5c0acab0c18b2f644d5405f91d3e39f14299fff483a,,,undetermined,UNKNOWN_NEEDS_DECISION,contents not read: the reference tree was not available when this inventory was built,,
demo_library/visualization_showcase/05_MODNI_ZNACKY_360_DEMO/RESPONDENTS.csv,demo_library/visualization_showcase/05_MODNI_ZNACKY_360_DEMO/RESPONDENTS.csv,RESPONDENTS.csv,demo_library,.csv,csv_data_asset,b9ce6a719c3deb5b4f240aba82f2693f170d9bf05ea090e9f3614108b4ad1e76,,,undetermined,UNKNOWN_NEEDS_DECISION,contents not read: the reference tree was not available when this inventory was built,,
demo_library/visualization_showcase/05_MODNI_ZNACKY_360_DEMO/SEGMENT_INTELLIGENCE_DEMO.json,demo_library/visualization_showcase/05_MODNI_ZNACKY_360_DEMO/SEGMENT_INTELLIGENCE_DEMO.json,SEGMENT_INTELLIGENCE_DEMO.json,demo_library,.json,json_data_or_config,0863f89353898686184e8a70565b156cf37ef281587b73cd5c640713560eb44d,,,undetermined,UNKNOWN_NEEDS_DECISION,contents not read: the reference tree was not available when this inventory was built,,
demo_library/visualization_showcase/DEMO_VISUALIZATION_REGISTRY.json,demo_library/visualization_showcase/DEMO_VISUALIZATION_REGISTRY.json,DEMO_VISUALIZATION_REGISTRY.json,demo_library,.json,methodology_or_policy,b405771f081820dcf86207a6041c6c61e49fab6e976363e5a657794790a22bd6,,,undetermined,UNKNOWN_NEEDS_DECISION,contents not read: the reference tree was not available when this inventory was built,,
demo_showcase.py,demo_showcase.py,demo_showcase.py,(root),.py,python_application_source,add1bcd9f666b78925b5e1e7d4be6e39105cda1ffb2114e851bfe5637f6fad69,,,undetermined,UNKNOWN_NEEDS_DECISION,contents not read: the reference tree was not available when this inventory was built,,
desktop_launcher.py,desktop_launcher.py,desktop_launcher.py,(root),.py,python_application_source,66360749845713ef4fce9a22419373367c194e075d0afa8cf67751aec3193ed0,,,undetermined,UNKNOWN_NEEDS_DECISION,contents not read: the reference tree was not available when this inventory was built,,
diagnostika.py,diagnostika.py,diagnostika.py,(root),.py,python_tooling,1069c3a89be9b2a1e404c828cb875134f0be1024fd3dd90d25125c64b6d860ca,,,undetermined,UNKNOWN_NEEDS_DECISION,contents not read: the reference tree was not available when this inventory was built,,
dimension_catalog.py,dimension_catalog.py,dimension_catalog.py,(root),.py,python_application_source,a35d28f2b5d732b198b11063bd48415b3a41ac9337058372f4c1f5071a2f455d,,,undetermined,UNKNOWN_NEEDS_DECISION,contents not read: the reference tree was not available when this inventory was built,,
dispersion_calibration.py,dispersion_calibration.py,dispersion_calibration.py,(root),.py,python_application_source,570e465e72a3ee55623641ea632fbb4a6c9137f73f654ca8ddbe120efa650220,,,undetermined,UNKNOWN_NEEDS_DECISION,contents not read: the reference tree was not available when this inventory was built,,
dispozice.py,dispozice.py,dispozice.py,(root),.py,python_application_source,7b8c277e7712a1e6fc3ac461e44b77897b742bc5407c1a9effc1b2b9c2366613,,,undetermined,UNKNOWN_NEEDS_DECISION,contents not read: the reference tree was not available when this inventory was built,,
docs/architecture_18/ARCHITECTURE_18_0.md,docs/architecture_18/ARCHITECTURE_18_0.md,ARCHITECTURE_18_0.md,docs,.md,documentation,975281ada226f6aa1c8b238b1c77495c5c8e45cf6872b348377618d57585360f,,,undetermined,UNKNOWN_NEEDS_DECISION,contents not read: the reference tree was not available when this inventory was built,,
docs/architecture_18/BLOCK_B_IMPLEMENTATION.md,docs/architecture_18/BLOCK_B_IMPLEMENTATION.md,BLOCK_B_IMPLEMENTATION.md,docs,.md,documentation,d4fd4861b879c712b5c83b49ce1211d0f244087a2ce1dcfe31c800818863c3bf,,,undetermined,UNKNOWN_NEEDS_DECISION,contents not read: the reference tree was not available when this inventory was built,,
docs/architecture_18/BLOCK_C_IMPLEMENTATION.md,docs/architecture_18/BLOCK_C_IMPLEMENTATION.md,BLOCK_C_IMPLEMENTATION.md,docs,.md,documentation,7510fd098841dae4543253ecc544ccd7b32fda5ad676d6c9a927fadc529b7137,,,undetermined,UNKNOWN_NEEDS_DECISION,contents not read: the reference tree was not available when this inventory was built,,
docs/architecture_18/BLOCK_D_IMPLEMENTATION.md,docs/architecture_18/BLOCK_D_IMPLEMENTATION.md,BLOCK_D_IMPLEMENTATION.md,docs,.md,documentation,1ff4c09ca31c74c1f2bfa54e050b472e4780c8834bdb33332f48366371ebd706,,,undetermined,UNKNOWN_NEEDS_DECISION,contents not read: the reference tree was not available when this inventory was built,,
docs/architecture_18/BLOCK_E_IMPLEMENTATION.md,docs/architecture_18/BLOCK_E_IMPLEMENTATION.md,BLOCK_E_IMPLEMENTATION.md,docs,.md,documentation,2133bd7275ed8e587f9c7003d4ff6f767b9804f414d4ce1982bfd2e4ecb32998,,,undetermined,UNKNOWN_NEEDS_DECISION,contents not read: the reference tree was not available when this inventory was built,,
docs/architecture_18/BLOCK_F_IMPLEMENTATION.md,docs/architecture_18/BLOCK_F_IMPLEMENTATION.md,BLOCK_F_IMPLEMENTATION.md,docs,.md,documentation,9e1dd4703082ed7d0c427b33f9ab4bd66cc3434bc8407d5c5342556f9a16b154,,,undetermined,UNKNOWN_NEEDS_DECISION,contents not read: the reference tree was not available when this inventory was built,,
docs/architecture_18/BLOCK_ROADMAP_A_TO_F.md,docs/architecture_18/BLOCK_ROADMAP_A_TO_F.md,BLOCK_ROADMAP_A_TO_F.md,docs,.md,documentation,6d9aa816cddac6c8458af0d4f5aee009fc257bfbe7c0b09971d5adcdd2765a3a,,,undetermined,UNKNOWN_NEEDS_DECISION,contents not read: the reference tree was not available when this inventory was built,,
docs/architecture_18/BLOCK_ROADMAP_STATUS_AFTER_B.md,docs/architecture_18/BLOCK_ROADMAP_STATUS_AFTER_B.md,BLOCK_ROADMAP_STATUS_AFTER_B.md,docs,.md,documentation,adc212a1ebfe73e62a86dda7ac86a40987563f73a6057e2eb8e46d55132a2fae,,,undetermined,UNKNOWN_NEEDS_DECISION,contents not read: the reference tree was not available when this inventory was built,,
docs/architecture_18/BLOCK_ROADMAP_STATUS_AFTER_C.md,docs/architecture_18/BLOCK_ROADMAP_STATUS_AFTER_C.md,BLOCK_ROADMAP_STATUS_AFTER_C.md,docs,.md,documentation,529f48b6d4939125118aa4b5f8ddc3d24fe1b14b58fe5f6b956fef93ff8dd22f,,,undetermined,UNKNOWN_NEEDS_DECISION,contents not read: the reference tree was not available when this inventory was built,,
docs/architecture_18/FEATURE_MATRIX_BLOCK_A.csv,docs/architecture_18/FEATURE_MATRIX_BLOCK_A.csv,FEATURE_MATRIX_BLOCK_A.csv,docs,.csv,csv_data_asset,c6e7170fd29208d594039ca6086a82a3ae163151d13ddd9a5aa87f40c0afabf3,,,undetermined,UNKNOWN_NEEDS_DECISION,contents not read: the reference tree was not available when this inventory was built,,
docs/architecture_18/INTERFACE_CONTRACTS.md,docs/architecture_18/INTERFACE_CONTRACTS.md,INTERFACE_CONTRACTS.md,docs,.md,documentation,e7f7e5c4f43d077c320c15f1144b1035f0cf3cf3406f40f707f683e9c275d875,,,undetermined,UNKNOWN_NEEDS_DECISION,contents not read: the reference tree was not available when this inventory was built,,
docs/architecture_18/MERGE_CONTRACT_BLOCK_A.json,docs/architecture_18/MERGE_CONTRACT_BLOCK_A.json,MERGE_CONTRACT_BLOCK_A.json,docs,.json,methodology_or_policy,b58a5ca38324af7168aa15824f9c6535caf62488580cabef731ff50660023c21,,,undetermined,UNKNOWN_NEEDS_DECISION,contents not read: the reference tree was not available when this inventory was built,,
docs/architecture_18/REQUIREMENTS_AUDIT_BLOCK_A.md,docs/architecture_18/REQUIREMENTS_AUDIT_BLOCK_A.md,REQUIREMENTS_AUDIT_BLOCK_A.md,docs,.md,documentation,296fb08436a2f2fad5e8dc488262ebc85774d2896ecb637631d217a0bb357b49,,,undetermined,UNKNOWN_NEEDS_DECISION,contents not read: the reference tree was not available when this inventory was built,,
docs/architecture_18/SOCIOMAP_REFERENCE_SHA256.txt,docs/architecture_18/SOCIOMAP_REFERENCE_SHA256.txt,SOCIOMAP_REFERENCE_SHA256.txt,docs,.txt,text,a88e2135343e3c69be8bc6e5dee24b27ab6f47448fcfcfc7227ef26fff8da79a,,,undetermined,UNKNOWN_NEEDS_DECISION,contents not read: the reference tree was not available when this inventory was built,,
docs/architecture_18/SOURCE_PROVENANCE_BLOCK_A.json,docs/architecture_18/SOURCE_PROVENANCE_BLOCK_A.json,SOURCE_PROVENANCE_BLOCK_A.json,docs,.json,json_data_or_config,12c6f2554c5935a199345ec101903ad81aa6cee14ed83c742a4325df89948073,,,undetermined,UNKNOWN_NEEDS_DECISION,contents not read: the reference tree was not available when this inventory was built,,
docs/architecture_18/VISUALIZATION_DATA_CONTRACT.md,docs/architecture_18/VISUALIZATION_DATA_CONTRACT.md,VISUALIZATION_DATA_CONTRACT.md,docs,.md,documentation,577ee88e10c660e1401a7ba7c548a2996f5030e9f2a385bad33ccfa88432774b,,,undetermined,UNKNOWN_NEEDS_DECISION,contents not read: the reference tree was not available when this inventory was built,,
docs/demo_content_update_2026-09-11/Aerolinky360_texty_NPC_panel_summary.md,docs/demo_content_update_2026-09-11/Aerolinky360_texty_NPC_panel_summary.md,Aerolinky360_texty_NPC_panel_summary.md,docs,.md,documentation,b346907f59650555e81ca18f79a3432b94740f31d916238ac4b3a0d0ae3dea45,,,undetermined,UNKNOWN_NEEDS_DECISION,contents not read: the reference tree was not available when this inventory was built,,
docs/demo_content_update_2026-09-11/CHANGELOG_DEMO_UPDATE_2026-09-11.md,docs/demo_content_update_2026-09-11/CHANGELOG_DEMO_UPDATE_2026-09-11.md,CHANGELOG_DEMO_UPDATE_2026-09-11.md,docs,.md,documentation,903f13e81894c68ebb40f89105dcb1a2ef0197ab7b5ce81b07e230848d9d9e9c,,,undetermined,UNKNOWN_NEEDS_DECISION,contents not read: the reference tree was not available when this inventory was built,,
docs/demo_content_update_2026-09-11/GEMO_texty_NPC_panel_summary.md,docs/demo_content_update_2026-09-11/GEMO_texty_NPC_panel_summary.md,GEMO_texty_NPC_panel_summary.md,docs,.md,documentation,6bf91b87257f3914a67806bf4a9e04059d1136432b35e37360f26f3cee938956,,,undetermined,UNKNOWN_NEEDS_DECISION,contents not read: the reference tree was not available when this inventory was built,,
docs/demo_content_update_2026-09-11/MMC_texty_NPC_panel_summary.md,docs/demo_content_update_2026-09-11/MMC_texty_NPC_panel_summary.md,MMC_texty_NPC_panel_summary.md,docs,.md,documentation,89711b3b3eed1295aff29a3d470ffca6d76d53e85e1e1fd49ca655f4b0da7d0b,,,undetermined,UNKNOWN_NEEDS_DECISION,contents not read: the reference tree was not available when this inventory was built,,
docs/demo_content_update_2026-09-11/Napoje360_texty_NPC_panel_summary.md,docs/demo_content_update_2026-09-11/Napoje360_texty_NPC_panel_summary.md,Napoje360_texty_NPC_panel_summary.md,docs,.md,documentation,b8b50d2b977f1e4894974b436b02932b76e5023463a57d2fe23f410f1dafe491,,,undetermined,UNKNOWN_NEEDS_DECISION,contents not read: the reference tree was not available when this inventory was built,,
docs/demo_content_update_2026-09-11/Nase_Cesko_texty_NPC_panel_summary.md,docs/demo_content_update_2026-09-11/Nase_Cesko_texty_NPC_panel_summary.md,Nase_Cesko_texty_NPC_panel_summary.md,docs,.md,documentation,dbecaf2c461c13a160a907fb9941c480a093216db450cd4e72157829bf014924,,,undetermined,UNKNOWN_NEEDS_DECISION,contents not read: the reference tree was not available when this inventory was built,,
docs/history/1773/FINAL_ACCEPTANCE_17_7_3.json,docs/history/1773/FINAL_ACCEPTANCE_17_7_3.json,FINAL_ACCEPTANCE_17_7_3.json,docs,.json,methodology_or_policy,b6f491655538f5dc47fadcf07f8508202ddae3b9f7f53e3d9eecd669e8fc40f8,,,undetermined,UNKNOWN_NEEDS_DECISION,contents not read: the reference tree was not available when this inventory was built,,
docs/history/1773/FINAL_RELEASE_17_7_3.md,docs/history/1773/FINAL_RELEASE_17_7_3.md,FINAL_RELEASE_17_7_3.md,docs,.md,documentation,d4f3b3825c787be0fb50a46c6d99998811f2a14b7f4ca4f45029033bcebd0db1,,,undetermined,UNKNOWN_NEEDS_DECISION,contents not read: the reference tree was not available when this inventory was built,,
docs/history/1773/TEST_REPORT_17_7_3.md,docs/history/1773/TEST_REPORT_17_7_3.md,TEST_REPORT_17_7_3.md,docs,.md,documentation,781f86d19a7dddf63ad88273f2f92fe41e607f15f6b383eceabb20befa4d0236,,,undetermined,UNKNOWN_NEEDS_DECISION,contents not read: the reference tree was not available when this inventory was built,,
docs/history/AI_PANEL_REALITY_ALIGNMENT_17_3_1.md,docs/history/AI_PANEL_REALITY_ALIGNMENT_17_3_1.md,AI_PANEL_REALITY_ALIGNMENT_17_3_1.md,docs,.md,documentation,3df3cfd7603cbf50e29b1e7283e5701a38da24ec4a2a6f6af036ef1105006e18,,,undetermined,UNKNOWN_NEEDS_DECISION,contents not read: the reference tree was not available when this inventory was built,,
docs/history/AUDIT_N1_N7_RESOLUTION_v17_1.md,docs/history/AUDIT_N1_N7_RESOLUTION_v17_1.md,AUDIT_N1_N7_RESOLUTION_v17_1.md,docs,.md,documentation,3ea8edb2a8ed37daf7ebc7dbabbc96befc635677d8d71e28659e054aacd2dfae,,,undetermined,UNKNOWN_NEEDS_DECISION,contents not read: the reference tree was not available when this inventory was built,,
docs/history/FINAL_ACCEPTANCE_17_7_2.json,docs/history/FINAL_ACCEPTANCE_17_7_2.json,FINAL_ACCEPTANCE_17_7_2.json,docs,.json,methodology_or_policy,a42944867f694bd3db526d80b9aab6010c3bc4c34c2b4432761e4829749295ca,,,undetermined,UNKNOWN_NEEDS_DECISION,contents not read: the reference tree was not available when this inventory was built,,
docs/history/FINAL_ACCEPTANCE_17_7_4.json,docs/history/FINAL_ACCEPTANCE_17_7_4.json,FINAL_ACCEPTANCE_17_7_4.json,docs,.json,methodology_or_policy,ed8ef69345170331aa34e5562756b411ad91b0f269fe9cbe978f652f1cf3d9e2,,,undetermined,UNKNOWN_NEEDS_DECISION,contents not read: the reference tree was not available when this inventory was built,,
docs/history/FINAL_ACCEPTANCE_18_6_0.json,docs/history/FINAL_ACCEPTANCE_18_6_0.json,FINAL_ACCEPTANCE_18_6_0.json,docs,.json,methodology_or_policy,0d8c98506bcb5a6398f432081b06e1d855902f88f58ce3ecff9ae615574b72c7,,,undetermined,UNKNOWN_NEEDS_DECISION,contents not read: the reference tree was not available when this inventory was built,,
docs/history/FINAL_ACCEPTANCE_18_6_2.json,docs/history/FINAL_ACCEPTANCE_18_6_2.json,FINAL_ACCEPTANCE_18_6_2.json,docs,.json,methodology_or_policy,69f778714154a9209fd8cd3489eaa798b61a5f1a7076310a66e078057e72626d,,,undetermined,UNKNOWN_NEEDS_DECISION,contents not read: the reference tree was not available when this inventory was built,,
docs/history/FINAL_FILE_MANIFEST_18_6_2.csv,docs/history/FINAL_FILE_MANIFEST_18_6_2.csv,FINAL_FILE_MANIFEST_18_6_2.csv,docs,.csv,csv_data_asset,771382d04283ac296c63e7dadf14729d24cf5c91ec473410faf68e7a8d9e0921,,,undetermined,UNKNOWN_NEEDS_DECISION,contents not read: the reference tree was not available when this inventory was built,,
docs/history/FINAL_RELEASE_17_1_2.md,docs/history/FINAL_RELEASE_17_1_2.md,FINAL_RELEASE_17_1_2.md,docs,.md,documentation,390d49a2efdfdaa764cda782648d13c588aed7c0c53bb63cbdce44289ea7c6af,,,undetermined,UNKNOWN_NEEDS_DECISION,contents not read: the reference tree was not available when this inventory was built,,
docs/history/FINAL_RELEASE_17_2_1.md,docs/history/FINAL_RELEASE_17_2_1.md,FINAL_RELEASE_17_2_1.md,docs,.md,documentation,3e8bb962f6e49d51765fedad200b3442f3f933750dac6b194e143f7ed3fc84ff,,,undetermined,UNKNOWN_NEEDS_DECISION,contents not read: the reference tree was not available when this inventory was built,,
docs/history/FINAL_RELEASE_17_3_0.md,docs/history/FINAL_RELEASE_17_3_0.md,FINAL_RELEASE_17_3_0.md,docs,.md,documentation,f5266d5763a989a8bc417de94b7ba08416b49c7b7910eefdae4d4047e9cbea63,,,undetermined,UNKNOWN_NEEDS_DECISION,contents not read: the reference tree was not available when this inventory was built,,
docs/history/FINAL_RELEASE_17_3_1.md,docs/history/FINAL_RELEASE_17_3_1.md,FINAL_RELEASE_17_3_1.md,docs,.md,documentation,c35395fc00733b0b6eb1f56e4e408ad06b8f4b7aebd1638c67ba65b2de2e6427,,,undetermined,UNKNOWN_NEEDS_DECISION,contents not read: the reference tree was not available when this inventory was built,,
docs/history/FINAL_RELEASE_17_5_0.md,docs/history/FINAL_RELEASE_17_5_0.md,FINAL_RELEASE_17_5_0.md,docs,.md,documentation,9473c5320b036fe4ad9a259c439353f4cee57797592232ff1bf8eecff07d051b,,,undetermined,UNKNOWN_NEEDS_DECISION,contents not read: the reference tree was not available when this inventory was built,,
docs/history/FINAL_RELEASE_17_6_0.md,docs/history/FINAL_RELEASE_17_6_0.md,FINAL_RELEASE_17_6_0.md,docs,.md,documentation,cf4cc56e4aafb11baeda5c3f4dc9e3e66fe85e0a82e29f2acc3f902c67b58609,,,undetermined,UNKNOWN_NEEDS_DECISION,contents not read: the reference tree was not available when this inventory was built,,
docs/history/FINAL_RELEASE_17_6_2.md,docs/history/FINAL_RELEASE_17_6_2.md,FINAL_RELEASE_17_6_2.md,docs,.md,documentation,65d0875e50f0ad377fbb604b3e54715d4416743bc9f7c30751f86171be56fdae,,,undetermined,UNKNOWN_NEEDS_DECISION,contents not read: the reference tree was not available when this inventory was built,,
docs/history/FINAL_RELEASE_17_6_3.md,docs/history/FINAL_RELEASE_17_6_3.md,FINAL_RELEASE_17_6_3.md,docs,.md,documentation,585839856cafa494da9cf4d0393a86c9ddccbbd0536881ee8c3ba96df921d53c,,,undetermined,UNKNOWN_NEEDS_DECISION,contents not read: the reference tree was not available when this inventory was built,,
docs/history/FINAL_RELEASE_17_6_5.md,docs/history/FINAL_RELEASE_17_6_5.md,FINAL_RELEASE_17_6_5.md,docs,.md,documentation,91f7c58d7dfd8de708d444c77c6cb07b941f032175000950cd6d6abb6b09f278,,,undetermined,UNKNOWN_NEEDS_DECISION,contents not read: the reference tree was not available when this inventory was built,,
docs/history/FINAL_RELEASE_17_6_7.md,docs/history/FINAL_RELEASE_17_6_7.md,FINAL_RELEASE_17_6_7.md,docs,.md,documentation,007b1d217878d3286270eec39256c1d66ee526d0a9fed7434fac597a3e08e1ca,,,undetermined,UNKNOWN_NEEDS_DECISION,contents not read: the reference tree was not available when this inventory was built,,
docs/history/FINAL_RELEASE_17_6_8.md,docs/history/FINAL_RELEASE_17_6_8.md,FINAL_RELEASE_17_6_8.md,docs,.md,documentation,14b024002a895e1ef2f9180c49d2c2db34515ab6c8734b2030261e56a222e91a,,,undetermined,UNKNOWN_NEEDS_DECISION,contents not read: the reference tree was not available when this inventory was built,,
docs/history/FINAL_RELEASE_17_6_9.md,docs/history/FINAL_RELEASE_17_6_9.md,FINAL_RELEASE_17_6_9.md,docs,.md,documentation,eb2ece2350bd65947975dbf8c12cd89298a0cb85df84c6ae11e9bd65d1d33899,,,undetermined,UNKNOWN_NEEDS_DECISION,contents not read: the reference tree was not available when this inventory was built,,
docs/history/FINAL_RELEASE_17_7_4.md,docs/history/FINAL_RELEASE_17_7_4.md,FINAL_RELEASE_17_7_4.md,docs,.md,documentation,d0e66587b4d6e9177cfa2b46d106b78e110ab2019ac531ad40aa54decbb7801e,,,undetermined,UNKNOWN_NEEDS_DECISION,contents not read: the reference tree was not available when this inventory was built,,
docs/history/FINAL_RELEASE_18_6_0.md,docs/history/FINAL_RELEASE_18_6_0.md,FINAL_RELEASE_18_6_0.md,docs,.md,documentation,a72fdf12c4b6fc1f7358124e2a999e6ffd3f90c839d15fb69481b2c8ee97cafb,,,undetermined,UNKNOWN_NEEDS_DECISION,contents not read: the reference tree was not available when this inventory was built,,
docs/history/FINAL_RELEASE_18_6_2.md,docs/history/FINAL_RELEASE_18_6_2.md,FINAL_RELEASE_18_6_2.md,docs,.md,documentation,90dd41b002057b67cc446f932ba05fe258df3145c2c89ad76c251932b3dc0ec8,,,undetermined,UNKNOWN_NEEDS_DECISION,contents not read: the reference tree was not available when this inventory was built,,
docs/history/PROVIDER_RESEARCH_HOTFIX_17_6_2.md,docs/history/PROVIDER_RESEARCH_HOTFIX_17_6_2.md,PROVIDER_RESEARCH_HOTFIX_17_6_2.md,docs,.md,documentation,3d23e0b5f5a43b06f53b37592aa840f80406ed78b5c0f1957c27fd650396c891,,,undetermined,UNKNOWN_NEEDS_DECISION,contents not read: the reference tree was not available when this inventory was built,,
docs/history/PYTHON_BOOTSTRAP_FIX_17_2_0.md,docs/history/PYTHON_BOOTSTRAP_FIX_17_2_0.md,PYTHON_BOOTSTRAP_FIX_17_2_0.md,docs,.md,documentation,98f2abae199eb14530119ca8f3755b4c9a281f22aa8718253ab54cc6ae0cd8da,,,undetermined,UNKNOWN_NEEDS_DECISION,contents not read: the reference tree was not available when this inventory was built,,
docs/history/SHA256SUMS_17_7_3.txt,docs/history/SHA256SUMS_17_7_3.txt,SHA256SUMS_17_7_3.txt,docs,.txt,text,fe4095bd6ad1451f1fc579816ef99ebc3e9152a0c55fbdd2fbb2042a21419979,,,undetermined,UNKNOWN_NEEDS_DECISION,contents not read: the reference tree was not available when this inventory was built,,
docs/history/STARTUP_CRASH_PROOF_17_2_0.md,docs/history/STARTUP_CRASH_PROOF_17_2_0.md,STARTUP_CRASH_PROOF_17_2_0.md,docs,.md,documentation,a79138af5573ee2f7a3ec949d4d1d4a0719c08e2177a7a918d9a2e2061ea6b3b,,,undetermined,UNKNOWN_NEEDS_DECISION,contents not read: the reference tree was not available when this inventory was built,,
docs/history/STARTUP_HOTFIX_17_1_2.md,docs/history/STARTUP_HOTFIX_17_1_2.md,STARTUP_HOTFIX_17_1_2.md,docs,.md,documentation,668a0871720208841be4ee499eb02fa9eef8d7926aebf80c0ecc0849500cc872,,,undetermined,UNKNOWN_NEEDS_DECISION,contents not read: the reference tree was not available when this inventory was built,,
docs/history/STARTUP_UI_HOTFIX_2026_08_19.md,docs/history/STARTUP_UI_HOTFIX_2026_08_19.md,STARTUP_UI_HOTFIX_2026_08_19.md,docs,.md,documentation,05d0415f2cee25253f669fe05bdd47a361c75cbe674c124987f194856871ad2a,,,undetermined,UNKNOWN_NEEDS_DECISION,contents not read: the reference tree was not available when this inventory was built,,
docs/history/STEP2_ACCEPTANCE_17_7_1.json,docs/history/STEP2_ACCEPTANCE_17_7_1.json,STEP2_ACCEPTANCE_17_7_1.json,docs,.json,methodology_or_policy,cb537a1a01c75a63ed52e922beeef343ac11476817a74c0c39a77fe7b180e8e4,,,undetermined,UNKNOWN_NEEDS_DECISION,contents not read: the reference tree was not available when this inventory was built,,
docs/history/STEP2_RELEASE_17_7_1.md,docs/history/STEP2_RELEASE_17_7_1.md,STEP2_RELEASE_17_7_1.md,docs,.md,documentation,67d40ca7ddebb9329b803d8bf13ee1672b7e6d56793f4b219cc1fdd8a62d16dd,,,undetermined,UNKNOWN_NEEDS_DECISION,contents not read: the reference tree was not available when this inventory was built,,
docs/history/STEP3_RELEASE_17_7_2.md,docs/history/STEP3_RELEASE_17_7_2.md,STEP3_RELEASE_17_7_2.md,docs,.md,documentation,4efd5e8843ccd4a366710ae5bf7b0b74ab35462b4cef701af66549ac3cb37849,,,undetermined,UNKNOWN_NEEDS_DECISION,contents not read: the reference tree was not available when this inventory was built,,
docs/history/TEST_REPORT_17_7_2.md,docs/history/TEST_REPORT_17_7_2.md,TEST_REPORT_17_7_2.md,docs,.md,documentation,2b5744c790333657f28c2579c28b70a7ab4082f09cc9842fc76109948438bc5e,,,undetermined,UNKNOWN_NEEDS_DECISION,contents not read: the reference tree was not available when this inventory was built,,
docs/history/TEST_REPORT_17_7_4.md,docs/history/TEST_REPORT_17_7_4.md,TEST_REPORT_17_7_4.md,docs,.md,documentation,45496a5c158ba9de542d973a7ba084de389ef0dab5452855f913f66e5944f7ff,,,undetermined,UNKNOWN_NEEDS_DECISION,contents not read: the reference tree was not available when this inventory was built,,
docs/history/UX_REDESIGN_17_2_1.md,docs/history/UX_REDESIGN_17_2_1.md,UX_REDESIGN_17_2_1.md,docs,.md,documentation,a3afc9a40055898a40d1e6eb1c3f3cdd62d9066159d380b804b793c9e0313ff3,,,undetermined,UNKNOWN_NEEDS_DECISION,contents not read: the reference tree was not available when this inventory was built,,
docs/history/WORKER_STARTUP_FIX_17_2_0.md,docs/history/WORKER_STARTUP_FIX_17_2_0.md,WORKER_STARTUP_FIX_17_2_0.md,docs,.md,documentation,fca1c49c4a54d0e98ff930dfe497a9d54a0cb955defaf062c8c3c5dea2628c09,,,undetermined,UNKNOWN_NEEDS_DECISION,contents not read: the reference tree was not available when this inventory was built,,
docs/history/blocks/BLOCK_A_ACCEPTANCE.json,docs/history/blocks/BLOCK_A_ACCEPTANCE.json,BLOCK_A_ACCEPTANCE.json,docs,.json,methodology_or_policy,d9ed2faf47f3b83010502dc598995f3f7d3712b357067f841a26b7d82812b4f7,,,undetermined,UNKNOWN_NEEDS_DECISION,contents not read: the reference tree was not available when this inventory was built,,
docs/history/blocks/BLOCK_A_README.md,docs/history/blocks/BLOCK_A_README.md,BLOCK_A_README.md,docs,.md,documentation,1c487c433dbae2b04d8836fe68ed5eb426ffd8ac1bcbe78a311cad60c4a6e6fc,,,undetermined,UNKNOWN_NEEDS_DECISION,contents not read: the reference tree was not available when this inventory was built,,
docs/history/blocks/BLOCK_B_ACCEPTANCE.json,docs/history/blocks/BLOCK_B_ACCEPTANCE.json,BLOCK_B_ACCEPTANCE.json,docs,.json,methodology_or_policy,fa92051c7a9f8986dad69b28d7174e8a19140e9987e2810f787494bd90448864,,,undetermined,UNKNOWN_NEEDS_DECISION,contents not read: the reference tree was not available when this inventory was built,,
docs/history/blocks/BLOCK_B_MANIFEST.json,docs/history/blocks/BLOCK_B_MANIFEST.json,BLOCK_B_MANIFEST.json,docs,.json,json_data_or_config,7f4392cc3c612aab1c7f3df88150fd60bc1322331f964bcd8f9b3259907cc3e0,,,undetermined,UNKNOWN_NEEDS_DECISION,contents not read: the reference tree was not available when this inventory was built,,
docs/history/blocks/BLOCK_B_README.md,docs/history/blocks/BLOCK_B_README.md,BLOCK_B_README.md,docs,.md,documentation,e6b9e2e06f098bd644b45f5b335180bf67f0b98d0a690c4edf7770b3870d2351,,,undetermined,UNKNOWN_NEEDS_DECISION,contents not read: the reference tree was not available when this inventory was built,,
docs/history/blocks/BLOCK_C_ACCEPTANCE.json,docs/history/blocks/BLOCK_C_ACCEPTANCE.json,BLOCK_C_ACCEPTANCE.json,docs,.json,methodology_or_policy,b87883c4a052bfd1c0b3f83bc394fbe77ba388c3d3999ca3d96d92f6b8fe5ac6,,,undetermined,UNKNOWN_NEEDS_DECISION,contents not read: the reference tree was not available when this inventory was built,,
docs/history/blocks/BLOCK_C_MERGE_DELTA.json,docs/history/blocks/BLOCK_C_MERGE_DELTA.json,BLOCK_C_MERGE_DELTA.json,docs,.json,json_data_or_config,b698ee48d3650b16e54c6bbc529af718bbc5af40743fc4226bd0cc48dd7e0c71,,,undetermined,UNKNOWN_NEEDS_DECISION,contents not read: the reference tree was not available when this inventory was built,,
docs/history/blocks/BLOCK_C_README.md,docs/history/blocks/BLOCK_C_README.md,BLOCK_C_README.md,docs,.md,documentation,ca3cb40f605ac9f748c9a5647525a7611a2e51f7832cde2c2a8acee39635530e,,,undetermined,UNKNOWN_NEEDS_DECISION,contents not read: the reference tree was not available when this inventory was built,,
docs/history/blocks/BLOCK_C_RUNTIME_DIFF.json,docs/history/blocks/BLOCK_C_RUNTIME_DIFF.json,BLOCK_C_RUNTIME_DIFF.json,docs,.json,json_data_or_config,889d587f3dd4b775ba4d84d14d3c4efdfccbbfc3b588444c6eea8dccb903fb19,,,undetermined,UNKNOWN_NEEDS_DECISION,contents not read: the reference tree was not available when this inventory was built,,
docs/history/blocks/BLOCK_D_ACCEPTANCE.json,docs/history/blocks/BLOCK_D_ACCEPTANCE.json,BLOCK_D_ACCEPTANCE.json,docs,.json,methodology_or_policy,58c71dd56c2fbf2e76710a29186ad2a369a0d82a9bce5c90ee22c610d5a8bb61,,,undetermined,UNKNOWN_NEEDS_DECISION,contents not read: the reference tree was not available when this inventory was built,,
docs/history/blocks/BLOCK_D_README.md,docs/history/blocks/BLOCK_D_README.md,BLOCK_D_README.md,docs,.md,documentation,aba69974bb8cd1dd5df74b09fdc6c77484672ef70d6f4f9d9b831e6a442badce,,,undetermined,UNKNOWN_NEEDS_DECISION,contents not read: the reference tree was not available when this inventory was built,,
docs/history/blocks/BLOCK_E_ACCEPTANCE.json,docs/history/blocks/BLOCK_E_ACCEPTANCE.json,BLOCK_E_ACCEPTANCE.json,docs,.json,methodology_or_policy,e0fbb8ec6fbd2e6bcf6cdbd91dbbb83428af5de0308cf275053f14b25a4aaf4a,,,undetermined,UNKNOWN_NEEDS_DECISION,contents not read: the reference tree was not available when this inventory was built,,
docs/history/blocks/BLOCK_E_MERGE_DELTA.json,docs/history/blocks/BLOCK_E_MERGE_DELTA.json,BLOCK_E_MERGE_DELTA.json,docs,.json,json_data_or_config,458d89495a00ee568b713030c5251d5dd64d265f5aa1ac9139c240fdb58b5ac5,,,undetermined,UNKNOWN_NEEDS_DECISION,contents not read: the reference tree was not available when this inventory was built,,
docs/history/blocks/BLOCK_E_README.md,docs/history/blocks/BLOCK_E_README.md,BLOCK_E_README.md,docs,.md,documentation,0dc1931effcb14c9c68448e8cd6f2f7898c04fb0543c476f3ee612281d056f1f,,,undetermined,UNKNOWN_NEEDS_DECISION,contents not read: the reference tree was not available when this inventory was built,,
docs/history/blocks/BLOCK_F_ACCEPTANCE.json,docs/history/blocks/BLOCK_F_ACCEPTANCE.json,BLOCK_F_ACCEPTANCE.json,docs,.json,methodology_or_policy,a80dac1ae0fecedcd9277f956ed4188126cee4d48c6775635087a51adecd66ca,,,undetermined,UNKNOWN_NEEDS_DECISION,contents not read: the reference tree was not available when this inventory was built,,
docs/history/blocks/BLOCK_F_MERGE_DELTA.json,docs/history/blocks/BLOCK_F_MERGE_DELTA.json,BLOCK_F_MERGE_DELTA.json,docs,.json,json_data_or_config,9dcef2c70b040a98b8cb470002cb24ae2529185cc24e922c0811fa6ed6bf6f1d,,,undetermined,UNKNOWN_NEEDS_DECISION,contents not read: the reference tree was not available when this inventory was built,,
docs/history/blocks/BLOCK_F_README.md,docs/history/blocks/BLOCK_F_README.md,BLOCK_F_README.md,docs,.md,documentation,38521dda99b97a87e04c20bcb99dc656deabf40591b964bb0bf90d9c7fd132b7,,,undetermined,UNKNOWN_NEEDS_DECISION,contents not read: the reference tree was not available when this inventory was built,,
docs/history/blocks/SHA256SUMS_BLOCK_B.txt,docs/history/blocks/SHA256SUMS_BLOCK_B.txt,SHA256SUMS_BLOCK_B.txt,docs,.txt,text,f4f471038368e4a2337c03a6336feaae1e7ec4a01e7115dc5ed3ac4d11bb9b73,,,undetermined,UNKNOWN_NEEDS_DECISION,contents not read: the reference tree was not available when this inventory was built,,
docs/history/blocks/SHA256SUMS_BLOCK_C.txt,docs/history/blocks/SHA256SUMS_BLOCK_C.txt,SHA256SUMS_BLOCK_C.txt,docs,.txt,text,e421f3bda09cb7b296cbd1e8928dbdfd8682dcb593ac066326228f07e9d17c70,,,undetermined,UNKNOWN_NEEDS_DECISION,contents not read: the reference tree was not available when this inventory was built,,
docs/history/blocks/SHA256SUMS_BLOCK_E.txt,docs/history/blocks/SHA256SUMS_BLOCK_E.txt,SHA256SUMS_BLOCK_E.txt,docs,.txt,text,3a7597f8529fe6207f18d43c21bebf5b10a1309f63270bdd09054f8297613334,,,undetermined,UNKNOWN_NEEDS_DECISION,contents not read: the reference tree was not available when this inventory was built,,
docs/history/blocks/SHA256SUMS_BLOCK_F.txt,docs/history/blocks/SHA256SUMS_BLOCK_F.txt,SHA256SUMS_BLOCK_F.txt,docs,.txt,text,20780011b5754d710761cbcbf2eef346d09b29fc5b1a401c2492870f280e0265,,,undetermined,UNKNOWN_NEEDS_DECISION,contents not read: the reference tree was not available when this inventory was built,,
docs/history/legacy_17_7_7/FINAL_ACCEPTANCE_17_7_7.json,docs/history/legacy_17_7_7/FINAL_ACCEPTANCE_17_7_7.json,FINAL_ACCEPTANCE_17_7_7.json,docs,.json,methodology_or_policy,f2ebb0782f7aa6cfa9c441a63b1ed1df0663ec0b3625bde5d3c90f7e133e9ee4,,,undetermined,UNKNOWN_NEEDS_DECISION,contents not read: the reference tree was not available when this inventory was built,,
docs/history/legacy_17_7_7/FINAL_RELEASE_17_7_7.md,docs/history/legacy_17_7_7/FINAL_RELEASE_17_7_7.md,FINAL_RELEASE_17_7_7.md,docs,.md,documentation,54a4b2a2dd00fb95729b193b81ec9dd14d77dcff58274d9763532804d9ee1bbb,,,undetermined,UNKNOWN_NEEDS_DECISION,contents not read: the reference tree was not available when this inventory was built,,
docs/history/legacy_17_7_7/SHA256SUMS_17_7_7.txt,docs/history/legacy_17_7_7/SHA256SUMS_17_7_7.txt,SHA256SUMS_17_7_7.txt,docs,.txt,text,f45cfcd0329396d97447d18917305fa6f9ca5ceb210e960f7454adbec0cf83c2,,,undetermined,UNKNOWN_NEEDS_DECISION,contents not read: the reference tree was not available when this inventory was built,,
docs/history/legacy_17_7_7/TEST_REPORT_17_7_7.md,docs/history/legacy_17_7_7/TEST_REPORT_17_7_7.md,TEST_REPORT_17_7_7.md,docs,.md,documentation,2db8b8fefc6c1e31b1c01e9b050a0954c26fe1a320a6e2b2aa005f6557346ca4,,,undetermined,UNKNOWN_NEEDS_DECISION,contents not read: the reference tree was not available when this inventory was built,,
docs/history/releases/DISTRIBUTION_ACCEPTANCE_17_9_5.json,docs/history/releases/DISTRIBUTION_ACCEPTANCE_17_9_5.json,DISTRIBUTION_ACCEPTANCE_17_9_5.json,docs,.json,methodology_or_policy,ac962d33a3942be74ced5592dae19650a4b06431a3598530c0b192483dcc3caa,,,undetermined,UNKNOWN_NEEDS_DECISION,contents not read: the reference tree was not available when this inventory was built,,
docs/history/releases/DISTRIBUTION_ACCEPTANCE_17_9_6.json,docs/history/releases/DISTRIBUTION_ACCEPTANCE_17_9_6.json,DISTRIBUTION_ACCEPTANCE_17_9_6.json,docs,.json,methodology_or_policy,0be03e24cf94109af9fc275c97ca610553b3211067fdcc09d8635cacf7c80599,,,undetermined,UNKNOWN_NEEDS_DECISION,contents not read: the reference tree was not available when this inventory was built,,
docs/history/releases/DISTRIBUTION_ACCEPTANCE_17_9_7.json,docs/history/releases/DISTRIBUTION_ACCEPTANCE_17_9_7.json,DISTRIBUTION_ACCEPTANCE_17_9_7.json,docs,.json,methodology_or_policy,3dd61d0745969b7a02ba56b64ea19089cee3fc33f9ae7ac092d73ba9863e7c3a,,,undetermined,UNKNOWN_NEEDS_DECISION,contents not read: the reference tree was not available when this inventory was built,,
docs/history/releases/FINAL_ACCEPTANCE_17_8_0.json,docs/history/releases/FINAL_ACCEPTANCE_17_8_0.json,FINAL_ACCEPTANCE_17_8_0.json,docs,.json,methodology_or_policy,0426d368ba28687b6d6240edfaa5c5f4486f03a17285dcb114f9bb73251b51fc,,,undetermined,UNKNOWN_NEEDS_DECISION,contents not read: the reference tree was not available when this inventory was built,,
docs/history/releases/FINAL_ACCEPTANCE_17_8_1.json,docs/history/releases/FINAL_ACCEPTANCE_17_8_1.json,FINAL_ACCEPTANCE_17_8_1.json,docs,.json,methodology_or_policy,0021fe799231ec348dcd500d4fcb8f996b4fa52e10142e2950b94949e341eed7,,,undetermined,UNKNOWN_NEEDS_DECISION,contents not read: the reference tree was not available when this inventory was built,,
docs/history/releases/FINAL_ACCEPTANCE_17_8_2.json,docs/history/releases/FINAL_ACCEPTANCE_17_8_2.json,FINAL_ACCEPTANCE_17_8_2.json,docs,.json,methodology_or_policy,1620209b281cd4d7db69d8048761515bb28474a28f32fbd6afd2a7970cd818a0,,,undetermined,UNKNOWN_NEEDS_DECISION,contents not read: the reference tree was not available when this inventory was built,,
docs/history/releases/FINAL_ACCEPTANCE_17_8_3.json,docs/history/releases/FINAL_ACCEPTANCE_17_8_3.json,FINAL_ACCEPTANCE_17_8_3.json,docs,.json,methodology_or_policy,c226be22234ad77ea19e2552505647b976beb21ea9292f51dd744686c5a8c831,,,undetermined,UNKNOWN_NEEDS_DECISION,contents not read: the reference tree was not available when this inventory was built,,
docs/history/releases/FINAL_ACCEPTANCE_17_8_4.json,docs/history/releases/FINAL_ACCEPTANCE_17_8_4.json,FINAL_ACCEPTANCE_17_8_4.json,docs,.json,methodology_or_policy,a356242ba86ccc96b0b995157207ec5563ebb94e70aa3ee37ac986471ed71045,,,undetermined,UNKNOWN_NEEDS_DECISION,contents not read: the reference tree was not available when this inventory was built,,
docs/history/releases/FINAL_ACCEPTANCE_17_8_5.json,docs/history/releases/FINAL_ACCEPTANCE_17_8_5.json,FINAL_ACCEPTANCE_17_8_5.json,docs,.json,methodology_or_policy,7d8549bc53bf436911e2644d95d45327b6a0b53d8ce7d44463534caff68fc340,,,undetermined,UNKNOWN_NEEDS_DECISION,contents not read: the reference tree was not available when this inventory was built,,
docs/history/releases/FINAL_ACCEPTANCE_17_8_6.json,docs/history/releases/FINAL_ACCEPTANCE_17_8_6.json,FINAL_ACCEPTANCE_17_8_6.json,docs,.json,methodology_or_policy,ca8ce2177c06ae1420c2d4a1f85f2f6e421ee31995a3026af4f22131978de8fc,,,undetermined,UNKNOWN_NEEDS_DECISION,contents not read: the reference tree was not available when this inventory was built,,
docs/history/releases/FINAL_ACCEPTANCE_17_8_7.json,docs/history/releases/FINAL_ACCEPTANCE_17_8_7.json,FINAL_ACCEPTANCE_17_8_7.json,docs,.json,methodology_or_policy,52a4327af8af09b6522288ccbde8ef3c4c36a39c8609bec0e9f05ead4aabd9d8,,,undetermined,UNKNOWN_NEEDS_DECISION,contents not read: the reference tree was not available when this inventory was built,,
docs/history/releases/FINAL_ACCEPTANCE_17_8_8.json,docs/history/releases/FINAL_ACCEPTANCE_17_8_8.json,FINAL_ACCEPTANCE_17_8_8.json,docs,.json,methodology_or_policy,096a6c29bea4c479df2961b5cf9d90acd92e56a38bfb2d884509f598e9c948be,,,undetermined,UNKNOWN_NEEDS_DECISION,contents not read: the reference tree was not available when this inventory was built,,
docs/history/releases/FINAL_ACCEPTANCE_17_8_9.json,docs/history/releases/FINAL_ACCEPTANCE_17_8_9.json,FINAL_ACCEPTANCE_17_8_9.json,docs,.json,methodology_or_policy,e2425da229905b6d88f4a6d9c09857f6959892c77572f16d5645f59593ffeb31,,,undetermined,UNKNOWN_NEEDS_DECISION,contents not read: the reference tree was not available when this inventory was built,,
docs/history/releases/FINAL_ACCEPTANCE_17_9_0.json,docs/history/releases/FINAL_ACCEPTANCE_17_9_0.json,FINAL_ACCEPTANCE_17_9_0.json,docs,.json,methodology_or_policy,fee7cd5d5d824f888b95c1d3072120c17ef9afb413cad6c803c0777fbb59e86d,,,undetermined,UNKNOWN_NEEDS_DECISION,contents not read: the reference tree was not available when this inventory was built,,
docs/history/releases/FINAL_ACCEPTANCE_17_9_1.json,docs/history/releases/FINAL_ACCEPTANCE_17_9_1.json,FINAL_ACCEPTANCE_17_9_1.json,docs,.json,methodology_or_policy,b92978b647df6f1420e9f2b1d2b7ecee4575856f6f7f8bc3b94bb4e3f7e82e6a,,,undetermined,UNKNOWN_NEEDS_DECISION,contents not read: the reference tree was not available when this inventory was built,,
docs/history/releases/FINAL_ACCEPTANCE_17_9_3.json,docs/history/releases/FINAL_ACCEPTANCE_17_9_3.json,FINAL_ACCEPTANCE_17_9_3.json,docs,.json,methodology_or_policy,60b4bcd50ee2fdee12c31e1ab89de740f356d5eb10105bd080665aa5d9602806,,,undetermined,UNKNOWN_NEEDS_DECISION,contents not read: the reference tree was not available when this inventory was built,,
docs/history/releases/FINAL_ACCEPTANCE_17_9_4.json,docs/history/releases/FINAL_ACCEPTANCE_17_9_4.json,FINAL_ACCEPTANCE_17_9_4.json,docs,.json,methodology_or_policy,5119c719d5afbe9c5f96fff5f8ff4c65269daa70ef4e1fba118a6a934105c67c,,,undetermined,UNKNOWN_NEEDS_DECISION,contents not read: the reference tree was not available when this inventory was built,,
docs/history/releases/FINAL_ACCEPTANCE_17_9_5.json,docs/history/releases/FINAL_ACCEPTANCE_17_9_5.json,FINAL_ACCEPTANCE_17_9_5.json,docs,.json,methodology_or_policy,fa90885ca793561aeb6b74b0acbb60ece67aca3775f6dc0ce22fe93911a44d63,,,undetermined,UNKNOWN_NEEDS_DECISION,contents not read: the reference tree was not available when this inventory was built,,
docs/history/releases/FINAL_ACCEPTANCE_17_9_6.json,docs/history/releases/FINAL_ACCEPTANCE_17_9_6.json,FINAL_ACCEPTANCE_17_9_6.json,docs,.json,methodology_or_policy,939faf706bf2ddc99a56b896c6097c5dff79532d7b397fd8fe24f1303a453209,,,undetermined,UNKNOWN_NEEDS_DECISION,contents not read: the reference tree was not available when this inventory was built,,
docs/history/releases/FINAL_ACCEPTANCE_17_9_7.json,docs/history/releases/FINAL_ACCEPTANCE_17_9_7.json,FINAL_ACCEPTANCE_17_9_7.json,docs,.json,methodology_or_policy,06c5188c7976b81ad4c34cea209975e8f4ff26db20e8c41b0c476e6db10d8697,,,undetermined,UNKNOWN_NEEDS_DECISION,contents not read: the reference tree was not available when this inventory was built,,
docs/history/releases/FINAL_ACCEPTANCE_17_9_8.json,docs/history/releases/FINAL_ACCEPTANCE_17_9_8.json,FINAL_ACCEPTANCE_17_9_8.json,docs,.json,methodology_or_policy,bd827650c5f62552ecb7b97f340f862637d1dbd920c734425ec169247b4743fd,,,undetermined,UNKNOWN_NEEDS_DECISION,contents not read: the reference tree was not available when this inventory was built,,
docs/history/releases/FINAL_RELEASE_17_8_0.md,docs/history/releases/FINAL_RELEASE_17_8_0.md,FINAL_RELEASE_17_8_0.md,docs,.md,documentation,0c7e8c89267b6ecd02119c2bb1b3b796fbbae34baae833a46e41c87657f6c611,,,undetermined,UNKNOWN_NEEDS_DECISION,contents not read: the reference tree was not available when this inventory was built,,
docs/history/releases/FINAL_RELEASE_17_8_1.md,docs/history/releases/FINAL_RELEASE_17_8_1.md,FINAL_RELEASE_17_8_1.md,docs,.md,documentation,11f3c607a2e677c08981f7d268e1942c56035d84d3b993267c5a46e0f07a29e8,,,undetermined,UNKNOWN_NEEDS_DECISION,contents not read: the reference tree was not available when this inventory was built,,
docs/history/releases/FINAL_RELEASE_17_8_2.md,docs/history/releases/FINAL_RELEASE_17_8_2.md,FINAL_RELEASE_17_8_2.md,docs,.md,documentation,df6e249b4bccf0ddac2ceea474bc8e60bba9e35f14c64aaa4aa87ea1b0ce992d,,,undetermined,UNKNOWN_NEEDS_DECISION,contents not read: the reference tree was not available when this inventory was built,,
docs/history/releases/FINAL_RELEASE_17_8_3.md,docs/history/releases/FINAL_RELEASE_17_8_3.md,FINAL_RELEASE_17_8_3.md,docs,.md,documentation,b1fb1461138c1342e136822498db47bdbd213090cc426aa87183a92e3e27080e,,,undetermined,UNKNOWN_NEEDS_DECISION,contents not read: the reference tree was not available when this inventory was built,,
docs/history/releases/FINAL_RELEASE_17_8_4.md,docs/history/releases/FINAL_RELEASE_17_8_4.md,FINAL_RELEASE_17_8_4.md,docs,.md,documentation,0b4ba9b0c91bc77f645ade4c81bdd6759411d2a511ed9caa9cdbce67eb8c4287,,,undetermined,UNKNOWN_NEEDS_DECISION,contents not read: the reference tree was not available when this inventory was built,,
docs/history/releases/FINAL_RELEASE_17_8_5.md,docs/history/releases/FINAL_RELEASE_17_8_5.md,FINAL_RELEASE_17_8_5.md,docs,.md,documentation,5796068d081f3494f1c255c74c509552e5b0f03577f4040b8b7437aaba6d5b65,,,undetermined,UNKNOWN_NEEDS_DECISION,contents not read: the reference tree was not available when this inventory was built,,
docs/history/releases/FINAL_RELEASE_17_8_6.md,docs/history/releases/FINAL_RELEASE_17_8_6.md,FINAL_RELEASE_17_8_6.md,docs,.md,documentation,1bff5942cfdf20987ba7de779a6a1643c561ac1e4c4e8c6210f08e0a53be7d02,,,undetermined,UNKNOWN_NEEDS_DECISION,contents not read: the reference tree was not available when this inventory was built,,
docs/history/releases/FINAL_RELEASE_17_8_7.md,docs/history/releases/FINAL_RELEASE_17_8_7.md,FINAL_RELEASE_17_8_7.md,docs,.md,documentation,bfb9359ff3c8f63a64c3aa088e5987da7f272d512cc8ae0b861c84351034f4a8,,,undetermined,UNKNOWN_NEEDS_DECISION,contents not read: the reference tree was not available when this inventory was built,,
docs/history/releases/FINAL_RELEASE_17_8_8.md,docs/history/releases/FINAL_RELEASE_17_8_8.md,FINAL_RELEASE_17_8_8.md,docs,.md,documentation,679f0fac4ab4dcb3272c82c302039df664a7fc7c94abb8666130ea91e6f9e0bb,,,undetermined,UNKNOWN_NEEDS_DECISION,contents not read: the reference tree was not available when this inventory was built,,
docs/history/releases/FINAL_RELEASE_17_8_9.md,docs/history/releases/FINAL_RELEASE_17_8_9.md,FINAL_RELEASE_17_8_9.md,docs,.md,documentation,6f1395017997641744b262cdaa3d32cc9caebc6b356a01be5e0d149fcf9a857c,,,undetermined,UNKNOWN_NEEDS_DECISION,contents not read: the reference tree was not available when this inventory was built,,
docs/history/releases/FINAL_RELEASE_17_9_0.md,docs/history/releases/FINAL_RELEASE_17_9_0.md,FINAL_RELEASE_17_9_0.md,docs,.md,documentation,badd5d2e8a5f369d569a46e2558bab1ff1f38b08aa63d56c06581e6b21fc4af6,,,undetermined,UNKNOWN_NEEDS_DECISION,contents not read: the reference tree was not available when this inventory was built,,
docs/history/releases/FINAL_RELEASE_17_9_1.md,docs/history/releases/FINAL_RELEASE_17_9_1.md,FINAL_RELEASE_17_9_1.md,docs,.md,documentation,96c7faad412d1be390f2e707a41b237c8c84c0b40032f27aa5e6604d964dfe26,,,undetermined,UNKNOWN_NEEDS_DECISION,contents not read: the reference tree was not available when this inventory was built,,
docs/history/releases/FINAL_RELEASE_17_9_3.md,docs/history/releases/FINAL_RELEASE_17_9_3.md,FINAL_RELEASE_17_9_3.md,docs,.md,documentation,bd49950777a06e1c9357362ad8156317df06952e398d81028d684184035308d9,,,undetermined,UNKNOWN_NEEDS_DECISION,contents not read: the reference tree was not available when this inventory was built,,
docs/history/releases/FINAL_RELEASE_17_9_4.md,docs/history/releases/FINAL_RELEASE_17_9_4.md,FINAL_RELEASE_17_9_4.md,docs,.md,documentation,fe1c83d35a06f02f4c6f2a6aeed62eabcf5349e02bf56e204acb16ee64dd6411,,,undetermined,UNKNOWN_NEEDS_DECISION,contents not read: the reference tree was not available when this inventory was built,,
docs/history/releases/FINAL_RELEASE_17_9_5.md,docs/history/releases/FINAL_RELEASE_17_9_5.md,FINAL_RELEASE_17_9_5.md,docs,.md,documentation,217666b1926170116f36dde39961c1288bfa79f2e80c8319c2a9e9469ef5ccf3,,,undetermined,UNKNOWN_NEEDS_DECISION,contents not read: the reference tree was not available when this inventory was built,,
docs/history/releases/FINAL_RELEASE_17_9_6.md,docs/history/releases/FINAL_RELEASE_17_9_6.md,FINAL_RELEASE_17_9_6.md,docs,.md,documentation,c0e1384009fa00cc817a2635a7e33407df79ea2e0e7abd1b96fce3002bd3dafb,,,undetermined,UNKNOWN_NEEDS_DECISION,contents not read: the reference tree was not available when this inventory was built,,
docs/history/releases/FINAL_RELEASE_17_9_7.md,docs/history/releases/FINAL_RELEASE_17_9_7.md,FINAL_RELEASE_17_9_7.md,docs,.md,documentation,a78ef6ce93719f3c290d53c71eae9d036e3da7245c10ea981c4706d0729f1607,,,undetermined,UNKNOWN_NEEDS_DECISION,contents not read: the reference tree was not available when this inventory was built,,
docs/history/releases/FINAL_RELEASE_17_9_8.md,docs/history/releases/FINAL_RELEASE_17_9_8.md,FINAL_RELEASE_17_9_8.md,docs,.md,documentation,37b45af90a065e82a50a089772a09af4208ebb7e1d77ed79c7e896968031d726,,,undetermined,UNKNOWN_NEEDS_DECISION,contents not read: the reference tree was not available when this inventory was built,,
docs/history/releases/FINAL_RELEASE_17_9_9.md,docs/history/releases/FINAL_RELEASE_17_9_9.md,FINAL_RELEASE_17_9_9.md,docs,.md,documentation,17bb40c8c02c59847e75a58fc33785dae2d76771ba030fc571c5cf0c1b52fc73,,,undetermined,UNKNOWN_NEEDS_DECISION,contents not read: the reference tree was not available when this inventory was built,,
docs/history/releases/REGRESSION_RESULTS_17_9_1.json,docs/history/releases/REGRESSION_RESULTS_17_9_1.json,REGRESSION_RESULTS_17_9_1.json,docs,.json,json_data_or_config,43012bd1a67538e6e50a94de233946a0eb8b15079aa9663a5f2f5daa7874b05f,,,undetermined,UNKNOWN_NEEDS_DECISION,contents not read: the reference tree was not available when this inventory was built,,
docs/history/releases/REGRESSION_RESULTS_17_9_3.json,docs/history/releases/REGRESSION_RESULTS_17_9_3.json,REGRESSION_RESULTS_17_9_3.json,docs,.json,json_data_or_config,03102b04f0f249b920ed50476877ecd280a527ac6bc0c60164ce6f945bf0ca00,,,undetermined,UNKNOWN_NEEDS_DECISION,contents not read: the reference tree was not available when this inventory was built,,
docs/history/releases/REGRESSION_RESULTS_17_9_4.json,docs/history/releases/REGRESSION_RESULTS_17_9_4.json,REGRESSION_RESULTS_17_9_4.json,docs,.json,json_data_or_config,b0074cf8b15f11534a2c994d6792bf489e3f1a58c47504dee4b3e0863f630a2b,,,undetermined,UNKNOWN_NEEDS_DECISION,contents not read: the reference tree was not available when this inventory was built,,
docs/history/releases/STARTUP_HOTFIX_ACCEPTANCE_17_8_1.json,docs/history/releases/STARTUP_HOTFIX_ACCEPTANCE_17_8_1.json,STARTUP_HOTFIX_ACCEPTANCE_17_8_1.json,docs,.json,methodology_or_policy,fda59ddc39703264f7772c4e2c3c482051e12215fec958fbb7297922480bec48,,,undetermined,UNKNOWN_NEEDS_DECISION,contents not read: the reference tree was not available when this inventory was built,,
docs/history/remediation_17_5/FINAL_ACCEPTANCE.json,docs/history/remediation_17_5/FINAL_ACCEPTANCE.json,FINAL_ACCEPTANCE.json,docs,.json,methodology_or_policy,44effb06d17d1151c9b0a1dd192157346e9c851ade1ea38305083202e06f4c1c,,,undetermined,UNKNOWN_NEEDS_DECISION,contents not read: the reference tree was not available when this inventory was built,,
docs/history/remediation_17_5/GOLDEN_PATH_17_5_0.json,docs/history/remediation_17_5/GOLDEN_PATH_17_5_0.json,GOLDEN_PATH_17_5_0.json,docs,.json,json_data_or_config,69f9b05e8c00530e9132cea1fcb8bf4262e7a74fc3c59e1e7d6c6291e2f94419,,,undetermined,UNKNOWN_NEEDS_DECISION,contents not read: the reference tree was not available when this inventory was built,,
docs/history/remediation_17_5/golden_path_FINAL.json,docs/history/remediation_17_5/golden_path_FINAL.json,golden_path_FINAL.json,docs,.json,json_data_or_config,b0ae2b1befcee3563c4f231d33cf993f34cab20b591f0d6ff4679cb19acbee20,,,undetermined,UNKNOWN_NEEDS_DECISION,contents not read: the reference tree was not available when this inventory was built,,
docs/product/01_USER_GUIDE_CZ.md,docs/product/01_USER_GUIDE_CZ.md,01_USER_GUIDE_CZ.md,docs,.md,documentation,584bbbd553da92b5292528bbf2a1d5a352dda9cc585f2030feb0df728e92a44a,,,undetermined,UNKNOWN_NEEDS_DECISION,contents not read: the reference tree was not available when this inventory was built,,
docs/product/02_DATA_LIBRARY_SOCIETY_INTELLIGENCE.md,docs/product/02_DATA_LIBRARY_SOCIETY_INTELLIGENCE.md,02_DATA_LIBRARY_SOCIETY_INTELLIGENCE.md,docs,.md,documentation,36c1754f4ada8965c2543f37b7b74e954783a511aa5e7b70c0d068a758128f7f,,,undetermined,UNKNOWN_NEEDS_DECISION,contents not read: the reference tree was not available when this inventory was built,,
docs/product/03_SOCIOMAPA.md,docs/product/03_SOCIOMAPA.md,03_SOCIOMAPA.md,docs,.md,documentation,ce1cba89e38a754c0ea62a528bbb3a942d2617d04d7dbf79c0cccf14e8c83bf8,,,undetermined,UNKNOWN_NEEDS_DECISION,contents not read: the reference tree was not available when this inventory was built,,
docs/product/04_ANALYTICS_MAP_WORKSPACE.md,docs/product/04_ANALYTICS_MAP_WORKSPACE.md,04_ANALYTICS_MAP_WORKSPACE.md,docs,.md,documentation,ca1f0f380a914e1dc2fdad23fa71466d72f4bb822939da15b841878596e260db,,,undetermined,UNKNOWN_NEEDS_DECISION,contents not read: the reference tree was not available when this inventory was built,,
docs/product/05_METHODOLOGY_EPISTEMIC.md,docs/product/05_METHODOLOGY_EPISTEMIC.md,05_METHODOLOGY_EPISTEMIC.md,docs,.md,documentation,6b16edfe6904bbf08df211718519be047201424100f809fcead502dbbb020c4e,,,undetermined,UNKNOWN_NEEDS_DECISION,contents not read: the reference tree was not available when this inventory was built,,
docs/product/06_PROJECTS_RESULTS_REPORTS.md,docs/product/06_PROJECTS_RESULTS_REPORTS.md,06_PROJECTS_RESULTS_REPORTS.md,docs,.md,documentation,630318bd00bec2a473f1728260f242d8fb6da5920cc30d1d7d63f44ac4cba66d,,,undetermined,UNKNOWN_NEEDS_DECISION,contents not read: the reference tree was not available when this inventory was built,,
docs/product/INDEX.md,docs/product/INDEX.md,INDEX.md,docs,.md,documentation,23aa3f40cc140d6e2c887356941191dbb74c1062562d29fa72904c750ecab8bb,,,undetermined,UNKNOWN_NEEDS_DECISION,contents not read: the reference tree was not available when this inventory was built,,
docs/project_handoff/NPC_CURRENT_CANONICAL_INSTALL_ORDER_2026-08-31.md,docs/project_handoff/NPC_CURRENT_CANONICAL_INSTALL_ORDER_2026-08-31.md,NPC_CURRENT_CANONICAL_INSTALL_ORDER_2026-08-31.md,docs,.md,documentation,1585ce24e5fd3c712faa7b885ebf6a3356f8cd98c68340b94b3ba8e282530711,,,undetermined,UNKNOWN_NEEDS_DECISION,contents not read: the reference tree was not available when this inventory was built,,
docs/project_handoff/NPC_PROJECT_SETUP_HANDOFF_2026-08-31.md,docs/project_handoff/NPC_PROJECT_SETUP_HANDOFF_2026-08-31.md,NPC_PROJECT_SETUP_HANDOFF_2026-08-31.md,docs,.md,documentation,faa75e1e72fdcf2c41fa020dd4880851dc393467b5eea2dc2eb15fb0f68b91df,,,undetermined,UNKNOWN_NEEDS_DECISION,contents not read: the reference tree was not available when this inventory was built,,
docs/reference/ARCHITEKTURA.md,docs/reference/ARCHITEKTURA.md,ARCHITEKTURA.md,docs,.md,documentation,e1e0f6472c48025cde3d497311690332f8b0525cedf0983fbd088d72b2a77a2f,,,undetermined,UNKNOWN_NEEDS_DECISION,contents not read: the reference tree was not available when this inventory was built,,
docs/reference/AUDIENCE_IMPORT_AI_INSTRUCTIONS.md,docs/reference/AUDIENCE_IMPORT_AI_INSTRUCTIONS.md,AUDIENCE_IMPORT_AI_INSTRUCTIONS.md,docs,.md,documentation,ac65f18cfbbe2f2a8e5f0b7c0591132faeff6fc0ac381ea00d18eda08d555bb1,,,undetermined,UNKNOWN_NEEDS_DECISION,contents not read: the reference tree was not available when this inventory was built,,
docs/reference/CHANGELOG.md,docs/reference/CHANGELOG.md,CHANGELOG.md,docs,.md,documentation,f6b1b60baba156e0ae5e2c4b84797f34880d3b396579a35abcedd34b8a6c17bc,,,undetermined,UNKNOWN_NEEDS_DECISION,contents not read: the reference tree was not available when this inventory was built,,
docs/reference/CORE_JOINT_GUIDE.md,docs/reference/CORE_JOINT_GUIDE.md,CORE_JOINT_GUIDE.md,docs,.md,documentation,9b4bb389960a01f78fc97e274c2b33b21d71aea4e16aeb7081e3123cf9af7c52,,,undetermined,UNKNOWN_NEEDS_DECISION,contents not read: the reference tree was not available when this inventory was built,,
docs/reference/DATA_DICTIONARY_GUIDE.md,docs/reference/DATA_DICTIONARY_GUIDE.md,DATA_DICTIONARY_GUIDE.md,docs,.md,documentation,6b57ef7af1020d4ff53b51646ab00a7d51ecfd8b83476b610a624d470705d1b3,,,undetermined,UNKNOWN_NEEDS_DECISION,contents not read: the reference tree was not available when this inventory was built,,
docs/reference/FULL_SIMULATION_GUIDE.md,docs/reference/FULL_SIMULATION_GUIDE.md,FULL_SIMULATION_GUIDE.md,docs,.md,documentation,9f4b1dc71d72de9a562bf6f9a4d8d08776506b9d75297d0deb73795db78ce3b7,,,undetermined,UNKNOWN_NEEDS_DECISION,contents not read: the reference tree was not available when this inventory was built,,
docs/reference/INGEST_GUIDE.md,docs/reference/INGEST_GUIDE.md,INGEST_GUIDE.md,docs,.md,documentation,572dbf5c11d01e3df459295294ebaf70abc59d34174d030c40123bfbeba80ccc,,,undetermined,UNKNOWN_NEEDS_DECISION,contents not read: the reference tree was not available when this inventory was built,,
docs/reference/JEDNOKROKOVA_INSTALACE_CZ.md,docs/reference/JEDNOKROKOVA_INSTALACE_CZ.md,JEDNOKROKOVA_INSTALACE_CZ.md,docs,.md,documentation,d3a474277943b947fe4e540ae0f4653fd87485d00e14e38a64dfe8466193b514,,,undetermined,UNKNOWN_NEEDS_DECISION,contents not read: the reference tree was not available when this inventory was built,,
docs/reference/LLM_ABLATION_PROTOCOL_v17_1.md,docs/reference/LLM_ABLATION_PROTOCOL_v17_1.md,LLM_ABLATION_PROTOCOL_v17_1.md,docs,.md,documentation,3cb61553171f0735f08377f2f4f7d729588068d1fbfff8ba81c1c5830d01697c,,,undetermined,UNKNOWN_NEEDS_DECISION,contents not read: the reference tree was not available when this inventory was built,,
docs/reference/PACKAGE_CONTENTS.md,docs/reference/PACKAGE_CONTENTS.md,PACKAGE_CONTENTS.md,docs,.md,documentation,fd76a7cfe124859356cdbbd1ae6e5feb87a0ee69f2449d24ff2998061ae17684,,,undetermined,UNKNOWN_NEEDS_DECISION,contents not read: the reference tree was not available when this inventory was built,,
docs/reference/PERSONA_SCALE_GUIDE.md,docs/reference/PERSONA_SCALE_GUIDE.md,PERSONA_SCALE_GUIDE.md,docs,.md,documentation,f7697d31b5eb1b3e63946d774337aab9fd9d686d08951a241f46c1aca9332b09,,,undetermined,UNKNOWN_NEEDS_DECISION,contents not read: the reference tree was not available when this inventory was built,,
docs/reference/PROJECT_HISTORY_DECISIONS_v17.md,docs/reference/PROJECT_HISTORY_DECISIONS_v17.md,PROJECT_HISTORY_DECISIONS_v17.md,docs,.md,documentation,1345cf00331e6d687da2a4706e55f1fde801b227d1a17c2df03b9ee868c7f52f,,,undetermined,UNKNOWN_NEEDS_DECISION,contents not read: the reference tree was not available when this inventory was built,,
docs/reference/QUESTIONNAIRE_IMPORT_AI_INSTRUCTIONS.md,docs/reference/QUESTIONNAIRE_IMPORT_AI_INSTRUCTIONS.md,QUESTIONNAIRE_IMPORT_AI_INSTRUCTIONS.md,docs,.md,documentation,2473702e96d9339dc61382c5b950742d26afbe8526b2f68d0c10f1c73445306e,,,undetermined,UNKNOWN_NEEDS_DECISION,contents not read: the reference tree was not available when this inventory was built,,
docs/reference/RESEARCH_CONTEXT.md,docs/reference/RESEARCH_CONTEXT.md,RESEARCH_CONTEXT.md,docs,.md,documentation,73c7adbf9f9ef2fdc58ec469f1fe67788e60118d1b07cd5e28f9b8e7f528b04f,,,undetermined,UNKNOWN_NEEDS_DECISION,contents not read: the reference tree was not available when this inventory was built,,
docs/reference/RESEARCH_COPILOT_GUIDE.md,docs/reference/RESEARCH_COPILOT_GUIDE.md,RESEARCH_COPILOT_GUIDE.md,docs,.md,documentation,92a3a15b86905179c1964ec7c30b0c889779f0d09a18536c5d497c161e261c24,,,undetermined,UNKNOWN_NEEDS_DECISION,contents not read: the reference tree was not available when this inventory was built,,
docs/reference/RESEARCH_OS_GUIDE.md,docs/reference/RESEARCH_OS_GUIDE.md,RESEARCH_OS_GUIDE.md,docs,.md,documentation,5a159c2a2f6f6b34d781414b99bd325ed0c34c0d9912b4e1e475b37e538464fb,,,undetermined,UNKNOWN_NEEDS_DECISION,contents not read: the reference tree was not available when this inventory was built,,
docs/reference/RESEARCH_STUDIO_GUIDE.md,docs/reference/RESEARCH_STUDIO_GUIDE.md,RESEARCH_STUDIO_GUIDE.md,docs,.md,documentation,8ca55b29006b95e88c33e5f8bbacf46480157e6b43a25c7ecdd772a05578cdc7,,,undetermined,UNKNOWN_NEEDS_DECISION,contents not read: the reference tree was not available when this inventory was built,,
docs/reference/SEGMENTATION.md,docs/reference/SEGMENTATION.md,SEGMENTATION.md,docs,.md,documentation,5abc5a6eb726b9359a8be389942ee08872458acb4abd64426dbb8662d196ada6,,,undetermined,UNKNOWN_NEEDS_DECISION,contents not read: the reference tree was not available when this inventory was built,,
docs/reference/SPECIAL_AUDIENCE_GUIDE.md,docs/reference/SPECIAL_AUDIENCE_GUIDE.md,SPECIAL_AUDIENCE_GUIDE.md,docs,.md,documentation,97134208c1a45ac6d8c6b5202e3e4e45937c889d57855bf2766b70677683488b,,,undetermined,UNKNOWN_NEEDS_DECISION,contents not read: the reference tree was not available when this inventory was built,,
docs/reference/STUDY_GUIDE.md,docs/reference/STUDY_GUIDE.md,STUDY_GUIDE.md,docs,.md,documentation,5e0fd70040708d08eeda48cbdd86af108fff710746c30b114828da4033d84b92,,,undetermined,UNKNOWN_NEEDS_DECISION,contents not read: the reference tree was not available when this inventory was built,,
docs/reference/UI_GUIDE.md,docs/reference/UI_GUIDE.md,UI_GUIDE.md,docs,.md,documentation,3ee08a6f7afb08ba92337770b212958fec3e7127398fe1df6b5d52376680094b,,,undetermined,UNKNOWN_NEEDS_DECISION,contents not read: the reference tree was not available when this inventory was built,,
docs/reference/V17_TEST_STATUS.md,docs/reference/V17_TEST_STATUS.md,V17_TEST_STATUS.md,docs,.md,documentation,ec7cc3e618742cb3abf427e0bf3988260ea3fe80cd85461d4cb2d012514ca8f7,,,undetermined,UNKNOWN_NEEDS_DECISION,contents not read: the reference tree was not available when this inventory was built,,
docs/research_os_handoff_17_2/00_READ_ME_FIRST.md,docs/research_os_handoff_17_2/00_READ_ME_FIRST.md,00_READ_ME_FIRST.md,docs,.md,documentation,14cb9136912f8d44606693b772a629e84ca39a9d1dc0ae8180e127ecc45f2375,,,undetermined,UNKNOWN_NEEDS_DECISION,contents not read: the reference tree was not available when this inventory was built,,
docs/research_os_handoff_17_2/01_ARCHITECTURE.md,docs/research_os_handoff_17_2/01_ARCHITECTURE.md,01_ARCHITECTURE.md,docs,.md,documentation,b2e52e98e662aaf73e0217911d96a03011c3bc7e47454f77b62b0fb50959121d,,,undetermined,UNKNOWN_NEEDS_DECISION,contents not read: the reference tree was not available when this inventory was built,,
docs/research_os_handoff_17_2/02_JOB_WORKFLOW_MODEL.md,docs/research_os_handoff_17_2/02_JOB_WORKFLOW_MODEL.md,02_JOB_WORKFLOW_MODEL.md,docs,.md,documentation,a1acd6408de3891a26c37af480214dcfb299e9cb9acadd694558837c284ff0df,,,undetermined,UNKNOWN_NEEDS_DECISION,contents not read: the reference tree was not available when this inventory was built,,
docs/research_os_handoff_17_2/03_SQLITE_SCHEMA.sql,docs/research_os_handoff_17_2/03_SQLITE_SCHEMA.sql,03_SQLITE_SCHEMA.sql,docs,.sql,sql,220afc2d9df9c92f1eaf30073ecf69d83eb43e75a0226464cc3251c3ffe14a4f,,,undetermined,UNKNOWN_NEEDS_DECISION,contents not read: the reference tree was not available when this inventory was built,,
docs/research_os_handoff_17_2/04_SCHEDULER_RECOVERY.md,docs/research_os_handoff_17_2/04_SCHEDULER_RECOVERY.md,04_SCHEDULER_RECOVERY.md,docs,.md,documentation,389ffe354ceddc532720f49508e88c6db2a04fa9d0287582051a80588dc8d926,,,undetermined,UNKNOWN_NEEDS_DECISION,contents not read: the reference tree was not available when this inventory was built,,
docs/research_os_handoff_17_2/05_COST_AND_AI_ROUTING.md,docs/research_os_handoff_17_2/05_COST_AND_AI_ROUTING.md,05_COST_AND_AI_ROUTING.md,docs,.md,documentation,82d4c56d5146a85f7b3176ca10aa0c7ef00ba0932803ef808de255021ef27d78,,,undetermined,UNKNOWN_NEEDS_DECISION,contents not read: the reference tree was not available when this inventory was built,,
docs/research_os_handoff_17_2/06_UI_COMMAND_CENTER.md,docs/research_os_handoff_17_2/06_UI_COMMAND_CENTER.md,06_UI_COMMAND_CENTER.md,docs,.md,documentation,ac575b7b6090043ad4f2fe1db3e87cfbe3afab765dc9ead5fb9b889fbede6037,,,undetermined,UNKNOWN_NEEDS_DECISION,contents not read: the reference tree was not available when this inventory was built,,
docs/research_os_handoff_17_2/07_API_CONTRACT.md,docs/research_os_handoff_17_2/07_API_CONTRACT.md,07_API_CONTRACT.md,docs,.md,documentation,bd1c6617432522c2c5ea66d34f6fbe75349a892b522f2250c0f329573e4f806f,,,undetermined,UNKNOWN_NEEDS_DECISION,contents not read: the reference tree was not available when this inventory was built,,
docs/research_os_handoff_17_2/08_MODULE_CHANGE_MAP.md,docs/research_os_handoff_17_2/08_MODULE_CHANGE_MAP.md,08_MODULE_CHANGE_MAP.md,docs,.md,documentation,9f8ce57545de15c63b711020c0ab3f15e88b3a9085e27f2b78e8325b0b354c32,,,undetermined,UNKNOWN_NEEDS_DECISION,contents not read: the reference tree was not available when this inventory was built,,
docs/research_os_handoff_17_2/09_WORKFLOW_EXAMPLES.json,docs/research_os_handoff_17_2/09_WORKFLOW_EXAMPLES.json,09_WORKFLOW_EXAMPLES.json,docs,.json,json_data_or_config,5dd3e01a71c3df8524278884e64e91d9ba63bc6d75aaa8d8df8649146d0c0c06,,,undetermined,UNKNOWN_NEEDS_DECISION,contents not read: the reference tree was not available when this inventory was built,,
docs/research_os_handoff_17_2/10_ACCEPTANCE_TESTS.md,docs/research_os_handoff_17_2/10_ACCEPTANCE_TESTS.md,10_ACCEPTANCE_TESTS.md,docs,.md,documentation,85557ab50287a8c5df752a03b8c7fb4a5cdc08376c1d32968c9830d4f17d6cd8,,,undetermined,UNKNOWN_NEEDS_DECISION,contents not read: the reference tree was not available when this inventory was built,,
docs/research_os_handoff_17_2/11_IMPLEMENTATION_ORDER.md,docs/research_os_handoff_17_2/11_IMPLEMENTATION_ORDER.md,11_IMPLEMENTATION_ORDER.md,docs,.md,documentation,03506a8fbc3aea3bb304aed2b16ffa4bda895222af55dc018cad63bde1d48634,,,undetermined,UNKNOWN_NEEDS_DECISION,contents not read: the reference tree was not available when this inventory was built,,
docs/research_os_handoff_17_2/12_DEFINITION_OF_DONE.md,docs/research_os_handoff_17_2/12_DEFINITION_OF_DONE.md,12_DEFINITION_OF_DONE.md,docs,.md,documentation,7e58bdd507b2ac13ad3172cd64e0cad6c8fd78d79f4d3f9529cdf03495ac0686,,,undetermined,UNKNOWN_NEEDS_DECISION,contents not read: the reference tree was not available when this inventory was built,,
docs/research_os_handoff_17_2/13_HANDOFF_PROMPT.txt,docs/research_os_handoff_17_2/13_HANDOFF_PROMPT.txt,13_HANDOFF_PROMPT.txt,docs,.txt,text,7ecf7cd980cd032f771fc14884e408b890e35914e8c410a6765049910353b9f6,,,undetermined,UNKNOWN_NEEDS_DECISION,contents not read: the reference tree was not available when this inventory was built,,
docs/research_os_handoff_17_2/HANDOFF_MANIFEST.json,docs/research_os_handoff_17_2/HANDOFF_MANIFEST.json,HANDOFF_MANIFEST.json,docs,.json,json_data_or_config,0d44b64393b18d820fb365c7a1e449ef130dcfd1d784da38ac9beb074567ba35,,,undetermined,UNKNOWN_NEEDS_DECISION,contents not read: the reference tree was not available when this inventory was built,,
doctor.py,doctor.py,doctor.py,(root),.py,python_application_source,ffb94eb262bdcea41907e96e0a33390767a4d0fcecc4fbac9520acac4153614b,,,undetermined,UNKNOWN_NEEDS_DECISION,contents not read: the reference tree was not available when this inventory was built,,
domain_readiness.py,domain_readiness.py,domain_readiness.py,(root),.py,python_application_source,4eb91d73c51050a199c8d9117819710f71acd62aa9b179d5ff28920efc61c754,,,undetermined,UNKNOWN_NEEDS_DECISION,contents not read: the reference tree was not available when this inventory was built,,
donor_fusion.py,donor_fusion.py,donor_fusion.py,(root),.py,python_application_source,68ed840c476b89185009dcf6eb2a7261973e5580f52a3c93f2e7c54289eb82f0,,,undetermined,UNKNOWN_NEEDS_DECISION,contents not read: the reference tree was not available when this inventory was built,,
dotaznik.py,dotaznik.py,dotaznik.py,(root),.py,python_application_source,90dbe16a66bc02118fd9790211b97c535276f4cf4f4866f3a316f5c8fd995dd9,,,undetermined,UNKNOWN_NEEDS_DECISION,contents not read: the reference tree was not available when this inventory was built,,
edition_config.py,edition_config.py,edition_config.py,(root),.py,python_application_source,71df8978eb8cc857a1109383b8e45daa49f448c6bd9195caf84ddd65303fdd7c,,,undetermined,UNKNOWN_NEEDS_DECISION,contents not read: the reference tree was not available when this inventory was built,,
effective_evidence_audit.py,effective_evidence_audit.py,effective_evidence_audit.py,(root),.py,python_application_source,6c94ebfb1d538c8d842a3648042090257d0733093006850b072bd2199b03b6d9,,,undetermined,UNKNOWN_NEEDS_DECISION,contents not read: the reference tree was not available when this inventory was built,,
employment_bridge.py,employment_bridge.py,employment_bridge.py,(root),.py,python_application_source,c4e9a64afe8cfca21e674f0367cefce7e8aac1d8daaf643daa7250802607faae,,,undetermined,UNKNOWN_NEEDS_DECISION,contents not read: the reference tree was not available when this inventory was built,,
ensemble.py,ensemble.py,ensemble.py,(root),.py,python_application_source,be434f0ac350df793eb8f6442940f38a8789631ed3872d2595a586e1c70690dd,,,undetermined,UNKNOWN_NEEDS_DECISION,contents not read: the reference tree was not available when this inventory was built,,
env_loader.py,env_loader.py,env_loader.py,(root),.py,python_application_source,32aca80f2cb4afb0afe01e6631804a9ba270745aca84010bf93de017248ecf40,,,undetermined,UNKNOWN_NEEDS_DECISION,contents not read: the reference tree was not available when this inventory was built,,
evaluation.py,evaluation.py,evaluation.py,(root),.py,python_application_source,efb1fe935fa7c5bad7d60aa1cf0ad060ba7180e1656bc367bdcf00b32297feb4,,,undetermined,UNKNOWN_NEEDS_DECISION,contents not read: the reference tree was not available when this inventory was built,,
evidence_validator.py,evidence_validator.py,evidence_validator.py,(root),.py,python_application_source,a82b893f35d67eefa89a498decddb95b062f7cb86af23f3f8b3b29174e43a304,,,undetermined,UNKNOWN_NEEDS_DECISION,contents not read: the reference tree was not available when this inventory was built,,
examples/ensemble_brief.json,examples/ensemble_brief.json,ensemble_brief.json,examples,.json,json_data_or_config,7dfdfe50e1b19a5927ac431d0a17515f30623799bca6d1739011eadc270b5f61,,,undetermined,UNKNOWN_NEEDS_DECISION,contents not read: the reference tree was not available when this inventory was built,,
examples/study_concept.json,examples/study_concept.json,study_concept.json,examples,.json,json_data_or_config,1214e78fe954e2024ea627ac381e6bf8f1c7f3b3eca0fffc7ba650bf700300f5,,,undetermined,UNKNOWN_NEEDS_DECISION,contents not read: the reference tree was not available when this inventory was built,,
examples/study_lovebrand.json,examples/study_lovebrand.json,study_lovebrand.json,examples,.json,json_data_or_config,b9bef86965d4a0ee3bd764a261c193a0da8a2084b76935a4f003270edb7f9714,,,undetermined,UNKNOWN_NEEDS_DECISION,contents not read: the reference tree was not available when this inventory was built,,
examples/study_segmentace.json,examples/study_segmentace.json,study_segmentace.json,examples,.json,json_data_or_config,105eb8b71955d226a2182953dc398a51eb6c678c2d6d62c0ac4e2f41e216e94b,,,undetermined,UNKNOWN_NEEDS_DECISION,contents not read: the reference tree was not available when this inventory was built,,
examples/study_segmentace_quick.json,examples/study_segmentace_quick.json,study_segmentace_quick.json,examples,.json,json_data_or_config,d0cd1885178d68d89e3641aec49d60421c6dead468c4bd390d8772720eee71ab,,,undetermined,UNKNOWN_NEEDS_DECISION,contents not read: the reference tree was not available when this inventory was built,,
examples/targets_track_b.csv,examples/targets_track_b.csv,targets_track_b.csv,examples,.csv,csv_data_asset,96bc49e5ad7479305c98ac71956581241be22e1f51755c2278e3a941c7cdbc6e,,,undetermined,UNKNOWN_NEEDS_DECISION,contents not read: the reference tree was not available when this inventory was built,,
factual_layer.py,factual_layer.py,factual_layer.py,(root),.py,python_application_source,a32d81dc0ec0362a94bbe67b92291c5a12538d73ec27c36ef8ee8a8d7abad28b,,,undetermined,UNKNOWN_NEEDS_DECISION,contents not read: the reference tree was not available when this inventory was built,,
fidelity.py,fidelity.py,fidelity.py,(root),.py,python_application_source,a13307c46d6e6bf4ba2c74d5582013020485e7e6e664d00dc7823c81bbb42187,,,undetermined,UNKNOWN_NEEDS_DECISION,contents not read: the reference tree was not available when this inventory was built,,
filter_syntax.py,filter_syntax.py,filter_syntax.py,(root),.py,python_application_source,0e0b7c287a0c2450d0931bf3f99a626bd219fa32e2a7e64d3ff967113171771c,,,undetermined,UNKNOWN_NEEDS_DECISION,contents not read: the reference tree was not available when this inventory was built,,
final_client_report.py,final_client_report.py,final_client_report.py,(root),.py,python_application_source,ce62d41b423af97659305c8ffa87c9b9b2e6d117cc247e5117a40686c973d564,,,undetermined,UNKNOWN_NEEDS_DECISION,contents not read: the reference tree was not available when this inventory was built,,
full_simulation.py,full_simulation.py,full_simulation.py,(root),.py,python_application_source,46f25032fad7f8a5ad7ce1d73529d3931d17fc869dcfcbfa840120c5d99f2f59,,,undetermined,UNKNOWN_NEEDS_DECISION,contents not read: the reference tree was not available when this inventory was built,,
fullsim_learning.py,fullsim_learning.py,fullsim_learning.py,(root),.py,python_application_source,50fa76706b3d209d2d62f1694b9fd2cbea967650264ef95ba319dabb358956a4,,,undetermined,UNKNOWN_NEEDS_DECISION,contents not read: the reference tree was not available when this inventory was built,,
golden_path_test.py,golden_path_test.py,golden_path_test.py,(root),.py,python_test,5f7cda69f3764549ab056e44e52c6c8024ba431847c87f1900408ebd882f65b1,,,undetermined,TEST_CHARACTERIZATION,"path: lives under tests/ or is named test_*; its role is to characterise behaviour, whatever behaviour that turns out to be",,
handoff_verify.py,handoff_verify.py,handoff_verify.py,(root),.py,python_application_source,2b4b9db14633d7654863cdad6cd1be157a4f2a53c6d4c93aa60b8e9b9c43dea0,,,undetermined,UNKNOWN_NEEDS_DECISION,contents not read: the reference tree was not available when this inventory was built,,
holdout_benchmark_template.json,holdout_benchmark_template.json,holdout_benchmark_template.json,(root),.json,methodology_or_policy,a76574d7d5dda9647ab5eb6e5ba06ff37578bca09e19c141ab01d61db999a3ae,,,undetermined,UNKNOWN_NEEDS_DECISION,contents not read: the reference tree was not available when this inventory was built,,
holdout_protocol.py,holdout_protocol.py,holdout_protocol.py,(root),.py,python_application_source,db8c3703090b4352d29c841720e83e846b500d3d3bc4c08052de621b48dd09fd,,,undetermined,UNKNOWN_NEEDS_DECISION,contents not read: the reference tree was not available when this inventory was built,,
holdout_registry.py,holdout_registry.py,holdout_registry.py,(root),.py,python_application_source,fdd7ba17f3a87f663ca84bb2afd3b3d44210d43d8a8ee1efb4f5b04a4df78f7c,,,undetermined,UNKNOWN_NEEDS_DECISION,contents not read: the reference tree was not available when this inventory was built,,
human_holdout_prereg_template.json,human_holdout_prereg_template.json,human_holdout_prereg_template.json,(root),.json,methodology_or_policy,7343e1b82606db593bc5294a291d2e17b29d35a6bd5c8a0c8a821c53bff49644,,,undetermined,UNKNOWN_NEEDS_DECISION,contents not read: the reference tree was not available when this inventory was built,,
human_holdout_truth_template.json,human_holdout_truth_template.json,human_holdout_truth_template.json,(root),.json,methodology_or_policy,09cfc5b235f92b851adb50094c7154e3233cf91d823ebd7a3395af35750fbd42,,,undetermined,UNKNOWN_NEEDS_DECISION,contents not read: the reference tree was not available when this inventory was built,,
import_dotaznik.py,import_dotaznik.py,import_dotaznik.py,(root),.py,python_application_source,97379b6d46954f3b9b073751cbaa9174606618f69b827c8780e032b2cee60e83,,,undetermined,UNKNOWN_NEEDS_DECISION,contents not read: the reference tree was not available when this inventory was built,,
ingest_automation.py,ingest_automation.py,ingest_automation.py,(root),.py,python_application_source,3734f9400642f28f7a717eb664f8645846df55fc0b7e1b663025b5735e8a0a12,,,undetermined,UNKNOWN_NEEDS_DECISION,contents not read: the reference tree was not available when this inventory was built,,
ingest_cli.py,ingest_cli.py,ingest_cli.py,(root),.py,python_application_source,2ec021e4618be2d0760edf7a906f8611448003f5198397e70089dcf21b6491fe,,,undetermined,UNKNOWN_NEEDS_DECISION,contents not read: the reference tree was not available when this inventory was built,,
install_autostart.ps1,install_autostart.ps1,install_autostart.ps1,(root),.ps1,launcher_script,32d8dbfe7afc689fa8737de5dc1977c95849ed94be877dd90e2c51bef5ee3ccb,,,undetermined,UNKNOWN_NEEDS_DECISION,contents not read: the reference tree was not available when this inventory was built,,
instrument_library.py,instrument_library.py,instrument_library.py,(root),.py,python_application_source,24ad7a231ad9ea937f6ce9407e01282411a7814e9859b3c48e282fe945a5c1f1,,,undetermined,UNKNOWN_NEEDS_DECISION,contents not read: the reference tree was not available when this inventory was built,,
job_store.py,job_store.py,job_store.py,(root),.py,python_application_source,7ab11800e9e21cf785d79523cc0d597482fae8efa70c54f22364113d9d171e6b,,,undetermined,UNKNOWN_NEEDS_DECISION,contents not read: the reference tree was not available when this inventory was built,,
kalibrace.py,kalibrace.py,kalibrace.py,(root),.py,python_application_source,cc5d58821d5eff9f8b25fca9052fdb35117d1907eeb617b2eb97c51d04822c71,,,undetermined,UNKNOWN_NEEDS_DECISION,contents not read: the reference tree was not available when this inventory was built,,
kontext.py,kontext.py,kontext.py,(root),.py,python_application_source,6761c32c3bb4cea0eae7974d03097c1678b5b9fd23d66281fecd9427987548c6,,,undetermined,UNKNOWN_NEEDS_DECISION,contents not read: the reference tree was not available when this inventory was built,,
launcher_bootstrap.py,launcher_bootstrap.py,launcher_bootstrap.py,(root),.py,python_application_source,a08aea10135cc47c4087ad8e31cb6212201c3cf9211512f89c2416eee7c0fec6,,,undetermined,UNKNOWN_NEEDS_DECISION,contents not read: the reference tree was not available when this inventory was built,,
legacy_job_dispatch.py,legacy_job_dispatch.py,legacy_job_dispatch.py,(root),.py,python_application_source,c580eec9ecb36e11a60340beb1d0b14e25de33992df397fe03df57b583bb049e,,,undetermined,UNKNOWN_NEEDS_DECISION,contents not read: the reference tree was not available when this inventory was built,,
legal_gate.py,legal_gate.py,legal_gate.py,(root),.py,python_application_source,76a89cde43db85469bed9beaf2670c2d72309e29891f3a35fc876ace0a5ada53,,,undetermined,UNKNOWN_NEEDS_DECISION,contents not read: the reference tree was not available when this inventory was built,,
library_batch_import.py,library_batch_import.py,library_batch_import.py,(root),.py,python_application_source,17a1d840587554d6cc05a2a3ae12e2de7d417835bfdb52e8a0dfbe1134682e9b,,,undetermined,UNKNOWN_NEEDS_DECISION,contents not read: the reference tree was not available when this inventory was built,,
library_system_catalog.py,library_system_catalog.py,library_system_catalog.py,(root),.py,python_application_source,a69707f94e09bd2057459c209f9516701e8f3b9eba2d68b9cef73524c93887a6,,,undetermined,UNKNOWN_NEEDS_DECISION,contents not read: the reference tree was not available when this inventory was built,,
live_smoketest.py,live_smoketest.py,live_smoketest.py,(root),.py,python_application_source,7fd2e0f5a41a684f010550a9cb7b94829d10f1aebb6a15b2bebef519c608f556,,,undetermined,UNKNOWN_NEEDS_DECISION,contents not read: the reference tree was not available when this inventory was built,,
manifest.py,manifest.py,manifest.py,(root),.py,python_application_source,c467b9bfdcfe9aa59b29bcc9c979a14edfeae96f3506f3219787acdf7007aaea,,,undetermined,UNKNOWN_NEEDS_DECISION,contents not read: the reference tree was not available when this inventory was built,,
model_drift.py,model_drift.py,model_drift.py,(root),.py,python_application_source,ffec81a0fd77bb2515540bf10e54fc91487b1558b0e055d04f81b6b375f87979,,,undetermined,UNKNOWN_NEEDS_DECISION,contents not read: the reference tree was not available when this inventory was built,,
mrp.py,mrp.py,mrp.py,(root),.py,python_application_source,3b5bca62d42705472608768017a64299f2aab81c336127dccc5677768d69f37a,,,undetermined,UNKNOWN_NEEDS_DECISION,contents not read: the reference tree was not available when this inventory was built,,
navrh.py,navrh.py,navrh.py,(root),.py,python_application_source,509ff748a222de76fd51a2a3c828c6fa8d53094b6ab5127f2c097d626fa0b0b8,,,undetermined,UNKNOWN_NEEDS_DECISION,contents not read: the reference tree was not available when this inventory was built,,
npc.py,npc.py,npc.py,(root),.py,python_application_source,e70577e5bc20fcfddca7ad950df5cb4420d525387c066f61cc35b11c1201e13d,,,undetermined,UNKNOWN_NEEDS_DECISION,contents not read: the reference tree was not available when this inventory was built,,
npc_ingest/__init__.py,npc_ingest/__init__.py,__init__.py,npc_ingest,.py,python_tooling,006c46f324290810c47507285110bf4e621f839f17dc4277f1cd3d5506e014ee,,,undetermined,UNKNOWN_NEEDS_DECISION,contents not read: the reference tree was not available when this inventory was built,,
npc_ingest/harmonization.py,npc_ingest/harmonization.py,harmonization.py,npc_ingest,.py,python_tooling,b5c0429585c7e5cfbcfb3336c52c487fc4b556aa84f06ff6fc6d45a2b37eec9a,,,undetermined,UNKNOWN_NEEDS_DECISION,contents not read: the reference tree was not available when this inventory was built,,
npc_ingest/leakage.py,npc_ingest/leakage.py,leakage.py,npc_ingest,.py,python_tooling,80a793d0df70bb1a75e9e3ae8eb8f91dd241c7a63704e240f920133a4ddf7263,,,undetermined,UNKNOWN_NEEDS_DECISION,contents not read: the reference tree was not available when this inventory was built,,
npc_ingest/manager.py,npc_ingest/manager.py,manager.py,npc_ingest,.py,python_tooling,f9a781e60911f6ae48b1c094c8bb8e8975d59ebc2ea3449103e49332bdfe1abc,,,undetermined,UNKNOWN_NEEDS_DECISION,contents not read: the reference tree was not available when this inventory was built,,
npc_ingest/realism.py,npc_ingest/realism.py,realism.py,npc_ingest,.py,python_tooling,ca0cfdbd5000bf4b0a9b033664cfd8432ed05e52861ac2e9dbc54f0f0b14c2e7,,,undetermined,UNKNOWN_NEEDS_DECISION,contents not read: the reference tree was not available when this inventory was built,,
npc_ingest/registry.py,npc_ingest/registry.py,registry.py,npc_ingest,.py,python_tooling,15758ce1d7fdf42afee8ba07b38ca2f7ef6fe3ce127155009aa00dea5e164562,,,undetermined,UNKNOWN_NEEDS_DECISION,contents not read: the reference tree was not available when this inventory was built,,
npc_ingest/response_bank.py,npc_ingest/response_bank.py,response_bank.py,npc_ingest,.py,python_tooling,e21546d702fcd287af3929604f1a9c93cd52c51892e713c7fef153411c85d99b,,,undetermined,UNKNOWN_NEEDS_DECISION,contents not read: the reference tree was not available when this inventory was built,,
npc_ingest/router.py,npc_ingest/router.py,router.py,npc_ingest,.py,python_tooling,380ce1cbb603169a3f3df8eb7bdc168332e5aa85f85c5e093486123ee815792e,,,undetermined,UNKNOWN_NEEDS_DECISION,contents not read: the reference tree was not available when this inventory was built,,
npc_ingest/versioning.py,npc_ingest/versioning.py,versioning.py,npc_ingest,.py,python_tooling,bfcc9996ca3b4e9dbb212b2741afe54089bb8fecd308b6ac2cabc487e623f036,,,undetermined,UNKNOWN_NEEDS_DECISION,contents not read: the reference tree was not available when this inventory was built,,
npc_tools/__init__.py,npc_tools/__init__.py,__init__.py,npc_tools,.py,python_tooling,a7ba2aa2a6645e2dc74fe0d24fc3bff2a7c8df142cc1b6dd541d926db874c420,,,undetermined,UNKNOWN_NEEDS_DECISION,contents not read: the reference tree was not available when this inventory was built,,
npc_tools/npc_fetch.py,npc_tools/npc_fetch.py,npc_fetch.py,npc_tools,.py,python_tooling,cd8b7c85d31bed42412a0d19a9109a2425bdbed3a2ec1dc982b319f06c10cf60,,,undetermined,UNKNOWN_NEEDS_DECISION,contents not read: the reference tree was not available when this inventory was built,,
npc_tools/npc_lint.py,npc_tools/npc_lint.py,npc_lint.py,npc_tools,.py,python_tooling,d41e2a371fa9522d403701cd37b2547e898e54b6fe28c1172a2628d90cb15aa5,,,undetermined,UNKNOWN_NEEDS_DECISION,contents not read: the reference tree was not available when this inventory was built,,
npc_tools/npc_provenance.py,npc_tools/npc_provenance.py,npc_provenance.py,npc_tools,.py,python_tooling,689e1f8a196f52f31032a0ece61c332b215ad67fb686783e6362581b470b307a,,,undetermined,UNKNOWN_NEEDS_DECISION,contents not read: the reference tree was not available when this inventory was built,,
npc_tools/npc_validate.py,npc_tools/npc_validate.py,npc_validate.py,npc_tools,.py,python_tooling,743b78c6cf198e832d8f243f897de6d010a8668424bc14bee6bf5fbe81bd76e7,,,undetermined,UNKNOWN_NEEDS_DECISION,contents not read: the reference tree was not available when this inventory was built,,
osobnost.py,osobnost.py,osobnost.py,(root),.py,python_application_source,a0a70fd5280d883082025a8fb59b49e5ef15bde4819ce7c3b5aa218d500aed11,,,undetermined,UNKNOWN_NEEDS_DECISION,contents not read: the reference tree was not available when this inventory was built,,
output_calibration.py,output_calibration.py,output_calibration.py,(root),.py,python_application_source,dfeb775516c9c6153f3a1c47230cd947102580fe18c9d9565d44706f9271e8b2,,,undetermined,UNKNOWN_NEEDS_DECISION,contents not read: the reference tree was not available when this inventory was built,,
output_pack.py,output_pack.py,output_pack.py,(root),.py,python_application_source,98d15eae5a1b9228347dd3c74dc04e2d246f14acb152e66a570b1962d8d1d457,,,undetermined,UNKNOWN_NEEDS_DECISION,contents not read: the reference tree was not available when this inventory was built,,
pdf_targets.py,pdf_targets.py,pdf_targets.py,(root),.py,python_application_source,b52149c18bd5866b59456b137607615b6bb026d475d63815c789d2ed58633b0b,,,undetermined,UNKNOWN_NEEDS_DECISION,contents not read: the reference tree was not available when this inventory was built,,
persona_ablation.py,persona_ablation.py,persona_ablation.py,(root),.py,python_application_source,8ab1f38b0c32e4725dda9e7e503ee89e56bcb4239a97f01599696112df3e6469,,,undetermined,UNKNOWN_NEEDS_DECISION,contents not read: the reference tree was not available when this inventory was built,,
persona_calibration.py,persona_calibration.py,persona_calibration.py,(root),.py,python_application_source,09afc6af704cc49ae8a4867d52d42835335759b66518d381014e88d71404deec,,,undetermined,UNKNOWN_NEEDS_DECISION,contents not read: the reference tree was not available when this inventory was built,,
persona_depth.py,persona_depth.py,persona_depth.py,(root),.py,python_application_source,734e45701f78fc1c7109be6f40da53b5847e4b834d0ffe8174e29031879d2285,,,undetermined,UNKNOWN_NEEDS_DECISION,contents not read: the reference tree was not available when this inventory was built,,
persona_grounded.py,persona_grounded.py,persona_grounded.py,(root),.py,python_application_source,2cc44db6b2c427238822f59d78bc6253e5e5886aa923d4f5a5d67504c7f57b81,,,undetermined,UNKNOWN_NEEDS_DECISION,contents not read: the reference tree was not available when this inventory was built,,
pipeline.py,pipeline.py,pipeline.py,(root),.py,python_application_source,774592a22ae9661d12756c7ece281ee8933e0341b8fbae34c11067afc055458f,,,undetermined,UNKNOWN_NEEDS_DECISION,contents not read: the reference tree was not available when this inventory was built,,
population_context.py,population_context.py,population_context.py,(root),.py,python_application_source,ed351f13485992be90968b354462130a8e6d2a1c6dc21bfe3b4d66c87284e693,,,undetermined,UNKNOWN_NEEDS_DECISION,contents not read: the reference tree was not available when this inventory was built,,
population_subpanels.py,population_subpanels.py,population_subpanels.py,(root),.py,python_application_source,70a1af9c5647732f24cf04925729aaebf41ad72ca415b6c9751f0d936629510b,,,undetermined,UNKNOWN_NEEDS_DECISION,contents not read: the reference tree was not available when this inventory was built,,
portability_check.py,portability_check.py,portability_check.py,(root),.py,python_application_source,2467e256e4b5f96d8e767b47389d8f11695fd9fb84cdddef1a01eb2792e6f84c,,,undetermined,UNKNOWN_NEEDS_DECISION,contents not read: the reference tree was not available when this inventory was built,,
pricing_engine.py,pricing_engine.py,pricing_engine.py,(root),.py,python_application_source,34920633c7f551d0b1a3bf0226fa0c4e3dac524db5aea2532a836d93609106fc,,,undetermined,UNKNOWN_NEEDS_DECISION,contents not read: the reference tree was not available when this inventory was built,,
product_policy.py,product_policy.py,product_policy.py,(root),.py,python_application_source,38b00a9d25824be75622352dea6ee7b56573e7ca0f11b2a68d098408fc78acea,,,undetermined,UNKNOWN_NEEDS_DECISION,contents not read: the reference tree was not available when this inventory was built,,
project_artifact_sync.py,project_artifact_sync.py,project_artifact_sync.py,(root),.py,python_application_source,a782e5e90d37f1d1cded3d14d191c1d4856d8dfe8f80e9e4410c7318ffe5ca94,,,undetermined,UNKNOWN_NEEDS_DECISION,contents not read: the reference tree was not available when this inventory was built,,
project_engine.py,project_engine.py,project_engine.py,(root),.py,python_application_source,de74099b049833ac8f8047ad0faf845a09ee707e45da43cca434a5b55e8d9cb9,,,undetermined,UNKNOWN_NEEDS_DECISION,contents not read: the reference tree was not available when this inventory was built,,
project_intake.py,project_intake.py,project_intake.py,(root),.py,python_application_source,1ef68f4f65932aa01d28a174c9db931ea4fc2f8b479d1cdd74a9b3be58f3083d,,,undetermined,UNKNOWN_NEEDS_DECISION,contents not read: the reference tree was not available when this inventory was built,,
project_memory.py,project_memory.py,project_memory.py,(root),.py,python_application_source,4a560f5684539d0b5d3e7936b6039a353a67d9c8dc2717f89d1e9c18adfd6d19,,,undetermined,UNKNOWN_NEEDS_DECISION,contents not read: the reference tree was not available when this inventory was built,,
project_migration.py,project_migration.py,project_migration.py,(root),.py,python_application_source,1a4f4e7d2714ec97f855e30ea9a02ac9607a226ac3bd6e114e67b53412439176,,,undetermined,UNKNOWN_NEEDS_DECISION,contents not read: the reference tree was not available when this inventory was built,,
project_pipeline.py,project_pipeline.py,project_pipeline.py,(root),.py,python_application_source,f2bb564aa472c165cae1f9caa59325e0205745e0560b9ba61204cf47d0c3905d,,,undetermined,UNKNOWN_NEEDS_DECISION,contents not read: the reference tree was not available when this inventory was built,,
project_store.py,project_store.py,project_store.py,(root),.py,python_application_source,82fdd82127914df9383b14da39d0f1c1d3077206e31dd921e76728d2ea6245c5,,,undetermined,UNKNOWN_NEEDS_DECISION,contents not read: the reference tree was not available when this inventory was built,,
prototype_server.py,prototype_server.py,prototype_server.py,(root),.py,python_application_source,5182f14ede4a6aa99085e831973a010337a2a24d27a4e73e1b4398922379c3d8,,,undetermined,UNKNOWN_NEEDS_DECISION,contents not read: the reference tree was not available when this inventory was built,,
provenance.py,provenance.py,provenance.py,(root),.py,python_application_source,d1c37e25cc30e057137a05b08439eb523b0d93366f68047c5b55a160e8bfff34,,,undetermined,UNKNOWN_NEEDS_DECISION,contents not read: the reference tree was not available when this inventory was built,,
provider_auth.py,provider_auth.py,provider_auth.py,(root),.py,python_application_source,9d257862c4a115ac29fadf02a7cb57e70f79b2b9e7e07a384011b23a1c0415d6,,,undetermined,UNKNOWN_NEEDS_DECISION,contents not read: the reference tree was not available when this inventory was built,,
provider_diagnostics.py,provider_diagnostics.py,provider_diagnostics.py,(root),.py,python_application_source,2ed2e0e6ff32d3620a8f498ce1bcefd9ea68b99c4e8cb726ab1de10c72d64a36,,,undetermined,UNKNOWN_NEEDS_DECISION,contents not read: the reference tree was not available when this inventory was built,,
provider_parity.py,provider_parity.py,provider_parity.py,(root),.py,python_application_source,d750281eded1782a3e515699bcb4398da465505897725123a69090c17ab0e389,,,undetermined,UNKNOWN_NEEDS_DECISION,contents not read: the reference tree was not available when this inventory was built,,
provider_runtime.py,provider_runtime.py,provider_runtime.py,(root),.py,python_application_source,75ea46dd98f7017788bd2e5e97fe9672c98c8bbf4dc16a8664f58db499b7dd1f,,,undetermined,UNKNOWN_NEEDS_DECISION,contents not read: the reference tree was not available when this inventory was built,,
pyproject.toml,pyproject.toml,pyproject.toml,(root),.toml,packaging,e975b2aee7f78584805bc4a77acc9db116496d38f0d2cbe0967a7f462cd864b7,,,undetermined,UNKNOWN_NEEDS_DECISION,contents not read: the reference tree was not available when this inventory was built,,
qc.py,qc.py,qc.py,(root),.py,python_application_source,aae297baebf547481627391af1ecb0338552bccf299de9419eb62c1308bcd28a,,,undetermined,UNKNOWN_NEEDS_DECISION,contents not read: the reference tree was not available when this inventory was built,,
reality_alignment.py,reality_alignment.py,reality_alignment.py,(root),.py,python_application_source,ca520ec31af411b79ed57434b7df88f613ee2a00b33b10b28ee12292aa2651cd,,,undetermined,UNKNOWN_NEEDS_DECISION,contents not read: the reference tree was not available when this inventory was built,,
reality_alignment_acceptance.py,reality_alignment_acceptance.py,reality_alignment_acceptance.py,(root),.py,python_application_source,3a1dab10e58f180f0f718dd21a5ab739c65215d226687abedfadfd3ec1c6e1c4,,,undetermined,UNKNOWN_NEEDS_DECISION,contents not read: the reference tree was not available when this inventory was built,,
rebuild_social_network_gender_v17_4.py,rebuild_social_network_gender_v17_4.py,rebuild_social_network_gender_v17_4.py,(root),.py,python_application_source,480ca771d733df6b57a28e78adcb3b3dd9a10390543f80e3ee876d76cb89a757,,,undetermined,UNKNOWN_NEEDS_DECISION,contents not read: the reference tree was not available when this inventory was built,,
release_gate.py,release_gate.py,release_gate.py,(root),.py,python_application_source,8953bde771f5fe36f1c7c29cda4d43bf053bfcd7148fb12db0ab26da90c580af,,,undetermined,UNKNOWN_NEEDS_DECISION,contents not read: the reference tree was not available when this inventory was built,,
release_integrity.py,release_integrity.py,release_integrity.py,(root),.py,python_application_source,5a01e08aa16b0cd1084b65f09ee526435db1db3e04ba4d47f7d91568f8c20834,,,undetermined,UNKNOWN_NEEDS_DECISION,contents not read: the reference tree was not available when this inventory was built,,
release_scorecard.py,release_scorecard.py,release_scorecard.py,(root),.py,python_application_source,88d42231eecd8371dea5f3ca520bb19a84b6e6f55e60185b2b811cbf67f2ad48,,,undetermined,UNKNOWN_NEEDS_DECISION,contents not read: the reference tree was not available when this inventory was built,,
remove_autostart.ps1,remove_autostart.ps1,remove_autostart.ps1,(root),.ps1,launcher_script,6a872f57bbfd2e901963014f38b87906442c37456ad6ef2329684982e36c85e0,,,undetermined,UNKNOWN_NEEDS_DECISION,contents not read: the reference tree was not available when this inventory was built,,
report.py,report.py,report.py,(root),.py,python_application_source,0f1b6f827e79ee187fcb0fcecb3576de01e54023b20c1eebae6dcdf7f9f5970b,,,undetermined,UNKNOWN_NEEDS_DECISION,contents not read: the reference tree was not available when this inventory was built,,
report_html.py,report_html.py,report_html.py,(root),.py,python_application_source,60b67cae8dced3a88163e54663d03dec0deb358f26c1eda18228ab5af9d70a9a,,,undetermined,UNKNOWN_NEEDS_DECISION,contents not read: the reference tree was not available when this inventory was built,,
representative_sampling.py,representative_sampling.py,representative_sampling.py,(root),.py,python_application_source,59250bc48d270a67b6da88375ddb4edeb981d1df6393e6299214183a2b154ef2,,,undetermined,UNKNOWN_NEEDS_DECISION,contents not read: the reference tree was not available when this inventory was built,,
requirements.txt,requirements.txt,requirements.txt,(root),.txt,text,9c1c156b773591bd7bd3ce98dc1d482873a500f28d586c097bee0943b92470f2,,,undetermined,UNKNOWN_NEEDS_DECISION,contents not read: the reference tree was not available when this inventory was built,,
research_arena.py,research_arena.py,research_arena.py,(root),.py,python_application_source,4a10fe5e70746109f7fe643358e254f15644c7c0c35ee78cb5e39d97074af778,,,undetermined,UNKNOWN_NEEDS_DECISION,contents not read: the reference tree was not available when this inventory was built,,
research_context.py,research_context.py,research_context.py,(root),.py,python_application_source,03b468153686dbdb3e591e6bfe9687d1043dc08858478bb85afd58d78e203c71,,,undetermined,UNKNOWN_NEEDS_DECISION,contents not read: the reference tree was not available when this inventory was built,,
research_copilot.py,research_copilot.py,research_copilot.py,(root),.py,python_application_source,a38609812fb838a08d4891d7ec670272db1ee1d4735ae85268cc2a42111b6085,,,undetermined,UNKNOWN_NEEDS_DECISION,contents not read: the reference tree was not available when this inventory was built,,
research_designer.py,research_designer.py,research_designer.py,(root),.py,python_application_source,9d577150272cff1fff17833ada8d3d45adc182f280ee5cafdb8a9f671048fd65,,,undetermined,UNKNOWN_NEEDS_DECISION,contents not read: the reference tree was not available when this inventory was built,,
research_os_config.py,research_os_config.py,research_os_config.py,(root),.py,python_application_source,42a6ef1abf2a50736392c565360b01af246b7ffa007848a476840ae7f93aa7e6,,,undetermined,UNKNOWN_NEEDS_DECISION,contents not read: the reference tree was not available when this inventory was built,,
research_project.py,research_project.py,research_project.py,(root),.py,python_application_source,17366b6f5a950fd3198863bbed246e837340f6c22ac24f2c5dd54a2d28d03cff,,,undetermined,UNKNOWN_NEEDS_DECISION,contents not read: the reference tree was not available when this inventory was built,,
respondent_dialogue.py,respondent_dialogue.py,respondent_dialogue.py,(root),.py,python_application_source,18a0fd1e34fb2c6151b49b2ba6c96e20ab441cc090308ae60da4bda41b2441c0,,,undetermined,UNKNOWN_NEEDS_DECISION,contents not read: the reference tree was not available when this inventory was built,,
result_context.py,result_context.py,result_context.py,(root),.py,python_application_source,24e5b9d0167e5c7d5e1c5a796194211c1bf442ef09659b5911460c6aad4fb1b8,,,undetermined,UNKNOWN_NEEDS_DECISION,contents not read: the reference tree was not available when this inventory was built,,
results_registry.py,results_registry.py,results_registry.py,(root),.py,python_application_source,2119cd08b88d21c79d2a0475b01fead43a59bbe80a876f95d830f413071490a7,,,undetermined,UNKNOWN_NEEDS_DECISION,contents not read: the reference tree was not available when this inventory was built,,
run.py,run.py,run.py,(root),.py,python_application_source,4191a596279dabbc6953e955a752ace0fe803a8c637e4f2851b88a4a68d74ec7,,,undetermined,UNKNOWN_NEEDS_DECISION,contents not read: the reference tree was not available when this inventory was built,,
run_store.py,run_store.py,run_store.py,(root),.py,python_application_source,8813c17315870a074bf277d11cd010e07e0fdde9534a3640a1454f977679a522,,,undetermined,UNKNOWN_NEEDS_DECISION,contents not read: the reference tree was not available when this inventory was built,,
runtime_config.py,runtime_config.py,runtime_config.py,(root),.py,python_application_source,dffa0e7b71f30539a3966405583af903a1374565b4b73ba88a0a639b7df8007e,,,undetermined,UNKNOWN_NEEDS_DECISION,contents not read: the reference tree was not available when this inventory was built,,
runtime_diagnostic.py,runtime_diagnostic.py,runtime_diagnostic.py,(root),.py,python_application_source,ca01eddff26fe5612b1c35a7cbec0f5d454930fbd21e10c5c67b2d2cb57b93e6,,,undetermined,UNKNOWN_NEEDS_DECISION,contents not read: the reference tree was not available when this inventory was built,,
scenario_compiler.py,scenario_compiler.py,scenario_compiler.py,(root),.py,python_application_source,66fc5f2e68a52f0c7ba5dc9d16bacaea11f92ff3cfbf2111ae1c4d36bbe82689,,,undetermined,UNKNOWN_NEEDS_DECISION,contents not read: the reference tree was not available when this inventory was built,,
scenario_truth_log.py,scenario_truth_log.py,scenario_truth_log.py,(root),.py,python_application_source,5e9b0f3db19de9a3280864d1deff0014c67ed01f5e954a1a25ba6dd11f9d87af,,,undetermined,UNKNOWN_NEEDS_DECISION,contents not read: the reference tree was not available when this inventory was built,,
scheduler.py,scheduler.py,scheduler.py,(root),.py,python_application_source,b25cd5e2a381faeb999eb4f728a7ee7e2c6dfad8f410d5af372fbd01b160497b,,,undetermined,UNKNOWN_NEEDS_DECISION,contents not read: the reference tree was not available when this inventory was built,,
secret_scan.py,secret_scan.py,secret_scan.py,(root),.py,python_application_source,2ac5450d4f4df1d1d4cfdbdf1904f46ecaf4b0ab1368b5b3048fce8537266e8a,,,undetermined,UNKNOWN_NEEDS_DECISION,contents not read: the reference tree was not available when this inventory was built,,
segment.py,segment.py,segment.py,(root),.py,python_application_source,659d23275fb702d9ca89a560537b089d99250e110c5a808df04ca4b741b55950,,,undetermined,UNKNOWN_NEEDS_DECISION,contents not read: the reference tree was not available when this inventory was built,,
segment_intelligence.py,segment_intelligence.py,segment_intelligence.py,(root),.py,python_application_source,1fe67f0f23763faa6f94dab5f9c0a41d178178ac08ae6d5834ee56db1a4dafeb,,,undetermined,UNKNOWN_NEEDS_DECISION,contents not read: the reference tree was not available when this inventory was built,,
segment_orchestration.py,segment_orchestration.py,segment_orchestration.py,(root),.py,python_application_source,3996e493940be9965d18f9a1aebd8fe8c95fb4d873edbdb0a824bf97891e7fe5,,,undetermined,UNKNOWN_NEEDS_DECISION,contents not read: the reference tree was not available when this inventory was built,,
selftest.py,selftest.py,selftest.py,(root),.py,python_application_source,e6251999fe8846a383b374d42ccda5adce2acf9a3430ff81eafd4af62750335d,,,undetermined,UNKNOWN_NEEDS_DECISION,contents not read: the reference tree was not available when this inventory was built,,
selftest_questionnaire.json,selftest_questionnaire.json,selftest_questionnaire.json,(root),.json,json_data_or_config,809a0e2766119f6e72d4d80d0dfd19ef3e9341c8d366af1beab8ed787568e661,,,undetermined,UNKNOWN_NEEDS_DECISION,contents not read: the reference tree was not available when this inventory was built,,
setup_env.bat,setup_env.bat,setup_env.bat,(root),.bat,launcher_script,21764a770de405424e13650e6545fea8624e23a0476eddaa9f38cd49811855e0,,,undetermined,UNKNOWN_NEEDS_DECISION,contents not read: the reference tree was not available when this inventory was built,,
setup_env.sh,setup_env.sh,setup_env.sh,(root),.sh,launcher_script,059bea67a43231ad7ad89a2a85d8ea8c4c531143ef5c36a2cdba2b15fafc3d65,,,undetermined,UNKNOWN_NEEDS_DECISION,contents not read: the reference tree was not available when this inventory was built,,
simulation_batch.py,simulation_batch.py,simulation_batch.py,(root),.py,python_application_source,56d4fd7a85315a088fe88bba68b986bd777a2d82e0fae0422450d29fa49b09cb,,,undetermined,UNKNOWN_NEEDS_DECISION,contents not read: the reference tree was not available when this inventory was built,,
simulation_context.py,simulation_context.py,simulation_context.py,(root),.py,python_application_source,95e2299f959c6d7f0e2af221d40c68338103eb46bbb2080a553f4d2a7aa03bd1,,,undetermined,UNKNOWN_NEEDS_DECISION,contents not read: the reference tree was not available when this inventory was built,,
smoke_validation.py,smoke_validation.py,smoke_validation.py,(root),.py,python_application_source,f63af7692b44df8763b5d64ccc2f818f8e8ccf199c5cb23acd42bf3b82328f0d,,,undetermined,UNKNOWN_NEEDS_DECISION,contents not read: the reference tree was not available when this inventory was built,,
society_insights.py,society_insights.py,society_insights.py,(root),.py,python_application_source,67425435ff40b7ea6d60c5ca1379e0bdf624918359171a510f7661b43f9b2520,,,undetermined,UNKNOWN_NEEDS_DECISION,contents not read: the reference tree was not available when this inventory was built,,
sociomap.py,sociomap.py,sociomap.py,(root),.py,python_application_source,94e06f7ff9eac72636216ff420a2e4e9b5deecd65ccbe79d0d9e32e29f0524be,,,undetermined,UNKNOWN_NEEDS_DECISION,contents not read: the reference tree was not available when this inventory was built,,
spawn_env.py,spawn_env.py,spawn_env.py,(root),.py,python_application_source,717b707964ac2e7019a1ab15b9c338eda3bee2d691ddc0d9cb29b87a8fcc761b,,,undetermined,UNKNOWN_NEEDS_DECISION,contents not read: the reference tree was not available when this inventory was built,,
start_prototype.bat,start_prototype.bat,start_prototype.bat,(root),.bat,launcher_script,3b376f3db255cb88cb6e2f9b5f7f6a238e19e8b4fcb0931df0e6a439dc10b83d,,,undetermined,UNKNOWN_NEEDS_DECISION,contents not read: the reference tree was not available when this inventory was built,,
start_prototype.sh,start_prototype.sh,start_prototype.sh,(root),.sh,launcher_script,7e42cd193c46c94a35ddedd5df4663f97463aa6256915f0902a80aa7981b5f21,,,undetermined,UNKNOWN_NEEDS_DECISION,contents not read: the reference tree was not available when this inventory was built,,
study_cli.py,study_cli.py,study_cli.py,(root),.py,python_application_source,e3e77600a88aeec58a5eef797b59711b8592a560596cb5f2f945ff1df5b9c086,,,undetermined,UNKNOWN_NEEDS_DECISION,contents not read: the reference tree was not available when this inventory was built,,
study_contract.py,study_contract.py,study_contract.py,(root),.py,python_application_source,ba853739c535e41440618a9ca78e93b63b5210424021541b1830f3d769e013ec,,,undetermined,UNKNOWN_NEEDS_DECISION,contents not read: the reference tree was not available when this inventory was built,,
study_dataset.py,study_dataset.py,study_dataset.py,(root),.py,python_application_source,c1fdde7bedb86a582c1291473fb453a868a70a9cf96052bce658b124722707f8,,,undetermined,UNKNOWN_NEEDS_DECISION,contents not read: the reference tree was not available when this inventory was built,,
study_engine.py,study_engine.py,study_engine.py,(root),.py,python_application_source,fbc9ad2ed397c73e9afe160c7538b93d2d13fdda3c8b0caf62027b517863a216,,,undetermined,UNKNOWN_NEEDS_DECISION,contents not read: the reference tree was not available when this inventory was built,,
study_example.json,study_example.json,study_example.json,(root),.json,json_data_or_config,1b04ed323ee54b43c63244597aa1583adeaeb9dd361bb1350cd17fc70fa3e07f,,,undetermined,UNKNOWN_NEEDS_DECISION,contents not read: the reference tree was not available when this inventory was built,,
study_export.py,study_export.py,study_export.py,(root),.py,python_application_source,3805edb480b87f8f13768a9077796ed2b6161f57a81d2feb3f60571404e775cb,,,undetermined,UNKNOWN_NEEDS_DECISION,contents not read: the reference tree was not available when this inventory was built,,
study_validation.py,study_validation.py,study_validation.py,(root),.py,python_application_source,5c8586b44dba1408b5d20c6a91318b4f259b38b9c8be4a044714c4b0b973e269,,,undetermined,UNKNOWN_NEEDS_DECISION,contents not read: the reference tree was not available when this inventory was built,,
study_validity.py,study_validity.py,study_validity.py,(root),.py,python_application_source,247361858571c0f748c2f7954f9e3e7d32f93fb7bf40d494addcae605164850f,,,undetermined,UNKNOWN_NEEDS_DECISION,contents not read: the reference tree was not available when this inventory was built,,
styly.py,styly.py,styly.py,(root),.py,python_application_source,23e7f31d9c7660bdf7aecec28849d2f2a27db313c5f83949e8e85543c6bd5b96,,,undetermined,UNKNOWN_NEEDS_DECISION,contents not read: the reference tree was not available when this inventory was built,,
support_bundle.py,support_bundle.py,support_bundle.py,(root),.py,python_application_source,89c25e9a4068d46a86f235c52ebb5c3271e60cfef4a25754ce1b9d54fcddc037,,,undetermined,UNKNOWN_NEEDS_DECISION,contents not read: the reference tree was not available when this inventory was built,,
survey_experiments.py,survey_experiments.py,survey_experiments.py,(root),.py,python_application_source,1c398ea3304cd848e32332e489e6405f152332a7ef327691b45ca1d75afecee2,,,undetermined,UNKNOWN_NEEDS_DECISION,contents not read: the reference tree was not available when this inventory was built,,
survey_lint.py,survey_lint.py,survey_lint.py,(root),.py,python_application_source,709e5c9d2c486d432e06edf5b391291e0a2abc257d8c8847e8feee12004e9386,,,undetermined,UNKNOWN_NEEDS_DECISION,contents not read: the reference tree was not available when this inventory was built,,
system_fingerprint.py,system_fingerprint.py,system_fingerprint.py,(root),.py,python_application_source,111b766fa176108337a4c2fa11eaefa1fc6e1f3a289d06aafc5c545b7c4f445a,,,undetermined,UNKNOWN_NEEDS_DECISION,contents not read: the reference tree was not available when this inventory was built,,
task_conditions.py,task_conditions.py,task_conditions.py,(root),.py,python_application_source,09263debafa373f06da65711867dabbf20e2e40a8d36119c2f834bbb941804ba,,,undetermined,UNKNOWN_NEEDS_DECISION,contents not read: the reference tree was not available when this inventory was built,,
tests/browser_smoke_height_semantics_1880.py,tests/browser_smoke_height_semantics_1880.py,browser_smoke_height_semantics_1880.py,tests,.py,python_test,702d4a3f80c9bb28a05277ad0ab563160c3d48f4fbecca5a36a462ba0b020735,,,undetermined,TEST_CHARACTERIZATION,"path: lives under tests/ or is named test_*; its role is to characterise behaviour, whatever behaviour that turns out to be",,
tests/browser_smoke_interactive_socio_1877.py,tests/browser_smoke_interactive_socio_1877.py,browser_smoke_interactive_socio_1877.py,tests,.py,python_test,001d78ab355d572e568c271ca7f89e0e8f9cf11a2b25f4e4dd5c381ee9a7460c,,,undetermined,TEST_CHARACTERIZATION,"path: lives under tests/ or is named test_*; its role is to characterise behaviour, whatever behaviour that turns out to be",,
tests/browser_smoke_object_relationship_field_1882.py,tests/browser_smoke_object_relationship_field_1882.py,browser_smoke_object_relationship_field_1882.py,tests,.py,python_test,19d3533dec9af8880e2d3d93258d5eaaa374b2c8d3b8302b69f5a11be17b886f,,,undetermined,TEST_CHARACTERIZATION,"path: lives under tests/ or is named test_*; its role is to characterise behaviour, whatever behaviour that turns out to be",,
tests/browser_smoke_socio_flow_1879.py,tests/browser_smoke_socio_flow_1879.py,browser_smoke_socio_flow_1879.py,tests,.py,python_test,406a112369656d8bbb3781f617a62dbb8c89f735219f467d063fb9c7271fa150,,,undetermined,TEST_CHARACTERIZATION,"path: lives under tests/ or is named test_*; its role is to characterise behaviour, whatever behaviour that turns out to be",,
tests/browser_smoke_socio_object_matrix_1881.py,tests/browser_smoke_socio_object_matrix_1881.py,browser_smoke_socio_object_matrix_1881.py,tests,.py,python_test,51fdab1b29156caba2788f0440ba12c603ec4fb6ce6322f3662dd1aede13a199,,,undetermined,TEST_CHARACTERIZATION,"path: lives under tests/ or is named test_*; its role is to characterise behaviour, whatever behaviour that turns out to be",,
tests/test_ai_assistant_memory_1794.py,tests/test_ai_assistant_memory_1794.py,test_ai_assistant_memory_1794.py,tests,.py,python_test,8bcddc046509d76369c0cf8d3bbb3a3a017628fc68312e107ef684e89cb6b52c,,,undetermined,TEST_CHARACTERIZATION,"path: lives under tests/ or is named test_*; its role is to characterise behaviour, whatever behaviour that turns out to be",,
tests/test_ai_flow_robustness_1777.py,tests/test_ai_flow_robustness_1777.py,test_ai_flow_robustness_1777.py,tests,.py,python_test,178eac9059d2c061d1c9b632a4116d0f1259a311024048e4c815776ae641951a,,,undetermined,TEST_CHARACTERIZATION,"path: lives under tests/ or is named test_*; its role is to characterise behaviour, whatever behaviour that turns out to be",,
tests/test_ai_runtime_1767.py,tests/test_ai_runtime_1767.py,test_ai_runtime_1767.py,tests,.py,python_test,0f010485951bde17c5a24416cc4249ca989e45375791d5ed89de0b44f11f222f,,,undetermined,TEST_CHARACTERIZATION,"path: lives under tests/ or is named test_*; its role is to characterise behaviour, whatever behaviour that turns out to be",,
tests/test_ai_runtime_1768.py,tests/test_ai_runtime_1768.py,test_ai_runtime_1768.py,tests,.py,python_test,7a42a5dd0bce37ccbb66c69853b636f64b93265361860e14ce938a49ad1c8961,,,undetermined,TEST_CHARACTERIZATION,"path: lives under tests/ or is named test_*; its role is to characterise behaviour, whatever behaviour that turns out to be",,
tests/test_audience_dimensions_1793.py,tests/test_audience_dimensions_1793.py,test_audience_dimensions_1793.py,tests,.py,python_test,36efe9883b63b88ea0963f200a687852668dd378e41532608b828f6edda2d602,,,undetermined,TEST_CHARACTERIZATION,"path: lives under tests/ or is named test_*; its role is to characterise behaviour, whatever behaviour that turns out to be",,
tests/test_backend_resilience_1764.py,tests/test_backend_resilience_1764.py,test_backend_resilience_1764.py,tests,.py,python_test,1cb86ebebe26dd894cdb368896eb4c9fa1dff7a143a4d53e5f3bc6e5c5085aa6,,,undetermined,TEST_CHARACTERIZATION,"path: lives under tests/ or is named test_*; its role is to characterise behaviour, whatever behaviour that turns out to be",,
tests/test_block_a_architecture_18000.py,tests/test_block_a_architecture_18000.py,test_block_a_architecture_18000.py,tests,.py,python_test,16d1ac27b926702a915b4d7fdad1e11d07f201e0e3a9e8395b608d266fb88d83,,,undetermined,TEST_CHARACTERIZATION,"path: lives under tests/ or is named test_*; its role is to characterise behaviour, whatever behaviour that turns out to be",,
tests/test_block_b_project_manager_1810.py,tests/test_block_b_project_manager_1810.py,test_block_b_project_manager_1810.py,tests,.py,python_test,4e4d698c38fe294f15de759fd664bec9768d3bce39966e1a0f2f7093a688da71,,,undetermined,TEST_CHARACTERIZATION,"path: lives under tests/ or is named test_*; its role is to characterise behaviour, whatever behaviour that turns out to be",,
tests/test_block_c_visualization_lab_1820.py,tests/test_block_c_visualization_lab_1820.py,test_block_c_visualization_lab_1820.py,tests,.py,python_test,61abc904ac6ad92b7c42b4697c1ed836f932f1db73bbbfb9f65618062c105a12,,,undetermined,TEST_CHARACTERIZATION,"path: lives under tests/ or is named test_*; its role is to characterise behaviour, whatever behaviour that turns out to be",,
tests/test_block_d_showcase_1830.py,tests/test_block_d_showcase_1830.py,test_block_d_showcase_1830.py,tests,.py,python_test,9480ee62546a738a5bcfa81b431ed5df0adf4d5ce50805f2c6ad6caef315a1c9,,,undetermined,TEST_CHARACTERIZATION,"path: lives under tests/ or is named test_*; its role is to characterise behaviour, whatever behaviour that turns out to be",,
tests/test_block_e_segment_intelligence_1840.py,tests/test_block_e_segment_intelligence_1840.py,test_block_e_segment_intelligence_1840.py,tests,.py,python_test,e5af0a438dbc6122948d7e3c7f9b88138a61bf3333f95a435125e386d1be316b,,,undetermined,TEST_CHARACTERIZATION,"path: lives under tests/ or is named test_*; its role is to characterise behaviour, whatever behaviour that turns out to be",,
tests/test_block_f_library_population_1850.py,tests/test_block_f_library_population_1850.py,test_block_f_library_population_1850.py,tests,.py,python_test,093e3d1e32f85dd9c8ddd11d2af3d7125d71b3ceee4e8354ebd6af39eacd6dc7,,,undetermined,TEST_CHARACTERIZATION,"path: lives under tests/ or is named test_*; its role is to characterise behaviour, whatever behaviour that turns out to be",,
tests/test_claude_mcp_hotfix_1766.py,tests/test_claude_mcp_hotfix_1766.py,test_claude_mcp_hotfix_1766.py,tests,.py,python_test,fa9f1fb93421c4e6fea3e7f69bc275aac461b2aee1be2be8fa50615ac56c71c2,,,undetermined,TEST_CHARACTERIZATION,"path: lives under tests/ or is named test_*; its role is to characterise behaviour, whatever behaviour that turns out to be",,
tests/test_claude_subscription_compat_1769.py,tests/test_claude_subscription_compat_1769.py,test_claude_subscription_compat_1769.py,tests,.py,python_test,ff1cc3a8d80ad68492f378a6d11d0a8409747e23e11c7c0c8c6d8fd5ae6fa620,,,undetermined,TEST_CHARACTERIZATION,"path: lives under tests/ or is named test_*; its role is to characterise behaviour, whatever behaviour that turns out to be",,
tests/test_claude_token_optimization_1787.py,tests/test_claude_token_optimization_1787.py,test_claude_token_optimization_1787.py,tests,.py,python_test,8d1c3af9fead980bcf18d03e830d29d31d7c036e1cf475fd92785c1d3f0e55d2,,,undetermined,TEST_CHARACTERIZATION,"path: lives under tests/ or is named test_*; its role is to characterise behaviour, whatever behaviour that turns out to be",,
tests/test_claude_windows_transport.py,tests/test_claude_windows_transport.py,test_claude_windows_transport.py,tests,.py,python_test,9fffeef0b7ce54c7864bd7091a5cf5b4a7f506d6e8275606f55ce23ba4b68cc4,,,undetermined,TEST_CHARACTERIZATION,"path: lives under tests/ or is named test_*; its role is to characterise behaviour, whatever behaviour that turns out to be",,
tests/test_client_simulation_suite_1780.py,tests/test_client_simulation_suite_1780.py,test_client_simulation_suite_1780.py,tests,.py,python_test,d5c0f3a7a39c2b29f29801889bcb4c05a8014e268349b4d03233cfa8fcb343a6,,,undetermined,TEST_CHARACTERIZATION,"path: lives under tests/ or is named test_*; its role is to characterise behaviour, whatever behaviour that turns out to be",,
tests/test_complete_final_1860.py,tests/test_complete_final_1860.py,test_complete_final_1860.py,tests,.py,python_test,a5bc31b564055fe18f3fa7fdaaf7a34fdcece69460c0fcdaec54c71592a988db,,,undetermined,TEST_CHARACTERIZATION,"path: lives under tests/ or is named test_*; its role is to characterise behaviour, whatever behaviour that turns out to be",,
tests/test_demo_showcase_1794.py,tests/test_demo_showcase_1794.py,test_demo_showcase_1794.py,tests,.py,python_test,ec4ba08195b8e0d8c385fc85811d7ee3b8429c4614c50197bb37429bc291d3a7,,,undetermined,TEST_CHARACTERIZATION,"path: lives under tests/ or is named test_*; its role is to characterise behaviour, whatever behaviour that turns out to be",,
tests/test_design_system_1783.py,tests/test_design_system_1783.py,test_design_system_1783.py,tests,.py,python_test,1d2b7a5ff794168455dd9b9e7b0796411c9163bcbce94f614e72755fb512cf6d,,,undetermined,TEST_CHARACTERIZATION,"path: lives under tests/ or is named test_*; its role is to characterise behaviour, whatever behaviour that turns out to be",,
tests/test_diagnostics_hotfix_1774.py,tests/test_diagnostics_hotfix_1774.py,test_diagnostics_hotfix_1774.py,tests,.py,python_test,5484d0ef5de3cde25100d4e527cc1e726f874d62da092982f3752d10caada3f5,,,undetermined,TEST_CHARACTERIZATION,"path: lives under tests/ or is named test_*; its role is to characterise behaviour, whatever behaviour that turns out to be",,
tests/test_final_analytics_1876.py,tests/test_final_analytics_1876.py,test_final_analytics_1876.py,tests,.py,python_test,74bd481d43bfdec4bd44ae2dd1701d3208e2e8d060261846c7d635e5deb1a760,,,undetermined,TEST_CHARACTERIZATION,"path: lives under tests/ or is named test_*; its role is to characterise behaviour, whatever behaviour that turns out to be",,
tests/test_final_release_1780.py,tests/test_final_release_1780.py,test_final_release_1780.py,tests,.py,python_test,432872c6cd9249244b074b6b237815e0a0f6c791d279448f48154819b469d45e,,,undetermined,TEST_CHARACTERIZATION,"path: lives under tests/ or is named test_*; its role is to characterise behaviour, whatever behaviour that turns out to be",,
tests/test_final_release_hardening_1780.py,tests/test_final_release_hardening_1780.py,test_final_release_hardening_1780.py,tests,.py,python_test,329686083778e1ec50d52d5a319fc110c1382325a6831571ebec808d65b423c5,,,undetermined,TEST_CHARACTERIZATION,"path: lives under tests/ or is named test_*; its role is to characterise behaviour, whatever behaviour that turns out to be",,
tests/test_flow_performance_1791.py,tests/test_flow_performance_1791.py,test_flow_performance_1791.py,tests,.py,python_test,394c7669b8bcaa02d815dcc20aea9167fdeffaa02f18dd57bd1b645d3994ccb1,,,undetermined,TEST_CHARACTERIZATION,"path: lives under tests/ or is named test_*; its role is to characterise behaviour, whatever behaviour that turns out to be",,
tests/test_guided_ux_1789.py,tests/test_guided_ux_1789.py,test_guided_ux_1789.py,tests,.py,python_test,7604534d1e9d187153e7cd3c6773c806a8be1b7f357928585b32bc1191d76bd2,,,undetermined,TEST_CHARACTERIZATION,"path: lives under tests/ or is named test_*; its role is to characterise behaviour, whatever behaviour that turns out to be",,
tests/test_hotfix_1862.py,tests/test_hotfix_1862.py,test_hotfix_1862.py,tests,.py,python_test,eb91f9e71d2e0ed20f04bc42563e63d60ce8ef6b4d3eddd01ead8e33592efd76,,,undetermined,TEST_CHARACTERIZATION,"path: lives under tests/ or is named test_*; its role is to characterise behaviour, whatever behaviour that turns out to be",,
tests/test_interactive_socio_1877.py,tests/test_interactive_socio_1877.py,test_interactive_socio_1877.py,tests,.py,python_test,4d3e1d1cec7d10df3c0442865276439832adb1804c8477ce1a41fe46cbdcfd53,,,undetermined,TEST_CHARACTERIZATION,"path: lives under tests/ or is named test_*; its role is to characterise behaviour, whatever behaviour that turns out to be",,
tests/test_mmc_gemo_canonical_fix_1866.py,tests/test_mmc_gemo_canonical_fix_1866.py,test_mmc_gemo_canonical_fix_1866.py,tests,.py,python_test,ee2e458d7e4f775b49a6c86c4a77f794516963c49a53da803ba417aefc7d4846,,,undetermined,TEST_CHARACTERIZATION,"path: lives under tests/ or is named test_*; its role is to characterise behaviour, whatever behaviour that turns out to be",,
tests/test_persistent_projects_1790.py,tests/test_persistent_projects_1790.py,test_persistent_projects_1790.py,tests,.py,python_test,4f83100966a2b71a06b4d2c4f01c666ec99e506302217b3f44cd1eac0d4abbf4,,,undetermined,TEST_CHARACTERIZATION,"path: lives under tests/ or is named test_*; its role is to characterise behaviour, whatever behaviour that turns out to be",,
tests/test_project_navigation_sociomap_1797.py,tests/test_project_navigation_sociomap_1797.py,test_project_navigation_sociomap_1797.py,tests,.py,python_test,397cd8f8740fac6374d3e6bbe9a492f64570d762df0a74e1147473842726bcaf,,,undetermined,TEST_CHARACTERIZATION,"path: lives under tests/ or is named test_*; its role is to characterise behaviour, whatever behaviour that turns out to be",,
tests/test_provider_research_hotfix_1762.py,tests/test_provider_research_hotfix_1762.py,test_provider_research_hotfix_1762.py,tests,.py,python_test,4442e6e8f681aa0ab0a81b9261976ba4cdbcac38e5b5c7df1ed859ccf9614829,,,undetermined,TEST_CHARACTERIZATION,"path: lives under tests/ or is named test_*; its role is to characterise behaviour, whatever behaviour that turns out to be",,
tests/test_quota_resume_1788.py,tests/test_quota_resume_1788.py,test_quota_resume_1788.py,tests,.py,python_test,60c62e4e7cad985921d08091267a78e94874011c742f884777cbb80bccce7be1,,,undetermined,TEST_CHARACTERIZATION,"path: lives under tests/ or is named test_*; its role is to characterise behaviour, whatever behaviour that turns out to be",,
tests/test_release_core.py,tests/test_release_core.py,test_release_core.py,tests,.py,python_test,8b04f7d0c912f8d1592776be6deffbcda4c506bf791d9e7eb9e70f7462fcbf1e,,,undetermined,TEST_CHARACTERIZATION,"path: lives under tests/ or is named test_*; its role is to characterise behaviour, whatever behaviour that turns out to be",,
tests/test_report_completion_hotfix_1784.py,tests/test_report_completion_hotfix_1784.py,test_report_completion_hotfix_1784.py,tests,.py,python_test,b63e3b4d42ff5ea861d756379d9890c040dfb0c93af45982398839d6a112c8f4,,,undetermined,TEST_CHARACTERIZATION,"path: lives under tests/ or is named test_*; its role is to characterise behaviour, whatever behaviour that turns out to be",,
tests/test_research_simulation_fix_1773.py,tests/test_research_simulation_fix_1773.py,test_research_simulation_fix_1773.py,tests,.py,python_test,f38fa5fc37ced451662f65a20a1e1268c4730a0054dd462faaa577cb4423d512,,,undetermined,TEST_CHARACTERIZATION,"path: lives under tests/ or is named test_*; its role is to characterise behaviour, whatever behaviour that turns out to be",,
tests/test_respondent_resilience_1785.py,tests/test_respondent_resilience_1785.py,test_respondent_resilience_1785.py,tests,.py,python_test,892ab93edfa104d68d829eefab373762ee7b3b7e24cdbea9fce4280a47f20afc,,,undetermined,TEST_CHARACTERIZATION,"path: lives under tests/ or is named test_*; its role is to characterise behaviour, whatever behaviour that turns out to be",,
tests/test_respondent_segment_dialogue_1866.py,tests/test_respondent_segment_dialogue_1866.py,test_respondent_segment_dialogue_1866.py,tests,.py,python_test,0869c6a25764875fd4803d409fefc2c5d3a7c318730c7bff10c8ceebd95a0d8a,,,undetermined,TEST_CHARACTERIZATION,"path: lives under tests/ or is named test_*; its role is to characterise behaviour, whatever behaviour that turns out to be",,
tests/test_results_guarantee_1787.py,tests/test_results_guarantee_1787.py,test_results_guarantee_1787.py,tests,.py,python_test,bca787a68d5c292299c380ed20dc6d0e0c953a9ba82eba2f31f909f22e00eac6,,,undetermined,TEST_CHARACTERIZATION,"path: lives under tests/ or is named test_*; its role is to characterise behaviour, whatever behaviour that turns out to be",,
tests/test_scenarios_integrated_1765.py,tests/test_scenarios_integrated_1765.py,test_scenarios_integrated_1765.py,tests,.py,python_test,89ed886eb14a26fc7a250aa89b3932d12464d56eab6fe69967e1b67a4c8d6423,,,undetermined,TEST_CHARACTERIZATION,"path: lives under tests/ or is named test_*; its role is to characterise behaviour, whatever behaviour that turns out to be",,
tests/test_simulation_ai_hotfix_1763.py,tests/test_simulation_ai_hotfix_1763.py,test_simulation_ai_hotfix_1763.py,tests,.py,python_test,c986e2fb17b7ee50dfe3a7c4616d974484530f3b57bfe2240c5ce586695f894f,,,undetermined,TEST_CHARACTERIZATION,"path: lives under tests/ or is named test_*; its role is to characterise behaviour, whatever behaviour that turns out to be",,
tests/test_simulation_stability_1786.py,tests/test_simulation_stability_1786.py,test_simulation_stability_1786.py,tests,.py,python_test,07bcb1d33fc4c44d228e4f0ebba2a19a92199fd7753dffb4f9ce0744b837998d,,,undetermined,TEST_CHARACTERIZATION,"path: lives under tests/ or is named test_*; its role is to characterise behaviour, whatever behaviour that turns out to be",,
tests/test_socio_flow_1878_1879.py,tests/test_socio_flow_1878_1879.py,test_socio_flow_1878_1879.py,tests,.py,python_test,40c2a2613ec4eed9de9a6c1e6624be807efc46866063cfe6da0cbc45c9f25e88,,,undetermined,TEST_CHARACTERIZATION,"path: lives under tests/ or is named test_*; its role is to characterise behaviour, whatever behaviour that turns out to be",,
tests/test_socio_height_semantics_1880.py,tests/test_socio_height_semantics_1880.py,test_socio_height_semantics_1880.py,tests,.py,python_test,6f1061aa82ae4e48723ca804bdf0c6f3d85779605f47497be5aae82c2a7b9d53,,,undetermined,TEST_CHARACTERIZATION,"path: lives under tests/ or is named test_*; its role is to characterise behaviour, whatever behaviour that turns out to be",,
tests/test_socio_object_matrix_1881.py,tests/test_socio_object_matrix_1881.py,test_socio_object_matrix_1881.py,tests,.py,python_test,50da3fc7ecfa2231f36d952f37954dcf5fe4913d59b508cebe0e826bbf328b9a,,,undetermined,TEST_CHARACTERIZATION,"path: lives under tests/ or is named test_*; its role is to characterise behaviour, whatever behaviour that turns out to be",,
tests/test_sociomap_nav_demos_1798.py,tests/test_sociomap_nav_demos_1798.py,test_sociomap_nav_demos_1798.py,tests,.py,python_test,79ed9bba234372145f7843a0e529fb97caa1992724abeae691314ab054a11bfe,,,undetermined,TEST_CHARACTERIZATION,"path: lives under tests/ or is named test_*; its role is to characterise behaviour, whatever behaviour that turns out to be",,
tests/test_sociomap_unified_1863.py,tests/test_sociomap_unified_1863.py,test_sociomap_unified_1863.py,tests,.py,python_test,094c6e39803d5d20ac98a8abbc3432b58c062c8ec472a95624c813496a7ad581,,,undetermined,TEST_CHARACTERIZATION,"path: lives under tests/ or is named test_*; its role is to characterise behaviour, whatever behaviour that turns out to be",,
tests/test_sociomap_workspace_1865.py,tests/test_sociomap_workspace_1865.py,test_sociomap_workspace_1865.py,tests,.py,python_test,d0094b9e99c809045892f465d5c72986850bf4a6ba35fcdbd77a4b4983f51944,,,undetermined,TEST_CHARACTERIZATION,"path: lives under tests/ or is named test_*; its role is to characterise behaviour, whatever behaviour that turns out to be",,
tests/test_stage_routing_and_split_guard_1799.py,tests/test_stage_routing_and_split_guard_1799.py,test_stage_routing_and_split_guard_1799.py,tests,.py,python_test,104c6558151e693a216b83457c17884d09e1a58bb95fa0c19b68a6f0bfb7d4e4,,,undetermined,TEST_CHARACTERIZATION,"path: lives under tests/ or is named test_*; its role is to characterise behaviour, whatever behaviour that turns out to be",,
tests/test_startup_dom_hotfix_1781.py,tests/test_startup_dom_hotfix_1781.py,test_startup_dom_hotfix_1781.py,tests,.py,python_test,956d29bb53cf5d5f05a00d2b54e0ce1aa851efcb23c7bd819b30cb0548d56e3b,,,undetermined,TEST_CHARACTERIZATION,"path: lives under tests/ or is named test_*; its role is to characterise behaviour, whatever behaviour that turns out to be",,
tests/test_startup_dom_safety_1783.py,tests/test_startup_dom_safety_1783.py,test_startup_dom_safety_1783.py,tests,.py,python_test,0477194fe00cdf69a47e40439c9047b227ac85990100ee39eb2cc23a043566dc,,,undetermined,TEST_CHARACTERIZATION,"path: lives under tests/ or is named test_*; its role is to characterise behaviour, whatever behaviour that turns out to be",,
tests/test_startup_hotfix.py,tests/test_startup_hotfix.py,test_startup_hotfix.py,tests,.py,python_test,3db66ce87c1b013ec1592f424b95b7fcd860db8f5f9785cb65cb016971fd6826,,,undetermined,TEST_CHARACTERIZATION,"path: lives under tests/ or is named test_*; its role is to characterise behaviour, whatever behaviour that turns out to be",,
tests/test_step2_library_objects_personas_1771.py,tests/test_step2_library_objects_personas_1771.py,test_step2_library_objects_personas_1771.py,tests,.py,python_test,0e7b1a369ccdab43374cb2631c14c7d4ec1572f3769e6552fbd5bec3fea2605f,,,undetermined,TEST_CHARACTERIZATION,"path: lives under tests/ or is named test_*; its role is to characterise behaviour, whatever behaviour that turns out to be",,
tests/test_step3_learning_results_1772.py,tests/test_step3_learning_results_1772.py,test_step3_learning_results_1772.py,tests,.py,python_test,ecd55515418c86300388c59b1a05a3ab8de244d551d2abfc03357fca94c58ad6,,,undetermined,TEST_CHARACTERIZATION,"path: lives under tests/ or is named test_*; its role is to characterise behaviour, whatever behaviour that turns out to be",,
tests/test_user_friendly_step1_1770.py,tests/test_user_friendly_step1_1770.py,test_user_friendly_step1_1770.py,tests,.py,python_test,c68e79e63f18305ae9b95bc9bf45a0e7523bc4b8b01bd0ae39229a8ddc0b9e44,,,undetermined,TEST_CHARACTERIZATION,"path: lives under tests/ or is named test_*; its role is to characterise behaviour, whatever behaviour that turns out to be",,
tests/test_ux_176.py,tests/test_ux_176.py,test_ux_176.py,tests,.py,python_test,e5e462e4f61166c8633d1ed25a4e9f9e5ef2796403b177f20a78467252729e60,,,undetermined,TEST_CHARACTERIZATION,"path: lives under tests/ or is named test_*; its role is to characterise behaviour, whatever behaviour that turns out to be",,
tests/test_ux_feedback_1785.py,tests/test_ux_feedback_1785.py,test_ux_feedback_1785.py,tests,.py,python_test,1ce88b02f12d4edae947a38ab943f33cdb258a9ebf784000035d3775c102cbc4,,,undetermined,TEST_CHARACTERIZATION,"path: lives under tests/ or is named test_*; its role is to characterise behaviour, whatever behaviour that turns out to be",,
tests/test_visual_redesign_1782.py,tests/test_visual_redesign_1782.py,test_visual_redesign_1782.py,tests,.py,python_test,e97ecc02cbe48a1d0d6901f008511d21384030c734503c4a8d6323a39c7791ec,,,undetermined,TEST_CHARACTERIZATION,"path: lives under tests/ or is named test_*; its role is to characterise behaviour, whatever behaviour that turns out to be",,
tests/test_visualization_lab_init_1864.py,tests/test_visualization_lab_init_1864.py,test_visualization_lab_init_1864.py,tests,.py,python_test,10716c2e451bcf5490ace0a32d02466303629eb5246cbeff87450363d80b5725,,,undetermined,TEST_CHARACTERIZATION,"path: lives under tests/ or is named test_*; its role is to characterise behaviour, whatever behaviour that turns out to be",,
tier_gate.py,tier_gate.py,tier_gate.py,(root),.py,python_application_source,1a32dae617084e3573d496fe8a1248a195ce67885fc209344b329e83defd4c4e,,,undetermined,UNKNOWN_NEEDS_DECISION,contents not read: the reference tree was not available when this inventory was built,,
tools/legacy_launchers/AAA_START_NPC_PANEL.bat,tools/legacy_launchers/AAA_START_NPC_PANEL.bat,AAA_START_NPC_PANEL.bat,tools,.bat,launcher_script,e11c318697fea343bf855e0d0bac7940cd5728936f3fe8b050d0a48c8881761d,,,undetermined,UNKNOWN_NEEDS_DECISION,contents not read: the reference tree was not available when this inventory was built,,
typology_reference.py,typology_reference.py,typology_reference.py,(root),.py,python_application_source,80620214ba88c73af35c12390a91cf77aa19d86ae65f1fdf29569e8a4341b1bd,,,undetermined,UNKNOWN_NEEDS_DECISION,contents not read: the reference tree was not available when this inventory was built,,
ui_app.html,ui_app.html,ui_app.html,(root),.html,frontend_html,d844dd6fc7bc738bf1bedaed1b668eb44d79c1ad7d281f093eee15ed1c81eaee,,,undetermined,UNKNOWN_NEEDS_DECISION,contents not read: the reference tree was not available when this inventory was built,,
ui_server.py,ui_server.py,ui_server.py,(root),.py,python_application_source,c6df8e01e3a0338f049b6eb363f4843ab1d7c5362b096f6743f284ed50aad5d5,,,undetermined,UNKNOWN_NEEDS_DECISION,contents not read: the reference tree was not available when this inventory was built,,
uncertainty.py,uncertainty.py,uncertainty.py,(root),.py,python_application_source,a7d334f1833d0e52204d02a7ee45ce5333f49c06bc0364d732a4d4a237512c3a,,,undetermined,UNKNOWN_NEEDS_DECISION,contents not read: the reference tree was not available when this inventory was built,,
validace.py,validace.py,validace.py,(root),.py,python_application_source,6f8813369b2915065dc1ac8df5799ab2dc9ce6f2b91cf6433ec1d813b88a5a38,,,undetermined,UNKNOWN_NEEDS_DECISION,contents not read: the reference tree was not available when this inventory was built,,
validate_v17.py,validate_v17.py,validate_v17.py,(root),.py,python_application_source,9e090670e8d0282e3e785d6af8db25298a832ac34a28e637dbacadb5180161bf,,,undetermined,UNKNOWN_NEEDS_DECISION,contents not read: the reference tree was not available when this inventory was built,,
validation_diagnostics.py,validation_diagnostics.py,validation_diagnostics.py,(root),.py,python_application_source,8d810d4c45d6c7f9677fd65f45bbc7403832804a364d8f9c0415795bf257d235,,,undetermined,UNKNOWN_NEEDS_DECISION,contents not read: the reference tree was not available when this inventory was built,,
validation_gate.py,validation_gate.py,validation_gate.py,(root),.py,python_application_source,2c82f45307883cba80c499984eb7a61c7a033c1beaa6422e1c183ea13a888e1f,,,undetermined,UNKNOWN_NEEDS_DECISION,contents not read: the reference tree was not available when this inventory was built,,
validation_stats.py,validation_stats.py,validation_stats.py,(root),.py,python_application_source,868a71cf96c7ae3bd5befc1f7b74b10ec4854d7fe3fbaea714fbb1c2f062d696,,,undetermined,UNKNOWN_NEEDS_DECISION,contents not read: the reference tree was not available when this inventory was built,,
validation_status.py,validation_status.py,validation_status.py,(root),.py,python_application_source,04bf8d6544a759e3a3f281c6dcac874c8c31b54b5f91f0e1693a613812502e22,,,undetermined,UNKNOWN_NEEDS_DECISION,contents not read: the reference tree was not available when this inventory was built,,
validation_workflow.py,validation_workflow.py,validation_workflow.py,(root),.py,python_application_source,ae6d74c321c1df6fb09db252a7518cdab9bd90f60d4f8f3c2cfd57888120fcbd,,,undetermined,UNKNOWN_NEEDS_DECISION,contents not read: the reference tree was not available when this inventory was built,,
visualization_lab.py,visualization_lab.py,visualization_lab.py,(root),.py,python_application_source,8e06f24f890a4509af801d2e72170882b88e83f2bfcd4ca4c7dfa626b6e475d5,,,undetermined,UNKNOWN_NEEDS_DECISION,contents not read: the reference tree was not available when this inventory was built,,
worker_daemon.py,worker_daemon.py,worker_daemon.py,(root),.py,python_application_source,107576a18f91720e957105440f9e0970feaacbe660f8f611a4c8664d6e49043f,,,undetermined,UNKNOWN_NEEDS_DECISION,contents not read: the reference tree was not available when this inventory was built,,
worker_job.py,worker_job.py,worker_job.py,(root),.py,python_application_source,b7ab27fdf6a24e8a767b0a6beadd8bf3ff4fe6230f2d9572fff832c8d2e23a38,,,undetermined,UNKNOWN_NEEDS_DECISION,contents not read: the reference tree was not available when this inventory was built,,
workflow_engine.py,workflow_engine.py,workflow_engine.py,(root),.py,python_application_source,e52ef1848d72e2030f0a9ddcedee4079fb72df6e8096588def9a6564a8d9a4da,,,undetermined,UNKNOWN_NEEDS_DECISION,contents not read: the reference tree was not available when this inventory was built,,
workflow_report.py,workflow_report.py,workflow_report.py,(root),.py,python_application_source,169eb5b6d1f85482899f57fd42a42759a8cbcf77cf5662948ae2855ec7d42f28,,,undetermined,UNKNOWN_NEEDS_DECISION,contents not read: the reference tree was not available when this inventory was built,,
