respondent_id,variant_id,subscribe_intent_pct,preference_pct,perceived_value,simplicity,content_fit,price_acceptance,respondent_composite_0_100
1,A,0,1,7.1,9.2,7.7,7.0,68.3
1,B,1,0,7.9,9.3,8.8,5.9,69.8
1,C,1,0,7.5,6.2,6.7,3.8,57.0
1,D,1,1,6.5,6.7,9.2,6.2,81.0
2,A,1,0,7.5,7.7,6.2,8.0,65.7
2,B,0,0,10,8.7,8.5,7.9,58.5
2,C,1,0,7.7,10,8.7,5.8,70.3
2,D,0,1,7.2,7.9,7.3,9.1,69.2
3,A,1,1,9.3,8.7,8.0,6.0,86.7
3,B,0,1,8.5,4.1,6.1,9.4,63.5
3,C,1,1,7.0,5.9,9.1,8.4,84.0
3,D,0,0,9.7,6.5,7.9,7.3,52.3
4,A,1,1,7.8,7.7,5.8,7.1,80.7
4,B,1,1,7.6,6.0,6.1,8.4,80.2
4,C,0,0,7.4,6.9,7.5,8.6,50.7
4,D,1,1,8.4,6.3,9.2,7.0,84.8
5,A,0,0,5.0,7.6,3.5,8.4,40.8
5,B,1,1,4.7,9.1,7.9,7.7,82.3
5,C,1,0,7.4,6.3,9.6,8.2,69.2
5,D,0,0,8.4,8.7,8.1,7.4,54.3
6,A,0,0,5.3,8.9,7.8,6.8,48.0
6,B,1,0,7.8,8.6,6.4,6.4,65.3
6,C,1,0,7.7,8.3,7.3,6.0,65.5
6,D,0,0,7.3,4.4,5.0,7.9,41.0
7,A,1,0,5.6,8.9,5.5,6.2,60.3
7,B,0,1,9.6,5.3,5.4,7.8,63.5
7,C,0,0,5.3,4.8,5.8,5.6,35.8
7,D,1,0,8.7,8.4,4.7,7.1,64.8
8,A,1,0,7.4,5.9,4.6,5.7,56.0
8,B,1,1,7.3,5.8,5.5,7.9,77.5
8,C,1,1,8.6,6.4,5.9,5.2,76.8
8,D,1,0,5.2,5.4,8.2,5.7,57.5
9,A,1,1,8.1,8.2,6.7,7.9,84.8
9,B,0,0,6.9,7.0,6.2,5.7,43.0
9,C,0,1,7.9,5.0,6.5,6.2,59.3
9,D,1,1,8.2,8.5,7.8,7.2,86.2
10,A,1,1,7.5,8.0,5.1,7.6,80.3
10,B,1,1,7.3,5.3,5.8,6.5,74.8
10,C,0,0,3.6,7.3,7.6,5.8,40.5
10,D,0,0,9.8,6.9,6.5,7.1,50.5
11,A,1,0,7.8,6.0,6.2,7.3,62.2
11,B,0,1,6.5,6.9,5.4,5.3,56.8
11,C,1,1,8.2,6.0,9.1,6.9,83.7
11,D,1,1,7.9,9.4,7.2,8.5,88.3
12,A,0,0,5.8,7.2,6.4,8.5,46.5
12,B,0,1,7.4,9.5,7.1,8.3,70.5
12,C,0,1,7.7,5.4,7.0,6.8,61.5
12,D,1,1,9.6,6.9,8.3,5.0,83.0
13,A,0,0,6.6,6.9,4.5,8.1,43.5
13,B,1,0,6.8,7.7,8.2,7.1,66.3
13,C,0,0,7.6,7.3,6.1,4.2,42.0
13,D,1,1,7.7,6.5,8.1,6.1,80.7
14,A,0,1,5.9,8.6,5.5,6.0,60.0
14,B,1,1,7.4,5.4,6.4,7.6,78.0
14,C,1,0,6.9,6.2,5.9,4.8,56.3
14,D,1,1,9.0,9.5,8.7,5.7,88.2
15,A,1,1,7.5,7.7,5.1,6.3,77.7
15,B,1,0,9.2,6.5,9.1,5.1,66.5
15,C,1,1,7.0,6.2,8.0,6.4,79.3
15,D,1,0,8.5,7.7,8.3,5.1,66.0
16,A,0,0,7.3,8.1,6.3,8.3,50.0
16,B,1,0,6.2,9.6,6.1,9.5,69.0
16,C,1,1,4.6,6.1,7.5,4.6,71.3
16,D,1,1,8.3,8.6,6.4,9.9,88.7
17,A,1,1,4.8,6.3,5.8,5.5,70.7
17,B,1,0,7.3,6.0,5.1,7.3,59.5
17,C,1,1,6.2,4.8,6.4,6.3,72.8
17,D,0,1,4.6,8.4,7.2,6.8,61.7
18,A,0,1,7.3,7.5,6.1,9.0,66.5
18,B,1,0,6.5,9.3,6.2,8.0,66.7
18,C,0,1,6.9,6.5,7.3,5.1,59.7
18,D,1,0,7.9,6.2,9.2,5.8,65.2
19,A,1,0,6.2,6.2,5.6,8.7,61.2
19,B,1,0,6.1,7.6,6.5,8.3,64.2
19,C,0,0,9.0,7.6,8.1,6.0,51.2
19,D,1,1,8.3,9.4,9.3,8.4,92.3
20,A,1,0,7.7,8.4,6.6,7.6,67.2
20,B,1,1,7.0,8.1,5.3,7.3,79.5
20,C,1,0,8.2,8.3,6.3,6.4,65.3
20,D,1,1,8.3,6.4,6.6,6.5,79.7
21,A,0,0,6.0,4.9,4.2,8.5,39.3
21,B,0,0,8.7,9.9,6.9,6.7,53.7
21,C,1,0,7.6,7.6,6.8,2.5,57.5
21,D,1,1,7.5,6.8,8.5,7.4,83.7
22,A,1,0,8.3,5.4,7.0,6.0,61.2
22,B,1,0,7.5,6.2,9.3,7.0,66.7
22,C,0,0,6.2,4.9,8.6,5.6,42.2
22,D,1,1,10,6.6,7.9,7.0,85.8
23,A,0,0,7.4,9.2,6.7,7.7,51.7
23,B,0,0,8.1,7.2,5.4,4.9,42.7
23,C,1,0,6.8,6.4,7.8,4.7,59.5
23,D,1,0,9.0,7.6,6.8,7.5,68.2
24,A,1,0,6.5,5.2,3.3,7.5,54.2
24,B,1,0,5.7,7.5,6.2,9.6,65.0
24,C,0,1,8.4,8.6,6.2,6.5,66.2
24,D,1,1,8.0,7.8,7.6,8.4,86.3
25,A,1,0,7.4,7.3,8.0,10,71.2
25,B,1,1,7.1,10,7.8,4.3,82.0
25,C,1,0,6.7,7.1,7.4,4.4,59.3
25,D,1,1,6.4,8.8,7.5,6.2,81.5
26,A,0,0,8.0,7.6,5.9,7.6,48.5
26,B,1,1,7.0,8.7,5.1,8.3,81.8
26,C,1,1,8.6,6.2,10,5.2,83.3
26,D,0,0,8.7,7.1,9.8,5.3,51.5
27,A,1,0,7.0,8.1,4.4,5.0,57.5
27,B,1,0,7.3,7.7,8.6,7.0,67.7
27,C,0,0,8.9,4.6,8.7,7.7,49.8
27,D,0,0,10,6.5,6.1,4.9,45.8
28,A,1,1,6.7,7.1,6.2,7.4,79.0
28,B,0,1,6.6,8.9,6.1,6.8,64.0
28,C,1,0,5.7,5.8,10,6.6,63.5
28,D,1,1,8.7,6.4,7.0,8.6,84.5
29,A,0,0,7.0,6.0,7.3,6.8,45.2
29,B,0,1,8.4,7.5,8.5,7.7,70.2
29,C,1,1,7.8,5.8,6.5,5.4,75.8
29,D,0,0,10.0,9.5,6.9,6.5,54.8
30,A,1,0,6.5,9.5,4.8,6.3,61.8
30,B,1,1,9.9,7.0,8.0,6.7,86.0
30,C,1,0,4.7,7.0,6.3,5.9,56.5
30,D,1,0,8.6,8.5,8.1,7.1,70.5
31,A,0,0,4.9,7.0,6.3,5.7,39.8
31,B,1,1,7.5,9.2,6.0,7.9,84.3
31,C,0,0,7.6,4.9,6.2,5.7,40.7
31,D,1,0,5.6,8.1,8.2,5.4,62.2
32,A,0,1,4.9,7.3,5.7,5.2,55.2
32,B,1,0,9.8,6.1,8.3,9.7,73.2
32,C,0,0,7.5,7.4,7.7,4.4,45.0
32,D,1,1,7.8,8.3,7.4,7.3,84.7
33,A,1,1,8.7,8.4,6.4,7.7,85.3
33,B,0,0,4.8,7.3,6.3,7.9,43.8
33,C,0,0,7.6,8.5,8.2,7.1,52.3
33,D,1,1,8.6,7.3,8.3,6.1,83.8
34,A,1,0,7.8,8.4,4.9,7.0,63.5
34,B,1,1,6.3,7.1,3.9,5.3,71.0
34,C,1,1,8.2,6.4,6.6,5.5,77.8
34,D,0,0,9.3,6.5,4.5,4.7,41.7
35,A,1,0,6.7,6.1,6.7,8.6,63.5
35,B,1,0,4.2,10,8.3,5.6,63.5
35,C,1,0,6.8,5.6,6.4,5.5,57.2
35,D,0,1,7.8,7.1,7.8,5.9,64.3
36,A,0,0,7.3,4.7,6.0,7.0,41.7
36,B,1,1,9.4,9.6,5.6,7.9,87.5
36,C,0,0,7.7,7.0,9.0,5.4,48.5
36,D,0,1,5.8,9.2,8.0,5.8,64.7
37,A,1,1,5.5,8.1,6.9,8.3,81.3
37,B,1,0,7.5,7.4,6.9,7.6,65.7
37,C,1,1,6.6,4.6,10,4.9,76.8
37,D,1,1,7.1,7.1,9.2,6.8,83.7
38,A,1,0,7.1,8.0,6.2,7.6,64.8
38,B,0,1,6.7,5.9,4.8,8.1,59.2
38,C,1,0,7.8,4.0,7.1,6.5,59.0
38,D,0,1,6.6,7.5,6.7,6.3,61.8
39,A,1,1,4.9,9.1,6.0,8.0,80.0
39,B,1,1,8.2,8.3,5.7,7.5,82.8
39,C,0,1,8.0,8.2,6.6,4.2,61.7
39,D,1,1,7.5,6.7,7.5,7.0,81.2
40,A,1,0,5.0,7.7,5.1,7.0,58.0
40,B,1,1,7.6,5.8,5.7,7.9,78.3
40,C,0,1,5.8,8.5,6.7,6.3,62.2
40,D,1,0,6.4,7.3,6.3,8.5,64.2
41,A,0,0,7.2,8.4,6.2,7.2,48.3
41,B,1,0,7.3,8.3,5.9,5.2,61.2
41,C,1,0,8.6,6.1,7.5,5.2,62.3
41,D,1,0,7.0,7.8,6.3,5.6,61.2
42,A,1,0,7.2,7.6,5.5,8.4,64.5
42,B,1,0,6.5,5.9,9.3,10,69.5
42,C,0,0,6.4,6.1,6.5,5.8,41.3
42,D,1,1,9.4,7.4,8.2,6.8,86.3
43,A,0,0,5.6,6.1,4.0,7.5,38.7
43,B,1,0,5.3,8.0,6.5,8.8,64.3
43,C,1,0,5.8,7.6,6.8,6.0,60.3
43,D,0,0,9.2,6.4,8.7,6.6,51.5
44,A,1,1,8.1,7.4,5.9,6.4,79.7
44,B,0,0,6.6,8.6,6.3,8.1,49.3
44,C,0,1,8.6,6.9,6.2,6.4,63.5
44,D,1,0,7.8,7.3,7.8,7.9,68.0
45,A,1,1,6.0,8.2,5.5,7.3,78.3
45,B,1,0,7.4,6.6,5.8,8.8,64.3
45,C,0,0,5.9,7.6,8.0,3.7,42.0
45,D,0,1,7.4,10,7.5,7.4,70.5
46,A,0,0,5.1,7.6,6.2,7.2,43.5
46,B,1,1,7.9,6.5,8.8,7.3,84.2
46,C,1,0,7.1,6.2,7.6,6.3,62.0
46,D,1,0,8.8,7.7,8.7,7.1,70.5
47,A,0,0,8.6,8.0,7.2,8.1,53.2
47,B,1,0,7.6,9.1,7.1,6.8,67.7
47,C,0,1,5.0,7.5,6.1,5.1,56.2
47,D,1,1,5.6,5.0,6.8,7.3,74.5
48,A,1,0,6.8,6.7,7.5,7.3,63.8
48,B,0,0,6.5,7.6,7.4,7.8,48.8
48,C,1,0,6.8,6.9,8.9,5.2,63.0
48,D,1,0,8.7,7.2,6.6,7.4,66.5
49,A,1,0,5.1,7.2,5.1,6.9,57.2
49,B,1,0,6.8,7.8,6.1,5.1,59.7
49,C,1,1,6.2,7.9,6.5,7.6,80.3
49,D,0,0,7.5,8.1,6.2,7.9,49.5
50,A,0,0,8.0,7.4,4.8,6.2,44.0
50,B,1,1,5.9,8.0,8.0,9.2,85.2
50,C,1,0,5.8,5.5,6.7,4.8,54.7
50,D,1,0,5.9,10,8.0,6.3,67.0
51,A,1,0,5.3,7.4,4.3,5.9,54.8
51,B,1,0,10,7.5,7.7,7.5,71.2
51,C,1,1,10,8.0,6.0,4.6,81.0
51,D,1,0,8.4,5.2,6.8,6.7,61.8
52,A,0,1,6.9,7.1,5.1,8.1,62.0
52,B,1,1,6.4,8.4,7.2,7.1,81.8
52,C,1,0,7.7,5.6,10,4.9,63.7
52,D,0,1,8.4,7.1,8.1,6.4,66.7
53,A,0,0,5.4,6.4,6.8,8.0,44.3
53,B,1,0,6.3,8.9,8.4,5.4,65.0
53,C,0,0,8.1,2.8,6.0,6.1,38.3
53,D,1,1,6.5,7.2,6.4,8.7,81.3
54,A,1,1,6.0,6.7,5.7,5.6,73.3
54,B,1,0,7.0,9.2,4.3,5.8,60.5
54,C,1,1,5.9,8.2,8.0,5.9,80.0
54,D,0,1,6.6,6.9,8.7,5.0,62.0
55,A,1,0,6.3,8.5,5.5,7.3,62.7
55,B,0,0,8.6,10.0,5.6,7.2,52.3
55,C,1,0,6.8,7.8,8.0,4.9,62.5
55,D,1,1,8.9,9.1,8.3,6.6,88.2
56,A,0,0,6.2,9.7,5.4,8.4,49.5
56,B,1,0,6.4,6.8,4.7,6.8,57.8
56,C,1,0,6.4,5.9,8.5,6.7,62.5
56,D,0,1,6.4,9.5,6.1,5.7,62.8
57,A,0,0,6.5,5.8,5.5,6.0,39.7
57,B,1,0,5.5,8.0,6.6,6.7,61.3
57,C,1,0,7.3,7.2,8.7,3.9,61.8
57,D,1,1,6.5,7.7,7.2,6.6,80.0
58,A,1,0,5.4,8.4,4.3,6.9,58.3
58,B,1,0,7.2,9.3,5.2,8.3,66.7
58,C,0,0,8.0,9.1,7.6,4.3,48.3
58,D,0,0,8.2,8.5,5.6,8.5,51.3
59,A,1,0,6.7,9.7,5.9,7.4,66.2
59,B,0,1,5.0,7.3,8.2,5.7,60.3
59,C,0,0,6.0,7.8,8.4,5.0,45.3
59,D,1,1,7.3,8.1,6.0,9.2,84.3
60,A,1,0,6.9,7.7,5.0,5.1,57.8
60,B,0,0,8.1,8.0,6.1,8.1,50.5
60,C,1,0,8.5,7.5,6.8,6.4,65.3
60,D,1,0,9.1,7.4,8.7,7.6,71.3
61,A,0,0,4.9,6.5,6.0,7.4,41.3
61,B,1,1,9.1,7.7,6.1,6.1,81.7
61,C,0,1,7.3,7.4,7.9,5.5,63.5
61,D,1,1,9.5,6.7,9.2,5.0,84.0
62,A,1,0,6.3,9.2,2.3,7.8,59.3
62,B,0,1,6.9,7.4,5.0,5.5,58.0
62,C,1,0,6.2,5.3,5.1,5.4,53.3
62,D,1,1,5.7,6.1,8.9,5.9,77.7
63,A,1,1,8.5,7.9,4.9,5.1,77.3
63,B,1,1,6.0,8.5,5.3,8.3,80.2
63,C,0,0,7.9,6.1,7.4,6.3,46.2
63,D,0,0,8.8,7.4,7.2,6.0,49.0
64,A,0,0,9.2,8.7,5.8,8.0,52.8
64,B,0,0,10,5.6,4.9,5.0,42.5
64,C,1,1,7.3,8.0,5.5,7.1,79.8
64,D,1,0,7.3,10,8.5,6.3,70.2
65,A,1,1,5.4,8.6,7.0,10,85.0
65,B,1,1,8.2,8.2,8.6,6.1,85.2
65,C,0,0,6.6,6.7,6.6,6.5,44.0
65,D,1,0,9.3,9.2,8.3,6.8,72.7
66,A,1,0,5.2,6.1,6.5,6.3,56.8
66,B,1,0,6.5,6.7,7.1,7.1,62.3
66,C,1,1,7.5,7.3,8.5,5.8,81.8
66,D,0,0,8.3,6.4,6.8,4.8,43.8
67,A,0,0,6.4,6.9,5.8,7.4,44.2
67,B,1,0,5.8,7.7,6.3,8.9,64.5
67,C,1,0,7.6,5.5,4.2,5.3,54.3
67,D,1,1,7.7,6.1,8.0,7.9,82.8
68,A,1,0,9.3,8.4,6.9,8.9,72.5
68,B,1,0,5.9,6.0,8.0,8.3,63.7
68,C,1,0,7.1,9.3,7.4,5.8,66.0
68,D,1,1,6.3,9.5,7.1,5.6,80.8
69,A,0,1,8.3,7.3,7.0,7.1,66.2
69,B,1,1,6.9,4.6,5.4,6.9,73.0
69,C,1,0,7.3,6.3,7.4,4.5,59.2
69,D,0,1,7.7,8.4,6.9,5.0,63.3
70,A,1,0,6.7,8.9,6.5,6.6,64.5
70,B,1,1,8.2,6.8,7.2,6.7,81.5
70,C,1,0,7.6,7.8,9.5,3.5,64.0
70,D,1,1,7.4,7.4,6.9,6.7,80.7
71,A,1,0,4.5,8.0,5.3,5.8,56.0
71,B,1,1,8.5,9.8,6.9,6.3,85.8
71,C,1,0,8.9,7.9,6.8,7.0,67.7
71,D,0,1,9.7,8.8,6.1,8.7,72.2
72,A,0,1,7.6,7.4,9.1,7.1,68.7
72,B,1,0,5.9,8.1,7.6,5.3,61.5
72,C,0,1,8.9,6.7,7.8,5.6,65.0
72,D,1,1,7.8,7.5,9.0,6.9,85.3
73,A,1,0,6.7,8.0,4.4,8.3,62.3
73,B,1,1,8.4,7.7,5.7,6.7,80.8
73,C,0,0,3.7,8.2,8.5,3.9,40.5
73,D,1,0,7.9,6.9,8.7,3.7,62.0
74,A,1,1,7.0,5.3,6.3,9.5,80.2
74,B,0,0,7.5,5.2,7.0,7.9,46.0
74,C,1,1,7.2,8.3,7.2,5.9,81.0
74,D,0,0,9.3,8.2,6.9,8.0,54.0
75,A,0,1,6.9,6.2,5.7,9.1,63.2
75,B,1,1,5.4,5.5,4.8,9.1,74.7
75,C,1,0,7.6,8.8,5.6,5.5,62.5
75,D,1,0,6.3,8.7,8.8,7.8,69.3
76,A,1,0,5.3,7.1,8.7,8.2,65.5
76,B,1,0,5.3,7.2,3.7,7.7,56.5
76,C,0,0,7.9,6.3,7.6,7.4,48.7
76,D,1,0,6.8,7.5,7.9,6.0,63.7
77,A,1,1,4.3,9.8,5.2,7.5,78.0
77,B,0,1,6.4,7.9,5.7,5.8,59.7
77,C,1,0,5.7,7.2,9.7,4.9,62.5
77,D,1,0,7.7,7.2,8.7,7.6,68.7
78,A,0,1,6.0,6.5,7.0,6.9,60.7
78,B,0,1,7.6,7.1,6.2,7.3,63.7
78,C,1,0,6.9,7.7,7.6,5.7,63.2
78,D,1,0,9.1,8.7,7.0,8.8,72.7
79,A,0,0,6.2,10,5.9,5.2,45.5
79,B,1,0,7.6,7.7,6.8,6.2,63.8
79,C,1,1,4.9,7.0,7.1,6.7,76.2
79,D,0,1,9.4,8.7,6.3,7.5,69.8
80,A,1,1,5.6,7.5,4.1,7.0,73.7
80,B,1,0,6.3,6.6,5.7,6.0,57.7
80,C,1,0,5.4,6.4,9.5,5.2,60.8
80,D,1,1,6.2,9.0,6.5,7.9,82.7
81,A,0,1,5.6,9.0,4.6,7.5,61.2
81,B,1,1,7.9,8.4,6.7,7.7,84.5
81,C,0,1,7.2,4.9,7.1,8.5,62.8
81,D,0,1,8.0,6.2,9.0,4.4,62.7
82,A,0,1,6.6,4.0,7.9,8.9,62.3
82,B,0,1,7.8,6.4,5.3,7.2,61.2
82,C,1,0,4.1,5.3,7.3,4.4,51.8
82,D,0,1,8.4,7.3,8.5,7.7,69.8
83,A,1,0,5.3,8.0,6.2,6.8,60.5
83,B,1,0,7.1,7.7,8.3,7.7,68.0
83,C,0,1,7.6,4.1,8.8,4.4,58.2
83,D,0,1,8.8,7.5,6.0,7.0,65.5
84,A,1,0,6.5,7.4,4.2,10,63.5
84,B,0,0,6.8,7.7,7.5,8.6,51.0
84,C,1,1,4.4,6.4,8.8,5.9,75.8
84,D,0,1,8.1,8.9,8.9,5.1,68.3
85,A,1,0,5.6,6.5,7.4,7.7,62.0
85,B,1,1,6.2,6.6,7.8,5.9,77.5
85,C,1,1,5.5,5.9,6.6,3.7,69.5
85,D,1,1,6.6,8.2,6.9,6.0,79.5
86,A,1,0,6.6,7.6,5.9,6.7,61.3
86,B,1,1,8.1,7.1,6.2,7.1,80.8
86,C,0,0,6.8,6.5,7.1,6.6,45.0
86,D,1,1,6.2,6.4,6.5,6.7,76.3
87,A,1,0,6.7,7.6,4.1,8.5,61.5
87,B,1,0,5.3,8.0,6.8,7.7,63.0
87,C,1,1,8.8,5.5,8.2,5.4,79.8
87,D,0,1,10,7.8,7.4,8.8,73.3
88,A,1,0,5.1,7.2,8.0,4.7,58.3
88,B,0,0,6.5,7.8,5.9,9.0,48.7
88,C,0,0,6.5,7.2,8.9,5.8,47.3
88,D,0,0,10.0,7.5,6.3,5.1,48.2
89,A,1,0,6.9,5.8,5.3,7.2,58.7
89,B,0,1,7.4,7.1,6.5,5.5,60.8
89,C,1,0,7.2,5.4,7.0,8.1,62.8
89,D,0,1,6.9,6.8,6.3,5.9,59.8
90,A,0,1,4.4,5.1,5.5,6.2,52.0
90,B,1,0,4.2,7.0,6.7,8.7,61.0
90,C,1,0,7.1,7.9,6.6,5.6,62.0
90,D,1,1,8.4,10,7.4,6.6,87.3
91,A,1,0,6.8,8.0,6.5,6.6,63.2
91,B,0,0,7.6,8.0,7.8,7.3,51.2
91,C,1,0,6.4,5.7,9.1,7.0,63.7
91,D,1,0,10,6.7,6.1,6.8,66.0
92,A,1,1,6.9,8.9,6.5,7.9,83.7
92,B,1,0,6.2,7.9,7.4,6.8,63.8
92,C,1,1,6.9,8.3,6.9,7.9,83.3
92,D,1,1,8.9,8.9,7.0,5.8,84.3
93,A,1,0,6.1,6.0,4.6,6.8,55.8
93,B,1,0,7.2,10,7.7,7.9,71.3
93,C,1,0,8.8,6.1,6.3,7.5,64.5
93,D,0,0,9.1,8.2,5.1,6.2,47.7
94,A,1,0,5.7,7.1,5.6,7.3,59.5
94,B,1,0,7.9,7.9,7.3,7.7,68.0
94,C,1,1,8.3,7.4,9.5,5.8,85.0
94,D,1,0,7.6,8.7,8.0,7.1,69.0
95,A,0,1,5.4,8.4,5.5,7.2,60.8
95,B,1,1,6.7,9.6,7.5,9.4,88.7
95,C,1,0,8.4,7.7,5.5,6.8,64.0
95,D,0,0,7.6,9.0,7.9,4.9,49.0
96,A,1,1,8.3,9.5,4.8,9.2,86.3
96,B,1,0,9.1,10,5.7,6.1,68.2
96,C,1,0,8.5,6.6,5.8,4.3,58.7
96,D,1,0,8.1,6.3,8.1,7.0,65.8
97,A,1,1,7.6,6.6,3.5,9.4,78.5
97,B,1,1,5.0,9.5,7.4,5.9,79.7
97,C,0,0,6.7,8.4,6.7,5.7,45.8
97,D,1,1,10,7.2,5.4,7.4,83.3
98,A,1,1,5.1,6.6,7.4,5.8,74.8
98,B,1,0,5.8,8.4,6.7,6.2,61.8
98,C,0,1,5.7,9.4,8.5,5.9,65.8
98,D,1,0,7.0,7.6,8.2,7.2,66.7
99,A,0,0,7.0,6.9,6.7,5.6,43.7
99,B,0,0,7.1,7.8,6.5,6.0,45.7
99,C,0,1,8.0,6.7,5.1,5.0,58.0
99,D,1,1,7.9,6.3,7.3,6.8,80.5
100,A,0,0,6.6,8.6,4.3,5.9,42.3
100,B,1,1,7.5,6.5,5.6,7.2,78.0
100,C,1,0,8.5,5.3,7.5,4.3,59.3
100,D,1,0,6.3,10.0,5.0,6.3,62.7
101,A,0,0,6.7,8.3,5.0,7.9,46.5
101,B,1,0,5.8,6.7,6.6,5.4,57.5
101,C,0,0,6.6,6.8,6.2,4.1,39.5
101,D,1,0,9.0,7.1,8.8,7.1,70.0
102,A,1,1,6.3,7.4,7.8,8.4,83.2
102,B,1,1,7.0,9.0,6.6,9.1,86.2
102,C,1,1,9.0,9.9,6.5,6.0,85.7
102,D,1,1,7.4,6.5,9.0,6.5,82.3
103,A,0,1,6.7,10,7.4,6.7,68.0
103,B,1,1,8.2,7.7,6.5,7.8,83.7
103,C,0,1,7.1,10.0,8.5,6.1,69.5
103,D,1,0,6.0,6.5,6.4,8.5,62.3
104,A,1,0,6.1,5.5,4.6,6.4,54.3
104,B,1,0,8.3,9.6,6.7,7.1,69.5
104,C,1,1,6.8,6.4,6.2,5.8,75.3
104,D,1,0,7.1,10,9.4,6.9,72.3
105,A,1,0,7.2,9.6,4.9,7.7,65.7
105,B,0,0,7.8,8.6,6.5,4.2,45.2
105,C,1,0,2.8,7.4,7.5,6.6,57.2
105,D,1,0,9.4,6.4,6.8,5.4,63.3
106,A,1,1,4.3,9.0,6.3,7.2,78.0
106,B,1,1,7.4,7.0,5.9,6.2,77.5
106,C,1,0,4.5,8.4,8.0,6.0,61.5
106,D,1,1,8.6,8.4,7.8,5.1,83.2
107,A,1,1,5.9,8.2,2.5,7.1,72.8
107,B,0,0,6.8,7.9,6.6,4.7,43.3
107,C,0,0,7.2,7.1,8.9,5.8,48.3
107,D,1,0,6.4,7.9,8.9,5.7,64.8
108,A,1,1,5.6,7.5,5.2,7.8,76.8
108,B,0,0,7.0,6.4,7.0,5.7,43.5
108,C,0,1,7.0,7.6,6.9,6.3,63.0
108,D,1,0,7.8,7.9,8.2,3.6,62.5
109,A,1,1,5.6,9.0,5.5,7.8,79.8
109,B,1,0,7.3,7.4,5.6,6.2,60.8
109,C,1,0,5.9,6.3,5.2,4.6,53.3
109,D,0,0,5.4,8.0,6.4,6.7,44.2
110,A,1,0,5.7,6.4,6.0,8.3,60.7
110,B,0,0,8.7,6.6,4.5,8.4,47.0
110,C,1,0,6.2,3.7,7.0,3.1,50.0
110,D,0,1,8.3,8.7,7.4,5.9,67.2
111,A,1,1,6.4,8.9,5.2,8.2,81.2
111,B,1,1,7.3,7.7,3.3,5.4,72.8
111,C,0,1,7.1,5.2,8.1,5.6,60.0
111,D,1,1,8.3,6.7,8.4,6.6,83.3
112,A,1,1,5.4,7.1,5.2,8.5,77.0
112,B,1,0,4.8,7.9,4.8,8.3,59.7
112,C,0,1,6.5,5.7,7.8,4.0,56.7
112,D,1,0,6.9,8.8,8.2,8.1,70.0
113,A,1,0,8.5,10,6.9,8.2,72.7
113,B,0,1,6.4,8.5,4.3,7.9,61.8
113,C,1,0,7.3,6.3,6.7,7.4,62.8
113,D,1,1,7.4,6.8,8.5,5.0,79.5
114,A,1,1,6.9,10,5.0,6.5,80.7
114,B,1,0,5.2,8.3,5.1,6.6,58.7
114,C,0,0,6.0,8.5,6.6,5.7,44.7
114,D,0,0,7.9,6.7,8.3,6.7,49.3
115,A,0,0,6.7,8.0,5.3,6.7,44.5
115,B,1,0,8.8,6.9,7.3,5.6,64.3
115,C,0,0,7.1,5.7,4.2,6.0,38.3
115,D,0,0,8.1,6.4,7.9,7.8,50.3
116,A,0,0,6.0,8.3,5.3,9.5,48.5
116,B,1,0,6.3,7.4,5.7,5.9,58.8
116,C,1,1,7.8,7.5,8.1,6.7,83.5
116,D,0,0,8.0,7.8,8.5,6.3,51.0
117,A,1,1,10,9.0,4.5,5.6,81.8
117,B,0,1,9.0,8.0,5.9,7.5,67.3
117,C,1,1,8.1,7.4,6.8,4.0,77.2
117,D,1,1,8.3,6.9,7.8,6.6,82.7
118,A,0,0,5.9,8.4,7.4,7.0,47.8
118,B,1,1,7.0,7.7,8.2,6.5,82.3
118,C,1,1,7.8,6.0,5.5,5.4,74.5
118,D,1,0,7.2,7.5,8.1,8.3,68.5
119,A,0,0,7.9,7.2,6.5,7.6,48.7
119,B,1,0,8.1,9.3,6.7,5.5,66.0
119,C,1,1,7.0,5.4,7.3,6.8,77.5
119,D,0,1,8.1,8.0,8.9,6.3,68.8
120,A,1,0,6.9,10,6.2,7.2,67.2
120,B,0,1,8.4,6.1,5.2,7.3,61.7
120,C,1,1,8.8,5.3,8.2,5.6,79.8
120,D,1,1,8.2,8.0,8.7,6.1,85.0
121,A,1,0,7.5,5.9,5.5,7.0,59.8
121,B,1,1,5.9,5.1,6.1,9.5,77.7
121,C,0,0,9.4,7.8,8.2,5.3,51.2
121,D,1,1,6.7,6.6,7.7,5.4,77.3
122,A,0,0,7.5,8.6,5.8,7.9,49.7
122,B,1,0,9.2,6.1,5.9,6.9,63.5
122,C,0,0,8.5,5.9,7.3,5.7,45.7
122,D,0,1,9.3,7.6,7.2,7.1,68.7
123,A,0,0,7.2,8.3,5.6,6.5,46.0
123,B,1,0,7.9,8.3,7.8,7.4,69.0
123,C,1,0,7.3,6.8,8.7,4.8,62.7
123,D,0,0,7.0,5.8,8.2,4.7,42.8
124,A,1,0,7.2,8.3,5.3,5.8,61.0
124,B,0,0,6.5,10.0,7.4,6.6,50.8
124,C,1,0,8.1,4.8,8.0,6.0,61.5
124,D,1,0,8.3,4.5,7.7,8.2,64.5
125,A,1,0,4.8,7.2,4.9,9.1,60.0
125,B,1,1,9.4,6.8,6.6,6.1,81.5
125,C,0,0,7.6,8.2,7.8,8.2,53.0
125,D,1,0,8.7,6.6,6.8,5.5,62.7
126,A,0,1,6.8,5.2,7.2,8.4,62.7
126,B,1,0,6.4,5.9,6.7,5.8,58.0
126,C,1,0,6.6,8.0,7.4,4.0,60.0
126,D,1,0,7.7,8.3,10,7.7,72.8
127,A,1,1,6.6,8.0,6.2,9.3,83.5
127,B,1,0,6.4,5.2,7.4,6.4,59.0
127,C,0,1,6.9,5.9,6.9,4.9,57.7
127,D,1,0,8.5,7.3,8.8,4.9,65.8
128,A,0,1,5.5,7.8,4.7,8.5,60.8
128,B,1,0,8.0,6.9,7.7,8.3,68.2
128,C,1,0,7.5,5.4,8.9,3.9,59.5
128,D,0,1,8.3,8.5,6.7,5.5,65.0
129,A,0,1,7.3,6.4,5.6,6.8,60.2
129,B,1,1,8.4,7.4,5.4,8.4,82.7
129,C,1,1,7.7,5.7,7.7,7.7,81.3
129,D,1,1,8.2,6.1,9.1,8.5,86.5
130,A,0,0,7.1,9.6,7.9,9.9,57.5
130,B,1,1,5.3,7.0,7.3,5.4,75.0
130,C,1,0,6.4,7.3,8.2,3.1,58.3
130,D,0,1,9.5,8.6,7.8,6.6,70.8
131,A,1,0,6.7,6.6,4.7,7.7,59.5
131,B,1,1,6.6,8.7,4.3,7.9,79.2
131,C,0,0,9.5,9.2,7.1,7.0,54.7
131,D,1,0,7.5,5.6,3.2,6.5,54.7
132,A,1,0,6.4,6.7,3.7,7.5,57.2
132,B,0,1,8.0,6.8,7.1,8.5,67.3
132,C,1,1,6.0,7.1,7.1,5.1,75.5
132,D,1,0,9.2,6.2,7.8,5.7,64.8
133,A,0,1,6.6,10,9.0,7.0,71.0
133,B,0,0,5.7,8.3,6.7,9.7,50.7
133,C,0,0,9.0,7.7,9.1,4.9,51.2
133,D,1,0,8.4,8.0,7.1,7.5,68.3
134,A,0,0,8.8,5.8,7.8,6.9,48.8
134,B,1,0,7.6,5.9,6.4,5.8,59.5
134,C,1,1,6.5,5.0,6.1,6.3,73.2
134,D,1,0,10,8.4,6.6,6.5,69.2
135,A,0,0,6.7,6.1,6.5,8.3,46.0
135,B,1,1,7.7,6.9,5.6,9.5,82.8
135,C,1,0,6.6,5.0,8.9,6.4,61.5
135,D,1,0,7.5,7.5,7.7,8.3,68.3
136,A,0,1,8.9,6.5,5.6,8.8,66.3
136,B,1,0,6.7,7.7,3.9,6.6,58.2
136,C,1,1,5.9,7.3,7.0,4.0,73.7
136,D,1,1,8.1,6.9,6.0,6.0,78.3
137,A,0,1,6.5,9.8,6.2,6.7,65.3
137,B,1,1,7.4,6.8,6.8,6.3,78.8
137,C,1,0,6.4,6.7,8.0,3.5,57.7
137,D,1,0,9.2,7.5,8.1,7.6,70.7
138,A,1,1,6.7,8.9,5.4,7.3,80.5
138,B,0,0,5.2,7.6,6.8,8.3,46.5
138,C,0,0,6.8,6.2,7.0,8.1,46.8
138,D,1,0,9.8,7.8,8.5,8.0,73.5
139,A,1,1,6.0,6.4,5.9,7.4,76.2
139,B,1,0,6.6,7.3,5.6,7.3,61.3
139,C,0,0,6.0,4.9,6.6,7.3,41.3
139,D,0,1,8.1,8.0,5.1,5.5,61.2
140,A,0,0,6.6,7.5,7.7,7.8,49.3
140,B,1,0,7.5,10,5.5,5.1,63.5
140,C,1,1,6.8,5.1,6.9,5.7,74.2
140,D,1,0,8.9,7.4,10.0,6.6,71.5
141,A,1,0,7.3,8.0,6.0,7.3,64.3
141,B,1,0,8.1,8.0,8.1,6.2,67.3
141,C,1,1,8.5,6.5,7.9,8.1,85.0
141,D,0,0,6.8,7.4,7.0,7.5,47.8
142,A,0,0,5.6,8.4,6.9,6.3,45.3
142,B,1,1,9.5,5.4,5.0,4.5,74.0
142,C,1,0,8.3,6.5,5.6,5.8,60.3
142,D,1,0,10,7.1,8.4,5.8,68.8
143,A,1,0,4.9,5.5,7.1,6.1,56.0
143,B,0,0,6.6,7.6,7.7,5.6,45.8
143,C,1,1,7.0,7.0,6.2,7.0,78.7
143,D,1,0,8.3,7.9,10,7.6,73.0
144,A,0,0,5.1,9.5,5.6,8.6,48.0
144,B,1,1,4.9,6.6,8.6,7.7,79.7
144,C,1,0,7.5,6.8,4.9,5.1,57.2
144,D,0,1,7.4,5.8,8.0,5.8,61.7
145,A,0,0,6.0,8.2,7.0,7.9,48.5
145,B,1,1,6.2,8.1,7.1,8.1,82.5
145,C,1,1,7.4,6.5,7.3,6.4,79.3
145,D,1,0,9.5,7.6,8.4,6.1,69.3
146,A,1,0,8.8,8.0,6.2,8.1,68.5
146,B,0,1,6.9,4.5,8.0,9.8,65.3
146,C,0,0,8.8,7.6,8.4,5.3,50.2
146,D,0,1,6.3,7.2,6.9,7.2,62.7
147,A,1,0,5.2,8.4,4.9,7.2,59.5
147,B,1,1,6.5,7.4,6.9,5.5,77.2
147,C,1,0,7.9,7.9,5.5,7.6,64.8
147,D,1,0,6.8,6.9,8.6,4.8,61.8
148,A,1,1,6.3,8.0,5.7,8.1,80.2
148,B,1,1,6.8,8.7,7.4,5.0,79.8
148,C,1,1,5.8,10,8.6,5.3,82.8
148,D,1,0,7.6,6.7,8.4,6.9,66.0
149,A,0,1,7.2,5.6,5.8,7.3,59.8
149,B,1,1,5.9,9.0,6.9,5.3,78.5
149,C,1,1,7.0,6.3,7.1,6.1,77.5
149,D,0,0,10,7.4,10,6.3,56.2
150,A,1,1,8.1,7.6,6.4,8.1,83.7
150,B,1,1,5.5,9.7,7.4,4.2,78.0
150,C,1,0,7.4,7.2,7.5,7.6,66.2
150,D,1,1,6.7,5.4,7.4,5.3,74.7
151,A,0,1,7.1,10,6.3,8.7,70.2
151,B,0,1,7.2,8.9,7.4,6.3,66.3
151,C,1,1,6.7,4.1,7.6,3.7,70.2
151,D,1,0,7.9,7.3,5.4,6.6,62.0
152,A,1,0,7.7,7.5,3.7,8.1,61.7
152,B,0,1,9.1,5.0,7.0,9.0,66.8
152,C,1,1,7.7,10,7.1,7.0,86.3
152,D,0,0,7.3,6.2,7.8,8.3,49.3
153,A,0,0,6.7,8.3,6.1,7.6,47.8
153,B,1,0,5.5,8.0,5.8,7.6,61.5
153,C,0,0,5.4,5.5,8.2,6.8,43.2
153,D,1,0,6.7,8.0,6.7,6.5,63.2
154,A,1,0,7.6,7.9,5.6,9.4,67.5
154,B,1,0,8.1,8.5,10,8.1,74.5
154,C,0,1,8.5,7.9,8.0,7.8,70.3
154,D,1,1,7.9,7.9,8.9,9.2,89.8
155,A,0,0,7.5,8.3,3.6,7.8,45.3
155,B,0,1,7.6,7.5,6.3,5.1,60.8
155,C,1,1,4.3,4.0,6.8,8.8,73.2
155,D,1,0,8.8,7.7,5.6,6.9,65.0
156,A,0,1,7.2,8.7,4.9,7.8,64.3
156,B,1,0,5.7,5.8,7.7,7.6,61.3
156,C,0,1,7.6,6.2,7.7,4.6,60.2
156,D,1,0,8.1,7.4,7.2,6.4,65.2
157,A,0,1,5.3,6.5,5.4,8.1,58.8
157,B,0,0,5.9,7.8,7.7,6.4,46.3
157,C,1,0,8.8,5.7,6.9,5.1,60.8
157,D,0,0,10,7.8,8.2,6.8,54.7
158,A,0,0,7.6,5.6,6.2,8.4,46.3
158,B,1,0,7.3,8.7,8.9,7.7,71.0
158,C,1,0,7.6,6.1,6.9,5.2,59.7
158,D,1,1,8.8,7.5,8.7,7.7,87.8
159,A,1,1,6.3,6.5,6.4,6.5,76.2
159,B,0,0,6.9,8.0,6.1,6.6,46.0
159,C,1,0,6.6,7.8,7.5,8.2,66.8
159,D,1,1,6.4,5.7,7.7,6.3,76.8
160,A,1,1,7.0,8.2,5.9,7.0,80.2
160,B,1,0,9.3,7.6,7.2,7.4,69.2
160,C,1,0,7.7,6.5,8.0,6.5,64.5
160,D,0,1,10,6.6,9.7,7.7,73.3
161,A,1,1,5.6,6.5,7.7,6.0,76.3
161,B,1,0,6.8,3.9,5.9,6.6,55.3
161,C,1,1,6.8,6.2,9.0,5.8,79.7
161,D,0,1,7.2,8.2,9.1,7.7,70.3
162,A,1,0,5.2,6.9,5.2,7.7,58.3
162,B,0,0,8.2,10,5.4,6.3,49.8
162,C,1,1,8.4,6.5,8.5,6.1,82.5
162,D,1,1,6.4,6.3,7.3,7.7,79.5
163,A,0,1,5.4,8.5,5.3,5.8,58.3
163,B,1,1,6.1,8.2,4.9,6.9,76.8
163,C,1,0,5.7,8.8,7.4,5.1,61.7
163,D,1,1,8.0,5.2,7.8,6.2,78.7
164,A,1,1,7.4,5.7,5.0,5.3,72.3
164,B,0,1,6.9,8.7,7.7,6.7,66.7
164,C,1,0,7.9,7.8,9.6,6.9,70.3
164,D,1,1,5.6,6.5,7.9,6.5,77.5
165,A,1,0,7.1,8.8,4.0,8.9,64.7
165,B,1,1,6.2,9.5,7.6,5.3,81.0
165,C,1,1,5.5,7.6,6.6,7.8,79.2
165,D,0,0,9.1,9.7,8.9,4.7,54.0
166,A,1,0,7.1,8.0,4.6,8.7,64.0
166,B,1,1,6.2,6.2,8.4,9.1,83.2
166,C,0,0,8.5,6.4,7.2,2.2,40.5
166,D,1,1,9.2,7.8,7.8,8.7,89.2
167,A,1,0,5.4,8.7,7.2,7.1,64.0
167,B,0,1,7.8,9.4,6.6,7.1,68.2
167,C,0,0,4.5,8.4,7.2,5.3,42.3
167,D,0,0,8.3,9.4,8.4,7.0,55.2
168,A,0,0,6.8,10,6.5,7.0,50.5
168,B,0,0,6.2,8.9,5.6,6.3,45.0
168,C,0,0,7.6,7.5,10,6.9,53.3
168,D,1,1,7.4,7.6,6.3,5.9,78.7
169,A,1,0,7.4,6.5,6.2,7.3,62.3
169,B,0,1,6.8,8.5,7.2,6.6,65.2
169,C,1,0,7.8,6.6,7.3,4.3,60.0
169,D,1,0,8.4,7.5,9.8,7.7,72.3
170,A,1,1,4.8,6.8,5.7,6.8,73.5
170,B,1,1,6.1,7.6,6.3,8.6,81.0
170,C,0,1,4.9,7.7,7.4,5.2,58.7
170,D,1,1,9.6,7.6,6.0,6.8,83.3
171,A,0,1,9.4,8.0,5.5,4.8,62.8
171,B,1,0,8.8,7.5,6.0,7.4,66.2
171,C,1,0,8.4,6.2,7.7,8.3,67.7
171,D,0,1,5.8,6.7,8.5,6.7,62.8
172,A,0,0,6.2,7.0,5.7,7.1,43.3
172,B,1,0,4.5,8.8,8.0,8.9,67.0
172,C,1,1,5.4,6.5,8.8,6.0,77.8
172,D,1,1,8.8,9.9,8.3,8.4,92.3
173,A,1,0,6.1,7.7,6.1,5.9,59.7
173,B,1,1,7.9,8.8,7.2,6.1,83.3
173,C,1,0,6.3,5.7,6.8,4.6,55.7
173,D,1,0,7.9,9.2,7.8,8.9,73.0
174,A,0,1,6.6,7.3,6.1,6.1,60.2
174,B,1,0,4.9,5.6,7.3,7.1,58.2
174,C,1,0,4.9,7.2,6.7,4.8,56.0
174,D,1,1,8.2,6.8,7.3,6.7,81.7
175,A,1,1,6.4,9.0,4.6,8.6,81.0
175,B,1,0,6.2,6.8,6.9,7.9,63.0
175,C,0,1,8.1,6.8,7.2,6.5,64.3
175,D,1,1,8.7,8.9,8.7,9.0,92.2
176,A,1,0,7.9,9.1,6.6,5.5,65.2
176,B,0,1,5.8,8.6,5.0,7.2,61.0
176,C,0,1,7.4,5.8,7.8,5.0,60.0
176,D,1,1,9.1,8.1,7.8,7.7,87.8
177,A,0,0,4.5,7.3,5.4,9.0,43.7
177,B,0,0,7.6,8.2,6.9,5.4,46.8
177,C,1,0,8.3,7.1,8.0,5.9,65.5
177,D,1,1,7.8,5.6,8.0,6.1,79.2
178,A,0,0,8.4,8.6,4.1,10,51.8
178,B,1,1,6.2,10,5.5,5.8,79.2
178,C,1,0,6.3,6.7,7.8,4.4,58.7
178,D,0,0,8.6,5.6,7.0,7.0,47.0
179,A,0,0,8.9,8.5,5.4,8.6,52.3
179,B,0,0,6.9,8.5,6.8,9.3,52.5
179,C,0,1,5.6,5.1,8.3,6.4,59.0
179,D,1,1,6.7,6.7,7.0,7.9,80.5
180,A,0,1,6.7,7.2,5.4,7.3,61.0
180,B,0,0,7.9,10,7.8,7.4,55.2
180,C,1,0,8.2,6.5,7.4,6.6,64.5
180,D,1,0,6.1,5.9,6.6,8.0,61.0
181,A,1,1,7.7,8.3,5.6,7.1,81.2
181,B,1,1,6.2,9.1,8.2,5.5,81.7
181,C,1,1,5.9,7.4,7.5,6.3,78.5
181,D,1,1,7.3,6.5,8.3,6.3,80.7
182,A,1,0,6.2,9.8,7.4,9.5,71.5
182,B,0,1,7.7,6.4,7.3,5.0,60.7
182,C,0,1,7.3,5.3,7.6,4.9,58.5
182,D,0,0,8.7,7.7,4.9,5.5,44.7
183,A,0,0,6.0,7.8,6.4,8.5,47.8
183,B,0,0,7.0,8.0,7.4,5.4,46.3
183,C,1,1,7.9,6.7,7.1,6.5,80.3
183,D,0,0,7.0,8.5,5.7,6.5,46.2
184,A,1,0,6.5,7.9,6.3,7.8,64.2
184,B,1,1,5.1,9.4,7.7,6.3,80.8
184,C,1,0,7.1,6.7,9.4,6.8,66.7
184,D,1,0,8.1,8.6,7.8,5.7,67.0
185,A,0,0,6.2,7.4,6.0,6.8,44.0
185,B,0,0,5.9,8.3,6.2,9.3,49.5
185,C,1,0,6.6,4.3,7.3,5.2,55.7
185,D,1,0,9.3,6.3,8.4,5.5,65.8
186,A,0,0,3.3,9.3,5.4,7.7,42.8
186,B,1,0,8.7,7.7,6.2,5.5,63.5
186,C,0,0,7.3,5.9,5.6,7.0,43.0
186,D,1,0,8.9,6.2,7.0,6.4,64.2
187,A,0,0,5.4,8.6,5.4,7.6,45.0
187,B,1,1,6.4,8.4,4.4,7.5,77.8
187,C,1,1,10,6.2,6.9,5.0,80.2
187,D,1,0,6.5,8.9,8.0,6.1,65.8
188,A,0,1,4.7,6.4,4.6,6.9,54.3
188,B,0,1,8.4,8.8,7.7,6.4,68.8
188,C,1,1,7.0,7.5,6.9,5.4,78.0
188,D,0,0,7.3,5.0,7.3,6.0,42.7
189,A,0,1,6.7,5.5,3.1,5.5,51.3
189,B,1,0,8.2,8.5,7.5,6.2,67.3
189,C,0,0,6.9,5.0,8.0,5.4,42.2
189,D,0,0,6.9,6.5,6.4,5.3,41.8
190,A,1,1,6.5,6.2,5.9,8.2,78.0
190,B,1,0,6.2,6.3,7.1,5.8,59.0
190,C,0,0,5.3,8.0,9.2,6.1,47.7
190,D,1,0,8.4,5.5,5.2,5.3,57.3
191,A,0,0,4.4,7.3,6.2,8.9,44.7
191,B,1,0,8.9,7.4,6.3,6.3,64.8
191,C,1,0,8.4,6.4,5.7,6.3,61.3
191,D,1,1,6.8,8.1,6.0,7.9,81.3
192,A,1,0,7.3,6.0,7.3,6.2,61.3
192,B,1,0,7.6,6.2,7.1,6.1,61.7
192,C,0,1,4.1,8.7,5.6,5.1,55.8
192,D,1,0,5.8,8.4,8.1,6.2,64.2
193,A,1,1,5.3,5.3,4.1,6.8,69.2
193,B,1,1,7.6,7.1,8.0,6.8,82.5
193,C,1,0,7.0,4.4,6.4,5.8,56.0
193,D,1,0,8.2,8.1,6.8,7.7,68.0
194,A,1,0,6.5,7.5,5.7,4.6,57.2
194,B,0,1,5.6,7.0,6.5,9.4,64.2
194,C,1,1,8.3,6.4,4.1,4.0,71.3
194,D,0,0,6.8,7.7,8.0,5.4,46.5
195,A,0,0,7.4,8.2,5.0,6.5,45.2
195,B,0,1,5.2,5.0,6.7,8.1,58.3
195,C,0,1,7.8,6.8,4.8,5.3,57.8
195,D,1,1,7.9,8.7,7.9,8.5,88.3
196,A,1,0,8.3,7.2,4.6,7.9,63.3
196,B,0,1,8.1,6.4,6.4,8.1,65.0
196,C,1,1,8.4,6.8,6.3,5.4,78.2
196,D,1,1,5.7,10,6.2,6.1,80.0
197,A,0,0,6.1,9.2,8.3,7.2,51.3
197,B,0,1,4.4,6.4,5.6,5.4,53.0
197,C,1,1,4.8,7.0,10.0,8.3,83.5
197,D,1,1,8.8,8.5,6.9,4.9,81.8
198,A,1,0,6.0,5.8,4.9,7.1,56.3
198,B,1,0,7.2,9.7,5.2,8.3,67.3
198,C,0,0,6.7,7.2,7.4,6.7,46.7
198,D,1,1,7.6,7.0,7.6,6.6,81.3
199,A,0,0,7.0,7.9,3.1,6.7,41.2
199,B,1,1,4.0,6.2,5.1,6.9,70.3
199,C,0,0,7.4,8.2,8.9,5.8,50.5
199,D,1,0,7.3,7.9,7.8,5.5,64.2
200,A,0,1,7.2,8.5,5.0,7.9,64.3
200,B,0,0,8.2,8.7,7.6,7.8,53.8
200,C,1,0,6.8,7.5,6.4,9.0,66.2
200,D,0,1,9.3,6.1,7.4,7.0,66.3
201,A,1,0,5.3,8.4,6.4,8.6,64.5
201,B,0,0,7.4,5.4,5.8,7.2,43.0
201,C,1,0,9.1,6.2,6.9,5.0,62.0
201,D,1,0,8.5,7.2,8.4,6.1,67.0
202,A,0,1,6.6,9.8,6.2,8.5,68.5
202,B,1,1,7.0,7.8,6.0,6.2,78.3
202,C,1,0,7.2,5.0,6.6,3.1,53.2
202,D,1,1,8.8,8.6,6.3,7.4,85.2
203,A,1,1,4.8,5.7,5.5,7.3,72.2
203,B,0,1,8.3,8.3,7.2,6.8,67.7
203,C,0,0,7.8,9.2,8.6,5.4,51.7
203,D,1,0,8.1,7.2,7.8,6.2,65.5
204,A,0,0,5.8,7.6,4.7,5.4,39.2
204,B,1,1,5.5,7.7,7.2,8.7,81.8
204,C,1,0,6.5,4.7,8.5,5.3,58.3
204,D,1,1,6.7,6.4,7.7,6.4,78.7
205,A,0,0,5.8,7.2,4.8,8.7,44.2
205,B,1,0,6.6,8.5,7.7,6.5,65.5
205,C,1,0,7.0,5.1,4.6,5.8,54.2
205,D,1,1,7.1,8.1,7.2,7.5,83.2
206,A,1,0,6.2,10,6.2,8.2,67.7
206,B,0,0,7.1,4.8,5.2,5.9,38.3
206,C,1,1,9.7,5.8,6.3,6.3,80.2
206,D,1,0,7.6,6.9,7.2,6.9,64.3
207,A,0,0,7.7,7.4,3.1,7.9,43.5
207,B,0,1,8.0,9.3,5.5,8.1,68.2
207,C,0,1,6.9,7.5,6.8,7.1,63.8
207,D,0,0,8.3,9.1,7.2,7.4,53.3
208,A,1,1,7.3,5.9,4.7,6.3,73.7
208,B,1,1,6.5,7.3,9.2,9.7,87.8
208,C,0,1,8.6,8.4,7.9,6.1,68.3
208,D,1,0,7.4,6.3,6.9,7.7,63.8
209,A,1,0,6.2,7.1,5.2,6.9,59.0
209,B,1,0,5.4,5.6,7.6,7.5,60.2
209,C,1,1,6.7,5.8,6.7,6.4,76.0
209,D,1,1,7.7,7.9,9.1,5.9,84.3
210,A,1,0,5.5,7.2,7.3,6.9,61.5
210,B,0,1,7.2,7.8,6.7,6.5,63.7
210,C,0,1,6.9,7.4,7.8,4.7,61.3
210,D,1,0,8.3,8.5,8.4,7.1,70.5
211,A,1,0,5.3,8.8,6.0,7.4,62.5
211,B,1,1,6.7,10,5.2,6.4,80.5
211,C,0,1,8.9,8.2,8.4,6.6,70.2
211,D,1,1,6.7,7.7,9.7,5.6,82.8
212,A,0,0,7.3,5.9,5.2,8.9,45.5
212,B,0,0,10,8.7,8.7,7.0,57.3
212,C,0,0,6.1,8.0,9.3,4.8,47.0
212,D,1,0,7.0,7.9,8.2,8.0,68.5
213,A,0,0,8.7,5.9,5.5,6.2,43.8
213,B,1,0,6.2,8.7,5.6,8.1,64.3
213,C,1,1,8.3,7.5,8.5,4.9,82.0
213,D,1,0,8.5,5.1,7.5,8.3,65.7
214,A,1,1,6.9,5.5,5.4,6.6,74.0
214,B,1,0,6.6,8.1,6.0,6.4,61.8
214,C,1,0,7.9,9.0,5.9,6.1,64.8
214,D,0,1,8.1,4.9,5.9,6.4,58.8
215,A,0,1,6.4,7.3,4.5,9.0,62.0
215,B,1,1,7.3,7.6,6.8,7.2,81.5
215,C,0,0,6.7,6.9,6.9,3.6,40.2
215,D,1,1,7.7,8.7,7.0,5.7,81.8
216,A,1,1,6.6,6.4,5.4,7.4,76.3
216,B,0,0,7.1,7.2,5.3,7.1,44.5
216,C,1,1,9.0,7.4,7.2,5.3,81.5
216,D,1,1,6.5,8.1,6.3,5.3,77.0
217,A,1,0,7.7,9.1,8.1,4.9,66.3
217,B,1,0,6.8,7.3,6.3,8.5,64.8
217,C,1,1,5.6,5.8,10,6.6,80.0
217,D,1,1,8.1,6.8,8.8,3.9,79.3
218,A,1,0,6.2,8.1,4.6,8.5,62.3
218,B,1,0,8.0,7.4,5.2,5.4,60.0
218,C,1,0,8.2,6.5,6.4,5.6,61.2
218,D,0,1,7.4,9.4,8.4,8.4,72.7
219,A,0,1,6.5,7.3,3.8,8.4,60.0
219,B,1,0,5.0,7.3,6.6,5.4,57.2
219,C,1,0,5.4,5.7,5.0,6.6,54.5
219,D,1,0,7.7,7.4,8.2,6.1,65.7
220,A,1,0,3.5,7.4,4.0,8.1,55.0
220,B,1,0,5.8,7.5,4.9,7.7,59.8
220,C,1,0,6.7,4.2,7.0,4.6,54.2
220,D,0,0,8.0,5.9,7.4,6.7,46.7
221,A,1,0,6.0,8.9,5.4,7.2,62.5
221,B,1,1,7.9,5.0,5.2,9.0,78.5
221,C,1,0,8.9,8.2,8.1,6.6,69.7
221,D,1,1,7.7,7.7,6.6,7.7,82.8
222,A,1,1,8.9,9.4,5.5,9.6,89.0
222,B,1,1,5.9,8.1,8.5,4.6,78.5
222,C,1,0,6.7,6.9,9.5,5.2,63.8
222,D,1,1,6.7,6.6,6.3,4.1,72.8
223,A,0,0,8.5,5.7,8.7,7.4,50.5
223,B,1,0,7.5,8.6,6.2,6.2,64.2
223,C,1,0,6.9,5.3,8.2,5.6,60.0
223,D,1,1,7.8,9.1,8.8,5.9,86.0
224,A,1,1,9.3,7.7,5.6,7.7,83.8
224,B,1,1,8.2,7.8,5.4,7.3,81.2
224,C,1,0,7.3,7.5,6.9,4.3,60.0
224,D,1,0,8.5,9.1,7.9,7.4,71.5
225,A,0,0,4.4,5.8,4.4,8.0,37.7
225,B,1,1,6.9,5.6,6.6,8.4,79.2
225,C,1,0,8.0,7.4,8.7,7.3,69.0
225,D,1,1,7.1,7.9,8.1,5.5,81.0
226,A,1,0,7.3,7.2,7.7,6.0,63.7
226,B,0,0,7.3,8.4,5.2,4.2,41.8
226,C,0,0,7.5,8.7,8.1,4.5,48.0
226,D,0,0,7.1,5.8,6.9,6.5,43.8
227,A,1,1,6.8,5.9,6.1,5.1,73.2
227,B,1,0,7.3,7.0,7.1,7.1,64.2
227,C,1,0,8.9,6.7,6.3,6.4,63.8
227,D,0,1,6.5,7.8,5.9,9.4,66.0
228,A,1,0,3.5,8.4,5.9,7.0,58.0
228,B,0,1,7.9,6.4,5.7,5.0,58.3
228,C,1,1,8.1,5.5,6.0,3.2,71.3
228,D,1,0,10,4.8,6.0,6.4,62.0
229,A,1,0,8.8,6.2,5.6,8.9,65.8
229,B,0,0,5.6,6.7,7.4,4.5,40.3
229,C,0,1,4.1,7.4,7.2,4.8,55.8
229,D,1,0,7.0,8.9,8.6,9.0,72.5
230,A,1,1,5.1,6.2,3.4,6.0,67.8
230,B,0,0,6.8,8.8,6.4,7.7,49.5
230,C,0,0,6.5,6.7,6.0,5.3,40.8
230,D,0,1,6.4,7.8,7.0,6.5,62.8
231,A,0,0,6.4,8.0,6.0,9.3,49.5
231,B,1,0,9.4,6.7,6.0,7.0,65.2
231,C,1,1,7.4,7.1,8.0,4.6,78.5
231,D,1,1,7.3,9.1,5.7,5.5,79.3
232,A,0,0,6.6,4.7,6.2,5.9,39.0
232,B,1,1,8.3,7.8,6.3,5.6,80.0
232,C,1,0,6.4,7.6,6.3,6.1,60.7
232,D,1,1,9.0,5.7,7.2,6.0,79.8
233,A,1,0,6.2,5.9,3.8,6.0,53.2
233,B,0,1,8.9,6.5,6.6,5.1,61.8
233,C,1,0,6.8,4.8,8.5,4.8,58.2
233,D,1,0,8.6,8.0,6.5,9.4,70.8
234,A,1,0,6.4,7.8,5.2,7.1,60.8
234,B,1,0,6.3,6.7,6.1,6.8,59.8
234,C,0,0,8.4,4.0,8.1,6.8,45.5
234,D,1,1,8.2,8.6,8.8,7.5,88.5
235,A,1,0,7.7,8.7,6.3,9.9,71.0
235,B,1,1,6.9,6.4,5.6,5.5,74.0
235,C,0,0,8.5,5.8,7.8,4.4,44.2
235,D,1,1,8.2,9.5,6.2,6.3,83.7
236,A,1,0,6.0,5.8,5.7,8.2,59.5
236,B,1,0,7.5,6.7,6.5,5.2,59.8
236,C,1,1,7.5,7.1,7.5,7.3,82.3
236,D,1,0,6.6,4.0,5.7,6.7,55.0
237,A,1,1,6.1,6.7,5.9,7.9,77.7
237,B,1,1,6.1,8.8,7.0,9.2,85.2
237,C,0,0,7.7,8.4,8.9,5.8,51.3
237,D,1,1,7.3,5.9,6.3,7.7,78.7
238,A,1,0,8.2,8.0,6.8,9.6,71.0
238,B,1,0,4.6,5.3,5.6,7.8,55.5
238,C,1,1,9.4,6.8,6.9,5.0,80.2
238,D,0,1,9.2,5.2,9.5,8.0,69.8
239,A,1,1,6.4,8.4,5.0,5.7,75.8
239,B,1,0,6.1,6.7,8.4,8.9,66.8
239,C,0,1,7.4,6.7,7.9,6.2,63.7
239,D,1,0,6.3,6.1,9.6,8.6,67.7
240,A,1,0,5.2,9.5,4.7,8.9,63.8
240,B,1,0,8.8,7.8,3.9,4.1,57.7
240,C,0,1,6.2,6.1,8.3,3.0,56.0
240,D,0,0,8.5,7.2,7.7,9.8,55.3
241,A,1,0,6.4,6.9,4.4,6.7,57.3
241,B,0,0,7.0,10,7.1,5.9,50.0
241,C,0,1,8.9,7.4,6.8,4.9,63.3
241,D,1,0,7.3,7.5,9.4,7.5,69.5
242,A,1,0,7.5,8.2,4.7,8.6,65.0
242,B,1,1,8.2,8.6,6.6,9.0,87.3
242,C,1,0,6.2,6.8,6.9,4.3,57.0
242,D,1,0,7.3,7.2,6.3,5.8,61.0
243,A,1,0,6.7,8.4,6.4,9.0,67.5
243,B,0,0,8.5,6.5,6.1,6.5,46.0
243,C,1,1,8.2,6.1,8.2,6.0,80.8
243,D,0,0,8.3,6.7,5.9,5.6,44.2
244,A,1,0,6.5,8.6,3.3,8.6,61.7
244,B,0,0,7.2,7.2,5.0,5.4,41.3
244,C,0,0,5.1,7.4,7.6,5.9,43.3
244,D,0,0,10,10,6.7,6.4,55.2
245,A,0,0,6.9,8.5,7.7,7.2,50.5
245,B,1,1,5.1,8.1,5.2,6.6,75.0
245,C,1,1,7.8,5.9,5.9,3.9,72.5
245,D,1,0,7.4,7.9,8.3,7.0,67.7
246,A,0,1,8.6,8.8,6.7,8.6,71.2
246,B,0,1,5.5,8.3,6.8,5.8,60.7
246,C,1,0,7.2,4.6,8.7,6.8,62.2
246,D,1,0,8.1,6.4,8.6,3.6,61.2
247,A,0,1,5.6,7.2,4.9,6.2,56.5
247,B,1,0,8.2,7.5,4.9,5.8,60.7
247,C,0,1,9.9,6.3,6.3,5.6,63.5
247,D,0,1,10,6.5,9.4,8.7,74.3
248,A,1,1,6.5,7.9,5.1,5.5,75.0
248,B,0,1,8.0,8.8,7.0,8.6,70.7
248,C,0,1,7.0,6.8,8.3,4.6,61.2
248,D,0,0,6.1,7.7,7.0,6.5,45.5
249,A,1,0,5.1,6.9,7.1,7.9,61.7
249,B,1,1,8.8,7.9,7.2,5.6,82.5
249,C,1,0,4.4,8.5,7.9,6.8,62.7
249,D,1,1,7.0,8.3,7.6,6.1,81.7
250,A,0,1,7.7,9.4,6.4,5.1,64.3
250,B,1,0,7.4,8.6,8.6,5.1,66.2
250,C,0,0,6.9,5.5,7.6,4.5,40.8
250,D,1,0,7.9,7.7,6.0,6.9,64.2
251,A,1,0,3.7,6.6,6.4,8.2,58.2
251,B,1,1,6.0,9.1,6.5,7.6,82.0
251,C,1,0,8.0,7.0,7.0,5.5,62.5
251,D,0,1,7.8,7.2,8.4,5.7,65.2
252,A,0,1,3.9,6.0,5.7,7.3,54.8
252,B,0,1,10,6.7,6.3,5.4,64.0
252,C,1,1,5.6,7.1,7.2,4.4,73.8
252,D,1,0,8.5,8.7,9.1,9.0,75.5
253,A,0,0,7.3,6.1,6.5,7.4,45.5
253,B,0,0,8.2,9.1,8.8,7.5,56.0
253,C,0,0,5.4,7.8,8.1,7.7,48.3
253,D,0,0,9.8,7.0,7.2,7.4,52.3
254,A,1,1,4.2,7.9,4.6,4.4,68.5
254,B,0,0,8.6,7.2,6.6,7.4,49.7
254,C,1,1,5.1,5.9,7.7,8.2,78.2
254,D,1,0,7.8,6.2,6.0,9.4,65.7
255,A,0,0,7.4,10,6.4,5.3,48.5
255,B,1,1,8.5,8.9,4.8,5.0,78.7
255,C,1,0,8.8,6.5,7.7,5.0,63.3
255,D,1,1,6.5,10,6.9,7.3,84.5
256,A,1,0,6.5,7.1,4.1,8.7,60.7
256,B,0,0,5.3,8.5,8.6,5.8,47.0
256,C,0,0,6.2,6.6,6.8,5.6,42.0
256,D,1,1,7.3,7.2,8.6,5.8,81.5
257,A,1,1,7.0,7.0,4.6,6.8,75.7
257,B,1,0,7.0,6.6,6.4,5.9,59.8
257,C,0,0,5.2,6.4,6.3,5.5,39.0
257,D,0,0,8.8,7.4,9.7,4.4,50.5
258,A,1,0,6.4,9.6,5.6,6.8,64.0
258,B,1,1,8.0,6.6,7.2,8.5,83.8
258,C,1,1,8.2,6.9,6.0,7.6,81.2
258,D,1,0,10,6.5,5.1,4.9,60.8
259,A,0,0,6.1,8.6,5.8,6.8,45.5
259,B,1,1,9.3,8.1,5.4,9.1,86.5
259,C,1,0,9.9,7.3,8.1,5.9,68.7
259,D,1,0,6.5,7.6,8.2,7.3,66.0
260,A,1,0,5.8,5.7,6.2,7.7,59.0
260,B,1,1,8.3,8.4,7.0,4.0,79.5
260,C,0,1,8.9,6.0,7.3,4.8,61.7
260,D,1,0,8.1,6.8,6.8,5.7,62.3
261,A,1,0,8.4,6.4,5.9,8.1,64.7
261,B,1,0,8.6,6.6,6.0,7.3,64.2
261,C,1,1,6.8,6.9,8.6,4.1,77.3
261,D,1,0,8.3,9.0,8.3,5.8,69.0
262,A,0,0,8.2,5.8,5.3,5.9,42.0
262,B,1,0,9.4,7.0,5.9,5.5,63.0
262,C,0,0,7.3,6.3,5.0,5.6,40.3
262,D,1,0,9.7,4.7,6.1,8.2,64.5
263,A,1,0,6.0,7.1,6.0,8.2,62.2
263,B,1,0,6.5,8.2,10,9.0,72.8
263,C,0,0,4.3,7.7,7.3,4.4,39.5
263,D,1,1,8.4,6.4,5.5,7.3,79.3
264,A,1,0,5.7,8.4,5.4,8.5,63.3
264,B,1,0,8.4,9.5,5.4,6.6,66.5
264,C,1,1,7.3,3.8,7.6,6.3,75.0
264,D,1,0,9.2,6.1,9.2,4.4,64.8
265,A,1,0,4.3,7.8,7.2,6.4,59.5
265,B,1,1,8.4,8.1,7.6,8.4,87.5
265,C,1,0,7.6,8.0,6.6,7.3,65.8
265,D,1,0,6.9,8.2,7.3,7.0,65.7
266,A,1,0,7.6,6.4,5.8,5.6,59.0
266,B,1,1,6.5,7.6,5.1,6.1,75.5
266,C,1,0,7.4,10.0,6.7,5.7,66.3
266,D,1,1,9.6,8.0,7.6,7.3,87.5
267,A,1,1,4.1,5.2,4.8,7.3,69.0
267,B,1,1,8.4,7.4,3.7,5.3,74.7
267,C,1,1,6.4,7.3,9.2,7.1,83.3
267,D,1,0,8.7,8.4,7.2,7.7,70.0
268,A,0,0,7.0,7.5,4.6,4.5,39.3
268,B,1,0,8.5,9.3,6.4,9.4,72.7
268,C,0,0,6.9,6.4,7.6,8.1,48.3
268,D,1,1,8.4,7.8,9.7,6.3,87.0
269,A,1,1,6.9,6.5,5.8,5.3,74.2
269,B,1,1,7.6,6.9,5.4,7.6,79.2
269,C,0,1,8.4,6.2,8.5,5.3,64.0
269,D,1,0,6.6,8.3,6.5,6.5,63.2
270,A,0,1,7.5,8.3,7.7,7.3,68.0
270,B,1,0,8.0,10,6.6,4.6,65.3
270,C,1,1,7.7,5.3,8.2,5.9,78.5
270,D,1,0,7.4,4.6,6.8,8.4,62.0
271,A,0,0,6.0,6.7,3.8,7.0,39.2
271,B,1,0,6.7,9.1,6.2,6.4,64.0
271,C,1,0,8.1,6.9,9.5,5.7,67.0
271,D,1,0,8.5,7.4,9.4,5.4,67.8
272,A,0,1,4.8,6.3,5.2,7.3,56.0
272,B,1,1,4.1,7.6,6.5,4.9,71.8
272,C,1,1,6.5,5.6,9.7,5.5,78.8
272,D,1,1,7.4,5.1,7.5,4.8,74.7
273,A,1,0,6.7,9.3,6.8,8.6,69.0
273,B,0,1,6.0,9.3,8.3,7.3,68.2
273,C,0,1,8.2,6.7,7.6,5.3,63.0
273,D,0,1,9.2,8.7,5.7,8.7,70.5
274,A,0,0,6.8,8.1,5.9,9.3,50.2
274,B,1,0,5.7,7.9,5.2,7.9,61.2
274,C,1,0,8.4,5.9,8.2,8.0,67.5
274,D,1,0,9.5,9.4,10.0,6.8,76.2
275,A,1,0,5.3,8.1,5.6,7.4,60.7
275,B,1,0,8.5,7.6,7.0,7.1,67.0
275,C,1,0,7.8,7.2,6.1,4.6,59.5
275,D,1,0,6.4,8.7,9.3,7.4,69.7
276,A,1,0,6.5,7.3,6.8,6.4,61.7
276,B,1,1,6.4,7.8,4.3,8.1,77.7
276,C,0,0,6.3,8.7,7.4,4.0,44.0
276,D,1,1,5.3,8.2,7.9,6.7,80.2
277,A,0,0,5.5,9.4,4.6,6.6,43.5
277,B,1,0,7.1,9.3,7.2,6.0,66.0
277,C,0,0,5.8,5.0,10,4.8,42.7
277,D,1,1,9.5,5.3,6.3,5.6,77.8
278,A,1,0,6.9,8.3,5.7,6.8,62.8
278,B,1,1,7.9,5.7,6.0,6.4,76.7
278,C,0,0,8.3,5.3,8.5,5.0,45.2
278,D,0,0,9.8,6.5,6.5,7.7,50.8
279,A,1,0,2.9,6.1,4.5,7.4,51.5
279,B,1,0,8.4,5.6,7.0,7.4,64.0
279,C,1,1,5.1,5.3,7.7,4.9,71.7
279,D,1,1,5.9,8.2,7.2,8.3,82.7
280,A,0,0,7.3,8.4,3.8,6.5,43.3
280,B,1,1,7.2,7.6,8.3,5.4,80.8
280,C,1,0,8.1,8.0,9.2,6.5,69.7
280,D,1,1,8.9,7.7,7.9,5.6,83.5
281,A,1,1,5.7,7.2,5.8,7.3,76.7
281,B,1,1,6.6,7.1,8.0,8.0,82.8
281,C,1,0,6.4,7.1,9.1,6.7,65.5
281,D,1,0,6.5,7.8,8.7,4.7,62.8
282,A,0,0,5.9,5.8,6.5,8.3,44.2
282,B,1,1,8.5,8.0,7.0,7.7,85.3
282,C,1,0,7.6,6.3,6.6,4.9,59.0
282,D,0,0,7.4,6.2,10,8.7,53.8
283,A,1,0,6.8,6.5,8.5,5.3,61.8
283,B,0,0,5.3,8.4,6.8,7.1,46.0
283,C,0,0,4.8,8.2,8.2,4.7,43.2
283,D,1,0,8.1,7.4,7.1,8.9,69.2
284,A,0,0,6.3,7.7,4.2,6.3,40.8
284,B,1,1,8.3,8.6,6.6,4.6,80.2
284,C,0,1,7.3,5.9,7.9,5.1,60.3
284,D,0,1,9.9,4.3,7.4,7.3,64.8
285,A,1,1,3.6,9.1,4.7,7.1,74.2
285,B,0,0,7.7,7.6,5.2,5.4,43.2
285,C,1,0,8.8,7.2,8.6,6.5,68.5
285,D,1,1,9.8,6.9,9.1,6.3,86.8
286,A,0,1,6.4,8.2,4.2,7.7,60.8
286,B,1,0,6.6,6.2,7.7,9.4,66.5
286,C,0,0,7.5,6.1,7.8,4.8,43.7
286,D,0,0,7.3,8.3,7.3,5.5,47.3
287,A,0,1,7.7,8.7,5.4,7.8,66.0
287,B,1,1,8.3,8.3,7.9,8.7,88.7
287,C,0,0,9.2,5.8,8.0,6.4,49.0
287,D,1,0,7.2,8.8,7.7,6.9,67.7
288,A,0,0,7.0,6.6,6.8,7.3,46.2
288,B,0,1,9.3,7.9,6.4,7.8,69.0
288,C,1,0,7.7,5.5,6.4,6.5,60.2
288,D,1,1,6.6,8.6,4.7,7.8,79.5
289,A,1,0,5.4,8.6,5.3,8.3,62.7
289,B,1,1,8.5,8.2,8.1,5.9,84.5
289,C,1,1,6.2,8.0,7.4,5.6,78.7
289,D,1,1,8.2,9.6,7.1,7.0,86.5
290,A,1,1,8.1,9.2,6.8,9.8,89.8
290,B,1,1,8.3,6.7,5.1,6.2,77.2
290,C,1,1,7.0,5.8,5.3,6.7,74.7
290,D,1,0,5.8,9.0,8.8,5.6,65.3
291,A,0,0,8.7,6.8,6.2,4.1,43.0
291,B,1,0,7.5,8.5,7.4,7.6,68.3
291,C,1,0,5.8,8.2,6.1,4.1,57.0
291,D,1,1,5.3,5.9,8.6,6.7,77.5
292,A,1,0,8.4,4.0,7.2,9.2,64.7
292,B,1,1,6.8,7.7,5.3,8.2,80.0
292,C,1,0,8.3,6.7,8.0,4.1,61.8
292,D,1,0,10.0,5.8,9.4,6.4,69.3
293,A,1,1,9.3,7.9,6.0,7.2,84.0
293,B,0,1,7.2,7.5,7.2,5.5,62.3
293,C,0,0,9.3,8.6,6.6,5.5,50.0
293,D,1,1,6.5,6.7,10.0,8.7,86.5
294,A,1,0,4.9,8.1,5.1,8.2,60.5
294,B,1,0,8.9,8.3,5.1,5.6,63.2
294,C,1,0,6.8,5.5,7.5,5.8,59.3
294,D,0,1,6.0,7.0,8.0,7.9,64.8
295,A,0,1,7.3,7.7,6.6,7.7,65.5
295,B,1,0,7.8,8.4,7.3,6.7,67.0
295,C,1,0,8.6,8.3,8.3,4.4,66.0
295,D,1,1,7.9,8.8,8.1,5.8,84.3
296,A,1,0,7.4,8.0,5.0,8.1,64.2
296,B,1,0,7.2,8.5,9.5,8.2,72.3
296,C,0,1,6.6,8.2,6.9,4.1,59.7
296,D,1,0,8.4,8.2,8.9,7.3,71.3
297,A,1,1,6.4,7.1,5.3,10,81.3
297,B,0,1,8.5,6.9,4.8,5.2,59.0
297,C,0,1,7.2,6.5,6.0,8.5,63.7
297,D,1,0,7.1,9.0,8.5,6.9,69.2
298,A,1,0,9.7,9.2,5.0,7.8,69.5
298,B,1,0,7.6,7.0,6.8,4.0,59.0
298,C,0,0,7.9,3.6,8.6,4.8,41.5
298,D,1,0,7.8,7.1,9.5,7.2,69.3
299,A,0,0,7.7,8.8,5.7,6.4,47.7
299,B,0,1,6.0,10,7.6,6.5,66.8
299,C,1,0,6.4,6.0,8.6,6.6,62.7
299,D,1,1,7.8,8.6,7.7,5.7,83.0
300,A,1,0,6.2,7.5,4.8,7.8,60.5
300,B,0,0,9.8,8.6,8.1,6.1,54.3
300,C,1,0,9.1,5.6,9.4,4.9,65.0
300,D,0,1,8.2,6.2,7.6,6.8,64.7
301,A,0,0,6.8,6.3,4.8,7.1,41.7
301,B,0,1,7.2,8.1,6.5,7.0,64.7
301,C,1,1,8.1,7.5,6.9,6.5,81.7
301,D,0,0,9.8,7.9,7.8,6.9,54.0
302,A,1,0,3.1,10,5.3,6.0,57.3
302,B,1,1,7.8,7.1,7.9,6.0,81.3
302,C,0,0,10,8.5,9.0,5.2,54.5
302,D,1,0,6.4,7.2,8.2,4.8,61.0
303,A,1,1,6.8,7.1,5.3,6.4,76.0
303,B,0,0,7.1,6.3,6.8,4.2,40.7
303,C,1,1,7.1,6.0,5.3,4.4,71.3
303,D,1,1,8.6,9.7,7.0,5.4,84.5
304,A,0,0,7.9,8.8,6.9,6.1,49.5
304,B,0,1,9.0,6.4,6.3,6.3,63.3
304,C,0,1,7.3,10,7.6,8.1,71.7
304,D,1,1,7.6,3.9,9.5,6.3,78.8
305,A,0,0,4.8,7.9,4.3,7.8,41.3
305,B,1,1,6.9,7.8,7.4,7.1,82.0
305,C,1,0,5.3,7.7,5.0,6.1,56.8
305,D,0,0,9.8,9.4,7.7,7.3,57.0
306,A,1,1,6.4,9.3,5.9,8.0,82.7
306,B,0,0,9.2,7.2,6.6,7.0,50.0
306,C,1,1,7.2,4.1,8.0,5.6,74.8
306,D,1,1,7.8,5.3,9.7,8.0,84.7
307,A,1,0,6.0,8.2,5.9,6.1,60.3
307,B,0,1,6.9,7.7,6.6,7.4,64.3
307,C,1,1,6.3,6.6,7.6,4.8,75.5
307,D,1,1,8.0,7.9,5.8,7.4,81.8
308,A,0,1,5.8,8.8,5.0,5.6,58.7
308,B,0,0,7.7,7.8,9.3,6.7,52.5
308,C,1,0,7.8,7.8,8.6,7.2,69.0
308,D,0,0,6.9,6.1,7.3,6.7,45.0
309,A,0,0,5.6,8.8,5.8,6.7,44.8
309,B,1,1,7.6,5.3,6.5,7.6,78.3
309,C,1,1,6.0,7.2,6.3,6.9,77.3
309,D,0,0,9.0,7.7,5.7,6.3,47.8
310,A,0,0,8.1,9.0,7.5,8.6,55.3
310,B,1,0,8.3,5.0,6.4,6.1,59.7
310,C,0,1,6.4,8.2,7.1,6.4,63.5
310,D,1,0,7.1,7.4,7.8,6.6,64.8
311,A,0,0,5.7,8.9,4.2,5.4,40.3
311,B,0,1,8.0,6.6,7.3,7.8,66.2
311,C,1,0,6.1,7.2,9.3,7.2,66.3
311,D,1,0,6.4,7.7,6.8,5.7,61.0
312,A,1,1,6.8,9.1,6.3,7.6,83.0
312,B,1,1,6.9,7.4,9.1,6.4,83.0
312,C,1,1,5.5,7.7,6.8,7.2,78.7
312,D,1,0,8.7,9.1,7.6,7.2,71.0
313,A,0,1,9.3,6.9,4.9,5.6,61.2
313,B,1,1,10,8.8,6.3,7.2,87.2
313,C,1,0,6.2,6.8,5.8,3.1,53.2
313,D,1,1,7.4,8.7,8.8,5.2,83.5
314,A,1,1,6.4,6.8,6.7,8.7,81.0
314,B,1,1,6.2,7.8,7.6,5.9,79.2
314,C,0,0,10,8.2,10,4.9,55.2
314,D,1,0,8.2,7.3,8.0,6.0,65.8
315,A,1,1,4.6,7.2,5.7,7.9,75.7
315,B,0,1,7.6,7.6,6.6,9.9,69.5
315,C,1,0,9.1,5.3,8.0,6.3,64.5
315,D,1,1,7.5,7.5,5.8,6.3,78.5
316,A,0,0,6.6,7.6,3.5,7.3,41.7
316,B,1,0,6.8,10,6.7,6.6,66.8
316,C,1,0,5.9,5.2,10,5.6,61.2
316,D,1,1,9.6,7.4,7.6,7.1,86.2
317,A,1,1,6.3,7.9,5.6,8.9,81.2
317,B,0,0,5.4,7.8,6.9,7.2,45.5
317,C,0,1,9.1,7.8,5.4,3.0,58.8
317,D,1,1,6.8,7.3,10.0,6.9,85.0
318,A,0,1,5.6,6.9,7.3,6.1,59.8
318,B,1,1,7.3,7.1,8.1,6.4,81.5
318,C,1,0,7.7,8.1,4.8,4.6,58.7
318,D,1,0,7.8,8.4,8.3,6.3,68.0
319,A,0,1,10,7.9,5.7,7.3,68.2
319,B,0,0,4.8,6.3,7.7,5.1,39.8
319,C,1,0,5.9,7.8,6.6,7.1,62.3
319,D,0,1,7.2,6.7,9.2,7.6,67.8
320,A,1,1,5.4,8.2,4.7,7.9,77.0
320,B,1,1,7.2,5.4,5.1,8.4,76.8
320,C,0,1,7.5,6.5,7.6,4.0,59.3
320,D,1,1,7.2,7.5,9.3,6.9,84.8
321,A,0,1,5.9,7.1,5.8,8.7,62.5
321,B,1,1,9.0,6.2,6.4,7.2,81.3
321,C,0,1,7.1,4.6,7.1,6.5,58.8
321,D,0,0,5.8,7.4,6.6,8.7,47.5
322,A,1,1,7.6,9.0,6.6,7.9,85.2
322,B,1,1,10,7.7,8.2,7.2,88.5
322,C,1,0,7.7,5.3,9.3,6.7,65.0
322,D,1,0,8.3,8.4,6.8,7.1,67.7
323,A,1,0,5.9,10,6.2,7.4,65.8
323,B,1,0,8.0,8.2,5.0,6.0,62.0
323,C,1,0,6.0,6.9,6.8,5.4,58.5
323,D,1,0,5.9,8.4,8.4,5.2,63.2
324,A,1,1,4.8,8.9,6.6,6.8,78.5
324,B,1,0,4.1,9.6,6.4,7.2,62.2
324,C,1,0,7.4,5.1,5.5,6.6,57.7
324,D,1,1,9.1,9.2,7.2,5.9,85.7
325,A,1,0,7.4,8.8,5.5,10,69.5
325,B,0,1,6.2,7.1,7.5,8.8,66.0
325,C,1,1,7.0,6.2,7.1,5.6,76.5
325,D,0,0,5.5,7.5,7.3,6.4,44.5
326,A,0,1,6.7,6.7,4.8,7.8,60.0
326,B,1,0,9.8,8.6,5.8,8.1,70.5
326,C,1,0,5.9,7.1,10,5.4,64.0
326,D,1,0,6.9,6.8,9.7,5.7,65.2
327,A,1,0,7.7,8.6,5.7,8.4,67.3
327,B,0,0,7.8,8.9,7.3,6.6,51.0
327,C,1,1,6.4,6.4,6.2,3.9,71.5
327,D,1,1,4.4,7.9,10,6.4,81.2
328,A,1,0,6.7,8.6,4.5,3.8,56.0
328,B,0,1,5.4,8.4,5.3,5.6,57.8
328,C,1,1,7.7,6.6,7.1,7.0,80.7
328,D,1,0,9.2,8.6,8.6,4.6,68.3
329,A,1,0,6.2,8.1,4.0,6.0,57.2
329,B,1,1,7.1,7.8,6.3,8.7,83.2
329,C,1,0,8.3,9.3,5.7,4.4,62.8
329,D,1,0,8.6,5.8,7.7,7.5,66.0
330,A,1,0,3.1,5.3,4.1,8.6,51.8
330,B,0,1,7.8,8.9,7.7,4.2,64.3
330,C,1,1,6.5,7.0,5.9,4.0,72.3
330,D,1,0,9.2,7.1,6.3,6.2,64.7
331,A,1,1,8.5,7.7,5.9,7.1,82.0
331,B,0,0,7.4,6.9,7.1,6.7,46.8
331,C,1,1,9.0,7.0,9.2,5.7,84.8
331,D,1,1,7.0,7.0,7.9,6.3,80.3
332,A,1,0,6.6,9.0,6.3,5.4,62.2
332,B,0,1,7.2,6.1,8.1,7.8,65.3
332,C,1,1,7.3,6.9,5.8,6.4,77.3
332,D,0,1,7.3,6.9,7.9,7.0,65.2
333,A,1,0,6.6,8.6,5.8,8.7,66.2
333,B,1,0,7.1,9.3,6.3,6.2,64.8
333,C,1,1,7.9,5.0,7.6,5.0,75.8
333,D,1,0,8.1,4.6,5.3,7.4,59.0
334,A,0,0,5.3,5.6,4.8,5.0,34.5
334,B,1,0,7.1,8.0,7.1,5.3,62.5
334,C,1,1,7.1,7.2,4.5,7.1,76.5
334,D,1,1,7.8,7.6,9.7,7.3,87.3
335,A,1,0,7.4,8.5,4.8,6.6,62.2
335,B,1,0,7.2,6.9,6.1,7.6,63.0
335,C,1,0,9.2,6.4,9.4,7.2,70.3
335,D,0,1,7.5,6.3,7.5,6.1,62.3
336,A,0,0,7.2,7.8,5.4,7.5,46.5
336,B,1,1,7.7,7.2,6.9,6.6,80.7
336,C,0,1,7.5,7.9,7.3,6.4,65.2
336,D,1,1,8.0,7.9,5.8,5.0,77.8
337,A,1,0,5.0,8.1,7.1,7.0,62.0
337,B,1,0,5.9,7.9,6.1,8.0,63.2
337,C,1,0,5.5,5.8,5.8,7.4,57.5
337,D,1,1,8.4,8.4,6.5,6.1,82.3
338,A,0,0,9.5,7.7,5.6,7.3,50.2
338,B,1,0,9.0,8.9,6.8,8.4,71.8
338,C,1,1,7.5,9.0,4.9,4.6,76.7
338,D,0,0,10,7.5,9.0,5.1,52.7
339,A,0,0,7.2,8.5,6.8,8.3,51.3
339,B,0,0,6.8,8.1,6.1,7.5,47.5
339,C,1,1,9.3,5.4,6.8,6.8,80.5
339,D,1,1,7.2,7.3,9.6,7.6,86.2
340,A,1,0,7.2,5.4,2.5,8.4,55.8
340,B,1,0,8.2,8.3,7.2,7.5,68.7
340,C,1,0,8.7,6.8,7.1,4.1,61.2
340,D,0,0,7.9,8.5,8.1,8.1,54.3
341,A,1,0,8.1,7.5,6.8,8.3,67.8
341,B,0,0,5.8,7.0,7.2,6.5,44.2
341,C,1,0,6.4,4.8,7.2,7.2,59.3
341,D,1,1,9.8,5.7,9.0,7.7,87.0
342,A,1,0,7.3,8.5,6.3,7.5,66.0
342,B,0,0,8.2,6.2,7.8,7.7,49.8
342,C,1,0,7.6,7.7,6.0,6.8,63.5
342,D,1,0,8.8,8.8,9.1,7.7,74.0
343,A,1,1,6.5,9.4,5.6,6.5,80.0
343,B,1,1,6.1,4.3,6.1,9.7,77.0
343,C,1,0,5.7,9.2,4.9,5.6,59.0
343,D,1,0,7.0,8.7,9.2,5.2,66.8
344,A,0,0,9.6,8.3,4.1,6.3,47.2
344,B,1,0,8.8,6.7,4.0,6.8,60.5
344,C,1,0,8.6,7.2,6.1,4.8,61.2
344,D,1,0,6.0,7.0,6.5,8.3,63.0
345,A,0,0,4.7,9.8,5.8,7.6,46.5
345,B,0,0,5.6,8.6,7.8,8.6,51.0
345,C,0,0,5.8,8.2,8.1,6.1,47.0
345,D,0,1,8.6,8.9,8.6,6.7,71.3
346,A,1,0,6.8,10.0,6.9,8.6,70.5
346,B,1,0,6.9,8.3,4.6,7.7,62.5
346,C,0,1,7.4,3.1,8.2,6.9,59.3
346,D,1,0,6.4,6.7,8.6,5.5,62.0
347,A,1,1,5.9,6.3,6.2,6.5,74.8
347,B,1,1,8.3,8.5,5.7,6.7,82.0
347,C,1,0,6.8,7.9,7.4,5.2,62.2
347,D,1,1,9.6,7.6,8.7,6.3,87.0
348,A,1,0,8.7,9.5,4.9,7.8,68.2
348,B,1,0,6.4,5.8,7.3,5.1,57.7
348,C,1,1,8.9,7.2,8.2,5.0,82.2
348,D,0,1,7.2,7.3,10,8.1,71.0
349,A,1,0,6.2,7.0,5.4,8.5,61.8
349,B,0,0,6.7,9.3,6.1,8.0,50.2
349,C,1,0,6.1,6.7,5.9,4.8,55.8
349,D,1,0,8.7,7.4,8.4,4.2,64.5
350,A,0,1,5.0,9.9,6.8,6.2,63.2
350,B,1,0,5.8,8.9,6.5,8.1,65.5
350,C,0,0,6.6,8.9,7.1,6.9,49.2
350,D,0,1,10,6.2,9.6,7.0,71.3
351,A,0,0,7.7,7.1,4.4,7.8,45.0
351,B,1,1,6.3,7.9,7.5,8.7,84.0
351,C,0,0,9.3,3.9,7.4,6.0,44.3
351,D,1,0,9.5,8.0,8.4,6.7,71.0
352,A,1,0,6.8,9.5,5.3,6.0,62.7
352,B,1,1,5.6,7.1,5.0,7.8,75.8
352,C,1,0,4.8,6.5,7.1,6.8,58.7
352,D,1,0,9.5,6.3,7.4,7.5,67.8
353,A,1,0,6.1,7.6,5.7,6.7,60.2
353,B,1,0,6.1,5.7,4.6,7.3,56.2
353,C,0,0,7.7,6.4,8.2,4.3,44.3
353,D,0,0,6.7,7.9,5.8,5.3,42.8
354,A,0,0,4.4,7.9,4.9,8.9,43.5
354,B,1,0,8.1,6.7,5.7,7.4,63.2
354,C,1,0,6.3,6.9,8.0,2.8,56.7
354,D,1,1,8.5,8.2,8.4,7.9,88.3
355,A,0,0,6.0,6.3,6.1,8.8,45.3
355,B,0,1,7.8,8.0,7.5,5.8,65.2
355,C,0,0,6.6,4.5,8.8,4.0,39.8
355,D,0,0,8.0,5.1,9.2,6.7,48.3
356,A,1,0,4.6,8.5,6.3,5.8,58.7
356,B,0,0,9.0,7.9,6.9,6.1,49.8
356,C,0,1,8.0,5.7,9.2,4.6,62.5
356,D,0,0,9.0,6.6,8.4,5.8,49.7
357,A,0,0,8.0,8.8,6.2,8.2,52.0
357,B,1,1,6.1,10,5.4,7.0,80.8
357,C,0,0,9.8,10,10,8.1,63.2
357,D,0,1,6.6,7.3,7.9,3.5,58.8
358,A,1,0,4.8,7.8,5.0,7.3,58.2
358,B,1,1,5.9,7.6,7.0,8.0,80.8
358,C,0,0,9.7,5.4,8.7,4.7,47.5
358,D,1,0,8.5,6.0,7.1,7.8,65.7
359,A,1,0,7.8,8.2,5.7,7.6,65.5
359,B,0,0,7.3,7.9,6.2,6.7,46.8
359,C,1,1,6.4,8.7,8.3,6.2,82.7
359,D,1,0,9.1,7.9,8.2,6.9,70.2
360,A,1,1,6.4,9.1,4.4,9.3,82.0
360,B,0,0,6.8,10,4.9,5.5,45.3
360,C,0,1,6.9,6.3,7.5,6.7,62.3
360,D,1,0,6.3,7.4,7.2,7.3,63.7
361,A,1,0,7.2,7.9,4.4,7.1,61.0
361,B,0,0,6.8,6.6,7.3,9.0,49.5
361,C,0,1,6.5,6.7,7.5,4.1,58.0
361,D,1,0,9.9,7.0,7.5,5.8,67.0
362,A,0,0,8.5,7.3,5.2,9.0,50.0
362,B,0,1,6.6,7.6,8.9,8.3,69.0
362,C,1,0,6.0,6.6,4.0,5.6,53.7
362,D,0,1,7.9,6.3,8.6,6.9,66.2
363,A,0,1,7.1,7.2,7.2,8.5,66.7
363,B,1,1,7.0,7.2,6.7,7.5,80.7
363,C,1,0,8.3,6.4,6.9,5.1,61.2
363,D,0,0,9.4,5.2,9.8,6.5,51.5
364,A,0,0,7.3,7.6,7.6,8.2,51.2
364,B,0,1,9.9,6.9,4.9,7.9,66.0
364,C,0,0,7.0,8.3,6.0,6.9,47.0
364,D,1,1,10,6.6,7.9,6.6,85.2
365,A,1,0,7.8,7.3,7.0,7.4,65.8
365,B,0,1,6.0,7.9,6.8,5.6,60.5
365,C,1,1,8.4,8.2,6.4,6.1,81.8
365,D,1,1,10,8.2,8.1,8.4,91.2
366,A,1,1,3.1,8.6,5.0,6.1,71.3
366,B,0,0,8.9,6.9,4.9,6.5,45.3
366,C,0,0,8.7,9.5,8.2,5.3,52.8
366,D,1,0,10,5.1,6.6,6.2,63.2
367,A,0,1,5.2,8.1,6.2,6.2,59.5
367,B,1,0,4.1,7.7,6.1,7.9,59.7
367,C,1,0,10,7.5,5.6,4.7,63.0
367,D,0,0,7.5,8.1,7.2,7.5,50.5
368,A,1,0,7.8,7.1,7.2,6.9,65.0
368,B,1,1,5.7,6.3,6.9,5.9,74.7
368,C,0,1,6.9,5.4,6.9,7.8,61.7
368,D,1,1,5.4,8.5,8.5,7.3,82.8
369,A,0,0,5.1,7.2,4.1,8.0,40.7
369,B,1,0,6.6,8.9,6.4,6.4,63.8
369,C,0,0,7.2,6.5,7.8,6.0,45.8
369,D,1,1,6.9,7.0,8.5,6.2,81.0
370,A,1,0,5.8,9.1,6.2,7.1,63.7
370,B,1,0,5.7,7.9,6.5,6.1,60.3
370,C,1,1,5.5,7.1,6.6,3.7,71.5
370,D,0,0,9.0,6.3,8.5,7.5,52.2
371,A,0,0,6.9,8.0,5.0,5.2,41.8
371,B,1,0,6.4,6.1,6.6,8.4,62.5
371,C,1,1,7.6,4.9,6.9,5.3,74.5
371,D,1,0,5.7,8.9,5.1,6.1,59.7
372,A,0,0,8.0,7.2,3.8,8.7,46.2
372,B,0,0,7.4,6.6,7.6,6.9,47.5
372,C,0,0,6.3,7.6,6.6,8.7,48.7
372,D,0,0,7.5,7.3,8.9,7.0,51.2
373,A,1,1,6.8,8.2,6.0,8.7,82.8
373,B,0,1,6.9,9.1,8.1,7.6,69.5
373,C,1,1,8.9,7.6,7.0,7.4,84.8
373,D,0,0,7.9,7.9,10,6.5,53.8
374,A,1,0,5.0,5.6,4.1,7.9,54.3
374,B,0,0,5.7,6.0,4.7,6.4,38.0
374,C,0,0,8.4,6.1,6.0,2.8,38.8
374,D,0,0,9.7,6.5,8.3,7.5,53.3
375,A,1,0,6.0,6.5,7.3,9.0,64.7
375,B,1,1,7.6,7.5,7.2,8.1,84.0
375,C,0,0,6.5,7.0,7.5,4.9,43.2
375,D,1,0,7.2,8.9,7.7,7.6,69.0
376,A,1,0,3.8,7.5,6.6,7.5,59.0
376,B,0,0,6.2,7.1,4.8,8.3,44.0
376,C,1,0,5.6,6.2,6.7,7.0,59.2
376,D,1,1,4.7,5.7,6.4,3.2,66.7
377,A,1,1,5.4,7.7,6.8,6.6,77.5
377,B,1,0,8.4,7.6,7.4,7.4,68.0
377,C,0,1,8.4,9.1,7.9,5.4,68.0
377,D,0,0,9.0,6.2,9.5,6.4,51.8
378,A,1,0,7.6,7.5,2.9,6.5,57.5
378,B,1,1,8.3,7.7,6.4,6.1,80.8
378,C,1,1,6.7,5.1,9.1,6.7,79.3
378,D,1,1,6.1,6.7,6.8,5.7,75.5
379,A,1,0,7.1,6.7,5.5,7.6,61.5
379,B,1,0,6.4,5.5,6.8,6.1,58.0
379,C,0,1,9.5,5.6,7.0,5.3,62.3
379,D,1,0,5.9,5.9,8.8,4.6,58.7
380,A,0,1,5.6,6.9,7.3,8.3,63.5
380,B,1,1,5.8,6.6,8.7,7.2,80.5
380,C,1,0,8.3,8.7,6.7,3.6,62.2
380,D,1,0,7.9,7.8,6.3,7.1,65.2
381,A,1,0,7.5,7.0,4.6,8.3,62.3
381,B,1,0,8.1,7.1,4.8,6.7,61.2
381,C,1,0,7.8,7.9,9.8,5.5,68.3
381,D,1,0,9.5,8.2,6.1,5.1,64.8
382,A,1,0,6.0,8.3,6.2,6.3,61.3
382,B,1,0,8.3,8.3,8.1,7.3,70.0
382,C,1,0,6.6,10,5.7,5.9,63.7
382,D,1,1,8.6,7.1,10.0,7.9,89.3
383,A,1,0,4.6,6.5,4.8,6.7,54.3
383,B,0,1,5.4,8.0,5.9,6.0,58.8
383,C,0,1,8.8,5.9,7.5,6.3,64.2
383,D,1,0,7.9,6.5,6.8,7.0,63.7
384,A,1,1,5.7,7.1,6.5,9.3,81.0
384,B,1,0,7.7,9.2,7.7,6.1,67.8
384,C,1,1,6.8,5.8,6.5,5.7,74.7
384,D,0,1,6.4,6.7,9.3,7.3,66.2
385,A,1,1,5.7,7.5,5.7,7.3,77.0
385,B,1,1,7.8,4.2,6.9,7.3,77.0
385,C,1,1,7.7,5.7,5.1,4.1,71.0
385,D,1,0,8.4,8.5,8.3,7.9,71.8
386,A,1,0,7.3,9.1,7.4,8.0,69.7
386,B,1,1,7.1,8.1,5.3,6.8,78.8
386,C,0,0,5.6,6.9,9.7,5.9,46.8
386,D,1,1,7.6,8.5,8.4,6.9,85.7
387,A,0,0,5.7,8.4,5.6,7.4,45.2
387,B,1,0,6.3,7.7,6.9,7.0,63.2
387,C,1,0,7.2,7.5,8.9,5.2,64.7
387,D,0,0,8.5,4.0,6.1,8.1,44.5
388,A,0,0,4.6,8.0,6.5,7.9,45.0
388,B,1,0,7.8,7.4,6.1,6.9,63.7
388,C,1,0,8.6,6.8,8.4,7.0,68.0
388,D,1,1,8.7,4.5,7.8,5.6,77.7
389,A,1,1,5.6,6.4,4.2,8.7,74.8
389,B,1,0,6.4,7.3,4.2,6.0,56.5
389,C,1,0,8.3,5.1,6.9,4.8,58.5
389,D,0,1,8.6,6.8,9.0,4.7,65.2
390,A,1,0,8.1,9.0,7.1,5.2,65.7
390,B,1,1,7.2,8.4,8.2,8.2,86.7
390,C,1,1,6.8,5.6,5.9,5.5,73.0
390,D,1,1,5.9,7.7,7.5,8.2,82.2
391,A,0,0,5.6,8.6,6.0,7.6,46.3
391,B,1,0,10,6.7,6.7,6.3,66.2
391,C,1,0,5.8,7.5,9.6,4.4,62.2
391,D,1,0,6.2,9.9,6.8,8.5,69.0
392,A,0,1,7.7,7.6,5.9,8.7,66.5
392,B,1,1,5.9,8.0,5.3,6.6,76.3
392,C,1,0,7.9,7.2,7.5,6.0,64.3
392,D,1,1,8.7,7.3,8.2,8.6,88.0
393,A,0,0,5.0,7.4,6.0,6.0,40.7
393,B,1,0,4.9,6.3,6.8,7.8,59.7
393,C,0,0,7.2,7.2,8.1,5.0,45.8
393,D,1,1,9.1,7.3,7.1,4.6,80.2
394,A,0,1,6.3,7.2,7.7,5.7,61.5
394,B,0,1,9.7,8.5,5.9,8.6,71.2
394,C,0,0,4.8,7.7,8.6,5.1,43.7
394,D,1,0,5.9,7.6,7.1,6.5,61.8
395,A,1,1,4.1,8.0,6.6,4.9,72.7
395,B,1,1,6.9,6.8,6.8,7.7,80.3
395,C,1,1,7.3,4.5,7.8,5.9,75.8
395,D,0,0,6.9,7.7,6.9,6.4,46.5
396,A,0,0,6.1,6.5,7.0,8.7,47.2
396,B,1,0,9.6,8.5,6.1,7.3,69.2
396,C,0,0,5.7,7.9,7.2,6.1,44.8
396,D,0,1,9.5,7.6,7.5,7.7,70.5
397,A,0,0,6.7,7.8,5.3,5.2,41.7
397,B,1,0,7.4,9.2,9.4,8.3,73.8
397,C,1,0,5.2,5.8,6.7,6.7,57.3
397,D,1,1,10,7.0,9.4,7.0,89.0
398,A,0,1,6.3,6.1,5.2,7.7,58.8
398,B,1,1,7.8,7.8,6.0,5.9,79.2
398,C,0,1,8.5,4.8,7.6,5.2,60.2
398,D,1,0,8.7,5.8,7.8,5.3,62.7
399,A,1,1,4.2,8.9,4.5,7.3,74.8
399,B,0,0,8.2,9.6,5.3,7.7,51.3
399,C,1,0,4.1,6.2,8.6,6.4,58.8
399,D,1,0,9.7,8.5,8.8,6.5,72.5
400,A,1,0,8.0,5.3,5.6,6.1,58.3
400,B,1,0,6.6,7.5,5.9,6.8,61.3
400,C,0,0,4.7,4.3,7.0,4.3,33.8
400,D,1,0,9.9,7.5,7.0,6.5,68.2
401,A,0,0,6.4,5.7,3.5,5.8,35.7
401,B,1,1,8.1,8.9,4.5,6.6,80.2
401,C,1,0,7.6,6.7,8.5,4.8,62.7
401,D,1,1,7.0,7.8,7.9,7.6,83.8
402,A,1,1,5.2,8.3,6.1,7.1,77.8
402,B,0,1,6.7,6.5,7.1,8.2,64.2
402,C,1,0,7.4,6.4,9.0,5.6,64.0
402,D,1,0,7.9,8.9,7.4,5.1,65.5
403,A,1,0,6.7,8.9,7.2,8.5,68.8
403,B,1,0,6.0,8.3,6.0,6.4,61.2
403,C,1,1,7.8,6.2,7.0,4.6,76.0
403,D,1,1,8.0,6.5,7.3,6.9,81.2
404,A,1,0,6.7,5.7,6.0,7.8,60.3
404,B,0,0,8.9,8.3,6.6,5.6,49.0
404,C,0,1,7.5,6.6,8.0,4.6,61.2
404,D,0,1,10,7.7,5.8,5.4,64.8
405,A,0,1,5.0,7.9,5.7,8.0,61.0
405,B,1,0,5.3,7.4,5.7,6.1,57.5
405,C,0,1,8.4,7.3,8.3,5.4,65.7
405,D,1,0,9.5,8.2,7.0,7.4,70.2
406,A,1,0,7.1,6.2,7.4,8.7,65.7
406,B,1,1,7.0,6.0,5.2,7.5,76.2
406,C,1,1,6.1,6.2,7.1,4.3,72.8
406,D,1,0,8.9,9.4,7.1,3.3,64.5
407,A,0,0,4.8,7.8,5.9,5.2,39.5
407,B,1,0,8.1,7.9,6.4,5.1,62.5
407,C,1,0,7.9,5.1,7.0,4.6,57.7
407,D,1,0,8.7,7.5,6.9,6.4,65.8
408,A,1,0,6.9,7.2,5.3,7.2,61.0
408,B,0,1,5.7,6.4,7.0,6.9,60.0
408,C,0,1,7.4,5.7,9.1,5.9,63.5
408,D,1,0,8.0,9.6,7.6,7.4,71.0
409,A,1,1,7.6,8.0,7.3,8.8,86.2
409,B,0,0,7.2,5.9,7.0,5.3,42.3
409,C,0,0,8.3,6.2,7.6,4.9,45.0
409,D,0,1,10,5.1,7.4,7.2,66.2
410,A,0,0,7.6,8.0,5.3,6.5,45.7
410,B,0,0,9.6,7.0,5.2,6.1,46.5
410,C,1,1,9.3,4.6,7.0,4.1,75.0
410,D,1,0,6.8,8.5,7.0,6.9,65.3
411,A,1,0,5.4,9.5,6.3,7.6,64.7
411,B,1,0,8.2,6.4,6.8,4.9,60.5
411,C,0,1,5.5,6.9,6.8,6.8,60.0
411,D,1,1,6.3,6.4,8.1,5.3,76.8
412,A,1,1,6.3,7.8,6.6,9.0,82.8
412,B,1,1,7.4,5.2,7.6,6.2,77.3
412,C,1,1,7.3,4.0,7.5,2.9,69.5
412,D,0,0,7.9,5.7,10,7.1,51.2
413,A,1,0,6.8,8.1,5.2,8.4,64.2
413,B,0,0,7.6,6.3,9.8,5.7,49.0
413,C,1,0,7.4,7.6,8.5,5.4,64.8
413,D,1,0,8.2,8.2,6.7,7.9,68.3
414,A,1,0,8.4,8.1,5.8,8.9,68.7
414,B,0,1,5.0,7.8,7.9,7.2,63.2
414,C,1,1,6.8,5.6,4.8,9.3,77.5
414,D,1,1,7.9,5.8,8.5,7.7,83.2
415,A,1,1,9.2,7.8,8.3,5.9,85.3
415,B,1,1,5.3,5.9,5.7,7.9,74.7
415,C,0,0,9.2,6.4,9.4,4.7,49.5
415,D,0,0,9.1,9.6,7.1,8.0,56.3
416,A,1,0,5.7,8.2,5.6,4.4,56.5
416,B,0,0,7.9,8.4,8.3,8.1,54.5
416,C,0,0,7.2,7.9,9.6,5.9,51.0
416,D,1,0,7.4,7.8,10,5.1,67.2
417,A,0,1,7.3,6.8,6.0,7.9,63.3
417,B,1,1,4.8,8.6,7.7,6.7,79.7
417,C,1,0,6.4,9.5,8.6,3.8,63.8
417,D,1,1,7.7,6.9,5.8,6.3,77.8
418,A,0,1,7.3,9.6,5.3,6.1,63.8
418,B,1,1,5.2,6.8,7.2,6.5,76.2
418,C,1,0,6.8,6.9,8.3,5.6,62.7
418,D,0,0,8.8,7.5,6.5,7.7,50.8
419,A,0,0,7.1,6.4,5.5,8.6,46.0
419,B,0,1,7.1,3.5,6.5,8.7,59.7
419,C,0,0,6.5,8.6,8.9,4.8,48.0
419,D,1,0,7.6,6.6,7.7,7.1,65.0
420,A,1,1,4.7,7.3,5.6,4.2,69.7
420,B,1,1,7.2,9.8,6.3,7.2,84.2
420,C,1,0,7.2,5.6,7.4,6.0,60.3
420,D,1,0,7.1,9.5,7.9,4.9,65.7
421,A,1,1,6.5,8.8,5.2,7.7,80.3
421,B,0,1,6.7,9.2,7.1,6.9,66.5
421,C,1,0,8.5,7.0,6.4,4.6,60.8
421,D,1,0,7.2,8.1,7.2,7.4,66.5
422,A,0,1,7.1,6.1,6.7,7.4,62.2
422,B,0,1,5.4,7.8,5.6,6.1,58.2
422,C,0,1,6.7,5.7,8.6,2.8,56.3
422,D,1,0,8.1,7.2,6.7,6.7,64.5
423,A,0,0,7.5,7.9,5.9,7.2,47.5
423,B,1,0,5.1,6.9,8.5,6.1,61.0
423,C,1,1,6.5,5.7,7.9,8.0,80.2
423,D,0,1,7.2,7.1,7.2,6.7,63.7
424,A,0,1,7.0,6.8,6.4,8.1,63.8
424,B,1,1,9.2,7.4,7.8,8.2,87.7
424,C,1,0,6.9,4.9,8.3,9.5,66.0
424,D,0,1,9.4,6.4,7.2,4.7,62.8
425,A,0,0,7.1,7.4,4.7,8.0,45.3
425,B,1,0,6.8,5.9,7.2,6.1,60.0
425,C,0,0,8.3,7.9,9.5,4.0,49.5
425,D,1,1,8.0,6.0,9.0,8.0,85.0
426,A,1,0,6.1,6.8,6.9,9.6,65.7
426,B,1,0,4.8,9.0,6.8,9.6,67.0
426,C,1,0,8.5,5.8,8.1,5.6,63.3
426,D,0,1,7.7,6.4,9.0,7.6,67.8
427,A,1,0,8.4,7.8,6.4,7.0,66.0
427,B,0,1,6.4,8.0,6.7,6.9,63.3
427,C,0,0,6.0,7.9,8.4,5.0,45.5
427,D,1,1,7.1,7.1,6.1,5.9,77.0
428,A,1,0,7.3,7.6,7.0,7.0,64.8
428,B,1,0,9.3,6.7,6.9,8.7,69.3
428,C,0,1,7.7,6.2,10,4.9,64.7
428,D,1,1,7.2,8.8,9.7,10,92.8
429,A,1,0,5.5,7.1,5.5,7.9,60.0
429,B,1,1,7.3,9.1,4.7,5.1,77.0
429,C,1,0,7.9,5.7,5.5,6.8,59.8
429,D,1,1,8.0,7.0,7.3,5.7,80.0
430,A,1,0,3.0,6.3,4.8,9.9,56.7
430,B,1,0,7.2,6.7,6.6,7.2,62.8
430,C,1,0,7.5,5.6,8.2,5.2,60.8
430,D,1,1,8.4,5.1,7.6,6.4,79.2
431,A,1,1,5.9,9.3,6.9,5.2,78.8
431,B,1,1,6.5,8.5,7.3,6.3,81.0
431,C,0,1,8.7,6.4,6.8,6.6,64.2
431,D,1,1,6.1,8.7,5.6,5.8,77.0
432,A,0,0,5.6,8.0,5.2,8.4,45.3
432,B,1,1,7.0,9.3,7.8,9.0,88.5
432,C,1,0,5.5,7.6,8.3,6.5,63.2
432,D,0,0,8.9,7.3,5.1,6.4,46.2
433,A,1,0,7.2,6.2,4.1,8.0,59.2
433,B,1,0,7.2,5.6,3.8,8.0,57.7
433,C,0,0,7.8,8.3,8.1,6.8,51.7
433,D,1,1,6.8,6.5,8.4,6.9,81.0
434,A,1,0,7.1,6.0,6.6,10,66.2
434,B,0,1,5.8,8.1,7.4,7.5,64.7
434,C,1,1,6.5,8.7,8.4,4.4,80.0
434,D,1,0,10,8.9,7.4,6.1,70.7
435,A,1,0,7.6,8.6,3.8,6.3,60.5
435,B,0,0,6.3,8.2,5.1,7.4,45.0
435,C,1,0,8.5,4.5,7.0,5.5,59.2
435,D,1,1,9.3,7.1,7.0,7.0,84.0
436,A,0,0,5.9,9.2,7.1,6.9,48.5
436,B,1,0,6.2,7.3,4.9,7.0,59.0
436,C,0,1,8.1,7.2,8.6,7.5,69.0
436,D,1,1,5.9,5.8,5.8,3.0,67.5
437,A,0,1,6.7,6.9,8.7,6.1,64.0
437,B,1,1,5.1,8.4,6.9,8.0,80.7
437,C,1,0,8.0,6.3,7.2,3.5,58.3
437,D,1,1,7.1,6.6,8.2,6.1,80.0
438,A,0,1,8.5,9.7,5.1,7.8,68.5
438,B,1,0,5.7,7.9,6.8,6.4,61.3
438,C,1,0,8.7,8.0,6.3,5.1,63.5
438,D,1,0,8.3,6.5,8.0,9.3,70.2
439,A,1,0,8.0,7.4,6.4,7.6,65.7
439,B,1,1,6.4,6.8,6.9,8.0,80.2
439,C,1,0,7.0,6.0,7.8,5.8,61.0
439,D,1,0,7.7,6.6,7.4,5.8,62.5
440,A,0,0,5.7,6.5,7.9,5.9,43.3
440,B,1,0,4.3,7.0,8.4,7.6,62.2
440,C,0,1,6.2,5.9,7.7,6.5,60.5
440,D,1,0,9.4,7.1,9.0,6.7,70.3
441,A,0,0,6.3,8.5,5.3,7.4,45.8
441,B,1,1,7.3,7.3,5.0,8.9,80.8
441,C,1,1,5.8,3.2,10,3.2,70.3
441,D,1,0,7.3,7.7,7.6,5.6,63.7
442,A,1,0,6.3,7.8,6.6,7.7,64.0
442,B,1,0,8.9,6.0,5.8,6.6,62.2
442,C,0,0,6.9,6.7,6.8,4.6,41.7
442,D,1,0,6.9,5.7,8.0,7.5,63.5
443,A,0,0,6.2,5.2,5.8,6.5,39.5
443,B,1,1,6.0,7.4,4.9,6.3,74.3
443,C,1,0,8.1,6.6,9.0,7.9,69.3
443,D,1,1,9.1,5.1,6.4,6.9,79.2
444,A,0,0,6.8,6.0,4.5,8.1,42.3
444,B,0,0,8.9,7.4,6.7,7.6,51.0
444,C,1,1,8.1,7.7,6.7,6.0,80.8
444,D,1,1,8.7,7.7,8.1,7.2,86.2
445,A,0,0,9.5,7.2,4.7,8.4,49.7
445,B,1,0,5.9,7.5,6.0,6.4,59.7
445,C,1,0,8.5,6.8,7.0,3.9,60.3
445,D,1,1,9.1,7.2,6.6,5.3,80.3
446,A,1,1,4.5,8.6,4.6,7.4,75.2
446,B,1,1,7.4,7.5,6.2,8.7,83.0
446,C,1,1,7.0,7.0,7.7,5.5,78.7
446,D,1,1,5.4,6.0,10,7.0,80.7
447,A,1,1,6.3,8.2,4.4,8.4,78.8
447,B,1,0,8.1,8.3,6.9,6.7,66.7
447,C,0,1,6.0,7.1,8.5,4.9,60.8
447,D,1,0,9.5,6.9,5.3,7.3,65.0
448,A,0,1,6.2,6.2,5.0,6.0,55.7
448,B,0,0,6.0,8.0,6.2,7.2,45.7
448,C,1,1,6.3,7.4,5.7,5.6,75.0
448,D,1,0,8.9,8.3,9.0,7.2,72.3
449,A,0,0,7.2,7.8,5.9,6.9,46.3
449,B,0,1,7.3,7.6,6.2,7.2,63.8
449,C,1,0,7.1,5.2,6.1,5.9,57.2
449,D,1,1,8.7,7.9,6.7,6.9,83.7
450,A,1,0,5.0,6.7,5.0,9.1,59.7
450,B,0,0,6.5,4.3,6.0,10,44.7
450,C,1,1,7.9,7.6,7.4,5.4,80.5
450,D,1,1,6.6,8.6,7.9,5.1,80.3
451,A,1,0,7.4,6.3,4.8,8.2,61.2
451,B,0,0,8.0,7.0,6.9,5.4,45.5
451,C,1,0,6.9,6.7,5.3,6.8,59.5
451,D,1,1,7.2,7.9,7.5,7.6,83.7
452,A,0,0,7.6,6.3,6.1,9.6,49.3
452,B,0,1,7.7,8.7,7.2,6.7,67.2
452,C,1,0,6.8,6.7,7.8,4.5,59.7
452,D,1,1,6.6,7.8,9.9,7.7,86.7
453,A,1,0,8.7,6.8,3.9,6.2,59.3
453,B,0,0,6.6,7.8,4.7,6.9,43.3
453,C,0,1,6.2,8.2,7.3,3.9,59.3
453,D,1,1,6.9,6.8,8.8,4.8,78.8
454,A,0,1,6.8,8.2,5.7,8.1,64.7
454,B,1,1,6.9,5.8,7.3,8.4,80.7
454,C,1,1,4.3,8.0,8.7,7.9,81.5
454,D,1,0,7.7,8.6,7.7,8.7,71.2
455,A,1,1,6.0,7.5,7.9,8.6,83.3
455,B,1,1,6.9,6.5,10,9.7,88.5
455,C,0,1,8.4,6.1,9.1,5.5,65.2
455,D,0,0,10,6.8,7.2,7.0,51.7
456,A,1,1,8.7,7.3,7.7,9.4,88.5
456,B,1,1,8.4,7.4,4.1,8.6,80.8
456,C,0,0,7.2,7.2,7.5,4.1,43.3
456,D,1,1,8.0,7.4,10,7.9,88.8
457,A,0,0,5.7,6.6,3.6,6.4,37.2
457,B,1,0,7.0,7.4,5.6,6.4,60.7
457,C,0,1,6.4,6.3,4.9,6.1,56.2
457,D,1,0,7.1,7.5,6.7,4.2,59.2
458,A,1,0,4.3,7.2,7.6,10,65.2
458,B,0,1,7.7,9.6,7.8,6.9,70.0
458,C,1,0,6.8,9.7,7.5,3.8,63.0
458,D,1,1,5.8,9.5,8.5,9.1,88.2
459,A,0,1,4.7,7.3,6.9,6.9,59.7
459,B,1,0,9.6,9.7,5.8,8.1,72.0
459,C,1,1,8.0,6.6,9.8,4.8,82.0
459,D,1,0,7.5,7.2,8.3,7.5,67.5
460,A,1,1,6.3,8.2,7.2,6.9,81.0
460,B,0,1,9.0,7.3,7.6,6.0,66.5
460,C,1,0,7.8,5.6,8.2,5.6,62.0
460,D,1,1,8.8,7.6,6.9,5.7,81.7
461,A,0,0,6.2,9.2,5.1,5.9,44.0
461,B,1,0,6.3,6.1,7.9,6.4,61.2
461,C,1,1,10,7.6,6.6,5.4,82.7
461,D,0,0,7.8,5.5,8.0,5.1,44.0
462,A,1,0,8.7,10,6.0,6.2,68.2
462,B,1,1,6.7,9.5,6.5,8.2,84.8
462,C,1,1,6.3,9.3,6.8,9.3,86.2
462,D,1,1,5.6,5.9,9.1,6.8,79.0
463,A,1,0,8.1,6.7,5.6,7.5,63.2
463,B,1,0,8.3,9.2,8.3,8.4,73.7
463,C,1,0,6.5,8.2,8.2,5.2,63.5
463,D,1,1,5.2,6.1,5.6,8.2,75.2
464,A,1,0,5.6,7.8,6.1,8.7,63.7
464,B,1,0,6.0,9.0,7.5,5.1,62.7
464,C,0,0,7.7,8.5,8.7,6.1,51.7
464,D,1,0,6.3,6.9,6.4,7.0,61.0
465,A,1,0,5.7,7.5,3.8,7.0,56.7
465,B,1,0,6.3,6.2,5.0,5.5,55.0
465,C,1,1,7.7,7.4,8.5,6.1,82.8
465,D,1,1,9.4,7.8,6.5,6.4,83.5
466,A,1,0,6.5,8.9,7.2,7.3,66.5
466,B,0,0,8.0,9.0,7.3,7.4,52.8
466,C,1,1,9.0,6.5,6.9,7.3,82.8
466,D,1,1,8.5,5.4,6.4,8.5,81.3
467,A,1,0,8.4,8.3,5.7,8.0,67.3
467,B,0,1,4.9,7.0,8.1,5.1,58.5
467,C,0,0,7.4,4.7,7.9,5.6,42.7
467,D,0,1,5.9,7.2,6.1,7.2,60.7
468,A,0,0,4.8,8.8,7.4,7.7,47.8
468,B,0,0,6.9,6.4,7.2,7.5,46.7
468,C,1,0,6.8,8.2,8.1,6.1,65.3
468,D,1,1,9.4,6.7,8.8,6.4,85.5
469,A,1,0,6.2,6.6,4.5,6.7,56.7
469,B,1,0,7.9,8.8,5.0,5.9,62.7
469,C,1,0,7.2,6.3,8.1,4.9,60.8
469,D,0,0,8.7,5.3,5.2,6.9,43.5
470,A,0,0,4.8,7.5,7.1,6.9,43.8
470,B,0,1,6.1,6.2,5.0,5.9,55.3
470,C,1,0,10,6.9,6.9,3.7,62.5
470,D,1,0,9.3,8.0,7.4,7.6,70.5
471,A,1,0,3.2,6.6,6.8,6.9,55.8
471,B,1,0,5.9,8.2,7.8,7.6,65.8
471,C,1,1,8.8,7.9,8.1,7.3,86.8
471,D,1,0,7.4,7.4,9.5,5.2,65.8
472,A,0,0,8.6,7.6,1.7,7.4,42.2
472,B,1,0,8.1,7.4,6.4,6.0,63.2
472,C,1,0,6.6,6.2,8.1,6.6,62.5
472,D,0,1,8.8,8.6,9.3,6.0,71.2
473,A,1,0,5.5,8.4,7.2,8.3,65.7
473,B,0,1,6.4,8.7,7.2,5.5,63.0
473,C,0,0,10,6.3,6.9,6.2,49.0
473,D,1,0,7.0,7.8,8.8,7.3,68.2
474,A,0,0,7.8,7.6,5.4,8.4,48.7
474,B,1,0,9.2,6.7,8.5,6.3,67.8
474,C,0,1,5.7,8.4,6.3,7.4,63.0
474,D,1,1,7.0,7.0,6.7,6.2,78.2
475,A,0,0,7.2,8.1,6.8,8.3,50.7
475,B,1,1,5.6,7.0,6.8,9.0,80.7
475,C,0,1,6.4,5.2,7.1,6.2,58.2
475,D,1,0,6.8,5.6,8.6,5.0,60.0
476,A,1,0,8.4,9.3,7.4,6.3,69.0
476,B,0,0,7.7,4.8,7.6,5.8,43.2
476,C,1,0,6.5,7.2,7.5,6.8,63.3
476,D,1,1,7.0,5.1,6.6,6.6,75.5
477,A,1,0,7.7,6.7,6.2,7.9,64.2
477,B,1,1,6.6,9.2,6.4,7.9,83.5
477,C,1,1,7.9,7.4,9.1,5.8,83.7
477,D,1,0,10,7.1,6.7,8.0,69.7
478,A,1,1,7.6,7.9,6.4,8.5,84.0
478,B,1,1,4.9,9.2,7.7,7.5,82.2
478,C,1,0,6.8,8.0,7.2,5.6,62.7
478,D,0,0,7.6,9.1,6.5,6.4,49.3
479,A,1,1,6.1,7.7,2.1,8.1,73.3
479,B,1,1,6.9,8.6,8.4,9.0,88.2
479,C,1,0,7.4,7.9,7.0,6.2,64.2
479,D,1,0,7.0,7.0,8.5,3.6,60.2
480,A,1,0,9.3,6.3,5.3,6.6,62.5
480,B,1,1,6.1,8.4,8.3,5.3,80.2
480,C,0,0,6.3,7.4,8.1,5.7,45.8
480,D,1,0,5.6,6.2,6.6,5.8,57.0
481,A,0,1,6.4,7.4,7.4,3.8,58.3
481,B,0,0,7.8,6.7,6.9,7.4,48.0
481,C,1,0,6.0,6.3,8.1,6.5,61.5
481,D,1,0,5.9,5.9,7.2,5.7,57.8
482,A,1,0,7.3,9.5,3.8,6.7,62.2
482,B,0,0,9.0,8.6,8.0,6.9,54.2
482,C,1,0,5.7,6.6,8.0,8.2,64.2
482,D,1,1,9.3,7.0,6.4,8.4,85.2
483,A,1,0,7.4,8.1,5.3,6.6,62.3
483,B,1,0,6.8,8.3,7.9,5.9,64.8
483,C,1,0,6.0,5.7,6.7,4.8,55.3
483,D,1,1,10,8.3,5.1,6.7,83.5
484,A,1,0,6.8,6.6,4.8,8.1,60.5
484,B,1,1,6.5,7.4,6.7,8.2,81.3
484,C,0,1,6.3,7.2,6.5,5.5,59.2
484,D,1,1,6.1,9.0,9.3,6.2,84.3
485,A,0,0,6.8,7.1,6.7,8.5,48.5
485,B,1,1,6.9,7.1,8.8,6.1,81.5
485,C,0,0,8.5,7.6,7.3,4.6,46.7
485,D,1,1,9.4,5.4,6.6,7.2,81.0
486,A,0,0,8.2,7.5,7.5,2.7,43.2
486,B,1,0,5.9,7.7,6.7,6.6,61.5
486,C,1,1,4.2,6.9,10,3.7,74.7
486,D,1,1,6.5,6.5,7.5,4.3,74.7
487,A,0,1,7.5,6.4,7.3,6.9,63.5
487,B,0,0,5.3,7.9,5.4,6.0,41.0
487,C,1,0,7.7,6.0,7.7,7.0,64.0
487,D,1,1,7.0,6.9,9.6,7.0,84.2
488,A,1,1,4.6,8.4,6.2,7.9,78.5
488,B,1,1,8.1,8.9,7.7,7.7,87.3
488,C,0,1,7.7,7.7,9.2,8.1,71.2
488,D,1,0,9.0,4.6,5.2,3.2,53.3
489,A,0,0,6.7,7.4,4.8,8.6,45.8
489,B,0,0,5.2,7.4,8.0,5.8,44.0
489,C,1,0,6.1,4.8,6.3,6.5,56.2
489,D,0,1,8.6,8.0,6.3,6.7,66.0
490,A,0,1,5.5,8.9,6.8,7.9,65.2
490,B,0,1,8.7,7.4,6.7,6.2,65.0
490,C,1,1,7.7,7.3,7.8,5.9,81.2
490,D,1,1,9.7,8.5,6.8,7.3,87.2
491,A,1,0,6.1,7.1,7.6,6.9,62.8
491,B,1,0,5.6,6.7,6.7,6.9,59.8
491,C,0,0,8.8,6.3,5.5,8.1,47.8
491,D,1,1,6.3,7.7,7.7,7.5,82.0
492,A,1,0,9.1,7.6,5.1,8.3,66.8
492,B,0,1,3.6,7.7,7.9,8.1,62.2
492,C,1,1,8.0,4.9,6.4,4.6,73.2
492,D,1,1,7.1,8.7,7.9,9.4,88.5
493,A,0,0,7.1,7.6,4.1,6.3,41.8
493,B,1,1,9.1,7.7,6.7,5.9,82.3
493,C,1,0,8.1,6.8,5.9,5.4,60.3
493,D,1,0,8.7,5.0,8.5,7.0,65.3
494,A,0,1,9.5,6.9,5.9,5.6,63.2
494,B,1,0,7.4,10,7.0,9.0,72.3
494,C,0,1,9.3,5.9,7.7,5.7,64.3
494,D,1,1,9.2,6.8,8.0,5.7,82.8
495,A,1,1,7.1,8.0,5.4,8.5,81.7
495,B,0,1,7.1,6.8,7.2,8.9,66.7
495,C,1,0,6.8,5.9,7.5,5.3,59.2
495,D,1,1,6.8,6.4,8.6,7.1,81.5
496,A,1,1,6.6,9.6,6.2,7.2,82.7
496,B,1,1,7.2,6.4,9.1,5.6,80.5
496,C,1,0,7.0,9.0,9.3,4.5,66.3
496,D,1,1,9.7,6.2,8.8,7.0,86.2
497,A,1,0,5.5,9.2,5.3,7.1,61.8
497,B,1,0,7.5,9.0,4.8,7.7,65.0
497,C,1,1,7.0,4.9,6.9,6.9,76.2
497,D,1,1,9.6,9.1,9.6,5.8,90.2
498,A,1,0,7.5,6.4,6.4,7.2,62.5
498,B,0,1,10,8.6,5.7,6.6,68.2
498,C,1,0,7.7,9.0,5.8,3.6,60.2
498,D,1,1,6.4,7.4,8.5,6.2,80.8
499,A,1,0,5.6,9.2,6.4,6.2,62.3
499,B,0,1,8.6,8.7,8.2,5.6,68.5
499,C,1,1,6.4,6.9,8.7,4.9,78.2
499,D,1,1,7.9,7.0,6.6,8.3,83.0
500,A,0,1,3.5,7.4,6.4,7.9,58.7
500,B,0,1,6.0,6.9,4.2,8.2,58.8
500,C,0,1,5.6,4.9,7.0,5.2,54.5
500,D,1,1,8.2,9.5,6.2,6.0,83.2
501,A,1,0,6.0,7.0,4.5,9.7,62.0
501,B,1,0,6.3,6.2,4.3,5.0,53.0
501,C,1,0,8.0,6.7,7.7,6.7,65.2
501,D,1,1,8.8,6.7,6.8,6.6,81.5
502,A,1,0,6.8,8.3,4.8,7.8,62.8
502,B,1,0,4.7,8.2,6.7,7.4,61.7
502,C,0,0,7.3,3.5,9.3,6.1,43.7
502,D,1,1,7.8,7.4,8.8,7.4,85.7
503,A,0,0,4.1,6.0,6.6,6.7,39.0
503,B,0,1,8.4,8.5,8.9,6.7,70.8
503,C,0,0,8.3,6.6,7.4,5.8,46.8
503,D,0,1,7.4,8.1,7.3,7.2,66.7
504,A,1,0,8.1,8.8,4.3,6.7,63.2
504,B,1,0,7.9,8.0,6.4,6.9,65.3
504,C,1,1,6.2,6.8,7.7,7.4,80.2
504,D,1,1,7.5,6.5,8.1,4.0,76.8
505,A,1,0,5.9,7.5,6.6,8.3,63.8
505,B,1,1,8.0,7.5,7.1,7.3,83.2
505,C,1,0,7.6,7.8,7.8,5.9,65.2
505,D,1,1,7.3,8.5,8.4,2.6,78.0
506,A,1,0,5.7,7.8,4.4,7.5,59.0
506,B,1,1,8.7,5.7,7.0,8.5,83.2
506,C,0,1,8.8,7.0,6.4,3.9,60.2
506,D,1,0,6.5,6.4,7.0,8.5,64.0
507,A,1,0,6.2,7.3,5.2,7.9,61.0
507,B,1,0,5.7,8.5,5.4,6.4,60.0
507,C,1,0,5.3,7.7,7.6,4.4,58.3
507,D,1,0,6.7,7.1,7.6,5.6,61.7
508,A,1,0,4.6,6.3,6.3,7.8,58.3
508,B,1,0,7.0,7.8,6.9,9.0,67.8
508,C,1,0,6.7,7.7,8.2,3.9,60.8
508,D,1,1,9.8,9.7,7.6,6.3,89.0
509,A,1,0,5.9,8.6,7.7,8.4,67.7
509,B,1,0,5.7,5.8,5.4,7.3,57.0
509,C,1,1,7.7,7.6,7.9,6.9,83.5
509,D,1,1,6.8,7.5,6.9,6.7,79.8
510,A,0,0,4.9,9.1,5.8,8.6,47.3
510,B,1,0,10,8.3,7.2,4.1,66.0
510,C,0,0,7.8,8.1,6.8,5.9,47.7
510,D,0,1,7.6,5.8,7.0,6.8,62.0
511,A,1,0,7.8,7.0,7.8,6.2,64.7
511,B,1,1,6.0,5.8,6.7,7.7,77.0
511,C,0,1,6.6,5.3,4.5,7.5,56.5
511,D,1,1,8.9,10,6.5,5.6,85.0
512,A,0,1,5.4,7.9,4.7,6.6,57.7
512,B,1,1,8.5,6.4,6.2,7.3,80.7
512,C,0,1,5.2,5.8,4.8,5.7,52.5
512,D,1,1,8.2,8.3,7.1,7.2,84.7
513,A,1,0,6.3,9.2,6.4,4.1,60.0
513,B,0,1,6.9,10,5.7,6.2,64.7
513,C,0,0,7.1,6.9,5.4,7.0,44.0
513,D,0,0,9.1,6.9,8.5,7.1,52.7
514,A,1,0,5.9,7.6,3.5,8.1,58.5
514,B,1,0,6.3,7.2,5.4,6.3,58.7
514,C,0,0,7.7,6.4,6.9,5.0,43.3
514,D,0,0,8.0,6.6,10,5.5,50.2
515,A,1,0,5.3,7.7,7.7,9.5,67.0
515,B,1,1,5.8,6.6,7.3,6.5,77.0
515,C,1,1,7.9,8.9,7.8,5.3,83.2
515,D,0,0,9.3,8.0,8.5,6.4,53.7
516,A,1,1,7.4,9.0,4.6,8.6,82.7
516,B,1,1,6.1,8.8,7.1,5.4,79.0
516,C,0,0,8.0,6.2,5.7,4.6,40.8
516,D,0,0,7.0,8.3,7.7,7.2,50.3
517,A,0,1,6.6,6.9,4.5,4.9,54.8
517,B,0,0,6.3,5.8,5.7,8.6,44.0
517,C,0,0,6.8,5.5,6.2,4.8,38.8
517,D,0,1,9.7,8.4,6.6,6.1,68.0
518,A,1,0,6.2,7.7,5.9,9.2,65.0
518,B,1,1,7.3,8.6,5.9,8.8,84.3
518,C,1,0,6.7,7.2,4.8,6.0,57.8
518,D,0,1,8.3,7.6,9.2,6.4,69.2
519,A,1,0,5.6,9.8,6.4,7.6,65.7
519,B,1,0,8.2,7.5,5.1,7.0,63.0
519,C,1,0,6.5,8.3,9.1,6.9,68.0
519,D,0,1,9.2,7.9,8.0,8.4,72.5
520,A,0,0,6.2,6.4,4.2,6.2,38.3
520,B,1,1,9.6,6.8,5.2,6.9,80.8
520,C,1,0,7.5,5.3,5.6,4.9,55.5
520,D,1,1,9.0,4.6,8.3,7.7,82.7
521,A,1,0,5.9,9.2,6.0,3.8,58.2
521,B,0,0,7.2,8.0,5.3,6.6,45.2
521,C,0,0,6.1,8.1,7.7,5.5,45.7
521,D,1,0,7.7,7.5,9.0,5.6,66.3
522,A,1,0,7.9,5.7,7.5,9.0,66.8
522,B,1,1,7.4,8.4,6.5,5.6,79.8
522,C,1,0,7.7,8.2,6.2,5.5,62.7
522,D,1,0,8.7,6.9,6.9,5.6,63.5
523,A,0,0,5.4,8.1,5.6,8.1,45.3
523,B,1,0,5.4,7.1,7.3,4.5,57.2
523,C,0,0,6.1,7.3,7.2,7.7,47.2
523,D,1,1,7.2,5.8,7.6,7.3,79.8
524,A,1,1,9.1,9.7,5.1,6.9,84.7
524,B,1,0,4.7,5.8,6.3,5.6,54.0
524,C,1,1,7.3,7.0,6.4,6.3,78.3
524,D,1,1,9.1,8.0,8.0,5.9,85.0
525,A,0,1,9.5,8.3,5.1,6.2,65.2
525,B,1,0,5.7,7.3,5.9,6.9,59.7
525,C,0,1,7.7,8.5,7.9,7.0,68.5
525,D,0,1,7.3,7.3,7.2,5.9,62.8
526,A,1,1,7.5,9.1,6.3,7.7,84.3
526,B,1,0,7.1,9.1,7.9,5.8,66.5
526,C,0,0,8.9,7.2,6.7,5.1,46.5
526,D,1,0,6.9,8.3,9.1,6.7,68.3
527,A,1,0,4.5,8.8,7.3,7.4,63.3
527,B,1,1,8.0,9.7,8.0,8.4,90.2
527,C,0,1,9.5,7.2,8.3,6.9,69.8
527,D,1,1,7.3,9.4,9.0,7.6,88.8
528,A,1,1,6.2,7.3,5.5,8.9,79.8
528,B,0,0,5.5,6.4,6.6,7.1,42.7
528,C,1,0,8.5,5.6,8.0,5.8,63.2
528,D,1,0,6.4,9.9,7.6,7.2,68.5
529,A,1,0,7.9,7.0,5.2,7.3,62.3
529,B,1,0,8.1,7.8,8.4,8.0,70.5
529,C,0,0,6.5,6.3,6.5,5.2,40.8
529,D,1,0,7.9,5.8,7.3,7.0,63.3
530,A,0,0,8.4,7.9,3.3,8.2,46.3
530,B,1,1,5.0,6.5,5.4,5.1,70.0
530,C,0,0,7.9,8.8,6.9,5.3,48.2
530,D,1,1,7.5,7.1,6.2,5.7,77.5
531,A,1,0,8.2,7.8,5.2,6.4,62.7
531,B,1,0,5.4,7.6,6.5,6.0,59.2
531,C,0,0,6.7,6.7,6.5,5.5,42.3
531,D,1,1,8.7,5.8,8.0,7.7,83.7
532,A,0,0,10,6.3,6.3,8.8,52.3
532,B,1,1,4.1,8.5,5.9,8.5,78.3
532,C,0,0,7.5,6.4,6.7,4.4,41.7
532,D,1,0,8.8,6.6,7.7,6.1,65.3
533,A,0,0,7.1,6.5,3.9,8.4,43.2
533,B,1,0,9.0,6.5,7.1,8.5,68.5
533,C,1,0,10,7.9,6.7,3.8,64.0
533,D,1,0,7.1,7.2,7.0,3.7,58.3
534,A,1,1,5.6,5.6,4.5,6.7,70.7
534,B,0,1,7.9,5.0,7.0,6.9,61.3
534,C,1,0,6.2,6.3,4.1,8.2,58.0
534,D,1,0,6.9,7.2,7.8,6.3,63.7
535,A,0,1,8.1,6.9,6.0,7.6,64.3
535,B,0,1,6.4,7.8,4.7,5.6,57.5
535,C,1,0,6.6,5.2,8.0,5.4,58.7
535,D,1,0,9.0,7.0,7.3,5.9,65.3
536,A,1,0,7.7,8.5,4.9,8.1,65.3
536,B,1,1,8.4,9.2,6.8,6.7,85.2
536,C,1,0,9.7,6.4,7.1,6.4,66.0
536,D,1,1,6.5,7.3,7.5,5.2,77.5
537,A,1,1,5.4,6.0,6.9,4.2,70.8
537,B,0,1,6.5,7.0,5.7,6.0,58.7
537,C,0,1,9.2,7.8,7.4,5.3,66.2
537,D,1,1,5.9,9.2,6.5,7.1,81.2
538,A,0,0,8.2,6.4,4.3,7.5,44.0
538,B,1,1,9.1,9.7,5.4,4.9,81.8
538,C,1,1,7.7,8.3,7.7,9.0,87.8
538,D,1,1,8.6,8.4,6.2,6.9,83.5
539,A,1,1,5.5,9.1,6.9,6.0,79.2
539,B,0,0,7.2,8.2,7.8,8.9,53.5
539,C,1,1,8.4,7.9,6.8,4.5,79.3
539,D,1,1,7.7,6.5,6.0,6.9,78.5
540,A,1,0,8.2,9.3,6.4,7.8,69.5
540,B,1,0,5.7,5.9,6.0,5.5,55.2
540,C,1,0,6.8,6.9,6.1,4.1,56.5
540,D,1,1,7.5,6.0,9.1,8.6,85.3
541,A,1,0,3.9,8.4,5.6,6.8,57.8
541,B,1,0,8.1,6.6,5.0,6.9,61.0
541,C,1,0,6.8,7.5,7.1,8.1,65.8
541,D,0,1,9.0,6.6,6.1,5.9,62.7
542,A,1,0,5.2,8.5,5.0,7.7,60.7
542,B,0,1,7.4,8.3,6.7,6.1,64.2
542,C,1,0,4.9,7.2,7.3,2.9,53.8
542,D,1,0,6.7,5.4,6.8,4.0,54.8
543,A,1,0,7.5,7.4,5.1,8.1,63.5
543,B,1,0,7.3,7.7,6.4,7.6,65.0
543,C,1,0,8.0,6.8,8.0,6.4,65.3
543,D,1,1,6.6,5.1,6.7,6.3,74.5
544,A,0,1,4.9,6.6,5.5,7.7,57.8
544,B,1,1,5.0,7.6,5.7,7.0,75.5
544,C,1,0,7.5,6.7,7.3,4.7,60.3
544,D,1,1,8.2,7.1,6.3,8.9,84.2
545,A,1,0,5.5,7.8,6.4,7.2,61.5
545,B,1,0,9.2,8.0,7.9,7.3,70.7
545,C,0,0,9.1,6.8,6.2,5.0,45.2
545,D,0,0,6.3,4.9,6.8,8.8,44.7
546,A,1,0,6.0,7.8,6.7,6.7,62.0
546,B,1,0,6.1,6.6,8.0,6.6,62.2
546,C,1,0,9.1,6.4,9.9,3.1,64.2
546,D,1,1,8.8,7.8,8.1,8.2,88.2
547,A,1,1,7.5,9.4,6.5,8.0,85.7
547,B,0,0,5.6,8.6,8.9,7.1,50.3
547,C,1,0,7.3,7.2,7.1,5.4,61.7
547,D,1,1,7.5,7.9,7.3,9.0,86.2
548,A,0,0,7.6,7.9,6.7,5.7,46.5
548,B,1,0,9.4,8.7,9.4,5.7,72.0
548,C,1,0,6.5,7.5,6.4,7.0,62.3
548,D,1,0,9.7,5.7,8.1,9.2,71.2
549,A,1,1,4.3,7.2,4.5,5.5,69.2
549,B,1,0,8.1,6.9,6.7,5.4,61.8
549,C,0,0,5.6,7.1,6.6,7.0,43.8
549,D,1,1,6.9,8.9,7.8,7.3,84.8
550,A,1,0,6.7,8.4,7.5,5.6,63.7
550,B,0,1,6.1,7.5,6.3,5.9,59.7
550,C,1,0,8.4,7.7,7.4,4.6,63.5
550,D,0,1,6.6,7.4,9.8,5.6,65.7
551,A,0,1,8.1,6.2,3.8,6.5,57.7
551,B,1,0,7.7,7.1,5.3,6.9,61.7
551,C,1,1,7.5,6.9,7.7,4.8,78.2
551,D,1,1,10,9.4,8.2,4.3,86.5
552,A,1,1,7.9,5.8,3.5,7.5,74.5
552,B,0,1,9.2,9.0,5.1,4.7,63.3
552,C,0,0,9.1,6.0,6.0,4.2,42.2
552,D,0,0,6.9,7.4,7.8,8.7,51.3
553,A,1,0,6.2,7.6,5.4,6.1,58.8
553,B,1,0,9.2,6.8,6.0,8.5,67.5
553,C,1,1,5.7,6.9,6.4,5.7,74.5
553,D,1,1,4.8,4.1,7.2,5.5,69.3
554,A,1,0,7.2,9.0,4.8,7.0,63.3
554,B,1,0,8.8,9.3,7.2,6.3,69.3
554,C,1,0,6.5,7.9,6.7,6.7,63.0
554,D,1,1,6.8,5.7,8.2,6.7,79.0
555,A,0,0,5.0,8.1,5.0,7.9,43.3
555,B,1,1,5.9,9.4,7.6,8.0,84.8
555,C,0,0,6.9,6.6,7.2,6.7,45.7
555,D,0,0,7.9,6.5,8.7,6.3,49.0
556,A,1,0,5.5,6.5,6.6,7.8,60.7
556,B,1,1,8.9,7.7,7.2,6.3,83.5
556,C,0,1,5.7,5.7,8.3,5.7,59.0
556,D,1,0,9.7,5.7,8.4,5.7,65.8
557,A,1,0,5.5,5.3,4.4,6.8,53.3
557,B,1,0,8.1,8.1,6.1,6.2,64.2
557,C,0,0,7.1,6.2,6.2,5.7,42.0
557,D,1,1,7.7,9.5,5.8,8.5,85.8
558,A,1,1,6.3,8.2,6.1,7.2,79.7
558,B,1,1,7.5,8.8,5.8,4.7,78.0
558,C,0,0,8.0,9.1,8.1,7.3,54.2
558,D,1,0,9.1,4.8,7.8,5.9,62.7
559,A,1,0,2.7,6.6,6.7,7.4,55.7
559,B,1,1,8.0,7.1,6.4,8.5,83.3
559,C,1,0,6.5,6.4,5.9,6.6,59.0
559,D,0,0,8.8,7.2,6.3,5.6,46.5
560,A,0,1,9.2,7.4,4.6,8.4,66.0
560,B,1,0,5.3,7.7,6.4,6.8,60.3
560,C,0,0,5.2,7.3,9.2,6.1,46.3
560,D,1,1,7.8,6.5,6.9,6.9,80.2
561,A,1,0,7.0,7.2,5.4,7.8,62.3
561,B,0,0,7.8,6.4,7.0,5.8,45.0
561,C,0,1,5.5,6.4,6.4,5.2,55.8
561,D,0,1,7.3,7.9,7.0,5.4,62.7
562,A,1,0,7.7,7.9,5.2,8.7,65.8
562,B,1,0,5.7,9.8,5.9,7.8,65.3
562,C,1,0,5.8,6.1,7.0,5.3,57.0
562,D,1,0,10,6.9,8.1,5.8,68.0
563,A,1,0,4.0,7.7,4.8,4.7,52.0
563,B,1,1,8.8,6.1,6.5,8.7,83.5
563,C,1,0,6.5,6.4,7.8,5.9,61.0
563,D,1,0,6.5,6.7,7.7,6.1,61.7
564,A,0,0,5.4,6.9,6.2,8.8,45.5
564,B,1,0,9.2,5.8,5.1,3.6,56.2
564,C,0,0,7.2,7.7,7.7,7.1,49.5
564,D,1,1,5.6,7.9,7.1,6.8,79.0
565,A,0,0,5.8,8.8,2.9,7.5,41.7
565,B,1,1,7.5,9.0,4.5,7.3,80.5
565,C,0,0,6.5,7.4,8.7,6.7,48.8
565,D,1,1,6.9,5.6,6.2,7.0,76.2
566,A,0,0,5.2,7.0,5.2,7.3,41.2
566,B,1,0,8.6,9.5,7.5,5.6,68.7
566,C,1,1,7.0,5.8,6.5,7.1,77.3
566,D,0,1,8.3,7.6,7.6,6.9,67.3
567,A,1,0,6.2,5.9,5.5,7.8,59.0
567,B,1,0,7.7,7.1,4.6,3.4,54.7
567,C,1,0,6.6,8.4,5.5,4.2,57.8
567,D,1,0,8.0,6.6,9.7,8.0,70.5
568,A,0,1,6.5,7.3,4.5,7.8,60.2
568,B,0,1,5.8,8.6,7.7,6.3,64.0
568,C,0,1,9.3,8.5,6.2,6.3,67.2
568,D,1,1,9.3,8.0,7.8,4.4,82.5
569,A,0,0,5.2,8.0,5.8,6.9,43.2
569,B,0,1,7.1,7.0,7.7,4.4,60.3
569,C,1,0,8.4,6.1,8.9,4.7,63.5
569,D,1,0,7.4,9.4,9.4,8.4,74.3
570,A,1,0,6.7,7.6,5.8,9.9,66.7
570,B,1,0,6.2,7.5,8.2,5.0,61.5
570,C,0,1,8.2,4.5,5.9,2.7,52.2
570,D,1,1,9.1,4.0,8.7,5.4,78.7
571,A,1,1,6.4,7.1,4.2,6.2,73.2
571,B,1,1,6.1,9.0,6.4,7.4,81.5
571,C,1,1,9.1,8.7,7.5,5.3,84.3
571,D,1,0,7.9,5.3,7.5,7.4,63.5
572,A,0,1,6.5,8.5,5.9,8.5,65.7
572,B,1,0,6.4,9.8,8.2,6.9,68.8
572,C,0,0,7.3,7.2,6.3,6.2,45.0
572,D,1,1,9.9,8.8,7.3,8.8,91.3
573,A,1,0,6.0,7.9,5.2,9.7,64.7
573,B,1,0,5.6,8.0,7.1,7.2,63.2
573,C,1,0,6.6,6.9,6.3,4.7,57.5
573,D,0,1,8.0,8.1,7.7,6.9,67.8
574,A,1,0,6.5,7.0,7.3,8.8,66.0
574,B,0,1,6.7,9.8,9.2,8.1,73.0
574,C,1,0,5.1,7.7,6.8,5.9,59.2
574,D,1,1,7.0,6.1,8.6,6.4,80.2
575,A,1,1,7.0,9.1,7.5,7.5,85.2
575,B,1,1,8.0,9.5,8.6,9.5,92.7
575,C,1,0,7.3,5.9,7.3,4.6,58.5
575,D,1,0,7.1,5.7,8.3,5.9,61.7
576,A,1,0,6.7,8.1,7.7,7.4,66.5
576,B,1,0,6.3,6.7,5.7,6.4,58.5
576,C,0,0,4.7,4.3,6.6,5.4,35.0
576,D,1,1,7.4,8.1,9.3,7.7,87.5
577,A,0,0,3.6,7.0,7.3,7.7,42.7
577,B,1,0,6.8,7.6,8.3,7.2,66.5
577,C,1,1,8.6,7.8,6.9,6.4,82.8
577,D,1,0,7.6,7.7,9.5,6.6,69.0
578,A,1,0,7.1,7.5,5.8,7.1,62.5
578,B,1,1,6.2,7.8,3.6,7.1,74.5
578,C,0,1,5.9,7.3,6.5,5.4,58.5
578,D,1,0,6.1,7.0,7.7,7.0,63.0
579,A,1,0,4.5,8.2,4.8,6.5,56.7
579,B,1,1,5.6,9.5,7.2,7.9,83.7
579,C,0,0,5.0,7.8,8.9,5.9,46.0
579,D,1,1,6.9,7.0,6.2,8.3,80.7
580,A,0,0,6.0,7.9,6.9,5.7,44.2
580,B,0,0,8.2,7.2,6.6,6.1,46.8
580,C,1,0,9.2,6.0,7.2,7.5,66.5
580,D,1,1,9.6,6.8,8.4,7.8,87.7
581,A,0,0,4.0,9.1,5.1,6.3,40.8
581,B,1,1,7.7,9.1,5.4,6.7,81.5
581,C,1,0,7.5,7.0,6.1,5.4,60.0
581,D,1,0,9.3,9.2,8.5,6.6,72.7
582,A,1,1,6.1,7.1,4.1,9.4,77.8
582,B,1,1,8.6,8.5,6.1,7.8,85.0
582,C,0,1,7.1,6.5,6.9,4.9,59.0
582,D,1,0,8.8,8.1,5.3,6.4,64.3
583,A,1,0,8.2,6.3,6.8,9.2,67.5
583,B,1,0,6.3,8.6,7.3,6.2,64.0
583,C,1,0,5.8,6.2,6.4,6.5,58.2
583,D,1,0,7.8,7.4,6.2,7.2,64.3
584,A,1,0,4.5,7.2,5.8,7.6,58.5
584,B,1,1,8.6,8.1,5.6,4.4,77.8
584,C,1,0,8.0,5.3,3.1,5.6,53.3
584,D,1,0,9.5,6.8,10,5.2,69.2
585,A,1,0,5.4,6.8,7.8,8.9,64.8
585,B,1,0,7.4,6.0,8.8,6.1,63.8
585,C,0,1,5.6,7.8,7.1,4.9,59.0
585,D,0,0,8.4,5.7,5.4,6.7,43.7
586,A,0,0,5.9,7.8,6.5,5.8,43.3
586,B,1,1,6.8,7.7,8.3,6.5,82.2
586,C,1,0,7.6,6.2,7.9,5.2,61.5
586,D,1,0,8.8,7.8,7.6,7.4,69.3
587,A,0,0,5.9,5.3,5.0,6.4,37.7
587,B,1,0,7.5,8.4,7.9,8.5,70.5
587,C,0,0,9.5,6.9,6.7,4.0,45.2
587,D,1,1,8.8,7.5,7.2,6.3,83.0
588,A,0,0,5.5,9.1,5.6,8.3,47.5
588,B,1,0,9.1,8.3,6.2,6.1,66.2
588,C,1,0,5.8,5.1,6.1,5.0,53.3
588,D,0,0,7.0,7.8,7.8,8.4,51.7
589,A,0,1,5.2,9.4,4.7,5.9,58.7
589,B,1,0,5.9,8.4,6.8,9.3,67.3
589,C,1,1,7.6,6.2,5.9,7.5,78.7
589,D,1,1,8.7,7.2,7.6,6.5,83.3
590,A,1,0,5.7,5.9,5.2,6.5,55.5
590,B,1,0,5.3,6.6,6.3,7.3,59.2
590,C,1,0,6.9,6.3,9.0,6.2,64.0
590,D,1,1,9.3,10,8.5,6.5,90.5
591,A,1,0,7.6,8.5,6.4,5.0,62.5
591,B,0,0,8.0,6.9,6.3,5.8,45.0
591,C,0,0,6.5,5.8,6.6,7.0,43.2
591,D,1,0,6.9,7.7,9.1,7.2,68.2
592,A,0,0,7.1,8.2,5.2,6.7,45.3
592,B,1,1,8.6,6.4,7.2,7.3,82.5
592,C,1,0,6.8,9.8,7.5,6.1,67.0
592,D,1,0,7.3,7.0,7.6,7.5,65.7
593,A,0,1,6.7,7.2,5.1,8.3,62.2
593,B,1,0,9.1,7.8,5.6,7.8,67.2
593,C,1,1,7.8,6.4,8.4,4.5,78.5
593,D,0,1,8.5,7.9,6.5,8.2,68.5
594,A,0,0,5.5,7.7,4.3,6.1,39.3
594,B,1,1,7.8,8.4,7.4,7.2,84.7
594,C,1,0,5.3,7.6,7.2,6.3,60.7
594,D,0,0,8.5,6.8,8.3,8.6,53.7
595,A,1,0,8.6,8.5,7.8,8.0,71.5
595,B,1,0,7.8,8.3,7.3,7.0,67.3
595,C,1,0,8.5,7.3,6.0,7.2,65.0
595,D,1,0,8.9,5.5,7.4,6.2,63.3
596,A,1,0,6.0,6.4,6.8,7.4,61.0
596,B,1,0,7.4,6.6,6.3,8.1,64.0
596,C,1,1,6.9,7.3,8.7,6.2,81.8
596,D,1,1,7.3,8.4,8.2,7.1,85.0
597,A,1,1,5.2,6.1,5.1,8.0,74.0
597,B,0,0,6.6,8.8,7.5,7.3,50.3
597,C,0,0,8.2,9.1,8.1,5.5,51.5
597,D,1,0,8.7,6.6,7.3,4.3,61.5
598,A,0,1,7.1,7.1,7.5,7.7,65.7
598,B,0,0,7.2,8.8,6.0,8.5,50.8
598,C,1,0,5.6,7.3,6.7,4.5,56.8
598,D,1,1,8.3,6.9,7.6,6.2,81.7
599,A,1,1,5.4,7.0,5.2,8.3,76.5
599,B,0,0,8.5,7.0,5.0,7.4,46.5
599,C,1,1,5.9,7.7,10,5.9,82.5
599,D,1,1,10,5.7,6.4,8.4,84.2
600,A,0,0,5.4,8.6,5.1,7.1,43.7
600,B,1,0,6.3,7.5,5.6,9.1,64.2
600,C,0,0,7.0,9.7,8.9,3.6,48.7
600,D,1,1,9.8,7.5,5.7,6.7,82.8
601,A,1,0,7.3,8.7,6.2,6.3,64.2
601,B,1,0,8.7,7.4,6.4,6.1,64.3
601,C,1,0,7.3,6.7,7.0,5.7,61.2
601,D,0,0,10,7.9,9.4,7.2,57.5
602,A,1,0,6.2,7.3,5.5,7.1,60.2
602,B,1,0,5.7,7.0,6.3,7.3,60.5
602,C,0,1,6.6,7.7,6.5,4.2,58.3
602,D,1,1,8.8,7.3,8.3,7.6,86.7
603,A,1,0,9.7,8.3,3.1,5.1,60.3
603,B,1,1,7.6,6.0,7.9,6.6,80.2
603,C,0,1,7.4,7.3,7.4,5.1,62.0
603,D,1,1,7.9,7.1,8.5,7.6,85.2
604,A,0,0,5.1,8.8,7.1,7.3,47.2
604,B,1,0,6.1,7.6,5.1,5.3,56.8
604,C,1,0,6.7,6.3,7.0,5.8,59.7
604,D,1,1,8.8,8.6,8.6,4.1,83.5
605,A,1,0,9.5,6.7,6.5,5.4,63.5
605,B,0,1,9.1,6.6,6.1,9.4,68.7
605,C,1,0,7.4,6.5,9.4,7.3,67.7
605,D,1,0,6.7,5.9,6.6,5.2,57.3
606,A,1,0,6.4,8.4,6.8,7.5,65.2
606,B,1,0,5.3,6.3,4.3,8.3,57.0
606,C,1,1,6.9,6.3,6.2,5.3,74.5
606,D,1,0,10,7.3,6.8,6.4,67.5
607,A,1,0,6.1,8.4,3.9,5.5,56.5
607,B,0,0,9.1,8.1,6.7,5.9,49.7
607,C,0,0,9.5,6.4,6.6,5.9,47.3
607,D,1,1,9.2,9.5,9.0,8.6,93.8
608,A,0,0,6.2,9.2,6.4,8.8,51.0
608,B,1,1,5.4,9.4,6.8,8.9,84.2
608,C,1,0,7.8,6.8,8.5,4.7,63.0
608,D,0,1,5.8,8.3,9.7,3.2,61.7
609,A,1,1,8.6,8.3,4.8,8.6,83.8
609,B,1,0,5.5,6.1,6.4,7.6,59.3
609,C,1,0,6.3,9.3,7.5,4.8,63.2
609,D,1,1,7.2,6.9,7.2,9.0,83.8
610,A,0,1,8.5,8.3,2.7,6.6,60.2
610,B,1,1,8.3,7.8,4.1,7.2,79.0
610,C,0,0,5.7,7.9,7.5,4.7,43.0
610,D,1,1,6.3,6.6,7.4,6.6,78.2
611,A,0,0,8.1,7.9,6.3,7.3,49.3
611,B,1,1,6.0,8.2,6.8,8.2,82.0
611,C,0,0,6.4,7.5,7.7,6.3,46.5
611,D,1,1,7.5,5.4,7.3,8.3,80.8
612,A,1,0,6.8,7.2,4.9,7.8,61.2
612,B,1,1,9.5,8.2,4.4,6.6,81.2
612,C,0,0,7.4,8.5,7.0,6.3,48.7
612,D,1,0,10,7.7,9.1,7.1,73.2
613,A,0,0,8.0,8.4,5.9,6.2,47.5
613,B,0,0,8.6,7.8,6.6,6.1,48.5
613,C,1,0,6.2,5.9,9.1,6.1,62.2
613,D,1,1,5.8,7.4,5.3,5.4,73.2
614,A,1,1,7.1,7.5,7.4,8.0,83.3
614,B,1,0,7.4,7.1,7.4,6.4,63.8
614,C,1,1,7.8,7.3,7.2,5.0,78.8
614,D,0,0,8.2,9.7,9.9,6.3,56.8
615,A,1,0,8.7,6.0,7.0,6.0,62.8
615,B,0,0,6.7,6.6,6.6,5.1,41.7
615,C,1,0,6.5,6.9,7.9,6.3,62.7
615,D,1,0,8.0,7.5,9.7,5.4,67.7
616,A,1,0,5.8,7.7,4.9,5.8,57.0
616,B,0,0,8.3,5.8,9.3,8.1,52.5
616,C,1,0,6.7,10,6.6,6.4,66.2
616,D,1,1,7.3,7.0,6.7,5.9,78.2
617,A,1,0,6.1,8.1,5.7,7.5,62.3
617,B,1,0,6.1,7.7,9.0,9.0,69.7
617,C,0,0,7.4,6.9,7.8,8.3,50.7
617,D,1,1,9.3,8.6,5.9,6.1,83.2
618,A,0,1,8.8,6.8,5.6,8.0,65.3
618,B,1,1,6.8,7.5,9.1,5.7,81.8
618,C,1,0,7.4,6.3,7.0,4.9,59.3
618,D,1,0,8.8,7.8,6.5,9.6,71.2
619,A,1,1,9.1,7.4,6.6,9.6,87.8
619,B,1,1,7.1,8.5,8.5,8.5,87.7
619,C,0,1,6.2,4.9,10,6.6,62.8
619,D,1,1,10,7.6,7.9,4.9,84.0
620,A,1,0,6.4,10,6.4,5.2,63.3
620,B,1,0,8.4,8.0,4.1,7.9,64.0
620,C,1,0,6.0,4.7,6.6,6.2,55.8
620,D,0,0,6.1,8.3,9.3,6.4,50.2
621,A,0,1,5.5,8.6,5.6,9.7,65.7
621,B,1,0,6.1,8.1,6.3,7.7,63.7
621,C,0,1,6.1,7.4,9.4,7.4,67.2
621,D,0,1,7.9,5.7,10,5.7,65.5
622,A,0,1,7.4,7.5,3.7,7.9,60.8
622,B,1,1,7.7,10,7.8,6.5,86.7
622,C,1,1,7.4,6.6,8.4,6.9,82.2
622,D,1,1,9.2,7.9,8.2,7.4,87.8
623,A,0,0,7.2,9.0,6.9,6.7,49.7
623,B,0,0,6.9,7.9,7.7,8.0,50.8
623,C,1,1,7.8,4.0,7.1,6.3,75.3
623,D,0,1,6.4,6.4,9.1,9.5,69.0
624,A,0,0,5.0,7.3,5.5,6.6,40.7
624,B,1,1,6.3,8.0,6.2,8.6,81.8
624,C,1,0,8.3,9.9,6.1,4.0,63.8
624,D,1,0,9.6,8.7,6.8,6.8,69.8
625,A,1,1,4.5,5.2,3.3,8.0,68.3
625,B,1,1,5.2,7.1,8.2,6.5,78.3
625,C,1,1,8.7,7.8,7.8,4.0,80.5
625,D,1,1,6.7,7.4,6.8,7.3,80.3
626,A,1,0,7.2,7.2,4.2,8.9,62.5
626,B,1,1,6.9,7.0,6.7,6.0,77.7
626,C,1,0,8.7,6.1,6.0,5.7,60.8
626,D,0,0,10,7.3,8.9,5.3,52.5
627,A,1,1,6.8,8.3,3.7,4.5,72.2
627,B,1,1,5.8,6.0,6.0,7.4,75.3
627,C,0,1,4.7,7.0,7.9,6.1,59.5
627,D,1,0,8.3,6.9,6.8,5.3,62.2
628,A,0,0,4.9,9.2,8.3,7.0,49.0
628,B,1,1,7.9,8.1,7.2,8.5,86.2
628,C,1,1,7.5,7.4,6.7,3.5,75.2
628,D,1,0,5.5,6.7,7.6,6.2,60.0
629,A,1,0,6.6,6.5,5.0,5.7,56.3
629,B,0,0,7.2,7.2,4.7,8.3,45.7
629,C,0,1,6.0,2.0,6.1,5.0,48.5
629,D,1,0,6.7,6.1,6.8,7.1,61.2
630,A,1,1,4.8,8.6,5.7,6.3,75.7
630,B,1,1,6.1,8.9,4.9,7.2,78.5
630,C,1,1,8.2,6.3,6.7,6.3,79.2
630,D,1,0,7.2,7.0,7.7,7.4,65.5
631,A,1,0,4.9,7.3,7.8,9.8,66.3
631,B,1,1,8.8,9.4,6.5,6.2,84.8
631,C,0,0,8.3,5.4,5.9,6.6,43.7
631,D,0,1,4.6,7.6,7.3,5.1,57.7
632,A,1,1,6.7,7.8,5.6,6.8,78.2
632,B,1,1,5.7,6.3,7.8,8.8,81.0
632,C,1,1,5.7,6.2,7.0,4.5,72.3
632,D,0,0,7.8,8.5,8.1,8.0,54.0
633,A,0,0,6.9,6.9,5.7,8.0,45.8
633,B,0,1,7.6,10,5.5,5.2,63.8
633,C,1,1,7.5,7.5,8.5,5.6,81.8
633,D,1,1,9.9,8.8,7.3,7.0,88.3
634,A,0,0,4.3,7.8,6.6,5.4,40.2
634,B,0,1,7.1,9.1,5.7,8.8,67.8
634,C,0,1,5.1,7.8,6.9,5.6,59.0
634,D,0,0,8.0,8.3,7.9,6.4,51.0
635,A,0,1,6.4,8.2,6.0,4.6,58.7
635,B,1,0,6.6,9.8,7.2,7.3,68.2
635,C,1,0,6.9,6.3,8.3,5.6,61.8
635,D,1,0,10,4.1,7.9,7.2,65.3
636,A,0,0,7.6,9.5,6.0,7.7,51.3
636,B,0,1,8.9,8.5,7.6,6.9,69.8
636,C,0,1,7.3,6.1,8.8,4.6,61.3
636,D,1,1,7.1,7.8,6.1,7.7,81.2
637,A,0,0,7.0,9.5,4.5,6.6,46.0
637,B,1,0,7.6,7.1,6.2,5.3,60.3
637,C,1,1,8.7,7.5,7.0,7.6,84.7
637,D,1,0,7.7,7.3,6.7,5.4,61.8
638,A,0,1,4.6,9.9,5.4,10,66.5
638,B,0,1,7.6,6.3,5.5,5.2,57.7
638,C,0,1,6.7,6.8,6.3,4.4,57.0
638,D,1,0,9.7,9.9,8.2,6.9,74.5
639,A,0,0,6.1,8.3,7.8,8.7,51.5
639,B,0,0,6.2,6.7,6.1,6.0,41.7
639,C,0,0,10,7.3,7.2,6.4,51.5
639,D,1,1,7.9,7.0,7.1,8.7,84.5
640,A,0,1,5.3,6.7,5.7,10.0,62.8
640,B,0,1,5.1,6.2,7.8,6.7,59.7
640,C,1,0,8.6,6.8,7.5,2.3,58.7
640,D,1,0,8.3,7.6,7.8,6.6,67.2
641,A,1,1,4.7,8.2,7.6,5.8,77.2
641,B,1,1,6.3,8.1,4.9,5.9,75.3
641,C,1,1,9.5,6.2,7.9,5.3,81.5
641,D,1,1,7.3,8.3,7.6,7.6,84.7
642,A,0,0,6.5,8.8,5.6,7.4,47.2
642,B,1,1,6.9,10,4.8,8.1,83.0
642,C,1,1,8.6,8.4,7.5,6.0,84.2
642,D,0,0,4.1,7.0,8.2,7.7,45.0
643,A,1,1,7.0,7.0,4.0,7.0,75.0
643,B,1,0,9.4,6.5,8.0,7.7,69.3
643,C,1,0,8.4,7.7,6.9,4.3,62.2
643,D,1,0,9.0,8.3,7.5,7.8,71.0
644,A,1,1,5.6,7.0,7.3,6.3,77.0
644,B,1,0,7.6,6.8,4.9,8.5,63.0
644,C,0,0,8.0,6.2,9.6,5.3,48.5
644,D,1,1,6.8,5.3,8.2,6.8,78.5
645,A,1,0,6.3,9.5,3.3,7.0,60.2
645,B,1,0,6.3,7.9,7.8,8.0,66.7
645,C,1,1,8.0,7.6,6.9,7.6,83.5
645,D,0,1,8.5,8.0,7.7,7.5,69.5
646,A,1,0,8.9,8.5,5.6,8.6,69.3
646,B,1,1,9.0,7.1,8.4,8.4,88.2
646,C,1,1,5.2,4.8,6.3,4.9,68.7
646,D,0,0,8.6,7.3,4.9,10,51.3
647,A,1,1,6.9,7.2,5.9,7.3,78.8
647,B,0,0,5.9,6.7,6.6,5.7,41.5
647,C,0,0,5.5,5.9,10,4.1,42.5
647,D,1,0,8.5,5.9,6.7,7.9,65.0
648,A,0,0,4.3,7.7,6.2,6.2,40.7
648,B,1,0,5.8,8.3,5.8,7.6,62.5
648,C,1,0,7.9,6.6,7.7,6.2,64.0
648,D,1,1,7.3,8.8,9.3,7.4,88.0
649,A,0,1,5.1,8.7,4.3,8.0,60.2
649,B,1,0,7.9,10,6.3,7.9,70.2
649,C,1,0,7.7,6.1,7.9,5.6,62.2
649,D,1,1,6.5,9.3,8.5,7.4,86.2
650,A,1,0,7.9,8.0,6.3,7.4,66.0
650,B,0,0,7.7,9.0,6.4,6.5,49.3
650,C,1,0,6.2,6.9,6.2,5.8,58.5
650,D,0,0,6.9,6.4,6.5,8.0,46.3
651,A,1,0,5.4,6.2,7.5,9.5,64.3
651,B,1,1,7.8,8.2,6.4,6.6,81.7
651,C,0,0,6.9,7.5,5.5,7.6,45.8
651,D,0,0,8.0,8.7,7.8,6.5,51.7
652,A,1,1,5.9,7.1,7.2,7.3,79.2
652,B,1,1,6.9,5.3,7.1,9.8,81.8
652,C,0,1,6.1,4.4,7.3,6.4,57.0
652,D,1,0,9.0,7.5,6.6,7.3,67.3
653,A,0,0,7.5,7.8,5.7,6.7,46.2
653,B,1,0,8.0,6.4,4.9,6.9,60.3
653,C,1,0,6.7,5.8,6.5,6.0,58.3
653,D,0,0,7.3,6.1,6.7,7.8,46.5
654,A,0,1,6.0,8.4,6.4,8.3,65.2
654,B,1,0,6.4,7.2,8.5,8.8,68.2
654,C,0,0,6.1,7.1,6.3,4.9,40.7
654,D,1,0,6.8,7.4,7.1,5.7,61.7
655,A,1,0,5.1,8.9,7.7,7.3,65.0
655,B,1,0,4.9,9.9,5.3,6.6,61.2
655,C,0,0,6.5,7.9,8.0,6.6,48.3
655,D,0,0,6.5,7.0,7.2,8.6,48.8
656,A,0,0,8.0,7.8,5.8,9.6,52.0
656,B,0,0,8.6,7.2,6.2,4.8,44.7
656,C,1,0,8.0,8.1,7.9,4.3,63.8
656,D,0,0,7.5,6.8,8.1,7.3,49.5
657,A,1,0,3.4,7.4,7.1,9.9,63.0
657,B,1,1,7.1,9.4,5.3,5.8,79.3
657,C,0,1,8.7,7.6,7.0,5.8,65.2
657,D,1,1,5.8,6.0,6.8,6.9,75.8
658,A,1,0,7.4,7.2,6.4,6.3,62.2
658,B,1,0,7.3,6.2,5.7,6.6,59.7
658,C,0,0,6.1,6.9,6.6,5.5,41.8
658,D,1,0,8.2,7.6,7.2,5.5,64.2
659,A,1,0,7.2,10,6.0,7.5,67.8
659,B,1,0,9.1,8.5,6.0,5.7,65.5
659,C,1,1,7.1,8.7,8.7,5.6,83.5
659,D,0,1,7.5,8.7,6.8,5.9,64.8
660,A,0,1,6.8,8.5,7.5,6.8,66.0
660,B,1,1,6.3,7.1,9.5,5.2,80.2
660,C,1,0,6.9,5.8,5.7,4.7,55.2
660,D,1,1,5.7,8.2,9.5,5.6,81.7
661,A,1,1,3.7,8.9,7.3,6.0,76.5
661,B,0,1,6.0,7.6,5.5,9.1,63.7
661,C,1,0,7.5,4.6,6.0,6.3,57.3
661,D,1,1,7.7,7.1,7.7,4.9,79.0
662,A,0,0,9.5,9.5,2.8,5.4,45.3
662,B,1,1,5.7,6.6,6.0,8.6,78.2
662,C,1,0,8.5,5.6,7.0,6.9,63.3
662,D,1,0,8.0,7.1,7.0,6.9,65.0
663,A,1,1,5.5,7.7,5.7,6.1,75.0
663,B,1,0,9.0,8.3,7.2,8.8,72.2
663,C,1,1,6.5,6.0,6.9,5.3,74.5
663,D,1,1,8.5,7.4,7.1,4.8,79.7
664,A,0,0,9.1,7.8,5.8,9.8,54.2
664,B,0,1,6.2,7.3,9.8,9.5,71.3
664,C,1,1,5.9,6.9,7.5,6.9,78.7
664,D,0,1,9.2,6.3,6.6,8.4,67.5
665,A,1,0,4.5,5.8,4.9,9.4,57.7
665,B,1,0,6.9,6.8,4.4,6.8,58.2
665,C,1,1,7.0,6.1,7.8,5.6,77.5
665,D,1,0,5.7,7.0,6.9,7.1,61.2
666,A,1,0,6.4,6.9,5.2,8.4,61.5
666,B,1,0,5.9,7.4,6.9,5.4,59.3
666,C,0,0,7.7,8.1,7.4,5.0,47.0
666,D,1,0,8.5,7.1,3.7,6.6,59.8
667,A,1,0,8.3,8.9,5.2,5.6,63.3
667,B,1,1,6.2,9.5,7.2,6.8,82.8
667,C,1,1,9.8,4.5,8.8,4.7,79.7
667,D,1,0,8.3,8.8,6.7,7.5,68.8
668,A,0,1,5.8,8.0,4.7,6.8,58.8
668,B,0,0,6.8,7.3,7.6,7.8,49.2
668,C,0,0,5.4,5.1,9.6,5.8,43.2
668,D,1,1,8.3,5.5,7.4,4.7,76.5
669,A,1,0,5.3,8.3,5.5,6.2,58.8
669,B,0,0,8.8,7.1,8.5,8.4,54.7
669,C,0,0,6.4,6.1,10,4.4,44.8
669,D,1,0,8.3,8.1,8.0,7.2,69.3
670,A,1,0,4.9,6.8,6.6,5.6,56.5
670,B,0,1,8.3,6.9,6.7,6.4,63.8
670,C,1,1,7.9,6.9,8.6,6.7,83.5
670,D,1,1,7.6,8.2,7.8,4.4,80.0
671,A,0,1,6.2,8.1,7.4,6.7,64.0
671,B,1,0,7.8,6.2,6.3,8.4,64.5
671,C,0,0,8.4,6.1,5.5,3.9,39.8
671,D,1,0,5.7,7.3,9.1,6.6,64.5
672,A,1,0,7.4,6.4,7.3,6.3,62.3
672,B,0,0,6.0,8.1,4.8,6.0,41.5
672,C,1,1,7.5,7.7,8.1,3.8,78.5
672,D,1,0,7.6,7.5,4.6,7.5,62.0
673,A,1,0,7.9,5.2,7.4,7.8,63.8
673,B,0,1,6.5,6.9,3.8,7.4,57.7
673,C,1,0,8.1,6.1,9.2,4.8,63.7
673,D,1,0,9.0,8.7,9.9,8.2,76.3
674,A,1,0,6.4,7.4,5.4,3.4,54.3
674,B,0,1,6.4,7.7,5.0,7.5,61.0
674,C,0,0,5.5,4.6,6.8,5.8,37.8
674,D,1,0,8.0,7.8,5.3,5.0,60.2
675,A,0,1,5.9,9.6,5.0,7.5,63.3
675,B,0,0,6.2,6.7,7.1,6.7,44.5
675,C,0,0,5.7,6.4,8.5,4.0,41.0
675,D,1,0,7.5,9.5,8.1,6.8,69.8
676,A,1,1,5.5,4.7,5.5,9.4,75.2
676,B,1,0,5.5,9.2,6.8,9.0,67.5
676,C,1,1,6.6,6.8,6.0,6.8,77.0
676,D,1,1,6.6,7.5,8.8,7.9,84.7
677,A,1,0,5.3,9.1,4.3,8.6,62.2
677,B,1,0,6.1,6.1,8.4,4.8,59.0
677,C,1,0,9.3,10,6.9,6.9,71.8
677,D,0,1,9.0,6.2,7.4,7.4,66.7
678,A,0,1,6.0,7.0,5.2,7.3,59.2
678,B,0,0,6.2,9.5,6.6,8.1,50.7
678,C,1,0,7.5,8.1,7.8,7.0,67.3
678,D,1,0,8.5,7.4,7.7,6.2,66.3
679,A,1,0,6.2,6.1,6.5,6.8,59.3
679,B,0,0,5.7,8.4,6.0,4.8,41.5
679,C,0,0,6.9,7.1,5.8,4.1,39.8
679,D,0,1,9.7,5.9,8.4,5.2,65.3
680,A,0,1,8.9,8.3,6.0,8.1,68.8
680,B,0,0,7.9,10,7.6,7.0,54.2
680,C,0,0,7.3,6.9,6.3,4.8,42.2
680,D,1,0,6.1,8.4,8.1,6.9,65.8
681,A,1,1,6.6,7.1,7.9,4.4,76.7
681,B,1,0,5.5,7.4,8.9,6.4,63.7
681,C,0,0,5.8,9.7,8.9,6.4,51.3
681,D,1,0,8.5,8.0,7.3,7.5,68.8
682,A,1,1,8.0,8.6,5.8,9.6,86.7
682,B,1,0,6.2,8.0,6.8,7.2,63.7
682,C,0,0,6.7,6.9,5.4,3.7,37.8
682,D,0,1,9.0,7.5,9.1,5.9,69.2
683,A,1,0,4.5,9.6,5.2,6.2,59.2
683,B,1,0,8.2,7.3,6.2,9.0,67.8
683,C,1,0,7.7,8.8,6.0,4.7,62.0
683,D,1,0,6.5,8.9,8.6,8.0,70.0
684,A,0,0,6.8,6.5,6.1,6.9,43.8
684,B,0,0,6.3,6.2,7.1,9.5,48.5
684,C,0,1,6.6,5.9,8.2,7.2,63.2
684,D,1,0,8.8,8.7,6.7,6.4,67.7
685,A,1,0,6.3,8.1,5.6,8.0,63.3
685,B,1,1,4.1,8.2,7.1,7.5,78.2
685,C,1,1,9.3,7.4,7.4,4.6,81.2
685,D,0,1,6.7,8.7,7.0,6.2,64.3
686,A,0,1,5.1,5.5,6.7,6.5,56.3
686,B,1,0,8.7,5.3,6.5,7.3,63.0
686,C,0,1,8.6,5.0,6.2,7.0,61.3
686,D,1,0,8.3,5.3,7.7,6.6,63.2
687,A,1,1,7.2,8.0,6.5,8.4,83.5
687,B,0,1,7.7,7.9,5.2,6.8,62.7
687,C,1,1,6.6,6.8,7.0,4.8,75.3
687,D,1,0,7.0,10,7.9,7.9,71.3
688,A,0,0,8.1,6.3,3.9,8.7,45.0
688,B,1,0,10,8.0,7.5,7.4,71.5
688,C,1,0,7.0,8.6,7.2,5.7,64.2
688,D,0,0,7.2,7.4,7.6,5.1,45.5
689,A,0,0,6.1,7.8,3.7,7.4,41.7
689,B,1,1,5.6,6.3,6.8,7.5,77.0
689,C,1,1,6.3,6.8,8.7,7.0,81.3
689,D,0,0,7.8,7.6,6.9,7.2,49.2
690,A,0,0,6.9,5.4,5.5,8.3,43.5
690,B,0,0,6.4,6.3,8.9,8.9,50.8
690,C,1,1,6.7,6.7,6.9,6.3,77.7
690,D,1,1,7.1,7.4,8.8,5.7,81.7
691,A,0,0,6.2,8.6,5.2,7.6,46.0
691,B,0,1,7.4,9.4,4.5,5.9,62.0
691,C,1,1,7.6,6.3,6.7,7.4,80.0
691,D,0,1,8.4,8.1,6.7,5.2,64.0
692,A,1,1,6.9,7.9,5.0,9.8,82.7
692,B,0,0,7.7,6.1,8.3,8.0,50.2
692,C,0,1,5.8,6.5,8.3,4.3,58.2
692,D,0,1,8.4,7.9,7.8,4.8,64.8
693,A,1,0,7.3,6.8,3.9,7.7,59.5
693,B,1,1,9.0,8.6,7.4,7.1,86.8
693,C,1,0,7.6,6.0,9.0,5.9,64.2
693,D,1,0,7.1,8.9,9.6,6.4,70.0
694,A,0,0,7.8,8.0,5.3,9.0,50.2
694,B,0,1,8.5,9.5,8.4,6.8,72.0
694,C,1,1,7.1,6.1,8.0,5.3,77.5
694,D,0,0,9.7,6.4,7.0,6.7,49.7
695,A,1,0,6.5,7.9,5.1,5.8,58.8
695,B,1,0,6.5,7.3,7.7,5.3,61.3
695,C,1,1,6.1,5.8,6.4,5.1,72.3
695,D,1,1,8.5,6.5,6.5,4.5,76.7
696,A,1,0,7.2,6.5,6.5,7.1,62.2
696,B,0,1,9.2,7.9,4.7,7.1,64.8
696,C,0,1,6.3,7.6,7.7,6.3,63.2
696,D,1,0,7.2,7.8,8.2,4.9,63.5
697,A,1,1,5.0,7.2,5.4,6.8,74.0
697,B,0,1,8.5,7.4,5.7,6.0,62.7
697,C,1,0,6.4,7.4,8.6,5.5,63.2
697,D,1,0,6.9,6.3,8.8,6.0,63.3
698,A,0,1,7.8,6.9,6.7,7.9,65.5
698,B,0,0,7.4,7.5,6.9,7.2,48.3
698,C,0,0,6.3,6.1,6.7,5.9,41.7
698,D,1,1,7.1,9.1,6.8,6.4,82.3
699,A,1,1,6.2,8.1,5.1,6.7,76.8
699,B,0,0,6.8,9.8,5.5,6.8,48.2
699,C,0,1,6.9,7.6,6.2,6.0,61.2
699,D,0,0,7.9,8.3,5.6,5.2,45.0
700,A,1,0,7.4,6.4,7.0,7.0,63.0
700,B,1,1,8.6,6.2,6.4,6.5,79.5
700,C,1,0,6.2,6.2,6.3,5.1,56.3
700,D,0,1,6.7,8.2,8.9,4.3,63.5
701,A,0,0,6.8,7.9,6.3,6.6,46.0
701,B,1,0,7.3,6.6,5.6,10,65.8
701,C,1,1,5.8,8.5,8.6,6.9,83.0
701,D,1,1,9.1,7.8,8.9,6.4,87.0
702,A,0,0,7.2,7.3,6.5,8.8,49.7
702,B,1,1,9.0,8.3,6.8,9.1,88.7
702,C,0,1,6.7,6.2,9.1,6.3,63.8
702,D,0,1,9.8,8.3,4.9,7.4,67.3
703,A,1,1,7.6,6.8,6.6,8.4,82.3
703,B,1,0,7.2,5.4,6.7,5.6,58.2
703,C,1,0,6.8,6.4,6.9,4.8,58.2
703,D,0,0,5.9,10,6.2,8.4,50.8
704,A,0,1,6.6,6.2,6.5,6.4,59.5
704,B,1,1,9.7,7.3,5.9,6.1,81.7
704,C,0,0,8.4,5.9,8.8,6.8,49.8
704,D,1,0,8.3,7.6,8.0,6.1,66.7
705,A,1,1,5.8,7.0,6.3,5.5,74.3
705,B,1,1,6.8,8.6,6.2,7.9,82.5
705,C,1,0,6.7,7.9,6.5,2.9,56.7
705,D,0,1,8.3,5.7,7.3,8.0,65.5
706,A,1,0,6.2,7.6,4.9,6.5,58.7
706,B,1,0,6.4,7.8,6.4,6.3,61.5
706,C,1,1,7.7,6.1,7.4,4.5,76.2
706,D,1,1,8.6,7.9,6.8,8.4,86.2
707,A,1,1,6.6,9.5,4.0,8.3,80.7
707,B,0,1,6.2,4.7,6.9,6.4,57.0
707,C,0,0,8.2,6.9,7.3,6.6,48.3
707,D,1,0,7.5,6.3,9.8,7.6,68.7
708,A,1,0,6.4,7.3,4.3,6.8,58.0
708,B,1,1,8.5,6.6,7.1,7.2,82.3
708,C,1,1,8.8,5.5,6.4,5.9,77.7
708,D,1,0,4.1,6.0,8.9,6.4,59.0
709,A,1,1,6.9,6.3,6.0,6.6,76.3
709,B,0,1,8.0,7.8,5.8,7.9,65.8
709,C,0,1,8.3,6.9,7.4,4.9,62.5
709,D,1,1,8.9,7.1,8.3,7.4,86.2
710,A,0,1,6.9,9.8,6.6,7.2,67.5
710,B,1,0,4.8,7.3,8.5,7.5,63.5
710,C,0,0,7.4,3.9,6.5,6.2,40.0
710,D,1,1,7.9,8.2,5.9,7.9,83.2
711,A,1,1,4.6,6.5,5.8,7.0,73.2
711,B,1,0,4.7,6.9,6.3,8.4,60.5
711,C,1,0,6.3,6.9,6.1,4.1,55.7
711,D,1,1,5.0,7.1,7.3,6.5,76.5
712,A,1,0,5.3,9.6,5.4,9.1,65.7
712,B,1,0,7.7,9.1,4.8,7.6,65.3
712,C,1,1,6.8,6.7,8.7,6.6,81.3
712,D,0,1,9.2,6.9,7.0,8.6,69.5
713,A,1,0,6.6,5.7,5.1,6.9,57.2
713,B,0,0,7.9,8.8,7.5,5.1,48.8
713,C,1,0,6.6,5.7,6.8,5.1,57.0
713,D,0,0,8.2,6.9,7.5,5.4,46.7
714,A,0,1,5.5,9.0,5.9,9.7,66.8
714,B,1,0,7.1,7.9,7.8,7.5,67.2
714,C,1,1,7.7,6.3,6.9,5.8,77.8
714,D,1,1,8.0,7.1,6.0,7.0,80.2
715,A,1,0,4.5,7.3,3.2,7.6,54.3
715,B,1,1,6.0,6.0,5.6,6.8,74.0
715,C,1,1,7.7,6.0,9.5,8.4,86.0
715,D,0,0,8.1,8.0,5.2,9.4,51.2
716,A,1,1,6.7,4.8,8.1,7.9,79.2
716,B,1,1,6.7,7.6,6.5,6.6,79.0
716,C,1,0,4.8,7.0,6.6,4.6,55.0
716,D,1,1,9.5,9.0,6.7,5.9,85.2
717,A,1,0,6.3,4.3,6.0,8.2,58.0
717,B,1,1,5.8,8.4,5.0,6.9,76.8
717,C,1,0,8.0,5.4,6.8,5.4,59.3
717,D,0,1,6.6,5.0,6.3,6.1,56.7
718,A,0,1,4.2,6.8,7.7,5.2,56.5
718,B,1,0,6.2,5.8,7.2,7.1,60.5
718,C,1,0,7.7,5.2,5.3,6.8,58.3
718,D,1,0,7.0,8.5,7.2,4.9,62.7
719,A,0,0,7.9,8.0,3.1,7.4,44.0
719,B,1,0,6.1,7.8,7.0,7.3,63.7
719,C,1,1,8.4,6.8,8.2,5.5,81.5
719,D,1,0,8.0,9.6,5.8,4.9,63.8
720,A,1,0,6.0,7.5,5.9,5.9,58.8
720,B,1,0,7.0,9.9,5.9,8.3,68.5
720,C,0,0,6.5,6.9,8.8,6.9,48.5
720,D,1,1,8.3,7.5,8.0,7.6,85.7
721,A,0,1,6.7,6.8,6.6,7.6,62.8
721,B,1,1,9.1,7.5,6.3,7.0,83.2
721,C,0,0,7.3,5.8,9.5,4.8,45.7
721,D,0,0,5.1,6.2,8.0,5.9,42.0
722,A,0,1,7.6,7.3,6.3,6.9,63.5
722,B,1,1,5.5,6.7,9.6,6.2,80.0
722,C,1,0,9.9,6.5,10,5.6,70.0
722,D,0,1,8.8,5.3,8.6,3.9,61.0
723,A,0,1,5.6,8.3,5.7,5.7,58.8
723,B,1,1,7.3,7.7,7.3,8.8,85.2
723,C,1,0,7.2,8.5,7.1,4.3,61.8
723,D,0,0,6.6,6.4,7.4,7.1,45.8
724,A,1,0,6.5,7.9,6.5,9.1,66.7
724,B,1,0,5.7,7.7,5.2,7.7,60.5
724,C,0,1,5.2,7.2,7.2,8.1,62.8
724,D,0,0,7.4,5.6,7.1,5.4,42.5
725,A,1,0,7.0,7.2,6.0,6.3,60.8
725,B,1,1,5.5,7.1,6.3,6.1,75.0
725,C,0,0,8.4,8.1,7.7,8.2,54.0
725,D,1,1,7.9,9.3,10,8.4,92.7
726,A,0,1,5.8,7.7,6.4,9.6,65.8
726,B,1,1,6.7,7.0,8.5,5.8,80.0
726,C,1,0,7.6,7.1,8.9,4.1,62.8
726,D,1,0,6.9,8.6,7.6,6.7,66.3
727,A,1,0,7.6,6.8,3.5,6.4,57.2
727,B,1,1,9.2,7.4,5.6,5.7,79.8
727,C,1,0,7.6,7.5,8.4,5.5,65.0
727,D,1,0,5.3,8.3,5.6,5.5,57.8
728,A,0,1,8.9,5.8,6.6,5.6,61.5
728,B,1,0,7.9,6.2,6.6,9.1,66.3
728,C,1,0,8.4,5.8,7.7,6.6,64.2
728,D,1,0,9.4,5.6,7.9,5.6,64.2
729,A,1,0,6.9,6.2,7.2,8.2,64.2
729,B,0,1,7.7,8.1,5.8,6.8,64.0
729,C,0,1,6.7,4.8,7.5,5.9,58.2
729,D,1,1,8.7,6.8,8.9,7.1,85.8
730,A,1,0,6.6,6.9,8.7,8.3,67.5
730,B,1,0,7.3,5.8,5.6,6.7,59.0
730,C,1,0,6.2,7.2,6.3,6.5,60.3
730,D,1,0,8.8,6.7,7.7,6.8,66.7
731,A,1,0,7.0,9.9,7.6,5.5,66.7
731,B,1,0,8.8,8.2,6.6,6.5,66.8
731,C,1,0,9.0,5.4,5.9,3.9,57.0
731,D,1,0,8.9,8.1,9.5,6.9,72.3
732,A,1,1,7.2,7.5,6.0,8.1,81.3
732,B,1,1,5.4,5.1,8.0,6.4,74.8
732,C,0,0,7.5,6.3,7.9,6.2,46.5
732,D,1,1,9.8,5.0,7.2,4.7,77.8
733,A,1,0,6.0,7.2,6.2,7.2,61.0
733,B,0,1,6.3,7.2,5.7,6.0,58.7
733,C,1,1,7.7,6.4,7.2,5.8,78.5
733,D,1,1,7.8,9.0,7.0,5.0,81.3
734,A,0,1,5.9,9.0,5.6,8.1,64.3
734,B,1,0,5.6,5.3,6.3,8.8,60.0
734,C,1,0,7.5,7.7,6.1,3.8,58.5
734,D,1,1,6.9,7.2,5.9,7.5,79.2
735,A,1,1,5.1,5.8,5.0,8.8,74.5
735,B,1,0,5.9,5.3,7.5,7.8,60.8
735,C,1,0,5.2,7.0,9.4,3.8,59.0
735,D,0,0,7.7,5.7,7.6,6.2,45.3
736,A,1,1,7.3,8.0,5.1,9.1,82.5
736,B,1,1,6.8,9.5,7.8,7.4,85.8
736,C,1,1,8.2,5.8,9.1,7.3,84.0
736,D,1,0,7.3,7.3,8.7,9.2,70.8
737,A,1,0,7.8,9.5,6.2,7.2,67.8
737,B,0,0,6.9,6.8,7.8,6.2,46.2
737,C,1,0,6.9,7.1,7.8,6.7,64.2
737,D,1,0,8.7,8.1,7.3,8.3,70.7
738,A,1,1,6.2,8.5,6.2,7.8,81.2
738,B,1,1,8.6,8.4,8.3,5.9,85.3
738,C,0,0,7.2,7.6,8.9,3.3,45.0
738,D,0,1,7.5,5.3,7.3,7.3,62.3
739,A,1,1,5.3,9.3,3.7,6.2,74.2
739,B,0,0,5.7,8.7,5.7,7.8,46.5
739,C,1,0,7.6,6.2,8.1,5.5,62.3
739,D,1,1,9.4,7.2,7.1,7.9,86.0
740,A,0,0,5.7,7.8,4.9,7.3,42.8
740,B,1,0,4.6,6.5,5.2,6.8,55.2
740,C,1,1,8.1,5.4,6.0,7.0,77.5
740,D,1,1,8.4,6.7,6.9,6.4,80.7
741,A,0,0,5.7,6.3,4.9,7.9,41.3
741,B,0,1,8.9,7.8,7.8,8.5,71.7
741,C,1,1,6.8,4.6,7.5,5.9,74.7
741,D,0,0,9.1,7.7,9.3,8.0,56.8
742,A,0,0,7.6,7.0,5.6,5.7,43.2
742,B,1,1,7.8,7.7,7.3,5.6,80.7
742,C,0,1,6.4,6.0,8.8,8.3,65.8
742,D,0,1,6.0,8.7,7.6,5.0,62.2
743,A,0,0,6.3,6.8,5.7,8.9,46.2
743,B,1,1,9.6,5.8,5.1,8.2,81.2
743,C,0,1,7.1,8.1,8.7,6.3,67.0
743,D,0,0,7.7,7.4,6.8,7.9,49.7
744,A,0,1,8.2,8.0,7.5,3.8,62.5
744,B,0,0,6.0,7.7,7.2,7.1,46.7
744,C,1,0,3.9,5.6,4.9,6.5,51.5
744,D,0,0,8.9,7.8,7.8,7.0,52.5
745,A,1,0,8.1,9.7,5.6,7.8,68.7
745,B,0,0,4.5,6.8,5.1,6.3,37.8
745,C,1,0,4.0,7.2,5.7,4.7,52.7
745,D,1,0,5.8,5.3,7.8,7.3,60.3
746,A,1,0,8.2,8.0,4.7,8.0,64.8
746,B,1,0,9.0,7.5,5.2,5.7,62.3
746,C,1,0,4.3,7.7,7.6,7.2,61.3
746,D,1,1,8.5,7.9,6.9,5.3,81.0
747,A,0,0,7.4,10,5.4,7.7,50.8
747,B,0,0,7.0,7.4,6.4,6.8,46.0
747,C,1,1,5.1,8.3,8.7,6.4,80.8
747,D,1,1,7.3,7.2,9.4,5.5,82.3
748,A,1,0,5.4,6.8,5.3,6.7,57.0
748,B,0,1,5.6,7.6,7.5,8.0,64.5
748,C,1,0,6.4,7.4,10,4.5,63.8
748,D,1,0,6.9,6.5,6.2,5.5,58.5
749,A,0,0,5.5,6.7,5.1,7.2,40.8
749,B,1,1,6.5,6.5,5.6,6.6,75.3
749,C,1,0,7.8,5.4,6.4,6.1,59.5
749,D,1,1,8.8,8.1,6.7,9.3,88.2
750,A,1,0,6.7,6.5,6.1,6.6,59.8
750,B,1,1,7.0,8.3,7.8,7.1,83.7
750,C,1,0,6.6,5.5,7.7,5.6,59.0
750,D,1,1,7.5,6.1,8.2,6.9,81.2
751,A,1,0,7.2,6.3,6.2,8.0,62.8
751,B,1,0,6.3,7.3,7.5,7.2,63.8
751,C,1,1,5.7,6.0,8.1,6.8,77.7
751,D,1,0,8.3,5.1,8.6,5.8,63.0
752,A,1,0,7.6,7.8,7.0,8.1,67.5
752,B,1,0,6.0,9.9,7.7,6.9,67.5
752,C,0,1,6.2,8.1,6.9,3.9,58.5
752,D,1,1,7.8,8.2,8.3,6.7,85.0
753,A,1,0,6.9,8.6,6.4,7.9,66.3
753,B,1,0,4.5,6.0,5.2,7.1,54.7
753,C,1,1,7.3,7.1,7.6,6.8,81.3
753,D,1,1,8.4,8.3,6.7,7.5,84.8
754,A,0,0,6.3,7.5,6.3,7.7,46.3
754,B,1,0,6.5,9.7,7.1,7.6,68.2
754,C,0,1,7.4,8.2,6.5,3.3,59.0
754,D,1,1,9.2,8.2,9.7,7.2,90.5
755,A,0,0,5.9,7.3,7.6,7.6,47.3
755,B,0,0,7.9,7.5,7.1,8.9,52.3
755,C,1,1,4.4,8.3,7.6,3.8,73.5
755,D,0,0,9.0,7.6,7.4,6.0,50.0
756,A,1,0,7.6,7.1,5.4,7.0,61.8
756,B,1,1,5.1,5.9,5.8,9.3,76.8
756,C,1,0,9.9,6.9,8.2,5.0,66.7
756,D,1,1,7.2,8.5,6.2,7.3,82.0
757,A,1,0,7.4,8.8,6.7,10,71.5
757,B,1,0,5.7,6.9,7.9,7.8,63.8
757,C,0,1,8.3,5.9,7.7,7.1,65.0
757,D,0,1,7.2,6.7,6.9,8.3,65.2
758,A,0,0,5.6,8.1,3.7,7.3,41.2
758,B,1,0,6.1,7.7,5.7,9.1,64.3
758,C,1,1,7.9,5.2,6.7,4.3,73.5
758,D,0,0,5.9,8.1,5.9,6.6,44.2
759,A,1,0,6.0,9.0,3.3,6.9,58.7
759,B,1,0,7.7,8.1,6.0,7.5,65.5
759,C,1,0,5.6,6.5,5.7,5.5,55.5
759,D,1,0,8.1,5.8,8.4,7.4,66.2
760,A,0,1,7.8,6.4,6.8,8.1,65.2
760,B,0,0,6.9,7.1,7.5,6.8,47.2
760,C,0,0,7.3,5.8,7.9,6.5,45.8
760,D,0,0,10,7.2,6.9,8.5,54.3
761,A,1,1,7.5,7.5,6.7,6.0,79.5
761,B,0,0,7.1,7.4,6.7,6.9,46.8
761,C,1,1,5.1,8.1,6.3,7.1,77.7
761,D,0,0,8.6,7.6,10.0,6.7,54.8
762,A,1,0,7.4,6.8,7.3,7.5,65.0
762,B,1,1,6.6,5.9,5.3,7.8,76.0
762,C,0,1,5.2,7.2,7.1,4.0,55.8
762,D,0,1,9.2,7.2,5.7,8.9,68.3
763,A,0,0,5.8,5.8,5.6,6.6,39.7
763,B,1,0,8.4,9.8,7.0,5.2,67.3
763,C,1,1,7.9,6.1,8.6,4.7,78.8
763,D,0,1,8.2,8.6,8.1,5.2,66.8
764,A,0,0,7.1,9.4,6.0,8.2,51.2
764,B,1,0,7.8,7.9,6.4,6.2,63.8
764,C,0,0,7.7,6.4,7.7,5.3,45.2
764,D,1,0,7.9,7.1,6.9,5.0,61.5
765,A,0,0,5.8,8.3,4.4,7.4,43.2
765,B,1,0,8.9,8.9,5.8,8.4,70.0
765,C,1,0,9.2,7.0,8.1,6.4,67.8
765,D,1,0,8.7,8.1,5.0,6.7,64.2
766,A,1,0,6.3,5.0,5.2,7.3,56.3
766,B,1,0,8.5,9.4,6.1,5.7,66.2
766,C,1,0,7.2,6.5,7.0,7.5,63.7
766,D,1,1,10,8.4,4.5,8.4,85.5
767,A,1,0,6.5,7.4,5.6,6.8,60.5
767,B,1,0,6.8,6.7,7.4,6.2,61.8
767,C,1,0,8.1,5.0,7.2,6.6,61.5
767,D,1,0,7.9,8.6,4.9,6.2,62.7
768,A,0,0,4.4,6.4,8.0,8.3,45.2
768,B,0,1,6.1,5.7,6.7,6.2,57.8
768,C,0,1,6.4,7.3,7.8,3.7,58.7
768,D,0,0,8.4,6.5,6.3,6.4,46.0
769,A,1,0,5.7,7.8,6.9,7.3,62.8
769,B,0,1,7.9,6.3,4.8,6.7,59.5
769,C,0,0,7.0,7.0,7.2,6.8,46.7
769,D,0,1,8.1,9.4,6.4,8.1,70.0
770,A,0,0,8.4,7.6,5.6,7.7,48.8
770,B,1,0,8.2,9.9,7.1,7.6,71.3
770,C,1,0,7.4,7.7,9.1,5.9,66.8
770,D,1,0,10,7.9,6.5,7.2,69.3
771,A,1,0,7.4,7.6,4.3,6.2,59.2
771,B,1,0,7.2,6.7,9.2,7.2,67.2
771,C,1,0,8.4,5.7,6.8,5.9,61.3
771,D,0,1,7.4,7.1,7.2,8.3,66.7
772,A,0,1,5.7,7.5,5.8,6.8,59.7
772,B,1,0,7.9,7.5,8.0,7.9,68.8
772,C,0,1,8.6,7.4,6.8,5.5,63.8
772,D,1,0,8.7,8.3,7.8,5.7,67.5
773,A,1,1,5.5,7.3,4.0,7.5,73.8
773,B,1,1,8.4,6.0,6.6,7.8,81.3
773,C,0,0,6.4,8.0,6.1,5.5,43.3
773,D,1,1,8.7,7.3,7.9,7.3,85.3
774,A,0,0,4.8,6.7,4.5,6.3,37.2
774,B,0,1,9.1,10,7.1,6.8,71.7
774,C,0,1,6.4,7.0,7.6,7.6,64.3
774,D,1,1,7.7,7.0,7.4,5.9,80.0
775,A,1,0,6.3,6.9,4.9,7.4,59.2
775,B,1,1,7.4,7.5,5.9,8.1,81.5
775,C,0,1,7.8,5.2,9.0,5.7,62.8
775,D,1,0,9.3,7.9,7.7,5.1,66.7
776,A,1,0,8.1,6.2,6.7,6.6,62.7
776,B,1,0,9.1,8.8,7.1,7.5,70.8
776,C,1,0,5.8,6.1,4.8,7.5,57.0
776,D,0,1,7.6,8.9,8.9,4.1,65.8
777,A,1,0,7.3,6.6,4.8,5.6,57.2
777,B,1,0,9.4,6.5,5.1,6.9,63.2
777,C,1,1,8.8,6.7,8.1,7.4,85.0
777,D,1,1,7.3,6.7,6.3,6.7,78.3
778,A,0,1,7.0,5.9,6.7,7.2,61.3
778,B,1,1,6.9,7.0,6.2,4.9,75.0
778,C,1,0,8.8,9.4,8.8,7.1,73.5
778,D,0,1,8.5,6.4,8.3,6.1,65.5
779,A,0,0,5.3,8.7,4.1,7.2,42.2
779,B,0,0,8.3,10,7.9,8.0,57.0
779,C,0,0,6.8,4.6,8.7,4.3,40.7
779,D,1,0,6.7,6.5,7.5,7.6,63.8
780,A,1,1,5.8,10,5.8,6.6,80.3
780,B,1,0,7.3,8.3,7.0,6.2,64.7
780,C,1,1,7.1,5.2,5.0,5.4,71.2
780,D,1,0,7.9,6.9,8.0,5.8,64.3
781,A,1,1,6.2,4.2,3.7,8.3,70.7
781,B,1,1,4.4,8.9,4.7,7.6,76.0
781,C,0,0,6.5,6.0,6.3,5.3,40.2
781,D,1,1,6.2,5.5,9.8,5.9,79.0
782,A,1,0,7.7,8.9,3.3,8.7,64.3
782,B,0,0,8.4,7.4,3.6,6.4,43.0
782,C,1,1,7.1,5.7,7.1,6.7,77.7
782,D,0,0,6.5,6.4,7.1,6.9,44.8
783,A,1,1,6.0,6.8,6.2,6.8,76.3
783,B,0,1,5.0,8.5,6.5,6.9,61.5
783,C,1,0,8.8,7.8,6.3,5.5,64.0
783,D,1,1,7.5,9.0,7.4,7.5,85.7
784,A,0,1,4.6,7.7,4.4,8.0,57.8
784,B,1,0,8.0,5.9,5.7,7.0,61.0
784,C,0,0,5.7,7.8,7.4,7.6,47.5
784,D,0,1,9.0,8.6,9.6,5.9,71.8
785,A,0,0,6.5,7.1,4.5,6.2,40.5
785,B,1,1,6.5,7.7,9.2,6.3,82.8
785,C,1,0,8.8,7.3,7.1,5.9,65.2
785,D,1,1,9.2,4.6,8.1,4.4,77.2
786,A,1,0,8.9,5.4,5.5,9.2,65.0
786,B,1,0,7.1,7.0,8.0,6.9,65.0
786,C,1,0,5.0,5.7,7.6,3.6,53.2
786,D,1,1,6.1,7.4,7.8,5.6,78.2
787,A,1,1,5.9,7.4,4.9,6.6,74.7
787,B,0,1,5.2,10,5.5,7.2,63.2
787,C,0,0,6.2,7.1,7.1,7.0,45.7
787,D,1,0,8.9,5.9,8.3,5.6,64.5
788,A,0,0,6.6,7.5,6.2,4.4,41.2
788,B,0,0,7.0,7.1,6.9,7.9,48.2
788,C,0,0,5.5,8.5,5.7,5.7,42.3
788,D,1,0,7.3,9.1,8.4,6.9,69.5
789,A,0,0,7.8,8.9,6.0,7.8,50.8
789,B,1,0,7.0,6.2,8.3,3.4,58.2
789,C,0,1,8.1,5.4,8.3,3.9,59.5
789,D,1,0,7.7,5.7,9.4,7.5,67.2
790,A,1,0,9.9,6.3,5.6,8.0,66.3
790,B,0,0,6.2,7.4,9.3,8.3,52.0
790,C,1,0,7.6,5.1,5.3,4.8,54.7
790,D,1,0,9.5,8.0,7.5,8.0,71.7
791,A,1,1,5.3,3.9,5.5,7.6,70.5
791,B,1,0,7.2,9.4,4.6,9.0,67.0
791,C,0,0,5.2,7.0,8.7,5.0,43.2
791,D,1,0,8.1,8.9,7.5,6.3,68.0
792,A,1,1,7.5,8.9,6.1,7.2,82.8
792,B,1,1,8.3,7.0,8.4,7.8,85.8
792,C,0,1,4.6,7.0,6.6,4.5,54.5
792,D,0,1,6.7,6.7,8.2,6.0,62.7
793,A,0,0,6.4,8.0,4.4,10,48.0
793,B,1,1,8.5,8.6,7.0,5.0,81.8
793,C,0,1,6.7,6.9,6.2,3.6,55.7
793,D,1,1,4.6,7.5,6.4,8.1,77.7
794,A,1,0,7.1,8.3,6.3,6.0,62.8
794,B,1,0,5.9,7.9,6.4,7.1,62.2
794,C,1,0,5.5,5.5,5.2,4.2,50.7
794,D,1,1,8.2,6.8,5.6,8.7,82.2
795,A,1,0,4.5,6.4,4.0,7.5,54.0
795,B,1,1,9.0,5.9,6.7,8.2,83.0
795,C,0,1,6.8,7.4,7.3,6.1,62.7
795,D,1,1,7.2,8.0,8.4,7.3,84.8
796,A,1,0,5.8,5.7,5.7,7.2,57.3
796,B,1,1,5.6,9.0,7.4,6.6,81.0
796,C,1,1,7.4,6.5,7.7,7.0,81.0
796,D,1,0,9.2,10.0,7.4,8.7,75.5
797,A,1,1,8.7,8.8,4.2,7.5,82.0
797,B,0,0,6.8,8.5,8.2,7.8,52.2
797,C,1,0,8.6,3.9,6.9,4.8,57.0
797,D,1,0,8.6,8.8,7.4,7.7,70.8
798,A,1,0,6.1,8.2,6.2,4.8,58.8
798,B,0,0,8.0,7.2,7.5,5.3,46.7
798,C,1,0,5.0,7.8,7.7,6.0,60.8
798,D,1,1,7.7,8.4,8.6,5.5,83.7
799,A,1,1,6.1,6.7,4.2,7.2,73.7
799,B,0,0,8.6,9.7,5.2,4.7,47.0
799,C,1,1,7.4,9.2,10,7.3,89.8
799,D,1,1,10,7.3,7.7,6.9,86.5
800,A,0,1,7.0,4.5,5.7,6.9,56.8
800,B,1,1,7.4,8.2,7.9,5.2,81.2
800,C,1,1,5.8,7.4,7.2,4.8,75.3
800,D,1,0,6.3,7.3,4.3,6.8,57.8
801,A,0,1,5.7,6.3,4.2,5.3,52.5
801,B,1,1,5.8,7.8,6.2,10,83.0
801,C,0,0,6.0,6.9,7.8,4.8,42.5
801,D,0,1,8.7,5.9,9.2,6.9,67.8
802,A,1,0,9.1,5.7,4.9,7.3,61.7
802,B,0,0,6.4,9.3,9.2,6.5,52.3
802,C,0,1,6.8,6.9,8.6,7.0,65.5
802,D,0,1,6.4,8.0,6.3,6.8,62.5
803,A,1,0,8.6,8.0,4.0,7.7,63.8
803,B,0,0,5.8,7.8,6.6,9.1,48.8
803,C,1,1,6.8,7.5,8.2,6.7,82.0
803,D,1,0,5.5,3.4,7.9,6.6,55.7
804,A,1,0,8.3,8.2,7.0,5.8,65.5
804,B,1,0,7.2,6.9,6.2,8.9,65.3
804,C,1,0,7.3,7.4,3.6,3.3,52.7
804,D,1,1,7.3,7.2,8.3,7.8,84.3
805,A,1,1,5.6,8.7,6.5,9.1,83.2
805,B,1,1,8.8,8.7,8.3,5.7,85.8
805,C,1,1,6.6,5.2,6.9,4.8,72.5
805,D,1,1,6.0,7.9,7.2,6.9,80.0
806,A,1,0,5.6,6.5,5.4,6.0,55.8
806,B,0,0,7.0,7.0,6.5,8.0,47.5
806,C,0,0,8.9,6.5,9.4,5.6,50.7
806,D,0,0,7.9,7.0,8.8,5.2,48.2
807,A,1,0,6.6,7.6,4.9,7.1,60.3
807,B,1,1,9.4,6.2,7.9,9.8,88.8
807,C,1,1,5.5,4.7,8.5,6.9,76.0
807,D,0,1,10,8.3,9.6,7.4,75.5
808,A,1,0,5.7,5.7,6.9,7.2,59.2
808,B,0,1,5.7,8.0,6.9,6.9,62.5
808,C,0,1,6.1,7.3,8.4,7.4,65.3
808,D,0,1,10,9.3,9.2,3.3,69.7
809,A,0,1,7.3,6.0,5.8,8.6,62.8
809,B,1,1,7.8,9.0,6.0,8.6,85.7
809,C,1,1,7.2,5.8,6.9,6.1,76.7
809,D,0,0,7.7,6.2,7.0,7.0,46.5
810,A,0,0,4.5,8.3,5.3,7.2,42.2
810,B,1,0,10,7.3,7.1,5.4,66.3
810,C,0,0,7.9,6.8,5.3,6.4,44.0
810,D,1,1,5.7,6.6,7.3,4.2,73.0
811,A,1,1,7.4,6.1,3.7,8.3,75.8
811,B,1,1,8.2,10,6.6,8.0,88.0
811,C,0,0,7.4,7.7,5.0,5.9,43.3
811,D,1,1,7.8,5.5,8.2,7.2,81.2
812,A,1,1,6.3,9.8,4.7,7.4,80.3
812,B,1,0,7.6,7.6,6.2,7.7,65.2
812,C,1,0,7.9,5.7,6.8,4.6,58.3
812,D,1,0,8.9,9.5,8.6,7.2,73.7
813,A,0,0,6.4,5.7,4.1,6.3,37.5
813,B,0,1,7.8,8.1,7.8,8.5,70.3
813,C,1,0,8.0,2.8,8.1,5.3,57.0
813,D,0,1,9.1,8.1,9.1,6.2,70.8
814,A,0,1,6.0,5.6,4.4,8.6,57.7
814,B,1,1,8.0,4.3,7.5,6.0,76.3
814,C,0,0,8.0,7.7,6.8,5.3,46.3
814,D,1,0,6.6,7.3,6.9,8.5,65.5
815,A,1,0,3.6,5.8,7.3,7.1,56.3
815,B,1,0,9.3,6.7,5.0,7.7,64.5
815,C,0,0,5.1,6.5,8.1,7.5,45.3
815,D,1,0,6.2,9.2,6.3,8.0,66.2
816,A,1,0,4.2,5.9,4.8,7.6,54.2
816,B,0,0,6.6,8.1,6.7,6.9,47.2
816,C,1,1,8.5,4.7,7.9,7.0,80.2
816,D,0,1,7.6,8.3,7.1,4.5,62.5
817,A,0,0,7.2,7.9,6.2,7.5,48.0
817,B,1,0,8.1,7.9,7.3,5.4,64.5
817,C,1,0,7.1,6.4,7.8,6.2,62.5
817,D,1,0,7.0,6.2,6.2,6.6,60.0
818,A,0,0,6.6,9.3,4.5,5.4,43.0
818,B,1,0,7.6,6.2,7.1,6.1,61.7
818,C,1,0,9.1,7.7,8.4,6.3,69.2
818,D,1,1,8.0,9.0,9.8,7.4,90.3
819,A,1,1,6.6,8.0,2.7,7.6,74.8
819,B,1,1,6.1,10,6.4,8.8,85.5
819,C,0,0,7.5,8.2,9.3,5.5,50.8
819,D,1,0,7.4,6.7,7.8,7.5,65.7
820,A,1,1,6.5,7.4,3.5,9.3,77.8
820,B,0,0,9.2,9.0,7.3,9.8,58.8
820,C,1,0,7.4,3.3,7.1,3.2,51.7
820,D,1,1,9.0,9.1,8.6,4.8,85.8
821,A,1,0,7.4,8.4,6.3,8.1,67.0
821,B,1,1,7.8,6.1,7.6,8.0,82.5
821,C,1,1,7.3,6.5,5.8,5.2,74.7
821,D,0,0,6.5,8.4,6.2,9.2,50.5
822,A,1,0,4.7,8.6,6.2,8.5,63.3
822,B,1,0,6.3,4.6,4.6,7.5,55.0
822,C,1,0,7.7,7.2,7.5,4.9,62.2
822,D,1,0,7.3,7.2,8.8,7.4,67.8
823,A,1,0,3.7,7.6,6.1,7.2,57.7
823,B,0,1,7.1,8.5,7.9,8.0,69.2
823,C,0,1,6.6,8.9,6.0,6.3,63.0
823,D,1,1,8.9,8.1,4.8,5.7,79.2
824,A,1,1,7.1,9.2,6.2,6.2,81.2
824,B,1,0,7.1,8.6,8.3,8.4,70.7
824,C,0,1,8.7,7.0,9.1,3.6,64.0
824,D,1,0,7.4,8.7,10,8.6,74.5
825,A,1,0,7.6,8.4,6.7,8.6,68.8
825,B,0,1,6.6,9.5,5.4,7.3,64.7
825,C,0,1,6.5,6.9,8.2,6.5,63.5
825,D,1,1,8.1,4.1,8.2,7.4,79.7
826,A,0,0,7.7,6.2,4.3,8.0,43.7
826,B,1,0,4.9,7.9,6.4,7.4,61.0
826,C,1,1,9.0,7.9,7.7,6.1,84.5
826,D,1,1,9.7,5.9,8.9,5.0,82.5
827,A,0,1,6.8,8.0,4.8,7.4,61.7
827,B,1,0,7.5,4.9,5.8,7.2,59.0
827,C,0,1,7.3,6.6,7.9,7.6,65.7
827,D,0,0,7.4,7.3,8.4,6.2,48.8
828,A,0,0,5.0,7.7,7.8,8.5,48.3
828,B,1,0,7.9,5.7,7.2,7.2,63.3
828,C,1,1,5.8,6.9,6.2,6.3,75.3
828,D,0,1,8.2,6.2,7.7,6.6,64.5
829,A,0,1,7.6,7.4,6.4,5.9,62.2
829,B,0,0,7.1,7.8,6.6,6.6,46.8
829,C,1,0,7.2,9.0,7.9,5.1,65.3
829,D,1,1,6.8,6.4,7.3,6.7,78.7
830,A,1,0,7.3,7.2,5.8,6.2,60.8
830,B,1,0,6.2,8.5,7.9,6.6,65.3
830,C,1,1,7.4,7.3,5.9,4.9,75.8
830,D,0,0,7.0,7.4,10,9.2,56.0
831,A,0,0,6.1,7.3,7.3,9.7,50.7
831,B,1,1,8.7,9.8,7.1,6.1,86.2
831,C,1,1,7.5,3.2,6.9,6.9,74.2
831,D,0,1,5.5,8.4,7.3,7.9,65.2
832,A,1,0,7.9,9.6,3.7,7.1,63.8
832,B,1,1,7.4,7.6,5.1,6.5,77.7
832,C,1,1,5.1,7.6,6.8,6.3,76.3
832,D,0,0,8.6,6.8,8.5,7.9,53.0
833,A,0,0,7.4,7.4,4.5,9.1,47.3
833,B,0,1,5.2,7.5,6.1,8.0,61.3
833,C,1,1,6.5,5.6,8.0,7.8,79.8
833,D,1,0,7.7,6.6,8.4,4.8,62.5
834,A,0,1,5.8,7.6,6.5,7.4,62.2
834,B,0,1,5.9,6.7,5.5,6.2,57.2
834,C,1,1,8.0,9.2,9.9,5.6,87.8
834,D,1,1,7.1,7.7,6.7,5.0,77.5
835,A,1,0,7.2,7.4,9.1,7.2,68.2
835,B,0,1,6.0,8.6,8.3,6.1,65.0
835,C,1,1,6.2,8.0,7.3,5.5,78.3
835,D,1,0,8.1,8.0,7.5,5.6,65.3
836,A,0,1,4.7,7.8,7.8,7.1,62.3
836,B,1,1,8.9,6.4,8.5,8.4,87.0
836,C,1,1,8.5,7.2,7.5,6.9,83.5
836,D,1,1,7.1,8.0,6.9,7.5,82.5
837,A,0,0,7.6,6.5,7.3,8.1,49.2
837,B,0,1,9.7,7.5,8.2,9.6,75.0
837,C,0,0,8.2,6.0,6.9,4.9,43.3
837,D,0,0,7.8,6.4,9.8,5.8,49.7
838,A,0,1,7.7,6.1,8.3,7.9,66.7
838,B,0,0,5.4,10,5.3,8.1,48.0
838,C,1,1,5.8,7.6,7.6,4.4,75.7
838,D,0,1,7.7,6.6,6.8,7.1,63.7
839,A,0,0,7.4,8.6,7.8,10,56.3
839,B,1,0,9.3,7.9,4.1,8.6,66.5
839,C,0,1,4.7,6.9,8.6,5.2,59.0
839,D,1,1,9.6,10,10,7.4,95.0
840,A,0,0,7.8,7.4,5.9,8.0,48.5
840,B,0,0,8.1,6.7,5.9,7.5,47.0
840,C,1,0,6.7,8.0,6.3,5.9,61.5
840,D,1,1,6.4,7.2,8.2,6.3,80.2
841,A,1,0,6.4,6.9,6.1,6.4,59.7
841,B,1,1,7.2,7.9,6.8,6.3,80.3
841,C,1,0,7.9,5.8,6.5,5.5,59.5
841,D,1,1,10,5.3,6.9,4.7,78.2
842,A,1,0,6.1,9.1,6.1,6.6,63.2
842,B,1,0,7.8,6.6,7.9,6.5,64.7
842,C,0,1,5.4,6.1,8.5,6.2,60.3
842,D,0,0,7.5,9.5,8.0,5.8,51.3
843,A,1,0,5.8,10,4.2,6.8,61.3
843,B,1,1,8.4,8.2,7.9,7.0,85.8
843,C,1,0,9.3,6.7,7.5,4.9,64.0
843,D,1,0,6.9,9.2,7.4,5.8,65.5
844,A,0,0,5.8,9.5,6.3,7.8,49.0
844,B,0,1,6.8,7.6,9.6,9.2,72.0
844,C,1,0,6.6,5.7,8.6,5.9,61.3
844,D,1,0,6.1,8.7,5.5,6.9,62.0
845,A,1,0,8.7,9.5,4.4,8.5,68.5
845,B,1,1,5.7,6.9,9.1,6.8,80.8
845,C,0,0,7.6,7.5,7.4,6.4,48.2
845,D,0,1,6.8,8.7,9.1,4.0,64.3
846,A,0,1,4.9,8.0,7.5,7.8,63.7
846,B,1,1,6.3,9.0,5.5,6.7,79.2
846,C,1,0,7.0,4.8,8.7,7.1,62.7
846,D,0,1,6.7,5.6,5.1,8.1,59.2
847,A,1,0,5.9,6.6,5.5,7.6,59.3
847,B,1,1,5.3,7.9,7.5,6.9,79.3
847,C,0,1,5.4,5.8,7.6,6.2,58.3
847,D,1,1,7.0,8.9,7.3,6.6,83.0
848,A,0,1,7.0,7.5,6.3,5.9,61.2
848,B,1,0,6.5,8.9,5.9,6.1,62.3
848,C,1,0,9.7,7.5,6.0,6.4,66.0
848,D,0,1,9.3,6.5,7.7,6.2,66.2
849,A,1,0,7.1,9.3,4.1,7.6,63.5
849,B,1,0,7.3,7.9,6.3,5.1,61.0
849,C,0,0,7.5,8.3,5.1,4.2,41.8
849,D,0,0,8.4,4.8,5.9,6.4,42.5
850,A,0,0,5.2,8.9,4.1,6.3,40.8
850,B,1,0,7.4,9.4,6.7,7.7,68.7
850,C,1,1,7.4,7.1,7.8,7.8,83.5
850,D,0,0,6.2,8.4,6.8,7.5,48.2
851,A,1,1,5.9,8.0,4.9,6.9,76.2
851,B,1,1,6.7,6.7,8.6,6.6,81.0
851,C,0,0,8.2,6.9,7.1,5.1,45.5
851,D,1,0,7.8,6.1,4.1,6.0,56.7
852,A,0,0,5.9,7.3,7.5,5.6,43.8
852,B,0,1,4.7,6.0,8.3,7.1,60.2
852,C,1,0,6.8,6.3,6.2,5.2,57.5
852,D,1,0,7.2,4.4,7.7,7.1,60.7
853,A,0,0,7.1,7.9,4.9,9.8,49.5
853,B,1,1,6.7,7.4,6.7,7.5,80.5
853,C,1,1,6.2,7.8,9.0,4.9,79.8
853,D,1,1,9.0,10,7.7,7.0,89.5
854,A,1,1,5.1,5.5,7.6,7.7,76.5
854,B,1,1,7.3,7.0,8.5,6.9,82.8
854,C,0,0,6.1,8.3,7.5,5.7,46.0
854,D,1,1,6.6,7.2,7.1,5.2,76.8
855,A,0,1,6.4,4.9,5.8,7.1,57.0
855,B,1,0,6.6,8.4,4.9,4.7,57.7
855,C,0,0,6.7,9.3,6.2,3.5,42.8
855,D,1,0,8.9,7.1,6.1,7.4,65.8
856,A,1,1,5.7,8.8,5.1,7.6,78.7
856,B,0,0,5.9,8.0,7.5,6.9,47.2
856,C,1,0,8.2,7.4,8.8,7.0,69.0
856,D,1,1,7.4,7.2,8.3,6.4,82.2
857,A,1,0,6.1,5.8,5.9,7.0,58.0
857,B,1,0,7.8,7.4,7.9,6.5,66.0
857,C,0,0,8.1,7.2,5.5,6.5,45.5
857,D,1,1,5.0,9.6,6.3,8.3,82.0
858,A,0,0,7.4,6.1,6.5,9.0,48.3
858,B,1,1,7.8,7.6,6.4,6.9,81.2
858,C,1,0,6.5,6.0,7.4,3.9,56.3
858,D,0,0,9.2,6.5,6.1,5.9,46.2
859,A,0,0,7.0,7.9,5.4,7.7,46.7
859,B,1,0,5.1,8.4,6.6,4.8,58.2
859,C,1,0,8.3,6.7,8.1,4.8,63.2
859,D,0,0,7.4,8.7,7.3,6.2,49.3
860,A,0,1,4.8,6.6,4.9,8.1,57.3
860,B,0,0,4.7,8.3,6.6,4.8,40.7
860,C,0,1,8.7,6.3,8.6,6.7,67.2
860,D,1,1,7.9,10,8.4,6.3,87.7
861,A,1,0,7.6,10,6.1,7.7,69.0
861,B,1,0,8.7,8.1,9.0,7.6,72.3
861,C,1,0,9.7,9.0,6.5,6.6,69.7
861,D,0,1,8.0,8.7,9.1,7.4,72.0
862,A,1,0,6.3,7.6,5.2,4.0,55.2
862,B,1,1,5.7,6.3,5.4,4.0,69.0
862,C,0,1,6.3,6.0,7.8,6.4,60.8
862,D,1,1,9.7,8.7,9.5,6.8,91.2
863,A,1,0,7.1,10,7.6,5.0,66.2
863,B,1,0,5.9,7.5,5.6,7.1,60.2
863,C,0,1,6.4,4.1,6.8,6.1,55.7
863,D,1,0,7.2,8.6,8.7,7.8,70.5
864,A,1,0,8.2,10,6.0,7.3,69.2
864,B,0,0,6.9,8.3,7.6,6.6,49.0
864,C,1,0,6.5,6.7,7.5,4.1,58.0
864,D,0,1,7.3,7.4,8.5,6.6,66.3
865,A,1,1,7.1,9.5,7.9,8.6,88.5
865,B,1,0,3.8,9.1,6.1,4.9,56.5
865,C,0,0,6.4,7.0,6.5,6.0,43.2
865,D,1,0,9.2,8.3,9.4,6.8,72.8
866,A,0,0,5.0,5.9,5.7,7.7,40.5
866,B,0,0,6.7,6.7,4.7,8.5,44.3
866,C,1,1,8.5,6.2,7.8,7.2,82.8
866,D,0,1,7.5,7.2,9.1,7.9,69.5
867,A,1,0,7.8,8.2,4.9,8.8,66.2
867,B,1,0,7.9,8.1,5.9,5.7,62.7
867,C,1,0,9.3,5.3,6.7,5.5,61.3
867,D,1,1,7.5,7.2,4.9,7.5,78.5
868,A,0,0,7.3,7.4,6.7,6.1,45.8
868,B,1,1,6.9,7.9,7.3,5.4,79.2
868,C,1,0,5.9,7.0,8.5,7.2,64.3
868,D,1,1,6.2,5.2,8.3,8.7,80.7
869,A,1,0,6.8,7.2,7.0,6.5,62.5
869,B,1,1,9.0,9.4,7.8,7.3,89.2
869,C,1,1,5.8,8.8,8.4,9.4,87.3
869,D,1,0,8.3,6.5,7.4,7.7,66.5
870,A,1,1,6.3,7.1,7.0,5.6,76.7
870,B,1,0,8.4,7.0,6.1,6.2,62.8
870,C,1,0,7.3,4.9,7.6,5.8,59.3
870,D,1,0,10,7.9,8.4,9.4,76.2
871,A,0,0,7.6,9.4,5.0,7.1,48.5
871,B,0,0,8.7,7.3,7.2,4.5,46.2
871,C,1,0,8.5,6.1,7.7,7.0,65.5
871,D,1,0,8.3,7.6,7.4,7.1,67.3
872,A,1,1,6.7,5.7,3.7,5.4,69.2
872,B,1,0,5.4,9.3,5.6,5.6,59.8
872,C,0,0,7.1,8.8,8.4,5.4,49.5
872,D,0,1,7.6,6.9,7.4,6.7,64.3
873,A,1,0,7.1,8.3,5.8,6.7,63.2
873,B,0,0,6.5,10,8.3,5.8,51.0
873,C,0,1,6.4,6.7,8.2,5.8,61.8
873,D,1,1,9.5,8.6,8.7,3.1,83.2
874,A,0,1,6.0,8.3,6.4,7.4,63.5
874,B,1,1,6.9,6.9,7.8,7.2,81.3
874,C,0,0,6.7,4.6,6.7,4.0,36.7
874,D,0,0,8.8,6.1,7.4,4.5,44.7
875,A,0,0,6.0,7.6,4.1,5.8,39.2
875,B,0,1,8.3,6.6,7.4,6.3,64.3
875,C,1,1,6.1,7.7,8.0,5.1,78.2
875,D,0,0,6.8,9.9,10,5.1,53.0
876,A,1,0,6.4,5.1,4.7,7.7,56.5
876,B,1,0,7.4,8.9,5.9,7.7,66.5
876,C,0,0,7.8,6.6,8.0,4.9,45.5
876,D,1,0,8.1,6.6,7.5,6.9,65.2
877,A,0,0,6.1,7.1,8.1,9.0,50.5
877,B,0,0,7.3,7.8,6.4,6.7,47.0
877,C,1,0,6.5,7.6,5.4,3.3,54.7
877,D,1,1,9.9,8.1,9.2,7.3,90.8
878,A,1,0,6.4,8.2,3.7,5.8,56.8
878,B,0,0,7.4,4.6,6.0,7.8,43.0
878,C,0,0,6.9,6.5,6.7,5.0,41.8
878,D,0,0,4.5,7.0,9.1,6.3,44.8
879,A,0,1,6.5,6.3,5.9,7.0,59.5
879,B,1,0,6.4,7.4,6.2,7.4,62.3
879,C,0,1,6.7,5.3,8.5,6.0,60.8
879,D,1,1,8.1,7.6,8.0,7.6,85.5
880,A,1,1,5.6,6.6,5.8,7.3,75.5
880,B,1,0,8.3,9.4,6.7,5.6,66.7
880,C,0,0,7.6,6.9,7.4,6.6,47.5
880,D,1,1,6.5,8.4,5.1,6.8,78.0
881,A,0,0,5.9,6.2,6.6,7.1,43.0
881,B,1,0,6.0,5.5,8.3,6.2,60.0
881,C,1,1,6.9,6.3,6.8,7.3,78.8
881,D,1,1,7.3,7.4,9.0,7.1,84.7
882,A,1,1,6.3,8.0,7.6,6.9,81.3
882,B,1,1,7.4,6.2,6.0,8.7,80.5
882,C,1,0,5.9,5.5,6.7,6.4,57.5
882,D,1,1,8.3,6.5,6.8,6.9,80.8
883,A,1,0,6.3,8.1,7.1,8.7,67.0
883,B,1,0,7.3,10,7.0,5.8,66.8
883,C,0,1,6.4,5.9,6.9,5.4,57.7
883,D,1,1,8.1,5.1,8.4,7.0,81.0
884,A,0,0,7.5,7.3,4.8,8.6,47.0
884,B,1,0,8.1,9.8,8.5,8.2,74.3
884,C,1,0,6.9,8.0,8.6,5.3,64.7
884,D,1,1,9.8,5.5,9.2,5.3,83.0
885,A,0,1,6.4,6.0,6.1,6.5,58.3
885,B,0,1,7.9,7.8,6.6,7.3,66.0
885,C,1,1,5.5,7.6,7.5,4.3,74.8
885,D,1,1,8.6,7.0,7.7,6.4,82.8
886,A,1,1,5.1,8.0,7.1,5.1,75.5
886,B,0,1,6.2,6.7,6.7,7.0,61.0
886,C,0,0,7.2,7.1,5.6,6.5,44.0
886,D,0,0,5.9,7.1,9.3,5.9,47.0
887,A,0,0,4.5,6.0,5.1,5.7,35.5
887,B,1,0,7.1,8.7,5.2,6.0,61.7
887,C,1,1,6.9,6.2,6.2,5.2,74.2
887,D,1,1,6.9,7.1,9.7,5.2,81.5
888,A,0,0,6.3,9.9,5.8,6.7,47.8
888,B,1,1,7.2,9.0,6.4,6.3,81.5
888,C,0,0,5.4,7.0,7.5,5.9,43.0
888,D,1,0,7.0,10,5.1,6.5,64.3
889,A,0,1,5.8,7.6,4.8,7.6,59.7
889,B,1,0,7.3,10,6.8,5.3,65.7
889,C,0,0,6.3,5.5,8.3,4.7,41.3
889,D,1,0,9.5,8.6,6.1,6.5,67.8
890,A,1,0,5.8,6.1,4.8,7.1,56.3
890,B,1,0,6.5,6.3,5.8,6.8,59.0
890,C,1,1,8.7,7.1,9.2,6.9,86.5
890,D,0,1,9.6,5.9,7.7,8.2,69.0
891,A,1,1,6.3,8.1,5.7,8.3,80.7
891,B,0,1,5.3,8.9,5.9,6.0,60.2
891,C,0,0,7.2,7.0,4.9,5.2,40.5
891,D,1,0,8.7,6.3,7.6,7.4,66.7
892,A,1,1,7.5,7.4,6.6,8.5,83.3
892,B,1,0,8.6,8.3,7.9,6.8,69.3
892,C,1,1,10,7.6,7.3,8.1,88.3
892,D,1,1,7.5,8.4,6.0,7.6,82.5
893,A,0,0,5.5,8.3,5.2,7.0,43.3
893,B,1,0,7.1,10,5.1,5.0,62.0
893,C,1,0,7.0,6.0,5.9,4.1,55.0
893,D,0,0,7.4,8.7,9.2,8.8,56.8
894,A,1,0,8.4,5.6,6.4,7.3,62.8
894,B,0,1,5.7,7.7,4.8,5.4,56.0
894,C,1,1,6.8,5.8,8.0,7.4,80.0
894,D,0,1,8.4,5.7,9.4,7.4,68.2
895,A,0,0,6.9,8.0,5.8,9.1,49.7
895,B,1,0,7.0,10,6.4,7.8,68.7
895,C,0,0,5.9,7.8,5.6,7.6,44.8
895,D,1,0,8.6,7.7,9.3,7.4,71.7
896,A,1,0,4.7,6.3,5.0,7.1,55.2
896,B,1,1,6.6,9.4,9.5,5.7,85.3
896,C,0,0,5.2,5.8,7.7,7.2,43.2
896,D,0,0,8.4,10,6.0,5.4,49.7
897,A,0,0,6.4,8.2,6.2,5.3,43.5
897,B,1,1,5.6,8.6,5.7,8.1,80.0
897,C,0,0,5.3,8.8,5.4,4.9,40.7
897,D,1,0,5.8,7.1,9.9,7.0,66.3
898,A,0,0,7.6,6.3,5.5,8.2,46.0
898,B,1,0,6.7,9.5,6.9,8.4,69.2
898,C,1,0,5.8,5.8,8.0,4.8,57.3
898,D,1,1,8.1,6.8,6.6,7.3,81.3
899,A,1,0,6.8,8.8,7.5,6.3,65.7
899,B,0,1,6.1,5.7,7.8,6.5,60.2
899,C,1,1,8.2,5.9,8.3,7.3,82.8
899,D,0,0,9.1,8.4,6.3,6.9,51.2
900,A,1,0,5.3,8.1,5.7,6.2,58.8
900,B,1,1,8.5,7.8,6.1,7.9,83.8
900,C,1,0,5.9,5.6,5.9,5.4,54.7
900,D,1,1,5.4,6.6,10,8.0,83.3
901,A,1,0,7.3,6.7,7.5,6.4,63.2
901,B,0,0,7.1,6.5,9.2,6.9,49.5
901,C,1,0,5.6,6.3,6.8,5.3,56.7
901,D,0,0,6.5,7.8,7.2,5.8,45.5
902,A,1,1,6.6,9.5,5.5,6.4,80.0
902,B,1,1,6.9,7.6,6.7,8.7,83.2
902,C,1,1,8.3,7.3,6.3,6.8,81.2
902,D,1,0,10,6.2,7.7,5.3,65.3
903,A,1,0,5.1,10,5.2,9.0,65.5
903,B,1,1,8.3,9.0,8.2,6.6,86.8
903,C,1,0,7.4,7.6,7.9,6.3,65.3
903,D,0,1,7.6,6.2,8.4,6.2,64.0
904,A,0,1,5.3,10,2.8,6.4,57.5
904,B,1,1,6.6,4.9,3.8,8.3,72.7
904,C,1,0,5.5,7.6,7.8,5.6,60.8
904,D,1,0,10.0,8.5,8.6,6.0,71.8
905,A,0,1,7.0,7.7,5.1,6.8,61.0
905,B,1,1,6.6,7.6,9.4,5.0,81.0
905,C,1,0,8.8,5.6,6.3,7.4,63.5
905,D,1,1,8.4,7.2,5.6,8.1,82.2
906,A,1,0,7.1,9.8,5.6,6.1,64.3
906,B,1,1,9.3,6.9,5.5,6.1,79.7
906,C,1,0,6.4,6.4,7.7,7.2,62.8
906,D,1,1,6.6,9.5,7.9,5.8,83.0
907,A,0,0,5.6,6.5,5.8,6.7,41.0
907,B,1,1,9.2,9.5,6.1,5.7,84.2
907,C,1,0,6.6,3.8,6.9,7.6,58.2
907,D,0,1,7.6,7.7,6.9,8.0,67.0
908,A,0,0,4.8,6.3,6.9,6.2,40.3
908,B,1,0,7.7,5.3,5.2,6.8,58.3
908,C,0,1,8.1,5.7,6.3,6.9,61.7
908,D,1,0,5.6,7.6,10,6.1,65.5
909,A,1,1,4.3,6.9,4.9,8.6,74.5
909,B,1,1,8.2,8.1,7.3,7.5,85.2
909,C,0,0,7.2,5.9,8.2,7.1,47.3
909,D,1,0,7.9,6.1,7.2,6.3,62.5
910,A,1,0,7.8,9.8,5.9,5.8,65.5
910,B,0,0,5.9,6.8,7.3,9.4,49.0
910,C,1,1,6.0,4.5,6.8,5.2,70.8
910,D,1,0,8.8,6.9,8.9,5.6,67.0
911,A,0,0,8.2,6.0,5.5,8.5,47.0
911,B,0,0,5.1,7.9,8.0,6.8,46.3
911,C,1,0,8.1,7.2,7.7,4.0,61.7
911,D,0,0,8.3,6.6,7.9,4.5,45.5
912,A,0,0,5.3,8.1,5.6,5.1,40.2
912,B,1,0,6.4,6.2,6.7,7.5,61.3
912,C,1,0,7.3,4.5,5.4,5.1,53.8
912,D,0,1,5.6,6.6,7.4,7.2,61.3
913,A,1,1,6.6,10,5.8,8.3,84.5
913,B,1,0,7.6,7.1,7.4,7.9,66.7
913,C,1,0,10,4.4,6.6,7.6,64.3
913,D,1,0,7.2,9.0,7.5,7.2,68.2
914,A,1,0,5.4,7.5,4.8,8.2,59.8
914,B,0,1,6.7,5.5,8.2,5.4,59.7
914,C,1,0,8.3,4.9,8.1,6.2,62.5
914,D,0,1,7.7,7.7,8.0,6.3,66.2
915,A,0,0,7.0,6.7,7.5,9.6,51.3
915,B,0,1,8.5,7.9,5.6,5.8,63.0
915,C,1,0,6.2,7.0,8.3,6.6,63.5
915,D,1,0,9.5,8.6,6.5,9.3,73.2
916,A,1,0,5.2,8.5,4.2,6.4,57.2
916,B,1,1,7.1,7.1,6.5,5.3,76.7
916,C,0,1,8.3,8.7,8.6,5.0,67.7
916,D,1,0,9.4,6.9,8.6,8.6,72.5
917,A,0,1,6.5,6.1,5.5,6.8,58.2
917,B,1,1,8.0,6.4,7.0,7.9,82.2
917,C,1,0,7.3,6.9,7.4,4.5,60.2
917,D,1,1,8.2,8.4,7.0,6.0,82.7
918,A,0,0,6.9,7.3,4.5,6.8,42.5
918,B,1,1,6.4,10,6.2,5.9,80.8
918,C,1,0,9.4,4.7,7.6,4.8,60.8
918,D,1,0,9.6,6.8,6.5,6.6,65.8
919,A,0,1,5.2,6.5,4.1,6.0,53.0
919,B,1,0,7.6,8.5,8.3,5.7,66.8
919,C,1,0,8.5,8.7,6.5,8.5,70.3
919,D,0,1,7.5,5.4,7.2,9.1,65.3
920,A,1,1,7.3,8.8,5.7,6.3,80.2
920,B,1,1,5.9,10,7.1,7.1,83.5
920,C,0,0,6.9,6.9,7.8,4.5,43.5
920,D,0,0,7.0,6.9,8.5,6.7,48.5
921,A,1,0,6.8,7.8,5.9,7.0,62.5
921,B,1,0,6.5,8.7,5.1,6.2,60.8
921,C,0,0,7.9,7.1,8.3,6.4,49.5
921,D,1,0,6.3,9.1,8.5,6.7,67.7
922,A,1,0,6.2,5.0,4.8,8.5,57.5
922,B,0,1,6.6,7.8,7.3,9.3,68.3
922,C,1,0,8.0,10,7.0,6.5,69.2
922,D,1,1,7.6,6.4,7.0,6.4,79.0
923,A,0,0,5.2,8.7,5.9,7.8,46.0
923,B,1,0,5.2,6.5,8.3,10,66.7
923,C,0,0,5.1,7.2,6.8,5.1,40.3
923,D,1,1,9.1,6.2,8.5,5.5,82.2
924,A,0,1,6.9,7.7,5.3,6.6,60.8
924,B,1,1,7.3,7.7,6.1,6.8,79.8
924,C,0,1,7.0,6.8,8.1,5.4,62.2
924,D,1,1,8.6,7.5,6.1,7.6,83.0
925,A,0,0,4.5,7.1,5.0,9.1,42.8
925,B,0,0,8.0,6.2,7.8,10,53.3
925,C,1,1,4.8,6.6,9.4,7.7,80.8
925,D,0,1,7.1,6.3,9.5,8.2,68.5
926,A,1,0,6.7,7.3,6.7,4.6,58.8
926,B,1,0,6.9,6.6,8.1,8.1,66.2
926,C,1,0,8.4,6.4,7.8,7.7,67.2
926,D,1,0,8.8,7.8,8.0,7.7,70.5
927,A,0,0,7.3,6.8,7.1,7.3,47.5
927,B,0,1,6.7,9.4,7.8,7.8,69.5
927,C,0,1,9.7,8.1,7.3,3.9,65.0
927,D,1,1,7.2,6.8,7.2,6.6,79.7
928,A,0,0,6.7,5.6,4.0,7.7,40.0
928,B,0,0,7.7,10,6.4,6.6,51.2
928,C,0,0,5.4,7.7,7.3,7.0,45.7
928,D,1,1,7.5,5.5,9.7,3.9,77.7
929,A,0,0,8.5,7.8,4.5,8.1,48.2
929,B,1,0,8.9,7.2,6.7,3.9,61.2
929,C,1,0,8.3,10,6.7,7.1,70.2
929,D,1,0,8.6,7.0,8.1,6.7,67.3
930,A,1,1,4.8,9.3,6.9,7.7,81.2
930,B,0,0,5.6,7.9,5.5,7.8,44.7
930,C,1,1,5.6,8.7,8.9,6.2,82.3
930,D,1,0,9.0,7.1,5.0,8.0,65.2
931,A,1,0,8.1,7.6,3.6,7.1,60.7
931,B,1,0,2.6,7.8,6.2,8.1,57.8
931,C,1,1,6.5,7.4,7.5,6.2,79.3
931,D,1,0,6.7,8.9,7.3,6.0,64.8
932,A,1,0,8.6,7.4,5.3,5.5,61.3
932,B,1,1,6.8,7.5,4.4,7.4,76.8
932,C,1,0,8.1,6.3,5.8,6.2,60.7
932,D,1,0,7.9,6.7,8.8,4.8,63.7
933,A,1,0,7.0,5.4,6.1,8.0,60.8
933,B,1,0,7.7,8.3,4.3,6.5,61.3
933,C,1,0,7.0,6.7,5.9,3.9,55.8
933,D,1,1,9.7,9.0,5.6,8.5,88.0
934,A,0,1,6.3,8.6,5.6,8.4,64.8
934,B,1,1,9.8,4.4,5.9,7.3,79.0
934,C,0,1,7.8,6.1,6.8,7.6,63.8
934,D,0,0,6.4,9.4,8.9,9.9,57.7
935,A,0,0,7.3,8.3,6.5,6.9,48.3
935,B,1,1,7.0,7.0,7.2,5.2,77.3
935,C,1,1,8.3,7.6,7.4,6.6,83.2
935,D,1,1,8.2,7.6,8.1,8.8,87.8
936,A,0,0,6.8,7.0,7.4,9.8,51.7
936,B,1,0,6.8,6.9,5.3,7.3,60.5
936,C,1,1,5.8,7.9,7.9,5.3,78.2
936,D,1,1,9.2,5.7,9.6,5.5,83.3
937,A,0,0,4.4,9.6,7.6,8.5,50.2
937,B,1,1,8.6,8.2,7.0,6.2,83.3
937,C,1,0,7.7,6.9,8.0,7.5,66.8
937,D,1,0,8.0,6.6,6.2,7.3,63.5
938,A,1,1,7.3,6.0,5.6,5.3,73.7
938,B,1,0,9.1,6.5,5.4,7.8,64.7
938,C,0,0,5.8,7.8,7.0,5.0,42.7
938,D,0,0,6.3,7.1,3.6,5.9,38.2
939,A,1,0,8.1,6.6,3.9,8.4,61.7
939,B,1,1,8.1,6.6,5.1,8.5,80.5
939,C,0,0,10,7.8,6.6,6.4,51.3
939,D,1,0,9.5,7.1,8.2,4.8,66.0
940,A,1,0,7.2,9.0,4.6,7.4,63.7
940,B,0,0,7.4,6.1,7.2,6.6,45.5
940,C,1,0,5.3,4.9,5.6,6.2,53.3
940,D,1,0,6.6,8.2,9.3,7.4,69.2
941,A,1,1,9.7,8.2,4.1,9.0,85.0
941,B,1,1,8.1,6.4,6.1,6.1,77.8
941,C,1,0,6.1,5.7,8.4,5.7,59.8
941,D,1,1,8.8,6.3,9.1,7.3,85.8
942,A,1,1,5.3,7.0,6.2,8.2,77.8
942,B,1,1,8.2,6.9,7.7,8.2,85.0
942,C,0,0,7.5,6.3,7.2,4.0,41.7
942,D,1,1,9.8,7.7,8.3,6.5,87.2
943,A,1,0,6.9,8.7,6.4,7.2,65.3
943,B,1,0,8.8,8.0,5.9,8.7,69.0
943,C,1,1,8.2,5.3,7.2,5.7,77.3
943,D,1,0,7.0,6.9,7.8,5.4,61.8
944,A,1,0,6.8,7.9,5.6,9.3,66.0
944,B,0,1,7.8,5.5,8.4,7.6,65.5
944,C,0,1,7.2,7.6,6.4,4.7,59.8
944,D,1,1,6.6,7.5,5.5,5.0,74.3
945,A,1,1,5.2,7.8,2.8,6.5,70.5
945,B,0,0,8.5,6.8,5.0,7.7,46.7
945,C,0,0,6.7,6.2,4.7,5.9,39.2
945,D,0,0,6.8,5.7,8.6,5.4,44.2
946,A,0,0,5.5,8.4,4.6,6.7,42.0
946,B,0,0,4.8,8.9,3.9,4.7,37.2
946,C,0,1,6.4,6.3,5.5,5.7,56.5
946,D,0,1,7.6,7.7,7.6,9.1,70.0
947,A,1,0,9.1,6.8,4.8,7.2,63.2
947,B,1,0,7.4,8.7,6.8,5.4,63.8
947,C,1,0,5.7,7.1,6.0,5.1,56.5
947,D,1,1,5.8,6.3,8.2,6.8,78.5
948,A,0,1,6.8,9.5,4.7,7.9,64.8
948,B,1,0,7.3,10,8.1,5.8,68.7
948,C,0,0,8.2,5.1,9.0,7.6,49.8
948,D,1,1,8.7,8.3,8.8,5.3,85.2
949,A,1,0,4.9,5.2,5.6,3.4,48.5
949,B,1,0,7.6,6.8,8.9,7.0,67.2
949,C,0,0,8.0,7.0,9.2,6.3,50.8
949,D,1,0,8.0,4.9,6.1,7.9,61.5
950,A,0,0,6.4,9.6,6.1,6.8,48.2
950,B,1,1,5.0,7.9,3.8,7.0,72.8
950,C,1,0,7.9,8.4,4.7,4.7,59.5
950,D,1,1,8.3,7.8,6.5,4.9,79.2
951,A,0,1,6.6,7.6,6.8,10,68.3
951,B,0,1,6.6,8.0,6.9,8.5,66.7
951,C,1,1,7.3,7.8,6.5,4.2,76.3
951,D,1,0,9.5,8.4,7.5,7.1,70.8
952,A,1,0,6.2,8.4,4.8,7.3,61.2
952,B,1,0,8.1,8.2,6.0,4.7,61.7
952,C,1,1,4.3,7.1,5.8,6.1,72.2
952,D,1,0,6.1,5.4,5.9,7.2,57.7
953,A,0,0,5.2,7.0,5.8,7.2,42.0
953,B,1,0,5.5,6.9,6.3,8.6,62.2
953,C,1,0,7.2,7.5,6.2,4.3,58.7
953,D,1,0,7.0,7.1,9.5,7.1,67.8
954,A,1,0,9.0,4.7,5.2,6.6,59.2
954,B,0,1,8.1,5.8,5.9,9.6,65.7
954,C,1,1,9.2,6.4,5.8,7.2,81.0
954,D,1,1,7.3,7.1,6.5,6.6,79.2
955,A,1,0,5.7,6.1,7.4,7.8,61.7
955,B,1,0,8.2,8.2,4.8,8.2,65.7
955,C,1,1,7.5,6.1,3.7,5.5,71.3
955,D,1,0,8.9,8.5,7.4,6.1,68.2
956,A,1,0,7.4,6.4,5.7,4.9,57.3
956,B,1,0,7.9,7.2,6.5,5.9,62.5
956,C,1,1,5.6,6.9,6.8,4.6,73.2
956,D,0,0,8.2,8.0,7.2,6.7,50.2
957,A,1,0,7.2,9.7,6.2,6.7,66.3
957,B,1,0,7.9,7.1,9.6,6.2,68.0
957,C,0,1,5.3,4.5,6.5,7.2,55.8
957,D,1,0,9.1,6.4,9.1,8.8,72.3
958,A,1,0,5.3,8.4,5.1,6.2,58.3
958,B,1,0,6.8,5.5,6.5,6.7,59.2
958,C,0,1,8.0,5.5,8.1,7.4,65.0
958,D,1,0,9.2,5.6,9.2,6.3,67.2
959,A,1,0,6.2,7.7,6.6,7.2,62.8
959,B,0,0,7.9,9.9,6.3,5.4,49.2
959,C,1,0,6.8,6.8,7.1,5.7,60.7
959,D,1,0,8.6,9.6,7.0,6.7,69.8
960,A,1,1,5.9,7.7,5.5,8.5,79.3
960,B,0,0,6.9,9.0,5.5,8.3,49.5
960,C,1,1,7.5,6.4,7.2,5.7,78.0
960,D,1,0,8.3,7.1,5.7,6.1,62.0
961,A,1,1,5.5,3.6,6.1,6.6,69.7
961,B,1,1,5.3,8.7,6.3,8.3,81.0
961,C,1,0,5.8,5.9,7.1,6.3,58.5
961,D,0,0,8.6,5.6,8.3,6.7,48.7
962,A,1,1,8.2,6.1,3.6,6.9,74.7
962,B,1,1,6.6,9.2,6.1,5.7,79.3
962,C,0,1,7.7,6.5,8.1,6.5,64.7
962,D,1,1,9.5,6.2,8.6,6.6,84.8
963,A,0,0,8.2,7.7,4.8,6.1,44.7
963,B,1,1,7.3,6.3,6.5,7.7,79.7
963,C,1,1,8.4,5.8,5.0,4.9,73.5
963,D,1,1,7.1,5.3,7.7,6.6,77.8
964,A,1,0,5.3,7.2,4.7,4.1,52.2
964,B,1,1,6.2,8.5,4.8,7.3,78.0
964,C,1,0,9.1,6.2,7.5,4.3,61.8
964,D,0,0,8.1,7.1,7.2,6.9,48.8
965,A,1,1,5.9,4.7,5.2,8.3,73.5
965,B,0,0,7.6,5.2,6.7,7.6,45.2
965,C,1,0,7.8,6.7,8.2,5.6,63.8
965,D,1,1,6.8,7.8,6.8,7.9,82.2
966,A,1,0,5.8,8.8,5.1,7.7,62.3
966,B,1,1,8.0,9.5,7.7,9.5,91.2
966,C,1,1,8.2,5.9,7.5,5.6,78.7
966,D,1,0,8.0,4.8,8.6,6.2,62.7
967,A,1,1,5.4,8.3,7.3,10,85.0
967,B,1,0,7.1,7.0,7.7,7.5,65.5
967,C,1,0,6.4,7.5,6.6,4.8,58.8
967,D,0,0,8.2,7.3,7.5,6.9,49.8
968,A,0,1,5.9,5.8,5.5,7.9,58.5
968,B,1,0,5.4,6.1,4.2,7.8,55.8
968,C,0,1,6.1,7.5,7.3,6.4,62.2
968,D,1,1,8.0,7.8,8.9,9.6,90.5
969,A,1,0,9.4,6.6,5.1,7.6,64.5
969,B,1,0,6.2,8.3,5.2,7.5,62.0
969,C,1,0,6.7,7.3,7.4,5.0,60.7
969,D,1,1,7.5,7.8,7.0,5.3,79.3
970,A,1,1,6.9,10,6.2,6.9,83.3
970,B,1,0,7.6,9.3,6.5,8.2,69.3
970,C,1,0,7.8,3.6,7.9,5.8,58.5
970,D,1,0,7.3,8.0,7.8,7.6,67.8
971,A,1,0,4.7,7.0,4.0,7.3,55.0
971,B,0,0,10,7.6,5.0,6.7,48.8
971,C,1,0,7.9,8.4,7.3,4.8,64.0
971,D,0,0,9.1,8.7,7.4,5.8,51.7
972,A,1,1,5.0,7.6,6.2,7.1,76.5
972,B,0,1,5.7,7.9,4.5,7.3,59.0
972,C,1,0,6.2,8.1,9.7,5.8,66.3
972,D,0,0,7.4,9.0,8.6,7.1,53.5
973,A,1,1,7.3,8.1,2.3,4.4,70.2
973,B,1,1,7.3,6.3,4.2,6.4,73.7
973,C,1,0,6.7,6.7,5.8,6.7,59.8
973,D,0,1,8.0,7.3,7.5,7.6,67.3
974,A,0,0,6.6,7.8,7.3,6.8,47.5
974,B,0,1,7.5,8.5,3.8,6.5,60.5
974,C,1,0,7.8,5.0,8.1,5.6,60.8
974,D,0,0,7.9,5.9,6.8,6.7,45.5
975,A,0,0,7.2,5.6,3.9,7.7,40.7
975,B,1,1,7.2,7.5,7.8,7.5,83.3
975,C,1,1,6.8,7.4,8.8,5.7,81.2
975,D,0,0,6.9,6.3,7.8,9.2,50.3
976,A,1,1,6.9,6.6,6.1,6.9,77.5
976,B,0,1,5.8,8.2,4.6,7.0,59.3
976,C,1,0,5.2,7.0,7.4,3.4,55.0
976,D,1,1,7.8,7.4,9.5,4.7,82.3
977,A,0,0,5.4,9.6,5.8,8.9,49.5
977,B,0,1,9.3,6.7,5.7,6.6,63.8
977,C,0,0,9.5,4.9,6.7,7.5,47.7
977,D,1,1,7.9,8.0,8.5,5.8,83.7
978,A,1,0,7.7,6.7,7.4,7.8,66.0
978,B,1,0,5.7,6.7,6.7,4.3,55.7
978,C,1,1,5.6,9.8,6.8,5.8,80.0
978,D,1,1,7.6,7.9,6.4,4.7,77.7
979,A,1,1,7.6,9.1,7.3,7.6,86.0
979,B,1,1,10,6.1,5.2,4.5,76.3
979,C,1,1,8.1,6.2,8.7,6.0,81.7
979,D,1,1,7.2,8.9,9.3,6.1,85.8
980,A,0,0,5.1,7.9,6.0,6.2,42.0
980,B,0,0,5.4,6.4,5.0,8.8,42.7
980,C,1,0,6.1,7.3,8.4,4.0,59.7
980,D,1,0,7.8,7.1,8.3,7.9,68.5
981,A,0,0,7.7,9.1,5.5,5.3,46.0
981,B,0,1,5.1,7.7,5.6,5.7,56.8
981,C,1,0,5.2,4.7,6.1,4.3,50.5
981,D,1,1,9.9,7.4,7.3,6.1,84.5
982,A,1,0,4.0,7.7,7.2,6.3,58.7
982,B,1,0,8.6,6.4,6.8,7.7,65.8
982,C,1,1,7.5,6.5,7.9,5.4,78.8
982,D,1,1,8.3,6.5,7.3,8.0,83.5
983,A,0,0,6.7,7.5,5.9,8.1,47.0
983,B,0,0,7.8,6.5,6.9,7.3,47.5
983,C,1,0,7.3,6.5,6.5,3.3,56.0
983,D,0,0,7.5,5.8,8.6,6.6,47.5
984,A,0,1,6.1,7.4,4.9,8.0,60.7
984,B,0,0,5.9,9.1,8.8,6.1,49.8
984,C,1,1,7.1,6.8,6.3,5.5,76.2
984,D,0,1,9.0,4.8,6.7,7.6,63.5
985,A,0,1,7.2,5.1,5.8,8.1,60.3
985,B,1,1,5.3,9.9,6.0,8.7,83.2
985,C,0,1,8.6,7.9,7.0,6.1,66.0
985,D,1,0,8.9,7.5,7.5,7.7,69.3
986,A,1,0,5.0,8.5,3.1,4.9,52.5
986,B,0,0,8.2,8.3,6.0,6.2,47.8
986,C,0,1,5.9,6.0,5.8,6.7,57.3
986,D,1,0,8.2,9.3,7.9,7.8,72.0
987,A,1,0,7.8,8.5,4.9,6.3,62.5
987,B,0,0,9.3,8.9,5.2,6.3,49.5
987,C,1,0,8.4,7.4,6.3,5.9,63.3
987,D,0,0,9.8,8.5,5.5,6.3,50.2
988,A,1,0,6.4,8.4,2.4,8.6,59.7
988,B,0,0,6.2,7.1,7.2,5.2,42.8
988,C,1,0,8.7,4.5,9.5,8.7,69.0
988,D,0,0,8.1,4.7,9.9,8.5,52.0
989,A,1,0,6.0,5.0,7.3,7.5,59.7
989,B,1,0,5.5,6.0,6.0,5.7,55.3
989,C,0,0,7.7,5.7,8.0,6.0,45.7
989,D,1,1,9.9,6.5,8.6,6.4,85.7
990,A,1,0,6.7,9.5,5.8,8.3,67.2
990,B,0,1,7.2,8.3,6.4,7.5,65.7
990,C,0,0,5.9,3.6,6.9,5.7,36.8
990,D,0,1,9.6,7.7,7.3,6.7,68.8
991,A,1,0,7.1,7.7,3.4,7.6,59.7
991,B,1,0,4.9,7.1,5.9,4.6,54.2
991,C,0,0,7.5,7.4,7.7,5.2,46.3
991,D,1,1,9.1,6.1,7.9,6.7,83.0
992,A,1,1,6.1,7.3,7.8,9.4,84.3
992,B,1,0,7.3,7.9,8.0,8.4,69.3
992,C,1,1,8.8,7.3,6.7,6.8,82.7
992,D,0,1,8.2,8.1,4.9,5.2,60.7
993,A,0,0,5.3,7.3,7.3,7.5,45.7
993,B,1,0,7.5,8.3,6.9,8.4,68.5
993,C,0,1,9.4,8.7,8.4,5.5,70.0
993,D,0,0,8.9,6.1,8.4,6.6,50.0
994,A,0,0,9.0,6.5,4.6,6.8,44.8
994,B,1,1,8.0,7.7,6.6,7.8,83.5
994,C,1,0,7.7,7.3,7.1,6.7,64.7
994,D,1,1,6.8,7.2,7.5,6.5,80.0
995,A,1,1,4.7,10,7.5,7.6,83.0
995,B,1,0,6.7,5.3,5.9,7.6,59.2
995,C,0,1,9.9,7.6,6.0,6.4,66.5
995,D,1,0,8.7,7.0,6.0,7.1,64.7
996,A,0,0,5.4,8.8,5.8,7.0,45.0
996,B,1,1,4.8,6.6,5.7,5.9,71.7
996,C,1,0,9.3,5.4,5.8,7.9,64.0
996,D,1,0,6.2,6.4,9.9,4.9,62.3
997,A,1,0,5.4,7.6,7.4,9.3,66.2
997,B,0,1,5.5,7.7,8.2,6.6,63.3
997,C,1,1,7.4,8.3,6.8,4.5,78.3
997,D,1,1,8.3,8.4,7.7,4.4,81.3
998,A,1,0,4.5,8.1,6.7,6.7,60.0
998,B,0,0,7.9,6.6,6.4,6.5,45.7
998,C,0,0,8.1,5.9,9.4,5.9,48.8
998,D,0,1,8.1,7.7,7.1,7.7,67.7
999,A,0,0,5.5,7.3,6.0,8.9,46.2
999,B,1,0,7.1,7.3,5.7,8.2,63.8
999,C,1,0,7.9,5.3,7.0,5.1,58.8
999,D,1,0,7.8,7.1,8.4,4.3,62.7
1000,A,0,1,5.7,4.9,6.7,7.5,58.0
1000,B,1,0,5.3,10,6.8,6.3,64.0
1000,C,0,0,6.1,7.7,9.2,4.0,45.0
1000,D,1,0,7.9,7.6,8.8,6.9,68.7
1001,A,1,0,7.3,10,8.6,7.3,72.0
1001,B,1,1,8.8,6.5,6.4,5.9,79.3
1001,C,1,1,6.1,6.1,9.0,4.1,75.5
1001,D,1,0,7.9,8.4,8.0,8.3,71.0
1002,A,1,0,5.0,6.6,6.6,9.5,62.8
1002,B,1,1,9.3,5.1,5.5,8.9,81.3
1002,C,1,1,6.9,6.8,8.1,6.4,80.3
1002,D,1,0,10,4.8,6.3,8.9,66.7
1003,A,0,1,5.3,8.4,5.1,8.5,62.2
1003,B,0,0,6.2,7.6,5.2,7.7,44.5
1003,C,1,0,5.7,6.5,6.6,7.7,60.8
1003,D,1,0,8.3,7.8,8.6,6.3,68.3
1004,A,1,1,8.9,7.6,5.1,6.1,79.5
1004,B,0,0,3.5,4.3,6.6,7.9,37.2
1004,C,0,1,7.0,8.2,7.6,6.6,65.7
1004,D,1,0,8.0,8.7,8.9,5.5,68.5
1005,A,1,1,5.8,6.7,7.2,8.9,81.0
1005,B,1,1,6.2,5.9,10,6.7,81.3
1005,C,0,1,7.7,6.4,10.0,7.0,68.5
1005,D,1,1,6.2,8.1,5.4,6.2,76.5
1006,A,0,0,6.8,7.5,6.2,8.9,49.0
1006,B,1,1,10,8.7,7.8,5.9,87.3
1006,C,0,0,7.7,8.2,6.1,6.8,48.0
1006,D,0,1,6.7,7.8,6.4,6.4,62.2
1007,A,0,0,7.4,7.8,7.0,7.9,50.2
1007,B,0,0,8.3,6.7,5.3,7.2,45.8
1007,C,1,0,6.4,6.4,9.4,5.8,63.3
1007,D,1,0,8.0,7.6,7.5,8.1,68.7
1008,A,1,1,5.3,9.7,6.1,7.0,80.2
1008,B,1,1,10,7.6,6.7,6.3,84.3
1008,C,0,1,6.4,8.6,7.3,3.2,59.2
1008,D,1,1,9.5,5.2,7.5,6.1,80.5
1009,A,0,1,6.3,7.1,5.2,5.3,56.5
1009,B,0,0,7.5,7.4,5.9,6.2,45.0
1009,C,1,1,5.2,8.2,7.9,5.9,78.7
1009,D,1,1,8.9,9.9,10,7.1,93.2
1010,A,1,1,5.0,9.4,5.0,7.3,77.8
1010,B,0,1,6.5,7.4,7.8,5.3,61.7
1010,C,0,1,10.0,5.8,6.7,5.6,63.5
1010,D,1,0,8.7,8.1,7.6,6.7,68.5
1011,A,1,0,5.4,9.1,5.3,8.7,64.2
1011,B,0,0,7.3,7.7,8.6,7.2,51.3
1011,C,1,1,6.2,8.5,8.8,6.1,82.7
1011,D,1,1,5.8,8.0,7.1,6.7,79.3
1012,A,0,1,7.0,8.7,5.4,7.8,64.8
1012,B,0,0,5.8,6.4,6.5,6.5,42.0
1012,C,1,0,7.0,7.6,5.4,4.8,58.0
1012,D,1,0,9.1,9.2,9.7,7.0,75.0
1013,A,1,0,5.9,6.3,6.7,7.1,60.0
1013,B,0,1,5.0,9.2,6.5,7.4,63.5
1013,C,0,0,6.6,8.2,7.9,5.5,47.0
1013,D,1,0,8.2,4.7,9.9,4.4,62.0
1014,A,1,1,5.9,7.1,5.8,7.2,76.7
1014,B,1,0,9.6,7.0,8.0,6.5,68.5
1014,C,1,0,8.0,5.0,7.6,7.5,63.5
1014,D,1,0,6.5,8.8,6.8,6.6,64.5
1015,A,1,0,7.6,8.5,6.7,5.6,64.0
1015,B,1,0,8.3,7.1,6.3,7.0,64.5
1015,C,1,0,5.7,6.5,6.1,6.5,58.0
1015,D,1,1,5.0,7.2,9.1,6.1,79.0
1016,A,1,0,10,5.8,6.9,6.5,65.3
1016,B,1,1,7.8,7.4,7.5,7.3,83.3
1016,C,1,0,8.9,5.6,8.1,4.9,62.5
1016,D,1,1,10,6.6,8.6,5.7,84.8
1017,A,1,1,5.9,7.6,5.0,8.3,78.0
1017,B,0,1,7.6,8.8,4.7,7.0,63.5
1017,C,0,0,10,5.3,7.7,6.1,48.5
1017,D,0,0,6.6,7.3,6.4,8.0,47.2
1018,A,0,0,8.6,6.8,5.0,7.4,46.3
1018,B,0,1,5.5,6.0,6.8,9.0,62.2
1018,C,0,0,7.5,5.4,6.4,5.8,41.8
1018,D,1,1,7.5,8.4,8.5,9.0,89.0
1019,A,0,0,4.3,5.6,6.8,7.4,40.2
1019,B,1,0,8.0,7.3,8.2,7.2,67.8
1019,C,1,1,7.4,4.1,6.2,6.2,73.2
1019,D,1,1,8.3,6.4,5.8,7.6,80.2
1020,A,0,0,6.8,10.0,5.5,5.7,46.7
1020,B,1,1,7.0,7.4,10,7.3,86.2
1020,C,0,0,6.8,6.7,6.9,5.0,42.3
1020,D,0,1,7.0,7.8,8.6,7.6,68.3
1021,A,0,0,9.7,6.7,4.7,8.5,49.3
1021,B,1,0,6.7,7.9,3.1,10,62.8
1021,C,1,0,5.2,5.4,6.6,6.4,56.0
1021,D,1,0,9.6,8.7,7.0,7.6,71.5
1022,A,1,0,3.3,8.8,7.2,9.2,64.2
1022,B,1,1,9.1,8.0,7.1,7.7,86.5
1022,C,0,0,6.6,6.2,6.7,6.0,42.5
1022,D,1,0,7.6,7.5,7.3,7.5,66.5
1023,A,0,0,8.4,6.6,5.2,6.8,45.0
1023,B,0,0,7.5,9.2,6.9,7.9,52.5
1023,C,1,0,5.8,7.7,5.6,4.2,55.5
1023,D,1,1,9.5,5.5,7.9,5.5,80.7
1024,A,1,0,7.1,6.6,5.6,9.4,64.5
1024,B,1,1,8.1,9.5,6.0,8.1,86.2
1024,C,0,0,6.9,8.0,5.6,4.4,41.5
1024,D,0,0,6.0,5.8,8.9,5.6,43.8
1025,A,1,0,5.3,6.9,5.5,7.3,58.3
1025,B,1,1,6.7,6.7,7.7,4.2,75.5
1025,C,1,0,5.4,4.7,5.5,5.7,52.2
1025,D,1,0,10,5.2,6.5,7.0,64.5
1026,A,1,0,6.6,6.7,5.5,7.8,61.0
1026,B,0,0,6.9,6.1,6.4,7.6,45.0
1026,C,1,0,7.3,6.1,4.4,6.0,56.3
1026,D,1,1,9.0,7.9,8.5,7.2,87.7
1027,A,1,1,6.6,6.3,4.2,7.7,74.7
1027,B,1,0,8.9,10,5.4,9.4,72.8
1027,C,1,0,10,7.2,9.3,4.4,68.2
1027,D,1,1,8.6,9.6,8.2,6.8,88.7
1028,A,1,0,6.9,8.3,7.2,7.5,66.5
1028,B,0,0,8.7,8.0,6.0,8.0,51.2
1028,C,1,0,5.5,7.2,8.0,3.8,57.5
1028,D,1,0,8.5,6.3,6.5,6.3,62.7
1029,A,1,0,5.7,7.2,4.3,7.0,57.0
1029,B,1,0,5.0,7.1,4.9,5.9,54.8
1029,C,0,0,5.0,5.4,6.7,4.0,35.2
1029,D,1,1,6.7,5.8,8.7,8.0,82.0
1030,A,0,1,4.6,7.7,6.3,9.5,63.5
1030,B,1,1,6.3,7.0,7.3,6.7,78.8
1030,C,1,0,6.4,5.8,6.6,6.4,58.7
1030,D,1,0,7.3,8.1,10,6.5,69.8
1031,A,0,1,5.4,8.1,6.4,9.4,65.5
1031,B,0,1,5.0,4.1,6.8,7.7,56.0
1031,C,1,1,7.2,7.3,7.1,6.3,79.8
1031,D,1,1,8.6,5.4,8.1,4.5,77.7
1032,A,1,0,6.0,5.9,5.9,5.6,55.7
1032,B,1,1,6.4,8.4,5.0,6.3,76.8
1032,C,0,1,7.7,7.1,8.1,6.5,65.7
1032,D,1,0,7.2,9.2,8.3,6.5,68.7
1033,A,0,0,7.2,9.5,5.3,8.9,51.5
1033,B,1,1,7.6,8.3,5.9,6.6,80.7
1033,C,1,0,7.8,6.1,9.0,6.9,66.3
1033,D,1,0,5.2,6.1,8.0,5.0,57.2
1034,A,1,0,7.7,9.2,5.8,4.9,62.7
1034,B,1,0,4.0,7.9,3.9,6.8,54.3
1034,C,1,1,6.8,6.3,8.7,6.7,80.8
1034,D,0,1,7.3,6.6,6.9,6.6,62.3
1035,A,0,0,5.7,7.5,7.0,6.2,44.0
1035,B,1,1,8.8,9.3,5.3,6.4,83.0
1035,C,1,1,7.2,4.4,7.4,7.3,77.2
1035,D,1,0,8.4,7.8,7.5,8.1,69.7
1036,A,0,0,7.7,8.2,6.2,6.2,47.2
1036,B,0,0,6.1,8.1,7.4,7.7,48.8
1036,C,0,0,8.9,8.6,7.4,4.1,48.3
1036,D,1,1,7.7,5.6,6.8,9.1,82.0
1037,A,1,0,7.9,3.9,3.7,7.0,54.2
1037,B,0,0,7.2,8.1,7.3,7.6,50.3
1037,C,1,1,6.7,6.4,7.8,5.9,78.0
1037,D,1,1,5.8,7.1,8.2,6.1,78.7
1038,A,1,1,4.8,6.9,4.2,8.1,73.3
1038,B,0,1,5.6,5.8,3.8,7.5,54.5
1038,C,0,1,4.3,6.2,7.9,6.2,57.7
1038,D,0,0,7.1,6.3,9.2,7.7,50.5
1039,A,0,0,6.4,7.9,5.8,6.9,45.0
1039,B,1,1,6.5,6.5,5.7,7.8,77.5
1039,C,1,0,6.6,5.8,7.9,6.4,61.2
1039,D,1,0,7.7,6.3,7.2,6.6,63.0
1040,A,1,0,6.8,6.7,4.7,5.9,56.8
1040,B,1,0,6.6,4.4,6.4,7.6,58.3
1040,C,1,1,6.5,7.9,6.7,6.5,79.3
1040,D,0,0,6.1,6.2,6.6,6.1,41.7
1041,A,1,0,6.0,10.0,3.8,7.3,61.8
1041,B,1,0,6.1,7.8,7.2,7.5,64.3
1041,C,0,0,7.3,7.3,8.3,5.4,47.2
1041,D,0,1,10,6.4,7.0,7.8,68.7
1042,A,0,0,4.7,9.7,5.0,6.9,43.8
1042,B,0,1,5.8,5.8,9.5,4.3,59.0
1042,C,0,1,10.0,6.5,5.6,5.8,63.2
1042,D,1,0,5.4,6.7,6.5,7.4,60.0
1043,A,0,0,5.9,6.3,5.6,6.8,41.0
1043,B,0,1,7.4,5.8,8.7,8.2,66.8
1043,C,1,0,7.0,8.8,7.7,7.6,68.5
1043,D,1,0,8.9,6.1,7.8,8.4,68.7
1044,A,1,0,5.2,7.7,3.8,7.5,57.0
1044,B,1,1,8.0,8.8,7.4,6.5,84.5
1044,C,1,0,9.2,7.2,6.6,4.4,62.3
1044,D,1,0,9.2,7.6,8.0,6.3,68.5
1045,A,1,0,6.5,6.8,5.0,8.0,60.5
1045,B,0,0,5.9,8.9,6.1,9.5,50.7
1045,C,1,1,8.2,6.5,6.6,5.4,77.8
1045,D,0,0,7.6,7.6,6.8,7.1,48.5
1046,A,0,1,7.0,8.3,6.0,6.7,63.3
1046,B,0,0,5.5,7.7,7.8,7.7,47.8
1046,C,1,1,7.6,6.7,6.3,4.6,75.3
1046,D,0,0,8.8,8.2,7.5,8.3,54.7
1047,A,1,0,6.6,8.9,6.1,8.7,67.2
1047,B,0,1,8.6,6.4,5.6,9.5,66.8
1047,C,1,0,5.8,5.3,8.6,6.1,59.7
1047,D,1,0,8.7,5.6,7.0,6.2,62.5
1048,A,1,1,6.8,6.9,4.5,10,80.3
1048,B,1,0,8.3,6.2,10,6.5,68.3
1048,C,1,1,7.1,8.9,6.3,4.9,78.7
1048,D,1,1,8.0,9.0,9.3,7.0,88.8
1049,A,0,0,5.8,4.4,6.0,6.5,37.8
1049,B,1,0,8.1,7.9,7.2,8.0,68.7
1049,C,1,0,7.2,9.2,7.5,5.9,66.3
1049,D,1,0,8.4,9.8,6.9,6.9,70.0
1050,A,1,1,9.0,5.8,6.1,8.3,82.0
1050,B,0,0,8.2,7.9,7.7,5.8,49.3
1050,C,0,0,7.4,7.2,8.1,7.5,50.3
1050,D,1,0,7.1,7.6,7.6,5.6,63.2
1051,A,1,0,5.7,6.6,7.3,7.8,62.3
1051,B,1,1,5.5,8.1,4.4,7.3,75.5
1051,C,1,0,6.5,6.2,6.9,6.1,59.5
1051,D,1,0,7.2,7.8,7.6,4.4,61.7
1052,A,1,0,4.0,8.7,6.7,8.6,63.3
1052,B,0,0,7.3,6.7,8.0,7.7,49.5
1052,C,1,1,7.6,5.1,10,7.2,83.2
1052,D,1,0,7.5,5.9,7.2,6.3,61.5
1053,A,0,1,4.3,8.3,3.9,8.8,58.8
1053,B,1,0,9.1,8.0,6.5,5.2,64.7
1053,C,0,1,7.1,5.9,8.4,6.1,62.5
1053,D,1,1,7.9,5.9,9.3,9.0,86.8
1054,A,1,1,6.8,7.4,5.2,9.1,80.8
1054,B,0,0,8.4,9.0,5.8,6.5,49.5
1054,C,1,0,5.8,6.8,8.3,4.8,59.5
1054,D,1,0,6.7,8.6,9.4,8.6,72.2
1055,A,1,0,7.0,7.8,6.4,7.2,64.0
1055,B,1,1,8.5,7.1,7.1,4.3,78.3
1055,C,1,1,7.4,8.0,6.9,5.3,79.3
1055,D,1,0,8.2,7.7,6.0,6.7,64.3
1056,A,1,0,7.2,7.9,6.2,7.3,64.3
1056,B,1,1,8.4,8.3,8.3,4.7,82.8
1056,C,1,1,6.8,4.1,4.2,6.2,68.8
1056,D,1,0,8.1,5.5,6.6,8.8,65.0
1057,A,1,0,7.1,6.9,9.1,7.5,67.7
1057,B,1,1,4.9,8.2,5.8,8.5,79.0
1057,C,1,1,7.3,7.7,8.3,6.2,82.5
1057,D,1,0,6.9,7.5,7.1,5.6,61.8
1058,A,1,0,7.2,8.3,6.6,8.4,67.5
1058,B,1,0,5.1,6.8,6.2,9.7,63.0
1058,C,1,0,6.3,7.1,2.6,7.1,55.2
1058,D,0,1,9.0,7.9,8.7,9.1,74.5
1059,A,1,0,6.3,7.2,5.8,7.1,60.7
1059,B,1,1,10,10,6.6,7.6,90.3
1059,C,1,0,7.3,6.9,8.3,3.9,60.7
1059,D,0,1,6.9,6.2,8.7,7.2,65.0
1060,A,1,1,8.5,8.5,6.4,6.6,83.3
1060,B,0,0,9.4,7.9,7.6,7.6,54.2
1060,C,0,0,8.8,4.8,8.0,5.8,45.7
1060,D,1,1,9.5,6.9,9.0,6.5,86.5
1061,A,0,1,8.8,6.9,5.0,4.9,59.3
1061,B,1,0,8.4,6.6,7.9,8.3,68.7
1061,C,0,0,6.3,7.0,5.9,3.8,38.3
1061,D,1,1,7.5,5.9,9.1,5.8,80.5
1062,A,0,1,5.0,7.1,3.2,8.2,55.8
1062,B,1,1,7.3,8.1,7.9,7.4,84.5
1062,C,1,0,9.3,5.7,6.5,5.4,61.5
1062,D,1,1,8.4,7.9,7.1,6.5,83.2
1063,A,0,1,6.8,6.7,3.9,7.9,58.8
1063,B,1,1,5.7,6.3,8.8,5.7,77.5
1063,C,1,0,7.9,7.4,6.6,4.2,60.2
1063,D,1,1,7.9,6.8,7.9,5.8,80.7
1064,A,0,0,4.0,5.5,3.7,6.8,33.3
1064,B,0,0,7.0,6.5,6.3,6.5,43.8
1064,C,1,0,3.7,7.6,8.2,5.8,58.8
1064,D,1,1,9.0,6.2,7.1,6.8,81.8
1065,A,1,1,6.7,7.3,5.2,6.8,76.7
1065,B,1,0,6.6,8.0,4.6,8.3,62.5
1065,C,1,0,7.9,6.0,6.8,5.1,59.7
1065,D,1,0,9.5,6.0,9.1,5.1,66.2
1066,A,1,0,4.7,9.1,3.5,6.6,56.5
1066,B,1,0,7.5,6.0,6.1,6.1,59.5
1066,C,0,1,6.2,7.8,8.6,5.3,63.2
1066,D,1,1,7.1,7.4,8.9,7.4,84.7
1067,A,1,0,5.5,7.2,6.4,7.4,60.8
1067,B,1,0,8.5,8.7,6.9,7.5,69.3
1067,C,0,1,8.1,6.6,6.4,6.7,63.0
1067,D,1,0,7.4,4.8,8.6,8.8,66.0
1068,A,1,1,3.6,9.2,5.1,6.5,74.0
1068,B,1,0,6.5,8.9,8.3,8.4,70.2
1068,C,0,0,7.3,6.1,6.4,4.9,41.2
1068,D,1,0,8.3,6.7,5.4,6.1,60.8
1069,A,1,0,6.0,9.5,5.8,8.0,65.5
1069,B,0,1,5.4,7.0,5.8,8.0,60.3
1069,C,1,0,8.0,7.6,6.9,5.9,64.0
1069,D,0,0,6.9,6.6,6.3,6.4,43.7
1070,A,1,1,4.6,7.6,4.4,8.2,74.7
1070,B,1,0,4.9,7.6,7.0,6.6,60.2
1070,C,0,1,6.5,7.3,5.0,3.9,54.5
1070,D,0,0,8.3,7.0,5.1,3.4,39.7
1071,A,1,0,6.2,6.2,6.2,5.6,57.0
1071,B,0,1,5.1,6.6,7.8,6.6,60.2
1071,C,0,0,7.8,7.0,7.5,5.9,47.0
1071,D,0,0,8.9,5.8,7.8,6.5,48.3
1072,A,1,1,6.9,6.1,4.9,6.5,74.0
1072,B,0,1,5.7,8.8,6.1,5.5,60.2
1072,C,1,0,7.9,6.4,8.3,5.5,63.5
1072,D,1,0,6.0,5.5,9.4,10,68.2
1073,A,1,0,7.6,9.4,5.7,9.3,70.0
1073,B,1,1,6.2,7.9,6.5,5.9,77.5
1073,C,0,1,7.1,6.7,7.9,4.0,59.5
1073,D,1,0,8.9,7.9,6.6,7.8,68.7
1074,A,1,0,6.1,8.2,6.6,7.1,63.3
1074,B,1,0,9.1,10.0,8.1,7.9,75.2
1074,C,1,1,8.2,7.5,7.1,5.2,80.0
1074,D,1,1,7.7,7.6,7.9,4.0,78.7
1075,A,1,0,5.7,7.6,5.8,7.7,61.3
1075,B,1,0,8.0,8.6,5.3,6.1,63.3
1075,C,0,0,7.7,6.1,7.8,5.1,44.5
1075,D,1,0,7.9,7.1,4.2,6.0,58.7
1076,A,0,0,7.2,9.2,5.3,7.2,48.2
1076,B,1,0,7.5,8.3,7.1,8.4,68.8
1076,C,0,0,8.2,6.4,7.2,5.8,46.0
1076,D,0,1,8.2,5.1,7.0,6.6,61.5
1077,A,1,1,5.8,6.0,4.5,7.5,73.0
1077,B,1,0,5.7,7.8,5.6,7.5,61.0
1077,C,1,1,7.4,7.3,6.1,6.2,78.3
1077,D,1,1,6.5,5.0,9.4,3.8,74.5
1078,A,1,1,9.7,10,6.8,7.0,89.2
1078,B,0,0,8.6,5.8,7.0,6.4,46.3
1078,C,0,0,6.4,6.4,7.9,6.7,45.7
1078,D,0,1,6.7,8.3,7.4,8.7,68.5
1079,A,1,0,8.6,8.1,4.2,6.3,62.0
1079,B,1,0,9.4,6.2,7.1,8.2,68.2
1079,C,1,1,7.8,8.5,5.4,6.8,80.8
1079,D,1,0,9.1,9.2,6.6,7.5,70.7
1080,A,1,0,5.3,7.5,4.9,7.6,58.8
1080,B,1,0,6.7,7.5,7.7,6.1,63.3
1080,C,1,0,6.5,6.8,7.4,5.7,60.7
1080,D,1,1,8.0,4.4,6.1,6.2,74.5
1081,A,0,0,6.4,8.9,6.7,8.4,50.7
1081,B,1,1,8.3,7.3,5.3,7.1,80.0
1081,C,1,0,5.9,6.8,6.8,6.6,60.2
1081,D,1,0,6.1,10,7.3,5.8,65.3
1082,A,0,0,6.1,7.8,4.9,7.8,44.3
1082,B,1,1,8.4,7.8,5.3,4.9,77.3
1082,C,1,0,6.1,7.0,9.2,6.5,64.7
1082,D,1,1,10,6.6,8.8,5.3,84.5
1083,A,0,0,8.1,6.6,5.8,6.8,45.5
1083,B,1,0,7.2,5.3,6.8,6.9,60.3
1083,C,1,1,5.5,8.5,7.7,5.2,78.2
1083,D,1,1,7.1,6.3,7.2,7.5,80.2
1084,A,0,0,6.6,8.9,3.8,7.9,45.3
1084,B,1,0,5.2,8.3,7.1,6.8,62.3
1084,C,1,0,5.1,6.0,8.7,6.0,59.7
1084,D,1,0,9.1,6.1,8.9,8.6,71.2
1085,A,1,0,5.8,8.7,5.9,5.2,59.3
1085,B,1,1,7.1,9.0,4.1,4.9,75.2
1085,C,1,1,6.4,6.8,6.8,5.9,76.5
1085,D,1,0,6.5,7.9,5.9,7.9,63.7
1086,A,1,0,5.6,9.0,6.2,7.3,63.5
1086,B,1,1,8.9,8.6,8.9,7.3,89.5
1086,C,1,0,10.0,7.0,7.7,6.6,68.8
1086,D,1,0,9.6,8.0,9.1,4.6,68.8
1087,A,1,0,5.6,7.9,4.7,5.0,55.3
1087,B,0,1,7.7,5.5,8.1,6.7,63.3
1087,C,1,0,5.7,7.1,6.8,5.7,58.8
1087,D,1,0,10,9.2,6.5,5.6,68.8
1088,A,1,0,6.6,10,4.5,6.9,63.3
1088,B,1,1,7.4,6.5,9.5,7.8,85.3
1088,C,0,0,5.7,8.6,3.9,6.8,41.7
1088,D,1,1,8.4,6.5,9.0,6.3,83.7
1089,A,0,1,6.9,7.7,6.6,5.4,61.0
1089,B,0,0,6.0,10,4.7,6.8,45.8
1089,C,1,0,7.4,8.9,7.6,6.6,67.5
1089,D,0,1,8.8,6.7,7.7,7.2,67.3
1090,A,1,0,5.6,5.5,5.8,6.6,55.8
1090,B,1,0,7.2,7.3,7.6,9.2,68.8
1090,C,1,0,5.8,8.7,9.4,7.1,68.3
1090,D,1,0,8.8,7.9,7.9,4.6,65.3
1091,A,0,1,6.1,7.3,6.9,9.3,66.0
1091,B,1,1,6.2,7.5,7.8,6.8,80.5
1091,C,1,0,5.8,6.2,8.4,6.1,60.8
1091,D,1,0,9.8,6.5,7.8,5.0,65.2
1092,A,0,0,7.1,4.8,5.8,7.7,42.3
1092,B,1,1,6.4,5.8,6.8,7.0,76.7
1092,C,0,1,6.2,5.8,9.0,4.9,59.8
1092,D,1,1,7.4,9.1,9.4,7.6,89.2
1093,A,1,1,5.8,8.9,4.7,7.1,77.5
1093,B,1,1,9.2,8.7,4.8,6.7,82.3
1093,C,1,1,7.8,6.7,8.0,4.6,78.5
1093,D,1,1,7.2,6.0,7.5,5.6,77.2
1094,A,0,0,6.7,8.2,5.2,6.9,45.0
1094,B,1,1,6.8,9.9,7.4,8.3,87.3
1094,C,0,1,8.1,6.9,7.0,6.3,63.8
1094,D,1,1,9.0,6.8,7.2,4.6,79.3
1095,A,0,0,7.1,6.5,4.8,9.2,46.0
1095,B,0,0,7.3,6.5,5.9,7.0,44.5
1095,C,0,0,5.7,5.1,9.1,7.3,45.3
1095,D,1,1,8.4,7.0,7.3,8.3,85.0
1096,A,0,0,7.9,5.5,6.5,6.5,44.0
1096,B,1,0,7.0,6.5,7.4,6.4,62.2
1096,C,1,1,7.6,8.5,7.8,6.5,84.0
1096,D,1,0,7.0,5.5,9.1,8.0,66.0
1097,A,1,0,6.5,7.9,4.4,6.5,58.8
1097,B,0,0,7.1,4.9,9.1,9.6,51.2
1097,C,1,0,6.1,8.6,7.3,6.5,64.2
1097,D,1,0,8.9,3.8,6.6,6.4,59.5
1098,A,1,0,5.9,7.4,5.7,7.1,60.2
1098,B,1,0,9.4,6.2,7.9,7.2,67.8
1098,C,0,1,7.5,5.9,8.3,4.7,60.7
1098,D,1,0,7.6,5.4,6.0,6.0,58.3
1099,A,1,1,8.0,7.6,7.1,6.5,82.0
1099,B,1,0,5.8,9.0,7.2,8.0,66.7
1099,C,0,0,7.9,8.5,7.5,6.8,51.2
1099,D,1,0,7.3,7.0,5.0,6.7,60.0
1100,A,0,0,8.1,9.0,4.3,5.3,44.5
1100,B,1,0,7.4,7.9,6.1,7.7,65.2
1100,C,0,0,9.3,5.4,7.0,6.0,46.2
1100,D,1,0,7.7,8.9,8.4,5.8,68.0
1101,A,0,1,7.6,7.5,3.2,6.9,58.7
1101,B,1,0,6.8,7.8,5.6,6.2,60.7
1101,C,0,0,7.8,7.2,7.1,5.1,45.3
1101,D,1,0,7.7,9.5,5.0,7.0,65.3
1102,A,1,0,5.8,7.0,7.9,8.6,65.5
1102,B,0,1,5.5,6.0,5.2,5.3,53.3
1102,C,1,0,7.3,6.6,6.9,9.4,67.0
1102,D,1,0,7.8,7.5,8.1,4.6,63.3
1103,A,1,0,7.9,6.2,1.6,9.0,57.8
1103,B,0,0,8.0,7.0,8.5,6.6,50.2
1103,C,1,0,6.8,6.8,8.7,5.7,63.3
1103,D,1,0,8.3,9.4,7.3,6.4,69.0
1104,A,1,0,7.2,7.3,4.2,8.8,62.5
1104,B,1,0,6.6,8.8,6.1,6.0,62.5
1104,C,0,1,5.3,6.9,6.6,6.8,59.3
1104,D,1,0,8.7,6.3,7.5,7.7,67.0
1105,A,0,0,6.4,8.4,7.9,5.1,46.3
1105,B,0,1,9.1,6.2,7.9,6.5,66.2
1105,C,1,0,6.8,7.0,7.1,6.3,62.0
1105,D,1,0,5.5,8.7,7.1,8.1,65.7
1106,A,0,1,7.5,5.4,4.0,6.7,56.0
1106,B,0,1,6.0,7.1,5.9,5.7,57.8
1106,C,0,0,6.9,7.3,8.6,5.4,47.0
1106,D,1,1,7.2,7.5,8.2,6.7,82.7
1107,A,1,1,4.6,5.6,5.5,5.3,68.3
1107,B,0,1,7.0,8.3,6.5,6.6,64.0
1107,C,1,1,6.1,7.2,10,8.0,85.5
1107,D,1,0,8.3,6.5,7.8,8.4,68.3
1108,A,0,1,8.8,6.7,5.2,9.2,66.5
1108,B,1,1,7.6,6.8,5.2,7.3,78.2
1108,C,0,1,8.5,7.9,7.6,7.4,69.0
1108,D,1,0,8.8,6.6,8.1,7.3,68.0
1109,A,1,0,5.6,7.0,3.0,8.4,56.7
1109,B,1,1,8.2,5.5,6.2,9.2,81.8
1109,C,1,0,7.1,7.6,6.4,5.5,61.0
1109,D,1,0,7.5,8.5,8.0,6.7,67.8
1110,A,1,1,7.5,7.5,6.2,7.4,81.0
1110,B,1,1,6.7,6.6,7.3,7.3,79.8
1110,C,1,0,8.6,8.8,7.3,7.3,70.0
1110,D,1,1,6.4,6.5,9.3,7.3,82.5
1111,A,0,1,8.3,5.3,5.3,7.3,60.3
1111,B,1,0,7.0,7.1,8.2,7.2,65.8
1111,C,1,1,6.5,7.7,4.6,6.0,74.7
1111,D,0,1,6.1,8.5,10,7.2,69.7
1112,A,0,1,6.2,8.6,4.0,7.9,61.2
1112,B,1,0,6.1,8.4,5.0,5.9,59.0
1112,C,1,0,7.4,7.7,8.1,5.3,64.2
1112,D,1,0,10,7.2,5.7,7.4,67.2
1113,A,1,0,4.9,6.4,7.5,7.7,60.8
1113,B,1,0,7.0,7.2,5.2,6.0,59.0
1113,C,1,0,5.3,6.5,7.1,8.1,61.7
1113,D,1,0,7.8,9.2,8.3,7.5,71.3
1114,A,0,1,6.8,7.3,6.4,8.7,65.3
1114,B,1,0,8.4,8.3,5.7,6.9,65.5
1114,C,1,0,6.4,6.6,6.9,2.9,54.7
1114,D,1,0,6.1,9.0,7.7,5.2,63.3
1115,A,1,0,4.9,8.4,7.0,8.0,63.8
1115,B,1,1,6.4,8.7,8.1,6.1,82.2
1115,C,1,0,8.0,7.4,7.4,5.4,63.7
1115,D,1,0,9.6,7.8,6.6,6.9,68.2
1116,A,1,0,5.3,8.1,4.5,8.3,60.3
1116,B,1,0,7.4,5.6,6.0,7.8,61.3
1116,C,1,0,6.7,6.9,5.5,6.1,58.7
1116,D,1,0,9.4,7.6,6.3,8.0,68.8
1117,A,1,0,7.4,8.1,5.9,6.2,62.7
1117,B,0,1,8.7,7.7,6.0,4.7,61.8
1117,C,0,1,8.7,7.4,6.8,5.7,64.3
1117,D,0,1,7.2,6.0,9.2,6.7,65.2
1118,A,0,0,5.5,8.1,6.3,6.4,43.8
1118,B,1,1,7.3,7.6,8.4,7.4,84.5
1118,C,1,1,9.4,5.0,7.3,6.9,81.0
1118,D,1,1,7.2,7.5,7.6,6.8,81.8
1119,A,0,1,8.1,9.5,4.4,6.4,64.0
1119,B,1,0,7.5,7.8,6.6,9.0,68.2
1119,C,1,0,5.4,6.7,9.0,7.7,64.7
1119,D,1,0,9.8,8.6,9.2,6.0,72.7
1120,A,0,0,6.0,6.0,7.2,9.9,48.5
1120,B,0,1,7.5,4.8,7.2,7.4,61.5
1120,C,1,1,7.8,7.8,6.9,6.2,81.2
1120,D,1,0,9.3,8.4,7.7,6.9,70.5
1121,A,1,0,7.2,7.6,7.0,7.8,66.0
1121,B,0,0,7.4,5.5,6.3,7.2,44.0
1121,C,1,1,8.1,6.8,6.3,5.9,78.5
1121,D,1,0,8.4,8.7,9.0,7.1,72.0
1122,A,0,1,6.2,9.6,8.2,7.2,68.7
1122,B,0,0,8.2,7.3,6.8,7.8,50.2
1122,C,1,0,8.4,7.3,6.7,3.7,60.2
1122,D,1,1,7.3,6.7,9.5,9.6,88.5
1123,A,1,0,7.5,7.0,3.9,7.9,60.5
1123,B,1,0,6.4,7.5,6.5,5.9,60.5
1123,C,1,0,9.1,6.7,6.8,4.0,61.0
1123,D,1,1,7.7,6.7,6.3,6.2,78.2
1124,A,1,1,5.8,4.8,5.8,7.2,72.7
1124,B,1,1,5.4,9.0,5.1,7.0,77.5
1124,C,0,0,7.3,7.1,8.9,7.2,50.8
1124,D,0,1,6.1,8.9,6.8,8.4,67.0
1125,A,0,0,7.0,7.5,4.7,7.6,44.7
1125,B,1,0,8.1,5.7,5.4,6.5,59.5
1125,C,1,1,8.2,7.2,7.5,4.4,78.8
1125,D,1,1,7.6,7.0,8.4,6.6,82.7
1126,A,0,0,8.2,7.1,4.8,6.5,44.3
1126,B,0,1,8.4,5.9,7.7,8.6,67.7
1126,C,1,1,6.8,5.7,9.3,3.6,75.7
1126,D,0,1,4.4,7.1,6.6,7.7,59.7
1127,A,1,1,7.7,6.4,6.2,9.1,82.3
1127,B,1,0,7.6,8.9,7.7,5.2,65.7
1127,C,1,0,7.2,7.8,5.2,4.3,57.5
1127,D,1,0,7.4,5.4,6.1,7.0,59.8
1128,A,1,0,6.7,6.9,5.4,9.3,63.8
1128,B,0,1,6.2,7.7,7.8,6.6,63.8
1128,C,1,0,7.6,6.3,8.3,3.5,59.5
1128,D,1,1,10.0,7.8,7.6,5.2,84.3
1129,A,1,1,6.4,6.6,5.2,9.7,79.8
1129,B,1,1,6.2,6.9,4.0,6.3,72.3
1129,C,0,0,7.6,6.3,7.0,5.3,43.7
1129,D,0,1,8.6,6.7,8.1,7.3,67.8
1130,A,0,1,4.5,6.6,5.1,8.2,57.3
1130,B,1,1,8.7,6.8,5.4,4.3,75.3
1130,C,0,1,7.3,7.0,7.2,6.8,63.8
1130,D,1,0,5.9,5.7,9.5,5.6,61.2
1131,A,1,0,8.1,8.0,6.2,7.5,66.3
1131,B,1,0,5.1,7.8,7.4,5.8,60.2
1131,C,1,1,5.8,5.3,8.6,4.3,73.3
1131,D,1,1,7.4,7.0,6.9,5.4,77.8
1132,A,0,0,5.2,5.8,6.6,8.5,43.5
1132,B,1,1,10,5.1,6.0,8.6,82.8
1132,C,1,0,7.8,7.3,5.7,6.8,62.7
1132,D,1,1,7.9,5.1,6.7,6.4,76.8
1133,A,1,1,6.6,4.2,6.6,8.2,76.0
1133,B,1,0,7.0,7.1,7.0,6.9,63.3
1133,C,1,0,8.1,5.9,5.9,6.2,60.2
1133,D,0,0,6.7,5.4,6.5,7.9,44.2
1134,A,1,1,6.9,7.5,4.1,7.1,76.0
1134,B,0,0,7.6,6.8,7.1,5.3,44.7
1134,C,0,1,7.6,6.6,6.3,6.5,61.7
1134,D,0,1,9.5,4.2,7.1,6.5,62.2
1135,A,1,1,6.2,9.0,4.3,7.8,78.8
1135,B,1,1,5.3,6.7,5.3,7.8,75.2
1135,C,0,0,9.0,6.7,6.9,6.0,47.7
1135,D,1,1,10,7.5,8.1,8.1,89.5
1136,A,1,0,6.5,8.9,7.3,5.9,64.3
1136,B,1,0,5.5,8.3,6.6,8.4,64.7
1136,C,0,0,6.0,7.2,6.1,7.0,43.8
1136,D,1,0,7.2,7.1,6.7,7.3,63.8
1137,A,1,1,7.2,7.6,4.6,8.8,80.3
1137,B,0,0,7.9,7.0,6.9,6.5,47.2
1137,C,0,1,5.8,6.6,7.4,5.7,59.2
1137,D,0,1,8.5,9.8,8.5,6.3,71.8
1138,A,0,0,4.4,9.3,5.8,7.0,44.2
1138,B,1,0,5.9,8.3,5.6,8.1,63.2
1138,C,0,1,6.1,6.8,7.7,7.6,63.7
1138,D,1,0,8.0,6.2,6.6,6.2,61.7
1139,A,1,1,8.0,7.1,4.9,6.5,77.5
1139,B,1,0,6.9,6.6,3.5,7.3,57.2
1139,C,1,0,6.6,5.1,8.1,5.0,58.0
1139,D,1,1,8.8,7.9,7.3,6.3,83.8
1140,A,0,0,7.6,9.9,5.9,6.9,50.5
1140,B,1,1,7.1,7.5,7.0,6.9,80.8
1140,C,0,0,7.6,8.0,8.6,6.7,51.5
1140,D,1,1,7.6,8.5,7.8,6.4,83.8
1141,A,1,1,7.8,6.5,5.9,9.2,82.3
1141,B,0,1,7.3,8.2,7.8,6.8,66.8
1141,C,1,0,6.5,4.7,5.7,4.8,52.8
1141,D,1,1,8.5,8.6,7.6,5.1,83.0
1142,A,0,1,7.1,4.6,3.6,8.6,56.5
1142,B,1,1,6.2,8.5,7.1,6.1,79.8
1142,C,1,0,8.2,8.3,6.5,6.0,65.0
1142,D,1,0,7.0,6.4,7.9,6.0,62.2
1143,A,0,0,6.4,9.2,5.6,6.1,45.5
1143,B,1,0,6.6,9.4,6.8,6.3,65.2
1143,C,1,1,10,7.7,6.6,5.6,83.2
1143,D,1,0,8.6,7.0,7.9,8.8,70.5
1144,A,1,0,6.0,7.8,5.7,8.5,63.3
1144,B,1,1,5.9,7.4,5.8,6.0,75.2
1144,C,1,1,8.0,6.0,7.1,5.4,77.5
1144,D,1,1,9.9,7.9,8.4,6.8,88.3
1145,A,0,1,5.4,7.0,4.6,7.6,57.7
1145,B,1,0,8.2,7.9,9.6,5.0,67.8
1145,C,0,1,9.0,7.2,8.6,3.5,63.8
1145,D,1,1,7.0,6.1,7.0,7.3,79.0
1146,A,1,0,7.2,6.2,4.6,4.8,54.7
1146,B,1,0,5.2,8.1,4.8,6.4,57.5
1146,C,0,0,8.3,7.5,5.7,5.5,45.0
1146,D,0,0,7.2,6.7,9.1,8.8,53.0
1147,A,1,0,6.0,7.4,5.3,6.1,58.0
1147,B,0,1,7.4,9.6,6.2,8.4,69.3
1147,C,0,1,5.2,8.3,6.4,4.3,57.0
1147,D,1,0,9.4,7.6,8.3,6.6,69.8
1148,A,0,0,4.9,8.2,4.8,5.9,39.7
1148,B,1,0,7.9,6.9,7.0,6.7,64.2
1148,C,1,1,6.0,7.9,5.3,4.1,72.2
1148,D,1,0,6.8,5.2,7.1,8.7,63.0
1149,A,0,0,7.3,6.6,5.6,7.5,45.0
1149,B,1,1,9.1,9.5,6.0,7.4,86.7
1149,C,0,0,4.8,8.6,6.5,5.2,41.8
1149,D,0,0,7.4,6.8,7.9,7.2,48.8
1150,A,0,1,6.9,5.4,7.1,8.2,62.7
1150,B,1,1,6.0,5.5,6.4,5.3,72.0
1150,C,1,1,8.5,5.7,5.1,4.5,73.0
1150,D,0,1,6.6,6.9,8.1,5.4,61.7
1151,A,0,0,4.7,5.3,5.0,9.3,40.5
1151,B,1,0,8.7,10,6.2,7.5,70.7
1151,C,1,0,6.9,8.8,6.9,5.1,62.8
1151,D,1,1,5.0,7.5,7.1,5.6,75.3
1152,A,1,0,4.3,9.9,5.2,8.0,62.3
1152,B,0,1,7.9,6.3,5.5,5.1,58.0
1152,C,1,1,6.2,6.1,6.6,5.5,74.0
1152,D,1,1,10,6.8,6.3,5.1,80.3
1153,A,1,0,7.6,8.7,6.9,3.9,61.8
1153,B,0,1,6.2,8.7,3.8,7.0,59.5
1153,C,1,0,6.6,8.7,7.5,6.9,66.2
1153,D,1,0,8.4,8.9,9.5,5.9,71.2
1154,A,0,0,3.7,6.3,3.9,6.3,33.7
1154,B,1,1,5.0,9.0,8.1,5.8,79.8
1154,C,1,1,6.2,7.7,8.7,4.9,79.2
1154,D,0,0,6.5,6.8,6.9,6.5,44.5
1155,A,0,0,6.3,9.0,7.2,5.0,45.8
1155,B,1,1,6.0,7.9,7.7,5.0,77.7
1155,C,0,1,9.1,9.3,7.1,5.8,68.8
1155,D,1,1,8.0,5.8,6.9,6.9,79.3
1156,A,1,1,7.8,7.1,5.6,7.3,79.7
1156,B,1,0,8.4,7.4,7.3,5.9,65.0
1156,C,1,0,6.7,6.9,6.8,8.0,64.0
1156,D,1,1,7.9,6.6,8.6,9.4,87.5
1157,A,1,1,7.2,8.0,5.1,6.7,78.3
1157,B,1,1,7.5,7.5,5.2,6.0,77.0
1157,C,1,1,6.8,5.6,8.3,6.6,78.8
1157,D,1,1,7.9,8.4,6.7,6.9,83.2
1158,A,0,0,7.2,8.4,2.9,7.7,43.7
1158,B,1,0,6.7,7.0,5.7,8.0,62.3
1158,C,1,0,5.7,8.2,8.6,3.9,60.7
1158,D,0,0,6.9,6.4,7.9,7.8,48.3
1159,A,0,0,7.2,7.5,5.3,6.8,44.7
1159,B,1,1,7.2,8.1,7.5,4.8,79.3
1159,C,1,1,7.6,7.7,9.8,5.2,83.8
1159,D,1,1,6.4,7.3,6.9,7.3,79.8
1160,A,0,0,6.2,9.6,6.2,9.4,52.3
1160,B,1,0,7.1,7.5,4.4,8.6,62.7
1160,C,0,0,8.3,9.0,8.2,5.6,51.8
1160,D,1,1,7.1,7.8,6.8,8.8,84.2
1161,A,1,0,7.5,7.1,5.9,8.3,64.7
1161,B,0,1,7.6,9.3,5.0,6.9,64.7
1161,C,0,0,6.5,7.5,6.7,3.6,40.5
1161,D,1,0,8.3,6.2,8.6,7.7,68.0
1162,A,1,0,5.8,8.9,6.5,6.8,63.3
1162,B,1,1,9.8,7.4,8.1,7.3,87.7
1162,C,1,0,8.5,6.6,7.4,6.3,64.7
1162,D,1,0,6.8,7.1,7.8,6.1,63.0
1163,A,1,0,5.3,6.6,6.4,6.7,58.3
1163,B,1,1,6.3,9.3,5.8,3.6,75.0
1163,C,0,0,8.0,8.4,8.1,6.7,52.0
1163,D,1,1,7.7,6.1,7.3,5.8,78.2
1164,A,1,1,7.0,7.1,5.6,6.5,77.0
1164,B,0,1,7.1,6.5,8.4,8.4,67.3
1164,C,0,1,8.0,7.4,6.8,7.9,66.8
1164,D,0,0,8.7,7.3,7.1,7.4,50.8
1165,A,0,1,7.2,7.5,6.3,7.3,63.8
1165,B,1,0,7.0,8.3,5.8,5.4,60.8
1165,C,1,0,7.9,3.9,5.6,6.4,56.3
1165,D,0,0,7.2,5.9,8.8,8.3,50.3
1166,A,1,0,4.8,7.6,6.9,7.6,61.5
1166,B,1,0,7.4,6.9,6.3,8.1,64.5
1166,C,1,0,7.6,6.4,7.1,3.7,58.0
1166,D,1,1,7.3,6.4,9.0,8.3,85.0
1167,A,1,0,8.2,8.3,7.2,6.8,67.5
1167,B,1,1,6.9,7.0,4.4,6.7,75.0
1167,C,0,0,6.6,6.4,6.8,5.0,41.3
1167,D,0,0,6.5,6.6,8.6,8.4,50.2
1168,A,1,0,7.5,7.1,4.8,8.6,63.3
1168,B,1,1,5.5,6.6,7.1,6.2,75.7
1168,C,0,0,8.9,6.2,6.1,6.1,45.5
1168,D,1,0,8.5,8.2,7.8,7.1,69.3
1169,A,1,0,7.1,6.4,5.2,8.4,61.8
1169,B,0,0,7.3,5.7,6.9,8.5,47.3
1169,C,1,0,10,5.9,6.7,6.9,65.8
1169,D,1,0,7.9,5.6,9.1,5.2,63.0
1170,A,0,1,4.1,5.8,5.8,5.2,51.5
1170,B,1,0,7.6,5.3,7.3,7.3,62.5
1170,C,1,0,6.2,7.4,6.9,5.0,59.2
1170,D,1,1,8.7,7.5,9.4,7.3,88.2
1171,A,1,1,9.0,7.2,5.7,7.0,81.5
1171,B,1,1,7.8,7.8,6.2,6.3,80.2
1171,C,0,1,9.2,6.9,7.1,5.3,64.2
1171,D,1,1,9.3,9.1,7.7,6.0,86.8
1172,A,0,0,7.0,8.7,7.5,6.4,49.3
1172,B,1,0,5.8,9.6,5.9,6.5,63.0
1172,C,1,0,6.5,8.9,8.8,4.1,63.8
1172,D,1,0,10,5.6,8.1,6.2,66.5
1173,A,0,0,4.4,9.4,5.9,6.3,43.3
1173,B,1,0,8.6,8.8,5.6,6.5,65.8
1173,C,0,1,5.7,4.3,4.9,5.9,51.3
1173,D,0,0,9.4,7.0,7.8,7.0,52.0
1174,A,1,0,6.3,7.6,5.2,7.5,61.0
1174,B,1,0,6.2,7.2,5.9,8.1,62.3
1174,C,0,0,5.6,6.4,5.7,3.9,36.0
1174,D,1,0,7.1,5.5,6.1,5.9,57.7
1175,A,1,1,6.2,10,7.2,4.9,80.5
1175,B,1,1,7.1,8.4,6.2,7.1,81.3
1175,C,0,0,10,5.2,8.6,6.4,50.3
1175,D,1,1,6.2,8.6,7.4,8.0,83.7
1176,A,1,0,5.4,8.2,6.1,7.0,61.2
1176,B,0,1,7.6,8.9,8.2,6.1,68.0
1176,C,1,0,7.2,5.9,4.9,7.5,59.2
1176,D,1,1,8.2,7.3,6.2,5.8,79.2
1177,A,0,0,7.7,8.5,6.7,9.3,53.7
1177,B,1,0,6.4,6.6,5.6,5.1,56.2
1177,C,0,0,5.8,7.4,7.3,6.8,45.5
1177,D,1,1,8.4,8.3,8.7,5.5,84.8
1178,A,1,0,7.0,8.2,6.7,8.1,66.7
1178,B,1,1,6.9,8.9,5.6,7.5,81.5
1178,C,1,0,7.6,9.3,9.3,6.5,71.2
1178,D,1,1,9.7,8.2,9.5,5.0,87.3
1179,A,1,0,7.7,8.4,6.8,7.3,67.0
1179,B,1,0,8.0,8.3,5.9,9.0,68.7
1179,C,1,0,6.9,5.9,7.7,6.8,62.2
1179,D,1,1,8.8,7.9,8.9,3.7,82.2
1180,A,0,1,7.0,5.9,4.4,6.0,55.5
1180,B,0,0,7.3,9.5,6.3,6.3,49.0
1180,C,1,0,4.7,6.0,7.3,6.0,56.7
1180,D,1,1,5.5,8.4,8.2,6.6,81.2
1181,A,0,1,7.9,5.6,5.5,7.5,60.8
1181,B,1,1,6.4,7.8,6.0,8.0,80.3
1181,C,1,0,7.0,8.9,6.9,6.3,65.2
1181,D,0,1,5.5,8.5,7.0,6.1,61.8
1182,A,0,1,5.9,7.6,7.6,5.2,60.5
1182,B,1,0,6.9,8.3,7.6,6.1,64.8
1182,C,0,1,6.3,6.3,8.1,5.3,60.0
1182,D,1,1,9.1,9.4,7.4,5.8,86.2
1183,A,1,1,7.1,6.9,4.4,7.2,76.0
1183,B,1,0,6.9,9.4,6.2,7.3,66.3
1183,C,1,1,6.6,6.8,7.7,7.3,80.7
1183,D,0,1,9.1,6.0,8.2,5.9,65.3
1184,A,0,0,6.1,6.1,7.7,6.9,44.7
1184,B,1,0,7.3,8.7,6.6,6.4,65.0
1184,C,1,0,7.6,8.4,8.1,5.5,66.0
1184,D,1,0,8.7,6.5,9.1,7.7,70.0
1185,A,0,0,5.4,7.9,7.6,7.8,47.8
1185,B,1,0,5.6,7.5,5.8,5.3,57.0
1185,C,1,1,6.9,4.8,5.4,7.2,73.8
1185,D,0,0,8.1,6.8,7.8,7.8,50.8
1186,A,1,1,6.1,7.5,6.1,8.6,80.5
1186,B,1,0,6.9,9.6,5.8,6.5,64.7
1186,C,1,0,7.8,6.7,9.2,5.2,64.8
1186,D,1,0,10,6.6,9.7,3.2,65.8
1187,A,1,0,7.1,8.1,5.6,6.1,61.5
1187,B,1,0,5.8,6.3,7.3,6.3,59.5
1187,C,1,1,7.0,6.8,9.0,6.0,81.3
1187,D,1,0,7.8,7.4,7.8,4.6,62.7
1188,A,1,0,5.3,7.6,6.7,6.0,59.3
1188,B,1,0,8.6,6.9,7.2,8.9,69.3
1188,C,1,0,8.3,6.2,8.1,4.4,61.7
1188,D,1,1,5.5,7.1,9.8,8.3,84.5
1189,A,1,0,7.5,4.8,7.0,7.3,61.0
1189,B,0,0,8.4,5.7,6.8,6.6,45.8
1189,C,0,0,7.9,6.8,8.2,4.8,46.2
1189,D,1,0,6.9,8.7,10.0,6.1,69.5
1190,A,1,1,7.1,6.2,4.4,6.7,74.0
1190,B,1,0,10,9.9,8.6,6.1,74.3
1190,C,0,0,5.7,7.1,8.0,6.2,45.0
1190,D,1,0,7.7,6.0,10,8.4,70.2
1191,A,1,1,6.5,6.6,5.8,8.1,78.3
1191,B,0,0,5.2,8.1,8.1,7.4,48.0
1191,C,0,0,6.4,7.1,8.2,7.2,48.2
1191,D,1,0,7.4,7.0,9.2,7.3,68.2
1192,A,1,1,5.4,7.2,7.7,7.7,80.0
1192,B,1,0,5.1,5.9,7.2,9.6,63.0
1192,C,1,0,7.2,6.8,6.4,6.6,61.7
1192,D,1,0,7.9,6.4,6.9,7.3,64.2
1193,A,0,0,6.8,7.8,5.3,8.7,47.7
1193,B,1,0,7.1,8.8,6.0,9.4,68.8
1193,C,0,0,6.0,7.2,8.3,5.9,45.7
1193,D,0,1,8.8,6.9,7.5,4.7,63.2
1194,A,0,0,5.0,6.1,6.4,6.8,40.5
1194,B,1,0,7.5,8.7,7.9,8.1,70.3
1194,C,1,1,7.6,8.0,8.6,6.4,84.3
1194,D,1,0,5.1,7.4,6.2,7.3,60.0
1195,A,1,1,5.8,8.6,6.5,10,84.8
1195,B,1,1,8.7,6.8,3.9,5.3,74.5
1195,C,1,0,7.5,4.0,9.6,7.3,64.0
1195,D,1,1,6.6,6.0,8.4,8.1,81.8
1196,A,1,0,8.4,5.6,4.6,7.4,60.0
1196,B,1,1,6.7,8.5,5.8,6.7,79.5
1196,C,1,0,7.0,5.8,6.9,4.8,57.5
1196,D,1,1,6.4,8.6,7.0,4.5,77.5
1197,A,1,0,7.5,5.7,6.9,4.9,58.3
1197,B,1,1,7.2,8.1,8.1,6.7,83.5
1197,C,0,1,6.3,6.3,7.2,7.3,61.8
1197,D,1,0,7.6,8.2,7.0,6.3,65.2
1198,A,1,1,4.4,7.6,6.5,6.3,74.7
1198,B,1,0,5.8,10,7.6,7.7,68.5
1198,C,1,0,5.7,7.1,5.8,7.5,60.2
1198,D,0,1,8.2,5.4,7.2,7.3,63.5
1199,A,1,1,5.0,9.9,6.3,5.9,78.5
1199,B,0,0,6.4,6.9,6.5,6.7,44.2
1199,C,1,1,6.0,6.0,5.8,5.0,71.3
1199,D,1,0,8.8,4.4,8.0,7.9,65.2
1200,A,1,1,6.9,7.5,5.9,6.3,77.7
1200,B,0,1,8.4,10.0,6.4,6.9,69.5
1200,C,1,0,8.3,6.5,6.3,3.8,58.2
1200,D,1,0,7.6,7.3,6.4,5.1,60.7
1201,A,0,0,4.9,6.4,5.2,8.9,42.3
1201,B,0,1,8.5,5.9,4.4,9.4,63.7
1201,C,0,0,8.1,5.0,4.6,5.3,38.3
1201,D,1,0,7.1,5.5,8.9,6.8,63.8
1202,A,1,0,6.6,7.2,5.2,6.8,59.7
1202,B,0,0,7.7,7.5,5.9,6.8,46.5
1202,C,0,0,5.7,5.5,7.0,9.0,45.3
1202,D,1,0,6.5,5.1,6.9,4.6,55.2
1203,A,0,1,8.3,5.4,6.6,6.3,61.0
1203,B,1,1,6.7,6.2,6.4,6.9,77.0
1203,C,1,0,8.8,5.2,9.1,5.9,65.0
1203,D,0,0,5.4,8.9,8.1,5.6,46.7
1204,A,1,0,5.2,8.6,3.8,7.0,57.7
1204,B,1,0,8.5,8.4,7.4,5.5,66.3
1204,C,1,1,6.4,8.2,3.5,5.0,71.8
1204,D,1,1,8.2,7.2,8.4,4.9,81.2
1205,A,1,0,6.8,3.5,5.7,10,60.0
1205,B,1,1,5.9,6.8,5.2,5.3,72.0
1205,C,1,1,6.9,7.5,9.4,5.4,82.0
1205,D,1,1,7.8,6.8,7.1,4.0,76.2
1206,A,0,0,7.0,6.6,7.5,6.7,46.3
1206,B,1,1,7.9,6.7,8.3,5.9,81.3
1206,C,1,1,6.8,9.0,8.2,6.7,84.5
1206,D,1,1,6.9,9.5,10,7.1,89.2
1207,A,1,0,5.3,4.5,6.3,8.2,57.2
1207,B,1,1,6.5,7.0,4.7,6.2,74.0
1207,C,0,0,7.8,7.2,9.5,6.3,51.3
1207,D,1,1,7.1,6.8,9.3,6.4,82.7
1208,A,0,0,7.0,7.4,7.7,9.4,52.5
1208,B,0,0,8.5,7.7,6.2,6.1,47.5
1208,C,1,0,7.1,7.5,9.0,7.0,67.7
1208,D,1,0,6.9,5.8,8.4,7.1,63.7
1209,A,1,0,6.7,7.2,5.8,7.9,62.7
1209,B,1,0,8.2,7.2,6.1,9.6,68.5
1209,C,1,0,7.7,6.2,7.8,5.3,61.7
1209,D,0,1,7.1,6.6,8.1,8.5,67.2
1210,A,1,0,8.9,8.7,7.1,8.2,71.5
1210,B,0,1,5.4,8.9,7.0,5.6,61.5
1210,C,1,0,7.2,7.4,5.4,7.1,61.8
1210,D,1,1,8.8,9.0,8.6,6.9,88.8
1211,A,0,1,7.3,6.4,6.5,9.3,65.8
1211,B,1,0,6.3,6.6,7.8,7.6,63.8
1211,C,0,0,7.9,6.9,6.0,6.1,44.8
1211,D,1,1,7.8,7.2,7.9,8.8,86.2
1212,A,1,1,4.7,7.9,4.6,6.7,73.2
1212,B,1,0,6.9,8.2,4.6,6.9,61.0
1212,C,0,0,7.9,6.1,7.5,6.7,47.0
1212,D,1,1,7.9,7.4,7.3,6.8,82.3
1213,A,0,0,4.9,8.1,6.0,7.3,43.8
1213,B,0,0,6.0,7.1,7.1,8.7,48.2
1213,C,1,1,6.0,6.2,6.6,5.0,73.0
1213,D,0,0,8.7,7.4,7.6,7.4,51.8
1214,A,0,0,4.4,7.2,7.4,8.0,45.0
1214,B,1,1,8.9,7.1,5.1,8.0,81.8
1214,C,1,0,7.3,7.7,9.7,4.5,65.3
1214,D,1,1,10,6.8,6.7,8.7,87.0
1215,A,0,0,6.0,8.9,4.2,6.6,42.8
1215,B,1,1,7.6,7.1,7.3,6.6,81.0
1215,C,1,0,6.7,7.2,5.9,6.1,59.8
1215,D,1,0,9.4,6.6,6.7,7.1,66.3
1216,A,0,0,7.4,5.9,6.3,7.7,45.5
1216,B,0,0,6.7,8.4,4.5,6.1,42.8
1216,C,0,0,8.1,6.9,6.6,6.8,47.3
1216,D,1,1,5.7,8.3,9.1,8.8,86.5
1217,A,0,1,8.4,6.9,6.0,9.3,67.7
1217,B,1,0,7.4,10,5.4,6.3,65.2
1217,C,0,0,10,6.2,9.0,4.5,49.5
1217,D,1,1,6.8,7.6,7.9,6.4,81.2
1218,A,1,0,6.5,9.8,5.8,6.5,64.3
1218,B,1,0,6.4,6.9,5.1,5.3,56.2
1218,C,0,0,8.0,6.7,8.6,5.7,48.3
1218,D,1,0,3.4,6.5,9.0,5.0,56.5
1219,A,1,0,7.6,8.3,4.7,9.1,66.2
1219,B,1,0,4.4,5.8,7.5,6.9,57.7
1219,C,0,1,6.4,8.4,8.5,6.1,65.7
1219,D,0,0,7.9,6.8,9.4,3.9,46.7
1220,A,1,0,6.9,9.0,4.9,6.8,62.7
1220,B,0,1,8.2,6.6,6.6,8.0,65.7
1220,C,0,1,5.2,6.4,5.5,4.2,52.2
1220,D,0,0,8.0,7.4,6.9,7.6,49.8
1221,A,1,1,7.0,8.4,5.0,7.3,79.5
1221,B,1,1,7.0,9.8,6.6,8.1,85.8
1221,C,1,1,7.8,6.2,7.6,5.9,79.2
1221,D,1,0,7.1,7.4,8.0,7.2,66.2
1222,A,1,0,6.5,10,4.2,8.5,65.3
1222,B,0,0,5.6,6.8,6.1,6.9,42.3
1222,C,0,1,7.9,7.1,9.2,6.1,67.2
1222,D,1,1,8.4,6.6,8.9,8.1,86.7
1223,A,1,0,6.2,7.3,4.1,6.7,57.2
1223,B,1,0,8.4,9.0,5.1,5.8,63.8
1223,C,0,0,7.7,6.4,7.9,5.8,46.3
1223,D,1,1,7.5,7.1,7.1,7.2,81.5
1224,A,1,0,5.3,8.0,4.8,6.5,57.7
1224,B,1,1,6.6,6.6,7.6,5.8,77.7
1224,C,1,0,7.2,6.6,7.1,7.8,64.5
1224,D,1,1,8.5,8.0,7.2,8.1,86.3
1225,A,1,1,7.6,10,5.6,4.7,79.8
1225,B,1,1,6.5,8.3,6.6,8.3,82.8
1225,C,0,0,6.6,8.4,6.5,6.0,45.8
1225,D,1,0,5.8,7.1,5.9,6.2,58.3
1226,A,0,1,7.9,7.6,5.7,7.7,64.8
1226,B,0,0,6.4,8.8,6.1,8.6,49.8
1226,C,1,0,5.8,5.7,8.4,4.4,57.2
1226,D,1,1,8.6,7.7,6.6,7.3,83.7
1227,A,0,0,7.7,6.9,6.8,8.2,49.3
1227,B,1,1,6.9,7.1,8.3,8.2,84.2
1227,C,1,0,5.1,6.6,7.7,6.2,59.3
1227,D,0,0,9.2,9.6,6.6,6.1,52.5
1228,A,1,1,6.3,5.9,6.8,6.5,75.8
1228,B,1,0,8.1,7.6,6.2,7.9,66.3
1228,C,1,0,7.1,6.3,6.1,6.0,59.2
1228,D,0,0,8.0,5.3,8.8,7.2,48.8
1229,A,0,1,6.0,7.6,3.8,9.3,61.2
1229,B,1,0,8.3,10,7.2,7.9,72.3
1229,C,0,1,7.8,7.3,7.1,4.8,61.7
1229,D,1,1,7.9,6.9,8.5,9.0,87.2
1230,A,0,0,6.6,8.4,5.7,7.2,46.5
1230,B,1,1,7.0,9.2,8.3,7.5,86.7
1230,C,1,0,8.3,7.0,6.9,4.7,61.5
1230,D,1,0,7.9,7.4,6.5,6.2,63.3
1231,A,1,1,6.3,7.0,3.2,6.8,72.2
1231,B,0,1,6.9,7.4,8.2,7.3,66.3
1231,C,1,1,7.8,7.2,7.6,9.2,86.3
1231,D,1,0,7.5,8.0,7.9,5.4,64.7
1232,A,1,0,8.5,8.0,5.2,7.3,65.0
1232,B,1,1,9.3,6.6,7.4,7.5,84.7
1232,C,0,0,6.0,5.4,5.8,8.1,42.2
1232,D,1,1,7.0,5.0,7.7,6.7,77.3
1233,A,0,1,6.7,8.7,5.4,7.7,64.2
1233,B,0,1,5.2,7.5,5.0,5.7,55.7
1233,C,0,0,7.5,7.6,8.5,5.3,48.2
1233,D,0,1,5.6,10,8.3,7.4,68.8
1234,A,1,1,6.8,5.8,4.0,7.0,72.7
1234,B,1,0,7.5,7.7,8.1,6.4,66.2
1234,C,0,1,6.6,6.0,6.0,4.1,54.5
1234,D,1,1,8.9,8.2,6.9,7.3,85.5
1235,A,1,1,5.2,6.3,4.9,7.2,72.7
1235,B,1,0,9.2,9.0,6.8,7.0,70.0
1235,C,1,1,5.9,4.9,6.4,5.1,70.5
1235,D,1,0,7.2,8.2,7.6,8.2,68.7
1236,A,1,1,7.8,7.0,5.2,6.6,77.7
1236,B,1,0,9.8,7.7,5.9,8.2,69.3
1236,C,1,1,10,8.3,6.4,3.9,81.0
1236,D,1,1,7.4,5.5,9.1,6.7,81.2
1237,A,0,0,7.6,9.4,3.9,6.4,45.5
1237,B,0,0,9.1,8.2,7.0,6.3,51.0
1237,C,0,0,7.4,6.4,7.8,6.1,46.2
1237,D,1,0,9.0,10,5.2,6.3,67.5
1238,A,0,0,8.0,5.6,9.1,6.5,48.7
1238,B,1,1,7.2,8.1,5.3,6.8,79.0
1238,C,0,0,9.1,7.3,9.6,6.3,53.8
1238,D,1,1,6.8,8.5,7.8,7.6,84.5
1239,A,0,1,5.9,8.8,4.4,6.6,59.5
1239,B,0,0,5.9,5.9,5.7,7.0,40.8
1239,C,1,0,7.8,8.8,9.2,7.3,71.8
1239,D,1,1,7.9,7.2,5.6,8.2,81.5
1240,A,0,0,8.2,6.7,5.1,10,50.0
1240,B,1,1,7.6,8.2,6.0,6.7,80.8
1240,C,0,0,7.4,6.2,6.6,4.8,41.7
1240,D,1,0,8.3,8.0,7.8,7.5,69.3
1241,A,1,1,6.7,8.5,5.3,8.4,81.5
1241,B,1,1,7.4,10,9.0,5.2,86.0
1241,C,0,0,4.4,7.7,6.4,4.9,39.0
1241,D,1,0,10,6.4,7.0,5.5,64.8
1242,A,0,0,6.6,6.1,3.8,7.1,39.3
1242,B,0,0,6.7,9.6,7.9,7.6,53.0
1242,C,1,1,6.9,5.2,7.9,7.5,79.2
1242,D,1,1,10,7.7,7.5,5.3,84.2
1243,A,1,0,6.6,7.6,5.4,7.7,62.2
1243,B,1,1,5.3,6.7,5.0,5.9,71.5
1243,C,0,0,7.1,5.7,7.1,5.4,42.2
1243,D,0,0,6.5,9.4,6.7,7.3,49.8
1244,A,0,0,5.1,7.1,4.9,6.9,40.0
1244,B,1,0,8.7,9.0,5.9,6.8,67.3
1244,C,0,0,7.0,7.6,9.5,5.4,49.2
1244,D,1,1,7.1,6.5,6.3,6.4,77.2
1245,A,1,0,6.3,7.2,4.0,7.0,57.5
1245,B,1,0,7.3,7.7,7.0,8.3,67.2
1245,C,1,1,7.9,6.4,8.9,6.6,83.0
1245,D,0,1,9.1,6.5,7.5,7.1,67.0
1246,A,1,0,5.9,7.2,7.6,6.5,62.0
1246,B,1,0,7.0,8.7,8.8,7.7,70.3
1246,C,1,1,7.7,5.6,6.1,3.2,71.0
1246,D,0,1,5.7,4.9,7.5,8.4,60.8
1247,A,0,0,6.2,7.5,5.6,7.0,43.8
1247,B,1,1,8.5,8.6,9.4,6.0,87.5
1247,C,1,0,7.4,5.2,8.6,7.2,64.0
1247,D,1,1,7.8,7.9,6.5,7.3,82.5
1248,A,0,0,5.3,9.7,6.0,5.8,44.7
1248,B,1,1,4.7,7.9,5.6,5.4,72.7
1248,C,0,0,6.5,5.8,10,6.2,47.5
1248,D,0,1,4.4,8.4,9.3,5.4,62.5
1249,A,0,1,4.5,8.2,5.5,7.8,60.0
1249,B,1,1,7.0,8.8,5.8,6.6,80.3
1249,C,0,0,8.6,6.9,7.7,5.5,47.8
1249,D,1,1,5.3,9.5,8.0,8.2,85.0
1250,A,1,0,7.6,7.6,7.5,7.4,66.8
1250,B,1,0,8.4,6.7,3.5,7.0,59.3
1250,C,0,0,6.3,9.0,6.4,5.1,44.7
1250,D,1,1,9.8,8.2,5.8,8.8,87.7
1251,A,0,0,3.6,9.2,3.7,9.2,42.8
1251,B,1,0,6.4,8.3,6.0,5.9,61.0
1251,C,0,1,8.0,5.6,5.6,4.7,56.5
1251,D,1,0,9.8,6.0,6.9,6.5,65.3
1252,A,1,0,5.9,6.1,7.1,8.3,62.3
1252,B,0,0,8.1,10,5.7,5.5,48.8
1252,C,0,0,7.4,4.0,4.8,6.9,38.5
1252,D,0,1,7.6,7.6,8.3,6.5,66.7
1253,A,0,1,7.5,7.1,6.6,7.4,64.3
1253,B,1,1,7.1,6.7,8.8,5.7,80.5
1253,C,1,0,6.9,5.9,5.9,5.6,57.2
1253,D,0,0,6.0,6.8,9.1,7.4,48.8
1254,A,0,0,4.5,7.6,5.0,7.8,41.5
1254,B,0,0,9.5,7.9,7.6,6.6,52.7
1254,C,1,1,5.7,8.2,7.7,7.1,81.2
1254,D,1,0,8.4,7.9,6.6,5.8,64.5
1255,A,1,0,5.6,8.1,4.9,10,64.3
1255,B,0,1,5.8,9.5,6.0,8.3,66.0
1255,C,0,0,7.0,5.7,8.5,4.1,42.2
1255,D,1,1,6.6,7.1,8.3,5.0,78.3
1256,A,1,1,6.6,6.7,5.7,8.2,78.7
1256,B,1,1,8.6,7.9,4.8,8.1,82.3
1256,C,1,0,6.7,5.3,5.5,7.3,58.0
1256,D,1,0,7.2,7.9,7.3,6.7,65.2
1257,A,1,1,6.5,6.3,4.2,6.1,71.8
1257,B,0,0,6.8,7.8,7.7,7.8,50.2
1257,C,0,0,10.0,6.9,9.3,4.6,51.3
1257,D,0,1,6.6,6.9,9.1,7.9,67.5
1258,A,0,1,7.8,6.0,4.9,5.9,57.7
1258,B,1,0,8.7,7.2,7.7,5.9,65.8
1258,C,1,0,7.0,8.4,7.2,5.0,62.7
1258,D,0,1,7.3,7.3,8.5,6.4,65.8
1259,A,1,1,7.1,7.3,3.9,5.7,73.3
1259,B,1,0,8.5,8.0,4.9,5.7,61.8
1259,C,1,1,5.8,7.5,9.0,7.4,82.8
1259,D,1,1,7.7,5.3,6.8,7.0,78.0
1260,A,0,1,3.4,7.3,5.6,7.3,56.0
1260,B,1,0,7.5,5.0,7.4,6.1,60.0
1260,C,1,1,9.6,7.6,5.8,6.2,82.0
1260,D,0,0,7.7,6.3,7.3,8.3,49.3
1261,A,0,1,6.6,7.7,6.9,8.5,66.2
1261,B,0,0,6.7,5.9,8.5,6.2,45.5
1261,C,0,0,8.0,6.4,8.0,5.1,45.8
1261,D,1,0,10,8.2,8.0,5.1,68.8
1262,A,1,0,5.9,7.3,5.1,6.4,57.8
1262,B,1,1,7.1,9.3,8.1,6.5,85.0
1262,C,0,0,8.8,8.5,8.4,6.6,53.8
1262,D,0,0,7.2,6.6,6.1,8.8,47.8
1263,A,1,1,3.7,7.8,6.5,7.9,76.5
1263,B,1,0,8.3,6.6,2.7,7.5,58.5
1263,C,1,0,7.5,7.5,9.2,4.4,64.3
1263,D,1,1,9.4,8.4,8.8,6.1,87.8
1264,A,1,0,5.6,7.0,4.4,8.9,59.8
1264,B,1,1,5.9,6.9,7.4,6.4,77.7
1264,C,0,1,5.3,8.4,6.0,4.7,57.3
1264,D,1,0,8.4,6.8,7.2,7.5,66.5
1265,A,0,0,6.1,6.4,4.0,7.1,39.3
1265,B,0,0,7.1,7.7,5.7,9.2,49.5
1265,C,1,0,7.0,5.0,7.4,4.5,56.5
1265,D,0,0,8.3,7.7,7.4,6.1,49.2
1266,A,0,0,7.9,8.3,7.1,7.1,50.7
1266,B,1,1,8.5,8.5,7.2,5.8,83.3
1266,C,1,0,8.2,7.0,9.2,4.8,65.3
1266,D,1,0,7.7,8.2,7.6,5.3,64.7
1267,A,0,0,8.1,8.6,5.3,5.6,46.0
1267,B,0,0,8.9,9.0,8.7,7.2,56.3
1267,C,0,0,6.8,4.6,7.3,4.4,38.5
1267,D,0,0,7.2,8.8,7.6,4.1,46.2
1268,A,1,0,5.4,6.1,3.0,9.2,56.2
1268,B,0,1,8.9,9.3,9.0,8.0,75.3
1268,C,0,0,6.1,7.5,6.4,6.6,44.3
1268,D,1,1,8.5,7.0,7.0,6.2,81.2
1269,A,1,0,8.7,5.7,4.7,6.9,60.0
1269,B,0,0,5.7,6.3,4.6,7.1,39.5
1269,C,1,1,9.7,7.9,6.0,4.7,80.5
1269,D,1,1,7.1,9.7,8.3,6.8,86.5
1270,A,1,0,6.7,7.3,5.2,6.3,59.2
1270,B,1,1,6.4,8.6,5.4,5.7,76.8
1270,C,0,1,6.7,6.1,7.4,3.0,55.3
1270,D,1,1,8.4,7.6,6.5,6.1,81.0
1271,A,1,0,6.7,7.5,5.9,7.7,63.0
1271,B,1,1,6.4,9.4,3.1,8.8,79.5
1271,C,1,1,9.0,5.5,5.9,5.7,76.8
1271,D,1,1,10.0,5.7,7.8,6.8,83.8
1272,A,1,0,6.8,7.5,4.8,6.9,60.0
1272,B,1,0,7.8,7.9,7.3,7.7,67.8
1272,C,1,0,5.8,6.9,5.3,5.8,56.3
1272,D,1,1,9.1,8.7,9.7,5.1,87.7
1273,A,0,0,6.2,8.7,5.5,6.1,44.2
1273,B,0,1,5.7,8.3,3.3,6.3,56.0
1273,C,0,0,7.9,7.0,6.1,6.0,45.0
1273,D,1,1,8.7,6.5,8.1,7.2,84.2
1274,A,0,1,6.5,8.8,5.8,8.5,66.0
1274,B,1,1,8.0,6.6,6.7,6.1,79.0
1274,C,1,1,8.2,4.0,7.1,5.5,74.7
1274,D,1,1,8.5,7.4,8.5,6.4,84.7
1275,A,1,0,5.8,7.0,6.6,7.9,62.2
1275,B,1,1,6.3,8.5,5.8,7.1,79.5
1275,C,0,1,8.5,6.3,9.6,5.8,67.0
1275,D,0,1,7.1,5.6,6.2,6.0,58.2
1276,A,1,0,6.1,7.0,5.7,5.1,56.5
1276,B,1,1,5.8,7.8,6.7,5.6,76.5
1276,C,0,0,8.6,5.9,4.4,4.4,38.8
1276,D,1,0,8.1,7.6,4.4,6.8,61.5
1277,A,1,0,6.1,8.4,8.7,8.3,69.2
1277,B,1,0,7.7,9.0,6.8,6.4,66.5
1277,C,1,0,5.9,7.7,7.6,4.6,59.7
1277,D,1,0,9.1,7.2,6.8,7.7,68.0
1278,A,0,1,5.7,9.2,3.0,8.6,60.8
1278,B,1,0,5.9,6.4,6.4,7.0,59.5
1278,C,0,0,7.5,7.2,8.1,6.1,48.2
1278,D,1,1,7.3,6.1,8.2,7.3,81.5
1279,A,1,0,8.0,8.3,5.2,7.7,65.3
1279,B,0,0,5.8,7.1,6.9,5.7,42.5
1279,C,1,1,7.5,7.5,7.7,7.2,83.2
1279,D,0,0,7.5,7.8,6.4,4.9,44.3
1280,A,1,1,8.3,6.8,5.9,7.0,80.0
1280,B,1,0,7.4,8.9,6.9,6.7,66.5
1280,C,0,0,6.5,7.8,8.0,4.4,44.5
1280,D,1,0,8.3,7.1,6.7,8.6,67.8
1281,A,0,0,7.3,6.6,7.5,10,52.3
1281,B,1,1,6.8,7.5,8.2,6.5,81.7
1281,C,1,1,6.2,7.4,7.5,6.9,80.0
1281,D,1,0,4.5,7.1,7.2,4.1,54.8
1282,A,1,0,6.0,9.9,2.7,5.7,57.2
1282,B,1,0,9.6,5.8,7.8,5.8,65.0
1282,C,0,1,7.5,8.5,6.3,4.5,61.3
1282,D,1,1,7.7,6.1,9.3,6.1,82.0
1283,A,1,0,5.7,7.9,6.7,8.7,65.0
1283,B,1,0,7.8,8.3,3.5,6.4,60.0
1283,C,1,0,7.4,5.4,6.1,4.3,55.3
1283,D,1,0,9.0,7.8,9.1,4.6,67.5
1284,A,0,0,5.4,7.8,5.6,7.7,44.2
1284,B,1,1,9.6,5.6,6.9,6.0,80.2
1284,C,0,0,7.3,8.0,9.2,7.2,52.8
1284,D,1,0,9.2,5.4,7.9,5.9,64.0
1285,A,0,0,6.7,9.0,8.2,6.1,50.0
1285,B,0,0,3.1,7.2,7.9,7.0,42.0
1285,C,0,0,5.0,7.7,5.8,5.7,40.3
1285,D,1,0,8.6,7.5,9.8,7.8,72.8
1286,A,0,1,6.9,8.3,6.3,8.5,66.7
1286,B,1,0,7.5,6.5,6.2,7.1,62.2
1286,C,1,0,7.2,6.6,5.7,6.3,59.7
1286,D,1,1,10,7.5,7.9,8.0,89.0
1287,A,1,0,5.6,6.5,7.7,7.3,61.8
1287,B,0,0,6.8,8.2,7.7,7.4,50.2
1287,C,1,1,5.4,8.0,5.4,5.6,74.0
1287,D,1,0,7.8,8.0,8.1,7.5,69.0
1288,A,0,0,5.4,5.0,6.4,9.1,43.2
1288,B,1,1,9.5,6.7,5.9,7.7,83.0
1288,C,1,1,7.1,8.3,4.9,5.9,77.0
1288,D,0,0,7.8,7.9,7.4,5.2,47.2
1289,A,0,0,5.9,6.3,7.8,9.8,49.7
1289,B,1,1,7.2,8.1,7.1,7.4,83.0
1289,C,1,1,7.9,6.6,6.0,4.4,74.8
1289,D,0,0,6.4,9.1,9.4,6.5,52.3
1290,A,0,0,7.2,5.9,5.7,7.6,44.0
1290,B,1,1,6.6,8.9,6.8,9.6,86.5
1290,C,0,0,7.6,6.6,7.0,6.0,45.3
1290,D,1,1,9.6,7.8,6.3,6.0,82.8
1291,A,0,0,6.4,9.5,6.5,8.4,51.3
1291,B,0,0,7.3,8.4,6.2,6.2,46.8
1291,C,0,1,6.6,9.2,6.8,6.8,65.7
1291,D,0,0,7.9,6.0,7.7,7.0,47.7
1292,A,0,0,7.5,7.6,4.2,7.3,44.3
1292,B,1,1,7.1,7.6,7.5,5.8,80.0
1292,C,0,0,5.9,5.2,8.8,7.2,45.2
1292,D,1,1,9.6,6.2,7.2,7.9,84.8
1293,A,0,1,5.2,7.8,5.7,7.0,59.5
1293,B,1,0,7.2,7.5,8.0,6.2,64.8
1293,C,1,0,7.8,5.1,6.7,6.2,59.7
1293,D,0,0,8.8,6.9,4.8,7.1,46.0
1294,A,0,0,6.5,7.7,6.6,7.0,46.3
1294,B,1,1,7.6,9.7,6.6,6.3,83.7
1294,C,1,0,7.3,8.3,10,4.6,67.0
1294,D,1,0,8.4,5.5,8.0,6.6,64.2
1295,A,0,0,7.6,6.5,6.0,7.6,46.2
1295,B,0,0,8.2,8.2,5.3,7.5,48.7
1295,C,0,1,6.6,6.7,7.5,4.0,58.0
1295,D,1,0,6.7,6.9,7.5,9.4,67.5
1296,A,0,1,5.2,8.3,6.6,6.2,60.5
1296,B,0,1,7.6,10,5.9,7.3,68.0
1296,C,1,0,6.6,3.9,6.3,5.9,54.5
1296,D,0,1,9.6,7.9,7.1,5.5,66.8
1297,A,1,0,7.0,5.7,5.8,7.9,60.7
1297,B,0,1,7.7,10,6.1,6.9,67.8
1297,C,1,0,7.2,6.7,6.1,4.6,57.7
1297,D,1,0,5.5,7.9,6.5,6.5,60.7
1298,A,1,1,4.0,8.4,4.8,6.1,72.2
1298,B,1,1,7.2,8.6,7.5,6.9,83.7
1298,C,0,1,8.7,7.5,7.3,7.5,68.3
1298,D,1,0,7.1,5.5,5.7,6.7,58.3
1299,A,1,0,7.5,8.4,5.3,5.9,61.8
1299,B,0,0,8.1,6.9,5.2,9.1,48.8
1299,C,1,1,6.5,7.5,7.0,5.6,77.7
1299,D,1,0,9.6,7.7,7.9,7.1,70.5
1300,A,0,1,8.3,7.6,7.2,7.0,66.8
1300,B,0,0,4.2,6.2,6.6,5.6,37.7
1300,C,1,0,5.8,6.8,7.4,4.8,58.0
1300,D,1,0,5.2,7.6,7.9,6.3,61.7
1301,A,1,1,4.4,6.0,6.7,9.2,77.2
1301,B,0,0,7.2,8.3,6.0,8.3,49.7
1301,C,1,0,6.1,6.7,7.5,5.9,60.3
1301,D,1,1,7.5,7.5,9.0,8.9,88.2
1302,A,1,0,7.3,6.9,7.8,7.3,65.5
1302,B,1,1,6.9,7.2,9.1,7.6,84.7
1302,C,0,1,8.4,6.6,7.1,5.9,63.3
1302,D,1,1,8.6,5.9,6.4,6.6,79.2
1303,A,1,1,3.8,6.2,5.0,7.5,70.8
1303,B,0,0,5.0,6.7,5.8,8.8,43.8
1303,C,0,0,7.9,7.7,6.8,7.2,49.3
1303,D,0,0,8.5,7.7,6.5,6.5,48.7
1304,A,1,0,6.9,8.0,4.3,5.3,57.5
1304,B,1,1,7.1,7.3,6.8,6.9,80.2
1304,C,0,1,6.8,5.2,6.7,7.5,60.3
1304,D,1,0,8.5,6.5,8.1,7.1,67.0
1305,A,0,0,6.9,9.8,6.7,7.2,51.0
1305,B,1,1,9.9,8.6,5.2,8.7,87.3
1305,C,1,0,7.1,5.8,6.9,5.9,59.5
1305,D,1,0,8.9,8.5,9.9,7.3,74.3
1306,A,1,1,7.0,7.7,6.7,5.6,78.3
1306,B,0,1,5.8,4.6,7.2,6.4,56.7
1306,C,0,0,8.0,5.3,7.7,5.6,44.3
1306,D,0,0,7.7,7.4,7.0,4.6,44.5
1307,A,1,1,6.8,6.9,3.0,7.5,73.7
1307,B,0,0,10,7.6,5.4,6.6,49.3
1307,C,1,1,8.6,5.8,7.4,6.8,81.0
1307,D,1,0,7.3,7.8,6.7,9.1,68.2
1308,A,0,1,6.3,6.9,6.3,8.8,63.8
1308,B,0,1,9.3,9.3,3.8,8.0,67.3
1308,C,1,1,9.5,7.6,7.4,6.3,84.7
1308,D,1,1,8.5,7.8,6.4,6.4,81.8
1309,A,1,1,7.5,8.8,7.6,8.8,87.8
1309,B,0,1,7.7,7.8,6.9,6.2,64.3
1309,C,1,0,5.5,6.9,8.6,4.9,59.8
1309,D,1,1,8.8,7.9,8.7,7.8,88.7
1310,A,0,0,6.9,8.3,5.0,6.8,45.0
1310,B,1,1,6.5,7.3,7.0,4.0,74.7
1310,C,0,1,6.1,6.5,6.8,6.1,59.2
1310,D,1,1,8.7,7.5,5.5,7.1,81.3
1311,A,0,0,8.6,7.8,6.2,7.5,50.2
1311,B,0,0,7.0,6.6,7.0,7.8,47.3
1311,C,1,1,5.5,7.4,6.2,6.0,75.2
1311,D,1,0,9.3,7.3,7.7,7.0,68.8
1312,A,0,0,6.5,6.6,7.6,9.2,49.8
1312,B,1,1,4.7,9.9,4.5,5.6,74.5
1312,C,1,1,9.3,7.0,7.9,4.8,81.7
1312,D,1,0,7.7,6.9,7.8,6.1,64.2
1313,A,1,0,4.9,7.3,7.2,7.7,61.8
1313,B,0,0,6.4,6.8,4.7,6.2,40.2
1313,C,0,0,6.6,6.0,5.6,3.5,36.2
1313,D,0,0,5.8,6.8,5.8,8.3,44.5
1314,A,0,0,7.2,8.1,5.7,8.6,49.3
1314,B,0,1,5.6,7.0,5.4,5.3,55.5
1314,C,0,0,8.8,8.3,7.1,6.6,51.3
1314,D,1,0,10,7.3,6.6,5.4,65.5
1315,A,1,0,5.0,6.5,5.3,6.3,55.2
1315,B,0,0,7.3,5.6,6.0,8.2,45.2
1315,C,1,0,7.8,6.0,8.7,3.5,60.0
1315,D,1,1,9.2,9.5,8.3,6.4,89.0
1316,A,1,0,8.5,7.7,5.4,9.1,67.8
1316,B,1,0,7.2,6.4,8.5,7.6,66.2
1316,C,1,1,9.3,6.2,9.9,5.1,84.2
1316,D,1,0,7.0,5.7,7.9,7.7,63.8
1317,A,1,0,7.2,5.2,5.4,8.1,59.8
1317,B,1,0,7.2,7.9,8.4,7.3,68.0
1317,C,0,0,7.0,7.5,7.3,4.3,43.5
1317,D,0,1,7.6,9.4,8.3,7.2,70.8
1318,A,0,0,7.5,8.4,5.7,9.5,51.8
1318,B,1,1,5.0,10,7.3,6.0,80.5
1318,C,0,0,6.3,5.5,8.2,6.4,44.0
1318,D,1,0,8.8,7.9,6.3,6.8,66.3
1319,A,1,1,7.2,8.9,4.8,5.8,77.8
1319,B,1,1,6.5,9.0,6.2,7.6,82.2
1319,C,0,0,6.8,7.5,6.3,6.4,45.0
1319,D,1,0,7.6,4.3,8.4,7.3,62.7
1320,A,0,0,6.4,7.3,7.1,8.6,49.0
1320,B,0,0,9.2,10.0,6.9,6.9,55.0
1320,C,1,0,7.1,8.3,7.0,6.5,64.8
1320,D,1,0,9.9,8.9,6.4,8.5,72.8
1321,A,0,1,6.3,5.4,6.1,7.9,59.5
1321,B,1,1,7.6,7.1,7.7,7.2,82.7
1321,C,0,0,4.7,6.9,6.1,6.3,40.0
1321,D,0,0,8.9,7.9,6.6,6.4,49.7
1322,A,0,0,7.9,5.7,5.1,6.4,41.8
1322,B,1,1,9.4,8.6,7.9,7.2,88.5
1322,C,0,0,6.4,9.1,6.4,3.9,43.0
1322,D,1,1,6.0,8.8,8.3,6.8,83.2
1323,A,0,0,7.6,9.3,7.2,7.7,53.0
1323,B,1,0,8.0,8.8,4.8,5.3,61.5
1323,C,0,0,5.1,6.8,6.2,4.2,37.2
1323,D,0,0,6.5,10,6.2,7.7,50.7
1324,A,0,0,7.7,6.7,6.9,6.8,46.8
1324,B,0,1,7.1,8.1,7.5,5.7,64.0
1324,C,1,0,5.9,7.9,7.0,5.5,60.5
1324,D,1,0,8.3,8.5,9.6,7.8,73.7
1325,A,1,0,7.6,6.5,5.0,8.2,62.2
1325,B,1,0,7.4,6.2,7.6,7.8,65.0
1325,C,1,1,4.8,7.5,7.2,6.0,75.8
1325,D,1,1,7.1,7.5,7.0,9.1,84.5
1326,A,1,1,6.2,4.5,4.3,8.3,72.2
1326,B,0,1,6.4,6.3,6.6,7.6,61.5
1326,C,1,0,6.9,6.2,9.7,7.3,66.8
1326,D,0,1,9.6,7.4,8.1,7.3,70.7
1327,A,0,0,5.9,9.4,5.1,7.8,47.0
1327,B,0,1,6.3,8.1,6.0,8.6,65.0
1327,C,1,0,8.6,6.1,8.8,4.0,62.5
1327,D,1,1,8.5,4.4,9.0,5.6,79.2
1328,A,0,0,6.2,8.1,4.9,7.5,44.5
1328,B,0,0,7.9,7.0,6.3,5.6,44.7
1328,C,1,0,5.6,5.6,7.5,6.6,58.8
1328,D,1,1,7.3,7.3,7.7,5.8,80.2
1329,A,1,0,5.3,7.9,4.3,7.4,58.2
1329,B,1,0,7.5,8.5,8.0,8.1,70.2
1329,C,1,0,6.5,3.7,7.8,4.2,53.7
1329,D,1,0,6.9,6.5,8.6,7.7,66.2
1330,A,0,0,7.3,8.0,3.7,7.0,43.3
1330,B,0,1,9.2,7.2,6.6,8.1,68.5
1330,C,1,1,5.2,7.3,8.0,5.9,77.3
1330,D,1,1,7.2,6.6,6.6,7.0,79.0
1331,A,1,0,4.0,8.1,4.5,4.6,52.0
1331,B,1,1,6.6,8.4,7.7,7.0,82.8
1331,C,1,0,8.0,5.6,6.5,7.3,62.3
1331,D,0,0,7.9,10,5.6,6.0,49.2
1332,A,0,1,6.2,7.3,6.0,6.3,59.7
1332,B,1,0,7.0,7.8,5.6,8.2,64.3
1332,C,1,0,8.8,7.2,7.3,3.6,61.5
1332,D,1,1,7.7,6.4,10,6.9,85.0
1333,A,1,1,8.1,6.2,4.6,9.5,80.7
1333,B,0,1,7.5,6.5,7.2,5.2,60.7
1333,C,1,0,7.4,4.3,7.1,3.3,53.5
1333,D,0,1,9.6,8.6,7.6,7.6,72.3
1334,A,0,0,8.6,9.5,6.9,8.4,55.7
1334,B,1,1,5.9,9.0,7.1,7.4,82.3
1334,C,1,1,9.4,7.3,7.3,7.2,85.3
1334,D,1,1,7.4,7.7,7.4,6.8,82.2
1335,A,1,1,5.8,8.3,6.8,5.3,77.0
1335,B,1,1,6.3,7.6,5.6,7.4,78.2
1335,C,1,0,6.5,5.5,6.1,5.2,55.5
1335,D,0,0,6.3,7.1,5.5,6.5,42.3
1336,A,0,0,4.7,6.8,6.6,5.8,39.8
1336,B,1,0,7.1,8.7,8.2,7.0,68.3
1336,C,1,0,5.3,7.1,5.2,5.7,55.5
1336,D,1,0,7.6,6.3,8.7,7.0,66.0
1337,A,1,0,4.4,7.6,5.1,7.8,58.2
1337,B,1,1,9.2,8.2,6.9,6.8,85.2
1337,C,1,0,7.3,7.0,7.2,7.5,65.0
1337,D,1,0,9.0,7.3,6.1,7.7,66.8
1338,A,1,0,8.9,8.4,4.9,6.9,65.2
1338,B,1,0,7.0,7.8,5.7,6.1,61.0
1338,C,1,0,5.2,6.9,7.5,4.7,57.2
1338,D,1,0,6.5,6.8,8.6,6.0,63.2
1339,A,1,0,7.7,9.4,3.7,5.0,59.7
1339,B,1,1,7.6,5.9,8.3,8.8,84.3
1339,C,1,1,9.3,5.0,9.0,8.0,85.5
1339,D,1,0,6.9,9.3,5.7,6.5,64.0
1340,A,1,0,3.7,7.4,7.2,6.6,58.2
1340,B,1,1,7.9,7.1,5.7,8.9,82.7
1340,C,0,0,5.3,6.9,7.6,5.1,41.5
1340,D,1,1,6.8,6.5,10,6.6,83.2
1341,A,1,0,5.1,7.7,8.0,7.7,64.2
1341,B,1,1,5.5,8.7,5.6,8.2,80.0
1341,C,1,1,8.5,7.8,7.2,4.7,80.3
1341,D,1,1,8.8,5.0,8.3,7.2,82.2
1342,A,1,0,7.1,7.1,4.6,5.9,57.8
1342,B,0,1,7.7,8.2,5.7,7.3,64.8
1342,C,0,0,4.4,6.7,6.4,5.1,37.7
1342,D,1,0,4.6,9.0,6.7,5.6,59.8
1343,A,1,0,6.4,6.6,5.5,8.2,61.2
1343,B,1,0,7.0,7.2,7.1,7.4,64.5
1343,C,1,0,5.9,6.8,6.6,8.9,63.7
1343,D,0,0,8.2,8.3,8.2,7.6,53.8
1344,A,0,0,5.6,8.0,6.0,7.8,45.7
1344,B,1,1,8.1,7.7,8.0,9.1,88.2
1344,C,1,0,7.2,9.4,8.3,5.7,67.7
1344,D,0,1,8.0,6.2,7.0,7.5,64.5
1345,A,1,0,6.9,6.1,6.2,5.2,57.3
1345,B,0,0,6.5,7.5,7.7,8.0,49.5
1345,C,0,0,7.5,4.4,8.5,5.9,43.8
1345,D,0,0,8.9,8.7,8.9,7.9,57.3
1346,A,1,0,6.2,6.2,4.9,8.4,59.5
1346,B,1,0,8.6,10,5.4,6.4,67.3
1346,C,0,0,6.2,8.5,6.8,5.5,45.0
1346,D,0,0,7.1,7.2,9.3,7.2,51.3
1347,A,1,1,6.8,6.0,6.9,4.1,73.0
1347,B,1,1,5.2,7.9,6.8,5.1,75.0
1347,C,0,1,7.9,7.5,6.8,4.8,61.7
1347,D,0,1,8.8,6.9,6.9,8.9,69.2
1348,A,1,1,6.2,8.2,5.7,7.2,78.8
1348,B,1,0,8.0,7.8,5.8,7.0,64.3
1348,C,0,0,6.2,5.9,6.5,3.7,37.2
1348,D,1,1,6.3,9.0,9.2,5.7,83.7
1349,A,0,0,5.4,8.5,5.8,4.6,40.5
1349,B,1,0,6.7,6.5,7.1,6.3,61.0
1349,C,1,1,6.9,6.5,7.7,4.5,76.0
1349,D,1,1,6.1,7.4,6.3,5.8,76.0
1350,A,1,0,6.0,6.7,4.3,7.2,57.0
1350,B,1,0,5.4,8.3,5.7,7.7,61.8
1350,C,0,0,3.7,7.1,8.3,4.4,39.2
1350,D,1,1,9.7,7.4,6.1,5.9,81.8
1351,A,0,0,7.3,5.0,8.4,8.0,47.8
1351,B,1,1,7.5,7.6,7.3,6.2,81.0
1351,C,1,0,7.5,4.3,5.9,4.9,54.3
1351,D,0,1,5.5,8.9,6.9,7.7,65.0
1352,A,0,0,7.0,8.3,9.1,7.4,53.0
1352,B,1,1,6.6,5.4,7.9,6.8,77.8
1352,C,1,0,7.8,6.9,6.1,7.6,64.0
1352,D,0,1,6.3,6.9,7.6,8.6,65.7
1353,A,1,0,6.5,4.9,3.8,8.4,56.0
1353,B,0,1,7.5,7.5,6.9,7.4,65.5
1353,C,1,1,7.4,7.2,6.9,5.2,77.8
1353,D,1,1,5.8,6.2,6.2,6.2,74.0
1354,A,1,1,5.8,6.6,5.9,9.8,80.2
1354,B,1,0,6.2,8.0,5.7,8.1,63.3
1354,C,1,0,5.4,7.4,7.9,4.6,58.8
1354,D,1,1,6.4,10,7.3,6.1,83.0
1355,A,1,0,7.1,8.6,5.8,8.0,65.8
1355,B,1,0,9.1,6.3,8.7,3.8,63.2
1355,C,1,0,6.5,6.8,6.9,4.0,57.0
1355,D,1,1,8.1,6.5,5.7,7.0,78.8
1356,A,0,0,8.5,6.6,6.9,6.5,47.5
1356,B,0,0,5.4,7.4,5.1,5.7,39.3
1356,C,1,0,6.0,6.0,6.7,5.6,57.2
1356,D,1,0,9.1,5.7,10,8.1,71.5
1357,A,1,1,6.0,6.1,3.4,6.8,70.5
1357,B,1,1,7.4,9.2,7.0,5.5,81.8
1357,C,1,1,8.3,7.2,9.2,3.8,80.8
1357,D,1,1,9.9,7.0,6.1,5.9,81.5
1358,A,0,0,6.2,8.9,5.9,9.2,50.3
1358,B,1,0,5.2,6.3,6.4,6.5,57.3
1358,C,0,0,6.9,9.5,7.4,6.5,50.5
1358,D,0,1,9.4,5.5,8.9,4.0,63.0
1359,A,0,1,6.9,6.3,4.9,9.0,61.8
1359,B,1,1,5.8,8.1,9.0,7.2,83.5
1359,C,0,1,6.0,8.6,6.6,7.0,63.7
1359,D,0,0,7.5,5.0,7.7,6.7,44.8
1360,A,1,0,4.1,8.6,5.6,8.7,61.7
1360,B,1,1,7.9,7.0,8.6,8.5,86.7
1360,C,1,0,7.7,6.7,6.6,4.9,59.8
1360,D,1,1,7.0,7.5,8.5,8.4,85.7
1361,A,0,0,8.1,7.3,7.6,9.4,54.0
1361,B,0,1,6.2,4.6,5.2,4.4,50.7
1361,C,1,0,7.3,4.8,8.7,7.2,63.3
1361,D,1,0,7.9,6.4,9.0,5.4,64.5
1362,A,1,1,5.8,9.5,5.1,8.2,81.0
1362,B,1,0,6.2,9.2,8.5,5.9,66.3
1362,C,0,1,9.1,7.4,6.1,5.7,63.8
1362,D,1,1,9.4,8.2,10,5.6,88.7
1363,A,0,0,7.8,7.6,6.4,9.2,51.7
1363,B,1,1,6.9,6.2,6.2,7.0,77.2
1363,C,0,0,7.2,6.6,8.2,6.9,48.2
1363,D,0,0,10,5.9,7.7,5.7,48.8
1364,A,1,0,7.1,6.1,5.3,7.2,59.5
1364,B,0,0,9.4,6.0,7.5,7.1,50.0
1364,C,0,0,5.7,7.5,7.5,5.4,43.5
1364,D,0,0,7.1,7.6,8.6,7.1,50.7
1365,A,1,0,7.6,7.5,6.4,7.3,64.7
1365,B,1,0,7.2,8.7,7.4,6.1,65.7
1365,C,0,0,7.9,5.5,8.6,4.0,43.3
1365,D,1,1,6.5,6.2,7.1,5.9,76.2
1366,A,0,0,6.1,6.6,5.6,7.9,43.7
1366,B,0,1,7.4,10,8.0,8.9,73.8
1366,C,1,1,6.3,5.5,6.1,2.9,68.0
1366,D,1,1,8.2,7.7,9.4,4.4,82.8
1367,A,0,0,5.2,8.5,5.9,9.2,48.0
1367,B,1,1,5.5,9.7,5.5,8.2,81.5
1367,C,1,1,7.7,6.1,6.3,7.6,79.5
1367,D,1,1,9.1,7.6,6.0,7.1,83.0
1368,A,0,0,6.5,8.7,7.5,7.9,51.0
1368,B,0,1,6.8,7.1,6.5,5.8,60.3
1368,C,1,0,9.1,6.9,6.3,4.3,61.0
1368,D,1,0,6.0,9.1,6.3,6.2,62.7
1369,A,0,0,6.5,5.9,5.5,7.9,43.0
1369,B,0,1,7.0,8.7,5.8,9.2,67.8
1369,C,1,0,8.4,5.7,4.7,9.4,63.7
1369,D,1,0,5.7,7.7,7.4,7.3,63.5
1370,A,0,0,4.8,7.4,7.0,10,48.7
1370,B,1,1,8.3,7.2,7.8,6.6,83.2
1370,C,0,0,7.7,7.7,7.7,4.8,46.5
1370,D,0,0,8.1,7.4,8.7,6.6,51.3
1371,A,1,0,5.4,9.8,6.0,7.0,63.7
1371,B,0,1,6.6,8.8,3.7,7.6,61.2
1371,C,0,0,8.2,6.6,7.7,4.2,44.5
1371,D,0,1,7.7,9.6,9.5,6.5,72.2
1372,A,0,1,6.8,8.1,6.3,9.8,68.3
1372,B,0,0,6.0,5.7,6.0,5.5,38.7
1372,C,1,0,6.4,7.4,7.5,6.9,63.7
1372,D,1,1,8.2,5.4,9.2,5.8,81.0
1373,A,1,0,6.4,8.7,4.0,10,65.2
1373,B,0,0,7.3,7.2,5.9,7.6,46.7
1373,C,1,1,9.5,5.8,6.2,7.4,81.5
1373,D,1,1,6.0,5.6,6.3,5.3,72.0
1374,A,0,0,7.6,5.2,7.5,7.3,46.0
1374,B,0,0,5.1,7.4,5.7,7.8,43.3
1374,C,0,0,7.0,6.1,5.6,4.7,39.0
1374,D,1,0,6.4,6.6,6.3,6.7,60.0
1375,A,0,0,7.6,7.8,6.2,7.7,48.8
1375,B,1,0,8.4,6.6,6.1,8.3,65.7
1375,C,1,0,7.1,6.1,7.5,4.3,58.3
1375,D,1,1,5.6,8.9,8.1,7.1,82.8
1376,A,1,0,7.7,9.0,8.5,8.7,73.2
1376,B,1,1,8.9,8.6,6.5,9.2,88.7
1376,C,1,0,6.7,6.2,8.5,7.0,64.0
1376,D,1,1,8.5,7.2,6.4,6.1,80.3
1377,A,1,0,4.5,9.4,7.3,5.1,60.5
1377,B,0,0,7.8,9.7,7.4,7.9,54.7
1377,C,1,0,6.7,3.9,7.1,6.7,57.3
1377,D,1,0,8.0,7.3,7.1,6.1,64.2
1378,A,1,0,5.6,8.6,6.0,6.9,61.8
1378,B,1,0,7.6,5.0,6.6,6.1,58.8
1378,C,1,0,7.0,6.6,4.8,6.3,57.8
1378,D,1,0,8.8,8.6,8.3,7.2,71.5
1379,A,1,0,6.4,9.0,5.8,9.1,67.2
1379,B,0,1,7.6,9.6,5.3,6.8,65.5
1379,C,1,1,8.3,6.5,7.6,8.7,85.2
1379,D,0,0,6.9,6.8,8.5,8.3,50.8
1380,A,1,1,6.8,7.1,4.6,8.1,77.7
1380,B,1,0,7.9,7.5,9.8,5.4,67.7
1380,C,1,1,5.5,8.1,7.7,5.2,77.5
1380,D,1,0,7.4,5.5,6.4,6.4,59.5
1381,A,0,1,6.3,9.0,7.8,5.3,64.0
1381,B,0,1,9.2,8.0,6.6,6.1,66.5
1381,C,1,0,5.4,7.2,6.4,6.2,58.7
1381,D,1,0,6.1,8.2,8.6,6.6,65.8
1382,A,0,1,5.5,5.5,6.4,7.0,57.3
1382,B,1,1,8.3,8.7,4.0,4.1,75.2
1382,C,1,1,9.0,6.5,10,4.4,83.2
1382,D,0,1,7.8,6.3,8.5,5.4,63.3
1383,A,0,0,6.4,8.4,4.3,8.0,45.2
1383,B,1,1,5.6,8.1,7.0,7.2,79.8
1383,C,1,0,7.5,8.6,7.4,4.4,63.2
1383,D,1,1,4.2,8.6,7.1,7.4,78.8
1384,A,1,1,4.9,6.4,4.1,7.4,71.3
1384,B,1,0,9.3,8.3,6.8,5.9,67.2
1384,C,1,1,8.9,6.6,6.3,3.1,74.8
1384,D,0,0,9.0,7.6,9.5,6.5,54.3
1385,A,1,0,7.2,9.8,5.8,8.0,68.0
1385,B,1,1,5.5,6.6,6.5,8.8,79.0
1385,C,1,0,8.2,5.6,5.8,5.0,57.7
1385,D,1,1,6.7,5.8,5.9,6.4,74.7
1386,A,1,0,7.0,7.7,6.6,6.6,63.2
1386,B,0,0,7.7,7.8,8.9,7.2,52.7
1386,C,0,0,8.1,5.0,6.4,6.9,44.0
1386,D,1,1,7.1,5.0,7.1,7.5,77.8
1387,A,0,1,9.3,9.8,9.2,9.0,78.8
1387,B,1,1,7.4,6.4,6.9,8.1,81.3
1387,C,1,0,6.8,7.4,6.8,6.4,62.3
1387,D,1,0,4.6,7.5,6.8,5.6,57.5
1388,A,1,0,7.8,7.9,8.0,8.3,70.0
1388,B,1,0,6.3,6.8,7.1,5.7,59.8
1388,C,0,0,6.5,8.7,9.7,7.4,53.8
1388,D,1,1,7.8,7.0,8.8,4.4,80.0
1389,A,1,1,7.6,7.0,7.0,8.0,82.7
1389,B,1,1,5.9,9.1,7.1,6.1,80.3
1389,C,1,0,5.6,7.9,6.8,5.2,59.2
1389,D,1,1,7.0,7.8,6.3,8.5,82.7
1390,A,0,0,5.6,6.9,6.3,5.9,41.2
1390,B,1,0,5.9,7.3,6.8,8.1,63.5
1390,C,0,0,6.6,6.7,6.4,6.1,43.0
1390,D,1,0,7.1,7.7,5.4,5.5,59.5
1391,A,0,0,6.7,6.7,5.2,7.4,43.3
1391,B,1,0,6.6,6.9,5.0,7.9,60.7
1391,C,1,0,7.9,7.0,8.6,6.7,67.0
1391,D,1,1,6.9,6.8,9.9,6.9,84.2
1392,A,1,1,5.2,8.1,6.5,8.0,79.7
1392,B,1,0,6.4,7.9,4.4,7.4,60.2
1392,C,1,0,6.7,7.1,8.3,5.1,62.0
1392,D,1,1,6.1,6.7,8.1,6.1,78.3
1393,A,1,0,5.5,8.4,4.7,6.5,58.5
1393,B,1,0,6.8,7.6,8.3,4.9,62.7
1393,C,1,1,6.7,7.3,6.6,8.2,81.3
1393,D,1,1,8.6,5.8,8.2,8.8,85.7
1394,A,0,1,7.2,7.0,6.5,9.6,67.2
1394,B,1,1,6.8,9.5,6.4,6.9,82.7
1394,C,1,1,8.5,6.6,9.0,3.9,80.0
1394,D,1,0,9.7,8.9,5.0,8.4,70.0
1395,A,0,0,5.4,9.7,3.2,6.6,41.5
1395,B,1,1,8.1,7.1,8.2,6.6,83.3
1395,C,0,1,7.6,4.4,7.3,5.7,58.3
1395,D,1,0,10,6.5,6.5,6.1,65.2
1396,A,1,0,5.3,6.8,5.7,6.7,57.5
1396,B,0,1,5.4,9.6,6.3,6.0,62.2
1396,C,0,0,3.8,6.2,7.4,6.6,40.0
1396,D,1,1,6.9,5.8,6.5,6.3,75.8
1397,A,1,1,7.4,8.8,4.6,7.2,80.0
1397,B,1,1,7.6,6.2,7.5,6.2,79.2
1397,C,1,0,7.9,9.4,9.1,4.3,67.8
1397,D,1,1,9.0,8.4,6.4,8.1,86.5
1398,A,1,1,7.0,8.5,6.1,6.7,80.5
1398,B,1,0,5.2,8.1,7.5,7.2,63.3
1398,C,0,0,3.2,7.2,6.9,6.6,39.8
1398,D,1,1,8.1,9.9,7.4,4.0,82.3
1399,A,1,0,8.6,6.2,6.4,10.0,68.7
1399,B,0,0,8.2,8.4,3.7,7.8,46.8
1399,C,1,0,7.5,6.8,6.7,5.8,61.3
1399,D,1,1,7.6,9.5,8.6,5.9,86.0
1400,A,1,0,5.8,6.7,3.9,7.4,56.3
1400,B,1,0,5.7,6.3,6.1,7.0,58.5
1400,C,1,0,9.8,6.2,8.2,5.4,66.0
1400,D,1,1,5.7,7.5,8.7,6.0,79.8
1401,A,1,0,5.5,8.4,6.3,5.9,60.2
1401,B,1,1,6.1,7.5,7.8,8.0,82.3
1401,C,1,0,5.3,3.5,8.5,6.8,56.8
1401,D,1,0,8.9,8.0,9.1,7.6,72.7
1402,A,0,0,7.1,8.9,5.7,6.5,47.0
1402,B,0,1,8.4,8.2,5.6,6.2,64.0
1402,C,1,0,2.7,5.7,6.8,4.4,49.3
1402,D,1,1,6.5,9.3,7.3,5.8,81.5
1403,A,0,0,5.4,7.3,6.8,7.7,45.3
1403,B,0,1,4.8,7.6,5.5,7.0,58.2
1403,C,1,0,7.6,7.3,8.3,6.6,66.3
1403,D,0,0,7.5,8.6,10.0,6.2,53.8
1404,A,1,1,7.5,7.8,4.5,7.3,78.5
1404,B,1,1,8.0,8.2,5.2,5.9,78.8
1404,C,1,0,6.6,8.5,4.8,8.3,63.7
1404,D,1,1,10,9.6,8.1,5.3,88.3
1405,A,1,0,7.7,7.7,4.5,7.8,62.8
1405,B,1,0,6.3,7.7,8.2,7.9,66.8
1405,C,0,1,7.3,6.8,6.8,7.2,63.5
1405,D,1,1,7.5,6.5,9.3,8.8,86.8
1406,A,0,1,7.0,7.6,3.8,4.4,54.7
1406,B,0,1,4.8,6.3,6.4,7.9,59.0
1406,C,1,0,6.7,4.8,6.9,3.4,53.0
1406,D,1,0,5.1,9.7,8.4,5.9,65.2
1407,A,1,0,4.0,5.4,5.4,9.3,56.8
1407,B,1,0,7.4,10,8.2,6.3,69.8
1407,C,1,0,7.7,6.6,6.5,5.8,61.0
1407,D,1,1,6.2,8.5,5.6,4.3,74.3
1408,A,1,0,7.8,6.2,4.2,6.3,57.5
1408,B,1,0,9.3,7.9,5.7,5.9,64.7
1408,C,0,0,7.4,6.1,7.7,3.8,41.7
1408,D,1,1,6.9,6.6,6.7,5.0,75.3
1409,A,1,1,6.1,6.0,4.8,6.2,71.8
1409,B,1,1,9.5,7.8,6.2,6.3,83.0
1409,C,1,0,7.3,8.1,7.5,6.6,65.8
1409,D,1,0,8.6,7.1,9.3,4.8,66.3
1410,A,1,1,5.3,8.9,5.7,7.6,79.2
1410,B,0,1,6.1,8.6,4.7,8.2,62.7
1410,C,1,1,6.5,4.0,6.8,4.4,69.5
1410,D,1,0,7.0,8.8,5.2,5.4,60.7
1411,A,0,1,9.0,8.2,5.4,6.4,65.0
1411,B,1,0,7.8,8.7,6.4,6.9,66.3
1411,C,0,0,7.7,7.7,8.2,5.2,48.0
1411,D,1,1,6.1,8.8,7.6,7.0,82.5
1412,A,1,1,4.3,8.8,6.5,6.1,76.2
1412,B,0,0,6.0,7.0,6.9,7.4,45.5
1412,C,1,1,8.6,7.2,6.5,7.9,83.7
1412,D,0,0,7.7,5.6,6.4,6.6,43.8
1413,A,1,0,10,8.8,7.4,8.6,74.7
1413,B,1,1,6.8,6.3,7.7,5.9,77.8
1413,C,0,0,5.9,7.0,5.6,3.5,36.7
1413,D,1,0,9.0,7.8,5.9,4.7,62.3
1414,A,0,0,6.4,6.2,5.7,7.4,42.8
1414,B,1,0,7.5,8.7,6.7,7.0,66.5
1414,C,1,1,8.1,7.0,9.5,5.9,84.2
1414,D,1,1,9.1,7.3,9.7,5.9,86.7
1415,A,0,0,8.5,7.4,6.2,7.1,48.7
1415,B,1,1,7.7,5.6,4.4,5.8,72.5
1415,C,1,1,6.6,5.7,8.5,3.6,74.0
1415,D,1,1,7.2,6.3,9.2,2.7,75.7
1416,A,0,0,4.0,6.1,5.6,8.5,40.3
1416,B,1,1,8.2,6.7,6.7,9.0,84.3
1416,C,0,0,8.7,7.7,4.6,6.3,45.5
1416,D,1,0,8.8,7.3,7.1,7.7,68.2
1417,A,1,0,6.8,6.1,5.1,6.9,58.2
1417,B,1,1,5.1,6.6,6.5,8.7,78.2
1417,C,0,0,6.9,5.7,8.0,5.4,43.3
1417,D,1,0,5.2,6.2,9.2,6.8,62.3
1418,A,1,1,8.7,8.4,5.7,7.7,84.2
1418,B,1,1,5.9,6.0,7.2,8.9,80.0
1418,C,0,0,8.9,7.4,6.9,6.1,48.8
1418,D,1,1,10,4.6,6.7,6.1,79.0
1419,A,0,1,6.5,6.7,6.6,7.4,62.0
1419,B,0,0,7.2,9.3,7.3,3.3,45.2
1419,C,1,0,7.2,7.9,7.0,5.2,62.2
1419,D,1,0,8.3,5.3,6.1,5.3,58.3
1420,A,0,1,4.5,5.4,5.9,5.6,52.3
1420,B,0,0,6.8,8.8,7.2,5.4,47.0
1420,C,1,0,5.8,9.1,7.2,5.4,62.5
1420,D,0,1,7.2,5.9,9.4,7.6,66.8
1421,A,1,0,5.9,8.9,5.3,6.7,61.3
1421,B,1,1,8.8,6.7,7.2,8.7,85.7
1421,C,0,0,7.9,6.2,6.1,5.2,42.3
1421,D,0,0,10,7.9,6.6,8.0,54.2
1422,A,1,1,5.4,5.7,4.9,7.3,72.2
1422,B,1,1,7.5,7.9,6.6,6.8,81.3
1422,C,0,0,5.1,7.7,7.3,5.7,43.0
1422,D,0,1,8.1,7.5,7.3,6.1,65.0
1423,A,0,1,7.1,9.3,5.8,7.7,66.5
1423,B,0,0,6.9,8.8,6.4,6.3,47.3
1423,C,0,1,9.4,7.4,8.7,5.9,69.0
1423,D,0,1,8.0,8.5,9.1,6.9,70.8
1424,A,1,0,5.6,9.8,5.0,6.0,60.7
1424,B,0,1,7.8,7.8,7.1,6.1,64.7
1424,C,0,1,6.9,5.8,8.3,4.5,59.2
1424,D,1,0,9.1,6.6,6.8,6.4,64.8
1425,A,1,0,6.7,7.8,6.7,6.5,62.8
1425,B,1,1,8.0,6.6,6.5,7.3,80.7
1425,C,0,0,8.9,6.0,6.6,5.3,44.7
1425,D,1,1,5.6,5.8,8.3,6.8,77.5
1426,A,1,1,7.8,7.2,4.7,6.7,77.3
1426,B,1,1,7.7,7.3,4.6,5.2,74.7
1426,C,0,1,7.6,5.5,7.6,4.6,58.8
1426,D,1,0,9.0,9.1,6.5,6.9,69.2
1427,A,0,0,8.1,8.6,6.3,8.2,52.0
1427,B,1,0,6.7,8.6,6.2,8.0,65.8
1427,C,1,1,7.0,6.2,8.2,6.1,79.2
1427,D,1,1,7.9,7.4,8.2,7.8,85.5
1428,A,1,0,8.2,9.5,5.3,10,71.7
1428,B,1,0,7.5,7.8,7.6,6.4,65.5
1428,C,0,1,6.1,4.9,8.9,4.0,56.5
1428,D,1,1,8.8,9.2,9.5,7.0,90.8
1429,A,1,1,5.7,7.6,4.3,6.7,73.8
1429,B,0,0,4.8,6.9,9.1,5.4,43.7
1429,C,0,1,8.9,7.9,5.6,7.5,66.5
1429,D,1,1,9.1,8.2,6.5,8.9,87.8
1430,A,1,0,6.9,5.0,3.5,9.0,57.3
1430,B,1,1,7.3,5.6,7.2,7.3,79.0
1430,C,1,1,6.1,6.9,7.6,3.6,73.7
1430,D,0,0,7.8,5.6,7.1,7.9,47.3
1431,A,1,0,5.0,5.7,3.9,4.4,48.3
1431,B,1,1,9.0,6.2,5.2,10,84.0
1431,C,0,0,6.7,8.2,6.8,6.7,47.3
1431,D,1,1,7.4,7.1,8.6,6.6,82.8
1432,A,1,1,4.9,8.8,4.1,6.0,73.0
1432,B,1,0,6.2,8.8,8.1,5.7,64.7
1432,C,1,0,5.9,8.0,9.4,3.0,60.5
1432,D,1,0,6.2,7.6,6.5,6.1,60.7
1433,A,1,0,10,8.6,4.4,8.3,68.8
1433,B,1,0,9.8,5.9,9.3,4.7,66.2
1433,C,1,0,7.9,10,7.3,4.9,66.8
1433,D,1,0,7.6,9.1,8.0,6.2,68.2
1434,A,0,0,7.8,6.9,2.3,5.9,38.2
1434,B,1,0,6.8,9.2,7.7,7.7,69.0
1434,C,1,1,6.4,5.3,7.5,6.0,75.3
1434,D,0,0,8.5,7.8,10,4.6,51.5
1435,A,0,0,5.4,8.0,5.2,7.6,43.7
1435,B,1,0,8.0,5.6,6.1,6.9,61.0
1435,C,0,0,8.2,7.4,7.6,5.3,47.5
1435,D,0,0,7.8,7.2,10,5.6,51.0
1436,A,0,0,7.1,8.0,5.6,8.9,49.3
1436,B,1,0,9.4,7.9,6.1,6.0,65.7
1436,C,0,1,7.5,7.8,8.6,5.5,65.7
1436,D,1,0,6.4,7.2,8.6,4.9,61.8
1437,A,1,0,6.7,4.5,4.5,7.5,55.3
1437,B,1,1,7.6,7.0,6.7,5.3,77.7
1437,C,0,0,7.9,7.7,7.3,6.3,48.7
1437,D,1,1,7.4,7.4,7.1,6.7,81.0
1438,A,0,1,5.8,8.6,2.4,7.3,56.8
1438,B,1,0,7.7,6.5,6.5,8.5,65.3
1438,C,0,0,5.1,5.9,5.6,5.5,36.8
1438,D,0,1,9.4,7.3,7.9,6.9,69.2
1439,A,0,1,8.2,7.5,7.6,8.1,69.0
1439,B,1,0,6.1,7.4,4.2,6.6,57.2
1439,C,1,1,9.3,6.5,7.2,4.9,79.8
1439,D,1,0,6.5,6.9,7.3,7.1,63.0
1440,A,1,0,7.1,8.9,6.2,5.6,63.0
1440,B,1,1,7.4,5.4,5.3,7.7,76.3
1440,C,1,0,8.7,5.2,7.1,4.8,59.7
1440,D,1,0,9.4,5.0,7.3,6.9,64.3
1441,A,0,0,7.8,8.0,5.5,7.5,48.0
1441,B,0,0,7.2,5.6,4.7,6.4,39.8
1441,C,1,1,7.6,7.2,7.4,6.6,81.3
1441,D,1,1,7.6,8.4,7.1,6.6,82.8
1442,A,0,0,6.2,9.3,4.4,5.5,42.3
1442,B,1,1,7.0,8.4,8.8,4.9,81.8
1442,C,1,1,7.7,6.8,9.8,5.8,83.5
1442,D,0,1,8.1,9.6,6.4,7.2,68.8
1443,A,1,0,6.1,8.7,5.7,6.9,62.3
1443,B,1,0,8.4,10.0,7.2,7.7,72.2
1443,C,0,0,7.1,7.3,7.0,5.3,44.5
1443,D,1,0,6.1,9.4,9.9,4.6,66.7
1444,A,1,0,3.2,9.0,5.0,10,62.0
1444,B,1,0,8.8,9.4,7.0,8.2,72.3
1444,C,0,0,8.7,7.1,7.3,6.9,50.0
1444,D,1,1,7.7,6.0,7.1,5.9,77.8
1445,A,1,1,6.5,7.2,6.4,4.8,74.8
1445,B,1,0,7.5,9.0,4.7,4.7,59.8
1445,C,1,0,6.5,6.3,6.7,4.3,56.3
1445,D,1,1,6.3,8.5,5.8,6.2,78.0
1446,A,1,0,6.4,10,6.7,8.4,69.2
1446,B,0,1,7.3,7.7,6.6,8.8,67.3
1446,C,0,0,7.1,7.2,7.4,5.5,45.3
1446,D,1,1,9.7,9.7,7.7,4.9,86.7
1447,A,1,1,8.2,7.9,6.7,5.8,81.0
1447,B,1,0,5.7,6.1,7.8,6.2,59.7
1447,C,1,1,6.2,6.7,6.4,4.2,72.5
1447,D,1,0,8.1,9.5,6.3,5.2,65.2
1448,A,1,0,7.1,8.3,6.3,5.5,62.0
1448,B,1,0,5.9,7.3,6.8,7.3,62.2
1448,C,1,1,6.7,5.5,6.5,4.7,72.3
1448,D,0,1,8.3,6.8,6.9,4.9,61.5
1449,A,1,1,7.9,6.2,5.1,7.2,77.3
1449,B,1,1,7.5,8.5,6.1,8.0,83.5
1449,C,1,1,7.0,5.2,8.7,5.8,77.8
1449,D,1,0,7.1,6.0,6.8,10,66.5
1450,A,1,1,5.1,7.5,6.9,4.6,73.5
1450,B,1,1,7.7,7.9,7.5,6.5,82.7
1450,C,1,1,5.7,5.9,5.9,4.8,70.5
1450,D,1,1,7.6,9.1,7.6,7.5,86.3
1451,A,1,0,5.5,7.5,7.2,7.2,62.3
1451,B,1,0,6.6,6.8,6.1,6.3,59.7
1451,C,0,1,8.4,6.7,7.9,5.9,64.8
1451,D,1,0,6.7,7.8,5.7,7.2,62.3
1452,A,0,0,7.8,8.1,5.6,6.9,47.3
1452,B,1,1,6.7,7.5,6.7,6.0,78.2
1452,C,0,1,5.5,9.8,6.4,6.9,64.3
1452,D,0,1,9.1,6.7,9.2,4.3,65.5
1453,A,1,1,5.1,6.9,6.0,7.1,75.2
1453,B,0,0,7.3,7.2,8.2,5.2,46.5
1453,C,1,0,6.4,7.2,6.0,7.0,61.0
1453,D,1,0,6.4,6.6,8.2,7.0,63.7
1454,A,1,0,5.2,8.2,7.4,8.2,65.0
1454,B,1,0,6.9,6.9,8.2,4.8,61.3
1454,C,1,0,7.7,7.3,5.6,6.4,61.7
1454,D,0,1,7.1,7.5,9.9,6.8,68.8
1455,A,1,0,6.9,5.8,7.9,6.6,62.0
1455,B,1,1,9.0,4.3,4.5,6.6,74.0
1455,C,1,0,8.0,6.1,7.7,5.2,61.7
1455,D,1,1,10,6.3,7.9,5.7,83.2
1456,A,1,0,7.2,7.3,4.5,6.4,59.0
1456,B,1,1,7.6,6.1,7.4,7.5,81.0
1456,C,0,0,7.6,7.3,7.4,5.4,46.2
1456,D,0,1,10,8.1,7.5,7.4,71.7
1457,A,0,1,6.1,8.8,5.1,6.6,61.0
1457,B,1,0,6.6,7.5,7.5,7.7,65.5
1457,C,0,0,5.3,5.9,7.9,3.3,37.3
1457,D,1,1,9.0,6.5,7.6,7.6,84.5
1458,A,0,0,8.4,8.1,5.6,6.9,48.3
1458,B,0,1,9.2,7.3,5.0,7.8,65.5
1458,C,0,1,7.0,6.3,8.0,8.7,66.7
1458,D,0,1,9.1,7.2,8.9,7.3,70.8
1459,A,1,0,3.2,7.9,7.1,6.1,57.2
1459,B,0,0,7.1,9.7,5.8,4.3,44.8
1459,C,1,0,9.5,7.4,7.3,4.0,63.7
1459,D,0,0,8.1,8.4,8.3,7.1,53.2
1460,A,1,0,6.4,7.2,4.7,8.0,60.5
1460,B,1,0,7.7,4.5,6.5,6.2,58.2
1460,C,0,1,8.1,9.9,7.6,7.0,71.0
1460,D,0,1,6.7,7.5,8.4,6.3,64.8
1461,A,0,1,7.5,6.1,5.6,8.7,63.2
1461,B,1,0,5.7,7.3,6.7,8.9,64.3
1461,C,1,1,6.0,4.7,7.7,5.9,73.8
1461,D,1,0,8.2,8.6,7.6,6.2,67.7
1462,A,0,0,5.2,7.5,2.9,6.9,37.5
1462,B,0,1,5.0,6.1,5.3,8.4,58.0
1462,C,1,1,5.7,7.2,8.7,4.4,76.7
1462,D,1,0,10,10.0,9.8,6.3,76.8
1463,A,1,1,6.5,8.7,5.2,9.2,82.7
1463,B,1,1,8.4,8.0,7.0,8.2,86.0
1463,C,1,0,7.1,6.6,6.8,6.2,61.2
1463,D,1,0,8.3,7.3,7.2,6.4,65.3
1464,A,1,0,6.8,6.6,6.0,8.6,63.3
1464,B,1,0,7.3,8.7,7.7,7.1,68.0
1464,C,1,0,5.4,8.4,7.9,4.2,59.8
1464,D,1,0,7.3,6.8,8.5,8.4,68.3
1465,A,1,1,6.7,6.8,6.5,7.5,79.2
1465,B,0,1,7.9,8.0,6.6,8.2,67.8
1465,C,1,1,6.9,7.5,5.9,5.5,76.3
1465,D,1,1,8.4,8.3,6.0,7.0,82.8
1466,A,1,0,6.0,8.7,5.9,8.5,65.2
1466,B,1,1,7.7,7.4,7.8,8.6,85.8
1466,C,0,0,8.6,5.3,6.2,5.1,42.0
1466,D,1,0,8.4,7.8,8.5,6.4,68.5
1467,A,1,0,4.2,7.9,5.9,9.0,61.7
1467,B,1,1,5.1,7.6,4.2,8.3,75.3
1467,C,1,0,5.8,6.7,6.2,4.5,55.3
1467,D,1,1,8.1,6.7,8.4,9.5,87.8
1468,A,1,0,7.8,7.8,6.4,7.7,66.2
1468,B,0,1,5.5,6.4,6.2,8.7,61.3
1468,C,0,0,6.4,7.7,7.5,5.7,45.5
1468,D,1,0,5.5,6.7,6.7,4.5,55.7
1469,A,1,0,8.2,5.6,5.6,6.0,59.0
1469,B,1,1,6.0,7.2,6.0,8.3,79.2
1469,C,1,0,7.1,6.8,7.0,5.7,61.0
1469,D,1,1,7.6,7.5,5.8,6.8,79.5
1470,A,0,0,5.6,5.9,4.7,8.3,40.8
1470,B,1,1,8.8,9.1,5.1,7.7,84.5
1470,C,0,0,8.9,8.1,7.7,7.2,53.2
1470,D,1,1,9.0,7.7,8.3,6.1,85.2
1471,A,1,0,5.8,8.2,6.2,5.2,59.0
1471,B,0,0,4.7,8.8,7.6,7.0,46.8
1471,C,1,1,5.9,3.6,8.4,5.3,72.0
1471,D,1,1,8.1,6.3,8.6,7.1,83.5
1472,A,1,1,8.5,10,3.3,7.1,81.5
1472,B,1,1,7.3,7.4,6.5,5.7,78.2
1472,C,0,1,4.9,8.4,4.4,5.4,55.2
1472,D,1,1,7.9,7.0,6.5,7.9,82.2
1473,A,1,1,7.6,9.4,4.9,8.0,83.2
1473,B,1,0,6.5,6.9,5.3,6.3,58.3
1473,C,0,1,7.8,7.2,9.5,7.0,69.2
1473,D,1,1,6.6,4.3,8.7,4.5,73.5
1474,A,0,0,5.4,7.8,7.0,8.4,47.7
1474,B,1,1,7.9,9.2,8.1,5.6,84.7
1474,C,1,1,6.9,6.2,8.6,6.7,80.7
1474,D,1,1,8.6,7.3,8.7,6.2,84.7
1475,A,0,1,6.0,8.1,5.8,8.2,63.5
1475,B,1,1,8.0,8.2,4.3,6.8,78.8
1475,C,1,0,9.0,6.3,8.5,5.7,65.8
1475,D,1,0,6.6,7.4,6.9,6.4,62.2
1476,A,1,0,5.7,6.9,7.7,6.3,61.0
1476,B,1,0,4.8,7.8,7.3,8.2,63.5
1476,C,1,0,7.4,6.5,6.7,5.9,60.8
1476,D,0,1,7.9,8.2,8.7,7.1,69.8
1477,A,0,0,5.4,5.3,5.2,10,43.2
1477,B,1,0,9.0,7.6,8.6,8.3,72.5
1477,C,0,0,7.8,6.1,10,6.2,50.2
1477,D,1,1,8.6,7.7,7.1,4.0,79.0
1478,A,1,0,6.0,7.2,5.4,7.3,59.8
1478,B,1,0,7.8,8.2,6.4,8.9,68.8
1478,C,1,1,7.6,4.3,6.9,7.1,76.5
1478,D,1,1,6.2,6.6,8.1,5.2,76.8
1479,A,0,0,7.9,5.5,4.4,6.9,41.2
1479,B,1,1,6.1,6.9,6.6,7.2,78.0
1479,C,1,1,7.4,7.7,5.8,6.5,79.0
1479,D,1,1,7.2,8.6,6.8,5.9,80.8
1480,A,1,0,7.6,10,4.7,7.8,66.8
1480,B,0,0,7.2,7.8,7.9,7.8,51.2
1480,C,1,1,6.0,7.4,6.1,5.3,74.7
1480,D,0,1,6.1,5.6,10,6.6,63.8
1481,A,0,0,5.1,9.2,6.8,7.5,47.7
1481,B,1,1,6.4,8.8,9.7,7.2,86.8
1481,C,1,0,7.4,7.9,6.0,4.4,59.5
1481,D,1,1,4.7,8.1,10,6.3,81.8
1482,A,1,0,6.0,5.4,4.0,8.1,55.8
1482,B,1,1,5.7,7.0,9.5,3.8,76.7
1482,C,1,0,6.7,6.1,6.6,5.8,58.7
1482,D,1,1,7.4,8.3,8.9,5.4,83.3
1483,A,0,0,7.3,5.6,3.9,6.3,38.5
1483,B,1,0,5.6,9.4,7.8,9.3,70.2
1483,C,1,0,8.0,6.4,7.0,6.2,62.7
1483,D,1,0,6.8,8.7,6.3,5.8,62.7
1484,A,1,0,7.4,8.9,6.9,7.6,68.0
1484,B,0,1,6.3,4.2,5.7,5.3,52.5
1484,C,1,1,5.9,7.8,7.9,4.2,76.3
1484,D,1,1,7.4,5.8,7.8,9.3,83.8
1485,A,1,0,7.8,7.6,3.6,9.6,64.3
1485,B,0,1,7.7,8.5,6.2,8.0,67.3
1485,C,0,1,7.5,9.0,7.8,7.3,69.3
1485,D,1,1,9.7,6.7,7.5,7.7,86.0
1486,A,1,1,7.5,8.6,5.6,9.8,85.8
1486,B,1,0,6.1,4.4,5.3,6.0,53.0
1486,C,1,0,4.9,5.3,6.5,6.4,55.2
1486,D,1,0,6.4,6.3,8.1,7.9,64.5
1487,A,0,0,7.1,8.6,5.5,6.1,45.5
1487,B,1,0,6.7,7.0,7.9,4.5,60.2
1487,C,1,0,7.5,7.6,9.5,6.7,68.8
1487,D,0,1,6.4,6.9,5.9,4.8,56.7
1488,A,1,0,10.0,6.7,5.8,5.7,63.7
1488,B,0,0,4.4,8.2,5.8,5.1,39.2
1488,C,1,0,8.0,7.0,8.4,6.4,66.3
1488,D,0,0,6.0,6.9,6.4,5.9,42.0
1489,A,1,0,5.3,7.7,5.6,8.8,62.3
1489,B,1,0,6.2,6.9,9.0,7.1,65.3
1489,C,1,1,7.7,5.4,6.9,6.9,78.2
1489,D,1,0,6.3,7.6,8.8,7.7,67.3
1490,A,1,0,6.2,6.0,6.5,7.9,61.0
1490,B,1,1,7.6,7.5,5.6,7.1,79.7
1490,C,1,0,6.6,6.1,7.0,6.4,60.2
1490,D,1,0,8.4,4.7,9.1,7.9,66.8
1491,A,0,1,6.1,8.5,6.5,10,68.5
1491,B,1,0,6.5,8.8,4.8,7.1,62.0
1491,C,1,0,6.7,6.7,6.3,5.8,59.2
1491,D,0,1,9.3,9.5,8.1,8.3,75.3
1492,A,1,0,8.6,8.1,4.7,8.2,66.0
1492,B,1,1,9.7,6.3,3.9,6.4,77.2
1492,C,0,1,5.5,8.9,6.6,7.5,64.2
1492,D,1,1,7.1,8.9,6.2,8.2,84.0
1493,A,0,1,4.5,6.0,4.3,8.0,54.7
1493,B,1,0,6.8,6.6,7.3,7.5,63.7
1493,C,1,0,6.1,5.2,10,5.8,61.8
1493,D,1,1,8.0,6.4,7.8,5.7,79.8
1494,A,1,1,8.2,6.1,5.3,10,82.7
1494,B,1,0,8.4,9.5,4.9,8.1,68.2
1494,C,1,1,7.9,7.8,8.2,5.6,82.5
1494,D,1,1,9.2,5.2,9.7,9.3,89.0
1495,A,0,0,8.0,10,5.9,6.7,51.0
1495,B,1,0,5.6,7.4,5.9,7.5,60.7
1495,C,1,0,7.0,5.5,4.6,8.0,58.5
1495,D,1,0,8.1,6.7,9.6,7.2,69.3
1496,A,0,0,4.9,9.2,5.8,7.8,46.2
1496,B,0,1,6.3,7.3,5.5,6.6,59.5
1496,C,1,0,6.4,5.4,6.9,4.7,55.7
1496,D,1,1,6.9,9.2,8.3,6.1,84.2
1497,A,1,1,7.9,7.7,6.3,7.0,81.5
1497,B,1,0,4.8,7.4,6.7,6.6,59.2
1497,C,1,0,5.5,7.6,7.8,4.3,58.7
1497,D,1,1,7.2,6.7,8.6,7.2,82.8
1498,A,1,0,7.1,8.4,6.3,8.0,66.3
1498,B,1,0,5.8,7.2,6.4,6.4,59.7
1498,C,1,0,6.8,7.6,6.1,7.4,63.2
1498,D,0,1,8.5,7.2,10,6.9,71.0
1499,A,0,0,8.7,5.0,2.7,5.9,37.2
1499,B,0,1,8.3,8.5,5.3,7.9,66.7
1499,C,1,0,9.1,7.7,5.7,5.7,63.7
1499,D,1,1,7.5,7.5,7.3,5.2,79.2
1500,A,1,1,7.2,7.1,7.0,10,85.5
1500,B,0,0,4.3,7.2,7.0,7.4,43.2
1500,C,0,1,7.3,7.9,7.2,5.6,63.3
1500,D,0,1,7.2,6.1,8.4,5.5,62.0
1501,A,1,0,7.9,8.3,6.4,6.7,65.5
1501,B,0,1,9.1,9.2,6.4,8.2,71.5
1501,C,1,0,6.3,6.0,8.2,5.2,59.5
1501,D,1,1,7.4,7.2,7.3,7.2,81.8
1502,A,0,0,7.0,8.4,7.2,6.0,47.7
1502,B,0,1,7.6,7.8,9.5,8.8,72.8
1502,C,1,0,5.4,4.9,7.5,7.9,59.5
1502,D,1,1,7.0,6.6,9.1,6.3,81.7
1503,A,0,0,5.1,6.6,4.3,5.2,35.3
1503,B,1,1,6.9,6.8,7.0,6.0,77.8
1503,C,1,1,6.4,7.4,8.8,4.1,77.8
1503,D,1,1,8.2,8.1,6.9,6.5,82.8
1504,A,1,1,6.3,9.0,5.9,6.7,79.8
1504,B,0,1,8.3,7.7,6.3,7.8,66.8
1504,C,0,0,5.6,4.6,9.8,6.6,44.3
1504,D,1,0,8.2,6.8,7.9,5.6,64.2
1505,A,1,0,7.0,6.5,5.5,4.9,56.5
1505,B,1,0,6.1,9.4,7.1,9.8,70.7
1505,C,0,0,6.5,6.5,8.7,5.8,45.8
1505,D,1,1,6.2,5.8,8.3,6.0,77.2
1506,A,1,0,6.4,8.1,4.1,8.0,61.0
1506,B,1,1,6.2,6.7,3.6,8.2,74.5
1506,C,1,1,7.4,4.1,6.8,3.4,69.5
1506,D,1,0,8.9,8.9,7.6,5.0,67.3
1507,A,1,0,5.2,8.4,5.6,6.9,60.2
1507,B,0,0,7.7,6.7,7.3,4.8,44.2
1507,C,1,1,7.5,6.7,6.2,3.7,73.5
1507,D,1,1,9.0,8.3,8.9,6.7,88.2
1508,A,1,0,8.4,9.4,7.8,4.0,66.0
1508,B,1,0,8.5,9.8,7.7,6.9,71.5
1508,C,1,1,7.0,9.1,5.2,7.7,81.7
1508,D,0,0,9.8,9.2,7.6,7.2,56.3
1509,A,0,0,6.9,5.2,3.0,6.2,35.5
1509,B,0,0,6.9,6.6,5.7,8.8,46.7
1509,C,1,1,8.2,8.3,5.2,7.0,81.2
1509,D,1,0,7.1,6.7,7.3,6.1,62.0
1510,A,1,0,7.4,5.9,7.2,6.9,62.3
1510,B,0,1,7.8,9.2,7.3,7.9,70.3
1510,C,0,0,6.9,6.0,6.6,4.3,39.7
1510,D,1,0,7.6,7.5,7.1,6.8,65.0
1511,A,0,0,4.9,7.9,5.5,7.3,42.7
1511,B,0,0,6.3,5.6,6.4,7.9,43.7
1511,C,1,0,5.7,6.8,5.5,3.5,52.5
1511,D,1,0,9.4,6.3,9.0,7.4,70.2
1512,A,1,1,4.1,5.6,3.5,8.9,70.2
1512,B,1,0,6.4,7.7,6.2,5.4,59.5
1512,C,1,1,7.4,7.5,8.2,7.9,85.0
1512,D,1,0,5.5,5.5,7.9,9.2,63.5
1513,A,0,0,5.3,5.6,7.8,6.7,42.3
1513,B,1,1,6.2,10,5.1,8.7,83.3
1513,C,0,0,8.2,6.2,6.6,8.4,49.0
1513,D,0,0,9.2,5.2,6.5,7.7,47.7
1514,A,1,0,5.5,6.0,4.4,7.3,55.3
1514,B,1,1,6.8,7.3,6.4,7.8,80.5
1514,C,0,0,8.7,7.9,7.6,5.2,49.0
1514,D,1,1,8.8,9.5,8.2,7.4,89.8
1515,A,0,0,9.0,10,7.2,8.6,58.0
1515,B,1,1,7.0,7.3,9.0,6.9,83.7
1515,C,1,0,7.9,6.0,6.7,5.2,59.7
1515,D,1,0,8.8,6.1,7.5,6.9,65.5
1516,A,0,0,5.2,6.9,8.5,6.2,44.7
1516,B,1,0,5.0,7.7,6.4,7.3,60.7
1516,C,1,1,5.9,7.7,6.7,6.8,78.5
1516,D,1,1,7.6,9.5,6.6,9.2,88.2
1517,A,0,0,6.4,7.6,6.5,6.5,45.0
1517,B,0,1,3.9,8.1,5.2,6.8,56.7
1517,C,1,0,8.0,7.9,9.0,6.4,68.8
1517,D,1,0,6.7,7.7,6.6,7.1,63.5
1518,A,0,1,7.8,8.0,6.2,6.6,64.3
1518,B,1,0,6.1,7.5,10,7.2,68.0
1518,C,1,1,6.6,6.9,7.0,4.8,75.5
1518,D,0,0,7.0,8.3,7.9,8.3,52.5
1519,A,1,0,6.0,8.3,6.8,6.6,62.8
1519,B,1,0,4.4,5.5,6.0,8.3,57.0
1519,C,1,0,7.2,6.9,7.7,6.6,64.0
1519,D,1,0,7.7,7.9,8.8,9.4,73.0
1520,A,1,0,5.7,6.8,6.7,9.7,64.8
1520,B,0,1,6.1,7.7,6.7,8.3,64.7
1520,C,1,1,8.3,4.0,5.4,5.0,71.2
1520,D,1,1,7.4,9.1,6.1,7.5,83.5
1521,A,0,1,6.6,9.6,5.1,8.5,66.3
1521,B,1,0,8.3,6.7,8.7,6.1,66.3
1521,C,1,1,10,9.5,5.9,5.7,85.2
1521,D,1,0,8.0,8.8,8.6,5.5,68.2
1522,A,0,0,6.4,7.2,8.3,9.0,51.5
1522,B,0,0,6.6,7.9,9.3,5.8,49.3
1522,C,0,1,7.1,7.1,9.1,5.6,64.8
1522,D,1,1,7.0,9.1,8.2,7.9,87.0
1523,A,1,0,7.3,8.0,5.4,7.4,63.5
1523,B,1,0,5.1,6.7,7.0,8.7,62.5
1523,C,0,0,7.6,6.1,5.3,5.3,40.5
1523,D,1,1,6.6,6.9,8.4,6.2,80.2
1524,A,1,1,5.6,7.1,6.2,7.4,77.2
1524,B,0,0,5.6,6.4,5.1,6.9,40.0
1524,C,1,0,8.3,6.9,7.1,6.7,65.0
1524,D,1,0,8.1,7.1,7.1,6.7,65.0
1525,A,0,0,7.6,7.7,4.7,7.6,46.0
1525,B,1,0,6.6,7.0,8.0,5.9,62.5
1525,C,0,1,8.7,7.1,6.9,4.8,62.5
1525,D,0,0,8.1,7.0,7.7,7.1,49.8
1526,A,0,1,7.6,5.5,6.6,7.5,62.0
1526,B,1,0,9.2,7.8,8.6,7.2,71.3
1526,C,1,0,9.3,7.7,6.5,5.5,65.0
1526,D,0,1,5.0,6.0,6.5,5.8,55.5
1527,A,0,0,8.2,7.5,5.5,5.7,44.8
1527,B,1,0,3.6,6.0,7.6,7.6,58.0
1527,C,0,0,7.6,5.6,5.8,6.6,42.7
1527,D,1,1,8.6,5.6,8.3,7.6,83.5
1528,A,0,0,5.3,6.9,7.5,8.0,46.2
1528,B,1,0,6.4,7.3,6.5,5.7,59.8
1528,C,1,1,6.9,7.4,9.2,7.6,85.2
1528,D,1,0,9.7,5.8,6.1,8.2,66.3
1529,A,0,0,7.0,6.3,6.7,5.4,42.3
1529,B,0,0,6.3,6.9,7.3,6.5,45.0
1529,C,1,0,5.2,5.3,7.0,3.9,52.3
1529,D,1,1,6.8,5.4,7.8,5.8,76.3
1530,A,1,0,5.4,8.5,5.6,8.1,62.7
1530,B,1,0,8.1,7.2,8.1,6.2,66.0
1530,C,1,0,6.1,8.3,4.5,6.6,59.2
1530,D,0,1,9.6,8.8,7.0,6.4,69.7
1531,A,0,0,6.6,10,5.9,6.8,48.8
1531,B,0,0,6.7,7.3,5.4,6.5,43.2
1531,C,1,0,6.9,6.5,9.9,6.3,66.0
1531,D,1,0,8.3,7.5,7.5,8.2,69.2
1532,A,0,0,7.4,6.8,7.3,9.8,52.2
1532,B,1,1,6.5,6.7,6.8,6.1,76.8
1532,C,1,0,8.1,6.2,9.9,5.0,65.3
1532,D,1,1,7.6,8.2,9.9,7.5,88.7
1533,A,0,1,5.4,5.5,6.7,8.3,59.8
1533,B,1,1,5.4,7.0,6.1,5.5,73.3
1533,C,0,0,9.0,5.8,5.2,3.9,39.8
1533,D,1,0,8.3,8.4,7.2,5.7,66.0
1534,A,1,0,5.0,8.6,5.7,8.1,62.3
1534,B,1,0,4.5,6.9,4.2,8.6,57.0
1534,C,0,0,7.6,7.0,6.7,7.0,47.2
1534,D,1,0,9.1,8.6,7.3,5.5,67.5
1535,A,0,0,5.3,7.8,7.3,6.4,44.7
1535,B,1,1,6.2,5.6,5.7,6.5,73.3
1535,C,0,1,7.5,5.3,7.6,4.6,58.3
1535,D,1,1,6.4,8.2,9.7,5.7,83.3
1536,A,1,1,2.8,7.7,6.2,6.5,72.0
1536,B,0,1,6.6,6.8,6.9,7.2,62.5
1536,C,0,1,7.3,8.5,7.4,3.9,61.8
1536,D,1,0,8.2,7.7,8.5,4.7,65.2
1537,A,1,0,7.1,7.3,3.8,5.1,55.5
1537,B,1,1,6.5,8.9,6.3,6.1,79.7
1537,C,1,0,5.0,8.7,7.2,3.7,57.7
1537,D,1,1,9.3,6.1,6.6,7.8,83.0
1538,A,1,1,8.4,7.6,4.9,8.3,82.0
1538,B,1,1,6.1,9.1,6.5,8.0,82.8
1538,C,0,1,5.6,4.5,6.6,1,46.2
1538,D,0,0,5.2,9.8,8.6,6.8,50.7
1539,A,0,0,7.9,7.4,4.8,7.4,45.8
1539,B,0,1,7.8,6.8,7.2,4.6,60.7
1539,C,0,0,6.8,6.7,9.5,4.5,45.8
1539,D,1,0,8.1,6.4,6.9,5.8,62.0
1540,A,0,0,4.4,5.8,5.2,8.0,39.0
1540,B,1,0,6.6,6.8,5.7,7.8,61.5
1540,C,1,0,8.1,3.8,7.3,6.4,59.3
1540,D,0,1,7.1,7.6,5.7,7.3,62.8
1541,A,0,0,5.1,8.0,5.8,7.3,43.7
1541,B,1,1,6.5,9.3,6.1,6.6,80.8
1541,C,1,0,7.9,4.8,6.9,5.0,57.7
1541,D,1,0,5.3,5.2,8.4,4.5,55.7
1542,A,1,0,6.3,6.4,6.4,6.3,59.0
1542,B,0,1,7.8,8.5,7.5,7.7,69.2
1542,C,1,0,8.5,5.4,7.3,5.2,60.7
1542,D,1,1,9.8,6.0,8.4,6.5,84.5
1543,A,1,1,7.3,6.9,8.7,6.7,82.7
1543,B,1,1,5.9,5.7,6.2,5.8,72.7
1543,C,0,0,7.0,8.0,8.6,6.2,49.7
1543,D,1,1,6.6,8.4,5.7,5.9,77.7
1544,A,1,0,6.0,9.3,5.7,7.7,64.5
1544,B,1,0,6.3,8.0,6.2,6.7,62.0
1544,C,1,1,8.8,8.9,7.9,4.5,83.5
1544,D,1,1,7.3,8.3,8.2,7.8,86.0
1545,A,0,1,9.0,6.1,3.3,7.4,59.7
1545,B,1,0,9.2,6.6,7.6,8.3,69.5
1545,C,1,0,8.2,3.8,6.5,5.4,56.5
1545,D,1,0,9.8,5.6,7.7,5.7,64.7
1546,A,1,0,4.8,5.7,5.6,9.9,60.0
1546,B,0,1,8.2,7.8,6.5,6.5,65.0
1546,C,0,1,7.7,4.7,7.5,6.0,59.8
1546,D,1,1,9.0,6.0,8.3,6.5,83.0
1547,A,1,0,7.9,3.7,6.6,6.7,58.2
1547,B,1,1,6.9,7.1,8.7,5.4,80.2
1547,C,1,0,8.0,6.7,8.8,6.6,66.8
1547,D,1,0,9.4,6.8,6.8,7.8,68.0
1548,A,1,1,4.4,8.7,4.6,8.7,77.3
1548,B,0,1,6.0,8.1,6.9,8.4,65.7
1548,C,1,0,7.8,6.8,6.2,5.1,59.8
1548,D,0,1,7.0,7.8,6.0,9.1,66.5
1549,A,0,0,7.3,6.8,7.7,6.4,47.0
1549,B,0,0,8.6,8.4,6.9,5.7,49.3
1549,C,1,0,6.1,6.3,7.3,4.2,56.5
1549,D,1,1,6.9,8.5,9.9,8.5,89.7
1550,A,1,0,6.1,7.6,7.2,7.9,64.7
1550,B,1,1,8.1,6.3,5.4,5.9,76.2
1550,C,1,1,8.7,6.1,9.5,6.4,84.5
1550,D,1,1,7.3,5.1,9.0,7.3,81.2
1551,A,0,0,5.9,8.0,5.8,10,49.5
1551,B,0,0,7.7,7.7,5.5,7.8,47.8
1551,C,0,0,9.0,5.9,6.0,5.3,43.7
1551,D,1,1,7.8,6.6,7.4,6.5,80.5
1552,A,1,1,6.9,9.8,5.5,5.7,79.8
1552,B,0,1,7.1,9.8,6.5,8.2,69.3
1552,C,1,1,7.6,5.6,6.7,7.0,78.2
1552,D,1,1,9.3,7.3,7.0,7.5,85.2
1553,A,1,0,5.5,8.6,5.7,5.4,58.7
1553,B,0,0,6.9,6.7,5.0,7.6,43.7
1553,C,1,0,6.9,5.6,6.4,5.0,56.5
1553,D,0,0,8.2,7.0,9.4,7.2,53.0
1554,A,1,0,5.7,5.6,7.5,6.5,58.8
1554,B,1,0,6.7,4.1,4.5,6.6,53.2
1554,C,1,1,8.7,5.1,9.1,5.2,80.2
1554,D,1,1,5.1,9.1,7.9,8.4,84.2
1555,A,1,0,5.0,7.4,4.5,8.4,58.8
1555,B,1,1,5.9,7.6,5.4,7.1,76.7
1555,C,1,0,7.5,8.2,8.3,7.7,69.5
1555,D,1,0,8.9,6.8,7.5,5.0,63.7
1556,A,1,1,6.7,9.0,7.5,8.0,85.3
1556,B,0,0,8.7,10,6.1,5.9,51.2
1556,C,1,0,7.9,6.1,4.0,5.1,55.2
1556,D,0,0,6.2,6.7,6.3,7.3,44.2
1557,A,0,1,4.9,6.0,5.5,5.7,53.5
1557,B,1,1,8.2,6.0,5.5,4.9,74.3
1557,C,0,0,7.9,8.4,6.0,6.2,47.5
1557,D,1,0,9.1,6.7,7.1,7.8,67.8
1558,A,1,0,7.8,5.1,3.9,6.8,56.0
1558,B,1,1,7.2,8.6,5.4,7.2,80.7
1558,C,1,0,8.0,7.1,4.8,4.0,56.5
1558,D,1,1,9.6,6.9,8.0,7.7,87.0
1559,A,1,1,6.5,9.0,6.9,6.9,82.2
1559,B,1,0,6.8,6.6,6.5,7.8,62.8
1559,C,1,0,5.1,5.7,6.9,5.1,54.7
1559,D,1,1,8.9,8.2,7.4,7.0,85.8
1560,A,1,1,6.3,6.3,6.2,5.6,74.0
1560,B,1,1,7.8,6.9,7.3,6.3,80.5
1560,C,1,0,7.1,7.3,6.1,6.1,61.0
1560,D,0,1,9.2,6.8,9.3,6.1,69.0
1561,A,0,1,7.6,9.9,3.9,8.7,66.8
1561,B,0,1,5.7,7.5,6.0,8.2,62.3
1561,C,1,0,7.1,6.5,6.7,6.7,61.7
1561,D,1,1,10,7.8,4.9,6.0,81.2
1562,A,1,0,9.2,6.6,7.2,5.7,64.5
1562,B,0,0,7.7,8.6,6.3,10.0,54.3
1562,C,1,0,8.2,7.3,6.5,4.7,61.2
1562,D,1,1,8.2,6.0,4.0,7.7,76.5
1563,A,1,1,9.5,5.7,5.1,7.5,79.7
1563,B,1,1,8.6,7.4,5.7,5.9,79.3
1563,C,1,1,6.5,7.6,7.0,5.4,77.5
1563,D,1,0,8.4,5.6,8.6,6.2,64.7
1564,A,1,0,4.2,7.9,5.0,9.8,61.5
1564,B,0,1,7.5,8.5,7.0,7.7,67.8
1564,C,1,1,6.4,7.5,7.2,5.8,78.2
1564,D,1,1,6.8,4.1,8.3,4.2,72.3
1565,A,1,1,6.0,7.2,6.4,6.4,76.7
1565,B,0,1,7.7,7.7,7.0,8.0,67.3
1565,C,1,0,6.9,6.6,6.4,5.7,59.3
1565,D,1,0,7.2,8.3,8.2,4.0,62.8
1566,A,0,0,7.8,8.9,7.2,6.6,50.8
1566,B,1,1,9.3,6.9,7.0,6.0,82.0
1566,C,0,0,6.7,7.0,6.5,5.4,42.7
1566,D,1,1,9.3,5.3,6.9,8.5,83.3
1567,A,0,1,5.8,6.3,3.8,5.1,51.7
1567,B,0,0,7.8,8.7,5.3,8.4,50.3
1567,C,0,0,7.4,6.8,7.7,4.6,44.2
1567,D,1,0,5.6,5.4,7.0,8.3,60.5
1568,A,0,0,3.9,7.1,7.2,8.7,44.8
1568,B,0,1,6.1,8.0,6.9,6.6,62.7
1568,C,0,0,5.1,8.4,7.9,5.4,44.7
1568,D,1,0,7.5,6.2,6.4,4.7,58.0
1569,A,1,0,7.3,5.3,5.6,7.0,58.7
1569,B,0,0,5.8,8.2,6.9,7.1,46.7
1569,C,1,0,6.4,6.4,7.8,5.2,59.7
1569,D,1,1,9.3,8.2,9.5,5.7,87.8
1570,A,0,0,8.0,8.3,7.3,6.8,50.7
1570,B,1,1,7.7,6.0,7.1,7.9,81.2
1570,C,0,1,6.9,7.5,6.8,6.4,62.7
1570,D,0,0,8.2,8.8,8.9,7.1,55.0
1571,A,0,1,7.1,7.1,5.0,6.1,58.8
1571,B,1,1,7.1,8.7,7.7,7.7,85.3
1571,C,0,0,8.4,6.2,8.1,5.1,46.3
1571,D,0,1,7.9,9.6,6.9,8.0,70.7
1572,A,0,0,8.9,8.1,7.1,6.5,51.0
1572,B,1,0,6.1,5.9,7.2,8.5,62.8
1572,C,0,0,8.2,7.0,7.7,6.3,48.7
1572,D,0,1,7.7,9.3,8.7,6.2,69.8
1573,A,0,1,5.8,8.2,3.3,7.7,58.3
1573,B,0,0,9.0,8.7,9.1,5.7,54.2
1573,C,0,0,7.6,7.5,6.4,4.7,43.7
1573,D,0,0,8.5,5.5,8.3,6.4,47.8
1574,A,1,0,6.4,7.5,3.8,10,62.8
1574,B,1,0,7.6,6.5,5.4,5.6,58.5
1574,C,1,1,7.0,6.7,8.8,4.8,78.8
1574,D,1,1,10,8.4,9.1,6.7,90.3
1575,A,1,0,6.8,7.6,3.9,6.2,57.5
1575,B,1,1,7.1,8.0,5.8,9.0,83.2
1575,C,0,1,8.9,8.7,9.4,6.5,72.5
1575,D,1,0,7.9,6.3,8.2,6.0,64.0
1576,A,0,0,5.8,6.3,7.9,6.8,44.7
1576,B,0,0,6.1,8.6,8.4,7.9,51.7
1576,C,1,1,5.9,6.2,6.4,5.2,72.8
1576,D,1,1,8.2,8.4,5.7,5.2,79.2
1577,A,0,0,6.4,9.4,5.6,7.9,48.8
1577,B,1,0,8.5,5.5,6.9,6.8,62.8
1577,C,1,0,9.0,8.3,6.8,4.7,64.7
1577,D,1,0,8.6,5.0,7.6,5.5,61.2
1578,A,1,0,6.2,7.9,6.4,6.5,61.7
1578,B,0,0,7.2,7.5,8.9,5.1,47.8
1578,C,1,0,7.6,8.1,7.8,5.5,65.0
1578,D,1,1,8.8,8.4,5.4,7.8,84.0
1579,A,1,0,6.8,9.0,5.8,8.4,66.7
1579,B,1,0,8.1,8.6,5.6,6.8,65.2
1579,C,0,0,7.3,8.4,7.6,7.1,50.7
1579,D,0,0,4.8,7.6,8.5,6.6,45.8
1580,A,0,0,5.1,6.7,5.0,6.8,39.3
1580,B,1,1,7.8,8.5,5.8,7.6,82.8
1580,C,0,1,6.5,9.7,5.4,7.5,65.2
1580,D,1,1,8.8,6.4,6.9,5.2,78.8
1581,A,1,0,5.8,9.1,6.9,8.5,67.2
1581,B,0,0,5.9,7.4,6.2,5.9,42.3
1581,C,1,0,7.0,8.1,7.4,6.1,64.3
1581,D,1,0,8.0,6.6,7.9,9.8,70.5
1582,A,1,1,6.8,6.4,6.8,7.2,78.7
1582,B,0,0,7.1,8.3,8.0,5.8,48.7
1582,C,1,0,7.9,7.5,6.1,7.9,65.7
1582,D,0,1,9.3,7.6,6.3,7.0,67.0
1583,A,0,1,4.6,5.1,6.3,8.3,57.2
1583,B,0,1,9.3,7.0,7.7,6.6,67.7
1583,C,1,1,5.2,7.6,7.0,3.8,72.7
1583,D,1,0,6.4,8.1,7.4,5.7,62.7
1584,A,1,0,4.7,6.8,5.4,8.6,59.2
1584,B,1,0,8.7,7.8,5.7,7.1,65.5
1584,C,0,1,6.0,7.1,6.5,3.7,55.5
1584,D,0,1,8.3,10,7.7,6.5,70.8
1585,A,0,1,5.9,8.5,5.6,7.8,63.0
1585,B,1,0,4.8,8.0,6.3,5.7,58.0
1585,C,0,0,6.5,2.8,8.3,3.8,35.7
1585,D,1,1,8.2,5.8,6.5,7.1,79.3
1586,A,1,0,6.5,9.9,5.4,7.6,65.7
1586,B,1,0,7.0,6.4,7.3,5.4,60.2
1586,C,1,0,5.8,6.5,7.3,4.8,57.3
1586,D,0,0,7.9,8.9,8.6,6.1,52.5
1587,A,1,0,7.1,5.3,6.6,6.2,58.7
1587,B,1,0,5.9,8.5,4.2,7.0,59.3
1587,C,1,0,8.9,7.4,8.0,6.5,68.0
1587,D,0,1,9.1,9.0,6.0,7.1,68.7
1588,A,1,1,7.7,8.2,5.3,7.4,81.0
1588,B,0,1,6.6,8.3,4.2,7.3,60.7
1588,C,0,0,7.1,6.3,7.4,2.8,39.3
1588,D,1,0,8.6,7.3,7.5,7.7,68.5
1589,A,0,0,8.7,6.5,4.8,7.2,45.3
1589,B,1,0,5.5,7.8,5.5,7.7,60.8
1589,C,1,0,6.4,6.1,7.6,5.5,59.3
1589,D,1,1,8.3,6.4,6.1,5.8,77.7
1590,A,1,1,5.1,8.3,5.0,6.0,74.0
1590,B,1,1,7.1,8.1,5.6,5.7,77.5
1590,C,0,1,9.3,7.2,6.9,6.7,66.8
1590,D,1,0,7.2,8.8,6.3,7.8,66.8
1591,A,1,0,9.0,6.1,5.4,7.9,64.0
1591,B,1,0,7.7,6.4,6.2,6.6,61.5
1591,C,0,0,7.5,7.9,6.8,5.2,45.7
1591,D,0,1,8.1,7.8,9.2,6.2,68.8
1592,A,0,0,6.2,8.4,7.0,8.9,50.8
1592,B,0,0,7.4,8.8,3.7,6.8,44.5
1592,C,1,1,7.6,7.0,7.0,4.8,77.3
1592,D,1,0,6.6,6.8,10,7.3,67.8
1593,A,1,0,5.9,6.6,5.4,10,63.2
1593,B,1,0,5.6,10,7.6,7.4,67.7
1593,C,0,1,8.5,5.6,4.9,5.7,57.8
1593,D,0,0,7.4,8.2,6.9,8.0,50.8
1594,A,0,0,7.9,7.6,4.1,5.3,41.5
1594,B,1,0,9.7,6.1,4.6,7.5,63.2
1594,C,0,1,6.0,7.2,7.1,6.5,61.3
1594,D,1,1,7.7,7.8,8.3,7.4,85.3
1595,A,1,1,7.2,8.6,6.7,8.2,84.5
1595,B,0,0,7.9,6.9,7.8,6.0,47.7
1595,C,0,1,5.9,4.0,8.0,5.5,55.7
1595,D,1,0,8.7,9.2,9.6,10,79.2
1596,A,0,0,9.1,7.1,4.6,10,51.3
1596,B,1,0,7.4,9.1,7.8,7.9,70.3
1596,C,1,0,6.9,6.4,7.2,6.2,61.2
1596,D,0,1,8.2,7.8,8.9,7.5,70.7
1597,A,1,0,6.9,7.6,5.5,6.7,61.2
1597,B,1,1,8.6,7.8,6.9,8.1,85.7
1597,C,1,1,6.3,5.7,8.1,5.0,75.2
1597,D,0,1,7.9,5.1,7.0,5.3,58.8
1598,A,1,1,6.6,7.6,5.7,6.6,77.5
1598,B,1,0,8.0,5.5,5.0,8.1,61.0
1598,C,1,0,5.8,5.6,7.6,5.6,57.7
1598,D,1,1,8.5,6.7,7.4,8.0,84.3
1599,A,1,0,8.6,8.0,6.8,9.1,70.8
1599,B,0,0,5.3,7.2,6.1,6.3,41.5
1599,C,1,0,7.4,7.9,10,5.6,68.2
1599,D,1,1,6.3,6.7,10,6.3,82.2
1600,A,1,0,4.4,8.0,4.5,8.5,59.0
1600,B,1,1,9.4,7.7,6.3,6.9,83.8
1600,C,0,0,7.4,6.0,8.4,6.5,47.2
1600,D,1,0,7.5,7.9,6.7,6.6,64.5
