respondent_id,variant_id,consideration_pct,support_pct,fairness,effectiveness,clarity,institutional_trust,respondent_composite_0_100
1,A,1,1,6.8,4.8,5.7,6.0,72.2
1,B,1,0,9.1,8.7,4.4,4.0,60.3
1,C,1,0,5.7,8.6,5.5,3.5,55.5
1,D,1,1,7.5,8.4,5.8,6.6,80.5
2,A,0,1,7.3,6.4,7.3,6.2,62.0
2,B,1,0,7.0,8.6,8.6,7.1,68.8
2,C,1,0,5.1,7.2,6.1,7.1,59.2
2,D,1,1,5.2,7.3,5.5,9.1,78.5
3,A,1,0,6.3,4.2,7.0,5.1,54.3
3,B,1,0,7.5,4.7,7.4,5.8,59.0
3,C,0,1,5.4,8.0,6.7,4.4,57.5
3,D,1,1,6.1,8.4,9.4,5.9,83.0
4,A,1,0,6.1,3.2,6.9,6.1,53.8
4,B,1,0,6.7,5.0,5.6,7.3,57.7
4,C,0,0,6.3,7.1,4.8,4.7,38.2
4,D,1,1,7.3,6.7,7.7,8.3,83.3
5,A,1,1,7.8,4.9,9.1,5.5,78.8
5,B,0,0,6.3,8.0,6.4,4.4,41.8
5,C,1,1,4.6,9.3,7.4,3.9,75.3
5,D,1,0,6.5,7.9,7.0,7.1,64.2
6,A,0,1,8.0,3.4,7.0,5.8,57.0
6,B,1,0,4.5,9.3,4.6,2.8,52.0
6,C,1,1,5.2,5.1,5.4,4.3,66.7
6,D,1,1,7.3,7.9,7.6,6.6,82.3
7,A,0,0,5.0,5.7,8.5,3.6,38.0
7,B,0,1,6.9,6.6,6.1,6.1,59.5
7,C,0,1,7.0,9.1,6.5,6.4,65.0
7,D,1,1,9.1,8.8,6.3,5.6,83.0
8,A,1,1,5.9,5.8,6.1,5.6,72.3
8,B,0,0,6.6,7.5,5.1,7.4,44.3
8,C,0,1,6.1,7.0,7.2,8.2,64.2
8,D,1,1,8.7,6.8,8.5,6.6,84.3
9,A,0,0,6.9,2.7,8.0,5.5,38.5
9,B,1,1,8.9,6.6,5.4,6.7,79.3
9,C,0,0,4.1,4.2,6.1,8.9,38.8
9,D,1,0,7.0,7.4,4.6,6.8,59.7
10,A,0,0,6.5,8.0,7.3,6.1,46.5
10,B,1,0,7.4,8.4,7.7,6.3,66.3
10,C,1,1,4.2,7.1,6.3,4.6,70.3
10,D,1,1,7.8,7.7,6.6,4.5,77.7
11,A,0,0,6.2,5.3,9.3,7.9,47.8
11,B,1,0,4.3,9.4,5.4,5.7,58.0
11,C,0,0,4.8,5.3,7.1,3.7,34.8
11,D,0,1,6.0,8.6,9.6,4.5,64.5
12,A,0,0,5.5,4.3,6.8,6.8,39.0
12,B,1,1,7.0,8.0,7.3,6.3,81.0
12,C,0,1,3.1,8.0,5.7,5.1,53.2
12,D,1,1,7.6,8.3,6.1,6.3,80.5
13,A,0,1,6.6,5.8,10,6.7,65.2
13,B,0,1,8.6,7.8,5.3,6.8,64.2
13,C,0,0,4.1,8.0,3.3,7.0,37.3
13,D,1,1,9.3,10,8.7,7.2,92.0
14,A,1,1,9.0,5.3,6.6,5.3,77.0
14,B,1,1,4.8,6.0,6.9,5.7,72.3
14,C,0,1,4.3,7.7,5.4,2.2,49.3
14,D,1,1,8.4,7.7,8.3,7.3,86.2
15,A,0,0,7.3,4.0,6.9,7.3,42.5
15,B,1,1,8.9,8.5,7.8,6.6,86.3
15,C,0,0,3.3,6.9,10,4.7,41.5
15,D,0,1,8.3,6.8,8.3,7.1,67.5
16,A,1,0,4.4,4.7,8.8,3.5,52.3
16,B,1,0,9.0,6.0,5.8,5.5,60.5
16,C,1,1,5.0,8.6,7.7,4.3,76.0
16,D,0,1,7.4,6.8,5.8,5.6,59.3
17,A,1,1,5.1,5.2,7.1,6.4,73.0
17,B,1,0,7.0,8.7,7.2,6.4,65.5
17,C,1,1,3.3,9.1,4.6,4.6,69.3
17,D,1,1,7.0,7.1,8.5,7.2,83.0
18,A,0,0,6.9,3.2,7.1,4.7,36.5
18,B,1,0,7.2,5.5,5.2,7.5,59.0
18,C,1,1,3.1,6.3,6.9,4.6,68.2
18,D,1,0,7.9,7.2,8.7,7.6,69.0
19,A,1,1,8.4,4.3,9.6,7.1,82.3
19,B,1,0,9.2,8.0,6.4,5.1,64.5
19,C,0,0,3.1,4.4,7.5,4.9,33.2
19,D,1,1,7.7,10,5.2,8.5,85.7
20,A,1,1,7.0,6.2,6.0,7.8,78.3
20,B,0,1,7.2,7.8,6.1,5.6,61.2
20,C,0,0,2.9,8.5,6.1,3.6,35.2
20,D,1,1,8.7,6.8,7.5,5.2,80.3
21,A,1,1,5.4,4.9,8.4,4.4,71.8
21,B,1,1,7.7,8.6,7.4,5.2,81.5
21,C,0,0,4.3,6.4,7.3,4.5,37.5
21,D,0,0,7.0,7.6,7.6,4.4,44.3
22,A,1,0,6.7,1.9,8.9,5.2,54.5
22,B,0,0,4.8,8.1,5.3,5.6,39.7
22,C,0,0,3.9,8.9,6.7,7.5,45.0
22,D,1,1,7.6,8.6,7.1,7.6,84.8
23,A,1,1,6.2,5.8,7.2,6.2,75.7
23,B,0,1,7.3,6.6,7.8,6.3,63.3
23,C,0,0,5.2,7.0,6.6,3.6,37.3
23,D,1,1,8.4,9.0,4.9,7.3,82.7
24,A,1,0,7.2,6.3,8.4,5.8,62.8
24,B,1,1,6.8,9.3,6.7,7.9,84.5
24,C,0,0,5.4,8.5,5.6,6.2,42.8
24,D,1,0,5.4,7.2,8.6,6.5,62.8
25,A,0,1,6.2,5.1,6.9,4.3,54.2
25,B,1,0,7.5,7.9,4.6,5.8,59.7
25,C,0,1,2.4,6.2,6.2,5.9,51.2
25,D,1,1,8.1,8.6,8.0,8.6,88.8
26,A,1,0,7.9,4.7,6.9,5.6,58.5
26,B,0,1,6.4,5.4,5.9,7.3,58.3
26,C,0,1,2.5,7.5,7.3,4.8,53.5
26,D,0,1,7.4,9.9,7.8,8.0,71.8
27,A,1,0,5.0,2.8,6.3,6.3,50.7
27,B,1,1,7.4,6.2,9.3,8.1,85.0
27,C,0,1,4.2,6.7,6.6,4.2,52.8
27,D,1,0,7.4,8.4,9.1,5.0,66.5
28,A,0,1,4.8,7.4,7.3,4.2,56.2
28,B,1,1,4.8,7.0,5.3,5.6,71.2
28,C,0,0,5.7,6.0,7.4,5.9,41.7
28,D,1,1,7.0,6.4,5.0,4.6,71.7
29,A,1,0,6.2,2.4,6.6,3.6,48.0
29,B,0,1,5.2,8.0,8.4,5.8,62.3
29,C,0,0,4.8,7.7,7.0,3.7,38.7
29,D,0,0,7.6,6.7,7.5,6.4,47.0
30,A,1,0,8.7,7.4,6.3,4.5,61.5
30,B,0,1,6.6,6.6,5.2,5.7,56.8
30,C,1,0,5.4,7.7,5.4,5.6,56.8
30,D,1,0,9.0,8.1,7.2,6.7,68.3
31,A,1,1,9.1,5.3,7.2,4.2,76.3
31,B,0,1,5.6,7.4,6.2,5.8,58.3
31,C,0,1,2.6,7.1,7.6,3.4,51.2
31,D,0,0,6.4,9.2,6.2,6.8,47.7
32,A,0,0,5.3,5.3,6.8,4.1,35.8
32,B,1,1,5.4,8.8,5.3,5.3,74.7
32,C,1,0,3.6,7.7,7.1,6.9,58.8
32,D,1,1,8.0,9.5,5.7,7.1,83.8
33,A,0,1,8.1,3.5,6.1,6.5,57.0
33,B,1,1,6.2,6.4,6.8,8.2,79.3
33,C,1,1,2.0,8.6,6.4,4.7,69.5
33,D,1,1,6.6,8.5,7.3,6.6,81.7
34,A,0,0,5.9,5.2,7.5,6.3,41.5
34,B,1,0,6.4,9.7,6.9,6.7,66.2
34,C,1,1,1.9,8.7,5.2,5.6,69.0
34,D,1,1,7.0,9.8,5.8,6.2,81.3
35,A,0,1,7.7,3.5,6.2,6.0,55.7
35,B,1,1,7.0,6.7,6.8,6.0,77.5
35,C,1,1,4.7,8.0,7.9,4.5,75.2
35,D,1,0,5.8,8.4,5.8,3.6,56.0
36,A,0,1,7.3,3.7,7.2,5.8,56.7
36,B,0,0,6.2,7.4,8.7,7.4,49.5
36,C,0,0,3.3,6.8,4.8,6.1,35.0
36,D,1,0,7.6,7.5,5.8,6.8,62.8
37,A,0,1,7.0,4.8,7.3,4.6,56.2
37,B,0,1,7.7,7.3,8.4,4.2,62.7
37,C,1,1,3.3,8.1,6.3,6.0,72.8
37,D,0,0,8.5,6.8,6.3,8.0,49.3
38,A,1,1,6.4,3.0,9.4,7.4,77.0
38,B,1,1,6.9,6.7,6.6,5.8,76.7
38,C,1,0,3.9,6.1,5.7,4.0,49.5
38,D,0,0,6.3,7.4,8.5,7.4,49.3
39,A,1,0,6.6,6.3,6.7,6.6,60.3
39,B,0,1,7.3,9.0,6.4,5.5,63.7
39,C,1,0,5.7,8.0,7.4,2.4,55.8
39,D,1,0,5.4,8.8,6.0,5.7,59.8
40,A,1,0,5.9,2.7,9.0,7.2,58.0
40,B,1,1,6.5,8.6,8.5,7.9,85.8
40,C,1,1,5.3,7.3,8.1,4.2,74.8
40,D,1,0,7.9,8.8,9.1,5.8,69.3
41,A,1,0,4.8,3.1,5.8,8.2,53.2
41,B,1,1,6.7,6.8,4.5,7.4,75.7
41,C,0,0,6.0,5.7,6.5,3.3,35.8
41,D,1,0,6.7,6.7,7.0,6.2,61.0
42,A,1,0,6.5,4.5,9.1,4.6,57.8
42,B,1,0,6.3,7.6,5.6,5.3,58.0
42,C,0,0,5.8,9.4,3.8,4.8,39.7
42,D,1,0,6.5,4.8,6.7,5.9,56.5
43,A,1,0,5.2,6.8,5.6,5.6,55.3
43,B,0,0,7.3,10.0,6.4,6.4,50.2
43,C,0,0,4.1,7.8,6.4,3.8,36.8
43,D,1,1,8.2,8.2,5.6,4.6,77.7
44,A,1,1,6.4,4.5,8.4,5.7,75.0
44,B,1,1,7.7,9.6,6.9,5.5,82.8
44,C,1,0,2.7,10,5.4,4.5,54.3
44,D,1,1,7.7,8.2,5.7,4.3,76.5
45,A,1,0,8.7,5.3,6.3,6.5,61.3
45,B,1,0,6.1,8.5,7.0,5.7,62.2
45,C,1,1,6.5,6.0,6.0,6.0,74.2
45,D,0,1,6.5,6.6,7.6,4.9,59.3
46,A,1,1,8.3,4.1,8.7,7.3,80.7
46,B,1,0,5.7,6.4,9.8,6.8,64.5
46,C,1,0,5.4,7.3,5.5,5.0,55.3
46,D,1,1,8.2,6.5,8.9,5.1,81.2
47,A,0,1,4.9,4.0,8.7,5.2,54.7
47,B,0,1,4.2,8.3,8.0,7.4,63.2
47,C,0,1,3.4,6.5,6.8,4.6,52.2
47,D,1,1,9.5,7.7,7.4,5.3,83.2
48,A,0,0,7.4,5.1,6.9,5.4,41.3
48,B,1,0,8.4,5.8,6.1,6.7,61.7
48,C,1,1,4.3,8.6,8.3,5.9,78.5
48,D,0,0,6.6,8.9,6.5,4.1,43.5
49,A,0,1,5.9,3.5,7.4,8.1,58.2
49,B,1,1,5.8,7.0,6.2,7.5,77.5
49,C,0,0,3.8,8.5,7.3,5.5,41.8
49,D,1,1,8.3,7.8,8.0,6.4,84.2
50,A,0,0,7.2,3.4,8.2,6.5,42.2
50,B,0,0,5.2,8.2,5.0,3.7,36.8
50,C,1,0,3.4,7.1,6.1,5.0,52.7
50,D,1,1,6.2,8.6,6.5,9.0,83.8
51,A,0,0,6.6,4.1,7.3,4.3,37.2
51,B,1,0,5.8,5.6,6.8,6.2,57.3
51,C,1,1,5.2,6.2,6.5,3.4,68.8
51,D,0,0,10,7.2,6.3,6.6,50.2
52,A,1,0,7.4,6.7,5.6,6.8,60.8
52,B,1,1,7.5,7.8,6.7,5.9,79.8
52,C,0,0,5.5,6.6,7.7,4.5,40.5
52,D,1,0,6.6,7.0,7.9,7.2,64.5
53,A,1,1,6.6,3.7,8.9,5.6,74.7
53,B,0,1,4.8,6.9,5.7,7.3,57.8
53,C,1,0,6.3,9.4,6.8,4.7,62.0
53,D,1,1,5.3,7.9,4.0,8.1,75.5
54,A,1,0,6.8,4.1,8.4,6.5,59.7
54,B,1,0,7.5,4.2,6.9,5.6,57.0
54,C,1,1,5.6,8.1,6.3,1.9,69.8
54,D,1,1,7.2,8.8,7.6,7.9,85.8
55,A,1,0,6.0,4.2,6.0,8.1,57.2
55,B,1,0,6.4,10,8.3,6.0,67.8
55,C,0,1,5.2,9.3,5.2,5.0,57.8
55,D,1,0,8.2,8.4,6.3,8.2,68.5
56,A,1,0,6.2,4.1,8.9,5.0,57.0
56,B,0,0,5.1,6.9,6.8,3.8,37.7
56,C,0,1,4.4,8.7,4.8,3.2,51.8
56,D,1,1,7.3,7.4,6.7,4.4,76.3
57,A,1,1,4.8,3.8,6.6,5.7,68.2
57,B,1,0,8.8,7.5,5.8,5.5,62.7
57,C,1,1,6.9,7.2,5.9,4.5,74.2
57,D,1,1,8.0,5.9,8.0,6.8,81.2
58,A,1,0,5.6,6.4,6.2,4.3,54.2
58,B,1,0,9.1,6.1,5.0,4.4,57.7
58,C,1,1,3.6,7.1,6.6,5.2,70.8
58,D,1,1,7.3,10,6.4,7.5,85.3
59,A,1,0,5.4,4.4,6.3,6.3,54.0
59,B,1,0,7.6,9.0,6.6,5.8,65.0
59,C,0,1,2.3,7.2,4.7,5.2,49.0
59,D,0,0,5.6,6.8,7.3,7.0,44.5
60,A,1,1,5.0,6.5,6.2,5.0,71.2
60,B,1,1,6.4,8.0,6.3,5.8,77.5
60,C,1,0,3.7,6.1,6.4,5.4,52.7
60,D,1,1,6.3,10,6.8,8.0,85.2
61,A,0,0,9.6,3.0,8.3,3.6,40.8
61,B,0,1,8.0,8.0,6.9,4.7,62.7
61,C,1,0,5.6,6.2,4.3,2.5,47.7
61,D,1,1,8.6,8.5,6.1,6.6,83.0
62,A,0,1,7.0,4.8,7.1,4.6,55.8
62,B,0,0,8.3,5.8,6.9,6.7,46.2
62,C,0,1,5.2,10,4.7,4.2,56.8
62,D,0,0,8.2,9.6,7.8,7.2,54.7
63,A,0,1,7.9,2.2,8.0,5.4,55.8
63,B,1,0,7.7,5.6,6.6,5.7,59.3
63,C,0,1,5.4,9.2,6.2,5.9,61.2
63,D,1,1,7.0,5.5,7.4,6.0,76.5
64,A,1,1,4.9,3.8,6.4,3.4,64.2
64,B,1,0,6.3,5.0,6.0,5.9,55.3
64,C,0,1,5.7,8.6,5.3,3.3,54.8
64,D,1,1,8.7,9.0,5.9,6.4,83.3
65,A,0,1,5.0,3.9,7.8,6.2,54.8
65,B,0,0,7.6,5.8,7.8,8.6,49.7
65,C,0,0,6.5,7.4,5.9,5.6,42.3
65,D,0,0,7.3,7.9,5.6,5.0,43.0
66,A,1,1,5.7,2.5,7.6,6.3,70.2
66,B,0,0,7.0,6.2,6.7,6.3,43.7
66,C,0,0,6.6,7.5,8.6,4.8,45.8
66,D,1,1,7.4,7.3,7.6,6.3,81.0
67,A,0,0,4.6,6.7,7.1,4.0,37.3
67,B,0,0,7.3,5.9,7.3,6.4,44.8
67,C,1,0,4.6,8.2,7.2,4.4,57.3
67,D,1,0,7.2,8.6,6.6,6.5,64.8
68,A,1,1,5.9,3.2,8.2,3.8,68.5
68,B,0,1,8.4,8.0,5.3,6.7,64.0
68,C,1,0,5.3,4.5,7.5,4.3,52.7
68,D,1,1,8.6,5.5,7.8,7.2,81.8
69,A,0,0,8.3,4.1,7.8,6.5,44.5
69,B,0,1,7.2,8.4,7.0,7.2,66.3
69,C,0,1,6.4,9.9,8.4,4.3,65.0
69,D,1,1,4.8,6.3,7.3,6.8,75.3
70,A,1,1,6.3,3.7,5.7,5.7,69.0
70,B,1,1,8.9,7.1,7.6,6.0,82.7
70,C,0,1,5.1,8.9,4.8,4.0,54.7
70,D,0,1,5.1,9.1,6.3,3.7,57.0
71,A,1,0,3.5,4.3,9.2,4.4,52.3
71,B,1,0,7.0,6.9,6.7,4.9,59.2
71,C,0,0,4.6,4.9,7.1,6.2,38.0
71,D,1,1,9.1,7.2,8.2,5.5,83.3
72,A,1,0,7.2,4.8,9.2,6.6,63.0
72,B,1,1,5.8,5.7,4.1,7.7,72.2
72,C,0,0,4.1,10,6.2,5.3,42.7
72,D,1,1,7.4,5.3,6.2,7.7,77.7
73,A,1,0,8.8,1.7,4.8,6.2,52.5
73,B,0,1,6.7,6.1,7.5,5.8,60.2
73,C,0,0,5.8,7.6,7.3,6.2,44.8
73,D,0,1,7.6,7.9,8.4,7.6,69.2
74,A,0,0,8.7,3.8,8.6,7.7,48.0
74,B,1,0,7.6,6.5,7.4,6.4,63.2
74,C,1,1,5.4,7.1,5.7,6.1,73.8
74,D,1,0,6.1,7.7,7.9,8.1,66.3
75,A,1,1,5.8,6.8,7.3,5.1,75.0
75,B,1,1,7.9,6.7,4.8,4.3,72.8
75,C,0,0,6.1,5.9,6.0,4.2,37.0
75,D,1,1,6.4,4.8,8.6,8.3,80.2
76,A,0,0,7.7,2.4,4.5,6.0,34.3
76,B,1,1,9.0,8.5,5.9,7.5,84.8
76,C,0,1,6.1,8.4,9.0,4.4,63.2
76,D,0,0,7.5,6.0,8.1,7.8,49.0
77,A,1,0,7.0,4.8,6.6,7.7,60.2
77,B,1,1,6.2,5.5,5.9,7.3,74.8
77,C,1,0,4.6,8.0,9.3,5.1,61.7
77,D,1,1,7.3,5.6,5.8,4.6,72.2
78,A,1,0,5.1,6.6,5.8,8.2,59.5
78,B,0,0,7.6,5.9,7.7,4.8,43.3
78,C,1,0,5.0,7.1,7.7,3.8,56.0
78,D,1,0,8.5,6.2,7.3,6.8,64.7
79,A,0,0,5.4,5.1,5.9,5.0,35.7
79,B,1,1,6.1,8.0,6.7,5.3,76.8
79,C,0,0,4.9,6.1,2.8,6.5,33.8
79,D,1,0,7.7,5.7,6.0,4.7,56.8
80,A,1,0,8.1,3.9,6.2,4.0,53.7
80,B,1,0,6.2,7.4,6.0,5.7,58.8
80,C,0,0,2.3,8.0,4.1,5.9,33.8
80,D,1,1,5.2,7.2,5.4,4.7,70.8
81,A,0,0,5.8,5.2,7.2,5.2,39.0
81,B,0,0,6.6,8.3,7.8,8.2,51.5
81,C,0,1,7.1,7.9,5.4,5.4,59.7
81,D,1,0,5.6,9.0,6.6,6.2,62.3
82,A,0,1,6.6,5.3,9.6,3.5,58.3
82,B,1,1,6.6,5.9,6.2,5.2,73.2
82,C,0,1,2.6,9.8,5.9,5.7,56.7
82,D,1,1,6.3,8.0,7.4,6.4,80.2
83,A,1,1,7.9,4.8,5.9,6.3,74.8
83,B,0,1,8.6,6.8,6.8,8.1,67.2
83,C,1,0,2.4,9.0,6.3,5.0,54.5
83,D,0,1,5.9,7.3,8.4,8.5,66.8
84,A,0,0,6.0,2.8,6.6,5.5,34.8
84,B,0,0,8.5,6.3,7.3,5.1,45.3
84,C,0,0,5.8,8.8,6.2,5.5,43.8
84,D,1,1,8.3,8.1,10,8.4,91.3
85,A,1,0,7.9,4.0,7.6,6.5,60.0
85,B,1,1,6.0,8.9,5.8,5.9,77.7
85,C,1,0,2.8,9.4,6.9,7.5,61.0
85,D,1,1,8.2,6.6,7.3,3.3,75.7
86,A,1,0,7.7,6.3,8.6,7.1,66.2
86,B,1,0,9.3,6.2,7.2,5.0,62.8
86,C,0,0,2.4,8.3,6.7,2.9,33.8
86,D,0,1,5.2,8.9,6.3,8.2,64.3
87,A,0,0,5.1,3.6,8.6,3.0,33.8
87,B,1,0,6.6,6.9,6.0,5.6,58.5
87,C,0,0,3.9,8.6,9.1,4.4,43.3
87,D,0,0,7.7,7.1,10,5.9,51.2
88,A,1,0,6.0,1.5,7.8,4.7,50.0
88,B,0,1,5.9,5.9,8.1,5.8,59.5
88,C,1,0,4.5,10,4.9,3.5,54.8
88,D,1,0,6.8,8.0,10,4.8,66.0
89,A,0,0,5.5,5.1,10,5.1,42.8
89,B,1,1,6.7,8.1,7.5,7.4,82.8
89,C,0,1,6.6,9.4,7.2,4.1,62.2
89,D,1,0,8.3,9.7,5.4,6.1,65.8
90,A,1,0,5.1,5.1,8.0,3.5,52.8
90,B,1,1,6.1,5.9,7.6,7.3,78.2
90,C,1,0,5.4,6.7,5.1,5.1,53.8
90,D,1,0,6.8,5.1,7.2,7.7,61.3
91,A,1,1,5.8,6.1,7.3,5.4,74.3
91,B,0,1,8.2,8.4,5.4,4.4,60.7
91,C,0,0,7.7,6.3,5.8,3.1,38.2
91,D,0,1,5.8,7.7,6.1,5.1,57.8
92,A,0,0,5.1,4.6,7.7,4.8,37.0
92,B,0,1,6.1,7.7,6.2,7.3,62.2
92,C,0,0,6.4,7.5,7.2,4.5,42.7
92,D,1,1,8.5,9.0,7.8,8.8,90.2
93,A,1,0,5.9,4.4,6.3,5.0,52.7
93,B,1,1,7.3,5.7,5.5,6.4,74.8
93,C,1,0,3.8,8.5,2.9,3.6,48.0
93,D,0,0,6.8,5.9,6.5,7.0,43.7
94,A,1,1,8.9,3.9,8.1,5.8,77.8
94,B,1,1,6.3,6.3,6.1,6.0,74.5
94,C,1,0,2.8,5.9,4.4,5.3,47.3
94,D,1,1,7.6,8.0,8.7,6.0,83.8
95,A,0,1,3.9,4.2,5.1,4.0,45.3
95,B,0,0,6.8,7.3,7.1,7.8,48.3
95,C,0,1,4.9,6.0,6.1,4.3,52.2
95,D,1,0,6.5,7.0,7.7,6.6,63.0
96,A,1,1,4.4,3.7,8.1,3.9,66.8
96,B,0,1,7.9,7.0,9.4,3.8,63.5
96,C,1,0,4.1,6.7,5.2,3.3,48.8
96,D,1,1,7.2,7.4,7.4,7.5,82.5
97,A,0,1,5.5,6.5,7.6,4.8,57.3
97,B,1,1,7.2,8.4,5.2,6.4,78.7
97,C,0,0,5.8,7.2,5.2,4.5,37.8
97,D,1,1,6.9,6.1,7.1,6.8,78.2
98,A,0,0,5.7,4.9,8.3,6.1,41.7
98,B,0,1,6.8,8.3,4.4,4.5,56.7
98,C,1,0,4.7,10,8.4,5.1,63.7
98,D,1,1,8.7,7.5,9.1,6.2,85.8
99,A,0,1,5.8,5.6,6.3,6.7,57.3
99,B,1,1,7.3,7.4,6.4,4.5,76.0
99,C,0,1,3.1,6.4,6.8,5.3,52.7
99,D,1,1,7.8,6.2,7.9,7.3,82.0
100,A,0,1,4.2,3.9,6.4,5.2,49.5
100,B,1,1,6.6,6.7,6.0,7.4,77.8
100,C,1,0,5.1,7.0,6.5,4.4,55.0
100,D,1,1,7.7,7.5,6.1,6.6,79.8
101,A,1,0,6.5,5.3,5.2,7.0,56.7
101,B,0,1,5.3,6.5,7.6,6.9,60.5
101,C,0,0,7.1,6.7,5.8,7.0,44.3
101,D,1,0,4.7,9.2,7.8,4.5,60.3
102,A,1,1,5.9,2.9,8.1,5.0,69.8
102,B,1,0,4.1,6.3,6.3,7.2,56.5
102,C,0,1,6.3,9.9,8.6,6.0,68.0
102,D,0,0,7.5,9.2,7.2,6.4,50.5
103,A,1,0,8.3,5.8,7.4,5.5,61.7
103,B,1,0,5.8,8.3,6.2,5.3,59.3
103,C,1,1,3.4,9.6,7.7,7.8,80.8
103,D,0,1,8.5,5.5,7.4,7.0,64.0
104,A,0,1,7.6,5.4,9.1,5.9,63.3
104,B,1,1,6.7,9.5,8.2,9.5,89.8
104,C,1,1,6.5,5.9,6.7,5.4,74.2
104,D,1,1,6.1,9.9,6.1,5.7,79.7
105,A,0,1,7.3,6.3,7.1,4.8,59.2
105,B,0,1,5.9,8.1,6.6,7.3,63.2
105,C,0,0,4.2,7.4,6.1,3.4,35.2
105,D,0,1,6.1,5.7,8.4,6.4,61.0
106,A,0,1,7.3,3.1,7.3,3.9,52.7
106,B,1,0,5.4,9.7,6.4,6.2,62.8
106,C,1,0,4.3,5.7,4.1,6.8,51.5
106,D,1,1,8.9,6.8,7.3,6.1,81.8
107,A,1,0,3.8,5.1,7.0,4.4,50.5
107,B,1,0,7.5,5.4,7.1,7.9,63.2
107,C,1,0,5.8,6.9,6.2,4.5,55.7
107,D,0,1,10.0,7.4,7.6,6.6,69.3
108,A,1,0,7.2,2.4,7.0,7.5,56.8
108,B,0,0,9.1,8.7,7.8,8.5,56.8
108,C,0,0,4.8,9.6,6.0,6.9,45.5
108,D,1,1,7.0,7.7,5.5,7.2,79.0
109,A,1,1,4.9,7.1,7.6,6.7,77.2
109,B,0,0,7.4,6.9,5.0,9.2,47.5
109,C,1,0,2.5,7.2,6.7,5.2,52.7
109,D,1,0,7.7,8.6,3.9,5.4,59.3
110,A,1,1,8.7,5.5,6.2,6.1,77.5
110,B,1,0,8.9,8.9,6.4,5.0,65.3
110,C,0,0,4.7,9.3,5.6,6.9,44.2
110,D,0,0,8.0,7.7,5.0,5.7,44.0
111,A,1,0,6.4,3.3,8.7,4.9,55.5
111,B,1,1,4.2,3.8,5.9,3.9,63.0
111,C,1,1,3.4,8.2,4.2,2.9,64.5
111,D,1,0,9.1,7.0,8.9,6.8,69.7
112,A,1,1,6.8,4.3,6.6,8.0,76.2
112,B,1,0,7.3,7.5,5.4,6.6,61.3
112,C,1,0,3.8,8.8,4.8,3.8,52.0
112,D,1,0,7.2,6.3,5.3,5.6,57.3
113,A,0,0,8.4,5.6,6.0,4.8,41.3
113,B,1,0,6.2,7.8,8.9,6.0,64.8
113,C,1,0,4.4,7.7,4.8,6.2,55.2
113,D,0,1,5.5,8.7,6.5,6.9,62.7
114,A,1,0,6.0,4.4,7.3,7.2,58.2
114,B,1,1,8.2,9.0,5.8,6.7,82.8
114,C,0,0,2.8,8.5,5.6,4.5,35.7
114,D,1,0,8.5,8.6,5.5,6.5,65.2
115,A,1,0,6.0,4.8,7.1,7.2,58.5
115,B,0,1,6.2,6.6,8.9,5.5,62.0
115,C,0,1,4.9,8.0,5.0,4.7,54.3
115,D,1,1,7.4,9.2,7.2,8.7,87.5
116,A,1,0,4.9,4.4,7.1,3.8,50.3
116,B,1,0,7.9,6.7,7.2,5.2,61.7
116,C,1,0,8.6,7.6,6.1,6.1,64.0
116,D,0,1,6.1,6.3,7.0,6.8,60.3
117,A,0,0,6.5,4.5,6.0,3.5,34.2
117,B,1,0,6.1,6.1,7.9,4.9,58.3
117,C,0,1,3.8,7.7,6.7,5.6,56.3
117,D,1,1,7.4,9.0,6.1,6.5,81.7
118,A,1,1,6.0,3.8,6.4,5.7,69.8
118,B,1,0,8.1,5.3,6.8,6.3,60.8
118,C,1,1,6.9,7.7,5.4,5.9,76.5
118,D,1,1,5.4,6.2,6.1,5.2,71.5
119,A,0,1,8.7,3.4,6.6,5.1,56.3
119,B,1,0,6.9,7.0,6.6,7.2,62.8
119,C,0,0,4.1,6.1,7.5,4.8,37.5
119,D,1,1,8.3,6.4,8.2,5.5,80.7
120,A,1,0,7.2,6.9,6.2,8.2,64.2
120,B,0,0,6.7,4.9,6.7,5.4,39.5
120,C,1,1,5.3,6.6,4.2,2.8,64.8
120,D,1,1,7.5,9.3,8.2,6.3,85.5
121,A,1,0,5.6,5.2,6.4,5.8,55.0
121,B,0,0,7.8,8.5,6.8,5.8,48.2
121,C,0,0,6.6,9.0,5.8,4.2,42.7
121,D,1,0,6.7,9.0,7.4,5.7,64.7
122,A,1,1,5.5,5.6,7.4,6.4,74.8
122,B,1,1,6.4,8.1,6.9,4.5,76.5
122,C,1,1,5.8,6.9,7.3,4.1,73.5
122,D,1,1,10,6.3,8.2,5.6,83.5
123,A,0,1,5.9,3.7,6.2,7.0,54.7
123,B,0,0,7.1,6.8,9.7,5.2,48.0
123,C,0,0,3.1,4.4,9.2,5.2,36.5
123,D,1,1,4.9,7.7,7.8,7.9,80.5
124,A,1,1,7.7,7.4,9.4,8.2,87.8
124,B,0,1,7.0,6.6,6.3,4.6,57.5
124,C,0,1,3.7,8.9,5.7,3.6,53.2
124,D,1,1,6.4,7.1,9.2,6.7,82.3
125,A,0,0,7.3,3.6,7.3,5.6,39.7
125,B,0,1,8.2,6.8,7.3,7.5,66.3
125,C,1,1,4.0,7.0,6.8,3.7,69.2
125,D,1,1,6.8,9.1,7.2,5.1,80.3
126,A,1,0,5.7,5.7,8.9,6.7,61.7
126,B,1,0,8.0,8.3,6.6,6.0,64.8
126,C,0,0,3.5,9.6,4.7,4.8,37.7
126,D,1,0,7.8,6.9,5.4,7.1,62.0
127,A,1,0,8.1,5.6,9.1,4.3,61.8
127,B,1,0,8.3,7.6,7.6,5.4,64.8
127,C,0,0,3.0,8.5,4.1,5.1,34.5
127,D,0,0,6.1,8.7,7.8,8.7,52.2
128,A,1,1,6.3,3.8,7.1,5.0,70.3
128,B,1,0,7.8,7.8,6.4,6.4,64.0
128,C,0,1,5.0,6.4,6.4,4.9,54.5
128,D,1,0,7.7,6.5,4.1,5.9,57.0
129,A,1,1,8.6,6.6,6.3,6.1,79.3
129,B,1,0,7.0,7.6,8.3,7.5,67.3
129,C,1,0,3.1,10,6.6,2.7,54.0
129,D,1,1,8.1,6.3,6.8,7.7,81.5
130,A,1,0,5.5,4.1,7.3,7.4,57.2
130,B,0,1,9.3,8.9,7.6,7.2,71.7
130,C,0,0,4.9,9.2,7.1,3.3,40.8
130,D,1,0,6.3,9.0,7.3,5.7,63.8
131,A,1,0,6.8,4.8,8.6,5.1,58.8
131,B,0,0,7.7,6.2,8.1,7.7,49.5
131,C,0,0,4.3,9.6,6.1,6.8,44.7
131,D,0,1,6.6,9.8,7.1,4.9,64.0
132,A,0,0,7.4,4.6,8.3,6.3,44.3
132,B,0,0,5.5,6.1,7.4,5.7,41.2
132,C,0,1,6.7,6.7,7.5,2.6,55.8
132,D,1,0,6.4,9.0,5.8,6.6,63.0
133,A,0,1,6.1,4.5,8.3,6.1,58.3
133,B,0,1,7.0,6.4,8.7,7.1,65.3
133,C,0,1,6.4,10,4.3,4.8,59.2
133,D,1,1,7.5,6.9,8.1,6.2,81.2
134,A,1,1,6.3,4.6,9.6,7.9,80.7
134,B,1,0,7.1,6.3,6.3,4.9,57.7
134,C,1,1,5.7,10,4.6,6.6,78.2
134,D,1,1,7.5,7.6,7.6,7.6,83.8
135,A,1,1,7.1,5.0,6.5,5.1,72.8
135,B,1,0,7.2,6.9,5.3,7.0,60.7
135,C,1,1,4.1,9.5,6.9,6.0,77.5
135,D,1,0,9.2,8.0,6.4,7.4,68.3
136,A,1,1,5.3,3.6,6.4,7.3,71.0
136,B,0,0,6.2,6.5,5.2,6.6,40.8
136,C,1,0,2.4,10,7.6,4.8,58.0
136,D,1,1,8.4,8.5,6.7,6.1,82.8
137,A,1,0,5.9,5.2,8.0,4.7,56.3
137,B,1,1,4.8,5.4,7.6,6.5,73.8
137,C,0,0,7.9,8.1,5.9,8.8,51.2
137,D,1,1,6.5,7.1,6.9,8.4,81.5
138,A,1,1,4.9,3.4,6.0,5.3,66.0
138,B,1,0,7.7,8.0,7.5,7.1,67.2
138,C,1,1,5.5,9.5,6.9,4.4,77.2
138,D,1,1,8.3,5.3,8.1,6.3,80.0
139,A,0,1,6.4,6.2,7.8,3.9,57.2
139,B,1,0,7.8,8.5,7.7,6.9,68.2
139,C,0,1,6.2,7.2,4.6,2.8,51.3
139,D,1,0,7.0,6.9,4.7,4.5,55.2
140,A,0,1,5.7,4.0,5.9,5.4,51.7
140,B,1,0,6.5,9.8,6.7,6.8,66.3
140,C,0,0,5.2,6.6,5.4,7.1,40.5
140,D,1,1,8.3,5.8,8.9,7.1,83.5
141,A,1,1,6.1,3.7,7.5,5.7,71.7
141,B,0,1,9.0,6.9,8.9,6.9,69.5
141,C,0,0,1.7,8.0,7.1,3.7,34.2
141,D,0,0,6.5,9.0,5.5,7.7,47.8
142,A,1,1,6.1,6.4,5.4,7.1,75.0
142,B,0,1,7.2,6.4,6.7,8.6,64.8
142,C,0,0,2.7,8.4,5.8,2.8,32.8
142,D,1,1,7.2,7.1,6.0,5.9,77.0
143,A,1,0,6.1,4.6,6.8,4.0,52.5
143,B,0,1,6.4,5.7,7.6,5.9,59.3
143,C,0,1,4.5,6.9,5.0,5.1,52.5
143,D,1,0,6.4,7.2,7.4,8.5,65.8
144,A,1,0,7.2,3.2,7.9,6.0,57.2
144,B,1,1,4.9,5.3,5.5,5.7,69.0
144,C,0,0,5.6,7.1,6.9,5.5,41.8
144,D,0,1,6.2,7.5,6.5,5.7,59.8
145,A,1,1,6.1,5.0,9.5,8.1,81.2
145,B,0,1,6.6,5.9,6.5,6.9,59.8
145,C,0,0,3.1,7.8,9.2,5.8,43.2
145,D,1,1,5.7,6.7,4.9,7.1,74.0
146,A,1,0,5.7,4.8,9.0,5.1,57.7
146,B,1,1,6.8,7.9,6.5,6.1,78.8
146,C,0,1,4.6,7.2,9.5,5.6,61.5
146,D,1,1,7.9,7.6,8.9,8.0,87.3
147,A,0,0,5.6,5.1,8.6,6.0,42.2
147,B,1,1,5.8,5.9,6.8,7.7,77.0
147,C,1,0,5.0,6.3,5.3,6.7,55.5
147,D,1,1,8.5,8.9,8.3,6.5,87.0
148,A,0,0,5.1,4.0,9.9,6.4,42.3
148,B,1,0,8.2,6.3,6.9,6.6,63.3
148,C,0,1,5.5,7.3,7.2,5.6,59.3
148,D,1,0,8.2,6.3,8.3,6.2,65.0
149,A,0,1,6.5,4.1,8.4,6.4,59.0
149,B,0,1,7.0,9.4,7.1,5.9,65.7
149,C,0,0,5.3,8.5,5.0,4.2,38.3
149,D,1,1,5.6,7.6,6.7,4.7,74.3
150,A,0,0,7.1,3.1,5.4,7.3,38.2
150,B,1,1,5.9,6.7,6.6,6.4,76.0
150,C,0,0,4.4,6.9,8.9,5.7,43.2
150,D,0,1,7.2,9.8,7.1,5.4,65.8
151,A,1,0,8.1,6.1,6.1,6.1,60.7
151,B,1,1,9.0,6.5,8.4,6.0,83.2
151,C,1,0,3.2,8.8,8.4,4.1,57.5
151,D,1,1,6.6,9.2,5.0,8.4,82.0
152,A,1,1,10,4.6,5.0,5.5,75.2
152,B,0,0,6.2,7.3,4.9,7.3,42.8
152,C,0,0,5.4,6.5,6.6,6.0,40.8
152,D,1,1,8.2,5.8,3.7,5.0,71.2
153,A,1,1,6.9,5.9,6.5,6.6,76.5
153,B,1,1,6.7,8.3,6.3,6.5,79.7
153,C,0,1,2.9,6.6,6.2,4.7,50.7
153,D,1,1,6.7,7.7,6.1,7.3,79.7
154,A,1,1,4.7,6.3,5.9,8.0,74.8
154,B,1,1,6.9,6.8,5.2,5.7,74.3
154,C,0,0,5.9,5.6,6.4,4.0,36.5
154,D,0,1,9.0,8.2,8.5,7.4,71.8
155,A,1,1,6.7,4.3,6.4,6.2,72.7
155,B,1,0,6.4,6.6,5.9,6.2,58.5
155,C,1,0,4.2,7.9,8.3,4.7,58.5
155,D,1,1,8.9,5.3,6.7,5.9,78.0
156,A,0,1,6.8,4.1,8.0,6.0,58.2
156,B,1,0,7.4,6.6,6.1,4.7,58.0
156,C,1,1,3.1,6.7,4.3,4.7,64.7
156,D,1,0,5.3,7.9,4.4,6.4,56.7
157,A,1,1,6.4,4.6,10,5.7,77.8
157,B,1,0,5.8,7.9,7.6,7.0,63.8
157,C,1,1,4.4,7.8,5.5,4.9,71.0
157,D,1,1,7.7,7.0,6.1,8.1,81.5
158,A,1,1,5.9,4.6,6.1,3.7,67.2
158,B,1,0,8.8,6.8,7.1,5.7,64.0
158,C,1,0,1,9.5,5.4,4.9,51.3
158,D,1,0,10,7.0,6.7,7.1,68.0
159,A,1,0,5.4,4.0,7.1,6.0,54.2
159,B,1,0,5.9,7.3,6.5,5.9,59.3
159,C,0,1,5.9,7.7,6.2,4.5,57.2
159,D,1,0,9.3,8.5,6.0,8.4,70.3
160,A,0,0,7.5,4.8,8.6,5.0,43.2
160,B,1,1,7.0,7.5,5.3,6.2,76.7
160,C,1,1,5.9,5.4,5.2,2.9,65.7
160,D,1,1,6.7,8.6,6.8,7.6,82.8
161,A,0,0,5.9,5.3,8.4,5.2,41.3
161,B,1,1,7.9,7.0,5.9,6.4,78.7
161,C,1,0,5.2,7.4,6.8,4.8,57.0
161,D,0,1,9.6,8.2,6.2,4.9,64.8
162,A,1,0,7.4,3.8,5.9,4.6,52.8
162,B,0,1,7.0,7.6,6.2,5.6,60.7
162,C,0,0,7.0,8.5,7.0,4.6,45.2
162,D,1,1,7.9,5.9,5.5,7.9,78.7
163,A,1,0,6.5,6.0,5.8,4.8,55.2
163,B,1,1,8.0,9.3,7.2,6.8,85.5
163,C,0,0,4.6,8.3,5.4,5.7,40.0
163,D,1,1,5.5,8.0,8.2,8.0,82.8
164,A,0,0,4.4,2.9,6.7,5.5,32.5
164,B,1,1,6.2,7.9,8.9,5.3,80.5
164,C,0,0,6.2,8.2,4.6,4.8,39.7
164,D,0,1,8.7,7.9,8.9,7.7,72.0
165,A,0,0,6.8,5.6,5.2,7.7,42.2
165,B,1,1,7.9,6.9,6.2,7.4,80.7
165,C,0,0,3.2,7.3,7.5,3.8,36.3
165,D,1,1,6.9,8.0,5.7,6.4,78.3
166,A,1,0,5.9,4.4,4.8,5.2,50.5
166,B,1,0,7.8,7.8,6.9,7.0,65.8
166,C,1,0,6.2,6.5,6.8,3.2,54.5
166,D,1,1,5.5,7.6,4.9,6.6,74.3
167,A,1,0,6.4,4.4,5.8,4.8,52.3
167,B,0,1,8.5,6.2,6.7,8.3,66.2
167,C,0,0,4.1,7.8,7.1,7.4,44.0
167,D,0,0,6.9,6.2,4.2,6.3,39.3
168,A,0,0,6.9,4.0,7.1,5.8,39.7
168,B,1,1,8.3,7.1,7.5,3.4,77.2
168,C,1,1,2.9,7.4,5.4,4.3,66.7
168,D,1,1,8.9,7.8,7.5,7.0,85.3
169,A,1,0,6.3,5.7,7.9,6.5,60.7
169,B,1,0,7.0,5.2,10.0,5.2,62.3
169,C,0,0,4.1,8.0,5.7,5.8,39.3
169,D,0,0,8.4,7.4,6.9,5.4,46.8
170,A,0,1,7.2,4.1,7.0,5.2,55.8
170,B,1,0,10,7.3,6.6,8.7,71.0
170,C,0,1,4.7,8.3,6.1,5.4,57.5
170,D,1,1,7.7,8.9,7.3,7.8,86.2
171,A,1,0,7.8,1.8,7.0,4.2,51.3
171,B,1,0,10,8.7,5.3,5.3,65.5
171,C,1,0,4.3,8.2,4.3,6.0,54.7
171,D,1,0,6.1,7.6,5.9,5.1,57.8
172,A,1,1,8.8,4.1,7.8,7.0,79.5
172,B,1,0,8.7,4.9,6.3,8.4,63.8
172,C,0,1,5.0,6.2,3.3,6.4,51.5
172,D,1,1,7.6,6.4,7.7,5.4,78.5
173,A,1,1,7.1,2.6,5.5,6.3,69.2
173,B,1,0,7.0,5.2,8.2,4.1,57.5
173,C,1,0,4.5,6.7,5.5,4.6,52.2
173,D,1,0,8.2,8.2,5.9,5.9,63.7
174,A,1,1,5.2,4.9,10,6.2,77.2
174,B,1,1,6.1,7.2,6.0,6.7,76.7
174,C,1,1,3.4,8.2,6.9,4.6,71.8
174,D,1,1,6.5,7.7,6.8,6.8,79.7
175,A,0,1,5.6,4.9,8.5,4.9,56.5
175,B,1,1,6.7,8.9,5.8,8.0,82.3
175,C,0,0,5.3,5.3,6.5,3.4,34.2
175,D,0,1,8.4,6.7,5.9,6.7,62.8
176,A,0,1,6.4,3.9,8.0,6.0,57.2
176,B,1,1,6.4,6.5,7.4,5.7,76.7
176,C,1,0,4.7,7.9,6.0,2.4,51.7
176,D,1,1,5.7,9.1,9.2,8.0,86.7
177,A,0,1,6.9,4.9,6.9,4.4,55.2
177,B,1,0,5.6,7.2,6.7,2.2,52.8
177,C,1,1,6.6,8.5,7.3,2.9,75.5
177,D,0,1,6.8,4.8,7.3,8.6,62.5
178,A,0,0,4.2,3.1,6.6,3.6,29.2
178,B,1,0,7.8,6.8,6.4,5.1,60.2
178,C,1,0,4.3,7.6,5.0,5.0,53.2
178,D,1,0,6.7,6.6,8.5,6.2,63.3
179,A,1,0,7.2,4.3,7.6,6.0,58.5
179,B,1,1,8.5,6.7,5.1,6.5,78.0
179,C,1,1,4.1,8.3,5.7,7.3,75.7
179,D,0,0,5.5,8.0,6.2,6.8,44.2
180,A,0,1,5.7,1.3,7.2,6.2,50.7
180,B,1,0,7.5,7.6,7.8,8.1,68.3
180,C,0,0,2.9,6.7,7.6,5.4,37.7
180,D,0,0,6.5,7.0,7.5,6.1,45.2
181,A,1,0,5.6,5.8,7.4,6.3,58.5
181,B,1,1,6.7,6.8,4.3,6.4,73.7
181,C,1,0,4.0,7.7,4.3,3.6,49.3
181,D,1,0,7.6,6.4,7.8,9.4,68.7
182,A,1,0,6.8,4.2,7.0,4.5,54.2
182,B,1,1,5.0,8.8,5.8,5.4,75.0
182,C,1,0,6.7,7.1,6.6,4.5,58.2
182,D,1,0,9.8,8.6,5.5,4.7,64.3
183,A,1,1,7.0,4.3,7.6,6.4,75.5
183,B,1,1,4.3,5.5,6.7,5.8,70.5
183,C,1,1,6.0,6.4,6.8,5.1,73.8
183,D,1,0,6.9,7.0,6.7,7.0,62.7
184,A,0,0,4.7,5.2,5.6,4.8,33.8
184,B,1,0,5.1,6.5,5.7,5.5,54.7
184,C,1,1,5.5,8.7,6.0,5.1,75.5
184,D,0,0,7.7,8.8,9.0,8.2,56.2
185,A,1,0,8.3,8.0,8.0,3.7,63.3
185,B,1,1,7.7,9.7,5.4,7.1,83.2
185,C,1,0,5.0,8.9,5.7,5.2,58.0
185,D,1,1,8.8,7.9,7.3,6.2,83.7
186,A,0,0,8.8,5.8,6.4,4.9,43.2
186,B,1,1,3.6,4.8,4.5,5.8,64.5
186,C,1,1,5.0,7.1,5.4,5.2,71.2
186,D,1,0,8.4,8.3,6.2,9.6,70.8
187,A,1,0,5.8,4.6,8.3,5.9,57.7
187,B,1,0,4.5,9.4,5.9,5.8,59.3
187,C,0,1,4.6,6.7,8.0,4.9,57.0
187,D,1,0,7.0,7.9,6.3,7.7,64.8
188,A,1,0,6.1,2.9,6.2,6.1,52.2
188,B,1,0,7.1,6.4,5.8,7.1,60.7
188,C,1,1,2.5,6.6,8.8,5.0,71.5
188,D,1,1,7.3,8.0,6.4,5.8,79.2
189,A,1,0,6.1,4.4,7.8,6.6,58.2
189,B,0,0,6.0,7.6,5.5,6.0,41.8
189,C,0,1,5.1,8.5,4.0,6.1,56.2
189,D,1,1,10,8.8,5.7,8.4,88.2
190,A,1,0,6.0,2.9,7.4,4.8,51.8
190,B,0,0,7.8,10,8.8,7.2,56.3
190,C,1,0,6.0,7.5,5.0,5.1,56.0
190,D,1,1,7.2,6.6,8.0,8.7,84.2
191,A,1,1,7.2,3.9,8.6,7.4,78.5
191,B,1,0,5.0,7.8,6.1,7.3,60.3
191,C,0,1,6.0,6.4,7.3,4.8,57.5
191,D,0,1,7.8,9.4,7.0,9.0,72.0
192,A,1,1,4.9,3.3,6.9,6.8,69.8
192,B,1,0,6.0,8.0,7.3,5.7,61.7
192,C,1,1,4.4,8.7,7.1,5.3,75.8
192,D,1,1,5.4,9.0,9.9,6.0,83.8
193,A,1,0,5.3,5.2,5.7,7.3,55.8
193,B,1,1,7.5,6.1,6.0,7.3,78.2
193,C,0,0,3.2,7.9,7.4,5.0,39.2
193,D,0,1,7.5,7.5,3.9,7.3,60.3
194,A,0,0,6.2,4.1,8.6,4.8,39.5
194,B,1,1,7.2,6.5,8.7,5.8,80.3
194,C,1,0,4.6,6.9,6.2,4.7,54.0
194,D,1,0,5.2,5.1,7.4,8.1,59.7
195,A,0,0,6.9,3.2,7.1,5.4,37.7
195,B,0,0,5.1,6.7,7.8,6.1,42.8
195,C,1,0,5.5,8.8,7.1,7.1,64.2
195,D,1,1,6.0,8.5,8.5,7.3,83.8
196,A,1,0,6.7,4.8,9.4,4.8,59.5
196,B,1,1,5.8,6.2,7.8,5.4,75.3
196,C,1,0,4.0,7.8,5.8,3.5,51.8
196,D,0,1,6.5,4.2,7.4,7.0,58.5
197,A,1,0,6.3,1.9,7.5,5.3,51.7
197,B,1,1,6.5,7.4,8.4,7.4,82.8
197,C,1,0,4.8,8.4,7.3,4.3,58.0
197,D,1,1,5.8,5.8,7.1,6.8,75.8
198,A,0,1,6.7,4.1,5.4,8.8,58.3
198,B,1,1,7.5,7.6,5.0,4.1,73.7
198,C,0,0,4.1,7.7,3.4,5.0,33.7
198,D,1,1,8.3,6.9,8.2,5.5,81.5
199,A,0,1,4.8,4.2,7.0,4.6,51.0
199,B,1,1,6.3,7.5,7.3,2.3,72.3
199,C,0,1,5.5,7.3,7.9,5.2,59.8
199,D,0,0,4.2,8.9,6.3,4.6,40.0
200,A,1,0,5.7,4.0,5.6,6.9,53.7
200,B,1,1,7.8,7.5,5.5,6.0,78.0
200,C,1,0,4.7,8.2,7.1,4.8,58.0
200,D,0,0,8.7,7.4,5.8,7.0,48.2
201,A,0,0,5.9,5.3,4.9,6.5,37.7
201,B,1,0,7.6,6.5,6.5,6.7,62.2
201,C,1,1,4.5,8.1,5.8,4.2,71.0
201,D,1,1,7.1,8.5,7.6,6.0,82.0
202,A,0,0,5.9,3.7,6.7,4.6,34.8
202,B,1,0,8.1,6.6,6.4,6.1,62.0
202,C,0,0,3.7,7.4,4.8,7.9,39.7
202,D,1,1,5.6,7.1,6.2,8.1,78.3
203,A,0,0,4.6,3.8,7.4,6.4,37.0
203,B,1,0,5.6,8.1,6.4,6.1,60.3
203,C,0,1,5.0,7.8,4.1,7.4,57.2
203,D,1,0,7.0,7.4,8.5,7.4,67.2
204,A,0,0,7.6,7.2,6.7,5.9,45.7
204,B,1,1,6.1,7.4,4.3,7.9,76.2
204,C,0,0,3.4,8.1,6.6,5.4,39.2
204,D,1,0,7.5,6.6,6.5,5.5,60.2
205,A,0,0,5.7,5.7,8.6,6.2,43.7
205,B,1,0,8.8,6.1,7.9,5.9,64.5
205,C,1,0,6.3,7.6,7.4,6.5,63.0
205,D,0,1,8.1,7.0,8.5,6.1,66.2
206,A,1,0,5.2,6.4,7.5,5.6,57.8
206,B,0,0,8.6,6.2,6.4,5.8,45.0
206,C,0,0,4.0,6.1,5.3,6.0,35.7
206,D,0,1,5.7,8.0,6.6,7.7,63.3
207,A,1,0,5.4,5.9,5.3,6.9,55.8
207,B,1,1,7.2,8.2,6.9,5.5,79.7
207,C,1,0,4.6,8.0,6.9,5.3,58.0
207,D,1,0,8.0,9.5,7.1,7.7,70.5
208,A,1,1,5.8,6.1,7.1,5.3,73.8
208,B,1,1,8.1,5.8,5.1,7.5,77.5
208,C,1,0,5.4,8.4,4.9,3.7,54.0
208,D,1,1,6.7,6.8,6.1,8.6,80.3
209,A,1,1,7.4,4.9,5.9,5.5,72.8
209,B,0,1,7.8,7.1,6.1,6.5,62.5
209,C,0,1,4.3,6.3,6.9,4.8,53.8
209,D,1,0,4.9,7.3,6.5,6.3,58.3
210,A,1,1,4.0,4.1,8.9,4.3,68.8
210,B,0,0,5.8,4.8,8.4,6.0,41.7
210,C,0,0,5.8,8.3,5.2,4.7,40.0
210,D,1,0,6.0,8.8,6.9,5.6,62.2
211,A,0,1,6.1,4.6,7.8,4.4,54.8
211,B,0,1,7.5,7.8,8.2,8.6,70.2
211,C,0,0,5.6,8.4,6.7,5.2,43.2
211,D,1,1,8.2,8.3,6.2,8.4,85.2
212,A,1,0,9.7,3.6,5.2,5.6,56.8
212,B,0,1,6.6,6.7,9.6,5.1,63.3
212,C,1,0,4.8,8.7,5.7,4.7,56.5
212,D,1,1,7.1,7.8,7.4,8.4,84.5
213,A,1,1,4.7,6.9,6.9,4.6,71.8
213,B,1,0,9.0,6.6,6.9,9.3,69.7
213,C,1,0,3.1,9.5,5.8,1.7,50.2
213,D,0,0,8.2,7.4,7.2,7.0,49.7
214,A,1,1,6.8,5.4,5.7,6.1,73.3
214,B,1,1,7.1,7.4,5.6,6.8,78.2
214,C,0,0,2.6,7.8,6.9,4.4,36.2
214,D,1,0,6.8,8.3,6.3,5.7,61.8
215,A,0,0,6.5,6.4,10,4.9,46.3
215,B,1,1,6.6,7.2,6.4,6.0,77.0
215,C,0,1,4.1,10,6.6,5.4,60.2
215,D,0,1,7.8,8.3,7.5,6.9,67.5
216,A,0,1,5.6,6.9,7.9,4.9,58.8
216,B,1,1,5.0,6.1,5.1,5.9,70.2
216,C,1,1,5.5,7.5,7.5,7.2,79.5
216,D,1,0,8.1,5.4,7.3,8.6,65.7
217,A,1,1,5.0,2.9,7.8,5.0,67.8
217,B,0,0,5.9,8.2,6.3,6.6,45.0
217,C,1,0,5.3,6.9,7.0,3.9,55.2
217,D,0,1,8.7,7.6,5.8,6.0,63.5
218,A,1,0,5.3,5.1,7.7,6.9,58.3
218,B,0,1,6.8,8.5,6.8,6.2,63.8
218,C,1,0,4.2,7.8,6.0,4.5,54.2
218,D,1,1,6.1,9.1,8.2,5.4,81.3
219,A,0,0,5.8,3.9,6.9,4.9,35.8
219,B,1,1,6.4,6.0,8.8,5.8,78.3
219,C,0,0,2.9,7.4,7.8,3.5,36.0
219,D,0,1,4.9,6.9,4.5,5.7,53.3
220,A,0,0,4.4,5.6,7.1,8.4,42.5
220,B,0,0,7.1,8.0,5.2,7.1,45.7
220,C,1,0,4.4,6.3,6.9,5.0,54.3
220,D,0,0,8.0,9.0,8.2,6.3,52.5
221,A,1,0,8.6,5.8,7.4,4.4,60.3
221,B,1,1,10,6.2,4.7,6.8,79.5
221,C,0,0,3.6,9.1,5.6,4.1,37.3
221,D,1,0,6.1,6.8,6.1,6.1,58.5
222,A,0,0,6.2,4.4,7.4,5.8,39.7
222,B,1,1,9.7,9.3,5.9,4.9,83.0
222,C,1,0,4.0,5.7,6.8,4.8,52.2
222,D,0,1,5.4,8.3,8.7,6.5,64.8
223,A,1,0,6.4,3.0,7.9,7.2,57.5
223,B,1,0,8.9,9.0,5.6,6.6,66.8
223,C,0,0,4.0,8.3,3.3,5.0,34.3
223,D,1,1,7.0,8.6,6.5,5.3,79.0
224,A,1,0,6.4,2.5,7.2,5.9,53.3
224,B,1,1,6.8,7.4,7.9,7.0,81.8
224,C,1,1,3.0,5.1,5.3,6.2,66.0
224,D,1,1,8.3,9.7,8.5,7.7,90.3
225,A,0,0,6.4,4.1,6.7,4.5,36.2
225,B,0,0,5.1,6.5,7.5,8.4,45.8
225,C,0,0,4.9,6.7,7.4,7.3,43.8
225,D,1,1,9.7,9.3,5.2,5.6,83.0
226,A,0,0,7.2,6.4,7.7,8.3,49.3
226,B,1,1,7.3,7.3,8.0,7.3,83.2
226,C,1,1,3.4,8.0,6.8,3.6,69.7
226,D,1,0,7.8,8.1,5.9,8.2,66.7
227,A,1,0,6.3,6.0,6.6,6.3,58.7
227,B,1,1,6.2,5.9,8.5,6.4,78.3
227,C,0,0,3.8,7.8,5.5,4.1,35.3
227,D,1,1,6.5,8.3,9.8,5.9,84.2
228,A,1,0,6.4,2.5,6.3,7.1,53.8
228,B,1,1,6.1,6.5,7.9,6.4,78.2
228,C,0,0,6.8,8.7,6.4,3.1,41.7
228,D,1,1,7.9,10,7.7,6.3,86.5
229,A,0,0,8.4,3.2,5.7,3.5,34.7
229,B,1,0,8.0,8.1,5.4,8.3,66.3
229,C,0,1,3.8,7.7,7.1,2.9,52.5
229,D,0,0,7.7,7.6,7.2,6.2,47.8
230,A,0,1,6.8,3.9,9.0,6.7,60.7
230,B,1,1,6.4,7.7,5.2,4.6,73.2
230,C,1,1,5.5,6.1,6.6,6.9,75.2
230,D,0,1,5.8,10,5.8,7.0,64.3
231,A,1,0,4.3,5.7,7.9,6.0,56.5
231,B,0,0,7.3,6.7,6.6,6.4,45.0
231,C,0,0,2.5,8.8,7.0,4.3,37.7
231,D,1,1,7.2,9.1,7.5,5.3,81.8
232,A,0,0,7.8,4.3,10,6.6,47.8
232,B,0,1,7.1,8.7,8.8,5.0,66.0
232,C,0,0,3.0,5.0,6.5,5.3,33.0
232,D,1,0,6.3,8.1,5.9,7.0,62.2
233,A,0,0,7.9,5.5,6.9,6.7,45.0
233,B,0,1,8.0,8.8,8.7,5.2,67.8
233,C,0,0,2.3,7.8,5.7,6.3,36.8
233,D,1,1,7.1,6.4,5.7,5.3,74.2
234,A,0,1,5.5,4.6,6.3,5.5,53.2
234,B,1,0,8.6,8.0,6.4,6.2,65.3
234,C,0,1,6.1,7.4,6.8,2.9,55.3
234,D,1,1,9.1,8.4,7.3,4.9,82.8
235,A,1,0,6.5,4.4,5.6,4.7,52.0
235,B,0,0,6.7,7.3,5.5,4.7,40.3
235,C,0,0,3.9,9.3,4.6,4.6,37.3
235,D,1,1,8.5,8.0,7.6,8.7,88.0
236,A,1,0,7.6,3.4,7.9,7.3,60.3
236,B,1,1,8.8,8.6,7.7,7.6,87.8
236,C,1,1,7.2,8.3,5.8,4.6,76.5
236,D,1,0,8.3,8.9,6.2,6.3,66.2
237,A,1,0,7.5,4.3,8.1,5.1,58.3
237,B,0,1,6.8,8.9,5.8,4.3,59.7
237,C,0,0,3.6,6.9,3.9,5.7,33.5
237,D,1,1,7.6,9.6,6.1,6.7,83.3
238,A,0,0,8.9,4.9,7.0,3.4,40.3
238,B,1,0,7.3,8.5,6.8,8.0,67.7
238,C,0,1,3.9,6.8,6.7,4.0,52.3
238,D,1,0,8.9,7.6,6.2,6.8,65.8
239,A,0,0,7.1,3.8,8.0,5.5,40.7
239,B,1,0,6.8,6.7,7.9,5.3,61.2
239,C,1,1,4.6,7.4,6.7,6.3,75.0
239,D,1,1,7.8,8.1,6.3,8.2,84.0
240,A,0,1,4.2,4.1,7.4,6.5,53.7
240,B,1,1,5.7,9.9,6.5,6.0,80.2
240,C,1,0,4.6,8.6,7.3,3.9,57.3
240,D,1,0,8.1,9.4,7.5,5.9,68.2
241,A,0,0,9.8,6.1,7.5,5.2,47.7
241,B,1,1,5.6,6.7,7.0,7.3,77.7
241,C,1,0,3.3,6.9,4.4,3.9,47.5
241,D,1,1,5.8,8.0,5.9,8.2,79.8
242,A,0,0,7.2,4.5,4.8,5.6,36.8
242,B,1,0,7.7,7.8,8.3,4.3,63.5
242,C,1,0,3.7,8.0,7.4,5.2,57.2
242,D,1,1,8.0,7.2,7.6,4.7,79.2
243,A,0,1,5.9,2.1,6.1,4.7,48.0
243,B,0,0,6.1,7.7,4.2,7.0,41.7
243,C,0,1,2.4,9.4,6.3,6.4,57.5
243,D,1,1,9.0,7.9,6.3,4.2,79.0
244,A,1,0,5.1,2.2,7.0,8.4,54.5
244,B,0,1,7.0,7.6,7.0,6.1,62.8
244,C,1,0,2.3,8.8,7.7,4.8,56.0
244,D,0,1,7.5,5.0,7.7,7.3,62.5
245,A,1,0,7.4,5.1,6.3,6.2,58.3
245,B,1,1,8.0,7.3,4.1,6.7,76.8
245,C,1,0,5.5,6.3,5.2,5.5,54.2
245,D,1,0,5.4,5.9,6.7,5.4,55.7
246,A,0,0,4.8,7.3,5.3,6.8,40.3
246,B,1,1,6.2,6.6,7.4,6.2,77.3
246,C,0,1,3.0,6.4,7.6,3.6,51.0
246,D,0,1,6.4,7.7,6.2,8.2,64.2
247,A,0,0,9.1,3.0,7.1,6.1,42.2
247,B,1,1,7.1,9.8,8.3,5.0,83.7
247,C,1,1,5.6,9.4,6.8,3.0,74.7
247,D,0,1,6.4,7.9,7.5,6.5,63.8
248,A,1,0,5.7,6.0,6.9,5.5,56.8
248,B,0,1,7.6,8.7,6.5,5.8,64.3
248,C,0,0,5.1,8.7,6.0,5.8,42.7
248,D,0,0,6.6,7.3,9.8,4.4,46.8
249,A,1,1,5.6,4.7,8.7,6.3,75.5
249,B,0,0,6.9,9.8,7.5,5.1,48.8
249,C,1,1,3.8,7.6,8.9,6.0,77.2
249,D,1,0,7.4,5.3,6.2,7.4,60.5
250,A,0,1,5.4,5.3,6.1,3.0,49.7
250,B,1,0,6.6,5.7,7.2,5.0,57.5
250,C,0,0,5.2,8.5,5.2,6.1,41.7
250,D,1,0,6.6,7.6,7.3,5.4,61.5
251,A,0,0,4.6,2.8,7.8,6.0,35.3
251,B,1,0,4.7,8.6,6.7,7.0,61.7
251,C,1,0,4.0,6.2,4.0,6.0,50.3
251,D,0,1,10,7.8,5.2,8.2,68.7
252,A,0,1,6.0,4.8,8.3,5.0,56.8
252,B,0,1,6.8,8.6,8.3,7.9,69.3
252,C,1,0,5.6,9.4,5.1,3.9,56.7
252,D,0,1,6.2,7.2,5.9,8.1,62.3
253,A,0,1,6.7,4.9,9.3,6.7,62.7
253,B,1,1,6.4,8.4,5.3,3.9,73.3
253,C,1,0,4.3,9.7,6.8,2.8,56.0
253,D,1,1,8.5,7.9,6.8,5.7,81.5
254,A,0,0,8.5,6.0,5.6,6.8,44.8
254,B,1,1,7.1,5.3,7.0,5.8,75.3
254,C,0,1,5.0,8.8,7.0,4.3,58.5
254,D,1,1,7.3,8.3,7.6,7.3,84.2
255,A,1,1,7.4,3.3,8.8,4.0,72.5
255,B,1,0,5.4,7.7,7.5,4.1,57.8
255,C,0,1,4.1,8.3,7.3,5.7,59.0
255,D,1,0,8.4,7.9,7.0,5.8,65.2
256,A,0,1,5.2,6.6,6.4,7.5,59.5
256,B,0,1,7.1,10,5.9,6.4,65.7
256,C,1,0,2.7,9.1,6.6,5.2,56.0
256,D,0,1,7.4,7.9,6.7,9.1,68.5
257,A,1,0,7.1,4.4,8.3,7.6,62.3
257,B,1,1,6.6,8.4,7.0,7.2,82.0
257,C,0,1,4.5,8.6,5.3,4.1,54.2
257,D,1,1,6.9,8.9,7.5,7.0,83.8
258,A,0,0,8.5,4.4,6.9,5.5,42.2
258,B,1,0,5.5,7.3,6.1,6.7,59.3
258,C,0,0,5.3,9.2,6.0,3.1,39.3
258,D,1,1,6.1,6.8,7.2,5.6,76.2
259,A,0,0,7.6,4.5,6.7,6.7,42.5
259,B,0,1,7.1,7.3,5.3,7.9,62.7
259,C,0,0,5.9,7.5,6.9,4.7,41.7
259,D,1,1,7.6,7.5,7.3,6.0,80.7
260,A,1,0,4.8,1.4,7.4,7.0,51.0
260,B,0,1,5.8,5.4,7.1,5.6,56.5
260,C,0,0,3.8,7.0,7.4,4.0,37.0
260,D,1,0,4.6,9.6,7.2,6.5,63.2
261,A,1,0,6.8,4.4,5.8,4.5,52.5
261,B,1,1,8.3,5.3,7.4,6.0,78.3
261,C,1,0,4.6,7.5,7.1,1.7,51.5
261,D,0,1,8.5,6.3,9.2,3.6,62.7
262,A,0,0,8.8,4.2,7.0,5.6,42.7
262,B,0,1,6.3,8.1,6.6,4.4,59.0
262,C,0,0,7.4,7.6,3.9,4.9,39.7
262,D,1,1,6.5,7.6,7.8,6.4,80.5
263,A,0,0,6.6,3.6,5.7,6.0,36.5
263,B,1,1,5.0,6.7,7.0,7.8,77.5
263,C,1,1,2.8,8.3,7.0,5.8,73.2
263,D,1,0,7.3,8.6,6.8,6.4,65.2
264,A,0,0,5.8,2.8,5.9,5.1,32.7
264,B,1,1,7.0,5.1,6.7,6.0,74.7
264,C,1,0,3.7,9.2,7.9,4.4,58.7
264,D,1,1,7.1,6.7,4.2,6.2,73.7
265,A,1,0,6.4,3.8,7.9,6.3,57.3
265,B,1,0,5.9,5.5,5.8,5.7,54.8
265,C,1,1,2.4,7.1,5.9,6.1,69.2
265,D,1,1,7.3,6.6,7.2,7.7,81.3
266,A,1,1,6.0,5.7,7.0,4.9,72.7
266,B,1,0,6.9,6.7,7.9,8.5,66.7
266,C,0,0,3.3,8.9,5.9,4.1,37.0
266,D,1,0,10.0,6.5,8.7,7.3,70.8
267,A,1,1,4.3,3.5,7.3,7.1,70.3
267,B,1,1,8.4,7.2,4.3,8.2,80.2
267,C,1,1,4.7,9.9,4.5,7.6,77.8
267,D,1,1,4.9,7.4,5.6,7.7,76.0
268,A,0,1,6.0,4.5,6.8,6.1,55.7
268,B,0,1,6.0,7.1,6.0,5.8,58.2
268,C,1,0,4.0,7.6,7.2,4.7,55.8
268,D,1,0,5.7,7.9,5.7,6.9,60.3
269,A,1,1,8.1,4.0,4.9,4.4,69.0
269,B,1,1,7.6,7.4,6.9,5.8,79.5
269,C,0,0,4.3,9.1,6.4,3.1,38.2
269,D,0,1,5.3,8.7,7.2,5.6,61.3
270,A,0,0,6.2,5.8,8.4,4.9,42.2
270,B,1,0,7.6,7.4,8.5,5.7,65.3
270,C,1,1,4.1,8.4,3.7,5.0,68.7
270,D,1,0,7.4,7.7,6.8,7.3,65.3
271,A,0,0,7.1,5.4,8.0,4.4,41.5
271,B,1,1,6.3,6.3,9.1,9.4,85.2
271,C,1,0,4.0,8.2,7.6,4.4,57.0
271,D,0,1,9.5,7.6,7.6,4.2,64.8
272,A,0,0,5.5,3.1,6.5,6.5,36.0
272,B,1,1,8.7,6.2,6.8,5.4,78.5
272,C,0,0,5.5,7.1,3.2,6.7,37.5
272,D,0,1,7.1,8.3,3.6,5.7,57.8
273,A,1,0,6.0,4.2,6.9,7.5,57.7
273,B,0,1,7.3,7.6,6.7,4.5,60.2
273,C,1,0,2.9,8.1,5.7,5.3,53.3
273,D,1,1,8.4,7.0,6.2,6.9,80.8
274,A,0,0,7.9,5.6,6.5,3.0,38.3
274,B,1,0,7.8,8.9,6.0,4.7,62.3
274,C,0,1,6.1,10,5.1,5.9,61.8
274,D,1,1,6.9,8.0,6.5,7.9,82.2
275,A,0,0,7.3,3.9,6.9,6.1,40.3
275,B,1,1,4.6,7.3,8.6,7.2,79.5
275,C,0,1,5.1,9.6,6.8,4.0,59.2
275,D,1,1,4.7,7.3,7.8,6.3,76.8
276,A,0,0,3.0,3.4,8.0,6.2,34.3
276,B,0,0,7.3,6.0,6.3,7.0,44.3
276,C,0,0,6.7,7.6,6.1,3.6,40.0
276,D,1,1,8.2,9.1,7.7,6.2,85.3
277,A,1,0,8.7,5.4,7.6,7.0,64.5
277,B,1,1,5.6,6.2,5.7,5.7,72.0
277,C,0,0,4.7,9.4,6.2,5.2,42.5
277,D,1,1,6.3,7.1,7.1,6.4,78.2
278,A,0,0,6.7,4.0,6.9,5.7,38.8
278,B,0,1,5.5,6.0,6.6,5.7,56.3
278,C,1,0,4.0,6.3,6.3,4.9,52.5
278,D,0,1,6.4,7.1,7.4,6.4,62.2
279,A,0,0,7.5,6.6,7.7,5.6,45.7
279,B,0,0,6.7,6.5,6.6,4.5,40.5
279,C,1,0,4.9,9.1,7.5,6.8,63.8
279,D,0,1,7.1,7.1,7.9,5.7,63.0
280,A,0,0,6.8,3.1,6.2,7.1,38.7
280,B,0,1,7.0,7.5,8.7,5.2,64.0
280,C,0,1,5.6,7.4,6.6,3.7,55.5
280,D,0,1,8.8,6.8,8.9,8.3,71.3
281,A,1,0,6.6,3.3,8.7,5.6,57.0
281,B,1,1,5.7,7.5,8.6,6.6,80.7
281,C,1,0,7.0,7.9,4.2,5.5,57.7
281,D,1,0,6.1,8.9,6.1,8.0,65.2
282,A,0,1,6.7,4.6,6.6,4.5,54.0
282,B,1,1,8.0,7.7,5.9,6.4,80.0
282,C,0,1,5.5,8.4,8.2,7.1,65.3
282,D,1,1,5.6,8.7,5.9,6.7,78.2
283,A,0,0,7.2,2.6,5.5,4.9,33.7
283,B,0,0,7.8,7.5,7.1,6.2,47.7
283,C,1,0,5.0,5.9,5.9,4.5,52.2
283,D,1,0,8.6,7.5,5.3,7.0,64.0
284,A,1,1,5.9,2.7,7.0,5.2,68.0
284,B,0,1,8.2,9.6,6.5,7.4,69.5
284,C,0,0,5.4,8.5,7.9,4.1,43.2
284,D,1,0,9.4,5.6,8.8,4.6,64.0
285,A,1,1,7.7,6.8,9.2,8.8,87.5
285,B,1,1,6.5,6.9,7.6,4.0,75.0
285,C,1,0,6.4,6.0,5.6,3.0,51.7
285,D,1,0,8.4,7.3,7.8,6.5,66.7
286,A,1,0,8.0,4.6,10,4.1,61.2
286,B,0,1,7.9,6.9,2.8,7.2,58.0
286,C,0,1,5.9,9.9,5.6,6.2,62.7
286,D,1,0,10,8.4,7.4,6.5,70.5
287,A,1,0,8.7,4.4,7.2,7.8,63.5
287,B,1,1,7.8,5.8,5.2,7.0,76.3
287,C,0,0,4.6,5.4,8.4,5.2,39.3
287,D,1,0,5.5,8.7,5.9,5.1,58.7
288,A,1,1,5.5,6.3,7.6,7.0,77.3
288,B,1,1,8.6,8.5,5.7,6.5,82.2
288,C,0,0,2.8,8.6,6.2,6.9,40.8
288,D,1,1,6.1,6.1,7.5,6.3,76.7
289,A,0,1,6.3,4.5,8.4,4.1,55.5
289,B,1,1,9.9,5.4,6.2,7.0,80.8
289,C,0,0,4.0,6.9,6.3,4.4,36.0
289,D,1,0,6.1,6.1,7.8,5.8,59.7
290,A,1,0,7.6,3.1,6.9,4.1,52.8
290,B,0,0,7.2,5.8,5.8,6.7,42.5
290,C,1,0,6.4,8.9,6.1,5.3,61.2
290,D,1,1,7.8,7.4,6.8,4.8,78.0
291,A,0,0,5.7,5.6,8.3,5.9,42.5
291,B,0,0,8.2,5.7,7.1,6.8,46.3
291,C,0,1,6.5,5.6,6.8,3.4,53.8
291,D,1,0,9.0,9.1,6.6,6.9,69.3
292,A,0,0,5.7,5.2,6.9,4.3,36.8
292,B,1,1,6.1,6.9,6.2,9.0,80.3
292,C,0,0,5.0,9.2,5.8,4.7,41.2
292,D,1,1,8.8,8.5,7.1,5.9,83.8
293,A,1,0,5.6,7.8,8.8,6.6,64.7
293,B,1,0,6.5,5.2,7.8,6.9,60.7
293,C,1,1,4.9,8.4,5.9,3.7,71.5
293,D,1,1,6.3,8.5,7.6,3.4,76.3
294,A,0,0,5.8,2.1,7.1,4.2,32.0
294,B,1,0,8.6,8.5,6.0,6.9,66.7
294,C,0,0,6.0,9.1,6.5,5.4,45.0
294,D,1,0,7.5,8.1,8.3,5.5,65.7
295,A,1,0,6.7,5.9,6.5,6.3,59.0
295,B,0,0,8.2,7.5,7.1,5.0,46.3
295,C,0,0,5.7,7.0,4.9,3.1,34.5
295,D,1,1,8.4,7.7,5.8,4.8,77.8
296,A,0,0,7.5,5.3,7.9,6.1,44.7
296,B,0,0,7.2,5.9,7.9,7.5,47.5
296,C,1,0,5.5,7.4,7.2,4.2,57.2
296,D,1,1,7.2,10,7.7,5.8,84.5
297,A,0,0,6.3,4.2,7.9,3.5,36.5
297,B,1,0,7.6,9.0,7.9,8.4,71.5
297,C,1,0,5.8,10,6.3,3.7,59.7
297,D,1,1,7.0,9.3,4.4,6.1,78.0
298,A,0,1,6.8,4.5,8.0,3.7,55.0
298,B,0,1,6.1,7.7,4.4,4.3,54.2
298,C,0,1,3.4,7.5,6.7,6.0,56.0
298,D,1,1,5.8,8.2,7.2,2.4,72.7
299,A,1,1,7.2,5.3,7.4,6.8,77.8
299,B,0,0,7.6,8.1,4.6,7.0,45.5
299,C,0,1,3.1,8.6,5.6,6.4,56.2
299,D,1,0,6.3,9.1,8.2,6.3,66.5
300,A,0,0,7.9,5.8,8.9,6.4,48.3
300,B,0,0,8.0,8.4,6.0,5.4,46.3
300,C,0,0,2.2,9.4,6.6,3.2,35.7
300,D,0,1,5.8,6.5,7.6,7.2,61.8
301,A,0,1,6.1,3.4,6.9,4.7,51.8
301,B,0,0,5.9,4.4,6.8,5.1,37.0
301,C,1,0,5.7,7.1,7.4,4.2,57.3
301,D,1,0,7.0,10,6.5,5.7,65.3
302,A,0,0,6.5,3.2,4.5,5.6,33.0
302,B,0,1,7.0,7.1,4.0,6.1,57.0
302,C,0,1,4.0,9.8,7.5,4.7,60.0
302,D,1,0,8.1,7.2,6.8,7.3,65.7
303,A,1,1,7.4,4.6,6.5,5.9,74.0
303,B,1,1,6.8,6.8,9.0,4.5,78.5
303,C,1,0,3.6,6.0,6.7,5.4,52.8
303,D,1,1,8.0,7.7,7.9,6.8,84.0
304,A,1,0,5.1,3.1,9.6,5.8,56.0
304,B,0,1,7.1,8.9,5.8,6.0,63.0
304,C,0,0,3.7,8.7,6.6,4.4,39.0
304,D,1,0,7.9,8.1,5.0,4.5,59.2
305,A,0,0,5.3,4.5,6.9,7.1,39.7
305,B,1,0,5.5,7.0,7.1,4.0,56.0
305,C,0,0,4.9,7.3,7.0,1.7,34.8
305,D,0,1,8.7,7.1,7.3,6.4,65.8
306,A,1,0,4.2,3.8,6.7,7.6,53.8
306,B,1,1,7.9,7.9,5.4,10,85.3
306,C,1,0,6.5,10.0,7.0,3.8,62.2
306,D,1,0,9.8,8.0,6.0,6.2,66.7
307,A,1,1,5.7,4.4,7.6,8.6,77.2
307,B,1,1,8.2,7.1,5.5,4.3,75.2
307,C,0,0,3.9,7.2,5.4,2.9,32.3
307,D,1,1,6.8,8.3,6.5,4.2,76.3
308,A,0,1,8.3,3.7,6.6,6.2,58.0
308,B,0,0,6.1,7.4,7.5,7.6,47.7
308,C,0,0,4.7,9.1,5.5,6.6,43.2
308,D,1,0,6.6,6.6,6.1,7.0,60.5
309,A,0,1,7.8,2.0,8.2,6.7,57.8
309,B,1,0,6.5,5.7,6.8,9.1,63.5
309,C,1,0,3.6,9.3,3.9,5.2,53.3
309,D,1,1,7.7,6.5,8.6,6.6,82.3
310,A,0,0,6.3,2.2,9.4,5.1,38.3
310,B,1,0,7.2,5.0,6.8,6.6,59.3
310,C,1,0,3.3,7.0,6.1,3.9,50.5
310,D,1,1,8.8,7.1,8.7,5.9,84.2
311,A,1,0,6.2,5.3,8.0,4.7,57.0
311,B,1,1,5.5,6.5,5.4,7.7,75.2
311,C,0,0,4.2,6.4,7.5,5.8,39.8
311,D,1,1,8.3,8.8,8.4,5.9,85.7
312,A,1,1,7.1,3.1,8.0,5.7,73.2
312,B,1,0,6.7,6.4,5.9,7.1,60.2
312,C,1,0,5.2,9.3,7.8,6.0,63.8
312,D,1,1,5.7,7.2,8.8,8.2,83.2
313,A,1,0,8.4,5.7,6.0,5.2,58.8
313,B,1,1,5.7,7.3,8.0,6.6,79.3
313,C,1,1,4.4,7.4,7.2,4.9,73.2
313,D,0,1,7.6,8.9,7.5,5.2,65.3
314,A,1,0,6.0,4.3,7.7,5.8,56.3
314,B,1,0,6.1,7.9,5.2,5.7,58.2
314,C,1,0,6.8,8.4,5.4,6.1,61.2
314,D,1,1,8.3,5.9,4.9,6.3,75.7
315,A,1,0,7.3,5.4,6.6,5.5,58.0
315,B,1,1,9.3,7.8,6.2,5.8,81.8
315,C,0,1,4.0,5.8,6.8,6.0,54.3
315,D,1,1,6.3,6.7,6.1,7.1,77.0
316,A,0,1,6.5,2.6,5.6,5.9,51.0
316,B,1,0,6.3,7.8,5.5,6.5,60.2
316,C,0,0,7.0,7.9,4.9,5.5,42.2
316,D,1,0,9.8,5.6,6.3,6.9,64.3
317,A,1,0,5.6,4.3,8.5,5.6,56.7
317,B,1,0,6.7,7.0,7.2,8.1,65.0
317,C,1,0,5.8,6.7,5.6,6.8,58.2
317,D,0,1,6.6,8.1,7.7,6.9,65.5
318,A,1,1,8.9,3.9,8.3,6.9,80.0
318,B,1,1,7.2,7.8,7.0,6.2,80.3
318,C,0,1,5.7,6.9,7.8,4.3,57.8
318,D,1,0,7.0,7.3,4.0,4.6,54.8
319,A,0,0,6.1,6.6,7.5,5.5,42.8
319,B,0,0,6.7,9.3,5.6,5.5,45.2
319,C,1,0,5.3,5.7,7.0,5.7,56.2
319,D,1,0,5.4,8.1,4.3,6.7,57.5
320,A,0,0,7.6,3.5,7.7,1.8,34.3
320,B,0,1,6.3,9.1,7.2,6.6,65.3
320,C,0,1,3.3,7.0,4.2,5.3,49.7
320,D,1,1,8.6,7.9,6.9,6.6,83.3
321,A,0,1,5.7,6.2,8.0,8.0,63.2
321,B,0,0,7.2,5.3,7.7,8.7,48.2
321,C,1,0,6.8,8.2,6.2,6.5,62.8
321,D,0,1,9.1,6.6,6.9,7.5,66.8
322,A,0,0,4.9,5.3,4.6,5.1,33.2
322,B,1,0,7.2,7.3,7.3,6.9,64.5
322,C,0,0,4.9,7.9,8.2,4.3,42.2
322,D,0,1,5.9,9.5,10,7.3,71.2
323,A,1,0,7.1,2.1,7.0,5.6,53.0
323,B,0,0,8.9,7.5,7.8,7.7,53.2
323,C,0,0,4.9,7.3,6.5,5.2,39.8
323,D,0,1,4.2,7.1,4.0,6.4,52.8
324,A,1,0,6.8,5.3,7.5,5.4,58.3
324,B,0,1,7.3,5.6,4.3,7.6,58.0
324,C,0,0,5.1,8.4,5.5,5.1,40.2
324,D,1,0,7.7,8.3,6.9,4.9,63.0
325,A,0,0,5.3,4.5,6.5,6.1,37.3
325,B,1,0,5.7,7.5,7.5,8.8,65.8
325,C,1,1,5.1,8.7,5.0,7.2,76.7
325,D,1,1,8.5,8.5,6.8,7.3,85.2
326,A,1,0,6.1,5.3,8.2,6.6,60.3
326,B,1,1,8.5,6.7,5.3,5.0,75.8
326,C,0,1,4.9,7.5,7.0,3.7,55.2
326,D,1,1,4.5,7.0,7.0,5.1,72.7
327,A,1,0,7.1,4.5,8.3,6.1,60.0
327,B,1,0,7.1,6.3,6.6,5.0,58.3
327,C,0,1,5.9,7.9,5.6,5.7,58.5
327,D,1,1,7.8,8.5,5.4,8.1,83.0
328,A,1,0,7.1,3.4,7.2,5.1,54.7
328,B,1,1,7.1,6.9,7.0,7.3,80.5
328,C,1,0,4.1,8.7,4.0,4.6,52.3
328,D,1,1,8.8,9.2,6.2,8.3,87.5
329,A,1,1,5.0,5.6,7.5,3.7,69.7
329,B,0,1,6.2,10,5.4,6.6,63.7
329,C,1,1,3.9,6.7,4.2,4.8,66.0
329,D,0,0,8.6,8.2,6.0,3.1,43.2
330,A,1,0,5.2,2.4,6.0,7.4,51.7
330,B,1,1,6.0,4.7,5.6,5.6,69.8
330,C,0,0,4.0,7.5,5.3,6.0,38.0
330,D,1,0,7.2,5.8,6.3,7.7,61.7
331,A,0,1,6.0,4.6,8.1,6.1,58.0
331,B,1,1,5.9,6.8,6.7,6.5,76.5
331,C,1,0,4.5,8.4,7.0,5.1,58.3
331,D,0,1,10,7.6,7.3,9.8,74.5
332,A,1,0,5.4,6.8,8.6,4.4,58.7
332,B,1,1,4.9,7.6,6.2,6.1,74.7
332,C,0,1,2.8,6.8,4.0,5.0,47.7
332,D,1,0,6.4,8.9,7.4,6.6,65.5
333,A,1,0,6.2,4.6,8.2,7.2,60.3
333,B,0,1,7.4,5.8,9.5,6.3,65.0
333,C,1,0,5.3,7.6,4.8,4.1,53.0
333,D,1,1,7.0,8.8,7.4,5.3,80.8
334,A,0,0,6.5,5.3,7.1,6.2,41.8
334,B,1,1,6.7,5.8,7.2,6.7,77.3
334,C,0,1,1.8,7.8,6.4,4.4,50.7
334,D,0,0,9.2,5.5,8.0,5.1,46.3
335,A,0,1,6.2,5.8,8.6,4.8,59.0
335,B,1,1,10,7.0,8.9,5.7,86.0
335,C,1,0,3.3,6.4,5.6,4.9,50.3
335,D,1,1,6.4,7.5,7.6,9.0,84.2
336,A,0,0,8.3,4.0,5.4,4.4,36.8
336,B,1,0,4.2,7.0,6.7,4.6,54.2
336,C,0,0,3.2,8.1,5.6,4.7,36.0
336,D,1,0,6.2,8.9,5.9,5.9,61.5
337,A,1,1,6.0,3.7,4.8,5.2,66.2
337,B,1,0,5.4,7.1,7.1,7.5,61.8
337,C,1,1,7.4,8.7,2.3,2.8,68.7
337,D,0,0,8.3,6.6,5.7,6.6,45.3
338,A,0,0,7.4,4.1,8.2,6.3,43.3
338,B,0,1,8.2,9.8,6.3,6.0,67.2
338,C,1,1,3.3,7.2,7.3,5.3,71.8
338,D,0,0,6.2,5.6,6.1,7.4,42.2
339,A,1,0,6.0,4.1,8.6,6.5,58.7
339,B,1,1,6.9,6.6,9.2,5.7,80.7
339,C,0,1,3.8,8.3,6.3,6.9,58.8
339,D,1,0,6.9,8.2,7.3,7.2,66.0
340,A,1,0,9.3,3.1,6.9,5.0,57.2
340,B,1,0,9.0,8.3,7.0,6.0,67.2
340,C,0,0,4.5,6.8,6.5,5.0,38.0
340,D,1,0,6.1,5.5,6.5,4.9,55.0
341,A,0,0,7.2,4.7,7.4,4.3,39.3
341,B,1,1,5.8,5.6,7.3,4.9,72.7
341,C,1,1,4.7,8.6,5.6,3.2,70.2
341,D,0,0,7.7,8.7,9.4,4.3,50.2
342,A,0,0,8.1,5.5,9.1,5.3,46.7
342,B,1,1,6.9,7.9,4.3,7.0,76.8
342,C,0,0,5.0,7.5,6.2,4.1,38.0
342,D,1,1,7.3,6.9,9.9,8.6,87.8
343,A,1,0,7.4,5.7,8.4,5.3,61.3
343,B,0,1,6.7,7.7,5.1,5.5,58.3
343,C,1,0,4.3,5.2,5.7,4.3,49.2
343,D,0,1,7.4,8.3,10,8.0,72.8
344,A,0,0,7.3,6.0,8.7,5.7,46.2
344,B,0,0,7.1,5.6,6.1,5.8,41.0
344,C,1,1,3.9,7.6,5.7,5.8,71.7
344,D,1,1,7.4,6.4,3.5,4.4,69.5
345,A,1,0,7.5,4.5,7.3,4.1,55.7
345,B,1,1,6.6,10,6.4,7.0,83.3
345,C,1,1,6.2,8.9,6.4,5.4,78.2
345,D,1,1,7.1,6.9,6.8,6.0,78.0
346,A,0,0,5.9,4.9,7.7,7.2,42.8
346,B,1,1,6.8,8.9,5.1,6.6,79.0
346,C,1,1,4.7,5.7,4.7,3.3,64.0
346,D,1,1,9.7,6.4,6.7,6.2,81.7
347,A,1,1,4.0,5.6,6.1,7.2,71.5
347,B,0,1,6.8,5.5,6.6,7.9,61.3
347,C,0,0,5.1,9.8,6.6,4.0,42.5
347,D,1,1,6.2,8.5,9.6,5.5,83.0
348,A,0,1,5.9,5.4,3.7,7.5,54.2
348,B,1,1,6.9,8.2,7.4,8.8,85.5
348,C,0,0,5.1,7.4,7.7,3.7,39.8
348,D,1,0,9.0,9.1,7.9,6.5,70.8
349,A,0,0,6.1,4.5,9.7,4.1,40.7
349,B,1,1,7.3,7.2,7.0,5.6,78.5
349,C,1,1,5.0,9.2,6.8,4.4,75.7
349,D,0,0,8.6,5.5,7.1,6.2,45.7
350,A,0,1,7.4,4.8,8.0,5.9,60.2
350,B,1,0,6.2,8.9,5.9,7.0,63.3
350,C,1,0,2.7,7.8,4.7,4.5,49.5
350,D,1,1,6.5,9.0,6.1,6.0,79.3
351,A,0,0,7.8,4.5,6.3,6.6,42.0
351,B,1,0,8.3,7.3,8.1,7.5,68.7
351,C,0,0,4.5,8.3,7.2,5.7,42.8
351,D,0,1,9.0,7.5,5.2,6.6,63.8
352,A,0,1,5.0,4.7,6.9,7.9,57.5
352,B,0,1,4.9,5.2,9.3,5.7,58.5
352,C,0,0,4.9,9.6,5.5,5.9,43.2
352,D,0,1,7.7,6.3,6.6,4.8,59.0
353,A,1,0,6.8,6.1,8.6,4.0,59.2
353,B,1,1,7.6,6.4,6.5,6.6,78.5
353,C,0,0,4.4,7.7,6.2,5.6,39.8
353,D,1,0,5.6,7.8,9.2,5.7,63.8
354,A,0,1,7.0,4.6,6.5,6.0,56.8
354,B,1,1,5.1,7.7,5.8,4.8,72.3
354,C,0,1,5.5,10.0,6.1,6.5,63.5
354,D,1,1,8.1,5.3,8.7,8.0,83.5
355,A,1,1,7.0,5.5,6.5,6.9,76.5
355,B,1,0,5.0,7.6,6.9,7.7,62.0
355,C,1,0,3.1,6.9,6.3,5.6,53.2
355,D,1,1,8.2,7.7,5.8,7.8,82.5
356,A,1,0,6.8,3.9,8.9,7.7,62.2
356,B,1,0,7.6,7.3,4.6,6.0,59.2
356,C,1,0,3.3,7.2,6.4,3.4,50.5
356,D,1,0,6.4,7.2,9.1,5.4,63.5
357,A,0,1,5.4,5.5,8.6,4.5,56.7
357,B,1,1,6.5,6.6,6.4,7.6,78.5
357,C,1,0,4.3,8.9,4.1,3.8,51.8
357,D,0,0,6.7,6.9,6.7,6.0,43.8
358,A,1,1,4.8,4.7,6.6,4.9,68.3
358,B,1,0,10.0,10,5.6,5.7,68.8
358,C,1,1,4.6,9.4,7.9,4.9,78.0
358,D,1,1,9.2,10,8.0,7.5,91.2
359,A,1,0,5.9,1.6,6.6,4.7,48.0
359,B,1,0,7.4,5.5,7.0,5.8,59.5
359,C,1,0,5.7,8.5,4.6,5.4,57.0
359,D,1,1,5.1,6.6,6.7,6.0,74.0
360,A,1,0,7.1,7.5,6.2,7.7,64.2
360,B,1,1,8.5,7.8,5.7,7.6,82.7
360,C,0,0,6.0,6.7,7.8,2.5,38.3
360,D,1,0,6.2,7.1,7.2,7.4,63.2
361,A,1,0,6.9,2.6,6.6,7.4,55.8
361,B,1,0,7.9,6.1,6.8,7.7,64.2
361,C,1,1,4.2,8.1,7.3,5.4,75.0
361,D,1,1,4.9,7.4,7.7,7.5,79.2
362,A,0,1,3.7,5.7,8.0,5.5,54.8
362,B,1,0,4.4,9.1,6.9,8.1,64.2
362,C,1,1,3.3,9.4,3.7,4.6,68.3
362,D,1,0,5.5,8.8,7.4,6.6,63.8
363,A,0,0,7.2,6.9,6.1,7.1,45.5
363,B,1,1,7.3,9.9,7.0,8.3,87.5
363,C,0,0,5.2,9.4,7.5,6.4,47.5
363,D,1,0,7.4,6.8,6.6,5.4,60.3
364,A,1,0,6.8,6.2,8.2,5.2,60.7
364,B,0,1,6.6,7.4,6.9,7.1,63.3
364,C,0,0,6.6,7.5,8.2,3.8,43.5
364,D,1,1,8.5,9.9,7.7,6.2,87.2
365,A,1,0,7.1,5.5,6.6,6.2,59.0
365,B,1,1,7.8,4.4,6.9,5.1,73.7
365,C,1,1,3.8,10.0,5.7,6.2,76.2
365,D,1,1,7.8,7.8,5.0,9.0,82.7
366,A,1,0,8.1,4.2,7.5,5.4,58.7
366,B,1,1,7.6,10,6.7,6.9,85.3
366,C,0,0,3.6,7.7,7.5,3.6,37.3
366,D,1,1,6.8,6.1,7.6,8.0,80.8
367,A,1,0,5.9,2.5,6.9,6.4,52.8
367,B,1,1,7.8,7.5,8.1,6.3,82.8
367,C,0,1,2.6,6.9,6.6,4.5,51.0
367,D,1,1,4.8,6.7,9.0,8.9,82.3
368,A,0,1,6.8,5.2,10,7.4,65.7
368,B,1,0,5.5,7.9,6.3,5.8,59.2
368,C,0,0,1,4.2,5.3,4.6,25.2
368,D,1,1,7.8,7.5,5.3,8.0,81.0
369,A,1,0,7.0,5.5,7.1,5.3,58.2
369,B,1,0,6.4,9.8,6.3,6.0,64.2
369,C,1,1,2.5,9.2,7.8,5.6,75.2
369,D,1,0,5.3,7.0,6.8,6.4,59.2
370,A,0,0,7.2,4.8,6.4,3.1,35.8
370,B,1,1,7.6,8.7,7.3,6.6,83.7
370,C,0,0,1.7,8.0,6.7,6.6,38.3
370,D,1,1,7.8,7.4,6.0,5.2,77.3
371,A,1,0,7.5,4.8,7.0,5.8,58.5
371,B,0,0,5.4,6.7,6.9,5.5,40.8
371,C,0,0,3.2,7.8,4.8,3.2,31.7
371,D,1,0,6.4,7.1,6.3,5.1,58.2
372,A,1,1,7.7,7.3,7.7,7.9,84.3
372,B,0,1,5.7,6.7,8.4,7.0,63.0
372,C,1,1,4.5,7.1,7.6,5.0,73.7
372,D,0,1,5.8,8.2,7.9,5.8,62.8
373,A,1,1,5.9,5.4,7.9,5.8,75.0
373,B,1,0,6.2,8.2,5.4,8.4,63.7
373,C,1,0,3.8,10,5.9,5.6,58.8
373,D,0,0,6.5,8.9,6.0,4.9,43.8
374,A,0,1,7.6,4.0,6.4,5.6,56.0
374,B,1,0,6.6,6.0,6.9,5.9,59.0
374,C,0,0,1.9,7.8,7.0,6.4,38.5
374,D,1,0,9.0,9.1,5.5,7.4,68.3
375,A,1,1,6.8,6.5,6.4,5.3,75.0
375,B,0,1,6.7,6.7,6.9,4.5,58.0
375,C,1,0,5.8,9.0,7.6,3.2,59.3
375,D,0,0,6.6,6.1,6.3,5.8,41.3
376,A,0,1,7.9,4.2,7.5,5.8,59.0
376,B,1,1,5.3,5.7,6.7,4.5,70.3
376,C,0,0,4.1,7.0,4.9,5.4,35.7
376,D,1,1,10,9.0,6.8,6.1,86.5
377,A,1,1,3.2,5.8,6.7,5.6,68.8
377,B,1,1,6.6,5.7,5.3,5.2,71.3
377,C,1,1,5.4,8.7,3.8,6.0,73.2
377,D,1,1,7.9,9.1,6.1,4.9,80.0
378,A,1,0,6.2,4.0,7.9,6.8,58.2
378,B,1,0,6.2,6.8,9.0,3.9,59.8
378,C,1,0,6.5,8.3,4.4,2.7,53.2
378,D,1,1,7.6,6.0,5.5,9.0,80.2
379,A,0,0,5.3,4.2,8.6,7.0,41.8
379,B,0,1,6.9,8.0,5.9,6.3,61.8
379,C,1,0,6.8,8.2,8.0,6.9,66.5
379,D,1,0,7.2,6.5,6.5,6.8,61.7
380,A,0,1,3.1,3.0,8.4,6.7,52.0
380,B,1,1,5.3,8.1,9.2,6.7,82.2
380,C,1,1,4.6,8.2,6.8,4.1,72.8
380,D,1,0,9.1,5.9,8.5,8.3,69.7
381,A,1,0,6.6,4.1,8.1,4.2,55.0
381,B,1,0,7.6,7.9,5.8,6.2,62.5
381,C,0,1,2.7,8.7,7.2,4.1,54.5
381,D,1,0,7.3,6.8,6.9,8.6,66.0
382,A,1,0,6.3,6.4,4.9,5.8,55.7
382,B,1,0,6.2,6.7,6.8,6.5,60.3
382,C,1,0,5.5,7.9,5.9,5.4,57.8
382,D,1,1,7.4,8.0,8.8,6.2,84.0
383,A,1,1,5.9,5.0,8.4,7.6,78.2
383,B,1,0,7.0,8.6,8.8,7.6,70.0
383,C,1,1,5.7,6.9,6.3,5.3,73.7
383,D,0,1,6.5,8.3,6.1,8.3,65.3
384,A,0,0,6.1,6.0,7.7,4.4,40.3
384,B,1,1,7.7,6.4,7.3,5.5,78.2
384,C,1,1,5.4,8.0,6.7,4.3,74.0
384,D,0,1,8.3,6.4,7.1,7.4,65.3
385,A,0,1,6.2,5.1,10,6.4,62.8
385,B,1,0,8.1,7.5,6.1,6.5,63.7
385,C,1,0,3.7,7.1,5.5,7.2,55.8
385,D,1,1,8.7,8.4,8.2,5.9,85.3
386,A,0,1,6.1,3.2,7.6,5.7,54.3
386,B,0,1,9.7,9.4,7.4,6.8,72.2
386,C,0,0,4.1,7.4,6.3,8.7,44.2
386,D,1,0,7.6,8.3,6.7,7.4,66.7
387,A,0,0,6.7,6.9,5.6,5.8,41.7
387,B,1,0,6.0,9.9,7.1,7.1,66.8
387,C,0,0,4.4,8.6,7.1,6.6,44.5
387,D,1,1,9.0,7.7,6.2,4.7,79.3
388,A,0,1,7.4,2.8,8.0,6.0,57.0
388,B,1,0,7.0,8.8,7.1,6.4,65.5
388,C,1,0,3.4,6.8,6.0,6.5,54.5
388,D,1,0,8.3,9.8,8.2,8.2,74.2
389,A,1,1,5.0,4.9,7.1,4.0,68.3
389,B,1,0,7.7,6.4,9.0,8.4,69.2
389,C,1,0,4.3,8.6,7.2,3.8,56.5
389,D,0,1,6.5,6.8,9.1,7.4,66.3
390,A,0,1,6.3,4.5,7.6,6.6,58.3
390,B,0,0,6.6,6.8,5.7,6.4,42.5
390,C,0,0,3.7,7.8,4.9,5.7,36.8
390,D,1,0,10,7.5,8.1,7.9,72.5
391,A,0,1,4.7,5.1,6.7,4.7,52.0
391,B,0,1,7.4,8.1,7.2,5.5,63.7
391,C,1,0,3.3,10,5.7,6.1,58.5
391,D,1,1,5.5,8.1,7.4,4.8,76.3
392,A,1,0,4.9,5.2,6.2,5.9,53.7
392,B,1,1,7.6,9.2,7.6,4.0,80.7
392,C,0,0,2.9,8.6,6.2,4.7,37.3
392,D,1,0,7.7,7.4,6.8,6.9,64.7
393,A,0,0,7.8,4.8,6.6,4.9,40.2
393,B,1,0,5.0,6.9,8.1,6.7,61.2
393,C,0,1,5.4,8.1,4.1,4.3,53.2
393,D,0,1,7.8,6.3,6.3,5.3,59.5
394,A,1,1,9.3,4.3,6.0,4.2,73.0
394,B,1,1,7.7,8.0,6.4,4.0,76.8
394,C,1,0,4.4,8.4,7.8,4.0,57.7
394,D,1,1,6.2,6.9,6.9,6.4,77.3
395,A,1,1,9.2,6.1,8.4,4.3,80.0
395,B,1,0,7.3,7.1,3.7,7.2,58.8
395,C,0,0,4.8,9.7,7.0,6.3,46.3
395,D,1,0,7.7,6.9,4.6,6.7,59.8
396,A,0,0,5.7,3.4,9.4,4.7,38.7
396,B,1,0,4.9,6.3,6.4,4.5,53.5
396,C,0,1,4.5,7.7,7.4,4.4,56.7
396,D,1,0,3.7,6.0,8.0,7.3,58.3
397,A,0,0,4.9,4.2,7.3,4.6,35.0
397,B,1,1,4.9,5.5,6.8,8.8,76.7
397,C,1,0,4.2,7.4,10,6.4,63.3
397,D,1,1,7.2,7.9,8.2,8.6,86.5
398,A,0,0,5.3,3.1,8.5,6.7,39.3
398,B,0,0,4.9,8.3,8.3,8.0,49.2
398,C,1,0,4.9,7.2,6.0,7.8,59.8
398,D,1,1,7.2,8.6,5.1,9.2,83.5
399,A,0,1,7.4,3.8,7.1,5.6,56.5
399,B,0,1,7.8,7.9,5.3,5.9,61.5
399,C,1,0,3.7,6.3,6.1,4.2,50.5
399,D,1,1,7.7,7.1,7.4,5.6,79.7
400,A,1,0,5.8,4.0,7.8,7.5,58.5
400,B,1,1,8.2,8.8,5.5,6.7,82.0
400,C,0,0,5.2,7.3,6.2,6.2,41.5
400,D,1,1,6.8,9.5,7.9,4.9,81.8
401,A,1,1,5.7,5.9,6.7,6.7,75.0
401,B,1,0,7.1,6.4,7.3,6.8,62.7
401,C,1,1,3.6,7.9,3.8,5.6,68.2
401,D,1,1,8.9,7.5,6.9,6.7,83.3
402,A,0,1,5.5,5.0,7.0,6.5,56.7
402,B,1,1,7.2,7.4,5.8,5.4,76.3
402,C,1,0,3.8,6.7,7.0,3.8,52.2
402,D,1,1,5.3,9.6,7.6,5.1,79.3
403,A,0,0,6.9,2.4,6.5,5.6,35.7
403,B,1,1,6.5,6.2,6.7,7.2,77.7
403,C,0,0,4.2,8.2,5.0,5.1,37.5
403,D,1,0,7.5,6.7,7.0,6.9,63.5
404,A,0,1,6.7,5.7,7.0,4.3,56.2
404,B,1,1,8.5,9.3,6.8,5.1,82.8
404,C,0,1,6.3,7.8,3.5,2.7,50.5
404,D,0,1,5.2,8.8,7.4,6.3,62.8
405,A,1,1,6.3,5.9,7.0,5.3,74.2
405,B,1,0,6.8,9.0,4.9,4.9,59.3
405,C,0,0,3.1,9.4,6.8,5.9,42.0
405,D,1,0,8.8,10,9.5,5.4,72.8
406,A,1,0,6.9,5.2,7.1,7.4,61.0
406,B,1,0,6.8,9.5,7.7,6.1,66.8
406,C,1,0,5.6,7.3,6.8,4.4,56.8
406,D,0,1,7.9,5.8,8.1,8.3,66.8
407,A,1,0,6.6,3.9,6.1,8.0,57.7
407,B,1,0,8.4,9.2,6.7,5.3,66.0
407,C,0,0,5.3,9.2,7.6,4.0,43.5
407,D,1,1,7.7,7.4,6.5,5.2,78.0
408,A,0,0,7.5,4.1,7.0,8.3,44.8
408,B,1,1,7.4,4.5,7.2,8.1,78.7
408,C,0,0,5.2,8.6,6.7,6.5,45.0
408,D,1,1,6.9,7.2,7.0,6.9,80.0
409,A,1,0,9.7,6.1,7.6,5.5,64.8
409,B,1,0,6.6,6.4,5.5,5.6,56.8
409,C,0,0,4.0,7.0,6.5,4.4,36.5
409,D,1,1,6.7,7.0,9.2,4.3,78.7
410,A,0,1,6.8,4.4,7.0,4.0,53.7
410,B,0,0,4.3,6.7,8.4,5.8,42.0
410,C,1,0,5.9,10,5.6,4.8,60.5
410,D,1,1,5.0,9.0,7.6,5.5,78.5
411,A,1,0,7.0,3.7,7.2,5.3,55.3
411,B,1,0,7.7,7.2,7.9,5.4,63.7
411,C,1,0,4.7,8.2,8.0,6.2,61.8
411,D,1,0,6.1,7.6,5.4,5.4,57.5
412,A,0,1,7.5,5.6,5.9,4.6,56.0
412,B,1,0,4.1,8.8,3.9,6.1,54.8
412,C,0,1,4.0,9.5,3.3,5.0,53.0
412,D,1,0,10,9.9,8.4,7.3,76.0
413,A,0,0,6.0,3.1,8.0,4.8,36.5
413,B,1,1,7.2,7.8,5.7,8.6,82.2
413,C,1,0,2.8,7.8,4.9,3.7,48.7
413,D,0,0,7.5,5.4,8.5,5.0,44.0
414,A,1,0,7.4,5.5,8.0,5.6,60.8
414,B,1,1,5.5,8.5,6.6,4.8,75.7
414,C,1,0,6.2,6.9,6.0,5.1,57.0
414,D,1,0,5.1,4.9,8.3,5.6,56.5
415,A,1,0,4.7,7.1,8.0,3.8,56.0
415,B,1,1,10,5.6,6.2,4.9,77.8
415,C,1,1,4.6,6.5,4.8,3.7,66.0
415,D,0,0,7.9,7.2,6.8,6.7,47.7
416,A,1,1,6.8,4.1,6.6,9.2,77.8
416,B,1,1,6.9,9.0,6.7,7.0,82.7
416,C,1,0,5.7,7.4,6.5,6.3,59.8
416,D,1,1,6.9,4.8,7.1,6.4,75.3
417,A,0,1,7.3,5.0,9.2,7.6,65.2
417,B,1,1,9.3,4.3,6.5,5.3,75.7
417,C,1,0,4.7,8.3,5.9,3.7,54.3
417,D,0,1,7.9,7.2,8.0,5.0,63.5
418,A,0,0,6.8,3.6,4.4,5.1,33.2
418,B,0,1,5.9,6.5,5.5,5.6,55.8
418,C,0,1,5.9,6.4,5.3,4.1,52.8
418,D,1,1,7.4,5.4,9.5,6.8,81.8
419,A,0,1,5.3,2.4,8.9,5.6,53.7
419,B,0,1,4.8,6.3,6.9,6.4,57.3
419,C,0,1,3.0,8.7,8.7,2.6,55.0
419,D,0,0,8.1,6.1,6.7,5.3,43.7
420,A,0,1,7.4,4.0,7.4,6.2,58.3
420,B,0,1,6.4,8.4,5.2,6.6,61.0
420,C,0,1,4.5,5.3,6.7,6.0,54.2
420,D,0,1,6.9,7.6,5.7,6.4,61.0
421,A,1,0,6.2,3.9,6.8,5.8,54.5
421,B,1,1,6.7,9.8,6.2,4.7,79.0
421,C,0,0,2.6,6.2,5.1,6.2,33.5
421,D,1,1,8.2,8.3,8.2,7.8,87.5
422,A,1,0,5.6,4.7,9.3,5.4,58.3
422,B,1,1,6.8,10,5.9,5.5,80.3
422,C,0,0,5.9,8.9,4.6,4.0,39.0
422,D,0,0,6.6,7.6,7.6,6.5,47.2
423,A,0,0,5.9,4.2,8.9,5.6,41.0
423,B,1,1,10,6.6,6.7,6.8,83.5
423,C,1,1,4.5,6.6,6.5,4.4,70.0
423,D,1,1,6.2,9.8,4.7,7.4,80.2
424,A,0,0,9.2,5.9,9.0,6.3,50.7
424,B,1,1,7.8,8.4,7.6,8.8,87.7
424,C,0,0,3.6,8.5,4.1,6.7,38.2
424,D,1,0,6.6,8.8,7.1,3.7,60.3
425,A,1,1,5.3,4.4,7.6,3.6,68.2
425,B,0,1,6.6,5.4,6.0,7.9,59.8
425,C,0,0,4.6,8.3,5.7,4.8,39.0
425,D,0,1,10,8.4,7.8,4.8,68.3
426,A,1,0,7.1,7.8,7.3,5.4,62.7
426,B,1,0,6.8,9.1,6.7,3.2,59.7
426,C,0,1,4.8,7.7,5.0,6.7,57.0
426,D,0,1,6.5,8.1,7.6,6.2,64.0
427,A,1,0,4.7,5.2,6.8,5.3,53.3
427,B,1,1,4.7,7.2,6.7,7.5,76.8
427,C,1,0,6.0,8.7,7.8,6.6,65.2
427,D,1,0,8.6,4.2,7.6,7.0,62.3
428,A,1,1,5.0,5.0,7.9,5.9,73.0
428,B,1,1,5.6,7.5,7.4,6.8,78.8
428,C,1,0,3.9,7.5,7.6,6.5,59.2
428,D,1,1,7.2,9.0,9.1,5.9,85.3
429,A,1,0,7.2,7.1,7.8,6.4,64.2
429,B,1,0,7.4,6.5,6.0,10,66.5
429,C,1,0,3.8,7.5,4.8,2.5,47.7
429,D,1,0,7.2,7.4,7.9,5.4,63.2
430,A,1,0,5.6,5.2,7.9,6.6,58.8
430,B,0,0,7.2,9.0,6.5,7.6,50.5
430,C,0,1,4.1,7.9,7.3,6.7,60.0
430,D,1,1,7.3,7.2,5.8,6.2,77.5
431,A,0,1,7.7,4.4,6.6,4.8,55.8
431,B,1,0,7.6,5.3,7.1,4.4,57.3
431,C,1,0,5.1,9.0,7.2,4.5,59.7
431,D,1,1,5.7,7.5,6.9,4.8,74.8
432,A,1,0,5.4,4.6,7.5,5.5,55.0
432,B,1,1,7.0,6.6,6.3,4.0,73.2
432,C,0,0,3.8,7.7,7.5,3.8,38.0
432,D,0,1,6.6,7.7,7.8,6.3,64.0
433,A,1,0,7.1,2.4,9.0,8.8,62.2
433,B,0,0,6.0,8.8,5.2,6.1,43.5
433,C,0,1,5.0,8.6,7.1,4.1,58.0
433,D,1,0,7.4,8.4,6.4,8.6,68.0
434,A,1,0,6.7,4.6,5.0,4.9,52.0
434,B,0,1,8.0,8.6,8.7,5.1,67.3
434,C,0,0,5.2,6.6,4.4,5.3,35.8
434,D,0,1,7.5,6.2,9.0,7.3,66.7
435,A,0,0,6.1,3.2,8.0,5.8,38.5
435,B,0,1,6.5,10,8.0,6.4,68.2
435,C,0,0,4.8,7.0,4.8,5.5,36.8
435,D,1,1,7.3,10,5.4,6.1,81.3
436,A,0,0,5.5,6.5,6.0,7.2,42.0
436,B,0,1,6.5,7.5,6.7,6.6,62.2
436,C,1,1,4.5,7.7,7.9,4.9,75.0
436,D,1,0,7.8,9.7,8.1,5.6,68.7
437,A,1,0,6.2,5.3,8.7,5.6,59.7
437,B,1,0,7.2,9.0,6.8,7.8,68.0
437,C,0,0,4.9,8.6,7.4,3.0,39.8
437,D,0,1,8.5,5.3,6.4,4.3,57.5
438,A,0,0,7.1,5.2,8.5,5.7,44.2
438,B,0,1,4.7,8.3,6.7,5.4,58.5
438,C,0,1,3.0,8.0,6.5,5.9,55.7
438,D,1,0,8.2,8.3,8.4,6.7,69.3
439,A,1,0,6.2,4.4,6.0,3.0,49.3
439,B,1,1,6.2,9.3,7.6,6.4,82.5
439,C,0,1,3.5,7.1,6.5,3.4,50.8
439,D,1,0,8.1,7.5,7.5,7.4,67.5
440,A,1,0,5.6,5.3,7.1,3.9,53.2
440,B,1,1,6.8,8.2,7.6,5.5,80.2
440,C,1,0,6.4,8.9,7.2,4.1,61.0
440,D,1,1,7.7,10,5.4,4.7,79.7
441,A,1,0,6.5,3.3,7.2,7.5,57.5
441,B,1,1,7.9,5.7,7.9,4.7,77.0
441,C,0,0,6.2,5.6,5.1,5.6,37.5
441,D,1,1,5.4,7.5,8.7,5.8,79.0
442,A,1,1,6.5,3.4,7.0,4.8,69.5
442,B,0,0,7.2,6.3,9.0,7.9,50.7
442,C,1,1,6.8,5.6,4.9,5.3,71.0
442,D,0,1,7.7,9.0,7.0,5.7,65.7
443,A,1,0,4.2,4.3,8.3,7.2,56.7
443,B,1,0,6.4,7.7,7.5,7.2,64.7
443,C,0,1,4.4,7.9,7.3,4.2,56.3
443,D,0,1,5.6,5.7,4.6,4.4,50.5
444,A,0,0,8.0,4.9,7.6,4.6,41.8
444,B,1,0,6.0,6.4,6.2,7.5,60.2
444,C,0,0,2.9,6.6,7.3,3.8,34.3
444,D,1,1,6.7,7.0,6.6,6.7,78.3
445,A,1,0,6.5,4.8,4.6,4.4,50.5
445,B,0,0,5.3,6.7,7.1,3.2,37.2
445,C,0,0,2.4,6.3,5.5,5.3,32.5
445,D,0,1,8.8,5.9,6.2,6.3,62.0
446,A,0,0,7.3,5.4,5.9,7.5,43.5
446,B,1,1,5.1,5.2,8.6,5.9,74.7
446,C,0,0,4.3,6.6,4.1,4.8,33.0
446,D,0,1,7.2,6.8,9.6,5.2,64.7
447,A,0,0,9.0,7.1,6.9,5.5,47.5
447,B,0,1,7.4,6.5,5.3,7.7,61.5
447,C,1,0,5.1,9.2,4.8,6.0,58.5
447,D,1,0,5.9,7.3,7.7,5.8,61.2
448,A,0,0,5.1,4.1,6.3,3.4,31.5
448,B,0,1,6.2,8.4,6.7,5.7,61.7
448,C,0,0,2.1,9.3,5.0,5.0,35.7
448,D,1,0,6.8,6.7,6.4,8.7,64.3
449,A,1,1,7.6,5.3,7.2,7.1,78.7
449,B,0,1,7.9,9.6,5.5,5.8,64.7
449,C,0,1,4.4,8.4,7.2,4.2,57.0
449,D,1,0,7.5,9.1,4.4,8.9,66.5
450,A,1,0,5.8,6.3,8.3,6.4,61.3
450,B,1,1,6.9,6.3,6.5,4.3,73.3
450,C,1,0,4.7,7.4,5.3,6.7,56.8
450,D,1,1,6.9,9.6,8.8,5.7,85.0
451,A,1,0,5.9,5.3,8.8,7.2,62.0
451,B,1,1,5.9,6.0,4.6,5.2,69.5
451,C,1,0,3.9,9.9,6.1,5.4,58.8
451,D,1,1,6.3,6.7,6.5,6.9,77.3
452,A,1,0,7.5,5.4,5.0,3.4,52.2
452,B,1,0,6.7,7.8,8.4,4.5,62.3
452,C,0,1,3.8,7.4,6.2,4.1,52.5
452,D,1,1,5.0,9.6,7.0,6.3,79.8
453,A,1,0,8.6,3.8,7.8,6.9,61.8
453,B,1,1,8.6,8.5,7.3,7.5,86.5
453,C,1,1,5.3,7.6,7.4,5.4,76.2
453,D,0,1,6.0,8.4,4.4,5.4,57.0
454,A,0,0,5.5,5.4,6.6,8.1,42.7
454,B,1,0,7.2,5.4,3.5,4.6,51.2
454,C,0,1,3.0,8.3,2.6,4.0,46.5
454,D,1,1,4.3,6.4,6.0,6.4,71.8
455,A,1,1,4.4,5.8,7.4,5.0,71.0
455,B,1,1,5.6,7.0,6.6,5.4,74.3
455,C,0,0,3.7,8.1,5.0,4.8,36.0
455,D,1,1,8.1,9.1,7.2,5.8,83.7
456,A,1,0,4.3,4.9,5.3,6.0,50.8
456,B,0,0,9.1,7.4,8.4,5.1,50.0
456,C,0,0,5.7,9.6,4.2,2.8,37.2
456,D,0,1,7.3,7.4,8.8,4.5,63.3
457,A,0,0,7.0,4.9,6.6,6.0,40.8
457,B,1,0,8.2,6.5,5.0,7.1,61.3
457,C,0,0,5.9,10,6.0,5.2,45.2
457,D,0,1,9.1,7.8,7.2,7.8,69.8
458,A,0,0,8.1,6.3,6.1,6.2,44.5
458,B,0,1,7.5,6.2,7.1,5.6,60.7
458,C,1,0,2.0,7.9,8.5,5.2,56.0
458,D,1,0,6.2,6.4,5.3,6.6,57.5
459,A,1,1,7.6,3.9,6.5,9.6,79.3
459,B,0,1,6.9,9.1,8.6,4.0,64.3
459,C,1,1,2.4,4.8,6.8,3.3,62.2
459,D,1,1,8.2,9.7,6.1,7.6,86.0
460,A,0,0,6.6,4.3,7.2,5.4,39.2
460,B,1,1,5.7,9.4,6.6,5.6,78.8
460,C,0,0,4.6,7.9,8.2,7.1,46.3
460,D,1,1,8.5,8.3,7.6,6.0,84.0
461,A,0,0,4.2,4.2,8.7,6.3,39.0
461,B,0,1,7.3,6.6,5.8,4.8,57.5
461,C,0,1,5.2,10,6.0,6.6,63.0
461,D,0,0,5.7,9.7,6.1,5.9,45.7
462,A,1,0,5.8,6.1,5.7,3.7,52.2
462,B,1,1,6.3,7.2,6.9,7.1,79.2
462,C,0,1,5.2,7.6,5.4,4.4,54.3
462,D,1,0,6.7,5.2,7.9,4.9,57.8
463,A,0,0,3.9,3.5,7.2,4.4,31.7
463,B,1,1,8.2,5.8,3.9,6.2,73.5
463,C,0,1,4.5,7.4,5.3,5.2,54.0
463,D,1,1,7.7,7.7,8.7,4.8,81.5
464,A,1,0,7.1,4.6,6.2,6.2,56.8
464,B,1,1,5.8,6.4,7.2,6.9,77.2
464,C,0,0,4.0,7.7,6.1,5.0,38.0
464,D,1,0,7.5,7.2,6.8,5.6,61.8
465,A,1,0,6.3,3.0,6.4,6.2,53.2
465,B,1,0,6.8,6.0,8.8,6.5,63.5
465,C,0,0,3.9,8.8,6.3,4.4,39.0
465,D,0,0,6.5,7.1,5.4,5.0,40.0
466,A,1,0,6.7,6.3,8.6,7.2,64.7
466,B,1,0,6.1,6.8,5.5,8.2,61.0
466,C,0,0,3.6,7.0,4.7,3.6,31.5
466,D,1,0,8.8,8.6,5.5,6.1,65.0
467,A,0,1,6.3,4.2,9.0,4.8,57.2
467,B,1,1,6.5,7.6,5.1,7.2,77.3
467,C,0,1,4.4,8.4,6.8,2.8,54.0
467,D,1,0,7.9,8.0,6.7,7.6,67.0
468,A,1,1,9.1,5.7,7.3,5.6,79.5
468,B,0,1,6.8,4.6,4.1,6.8,53.8
468,C,0,1,3.0,7.8,6.0,6.1,54.8
468,D,0,1,5.5,8.7,6.6,4.8,59.3
469,A,1,0,7.1,5.4,9.3,5.7,62.5
469,B,1,0,4.9,7.5,5.9,4.9,55.3
469,C,0,0,4.6,5.2,6.1,3.9,33.0
469,D,1,1,8.6,7.2,6.0,5.7,79.2
470,A,1,0,7.3,5.2,6.3,5.7,57.5
470,B,1,1,8.4,10,6.5,6.6,85.8
470,C,0,1,5.2,8.9,5.8,5.6,59.2
470,D,0,1,7.7,7.8,7.9,7.6,68.3
471,A,0,0,6.4,1.5,8.0,6.3,37.0
471,B,1,1,6.7,6.6,7.8,7.3,80.7
471,C,0,0,4.2,8.9,6.8,2.9,38.0
471,D,1,1,7.0,9.2,6.7,6.3,82.0
472,A,1,1,6.3,4.3,8.8,7.0,77.3
472,B,1,1,5.2,7.4,5.5,6.5,74.3
472,C,1,1,3.1,7.5,5.6,4.4,67.7
472,D,1,0,6.4,7.3,5.7,8.5,63.2
473,A,1,0,6.4,2.6,5.0,6.7,51.2
473,B,1,1,8.0,7.6,6.8,7.5,83.2
473,C,1,0,3.1,7.2,6.4,4.1,51.3
473,D,1,0,8.4,7.8,6.8,7.7,67.8
474,A,0,0,4.8,4.8,6.1,6.5,37.0
474,B,1,1,5.6,6.6,3.5,7.0,71.2
474,C,1,0,4.7,7.5,5.0,4.4,52.7
474,D,1,0,5.3,8.6,7.2,5.3,60.7
475,A,1,0,7.0,6.0,5.3,4.9,55.3
475,B,0,1,6.7,7.6,6.4,5.3,60.0
475,C,0,1,3.9,10,5.7,8.7,63.8
475,D,1,0,4.1,8.8,7.3,8.8,65.0
476,A,1,1,6.4,5.7,5.9,6.5,74.2
476,B,1,1,5.7,7.2,6.9,3.9,72.8
476,C,0,0,3.7,8.6,6.7,3.8,38.0
476,D,0,1,7.6,7.8,7.7,4.5,62.7
477,A,1,0,5.7,3.6,5.8,6.0,51.8
477,B,1,0,7.1,7.7,5.7,4.6,58.5
477,C,0,0,5.6,7.7,7.0,6.0,43.8
477,D,0,0,8.1,9.7,4.6,8.2,51.0
478,A,1,0,6.7,2.0,7.7,4.6,51.7
478,B,1,1,6.4,6.0,5.3,6.0,72.8
478,C,0,0,4.4,8.3,5.7,5.4,39.7
478,D,1,1,3.3,7.3,8.3,6.7,76.0
479,A,1,0,5.9,2.5,8.8,5.5,54.5
479,B,1,0,5.2,8.5,7.4,6.4,62.5
479,C,1,0,6.7,8.7,7.5,4.5,62.3
479,D,1,0,6.7,6.8,6.4,7.5,62.3
480,A,1,0,8.0,5.8,7.5,4.8,60.2
480,B,1,0,4.0,6.3,8.5,5.9,57.8
480,C,0,1,5.1,8.6,5.6,3.4,54.5
480,D,0,0,8.6,7.5,4.1,5.3,42.5
481,A,1,1,6.2,2.0,7.3,5.8,68.8
481,B,1,0,5.4,7.0,6.9,8.4,62.8
481,C,0,0,5.5,5.3,7.5,6.3,41.0
481,D,1,1,5.7,7.2,5.7,7.6,77.0
482,A,0,1,7.1,2.6,7.9,6.3,56.5
482,B,0,0,7.5,8.1,4.1,6.8,44.2
482,C,0,1,3.3,7.1,9.3,6.2,59.8
482,D,1,1,4.6,9.3,8.4,6.1,80.7
483,A,1,1,6.4,5.2,7.0,3.4,70.0
483,B,0,0,8.1,8.2,7.6,6.6,50.8
483,C,1,0,3.3,7.3,6.9,5.6,55.2
483,D,1,0,8.4,7.2,7.3,6.6,65.8
484,A,0,0,5.2,4.5,10,4.7,40.7
484,B,1,0,8.1,8.6,5.9,3.6,60.3
484,C,0,1,4.5,6.8,5.6,5.3,53.7
484,D,0,1,7.6,4.0,5.5,5.7,54.7
485,A,0,1,7.3,4.4,6.4,7.5,59.3
485,B,0,1,4.3,6.6,4.7,6.7,53.8
485,C,1,1,1.1,8.1,6.0,5.8,68.3
485,D,0,1,7.6,7.6,6.2,9.2,67.7
486,A,1,0,7.3,3.6,5.0,5.9,53.0
486,B,1,1,8.2,7.6,6.3,3.5,76.0
486,C,1,0,7.5,9.1,6.0,5.6,63.7
486,D,1,1,6.8,7.9,5.7,7.8,80.3
487,A,0,0,5.8,6.1,7.5,6.7,43.5
487,B,0,1,7.2,10,6.9,3.6,62.8
487,C,0,0,4.4,6.5,7.4,4.2,37.5
487,D,1,1,6.2,6.0,5.5,7.0,74.5
488,A,0,1,7.5,8.5,7.4,4.1,62.5
488,B,1,0,7.6,6.6,8.0,6.5,64.5
488,C,1,0,5.2,8.5,7.0,5.1,59.7
488,D,1,1,4.9,8.7,6.9,7.2,79.5
489,A,1,0,5.1,4.9,7.3,4.8,53.5
489,B,1,1,5.8,5.2,5.7,8.4,75.2
489,C,1,0,3.3,7.9,5.8,3.8,51.3
489,D,0,0,7.2,9.0,6.5,5.8,47.5
490,A,0,0,7.7,2.7,5.2,6.0,36.0
490,B,1,0,6.2,9.8,7.2,7.3,67.5
490,C,0,0,4.0,9.6,7.8,4.9,43.8
490,D,1,0,6.0,7.8,6.1,6.3,60.3
491,A,0,0,7.6,6.0,8.7,6.8,48.5
491,B,1,0,4.6,7.6,7.1,6.5,59.7
491,C,1,0,6.4,7.5,7.0,4.4,58.8
491,D,0,1,6.8,8.8,5.6,6.8,63.3
492,A,0,1,6.3,3.6,6.2,5.3,52.3
492,B,1,0,6.0,9.5,6.4,5.4,62.2
492,C,0,0,6.3,9.2,6.0,4.9,44.0
492,D,1,1,6.5,8.5,8.1,6.8,83.2
493,A,1,0,4.4,6.9,4.8,5.4,52.5
493,B,0,1,8.5,6.6,8.8,6.9,68.0
493,C,0,0,5.6,10,5.4,5.8,44.7
493,D,1,0,7.7,8.7,8.1,5.4,66.5
494,A,1,0,8.3,3.4,5.4,5.0,53.5
494,B,1,0,6.1,7.3,8.4,7.7,65.8
494,C,0,0,6.0,9.0,8.9,7.1,51.7
494,D,1,0,8.2,6.9,6.4,7.7,65.3
495,A,1,1,6.3,6.1,6.8,6.5,76.2
495,B,1,0,7.4,9.1,9.9,6.1,70.8
495,C,1,0,2.6,5.3,7.3,6.3,52.5
495,D,1,1,6.3,8.6,4.1,7.6,77.7
496,A,1,0,6.0,4.8,5.9,7.0,56.2
496,B,0,1,6.1,6.2,6.9,7.0,60.3
496,C,0,1,3.3,5.6,4.9,2.0,43.0
496,D,1,1,7.7,9.3,6.1,5.8,81.5
497,A,1,1,5.8,4.0,7.1,7.6,74.2
497,B,0,1,6.6,8.1,8.8,5.0,64.2
497,C,1,0,4.2,8.6,6.2,6.7,59.5
497,D,1,0,8.3,10,7.1,2.7,63.5
498,A,0,0,7.8,3.4,7.1,5.3,39.3
498,B,0,1,5.1,6.3,6.0,6.5,56.5
498,C,0,0,4.2,10,7.9,7.4,49.2
498,D,1,1,6.4,7.7,8.5,6.0,81.0
499,A,0,0,7.3,3.8,5.8,7.3,40.3
499,B,1,0,5.7,8.5,4.9,6.3,59.0
499,C,0,0,4.8,7.9,8.2,4.7,42.7
499,D,1,1,4.9,7.1,7.4,7.2,77.7
500,A,1,0,5.9,2.6,9.1,7.7,58.8
500,B,1,0,6.9,7.6,8.4,7.6,67.5
500,C,1,1,5.4,5.1,6.5,5.6,71.0
500,D,1,1,4.9,8.8,6.6,7.4,79.5
501,A,1,0,5.9,4.3,5.9,2.9,48.3
501,B,0,1,7.2,8.8,8.1,5.8,66.5
501,C,1,1,3.3,3.7,6.0,5.1,63.5
501,D,1,1,7.3,6.9,6.7,8.1,81.7
502,A,1,1,5.4,4.4,9.5,7.6,78.2
502,B,1,1,6.3,5.9,6.5,4.5,72.0
502,C,1,1,2.6,6.9,6.7,4.9,68.5
502,D,1,1,9.4,7.5,7.9,6.2,85.0
503,A,1,0,5.3,5.2,10,6.1,61.0
503,B,1,0,9.0,7.7,7.7,5.0,65.7
503,C,0,0,3.6,7.4,6.7,6.3,40.0
503,D,1,1,9.0,7.1,5.9,7.8,83.0
504,A,1,0,5.4,5.5,5.6,5.8,53.8
504,B,1,1,7.4,7.9,6.5,6.9,81.2
504,C,0,0,6.1,9.8,3.5,3.7,38.5
504,D,1,1,8.2,6.4,6.5,8.8,83.2
505,A,1,1,6.6,4.3,7.4,4.6,71.5
505,B,0,0,9.5,6.7,6.1,6.7,48.3
505,C,0,1,4.9,7.6,6.4,3.3,53.7
505,D,1,0,7.8,6.5,8.0,8.5,68.0
506,A,0,0,7.7,4.1,4.9,7.4,40.2
506,B,1,0,7.1,7.1,6.1,5.8,60.2
506,C,1,1,7.9,8.7,5.3,5.2,78.5
506,D,0,0,5.6,9.7,6.4,5.4,45.2
507,A,1,1,3.3,4.9,10,4.7,71.5
507,B,0,0,6.5,8.4,8.3,8.2,52.3
507,C,0,0,4.6,7.9,3.7,6.4,37.7
507,D,1,1,6.8,8.2,9.8,5.0,83.0
508,A,0,1,8.2,3.0,5.0,7.0,55.3
508,B,0,1,7.0,8.5,8.4,5.7,66.0
508,C,0,0,2.9,8.9,5.7,5.6,38.5
508,D,1,1,5.8,8.1,7.7,6.1,79.5
509,A,0,1,7.8,4.9,7.2,6.5,60.7
509,B,1,1,6.6,9.7,6.9,6.5,82.8
509,C,1,0,7.2,7.7,7.0,4.4,60.5
509,D,0,1,6.3,8.1,7.7,6.2,63.8
510,A,0,0,4.9,4.7,7.7,5.4,37.8
510,B,1,0,6.0,4.7,7.4,7.8,59.8
510,C,0,0,4.0,8.1,8.0,5.4,42.5
510,D,1,0,6.5,6.7,7.2,8.1,64.2
511,A,0,0,5.4,3.9,7.4,6.0,37.8
511,B,0,1,6.6,7.1,6.2,4.8,57.8
511,C,0,0,5.5,9.1,8.4,7.4,50.7
511,D,1,1,7.0,7.1,7.6,8.3,83.3
512,A,1,1,7.3,3.8,5.9,10,78.3
512,B,1,1,10,6.9,6.5,5.4,81.3
512,C,0,0,4.4,8.3,6.6,3.6,38.2
512,D,1,0,9.4,9.2,6.9,7.2,71.2
513,A,1,0,5.0,4.4,7.0,6.6,55.0
513,B,1,0,7.7,9.8,7.6,6.6,69.5
513,C,0,0,6.2,7.0,5.9,4.2,38.8
513,D,1,1,7.1,9.2,6.6,6.9,83.0
514,A,0,0,6.6,4.5,9.1,6.2,44.0
514,B,1,1,8.3,8.9,5.8,6.2,82.0
514,C,1,0,4.7,9.1,7.4,4.8,60.0
514,D,0,1,8.2,7.2,6.3,8.2,66.5
515,A,1,0,7.4,4.3,7.2,5.9,58.0
515,B,1,0,6.7,9.1,8.1,5.6,65.8
515,C,0,0,7.0,7.1,3.8,5.6,39.2
515,D,1,1,6.0,9.1,6.7,6.6,80.7
516,A,0,0,7.0,6.2,6.9,6.8,44.8
516,B,1,0,7.9,6.6,5.9,8.0,64.0
516,C,0,1,5.8,7.4,6.3,5.0,57.5
516,D,1,1,6.8,8.5,7.1,6.3,81.2
517,A,0,0,6.9,4.0,5.6,5.9,37.3
517,B,1,1,7.7,8.1,9.3,8.2,88.8
517,C,0,0,5.2,6.3,5.7,4.7,36.5
517,D,1,1,5.9,8.5,6.9,8.0,82.2
518,A,0,1,6.1,3.8,7.9,6.1,56.5
518,B,1,1,5.4,5.6,5.1,5.8,69.8
518,C,0,0,4.9,6.8,6.3,5.7,39.5
518,D,1,0,7.1,9.8,10.0,4.1,68.3
519,A,1,0,5.9,5.0,7.5,5.9,57.2
519,B,1,1,6.9,9.0,9.3,6.2,85.7
519,C,0,1,7.2,6.8,6.7,4.0,57.8
519,D,0,1,5.1,9.7,7.7,6.0,64.2
520,A,0,1,5.8,4.0,4.9,4.4,48.5
520,B,1,0,6.7,6.2,6.7,3.5,55.2
520,C,0,1,4.4,8.6,6.4,4.6,56.7
520,D,1,1,6.6,7.8,8.4,6.5,82.2
521,A,0,0,8.2,3.7,6.9,5.6,40.7
521,B,1,0,7.0,8.9,5.9,5.2,61.7
521,C,0,1,4.4,6.4,7.5,5.5,56.3
521,D,1,1,7.9,6.9,6.2,6.7,79.5
522,A,1,1,8.6,3.6,9.0,5.9,78.5
522,B,0,0,7.2,5.9,5.6,6.4,41.8
522,C,0,0,6.3,8.4,5.7,4.4,41.3
522,D,0,0,9.6,7.1,7.7,9.1,55.8
523,A,1,0,4.6,3.7,8.1,7.2,56.0
523,B,1,1,5.0,8.4,6.7,4.6,74.5
523,C,0,0,6.2,8.0,5.7,9.1,48.3
523,D,1,0,5.5,10,6.9,6.1,64.2
524,A,1,0,4.4,6.3,5.4,4.6,51.2
524,B,1,1,8.4,6.7,6.4,6.2,79.5
524,C,1,0,5.0,9.5,7.2,5.2,61.5
524,D,0,1,4.7,7.7,8.0,7.2,62.7
525,A,1,0,5.8,4.9,7.6,6.4,57.8
525,B,1,1,6.3,8.0,6.6,5.4,77.2
525,C,0,0,2.9,8.2,5.2,5.5,36.3
525,D,1,1,8.0,6.5,5.5,5.8,76.3
526,A,1,1,5.6,2.1,5.4,5.7,64.7
526,B,1,1,4.0,4.8,6.1,6.1,68.3
526,C,0,0,5.0,7.3,5.1,4.1,35.8
526,D,0,1,6.7,9.3,4.7,5.5,60.3
527,A,0,1,5.8,6.3,8.0,5.9,60.0
527,B,1,1,7.5,6.8,5.4,5.1,74.7
527,C,1,1,3.8,9.3,6.9,4.2,73.7
527,D,1,0,9.5,6.6,7.2,6.9,67.0
528,A,1,1,6.8,3.1,6.6,3.5,66.7
528,B,1,1,7.0,10.0,8.3,9.0,90.5
528,C,0,0,6.5,7.0,6.9,5.0,42.3
528,D,0,1,8.2,6.6,7.0,5.3,61.8
529,A,1,1,7.5,2.0,8.0,7.0,74.2
529,B,0,0,4.5,5.3,7.5,4.6,36.5
529,C,1,0,5.5,7.8,4.7,5.3,55.5
529,D,1,1,7.4,7.6,6.4,5.2,77.7
530,A,0,0,8.1,4.0,7.4,5.6,41.8
530,B,1,0,5.6,9.8,8.2,7.7,68.8
530,C,1,0,8.0,6.5,6.0,4.6,58.5
530,D,1,1,6.1,7.4,7.1,6.8,79.0
531,A,0,1,6.2,3.0,8.8,7.6,59.3
531,B,1,0,5.7,7.1,6.3,7.0,60.2
531,C,0,1,6.2,6.8,6.6,1.9,52.5
531,D,1,1,7.0,8.6,6.7,7.2,82.5
532,A,0,1,4.8,3.0,8.1,7.0,54.8
532,B,1,0,5.4,9.0,7.0,5.7,61.8
532,C,1,0,2.8,8.3,7.0,5.4,55.8
532,D,1,1,9.5,8.4,6.3,7.8,86.7
533,A,0,0,7.3,3.4,8.9,6.2,43.0
533,B,1,1,6.3,9.0,7.2,5.6,80.2
533,C,1,0,7.7,8.5,3.8,5.9,59.8
533,D,1,0,7.7,9.1,7.6,6.8,68.7
534,A,1,0,6.0,4.7,6.6,6.4,56.2
534,B,1,0,7.9,9.8,9.0,5.8,70.8
534,C,1,0,4.6,8.7,4.7,4.0,53.3
534,D,1,0,6.8,7.7,6.5,5.9,61.5
535,A,0,0,5.6,4.7,8.7,5.6,41.0
535,B,1,1,5.5,6.8,4.6,6.1,71.7
535,C,1,0,5.8,7.6,4.0,5.9,55.5
535,D,1,0,8.7,5.9,7.7,4.7,61.7
536,A,0,0,6.1,3.6,7.6,5.8,38.5
536,B,0,0,5.6,7.1,7.5,7.4,46.0
536,C,1,0,3.8,6.2,8.5,4.8,55.5
536,D,1,1,7.9,8.3,8.1,6.5,84.7
537,A,1,1,6.0,6.4,7.4,5.2,75.0
537,B,1,1,8.4,6.1,5.7,6.5,77.8
537,C,0,0,4.3,7.9,6.7,6.3,42.0
537,D,0,1,8.6,7.2,6.8,8.1,67.8
538,A,0,0,7.6,3.2,7.7,4.2,37.8
538,B,0,1,6.3,7.0,5.6,6.9,59.7
538,C,0,1,6.0,7.0,6.4,4.9,57.2
538,D,1,1,7.0,8.1,5.8,4.4,75.5
539,A,1,1,5.4,3.3,6.5,4.1,65.5
539,B,1,0,5.7,7.2,8.9,7.4,65.3
539,C,0,0,5.7,9.1,7.3,5.9,46.7
539,D,0,0,6.9,5.7,5.8,7.5,43.2
540,A,1,0,5.9,4.1,6.9,4.4,52.2
540,B,1,0,6.0,5.9,7.4,4.6,56.5
540,C,0,1,3.1,10,5.8,2.5,52.3
540,D,1,0,6.2,7.0,6.8,6.1,60.2
541,A,0,1,8.4,4.8,7.3,7.2,62.8
541,B,0,1,6.9,10,3.7,7.6,63.7
541,C,0,1,1.9,5.2,6.3,3.9,45.5
541,D,1,1,6.6,6.5,3.2,6.3,71.0
542,A,0,1,4.0,4.2,7.2,6.3,52.8
542,B,1,1,7.5,7.6,7.6,6.2,81.5
542,C,1,0,6.4,7.9,5.6,3.7,56.0
542,D,1,1,5.2,8.4,4.9,7.1,76.0
543,A,1,1,5.2,5.7,6.4,6.3,72.7
543,B,1,1,9.0,7.6,6.9,9.0,87.5
543,C,0,0,5.5,8.5,6.0,2.5,37.5
543,D,0,0,8.3,9.8,6.2,6.4,51.2
544,A,1,1,6.6,4.8,7.7,5.1,73.7
544,B,0,1,8.4,7.9,7.4,5.2,64.8
544,C,1,1,5.9,10,7.9,5.3,81.8
544,D,1,0,7.0,8.5,6.5,8.7,67.8
545,A,1,0,4.6,3.7,5.8,5.4,49.2
545,B,0,1,7.3,6.2,5.9,8.6,63.3
545,C,0,0,4.1,6.8,7.1,6.0,40.0
545,D,1,1,7.3,6.8,8.6,6.5,82.0
546,A,1,0,7.1,4.0,8.2,8.0,62.2
546,B,0,1,8.1,4.4,6.9,6.7,60.2
546,C,1,0,3.7,7.8,6.4,4.6,54.2
546,D,1,1,5.0,7.3,7.8,5.8,76.5
547,A,0,0,6.6,6.4,4.9,6.3,40.3
547,B,1,0,4.3,8.3,7.1,6.1,59.7
547,C,0,0,2.7,6.6,5.9,7.0,37.0
547,D,1,1,6.2,6.5,4.8,9.0,77.5
548,A,1,0,5.0,3.9,6.5,4.6,50.0
548,B,1,1,5.3,7.3,5.2,6.8,74.3
548,C,0,0,3.2,9.1,7.5,5.8,42.7
548,D,0,1,7.3,9.8,6.6,6.4,66.8
549,A,1,0,5.5,4.9,7.9,6.2,57.5
549,B,1,1,6.0,7.2,6.1,4.2,72.5
549,C,0,1,4.7,8.6,7.1,4.3,57.8
549,D,0,1,4.7,7.5,6.3,5.3,56.3
550,A,1,1,6.8,5.7,7.6,8.1,80.3
550,B,0,0,5.9,8.2,8.9,8.1,51.8
550,C,1,0,6.0,10,6.2,4.0,60.3
550,D,1,1,6.2,8.4,4.5,6.9,76.7
551,A,1,0,6.0,5.3,6.9,5.3,55.8
551,B,0,0,5.6,9.3,6.8,4.7,44.0
551,C,0,0,4.1,9.1,8.7,2.4,40.5
551,D,1,0,9.9,8.2,4.3,6.9,65.5
552,A,0,1,8.7,5.8,7.9,7.6,66.7
552,B,0,0,6.0,6.4,7.1,8.2,46.2
552,C,1,0,3.6,7.6,6.2,6.0,55.7
552,D,0,0,7.1,6.1,5.4,7.7,43.8
553,A,1,1,6.5,4.3,8.8,7.1,77.8
553,B,0,1,7.1,7.8,5.2,5.0,58.5
553,C,1,0,5.3,9.1,7.1,5.6,61.8
553,D,1,1,4.6,7.5,6.2,5.8,73.5
554,A,1,0,6.7,3.9,7.5,7.3,59.0
554,B,1,0,6.9,6.7,6.9,7.0,62.5
554,C,0,0,5.5,5.1,5.6,4.3,34.2
554,D,1,0,6.7,8.3,8.2,3.9,61.8
555,A,1,0,6.6,4.6,3.8,5.8,51.3
555,B,1,0,7.8,8.8,6.7,6.5,66.3
555,C,0,0,6.0,7.4,6.5,5.5,42.3
555,D,1,1,7.1,7.1,7.5,5.8,79.2
556,A,0,0,5.9,3.1,6.8,6.1,36.5
556,B,1,0,5.3,5.2,5.7,5.5,52.8
556,C,0,1,5.6,7.6,6.5,6.8,60.8
556,D,0,0,8.2,7.1,7.6,6.6,49.2
557,A,1,0,7.8,4.0,7.3,8.3,62.3
557,B,1,1,7.5,6.1,8.5,8.0,83.5
557,C,1,1,3.9,10,6.0,4.7,74.3
557,D,1,0,7.5,9.8,8.5,7.3,71.8
558,A,0,1,7.3,5.0,8.9,6.3,62.5
558,B,1,1,9.3,8.6,5.8,7.9,86.0
558,C,0,0,3.4,5.1,6.5,2.8,29.7
558,D,1,0,6.7,5.5,6.7,6.6,59.2
559,A,1,0,7.5,4.2,5.6,6.2,55.8
559,B,1,1,7.2,7.3,6.4,8.5,82.3
559,C,1,0,4.7,7.6,4.6,4.4,52.2
559,D,1,0,8.6,6.7,7.7,5.5,64.2
560,A,0,1,4.9,5.3,8.1,5.4,56.2
560,B,1,1,4.4,9.0,4.5,6.4,73.8
560,C,1,0,1.8,9.0,6.3,4.1,52.0
560,D,0,1,8.3,7.0,6.8,6.9,65.0
561,A,0,0,5.3,5.4,8.3,3.2,37.0
561,B,0,0,6.1,6.5,7.3,6.3,43.7
561,C,0,0,3.7,7.9,5.0,8.1,41.2
561,D,0,1,6.5,8.3,6.5,7.3,64.3
562,A,1,1,7.1,4.3,7.8,7.4,77.7
562,B,1,0,6.6,7.1,5.9,5.6,58.7
562,C,1,1,5.0,7.7,6.7,6.6,76.7
562,D,1,0,8.7,7.8,7.2,6.8,67.5
563,A,0,1,8.1,5.8,7.0,6.0,61.5
563,B,1,0,7.4,7.5,7.2,5.7,63.0
563,C,1,1,3.5,7.1,6.9,6.0,72.5
563,D,0,0,8.7,7.1,8.1,6.9,51.3
564,A,0,0,6.5,3.8,7.1,7.6,41.7
564,B,1,1,8.7,7.0,7.3,5.7,81.2
564,C,1,1,4.1,7.2,6.3,4.9,70.8
564,D,0,1,6.5,8.4,3.9,7.3,60.2
565,A,1,0,5.6,3.8,6.9,6.7,55.0
565,B,1,0,5.6,5.9,6.2,6.7,57.3
565,C,1,0,3.7,6.5,4.7,5.9,51.3
565,D,0,0,6.0,6.1,6.8,7.5,44.0
566,A,1,1,8.1,4.4,6.4,3.6,70.8
566,B,0,0,6.5,9.6,5.8,6.8,47.8
566,C,0,1,4.3,7.6,7.8,5.7,59.0
566,D,0,1,6.4,9.0,8.1,5.7,65.3
567,A,1,0,4.6,5.5,8.8,8.0,61.5
567,B,1,1,7.3,8.3,7.2,5.6,80.7
567,C,0,0,3.4,7.7,5.8,3.6,34.2
567,D,0,1,5.2,8.8,7.3,5.1,60.7
568,A,1,0,7.2,3.4,6.3,5.3,53.7
568,B,0,0,7.2,8.7,6.9,5.5,47.2
568,C,0,0,6.3,7.4,6.8,7.7,47.0
568,D,1,1,6.7,7.3,6.6,7.6,80.3
569,A,0,0,8.3,5.4,6.2,4.0,39.8
569,B,0,0,8.6,8.3,7.1,6.2,50.3
569,C,1,0,4.9,8.1,7.1,6.5,61.0
569,D,0,0,6.7,7.9,6.7,5.0,43.8
570,A,1,0,4.9,3.2,7.1,6.6,53.0
570,B,1,1,6.6,7.1,7.6,6.2,79.2
570,C,1,0,3.6,8.2,3.9,4.1,49.7
570,D,1,1,7.1,6.3,9.7,5.2,80.5
571,A,0,1,9.0,4.1,9.2,4.6,61.5
571,B,1,1,7.0,6.3,7.9,6.4,79.3
571,C,0,0,4.7,7.8,5.1,5.3,38.2
571,D,1,1,6.6,7.9,8.2,8.0,84.5
572,A,0,1,5.1,4.4,7.4,7.4,57.2
572,B,1,0,5.3,5.9,8.1,6.5,59.7
572,C,0,1,5.1,5.9,6.6,5.6,55.3
572,D,1,0,5.2,8.8,7.2,5.8,61.7
573,A,0,0,5.8,4.1,6.5,4.6,35.0
573,B,1,1,6.5,7.2,4.9,7.0,76.0
573,C,0,0,6.9,7.5,6.0,6.1,44.2
573,D,1,1,6.9,9.9,6.9,7.6,85.5
574,A,1,1,6.8,5.7,7.5,5.0,75.0
574,B,1,0,8.8,8.7,8.3,7.6,72.3
574,C,1,0,2.0,8.6,3.7,6.4,51.2
574,D,1,1,7.6,8.3,6.2,6.6,81.2
575,A,0,0,6.9,5.1,5.7,5.3,38.3
575,B,1,1,6.9,8.5,7.0,5.2,79.3
575,C,0,0,5.2,6.8,7.2,2.4,36.0
575,D,0,1,7.2,7.7,7.2,4.4,60.8
576,A,1,0,7.3,3.7,7.2,5.5,56.2
576,B,1,1,6.0,7.9,6.5,6.7,78.5
576,C,1,0,5.7,8.3,7.6,4.5,60.2
576,D,0,1,7.4,6.4,9.2,7.7,67.8
577,A,0,1,6.1,3.7,6.6,3.8,50.3
577,B,1,1,6.1,7.8,8.1,6.0,80.0
577,C,0,1,7.5,9.4,7.4,6.9,68.7
577,D,1,1,7.8,6.6,7.1,3.8,75.5
578,A,1,1,5.2,7.9,8.5,4.9,77.5
578,B,0,0,5.1,6.4,4.6,8.0,40.2
578,C,0,0,1.6,8.5,7.5,3.3,34.8
578,D,1,1,8.2,9.0,8.3,6.1,86.0
579,A,1,1,6.9,5.6,6.2,5.6,73.8
579,B,0,1,7.6,6.8,6.4,9.4,67.0
579,C,1,0,5.0,7.2,5.5,6.1,56.3
579,D,1,1,6.8,7.8,5.5,8.6,81.2
580,A,1,0,6.1,6.4,6.5,8.6,62.7
580,B,1,0,6.3,6.7,6.0,9.3,63.8
580,C,0,0,4.2,8.5,5.4,4.3,37.3
580,D,1,0,8.8,7.8,6.9,5.3,64.7
581,A,1,1,7.4,5.3,6.4,5.7,74.7
581,B,1,0,5.7,7.2,4.8,4.9,54.3
581,C,1,0,4.5,9.1,7.8,4.3,59.5
581,D,1,1,6.1,6.2,7.8,6.3,77.3
582,A,0,1,7.7,5.9,7.1,4.6,58.8
582,B,1,0,8.3,8.4,8.0,4.9,66.0
582,C,1,0,5.3,8.8,6.4,4.5,58.3
582,D,1,0,6.4,7.7,7.6,8.0,66.2
583,A,1,0,7.4,5.1,7.4,6.8,61.2
583,B,1,0,5.8,8.3,7.6,8.1,66.3
583,C,1,1,4.9,7.5,4.1,4.5,68.3
583,D,0,0,7.4,8.3,6.4,6.7,48.0
584,A,0,1,6.5,4.5,6.3,5.1,54.0
584,B,1,0,6.3,7.3,8.7,6.5,64.7
584,C,0,1,4.5,6.0,8.8,2.9,53.7
584,D,1,1,8.8,8.9,5.7,6.1,82.5
585,A,0,0,5.4,4.2,8.3,6.6,40.8
585,B,1,1,7.0,6.4,5.9,7.8,78.5
585,C,0,0,5.7,6.8,5.9,6.7,41.8
585,D,1,1,10,7.0,7.5,5.3,83.0
586,A,1,0,5.1,4.6,7.5,5.0,53.7
586,B,1,0,7.5,6.6,6.7,6.6,62.3
586,C,1,0,4.5,7.4,4.5,5.4,53.0
586,D,1,1,8.1,6.1,5.8,6.2,77.0
587,A,0,0,4.7,5.9,3.5,4.9,31.7
587,B,1,0,7.4,8.1,5.8,7.9,65.3
587,C,0,0,5.7,6.7,8.9,5.1,44.0
587,D,1,0,10,7.0,6.0,4.7,62.8
588,A,1,1,8.1,4.4,9.0,6.6,80.2
588,B,0,1,6.0,6.3,6.8,6.9,60.0
588,C,1,0,1.9,7.4,6.2,6.1,52.7
588,D,1,0,7.6,7.1,7.3,5.1,61.8
589,A,0,0,6.7,3.7,7.3,5.8,39.2
589,B,1,1,6.4,9.7,7.4,4.6,80.2
589,C,0,0,4.6,6.7,5.1,4.7,35.2
589,D,1,1,7.1,7.4,8.1,7.8,84.0
590,A,0,0,7.1,3.8,7.1,6.0,40.0
590,B,0,0,6.2,8.2,6.3,7.6,47.2
590,C,1,0,4.2,8.2,5.6,4.5,54.2
590,D,1,1,8.0,4.8,6.5,4.8,73.5
591,A,0,1,6.0,4.7,10,6.1,61.3
591,B,1,0,6.9,9.0,7.9,8.3,70.2
591,C,0,0,4.8,8.0,8.0,6.2,45.0
591,D,1,0,7.8,8.1,8.8,8.0,71.2
592,A,1,0,6.7,7.3,6.6,6.8,62.3
592,B,1,1,4.8,7.5,5.4,7.6,75.5
592,C,0,0,4.6,6.6,6.9,3.8,36.5
592,D,1,0,6.3,8.7,4.3,6.2,59.2
593,A,1,1,7.5,5.5,6.1,5.8,74.8
593,B,1,1,7.3,9.7,6.1,7.1,83.7
593,C,1,0,5.5,9.3,7.4,7.4,66.0
593,D,0,0,7.1,8.4,6.5,7.5,49.2
594,A,1,1,4.7,1.1,8.0,6.7,67.5
594,B,1,0,8.8,8.2,5.7,8.2,68.2
594,C,1,1,5.3,4.9,7.2,7.6,75.0
594,D,0,1,6.5,7.8,7.7,5.8,63.0
595,A,1,1,7.1,4.3,6.8,4.2,70.7
595,B,1,1,7.4,8.1,6.1,6.8,80.7
595,C,1,0,6.7,6.5,6.7,6.9,61.3
595,D,0,1,6.8,6.7,8.1,6.4,63.3
596,A,1,1,6.7,3.7,5.3,5.7,69.0
596,B,0,0,7.1,6.1,6.8,6.9,44.8
596,C,1,0,4.9,8.5,6.9,3.4,56.2
596,D,1,1,8.6,9.3,6.4,6.4,84.5
597,A,1,0,7.7,4.1,7.1,5.3,57.0
597,B,0,1,6.5,5.8,8.0,6.9,62.0
597,C,0,0,6.8,7.7,4.8,7.0,43.8
597,D,1,0,7.5,6.7,6.9,5.5,61.0
598,A,0,0,6.2,5.1,5.1,5.6,36.7
598,B,0,0,8.6,8.5,7.9,7.5,54.2
598,C,0,1,4.3,10,6.7,2.9,56.5
598,D,1,1,8.4,9.5,6.7,7.0,86.0
599,A,1,1,4.9,3.5,8.6,7.7,74.5
599,B,0,1,7.6,5.6,6.2,6.6,60.0
599,C,0,0,4.1,8.3,8.4,5.1,43.2
599,D,1,0,5.4,7.4,6.0,4.6,55.7
600,A,1,0,5.6,5.8,8.4,7.0,61.3
600,B,1,0,7.7,5.1,4.0,4.4,52.0
600,C,1,0,6.1,5.3,7.6,4.6,56.0
600,D,1,0,8.5,5.8,9.0,5.9,65.3
601,A,0,0,7.7,3.7,6.3,5.0,37.8
601,B,0,0,7.3,8.8,4.8,8.7,49.3
601,C,1,0,4.1,8.6,5.0,4.0,52.8
601,D,1,0,8.1,10,5.9,7.4,69.0
602,A,0,0,4.3,3.6,7.9,4.4,33.7
602,B,1,0,4.5,7.5,6.5,6.1,57.7
602,C,1,1,4.4,7.8,6.2,3.6,70.0
602,D,1,0,7.7,6.2,8.6,5.8,63.8
603,A,0,0,5.0,3.6,7.3,4.1,33.3
603,B,1,1,8.5,6.6,7.7,4.5,78.8
603,C,0,1,4.1,6.7,6.4,3.4,51.0
603,D,0,0,7.0,8.6,8.6,7.8,53.3
604,A,1,0,6.0,7.2,3.2,6.0,54.0
604,B,1,1,8.2,9.1,6.1,7.8,85.3
604,C,1,0,3.9,8.1,6.4,5.0,55.7
604,D,1,1,7.3,9.1,8.0,6.0,84.0
605,A,1,1,7.5,7.1,6.7,7.2,80.8
605,B,1,1,5.3,7.8,4.5,3.9,69.2
605,C,0,0,5.3,9.5,6.0,4.8,42.7
605,D,0,1,8.0,6.5,5.7,6.9,61.8
606,A,0,0,4.9,4.1,5.1,5.1,32.0
606,B,0,0,6.0,6.3,7.0,4.7,40.0
606,C,0,0,3.5,9.2,6.4,2.7,36.3
606,D,1,0,8.5,8.7,5.5,7.1,66.3
607,A,1,1,5.4,5.2,5.9,4.4,68.2
607,B,1,1,6.1,8.3,7.1,6.2,79.5
607,C,0,1,4.0,9.0,5.7,4.6,55.5
607,D,1,1,7.5,7.7,8.7,7.2,85.2
608,A,0,1,7.1,1,7.1,7.8,55.0
608,B,0,1,3.2,6.6,7.4,7.1,57.2
608,C,1,0,4.2,7.9,7.3,6.7,60.2
608,D,1,1,8.1,7.6,7.8,8.8,87.2
609,A,1,1,5.4,3.6,8.6,6.3,73.2
609,B,1,1,6.0,7.4,5.8,8.9,80.2
609,C,1,0,5.9,7.9,8.4,6.2,64.0
609,D,1,1,7.1,8.6,7.2,7.4,83.8
610,A,1,0,6.3,4.4,9.3,4.2,57.0
610,B,1,0,9.9,7.2,6.8,6.9,68.0
610,C,1,0,4.9,7.9,6.2,5.5,57.5
610,D,1,1,6.5,8.4,7.9,8.1,84.8
611,A,0,0,6.0,4.4,7.9,7.0,42.2
611,B,1,0,7.4,7.4,7.4,7.6,66.3
611,C,0,1,2.7,7.7,4.2,3.6,47.0
611,D,0,0,7.4,7.2,6.8,8.3,49.5
612,A,1,1,7.8,5.5,7.4,4.7,75.7
612,B,0,1,6.6,7.8,7.2,7.8,65.7
612,C,0,1,3.8,9.6,6.4,4.8,57.7
612,D,0,1,8.2,9.7,6.6,5.7,67.0
613,A,1,1,7.4,4.8,7.2,5.6,75.0
613,B,1,1,5.3,7.9,6.5,5.6,75.5
613,C,1,0,4.2,8.2,5.4,5.0,54.7
613,D,1,1,7.1,8.4,6.0,4.1,76.0
614,A,0,0,6.3,2.8,7.9,6.5,39.2
614,B,1,1,6.6,8.9,4.6,4.4,74.2
614,C,0,1,6.8,5.9,7.6,4.1,57.3
614,D,1,1,10,8.8,5.8,7.2,86.3
615,A,1,0,8.8,5.1,7.0,5.6,60.8
615,B,1,1,5.3,7.3,8.4,6.9,79.8
615,C,1,0,5.7,6.4,6.2,5.4,56.2
615,D,1,0,6.6,6.2,7.9,3.3,56.7
616,A,0,0,7.0,2.4,5.8,5.2,34.0
616,B,1,0,5.2,6.8,6.5,4.4,54.8
616,C,0,1,5.7,7.8,8.6,4.2,60.5
616,D,0,0,6.0,7.7,7.7,5.1,44.2
617,A,1,1,4.2,6.1,5.8,5.7,69.7
617,B,1,0,6.7,7.3,9.1,6.5,66.0
617,C,1,1,3.1,9.3,4.8,3.5,67.8
617,D,1,1,7.6,6.8,6.5,6.9,79.7
618,A,1,0,5.7,3.8,8.2,5.3,55.0
618,B,0,0,6.1,8.3,7.9,5.1,45.7
618,C,0,0,3.5,10,7.7,2.9,40.2
618,D,1,1,7.3,5.7,7.5,7.0,79.2
619,A,0,1,6.6,5.7,5.7,4.3,53.8
619,B,0,1,9.9,6.6,5.5,5.4,62.3
619,C,1,1,6.8,8.7,6.8,4.8,78.5
619,D,1,0,8.5,5.7,8.1,5.2,62.5
620,A,1,1,4.7,3.0,7.4,7.3,70.7
620,B,1,1,7.0,6.9,6.7,5.0,76.0
620,C,1,1,5.1,8.3,6.1,5.0,74.2
620,D,0,1,6.4,7.5,8.1,3.9,59.8
621,A,0,0,6.8,3.8,6.8,4.7,36.8
621,B,1,1,7.7,6.8,6.4,5.0,76.5
621,C,0,1,4.5,7.8,8.4,5.3,60.0
621,D,1,1,8.2,7.1,8.1,7.3,84.5
622,A,0,1,5.2,6.4,5.0,6.0,54.3
622,B,1,0,6.8,7.0,6.9,7.0,62.8
622,C,1,1,4.2,7.8,8.2,4.9,75.2
622,D,1,0,8.6,6.8,5.4,6.6,62.3
623,A,0,0,8.1,4.6,6.2,6.5,42.3
623,B,0,1,6.3,9.3,7.2,5.3,63.5
623,C,1,1,3.8,9.0,6.8,3.2,71.3
623,D,1,0,6.9,8.8,8.3,6.2,67.0
624,A,0,0,8.0,4.2,9.0,7.1,47.2
624,B,1,0,7.0,8.4,5.9,7.9,65.3
624,C,0,0,2.6,7.0,5.0,3.7,30.5
624,D,1,1,8.0,8.8,8.1,8.2,88.5
625,A,1,0,3.9,6.6,7.5,6.2,57.0
625,B,1,1,9.0,7.2,5.7,7.1,81.7
625,C,0,0,4.9,8.4,5.4,3.6,37.2
625,D,1,1,8.2,8.3,8.6,7.9,88.3
626,A,0,1,7.6,4.0,8.8,6.2,61.0
626,B,0,1,6.5,7.5,6.8,3.6,57.3
626,C,1,1,3.8,8.5,7.3,5.8,75.7
626,D,1,1,7.0,7.7,7.5,6.2,80.7
627,A,1,0,6.0,4.0,6.2,7.3,55.8
627,B,1,0,6.6,6.3,6.1,5.8,58.0
627,C,0,0,3.8,4.2,6.7,6.1,34.7
627,D,0,0,6.2,8.5,8.6,6.5,49.7
628,A,0,1,7.2,4.1,7.6,4.4,55.5
628,B,1,0,7.8,6.4,4.9,5.6,57.8
628,C,1,0,5.8,6.5,7.4,7.1,61.3
628,D,1,1,9.1,5.8,7.1,5.4,79.0
629,A,1,1,5.0,3.8,6.6,4.1,65.8
629,B,1,1,8.4,6.5,7.9,4.3,78.5
629,C,1,0,4.3,8.2,6.9,5.7,58.5
629,D,1,1,7.7,5.4,7.2,4.6,74.8
630,A,0,1,7.8,1.8,6.2,5.4,52.0
630,B,1,0,7.9,7.6,7.0,4.7,62.0
630,C,1,0,3.6,8.1,6.0,4.8,54.2
630,D,1,1,6.7,8.1,8.1,6.4,82.2
631,A,0,1,6.9,5.5,7.7,7.0,61.8
631,B,0,0,7.9,9.1,6.4,5.6,48.3
631,C,1,0,4.4,7.5,5.1,5.5,54.2
631,D,1,1,8.2,7.0,6.9,8.2,83.8
632,A,0,0,5.1,4.5,5.5,7.4,37.5
632,B,1,1,5.5,8.1,5.9,7.1,77.7
632,C,1,1,1.8,9.3,4.9,4.8,68.0
632,D,1,1,9.7,5.7,5.0,5.9,77.2
633,A,0,0,7.4,4.2,6.4,7.5,42.5
633,B,1,1,7.2,6.4,6.9,7.4,79.8
633,C,1,0,5.1,8.0,6.5,5.3,58.2
633,D,1,1,7.4,9.6,6.2,9.8,88.3
634,A,0,0,7.2,5.1,9.6,5.5,45.7
634,B,0,1,7.9,6.3,8.5,7.4,66.8
634,C,0,1,4.2,9.9,5.4,3.2,54.5
634,D,1,1,8.9,8.5,8.0,8.0,89.0
635,A,1,1,7.5,4.1,8.7,7.7,80.0
635,B,1,0,8.1,8.6,5.6,6.8,65.2
635,C,1,0,4.5,8.0,5.0,5.1,54.3
635,D,1,1,9.6,9.0,7.0,5.7,85.5
636,A,0,0,4.5,3.1,5.2,5.3,30.2
636,B,0,1,5.3,8.2,6.5,7.4,62.3
636,C,0,0,5.4,8.0,5.2,3.5,36.8
636,D,1,1,6.2,8.4,5.0,4.8,74.0
637,A,0,1,5.0,2.5,5.7,4.9,46.8
637,B,1,1,6.3,5.6,6.2,8.3,77.3
637,C,1,0,6.4,6.6,6.4,6.3,59.5
637,D,0,1,6.7,7.0,5.3,7.3,60.5
638,A,0,1,7.1,2.0,5.9,3.0,46.7
638,B,1,1,5.3,7.3,6.0,5.7,73.8
638,C,0,0,5.5,6.8,9.1,4.5,43.2
638,D,1,0,8.3,8.0,5.9,4.9,61.8
639,A,0,0,6.3,2.6,6.5,6.2,36.0
639,B,0,1,6.0,7.6,6.4,5.2,58.7
639,C,0,0,4.8,6.1,4.8,5.3,35.0
639,D,0,1,6.8,8.3,6.6,8.9,67.7
640,A,1,1,5.9,4.4,7.3,4.1,69.5
640,B,1,1,7.5,7.0,6.1,5.5,76.8
640,C,0,1,4.1,7.8,7.8,4.2,56.5
640,D,1,1,8.3,8.4,6.7,6.4,83.0
641,A,1,1,6.5,7.7,7.4,5.8,79.0
641,B,0,1,8.0,7.4,6.6,8.0,66.7
641,C,0,0,4.3,8.1,5.9,4.3,37.7
641,D,1,1,8.1,8.1,6.1,6.0,80.5
642,A,1,1,7.4,4.9,8.1,5.7,76.8
642,B,0,1,7.3,6.4,7.8,7.5,65.0
642,C,0,0,5.6,9.8,5.8,3.7,41.5
642,D,1,1,5.0,9.4,8.9,7.1,84.0
643,A,0,0,6.8,7.4,8.8,4.6,46.0
643,B,1,1,6.9,5.6,6.6,6.1,75.3
643,C,0,0,6.7,8.7,5.8,5.6,44.7
643,D,1,1,6.1,5.4,6.7,7.6,76.3
644,A,0,1,6.1,4.0,7.1,6.0,55.3
644,B,1,1,7.8,5.4,5.8,6.2,75.3
644,C,1,0,5.6,8.7,6.5,4.8,59.3
644,D,0,0,8.0,7.8,5.2,5.5,44.2
645,A,0,1,7.5,3.6,8.0,7.5,61.0
645,B,1,1,6.9,6.2,6.2,6.8,76.8
645,C,1,1,3.7,8.1,7.2,6.0,75.0
645,D,1,1,8.6,6.9,6.1,6.0,79.3
646,A,0,1,6.9,4.9,6.9,5.7,57.3
646,B,1,0,10,7.6,5.7,8.2,69.2
646,C,0,1,6.9,9.1,7.2,5.3,64.2
646,D,1,1,7.4,10,6.6,4.8,81.3
647,A,1,1,7.5,1.7,5.9,5.8,68.2
647,B,0,1,6.1,7.9,7.3,8.2,65.8
647,C,0,0,5.1,8.0,7.4,4.5,41.7
647,D,1,1,5.9,9.0,7.1,8.5,84.2
648,A,0,0,6.2,2.8,6.4,8.0,39.0
648,B,1,1,5.4,8.5,5.7,4.9,74.2
648,C,0,0,4.8,8.5,7.2,5.1,42.7
648,D,0,0,7.5,8.0,7.6,6.4,49.2
649,A,0,0,5.2,4.2,7.1,5.6,36.8
649,B,1,1,7.4,9.2,6.7,7.6,84.8
649,C,1,0,5.8,4.7,5.6,5.7,53.0
649,D,1,0,10,7.3,6.9,5.4,66.0
650,A,1,1,6.0,2.3,8.0,5.0,68.8
650,B,0,0,7.2,7.9,6.9,7.2,48.7
650,C,0,1,1.7,7.9,5.4,4.6,49.3
650,D,1,1,7.6,8.4,5.3,7.3,81.0
651,A,1,1,7.2,4.9,7.7,2.5,70.5
651,B,1,0,8.1,6.2,6.8,6.6,62.8
651,C,0,1,3.0,6.7,5.9,4.4,50.0
651,D,1,0,8.9,8.2,6.8,8.9,71.3
652,A,0,0,7.5,4.6,8.1,4.9,41.8
652,B,0,1,5.4,7.1,5.9,5.9,57.2
652,C,1,0,5.5,7.1,7.6,3.5,56.2
652,D,0,1,6.6,8.6,7.7,6.4,65.5
653,A,0,0,6.8,5.2,8.2,5.0,42.0
653,B,1,1,7.2,7.5,6.0,8.4,81.8
653,C,0,0,5.0,8.0,4.4,3.6,35.0
653,D,1,1,8.6,7.8,6.3,7.1,83.0
654,A,1,0,6.0,4.3,7.5,7.0,58.0
654,B,1,0,7.4,6.9,4.9,7.3,60.8
654,C,0,0,3.9,8.6,4.6,4.9,36.7
654,D,0,1,6.2,9.1,9.6,7.0,69.8
655,A,0,1,5.3,3.7,8.4,6.4,56.3
655,B,1,1,9.7,6.3,4.6,7.0,79.3
655,C,1,1,5.4,6.4,5.6,4.8,70.3
655,D,1,1,6.8,6.9,6.5,8.3,80.8
656,A,0,1,7.9,4.2,6.0,8.1,60.3
656,B,0,0,6.9,7.1,7.9,6.0,46.5
656,C,1,0,5.6,9.2,5.9,4.6,58.8
656,D,1,0,8.0,5.6,7.8,6.1,62.5
657,A,0,0,6.7,6.0,7.3,5.8,43.0
657,B,0,1,4.8,8.3,5.1,8.0,60.3
657,C,1,0,6.1,7.1,8.4,3.0,57.7
657,D,1,1,7.1,5.3,6.7,6.7,76.3
658,A,0,0,6.8,4.7,6.6,7.4,42.5
658,B,1,1,7.4,3.0,5.6,4.2,67.0
658,C,1,0,5.3,5.6,7.1,4.8,54.7
658,D,1,1,6.8,6.4,8.2,3.8,75.3
659,A,1,0,8.0,4.4,7.9,6.4,61.2
659,B,1,0,7.3,7.9,4.5,5.0,57.8
659,C,1,1,4.5,7.7,4.2,4.9,68.8
659,D,1,1,8.3,7.0,6.4,5.2,78.2
660,A,1,0,5.1,4.0,6.9,4.9,51.5
660,B,0,0,5.1,8.1,7.6,7.3,46.8
660,C,0,1,5.8,9.1,7.2,4.8,61.5
660,D,0,1,6.2,9.0,6.4,5.5,61.8
661,A,0,1,7.8,5.4,9.1,4.8,61.8
661,B,1,1,8.9,7.6,8.0,5.7,83.7
661,C,0,1,2.8,9.1,5.0,5.7,54.3
661,D,1,0,8.6,7.4,5.3,5.9,62.0
662,A,0,1,6.7,5.5,8.5,3.2,56.5
662,B,1,0,6.9,7.9,7.8,7.0,66.0
662,C,1,1,3.8,7.5,8.5,4.1,73.2
662,D,1,0,7.0,6.6,8.2,8.3,66.8
663,A,0,0,6.9,5.6,6.1,8.1,44.5
663,B,1,1,6.5,9.7,5.0,4.4,76.0
663,C,1,1,4.3,7.2,9.8,4.0,75.5
663,D,1,1,5.6,7.3,7.0,7.0,78.2
664,A,0,1,7.4,5.4,4.6,4.8,53.7
664,B,0,0,7.9,9.5,6.5,4.8,47.8
664,C,0,0,3.5,8.9,7.3,5.9,42.7
664,D,0,1,6.5,9.4,7.9,5.2,65.0
665,A,1,0,5.7,4.1,5.4,4.5,49.5
665,B,1,0,5.2,8.7,8.1,8.2,67.0
665,C,1,1,5.1,7.8,4.9,2.4,67.0
665,D,1,1,8.6,7.6,7.2,8.5,86.5
666,A,0,1,5.2,4.1,7.8,6.4,55.8
666,B,1,1,6.7,6.2,8.6,8.2,82.8
666,C,1,0,5.6,7.8,8.7,4.5,61.0
666,D,1,0,6.4,8.2,6.5,6.0,61.8
667,A,1,0,6.1,6.3,8.3,6.8,62.5
667,B,0,1,6.0,7.1,6.5,7.3,61.5
667,C,1,1,2.6,10,7.7,4.7,75.0
667,D,1,1,7.6,8.2,5.3,5.9,78.3
668,A,1,0,5.7,4.6,8.0,7.2,59.2
668,B,1,1,7.0,6.5,5.5,8.1,78.5
668,C,0,1,5.6,7.5,4.9,3.0,51.7
668,D,0,1,6.7,7.6,6.9,5.0,60.3
669,A,1,0,7.1,5.4,6.5,5.2,57.0
669,B,0,1,5.3,6.5,5.1,5.5,54.0
669,C,1,0,4.7,6.2,7.0,6.0,56.5
669,D,1,1,6.4,7.7,5.0,4.7,73.0
670,A,0,0,5.3,2.3,9.0,5.1,36.2
670,B,1,1,6.2,5.2,8.8,6.8,78.3
670,C,0,0,5.7,9.7,7.8,5.2,47.3
670,D,0,1,8.1,6.8,8.6,6.6,66.8
671,A,1,0,7.4,4.9,10,6.5,64.7
671,B,1,1,6.1,8.2,6.6,7.2,80.2
671,C,1,0,4.5,9.4,7.2,6.2,62.2
671,D,1,0,5.5,8.2,5.4,6.8,59.8
672,A,1,0,7.3,2.9,8.9,2.3,52.3
672,B,1,1,3.2,5.1,10,8.9,78.7
672,C,0,0,5.0,9.5,7.5,5.0,45.0
672,D,0,0,7.8,5.4,6.7,6.4,43.8
673,A,1,0,7.0,5.4,5.4,5.5,55.5
673,B,1,0,8.8,8.9,7.6,5.7,68.3
673,C,0,0,6.4,7.7,7.9,5.8,46.3
673,D,0,0,10,8.7,7.3,7.6,56.0
674,A,1,0,6.2,3.6,6.0,6.0,53.0
674,B,0,0,8.6,5.5,7.3,5.2,44.3
674,C,0,0,3.0,7.4,4.4,5.5,33.8
674,D,1,0,7.7,5.5,5.6,5.9,57.8
675,A,1,0,6.9,5.9,6.4,6.5,59.5
675,B,1,1,6.0,10,8.2,6.8,85.0
675,C,0,0,4.4,10,4.5,4.9,39.7
675,D,1,0,6.9,7.2,8.0,6.5,64.3
676,A,1,0,7.2,6.7,6.9,3.8,57.7
676,B,1,0,7.6,9.2,5.5,7.8,66.8
676,C,1,0,6.1,9.6,7.9,4.1,62.8
676,D,1,0,6.5,8.1,6.6,3.8,58.3
677,A,1,0,6.3,3.4,4.6,6.1,50.7
677,B,1,1,6.4,5.2,8.2,5.3,75.2
677,C,0,1,4.9,8.0,7.9,4.9,59.5
677,D,0,1,6.0,7.1,6.9,4.7,57.8
678,A,0,1,4.6,5.4,8.2,6.9,58.5
678,B,1,1,7.8,7.1,6.9,5.2,78.3
678,C,0,1,4.4,9.3,6.1,7.2,61.7
678,D,1,1,4.1,7.9,6.5,4.3,71.3
679,A,1,1,2.9,3.7,7.8,6.6,68.3
679,B,1,1,5.1,6.5,5.3,5.5,70.7
679,C,1,0,4.4,8.8,6.3,6.2,59.5
679,D,1,1,7.8,7.9,7.1,6.2,81.7
680,A,0,0,4.9,3.8,5.4,5.9,33.3
680,B,0,1,6.3,8.1,8.0,6.3,64.5
680,C,1,0,5.0,8.0,9.1,6.7,64.7
680,D,1,0,6.1,7.7,8.4,6.4,64.3
681,A,1,1,6.9,4.7,6.1,5.1,71.3
681,B,0,1,3.9,7.3,5.0,5.2,52.3
681,C,1,1,2.7,8.3,4.4,2.9,63.8
681,D,0,0,6.6,9.1,7.0,7.0,49.5
682,A,1,0,6.9,5.0,6.5,4.8,55.3
682,B,1,0,7.3,6.5,5.0,8.1,61.5
682,C,0,1,4.7,6.8,6.9,5.6,56.7
682,D,0,1,7.2,8.7,7.3,6.8,66.7
683,A,0,0,8.0,2.5,5.7,5.9,36.8
683,B,1,0,7.7,7.6,6.5,4.8,61.0
683,C,1,0,6.0,8.5,6.2,6.7,62.3
683,D,1,0,6.5,9.1,8.1,5.3,65.0
684,A,0,1,7.5,4.0,8.0,5.8,58.8
684,B,1,1,8.8,8.4,7.6,5.7,84.2
684,C,0,0,2.6,6.6,5.9,4.0,31.8
684,D,1,0,9.6,8.8,7.6,5.2,68.7
685,A,0,0,4.6,2.3,6.1,6.0,31.7
685,B,1,0,7.8,8.5,7.1,5.7,65.2
685,C,1,0,8.2,7.6,6.8,6.1,64.5
685,D,1,0,7.4,7.2,8.5,6.8,66.5
686,A,1,1,4.4,4.4,5.7,4.5,65.0
686,B,1,0,6.9,9.9,7.1,4.1,63.3
686,C,0,0,6.8,8.4,6.6,6.8,47.7
686,D,1,1,7.6,6.0,6.3,8.1,80.0
687,A,1,0,4.6,5.8,7.9,7.1,59.0
687,B,1,1,5.3,9.9,4.6,7.6,79.0
687,C,0,1,6.8,8.7,8.1,3.9,62.5
687,D,1,0,7.5,5.9,6.4,8.6,64.0
688,A,0,1,7.2,6.1,8.4,5.3,61.7
688,B,1,0,8.7,7.9,6.7,7.7,68.3
688,C,0,0,5.3,8.9,7.8,5.7,46.2
688,D,1,1,6.1,6.7,7.6,6.6,78.3
689,A,0,1,6.4,3.4,6.8,5.4,53.3
689,B,1,1,6.9,8.8,5.5,5.0,77.0
689,C,1,1,6.5,7.7,6.8,5.2,77.0
689,D,0,0,6.0,8.1,6.8,8.2,48.5
690,A,1,0,5.1,3.8,6.6,7.4,54.8
690,B,1,0,6.2,8.6,5.3,7.6,62.8
690,C,1,0,3.8,6.6,5.5,4.9,51.3
690,D,1,1,7.2,7.8,8.2,6.3,82.5
691,A,0,0,10,2.1,9.9,7.3,48.8
691,B,0,1,5.5,7.8,7.3,5.1,59.5
691,C,1,1,5.9,8.6,5.8,5.0,75.5
691,D,1,1,9.7,8.0,4.5,4.3,77.5
692,A,0,0,10,4.2,9.7,4.3,47.0
692,B,1,0,8.2,5.8,8.1,5.2,62.2
692,C,1,0,4.1,8.4,5.7,5.9,56.8
692,D,1,1,9.1,7.0,8.1,8.7,88.2
693,A,1,0,7.8,3.1,8.9,4.8,57.7
693,B,1,1,6.6,6.4,7.4,4.3,74.5
693,C,0,1,5.4,8.0,6.7,6.6,61.2
693,D,1,1,6.6,8.5,8.3,6.5,83.2
694,A,0,0,8.4,5.3,9.0,5.9,47.7
694,B,1,1,3.9,9.1,6.1,5.0,73.5
694,C,0,0,6.2,9.2,5.5,6.9,46.3
694,D,1,1,9.5,8.3,6.9,6.2,84.8
695,A,0,0,8.1,6.3,5.5,7.7,46.0
695,B,1,0,8.8,7.9,5.2,6.5,64.0
695,C,1,0,5.6,9.6,5.4,6.1,61.2
695,D,1,0,6.8,6.2,8.2,4.6,59.7
696,A,0,0,6.4,2.9,5.9,5.7,34.8
696,B,0,1,9.9,7.2,7.4,8.1,71.0
696,C,0,1,2.1,9.4,8.7,5.3,59.2
696,D,0,0,7.4,6.3,8.6,9.1,52.3
697,A,0,1,5.9,4.9,5.9,3.5,50.3
697,B,1,1,7.1,8.9,8.2,6.1,83.8
697,C,1,1,4.5,8.8,4.7,2.1,66.8
697,D,0,1,6.9,9.5,6.9,4.5,63.0
698,A,1,0,6.8,3.3,9.4,5.7,58.7
698,B,1,0,5.6,7.9,9.4,8.0,68.2
698,C,1,1,6.2,8.9,5.0,5.2,75.5
698,D,0,1,7.7,7.5,5.9,3.7,58.0
699,A,1,0,6.8,3.4,7.9,6.0,56.8
699,B,1,1,6.6,9.4,9.1,7.3,87.3
699,C,1,1,3.6,6.2,6.7,5.7,70.3
699,D,1,1,6.8,7.7,5.1,4.1,72.8
700,A,0,0,7.5,3.2,9.1,8.7,47.5
700,B,1,0,6.4,5.0,6.2,6.1,56.2
700,C,1,0,6.9,6.7,7.1,3.4,56.8
700,D,1,0,8.5,9.6,8.0,5.4,69.2
701,A,0,1,6.8,2.8,8.2,4.6,54.0
701,B,1,0,6.6,7.2,4.7,6.9,59.0
701,C,1,0,7.1,9.2,5.2,5.3,61.3
701,D,1,1,6.6,8.1,7.0,6.7,80.7
702,A,0,0,4.0,5.9,8.0,7.4,42.2
702,B,0,0,8.5,8.2,7.2,6.9,51.3
702,C,1,0,3.4,6.5,6.5,5.7,53.5
702,D,1,1,6.7,7.4,7.9,7.8,83.0
703,A,0,1,8.1,5.5,5.1,5.3,56.7
703,B,1,0,6.8,8.7,5.8,8.0,65.5
703,C,0,0,2.6,7.8,7.8,5.6,39.7
703,D,1,1,6.1,6.5,6.1,7.4,76.8
704,A,1,1,5.4,2.6,5.0,5.7,64.5
704,B,1,0,7.2,7.5,7.3,6.2,63.7
704,C,0,0,3.1,7.1,8.0,3.9,36.8
704,D,1,1,6.9,8.6,8.1,5.6,82.0
705,A,1,0,5.4,4.8,8.1,5.8,56.8
705,B,1,0,9.2,6.6,7.9,3.6,62.2
705,C,0,1,4.4,6.8,6.9,5.1,55.3
705,D,1,1,7.8,6.2,7.8,6.3,80.2
706,A,1,1,5.8,5.2,5.7,6.3,71.7
706,B,0,1,6.3,6.0,7.6,6.1,60.0
706,C,1,1,3.9,7.2,6.4,4.0,69.2
706,D,1,1,7.6,8.4,7.4,6.4,83.0
707,A,1,0,5.9,4.6,5.5,7.8,56.3
707,B,0,1,6.1,7.3,7.5,5.7,61.0
707,C,0,0,3.9,6.2,7.2,3.2,34.2
707,D,1,0,8.3,6.9,6.6,6.1,63.2
708,A,0,1,6.8,6.6,7.0,4.4,58.0
708,B,1,0,5.5,6.5,6.1,7.6,59.5
708,C,0,0,4.6,8.7,8.3,4.1,42.8
708,D,0,0,7.8,8.3,6.8,5.9,48.0
709,A,0,0,6.6,4.6,6.7,5.6,39.2
709,B,1,1,7.4,8.2,7.9,6.8,83.8
709,C,1,0,3.3,9.7,5.6,5.3,56.5
709,D,1,1,7.3,5.8,7.8,4.4,75.5
710,A,1,0,5.1,4.6,8.4,5.7,56.3
710,B,1,1,8.6,9.0,7.2,7.0,86.3
710,C,1,1,2.9,7.5,7.7,6.1,73.7
710,D,1,1,6.6,10,7.5,5.9,83.3
711,A,1,1,5.8,4.5,9.3,6.8,77.3
711,B,1,1,6.4,5.6,9.2,8.0,82.0
711,C,0,1,4.2,8.3,6.3,5.9,57.8
711,D,1,1,5.9,7.4,6.4,6.9,77.7
712,A,1,0,6.3,4.7,4.9,5.7,52.7
712,B,0,0,5.9,7.9,5.2,6.0,41.7
712,C,1,0,4.2,6.8,6.6,4.2,53.0
712,D,1,1,6.1,7.3,6.6,6.1,76.8
713,A,1,1,7.4,2.7,7.1,6.6,73.0
713,B,1,1,7.0,7.4,7.7,7.8,83.2
713,C,1,0,6.8,9.1,3.7,4.8,57.3
713,D,1,1,9.0,8.4,5.7,8.8,86.5
714,A,1,0,6.5,4.8,10,6.1,62.3
714,B,1,0,6.4,7.7,6.4,5.9,60.7
714,C,1,1,4.3,7.7,5.0,3.9,68.2
714,D,0,0,7.8,6.5,7.4,6.5,47.0
715,A,1,0,8.6,3.8,8.2,5.0,59.3
715,B,0,0,7.7,6.7,8.0,5.0,45.7
715,C,0,0,3.4,8.1,5.6,6.8,39.8
715,D,1,1,5.9,9.9,6.6,7.2,82.7
716,A,1,1,5.9,3.4,7.3,3.3,66.5
716,B,0,1,7.9,8.4,6.0,5.9,63.7
716,C,1,0,3.8,5.8,4.1,4.3,46.7
716,D,0,1,6.9,8.1,6.7,6.7,64.0
717,A,1,0,6.1,4.9,7.4,5.6,56.7
717,B,0,1,6.1,7.2,7.6,5.1,60.0
717,C,1,0,4.0,7.1,6.2,5.8,55.2
717,D,1,1,8.2,7.5,8.4,6.5,84.3
718,A,1,0,7.6,6.2,7.0,5.5,60.5
718,B,0,0,5.9,7.3,7.7,6.3,45.3
718,C,0,1,6.1,6.1,7.4,4.9,57.5
718,D,1,0,6.2,5.8,6.3,5.5,56.3
719,A,0,1,6.9,5.8,7.5,6.4,61.0
719,B,1,1,5.7,6.9,7.9,6.7,78.7
719,C,0,1,6.8,8.1,5.9,4.6,59.0
719,D,1,0,7.6,8.3,7.5,6.9,67.2
720,A,0,0,7.7,4.7,6.6,6.1,41.8
720,B,1,0,6.8,6.7,5.4,7.5,60.7
720,C,0,1,4.8,9.8,7.3,3.5,59.0
720,D,1,1,5.6,8.3,7.3,6.9,80.2
721,A,0,0,5.4,5.8,7.6,4.9,39.5
721,B,1,0,8.6,8.3,7.8,6.5,68.7
721,C,0,0,6.9,7.4,6.0,4.9,42.0
721,D,0,1,7.7,8.2,5.4,4.6,59.8
722,A,1,0,6.7,4.6,8.6,4.8,57.8
722,B,1,0,8.6,7.3,3.6,7.0,60.8
722,C,0,0,3.4,7.1,4.3,2.8,29.3
722,D,0,1,5.9,8.5,6.3,5.9,61.0
723,A,1,0,6.7,5.2,6.8,7.0,59.5
723,B,0,1,5.7,6.5,7.1,6.0,58.8
723,C,1,0,6.7,7.7,7.0,4.6,60.0
723,D,0,0,6.8,6.2,6.6,5.7,42.2
724,A,1,1,6.2,2.2,5.6,5.1,65.2
724,B,0,1,6.4,6.6,9.0,5.9,63.2
724,C,0,0,3.4,7.8,5.6,6.2,38.3
724,D,1,0,7.8,8.8,7.2,6.8,67.7
725,A,1,1,7.7,4.1,7.6,5.0,74.0
725,B,1,1,7.4,6.8,8.7,5.4,80.5
725,C,0,0,5.0,8.2,6.1,6.7,43.3
725,D,0,1,6.6,7.7,6.7,6.7,62.8
726,A,1,0,5.8,5.1,7.4,5.7,56.7
726,B,1,1,7.3,5.6,7.3,5.7,76.5
726,C,1,0,4.1,7.1,4.9,5.0,51.8
726,D,1,1,7.5,9.1,6.3,8.0,84.8
727,A,1,0,7.2,5.9,6.2,3.4,54.5
727,B,0,1,7.2,6.0,6.9,6.4,60.8
727,C,1,0,4.7,6.0,6.0,5.8,54.2
727,D,1,1,6.2,8.4,7.2,6.1,79.8
728,A,0,1,7.5,3.7,6.4,8.1,59.5
728,B,1,1,8.5,8.1,5.9,7.4,83.2
728,C,0,1,5.1,9.9,5.2,4.6,58.0
728,D,1,0,8.2,8.2,6.8,6.5,66.2
729,A,0,0,7.5,4.8,6.0,4.7,38.3
729,B,1,1,8.1,5.2,6.7,5.4,75.7
729,C,0,1,3.7,7.1,7.3,7.1,58.7
729,D,1,1,4.5,9.8,7.0,6.2,79.2
730,A,0,0,6.1,4.6,4.5,6.2,35.7
730,B,0,0,7.4,6.7,5.7,4.9,41.2
730,C,1,1,4.5,5.0,6.6,6.8,71.5
730,D,1,1,6.4,7.2,6.6,8.3,80.8
731,A,1,0,6.7,4.4,7.7,6.4,58.7
731,B,0,1,7.2,8.5,5.5,6.4,62.7
731,C,0,1,4.8,8.3,7.5,6.3,61.5
731,D,1,1,5.5,6.5,8.5,7.7,80.3
732,A,1,1,7.2,3.1,6.6,4.0,68.2
732,B,1,1,5.9,8.8,6.4,5.7,78.0
732,C,0,0,6.1,6.5,6.8,6.4,43.0
732,D,1,0,6.6,7.6,4.9,5.0,56.8
733,A,1,1,8.5,7.5,7.8,6.7,84.2
733,B,0,0,6.9,8.6,6.6,5.9,46.7
733,C,1,0,4.6,7.8,4.4,5.3,53.5
733,D,1,1,7.4,8.1,5.6,6.9,80.0
734,A,1,0,6.8,5.5,8.1,6.8,62.0
734,B,1,1,6.4,7.0,5.5,8.0,78.2
734,C,1,0,3.4,8.3,5.9,3.6,52.0
734,D,1,1,6.7,8.4,8.3,6.4,83.0
735,A,1,1,6.5,4.7,7.3,6.4,74.8
735,B,0,0,6.7,6.5,8.2,5.4,44.7
735,C,1,1,4.3,9.6,4.7,6.1,74.5
735,D,1,0,9.5,9.6,5.9,6.7,69.5
736,A,0,0,5.4,4.2,8.4,5.3,38.8
736,B,0,1,7.2,7.9,8.1,6.9,66.8
736,C,1,1,6.8,5.8,7.0,3.8,72.3
736,D,1,0,6.6,6.7,7.0,5.3,59.3
737,A,0,0,10,2.6,7.8,7.0,45.7
737,B,1,1,6.8,7.5,6.5,7.1,79.8
737,C,1,1,2.5,7.7,7.0,3.4,67.7
737,D,1,1,6.4,6.4,8.3,8.2,82.2
738,A,0,0,7.2,6.5,8.2,6.3,47.0
738,B,1,1,7.4,9.2,8.0,5.7,83.8
738,C,0,0,5.1,5.7,5.0,6.3,36.8
738,D,1,1,5.2,7.4,7.6,5.0,75.3
739,A,1,0,7.4,5.3,7.4,6.6,61.2
739,B,1,1,7.4,5.9,5.5,4.4,72.0
739,C,1,1,4.5,7.2,8.2,5.4,75.5
739,D,1,1,6.9,4.2,7.3,6.1,74.2
740,A,0,0,5.9,2.6,5.3,5.1,31.5
740,B,1,0,8.2,7.4,7.6,6.2,65.7
740,C,1,0,4.8,7.8,4.1,6.3,55.0
740,D,0,1,6.3,8.1,6.6,7.3,63.8
741,A,1,0,8.4,5.8,8.3,7.1,66.0
741,B,1,1,8.6,9.0,8.1,6.3,86.7
741,C,1,0,4.2,5.6,5.9,4.2,49.8
741,D,1,0,5.8,8.0,5.5,7.2,60.8
742,A,0,0,6.7,3.7,4.5,4.9,33.0
742,B,1,1,6.3,5.9,5.5,6.6,73.8
742,C,0,0,3.8,7.4,4.9,5.3,35.7
742,D,1,0,6.7,9.3,7.5,6.9,67.3
743,A,0,0,8.2,4.2,9.9,4.4,44.5
743,B,1,1,6.7,7.2,6.5,4.9,75.5
743,C,1,0,4.4,8.4,4.2,5.5,54.2
743,D,1,0,5.9,10,7.7,6.1,66.2
744,A,0,1,7.1,6.2,7.1,6.8,62.0
744,B,1,0,4.7,7.7,7.8,6.4,61.0
744,C,1,0,3.9,8.1,6.8,6.3,58.5
744,D,1,1,6.1,7.6,7.4,3.8,74.8
745,A,1,1,7.4,6.8,8.2,5.7,80.2
745,B,1,1,7.4,6.4,6.3,6.5,77.7
745,C,1,1,3.0,8.8,8.1,5.7,76.0
745,D,1,1,6.7,6.0,6.0,8.1,78.0
746,A,0,0,5.9,4.9,7.0,5.9,39.5
746,B,1,1,7.1,6.6,4.9,6.3,74.8
746,C,0,0,1.4,7.0,5.3,6.1,33.0
746,D,0,1,8.1,6.2,5.6,5.2,58.5
747,A,1,0,5.1,4.7,5.0,7.4,53.7
747,B,1,1,7.2,8.6,8.6,7.6,86.7
747,C,1,1,6.0,8.5,7.8,6.1,80.7
747,D,0,0,8.3,6.7,8.8,6.5,50.5
748,A,0,0,5.7,4.5,6.4,4.3,34.8
748,B,1,0,5.6,5.5,7.2,6.2,57.5
748,C,1,0,4.7,8.2,5.9,3.3,53.5
748,D,0,1,7.3,7.0,6.3,4.2,58.0
749,A,1,0,6.8,4.8,8.4,5.6,59.3
749,B,0,0,6.7,5.2,5.2,4.9,36.7
749,C,1,0,2.0,6.7,6.1,6.1,51.5
749,D,0,0,8.4,7.3,6.3,5.1,45.2
750,A,1,1,6.3,5.7,10,6.9,81.5
750,B,1,1,8.1,5.3,6.6,5.7,76.2
750,C,1,1,4.7,9.5,3.5,6.7,74.0
750,D,1,1,6.5,4.6,6.1,6.8,73.3
751,A,0,0,5.9,8.5,9.4,4.2,46.7
751,B,0,1,5.3,7.5,6.4,7.5,61.2
751,C,1,0,4.5,6.1,7.2,4.0,53.0
751,D,1,0,8.3,5.6,6.2,4.5,57.7
752,A,0,0,6.9,5.6,8.1,5.9,44.2
752,B,1,0,5.5,8.3,5.7,7.6,61.8
752,C,1,1,2.4,5.1,5.4,3.6,60.8
752,D,1,1,7.6,9.5,7.0,7.2,85.5
753,A,0,1,8.4,3.0,9.8,6.6,63.0
753,B,1,0,7.0,7.8,6.4,5.9,61.8
753,C,0,0,6.1,8.6,5.9,4.9,42.5
753,D,1,1,7.2,8.5,7.2,7.5,84.0
754,A,1,0,7.2,4.4,6.6,5.5,56.2
754,B,1,1,9.0,10,5.6,6.4,85.0
754,C,0,0,2.3,5.7,5.7,4.5,30.3
754,D,1,1,7.9,8.1,5.7,6.3,80.0
755,A,1,0,7.3,2.4,5.7,6.2,52.7
755,B,1,0,5.8,6.4,7.2,5.5,58.2
755,C,1,0,4.5,8.3,3.4,5.3,52.5
755,D,0,1,8.5,6.8,8.7,7.2,68.7
756,A,1,0,5.6,3.0,8.9,5.2,54.5
756,B,1,0,6.7,5.4,6.9,6.6,59.3
756,C,0,1,5.3,7.8,7.2,3.9,57.0
756,D,1,0,7.4,8.6,7.0,5.5,64.2
757,A,0,0,4.8,5.2,8.0,6.4,40.7
757,B,1,1,6.9,6.7,7.8,6.1,79.2
757,C,0,0,5.9,6.3,6.5,5.7,40.7
757,D,1,0,9.3,7.8,5.6,6.4,65.2
758,A,0,1,5.3,4.7,7.8,7.5,58.8
758,B,1,1,8.1,6.5,6.7,8.1,82.3
758,C,1,0,3.9,7.9,7.4,5.3,57.5
758,D,0,0,7.3,8.2,7.9,4.3,46.2
759,A,1,0,4.8,7.8,9.4,7.3,65.5
759,B,1,1,6.3,10,8.9,6.5,86.2
759,C,0,0,6.3,6.7,5.9,4.6,39.2
759,D,1,0,8.4,8.3,6.1,6.1,64.8
760,A,0,0,6.2,4.7,7.7,2.9,35.8
760,B,0,1,9.1,8.0,7.2,6.1,67.3
760,C,0,0,4.3,8.1,7.1,3.7,38.7
760,D,1,1,5.0,9.4,8.7,8.9,86.7
761,A,0,1,4.4,6.2,8.3,6.2,58.5
761,B,0,1,5.7,4.9,5.8,5.7,53.5
761,C,1,0,5.5,7.7,6.8,4.4,57.3
761,D,0,1,7.7,7.9,5.3,5.7,61.0
762,A,1,1,6.6,3.7,6.5,4.1,68.2
762,B,0,0,3.7,7.4,4.9,6.6,37.7
762,C,0,1,5.9,9.1,5.6,5.1,59.5
762,D,1,1,5.8,9.3,7.4,9.7,87.0
763,A,1,1,7.1,2.6,6.8,6.1,71.0
763,B,0,0,6.1,6.6,7.4,6.4,44.2
763,C,1,0,5.1,8.7,9.5,5.5,64.7
763,D,1,1,8.8,8.0,7.3,5.2,82.2
764,A,1,0,7.8,5.3,7.5,6.9,62.5
764,B,1,0,9.3,8.8,8.2,5.0,68.8
764,C,0,0,4.7,7.6,6.8,6.3,42.3
764,D,1,1,9.2,7.4,7.6,5.0,82.0
765,A,1,1,7.5,3.7,7.6,6.2,75.0
765,B,1,1,6.7,9.2,7.7,9.2,88.0
765,C,1,0,3.7,9.3,7.2,5.7,59.8
765,D,0,0,7.0,6.5,6.8,6.7,45.0
766,A,1,0,7.0,6.3,7.8,3.4,57.5
766,B,1,1,5.9,8.6,8.9,5.1,80.8
766,C,1,1,4.6,8.1,4.5,6.0,72.0
766,D,1,0,5.6,7.9,6.3,7.8,62.7
767,A,1,0,8.4,6.5,7.8,4.0,61.2
767,B,0,1,9.4,6.1,8.4,5.6,65.8
767,C,1,0,5.0,7.3,5.3,3.0,51.0
767,D,1,0,6.3,9.4,4.8,8.2,64.5
768,A,1,0,5.3,4.2,9.1,7.1,59.5
768,B,1,0,5.3,7.8,7.6,4.1,58.0
768,C,1,0,4.1,7.1,7.1,4.7,55.0
768,D,1,1,7.7,5.2,4.4,6.3,72.7
769,A,1,1,6.4,3.8,8.8,5.0,73.3
769,B,0,1,7.4,8.2,5.6,8.6,66.3
769,C,0,0,4.3,7.2,6.3,6.8,41.0
769,D,1,0,7.0,6.7,4.0,5.8,55.8
770,A,0,0,4.5,5.0,8.8,6.5,41.3
770,B,0,0,6.9,7.1,6.6,4.8,42.3
770,C,1,1,2.3,7.7,7.7,4.5,70.3
770,D,1,1,6.5,8.0,6.1,6.4,78.3
771,A,1,0,5.6,6.3,7.1,6.2,58.7
771,B,0,1,8.3,6.2,4.9,6.4,59.7
771,C,1,0,5.4,9.7,6.0,4.7,59.7
771,D,1,1,7.6,8.0,6.0,7.0,81.0
772,A,1,0,6.8,5.1,6.7,6.1,57.8
772,B,0,0,5.7,6.0,5.7,6.2,39.3
772,C,0,0,5.8,7.5,6.6,5.3,42.0
772,D,1,1,7.8,5.7,6.3,5.3,75.2
773,A,0,1,5.9,4.1,6.8,7.0,56.3
773,B,1,1,8.2,8.0,7.5,5.1,81.3
773,C,1,1,5.4,7.2,8.4,4.3,75.5
773,D,1,0,7.1,7.6,8.1,5.9,64.5
774,A,1,0,6.0,3.5,7.6,6.3,55.7
774,B,0,1,6.2,10,8.3,6.5,68.3
774,C,1,1,4.4,8.1,6.3,4.7,72.5
774,D,1,0,6.4,7.4,7.4,5.8,61.7
775,A,1,1,6.1,3.0,5.7,4.5,65.5
775,B,1,1,4.7,7.4,6.0,4.6,71.2
775,C,1,1,5.3,5.1,8.4,5.1,73.2
775,D,1,1,7.5,7.0,7.8,7.3,82.7
776,A,1,0,4.9,4.0,8.6,3.7,52.0
776,B,1,0,6.1,8.8,5.7,4.5,58.5
776,C,0,1,4.4,7.4,6.3,2.7,51.3
776,D,1,1,7.3,5.8,6.1,6.2,75.7
777,A,1,0,4.8,7.8,6.2,6.7,59.2
777,B,1,0,5.7,7.6,9.8,5.5,64.3
777,C,1,1,3.4,9.5,6.0,7.3,77.0
777,D,1,1,6.1,5.6,7.1,6.0,74.7
778,A,1,0,4.5,3.9,7.5,3.7,49.3
778,B,1,1,7.6,6.4,5.2,3.5,71.2
778,C,0,0,4.0,5.5,5.5,4.0,31.7
778,D,1,1,6.1,6.3,6.0,5.4,73.0
779,A,1,0,6.5,4.1,7.7,4.5,54.7
779,B,1,0,5.2,9.5,7.2,4.9,61.3
779,C,1,1,4.8,7.2,6.0,4.0,70.0
779,D,1,1,7.6,8.6,5.6,7.8,82.7
780,A,0,0,6.0,5.5,6.2,7.7,42.3
780,B,1,1,9.5,7.3,7.7,6.5,85.0
780,C,1,0,3.6,8.2,5.3,6.5,56.0
780,D,0,0,9.7,7.5,7.2,6.4,51.3
781,A,1,1,7.9,5.4,6.4,5.8,75.8
781,B,0,1,8.1,8.8,7.7,4.6,65.3
781,C,0,0,4.9,8.7,6.4,4.9,41.5
781,D,1,0,7.5,8.6,8.0,7.1,68.7
782,A,0,1,6.7,4.4,7.3,4.5,54.8
782,B,1,0,5.6,7.0,7.4,6.9,61.5
782,C,0,0,3.7,8.5,5.4,4.9,37.5
782,D,1,1,6.1,6.0,7.1,7.4,77.7
783,A,0,0,8.3,4.8,6.5,3.3,38.2
783,B,1,1,8.6,6.2,6.2,7.5,80.8
783,C,0,1,3.0,6.9,5.6,5.3,51.3
783,D,0,1,6.1,7.3,7.1,6.2,61.2
784,A,0,1,6.4,5.1,6.5,5.5,55.8
784,B,1,1,8.4,8.9,7.6,6.1,85.0
784,C,1,0,3.9,8.3,7.2,5.0,57.3
784,D,1,1,5.9,7.1,7.2,6.7,78.2
785,A,1,0,7.7,3.1,6.9,4.3,53.3
785,B,0,1,6.6,5.8,7.5,5.4,58.8
785,C,0,1,2.8,10,5.3,4.5,54.3
785,D,0,1,7.6,9.4,7.7,6.1,68.0
786,A,0,0,8.2,6.8,8.5,8.3,53.0
786,B,1,0,6.3,9.9,5.8,9.1,68.5
786,C,1,0,6.1,7.9,5.2,6.0,58.7
786,D,1,0,7.2,9.0,6.9,5.4,64.2
787,A,1,0,7.1,4.0,8.5,6.3,59.8
787,B,1,0,7.1,4.9,6.7,6.7,59.0
787,C,0,0,4.3,9.1,6.0,4.2,39.3
787,D,1,1,7.9,9.4,7.0,5.5,83.0
788,A,0,1,7.2,5.6,4.9,7.4,58.5
788,B,1,0,5.1,9.4,7.8,5.8,63.5
788,C,1,1,4.0,6.2,5.1,5.4,67.8
788,D,1,1,5.4,5.9,8.4,5.8,75.8
789,A,1,1,6.1,4.2,9.0,5.4,74.5
789,B,1,0,6.3,7.5,4.6,7.1,59.2
789,C,0,0,4.2,5.5,6.7,6.9,38.8
789,D,1,1,9.7,8.4,5.4,6.7,83.7
790,A,0,1,6.9,3.6,6.9,7.7,58.5
790,B,1,0,7.5,7.2,7.9,7.0,66.0
790,C,0,0,4.7,9.3,4.2,4.4,37.7
790,D,1,0,8.7,9.3,10,6.9,74.8
791,A,1,0,6.9,7.9,8.1,6.7,66.0
791,B,1,0,6.6,7.2,5.9,4.6,57.2
791,C,0,0,3.5,7.8,4.7,6.3,37.2
791,D,1,1,9.7,5.7,5.7,6.7,79.7
792,A,1,1,6.1,4.0,4.7,5.9,67.8
792,B,0,1,5.4,4.6,6.6,6.7,55.5
792,C,1,0,2.0,7.6,6.0,7.2,54.7
792,D,1,1,8.8,7.9,6.9,6.7,83.8
793,A,1,0,7.9,5.0,5.5,6.0,57.3
793,B,1,1,5.2,9.7,5.2,7.5,79.3
793,C,1,1,3.1,9.7,3.8,5.7,70.5
793,D,1,0,7.6,7.4,5.9,7.1,63.3
794,A,1,1,5.4,3.2,5.7,5.6,66.5
794,B,1,0,9.4,9.6,7.6,4.2,68.0
794,C,1,1,4.4,9.5,6.4,5.7,76.7
794,D,1,0,6.8,8.9,8.3,4.8,64.7
795,A,1,0,6.5,5.5,7.1,3.7,54.7
795,B,0,1,6.9,8.7,6.0,5.3,61.5
795,C,1,0,3.2,9.2,6.5,5.9,58.0
795,D,1,1,5.4,6.4,7.3,6.0,75.2
796,A,1,1,7.3,4.2,7.3,7.9,77.8
796,B,1,1,5.0,7.7,5.7,7.0,75.7
796,C,0,0,5.7,8.7,6.1,5.3,43.0
796,D,1,0,6.1,4.7,9.2,5.5,59.2
797,A,0,0,5.8,6.7,5.8,6.0,40.5
797,B,0,1,7.6,9.8,6.5,6.2,66.8
797,C,1,0,5.8,9.4,5.6,3.7,57.5
797,D,1,1,6.4,6.2,7.0,5.6,75.3
798,A,0,0,6.0,4.8,7.6,7.3,42.8
798,B,1,0,6.6,7.8,7.4,4.8,61.0
798,C,1,1,5.1,8.6,4.5,2.4,67.7
798,D,0,0,9.0,9.4,7.5,8.4,57.2
799,A,1,1,7.6,4.1,6.4,5.7,73.0
799,B,0,0,5.8,8.2,6.7,7.1,46.3
799,C,1,1,4.8,7.0,5.4,5.3,70.8
799,D,1,0,5.6,8.8,6.8,3.9,58.5
800,A,0,1,5.9,5.0,8.3,4.7,56.5
800,B,1,1,7.5,7.6,7.8,5.0,79.8
800,C,0,0,2.9,8.0,7.4,3.3,36.0
800,D,1,0,10,7.4,7.4,6.9,69.5
801,A,0,0,6.6,4.3,7.7,5.4,40.0
801,B,1,0,5.9,5.8,8.8,6.2,61.2
801,C,1,0,3.5,7.4,7.4,5.3,56.0
801,D,1,0,5.6,9.9,5.7,5.1,60.5
802,A,1,0,7.1,4.7,7.1,5.0,56.5
802,B,1,1,7.4,6.8,7.4,2.4,73.3
802,C,0,1,6.7,9.1,4.3,4.1,57.0
802,D,1,1,6.2,8.7,5.8,8.2,81.5
803,A,0,0,8.9,6.2,6.7,5.4,45.3
803,B,1,0,6.9,7.1,5.1,7.5,61.0
803,C,1,1,4.6,7.3,8.1,4.8,74.7
803,D,0,1,7.6,7.2,6.3,9.7,68.0
804,A,1,0,6.2,5.6,7.1,9.1,63.3
804,B,1,1,5.9,7.9,6.8,4.7,75.5
804,C,1,0,5.0,6.2,7.6,6.8,59.3
804,D,1,1,6.4,6.0,7.6,5.9,76.5
805,A,1,0,6.2,5.1,10,6.7,63.3
805,B,0,0,6.4,7.6,7.8,4.8,44.3
805,C,1,0,4.6,6.3,5.8,5.0,52.8
805,D,1,1,5.0,7.3,6.5,8.0,78.0
806,A,1,1,7.4,3.9,6.4,6.9,74.3
806,B,1,1,9.8,8.5,10,8.1,94.0
806,C,0,0,4.4,6.6,8.5,5.7,42.0
806,D,1,1,7.1,9.8,6.3,6.6,83.0
807,A,1,0,6.9,4.3,5.9,5.1,53.7
807,B,1,1,6.1,7.3,6.4,6.8,77.7
807,C,1,0,3.6,7.8,4.4,4.5,50.5
807,D,0,0,7.3,6.5,6.6,6.9,45.5
808,A,1,1,4.9,5.7,6.6,5.8,71.7
808,B,1,0,7.1,7.1,6.4,6.6,62.0
808,C,0,0,3.7,7.4,7.7,5.2,40.0
808,D,1,1,6.3,7.2,7.4,5.3,77.0
809,A,1,0,6.6,4.7,8.0,4.3,56.0
809,B,1,0,4.9,9.0,6.3,7.4,62.7
809,C,1,1,5.1,7.8,6.1,4.6,72.7
809,D,1,1,7.6,9.4,9.3,5.6,86.5
810,A,1,1,7.8,2.6,8.9,6.8,76.8
810,B,1,1,7.5,7.4,6.6,10,85.8
810,C,1,0,4.0,6.9,3.7,5.2,49.7
810,D,1,1,7.3,4.4,7.0,6.3,75.0
811,A,0,1,6.0,1.9,7.7,5.9,52.5
811,B,1,1,7.6,9.4,5.3,5.6,79.8
811,C,1,0,5.8,6.8,4.6,4.8,53.3
811,D,0,1,9.5,8.9,9.8,6.5,74.5
812,A,1,0,5.9,2.8,4.8,4.1,46.0
812,B,0,0,7.1,6.2,3.3,7.5,40.2
812,C,0,0,6.3,7.2,5.6,6.6,42.8
812,D,0,0,6.7,8.4,8.8,7.7,52.7
813,A,0,0,8.8,5.1,7.6,9.2,51.2
813,B,1,1,6.7,8.0,8.4,8.6,86.2
813,C,0,0,4.1,4.5,5.8,5.8,33.7
813,D,1,1,7.0,8.4,7.7,5.8,81.5
814,A,0,1,5.8,4.6,6.5,6.8,56.2
814,B,1,0,5.5,6.0,7.2,7.5,60.3
814,C,1,0,3.9,7.6,6.0,6.3,56.3
814,D,1,0,6.2,8.6,6.9,8.9,67.7
815,A,0,1,6.4,5.0,8.3,4.8,57.5
815,B,1,0,8.3,7.5,8.3,7.8,69.8
815,C,0,0,4.4,4.8,4.2,4.9,30.5
815,D,0,0,7.8,7.8,6.3,6.1,46.7
816,A,1,0,7.0,5.9,7.6,8.0,64.2
816,B,1,0,6.5,5.9,5.5,4.6,54.2
816,C,1,1,4.6,8.3,3.6,4.1,67.7
816,D,1,1,6.7,8.5,7.7,6.6,82.5
817,A,0,0,6.1,5.1,7.6,8.0,44.7
817,B,1,1,7.4,5.1,7.2,6.0,76.2
817,C,1,0,6.0,5.6,5.7,6.5,56.3
817,D,1,0,6.2,8.2,6.0,6.8,62.0
818,A,1,0,5.2,5.1,6.7,3.0,50.0
818,B,0,0,7.6,5.9,7.5,9.3,50.5
818,C,0,0,6.0,6.9,5.6,4.7,38.7
818,D,1,0,8.9,8.0,8.0,7.7,71.0
819,A,0,0,7.5,4.3,6.3,7.0,41.8
819,B,1,1,5.7,8.3,7.6,5.2,78.0
819,C,1,1,4.3,8.8,8.6,5.6,78.8
819,D,1,1,7.2,7.8,8.2,9.2,87.3
820,A,1,1,6.1,5.2,6.7,6.4,74.0
820,B,1,1,5.9,6.8,6.3,6.0,75.0
820,C,0,1,3.4,7.5,5.6,5.6,53.5
820,D,1,1,7.5,7.1,8.5,9.1,87.0
821,A,1,0,4.8,5.7,7.8,7.7,60.0
821,B,1,0,5.0,7.2,5.4,5.1,54.5
821,C,0,0,5.0,6.2,6.6,5.3,38.5
821,D,1,1,7.0,6.9,6.3,7.8,80.0
822,A,0,0,5.6,5.1,5.7,5.9,37.2
822,B,1,1,10,7.3,5.0,6.8,81.8
822,C,1,0,5.8,7.9,5.8,4.7,57.0
822,D,1,0,7.2,8.4,5.7,6.4,62.8
823,A,0,0,7.4,4.8,7.8,6.6,44.3
823,B,1,0,4.3,8.3,6.8,6.1,59.2
823,C,1,0,4.4,8.2,5.2,5.4,55.3
823,D,0,0,6.1,8.3,8.2,6.0,47.7
824,A,1,0,6.3,4.5,5.8,2.4,48.3
824,B,0,0,9.1,7.0,6.9,6.3,48.8
824,C,0,0,5.7,10,5.9,4.0,42.7
824,D,1,1,4.2,10,8.9,5.9,81.7
825,A,1,0,5.2,3.3,4.7,5.7,48.2
825,B,1,0,6.8,6.1,6.6,7.9,62.3
825,C,0,1,5.8,10,6.0,6.8,64.3
825,D,1,0,6.4,9.7,7.6,4.3,63.3
826,A,0,1,7.0,3.7,7.3,6.1,56.8
826,B,1,1,4.4,5.8,4.6,4.7,65.8
826,C,1,0,4.7,8.6,6.6,3.2,55.2
826,D,1,0,6.8,8.7,6.4,5.8,62.8
827,A,1,0,5.2,2.9,8.4,8.9,59.0
827,B,1,1,5.6,7.8,6.8,5.8,76.7
827,C,0,1,6.0,8.1,8.0,3.4,59.2
827,D,1,0,7.3,7.4,5.9,4.4,58.3
828,A,0,0,5.7,2.8,7.0,5.4,34.8
828,B,1,1,7.2,7.2,4.2,6.2,74.7
828,C,0,0,3.0,6.7,5.5,4.7,33.2
828,D,1,0,8.1,7.8,4.2,8.6,64.5
829,A,0,0,6.7,4.8,6.3,6.2,40.0
829,B,0,0,6.9,4.8,7.1,5.9,41.2
829,C,1,1,3.6,8.4,5.3,4.9,70.3
829,D,1,1,9.0,7.3,4.7,10,85.0
830,A,1,0,5.9,3.6,6.9,7.6,56.7
830,B,1,1,6.6,6.7,7.8,8.9,83.3
830,C,0,1,3.2,6.4,5.7,5.5,51.3
830,D,1,1,8.5,6.8,6.3,6.6,80.3
831,A,1,1,7.7,4.0,5.7,6.4,73.0
831,B,0,0,6.8,7.8,6.8,6.3,46.2
831,C,1,0,6.5,8.1,5.1,4.6,57.2
831,D,0,0,7.6,5.8,9.2,6.1,47.8
832,A,1,1,4.0,5.5,6.6,4.6,67.8
832,B,1,0,7.5,8.0,6.3,5.5,62.2
832,C,1,0,6.4,8.1,8.8,3.8,61.8
832,D,1,0,5.3,8.7,6.5,6.2,61.2
833,A,0,0,6.2,2.6,6.3,7.4,37.5
833,B,0,1,5.5,9.7,6.3,6.9,64.0
833,C,1,1,4.5,9.7,8.1,4.0,77.2
833,D,1,1,6.2,5.8,5.6,2.7,67.2
834,A,0,0,6.0,4.4,4.9,5.9,35.3
834,B,1,1,7.3,5.6,6.7,5.0,74.3
834,C,0,0,7.5,6.8,6.6,4.0,41.5
834,D,1,0,6.2,5.7,8.4,5.4,59.5
835,A,0,0,6.6,4.9,8.7,4.3,40.8
835,B,1,0,6.2,6.9,5.9,6.4,59.0
835,C,0,0,3.9,6.1,4.8,6.1,34.8
835,D,1,0,9.5,9.9,7.1,7.0,72.5
836,A,1,1,4.1,2.2,7.0,6.0,65.5
836,B,0,1,5.8,4.5,9.7,8.3,63.8
836,C,1,1,4.5,7.8,5.9,3.8,70.0
836,D,0,0,10,6.3,6.0,6.0,47.2
837,A,0,1,5.9,3.5,6.4,6.3,53.5
837,B,1,0,5.2,6.8,6.7,6.5,58.7
837,C,1,1,4.4,6.7,6.4,4.2,69.5
837,D,1,1,6.6,8.0,8.2,7.9,84.5
838,A,0,1,6.7,4.2,8.1,4.8,56.3
838,B,1,0,7.5,6.7,8.0,5.5,62.8
838,C,1,1,7.2,7.8,5.1,5.2,75.5
838,D,0,1,10,7.0,9.8,4.1,68.2
839,A,0,0,6.9,5.7,7.8,6.1,44.2
839,B,0,0,6.9,7.6,3.0,5.7,38.7
839,C,0,0,4.5,7.7,5.6,6.2,40.0
839,D,1,0,6.1,7.3,6.9,4.6,58.2
840,A,1,1,3.8,7.1,7.4,5.6,73.2
840,B,1,0,8.0,7.4,4.7,5.9,60.0
840,C,1,0,5.5,9.1,4.2,5.5,57.2
840,D,1,0,6.4,8.0,4.5,5.3,57.0
841,A,1,0,7.3,6.2,7.5,7.9,64.8
841,B,0,0,6.9,7.8,6.1,5.9,44.5
841,C,1,0,2.8,6.8,7.7,3.9,52.0
841,D,1,1,9.3,6.4,6.9,7.0,82.7
842,A,0,1,7.4,4.5,8.3,5.4,59.3
842,B,1,1,7.3,6.7,7.1,3.8,74.8
842,C,0,0,6.4,8.7,4.5,4.9,40.8
842,D,1,0,6.7,8.0,6.6,5.9,62.0
843,A,1,1,5.7,2.5,5.3,4.2,62.8
843,B,1,1,6.5,7.5,6.4,4.2,74.3
843,C,0,0,5.4,6.6,4.8,6.8,39.3
843,D,1,1,7.7,8.6,4.9,4.1,75.5
844,A,0,1,6.2,3.9,4.3,6.1,50.8
844,B,0,1,6.3,7.1,5.5,5.0,56.5
844,C,1,0,5.9,7.2,4.6,5.1,54.7
844,D,1,0,7.4,8.2,7.2,4.9,62.8
845,A,1,0,6.2,5.9,5.7,6.8,57.7
845,B,1,0,8.8,6.8,7.7,5.4,64.5
845,C,0,0,4.4,9.1,6.3,2.4,37.0
845,D,0,0,6.6,8.3,7.2,6.0,46.8
846,A,1,1,8.7,3.4,6.8,6.6,75.8
846,B,1,1,7.4,5.8,7.0,6.9,78.5
846,C,0,1,5.5,8.7,5.4,3.9,55.8
846,D,1,1,7.5,6.9,6.0,7.5,79.8
847,A,1,1,8.6,4.7,7.2,3.8,73.8
847,B,1,1,6.3,6.4,7.0,6.6,77.2
847,C,1,0,6.0,8.9,7.9,6.5,65.5
847,D,1,1,6.2,8.4,8.1,7.0,82.8
848,A,0,1,7.8,4.4,7.9,5.1,58.7
848,B,1,1,7.1,8.0,5.4,5.8,77.2
848,C,1,0,5.6,8.0,6.5,4.5,57.7
848,D,1,0,8.3,6.6,7.3,6.9,65.2
849,A,0,0,5.6,5.9,7.8,5.0,40.5
849,B,1,0,7.4,7.8,9.2,6.0,67.3
849,C,0,0,4.7,8.9,6.4,5.7,42.8
849,D,0,1,6.3,6.3,5.6,7.3,59.2
850,A,0,0,8.5,6.6,6.3,5.5,44.8
850,B,1,1,8.6,8.3,6.8,5.4,81.8
850,C,0,0,5.7,7.5,7.1,6.1,44.0
850,D,1,0,6.2,7.4,6.3,5.2,58.5
851,A,1,0,6.6,3.3,7.9,5.1,54.8
851,B,1,1,6.3,8.6,7.6,7.4,83.2
851,C,0,1,6.1,10,7.0,4.8,63.2
851,D,1,1,7.8,8.3,5.8,9.2,85.2
852,A,1,1,7.1,4.7,9.3,7.3,80.7
852,B,1,1,7.0,7.3,7.5,5.6,79.0
852,C,0,0,4.1,9.0,6.4,4.9,40.7
852,D,0,1,7.6,6.3,5.4,5.4,57.8
853,A,1,1,5.3,2.5,7.6,6.1,69.2
853,B,0,1,3.8,6.5,7.8,4.7,54.7
853,C,0,1,5.1,6.5,5.0,6.0,54.3
853,D,1,0,7.4,6.1,6.2,7.1,61.3
854,A,0,0,7.0,1,6.1,5.5,32.7
854,B,0,0,7.2,8.1,4.7,6.5,44.2
854,C,0,0,2.3,7.2,5.5,5.0,33.3
854,D,0,1,8.3,6.1,8.0,8.5,68.2
855,A,1,1,6.4,3.7,7.4,5.8,72.2
855,B,1,0,6.5,9.1,5.1,8.9,66.0
855,C,0,1,3.3,7.2,4.8,4.5,49.7
855,D,1,1,6.2,9.0,5.7,5.5,77.3
856,A,1,1,7.9,6.8,8.9,5.6,82.0
856,B,1,1,7.7,6.4,5.3,6.9,77.2
856,C,1,0,6.3,6.3,5.9,5.6,56.8
856,D,1,1,7.8,9.0,10,6.9,89.5
857,A,0,0,6.1,3.6,7.2,6.0,38.2
857,B,0,1,6.9,8.8,8.2,6.4,67.2
857,C,0,0,6.1,7.1,5.3,6.5,41.7
857,D,1,0,6.0,3.8,7.8,7.5,58.5
858,A,1,0,6.1,4.8,8.0,6.8,59.5
858,B,1,1,6.6,6.9,7.3,7.4,80.3
858,C,1,1,4.0,9.2,6.3,4.3,73.0
858,D,1,1,6.8,8.5,8.0,6.6,83.2
859,A,1,1,6.0,4.2,6.3,5.5,70.0
859,B,0,1,7.5,8.6,6.1,6.0,63.7
859,C,1,0,1.1,8.2,8.0,3.5,51.3
859,D,1,1,8.1,5.0,6.9,6.0,76.7
860,A,1,0,4.4,5.5,4.6,3.1,46.0
860,B,0,0,7.0,5.8,7.3,4.2,40.5
860,C,0,0,5.2,9.6,7.7,7.4,49.8
860,D,1,1,5.4,8.3,7.7,5.7,78.5
861,A,1,0,6.4,3.8,6.7,9.1,60.0
861,B,1,1,9.2,7.8,6.2,5.0,80.3
861,C,0,1,3.1,6.4,7.2,7.7,57.3
861,D,1,0,7.0,8.8,8.8,6.0,67.7
862,A,1,1,7.0,5.9,9.4,6.3,81.0
862,B,0,0,9.2,10,6.0,7.0,53.7
862,C,1,0,4.6,5.6,5.9,4.4,50.8
862,D,1,1,7.9,7.4,4.8,4.6,74.5
863,A,0,1,7.8,5.5,7.5,8.2,65.0
863,B,1,1,6.1,8.7,7.0,7.7,82.5
863,C,1,1,4.8,7.4,7.5,5.8,75.8
863,D,1,0,8.8,6.5,8.3,6.0,66.0
864,A,0,0,6.7,2.7,5.1,5.9,34.0
864,B,1,0,5.9,6.5,6.2,6.5,58.5
864,C,1,0,3.7,8.0,6.9,4.0,54.3
864,D,1,1,6.9,9.4,8.3,6.2,84.7
865,A,0,0,5.0,4.2,9.7,6.9,43.0
865,B,1,0,6.2,9.2,5.3,4.7,59.0
865,C,0,0,4.8,7.5,7.8,5.2,42.2
865,D,0,1,7.7,7.5,4.4,6.5,60.2
866,A,1,0,7.2,4.9,8.4,6.9,62.3
866,B,1,0,7.5,5.9,5.0,6.8,58.7
866,C,1,1,4.4,8.7,7.8,6.9,79.7
866,D,1,0,5.9,9.3,8.2,9.7,71.8
867,A,1,1,7.0,6.3,7.7,2.9,73.2
867,B,0,0,7.3,7.7,4.6,5.3,41.5
867,C,0,0,4.4,6.1,5.9,4.0,34.0
867,D,0,1,7.8,7.8,6.7,4.3,61.0
868,A,0,1,6.3,5.6,4.9,7.1,56.5
868,B,1,1,9.1,8.1,6.3,7.1,84.3
868,C,0,1,4.0,9.2,6.1,4.2,55.8
868,D,1,1,7.8,7.3,8.1,7.1,83.8
869,A,0,0,7.0,3.8,6.9,6.8,40.8
869,B,0,1,6.7,6.1,6.8,5.1,57.8
869,C,1,0,5.9,9.7,6.3,4.4,60.5
869,D,1,0,6.6,7.9,7.0,7.7,65.3
870,A,1,1,8.8,4.7,4.9,5.6,73.3
870,B,0,0,7.6,6.2,4.6,7.3,42.8
870,C,0,0,3.3,7.5,6.8,3.6,35.3
870,D,0,1,8.1,5.8,6.2,7.2,62.2
871,A,0,0,3.5,3.6,5.9,5.4,30.7
871,B,0,1,6.6,7.3,6.7,7.3,63.2
871,C,1,0,5.8,7.5,6.4,5.9,59.3
871,D,0,1,7.2,7.0,6.8,8.5,65.8
872,A,0,0,6.5,4.7,8.2,4.7,40.2
872,B,0,0,8.2,7.2,7.5,7.3,50.3
872,C,0,0,3.6,9.7,5.1,3.5,36.5
872,D,1,1,6.9,9.9,7.0,6.0,83.0
873,A,0,1,5.8,4.3,8.7,6.1,58.2
873,B,1,0,6.1,8.3,6.9,5.8,61.8
873,C,1,0,4.0,8.1,5.0,3.7,51.3
873,D,1,0,5.9,7.2,6.9,6.6,61.0
874,A,1,0,7.3,5.7,7.8,5.3,60.2
874,B,0,1,5.7,6.8,8.2,5.8,60.8
874,C,0,0,5.2,9.4,6.7,3.0,40.5
874,D,1,0,8.0,6.9,6.9,6.2,63.3
875,A,0,1,7.0,4.3,7.7,7.1,60.2
875,B,1,1,7.3,6.8,7.6,7.0,81.2
875,C,1,0,5.0,7.5,4.4,3.9,51.3
875,D,1,0,4.4,8.0,8.6,5.8,61.3
876,A,1,1,5.5,2.9,8.5,7.0,73.2
876,B,1,0,5.6,7.9,6.7,3.8,56.7
876,C,1,1,5.6,7.3,4.3,5.3,70.8
876,D,0,1,8.1,7.6,7.5,6.3,65.8
877,A,1,1,5.4,5.9,7.0,8.1,77.3
877,B,1,0,7.7,9.0,7.7,6.7,68.5
877,C,1,0,2.6,7.6,3.7,6.0,49.8
877,D,1,0,9.1,8.6,7.2,7.8,71.2
878,A,1,0,6.6,4.9,7.9,7.2,61.0
878,B,0,1,6.8,7.3,7.8,4.5,60.7
878,C,0,1,6.1,9.7,6.5,5.2,62.5
878,D,1,1,7.0,8.4,4.8,6.6,78.0
879,A,0,0,6.2,4.3,5.6,6.1,37.0
879,B,1,0,8.1,7.9,7.6,6.3,66.5
879,C,1,0,6.1,9.1,6.5,6.9,64.3
879,D,1,1,7.6,9.3,6.6,7.6,85.2
880,A,1,0,5.2,8.4,5.3,5.4,57.2
880,B,1,1,6.5,6.8,5.0,7.0,75.5
880,C,0,0,4.3,9.0,7.8,5.5,44.3
880,D,1,0,6.6,8.6,5.8,6.7,62.8
881,A,0,0,7.7,4.6,6.9,6.6,43.0
881,B,0,0,7.7,9.0,6.7,5.3,47.8
881,C,1,0,4.3,9.5,6.6,3.8,57.0
881,D,1,1,6.6,6.8,7.3,5.6,77.2
882,A,1,0,6.9,3.9,8.8,6.3,59.8
882,B,1,1,7.9,8.1,7.9,8.1,86.7
882,C,0,0,3.5,8.0,6.6,5.3,39.0
882,D,1,0,7.1,5.6,6.0,4.8,55.8
883,A,0,0,6.0,2.8,8.4,7.1,40.5
883,B,1,1,7.2,7.4,10.0,6.4,85.0
883,C,1,1,2.6,7.3,7.0,5.5,70.7
883,D,0,0,4.1,8.6,8.0,5.7,44.0
884,A,0,1,6.1,4.9,6.3,7.1,57.3
884,B,0,0,6.1,7.1,7.7,4.1,41.7
884,C,0,0,4.5,9.4,6.2,6.4,44.2
884,D,1,0,8.7,6.0,3.9,5.2,56.3
885,A,1,0,6.6,5.3,6.3,5.5,56.2
885,B,1,0,7.3,8.6,8.8,5.0,66.2
885,C,0,1,5.1,7.8,5.9,5.2,56.7
885,D,0,1,5.7,7.6,5.4,6.3,58.3
886,A,1,1,5.3,3.7,7.9,5.4,70.5
886,B,0,1,7.2,5.9,8.3,7.7,65.2
886,C,1,0,4.5,4.3,4.7,4.2,46.2
886,D,0,1,7.5,7.9,7.5,5.3,63.7
887,A,1,0,8.5,5.8,6.3,5.5,60.2
887,B,1,0,7.0,5.8,6.4,4.0,55.3
887,C,0,0,2.2,6.4,6.2,3.2,30.0
887,D,1,0,8.1,8.4,9.5,7.5,72.5
888,A,1,0,7.5,4.2,7.3,6.1,58.5
888,B,1,1,7.4,7.4,7.4,6.8,81.7
888,C,0,0,4.5,7.2,6.5,5.6,39.7
888,D,0,1,8.8,5.8,7.4,8.0,66.7
889,A,1,0,6.0,4.9,5.0,3.8,49.5
889,B,0,1,6.8,8.2,9.5,5.7,67.0
889,C,1,0,5.3,7.3,5.9,4.2,54.5
889,D,1,0,6.1,7.8,8.1,8.1,66.8
890,A,0,0,5.7,2.4,7.5,6.9,37.5
890,B,1,0,7.8,7.5,6.7,5.5,62.5
890,C,0,0,5.8,7.8,8.0,4.3,43.2
890,D,0,1,7.1,7.7,7.4,7.9,66.8
891,A,1,0,8.2,5.7,7.4,5.4,61.2
891,B,1,1,6.7,6.4,6.7,7.4,78.7
891,C,0,0,5.6,5.9,5.4,5.4,37.2
891,D,1,1,6.4,7.8,7.1,6.5,79.7
892,A,1,1,8.1,3.6,3.7,6.4,69.7
892,B,1,1,7.1,5.9,6.2,5.8,75.0
892,C,1,0,3.5,5.0,6.0,4.2,47.8
892,D,1,1,6.0,7.8,6.6,7.6,80.0
893,A,1,0,4.2,3.7,8.4,3.7,50.0
893,B,0,0,6.4,8.2,8.2,5.0,46.3
893,C,1,1,4.2,6.3,3.9,3.9,63.8
893,D,0,0,8.7,5.8,7.0,7.4,48.2
894,A,0,0,7.5,5.2,6.9,7.3,44.8
894,B,1,0,7.4,4.9,8.5,6.8,62.7
894,C,0,0,3.6,9.9,7.4,3.3,40.3
894,D,0,1,8.3,7.4,6.1,4.7,60.8
895,A,1,0,6.5,3.1,7.6,2.3,49.2
895,B,1,1,7.4,6.5,8.0,4.6,77.5
895,C,0,1,3.9,5.2,6.5,4.7,50.5
895,D,1,0,8.0,8.2,8.1,6.9,68.7
896,A,1,1,6.3,6.0,6.6,5.9,74.7
896,B,0,0,7.5,6.8,7.3,8.0,49.3
896,C,1,0,6.7,9.3,7.1,6.6,66.2
896,D,1,1,7.8,4.4,6.3,5.2,72.8
897,A,1,1,4.4,4.7,7.5,6.6,72.0
897,B,1,1,6.3,7.0,6.0,6.2,75.8
897,C,1,0,5.7,6.2,5.9,6.0,56.3
897,D,1,1,9.4,7.2,6.6,8.0,85.3
898,A,1,0,7.9,4.8,8.5,6.4,62.7
898,B,1,1,9.2,7.6,5.9,7.2,83.2
898,C,1,1,3.6,6.4,4.9,4.0,64.8
898,D,1,1,6.9,5.7,6.6,7.5,77.8
899,A,1,0,7.1,5.2,5.0,6.0,55.5
899,B,1,1,5.7,6.9,5.1,4.2,69.8
899,C,1,1,4.8,7.4,5.9,4.3,70.7
899,D,0,1,5.5,8.6,6.8,6.4,62.2
900,A,1,0,7.0,3.0,5.6,3.7,48.8
900,B,1,0,3.8,6.4,6.6,5.3,53.5
900,C,1,1,6.1,8.7,5.8,5.2,76.3
900,D,1,0,8.8,6.6,8.5,3.2,61.8
901,A,1,1,4.4,6.1,5.6,4.9,68.3
901,B,1,1,8.3,8.0,5.6,5.2,78.5
901,C,1,0,2.5,9.5,6.7,3.3,53.3
901,D,1,1,8.8,7.7,5.8,4.3,77.7
902,A,0,1,5.0,3.7,8.5,6.8,56.7
902,B,1,0,7.0,6.6,9.0,7.9,67.5
902,C,0,0,2.1,9.7,4.3,7.1,38.7
902,D,1,0,6.0,8.7,8.9,4.5,63.5
903,A,1,1,7.8,6.4,6.5,3.4,73.5
903,B,1,0,9.4,6.3,6.8,6.2,64.5
903,C,1,0,3.2,8.5,5.3,2.8,49.7
903,D,0,1,6.4,9.7,6.4,6.0,64.2
904,A,1,1,6.1,5.4,5.2,7.4,73.5
904,B,1,1,5.9,9.5,6.9,6.3,81.0
904,C,1,0,2.3,10,6.8,6.5,59.3
904,D,0,1,6.1,8.4,5.1,6.1,59.5
905,A,1,0,8.6,2.4,6.8,7.3,58.5
905,B,0,1,7.3,9.4,6.1,4.8,62.7
905,C,1,0,5.2,7.5,6.2,2.9,53.0
905,D,1,1,7.9,8.9,8.0,7.6,87.3
906,A,0,1,7.4,4.0,5.0,6.3,54.5
906,B,0,1,4.8,9.1,7.1,4.9,59.8
906,C,1,0,4.1,8.4,6.5,3.9,54.8
906,D,1,0,6.4,7.8,6.3,5.9,60.7
907,A,0,0,7.4,5.0,8.7,5.0,43.5
907,B,0,1,7.0,9.1,4.8,4.4,58.8
907,C,1,0,4.3,8.2,6.1,3.1,52.8
907,D,0,1,6.8,8.0,8.4,5.7,64.8
908,A,0,0,5.7,2.9,6.2,6.0,34.7
908,B,0,0,7.6,4.3,6.4,6.5,41.3
908,C,0,1,5.9,7.4,8.4,5.7,62.3
908,D,1,0,9.0,8.5,5.9,5.8,65.3
909,A,1,0,9.1,4.5,8.3,6.8,64.5
909,B,1,1,8.7,7.4,7.2,4.2,79.2
909,C,1,1,4.5,6.7,8.1,4.9,73.7
909,D,0,0,7.0,6.0,6.5,5.0,40.8
910,A,1,1,7.1,3.4,5.0,5.6,68.5
910,B,0,0,7.2,7.5,7.7,7.6,50.0
910,C,1,0,4.6,7.8,5.5,3.5,52.3
910,D,0,1,7.6,9.3,8.9,7.9,72.8
911,A,0,0,6.9,6.3,7.0,6.1,43.8
911,B,1,1,8.0,7.3,5.7,4.5,75.8
911,C,0,0,6.0,9.2,6.8,6.3,47.2
911,D,1,1,6.9,5.9,7.6,7.2,79.3
912,A,0,1,5.4,5.7,6.8,6.3,57.0
912,B,1,0,7.7,8.9,7.6,8.1,70.5
912,C,0,0,5.1,6.7,6.6,4.3,37.8
912,D,0,0,6.9,6.6,7.6,6.2,45.5
913,A,0,1,6.5,4.2,6.2,6.3,55.3
913,B,1,1,5.7,7.1,5.1,6.3,73.7
913,C,0,1,3.7,8.4,7.1,5.7,58.2
913,D,0,0,6.3,8.6,5.8,3.4,40.2
914,A,1,0,7.4,2.0,8.2,8.4,60.0
914,B,0,0,5.8,5.7,5.7,8.8,43.3
914,C,1,0,3.4,7.4,4.9,5.0,51.2
914,D,1,1,4.8,6.2,10.0,5.3,77.2
915,A,1,0,7.3,4.8,8.0,6.4,60.8
915,B,0,1,6.6,7.2,6.2,6.4,60.7
915,C,1,1,3.5,7.1,8.5,6.2,75.5
915,D,0,0,5.3,7.3,4.6,7.7,41.5
916,A,1,1,6.0,4.0,7.2,4.2,69.0
916,B,1,1,8.1,6.8,7.6,7.4,83.2
916,C,0,0,3.2,6.5,4.4,4.8,31.5
916,D,0,1,6.9,7.5,9.2,7.7,68.8
917,A,1,1,8.0,6.0,8.6,6.1,81.2
917,B,1,1,8.9,8.8,7.9,6.2,86.3
917,C,1,0,2.3,6.6,4.8,4.8,47.5
917,D,0,0,7.3,8.4,8.0,6.2,49.8
918,A,1,0,5.0,2.8,8.2,7.2,55.3
918,B,1,0,8.0,8.3,5.2,5.1,61.0
918,C,1,1,5.6,5.8,5.1,4.7,68.7
918,D,1,0,8.4,6.1,7.2,5.3,61.7
919,A,1,1,3.9,4.8,6.8,5.2,67.8
919,B,1,1,9.9,6.6,8.4,8.0,88.2
919,C,1,1,3.6,7.4,4.1,5.7,68.0
919,D,0,1,7.4,8.9,4.7,5.4,60.7
920,A,0,0,6.9,5.0,8.0,6.3,43.7
920,B,1,0,9.0,10,5.1,6.8,68.2
920,C,0,0,5.9,7.6,6.7,4.7,41.5
920,D,1,0,8.1,6.5,6.5,5.6,61.2
921,A,1,1,8.4,6.1,6.9,5.5,78.2
921,B,1,1,5.3,8.8,7.1,5.9,78.5
921,C,1,1,4.2,7.9,5.5,2.4,66.7
921,D,1,1,7.9,8.7,8.1,8.7,89.0
922,A,1,0,6.2,5.5,8.0,4.3,56.7
922,B,1,0,7.2,6.7,5.8,4.7,57.3
922,C,1,1,3.3,6.8,4.5,4.7,65.5
922,D,1,0,6.4,7.3,5.9,5.6,58.7
923,A,1,0,5.6,6.3,5.0,4.7,52.7
923,B,0,1,5.3,7.6,7.4,6.3,61.0
923,C,1,0,4.4,7.9,8.5,6.1,61.5
923,D,1,0,5.9,7.7,6.7,6.2,60.8
924,A,1,1,6.0,4.4,7.0,6.0,72.3
924,B,0,1,7.0,6.1,6.4,5.3,58.0
924,C,1,0,4.4,9.3,4.9,4.1,54.5
924,D,1,0,8.7,8.3,8.2,4.6,66.3
925,A,0,1,5.8,4.8,7.9,5.8,57.2
925,B,1,0,7.5,9.0,4.9,6.1,62.5
925,C,0,0,4.3,6.8,5.3,4.3,34.5
925,D,0,0,6.5,7.9,6.9,8.0,48.8
926,A,1,0,8.0,3.9,7.6,5.8,58.8
926,B,0,1,6.7,6.5,6.0,6.7,59.8
926,C,1,1,1.7,7.0,7.0,4.9,67.7
926,D,1,1,7.6,7.1,6.0,6.3,78.3
927,A,1,1,7.4,3.6,5.5,8.0,74.2
927,B,0,1,6.1,5.4,8.3,6.8,61.0
927,C,0,0,6.1,8.3,4.3,4.2,38.2
927,D,1,1,6.5,9.1,5.2,5.9,77.8
928,A,1,0,7.3,3.7,7.0,7.2,58.7
928,B,0,0,6.5,8.2,6.4,7.7,48.0
928,C,0,0,3.5,7.4,3.9,7.2,36.7
928,D,0,1,8.1,5.0,5.4,7.4,59.8
929,A,0,0,7.5,3.9,7.4,5.4,40.3
929,B,1,1,7.0,7.2,8.3,10,87.5
929,C,1,1,2.9,9.3,6.7,4.5,72.3
929,D,1,0,10,7.7,8.9,7.4,73.3
930,A,1,1,6.7,3.1,5.5,5.2,67.5
930,B,1,1,8.5,7.0,7.6,7.8,84.8
930,C,0,1,3.1,9.5,7.6,1.9,53.5
930,D,1,0,8.1,6.0,8.4,7.3,66.3
931,A,1,1,7.7,1,7.1,6.8,71.0
931,B,1,1,6.2,8.5,6.0,7.5,80.3
931,C,0,0,6.9,7.0,5.8,4.8,40.8
931,D,1,1,8.9,7.3,7.5,4.9,81.0
932,A,1,1,5.3,4.4,7.1,6.6,72.3
932,B,1,0,5.9,6.5,6.2,5.5,56.8
932,C,1,1,7.2,7.9,6.3,5.1,77.5
932,D,0,1,6.7,8.5,8.5,8.5,70.3
933,A,0,1,7.6,3.6,7.4,8.1,61.2
933,B,1,1,7.7,8.4,6.2,6.5,81.3
933,C,0,0,5.1,7.7,5.9,4.9,39.3
933,D,0,1,8.9,8.0,6.4,7.5,68.0
934,A,0,0,8.5,4.2,6.3,6.4,42.3
934,B,1,0,8.7,8.5,10,5.1,70.5
934,C,0,0,5.9,4.4,5.5,4.5,33.8
934,D,1,1,6.0,7.3,8.4,7.3,81.7
935,A,1,0,9.4,6.6,7.3,4.8,63.5
935,B,0,1,8.4,9.9,7.4,7.6,72.2
935,C,1,0,5.0,6.8,6.1,2.7,51.0
935,D,1,1,7.8,7.4,5.3,4.6,75.2
936,A,0,1,6.4,5.9,8.1,6.7,61.8
936,B,0,1,8.3,8.5,6.4,6.7,66.5
936,C,1,0,4.4,7.3,3.8,2.9,47.3
936,D,1,1,6.9,8.0,7.9,6.9,82.8
937,A,0,1,8.6,3.4,8.5,6.0,60.8
937,B,0,0,8.7,6.4,7.4,7.0,49.2
937,C,0,0,3.8,8.7,5.7,2.3,34.2
937,D,1,1,6.5,6.8,6.2,6.1,76.0
938,A,0,1,7.2,4.4,8.2,5.9,59.5
938,B,1,0,6.1,7.1,7.0,6.6,61.3
938,C,1,0,3.2,10,5.7,4.4,55.5
938,D,1,0,6.1,9.8,7.3,4.0,62.0
939,A,1,0,5.5,4.0,7.9,8.2,59.3
939,B,0,1,5.2,9.5,6.9,6.2,63.0
939,C,0,1,4.7,6.9,7.6,5.3,57.5
939,D,1,0,9.1,8.0,6.8,6.5,67.3
940,A,0,0,8.0,4.1,6.7,5.4,40.3
940,B,0,0,6.0,4.7,5.5,5.5,36.2
940,C,0,0,3.6,8.0,3.4,4.8,33.0
940,D,0,0,7.5,7.8,6.9,7.2,49.0
941,A,0,0,6.4,6.1,5.5,5.6,39.3
941,B,0,1,4.9,8.2,5.9,6.7,59.5
941,C,1,0,5.5,8.1,4.8,5.5,56.5
941,D,1,1,7.4,6.1,5.8,5.4,74.5
942,A,0,1,5.7,5.1,9.5,8.3,64.3
942,B,1,1,7.0,7.8,9.2,4.7,81.2
942,C,1,0,2.8,7.7,6.1,5.2,53.0
942,D,1,1,8.2,6.7,5.1,7.3,78.8
943,A,1,0,6.8,4.9,8.0,4.9,57.7
943,B,1,1,6.5,8.8,7.6,3.8,77.8
943,C,1,1,3.6,7.4,6.3,6.0,72.2
943,D,1,0,6.8,7.4,5.0,6.3,59.2
944,A,1,0,6.2,6.2,8.4,8.8,66.0
944,B,1,0,5.8,5.9,6.3,5.2,55.3
944,C,1,1,2.3,7.5,6.8,5.7,70.5
944,D,1,1,6.5,6.6,8.8,6.9,81.3
945,A,0,0,10.0,5.9,6.7,5.5,46.8
945,B,1,1,5.5,4.9,6.1,6.2,71.2
945,C,0,1,5.8,5.5,6.0,4.7,53.3
945,D,0,0,8.9,9.6,7.0,5.8,52.2
946,A,1,1,6.8,6.0,7.2,5.2,75.3
946,B,1,1,6.0,7.7,7.3,7.0,80.0
946,C,1,0,6.0,7.9,5.8,6.0,59.5
946,D,0,1,6.7,7.6,6.7,6.3,62.2
947,A,0,0,6.2,4.6,6.8,5.8,39.0
947,B,1,1,8.8,7.9,8.7,6.9,87.2
947,C,0,0,5.9,9.2,5.7,4.7,42.5
947,D,0,0,8.0,7.5,5.6,8.2,48.8
948,A,0,0,6.0,4.7,8.7,6.2,42.7
948,B,1,1,6.1,7.6,7.2,7.7,81.0
948,C,1,1,8.4,8.2,7.0,6.1,82.8
948,D,1,1,6.9,7.4,7.4,6.6,80.5
949,A,0,0,7.1,1.9,8.1,4.5,36.0
949,B,1,1,7.7,6.4,6.6,6.3,78.3
949,C,1,1,5.3,8.9,9.4,3.3,78.2
949,D,1,1,6.0,7.1,5.6,5.9,74.3
950,A,0,0,7.3,5.4,6.6,7.5,44.7
950,B,1,0,7.4,6.0,7.6,6.7,62.8
950,C,0,0,2.2,8.3,7.2,4.0,36.2
950,D,0,1,8.3,9.2,4.6,6.6,64.5
951,A,1,0,6.9,6.2,8.6,4.2,59.8
951,B,1,1,5.9,8.5,7.8,6.5,81.2
951,C,0,0,1.8,6.9,5.8,4.9,32.3
951,D,0,1,7.2,7.0,6.5,5.0,59.5
952,A,1,1,5.1,2.8,4.9,3.6,60.7
952,B,1,1,7.3,7.7,5.6,6.7,78.8
952,C,1,1,2.6,8.9,7.6,4.8,73.2
952,D,1,1,7.6,7.9,7.7,5.5,81.2
953,A,0,0,7.1,4.6,5.9,5.6,38.7
953,B,1,1,7.3,8.3,9.5,6.2,85.5
953,C,0,0,6.3,6.2,4.9,4.4,36.3
953,D,1,1,6.6,9.4,4.9,7.5,80.7
954,A,0,0,6.3,4.2,5.6,5.4,35.8
954,B,1,1,4.1,5.9,7.4,7.9,75.5
954,C,1,1,4.9,9.2,3.5,4.9,70.8
954,D,1,1,6.9,6.1,7.6,5.5,76.8
955,A,1,0,4.5,3.4,5.8,3.7,45.7
955,B,0,1,7.7,4.8,8.3,5.6,60.7
955,C,0,1,4.9,9.8,4.4,3.9,55.0
955,D,1,1,8.4,6.5,7.3,6.0,80.3
956,A,0,1,5.6,4.3,5.1,6.6,52.7
956,B,0,0,5.9,7.3,5.7,6.6,42.5
956,C,1,0,5.1,9.9,4.3,3.8,55.2
956,D,0,0,6.4,6.4,7.6,6.6,45.0
957,A,1,1,5.6,6.0,7.2,4.2,71.7
957,B,1,0,7.4,6.7,7.9,6.0,63.3
957,C,0,1,4.7,8.5,7.5,5.7,60.7
957,D,0,1,6.9,7.4,7.6,7.0,64.8
958,A,0,0,6.7,3.8,9.3,4.6,40.7
958,B,1,1,7.4,4.9,5.7,5.1,71.8
958,C,1,0,4.9,8.4,4.7,5.0,55.0
958,D,1,1,6.3,7.4,4.7,7.3,76.2
959,A,0,0,6.7,4.9,7.4,5.0,40.0
959,B,1,1,7.3,6.2,8.3,6.0,79.7
959,C,0,0,3.1,7.2,6.7,5.7,37.8
959,D,1,1,6.1,6.8,10,5.7,81.0
960,A,0,1,6.7,3.3,5.2,6.5,52.8
960,B,1,0,8.2,5.4,6.1,7.1,61.3
960,C,0,0,4.0,8.3,8.0,5.7,43.3
960,D,1,1,9.4,8.4,7.6,5.6,85.0
961,A,1,1,5.9,6.1,7.0,5.4,74.0
961,B,1,1,7.4,8.2,6.9,7.0,82.5
961,C,1,0,3.3,6.3,6.6,3.8,50.0
961,D,0,0,7.1,8.5,7.2,7.8,51.0
962,A,1,0,5.4,4.1,6.7,6.6,54.7
962,B,1,1,7.4,6.9,7.1,7.3,81.2
962,C,0,1,2.4,7.1,5.5,4.2,48.7
962,D,0,0,10,8.3,6.1,7.4,53.0
963,A,1,0,6.5,5.8,6.3,7.7,60.5
963,B,1,1,7.9,9.2,8.5,7.3,88.2
963,C,1,1,3.9,9.2,6.9,3.9,73.2
963,D,0,0,7.3,6.7,8.1,6.1,47.0
964,A,1,0,5.7,6.9,7.5,6.6,61.2
964,B,1,0,5.9,6.8,6.2,6.6,59.2
964,C,1,1,4.5,8.3,4.9,5.8,72.5
964,D,1,1,7.4,5.7,6.9,6.5,77.5
965,A,0,0,6.1,4.0,8.9,6.2,42.0
965,B,1,1,6.4,8.8,5.9,6.5,79.3
965,C,0,0,4.1,8.0,6.4,5.3,39.7
965,D,0,1,9.3,7.7,6.0,8.5,69.2
966,A,0,0,6.6,4.4,8.4,2.9,37.2
966,B,1,1,7.1,6.2,6.4,6.8,77.5
966,C,0,1,4.4,8.1,6.7,3.6,54.7
966,D,1,1,4.4,8.3,3.5,7.8,73.3
967,A,0,1,5.9,6.4,7.7,6.6,61.0
967,B,0,1,4.2,7.7,6.1,8.4,60.7
967,C,1,0,4.4,8.7,6.9,6.9,61.5
967,D,1,0,7.3,8.9,7.1,4.4,62.8
968,A,0,0,6.7,2.9,6.1,4.7,34.0
968,B,0,0,7.5,5.5,8.1,4.9,43.3
968,C,0,0,5.2,6.4,7.2,3.6,37.3
968,D,1,1,6.9,7.4,4.9,5.6,74.7
969,A,0,0,5.6,4.5,9.1,5.2,40.7
969,B,1,1,8.5,9.3,7.6,6.5,86.5
969,C,0,1,4.9,9.7,5.4,7.0,61.7
969,D,1,0,8.1,5.0,7.2,5.2,59.2
970,A,1,0,5.9,7.2,7.3,7.5,63.2
970,B,1,0,5.3,6.4,7.5,5.8,58.3
970,C,1,1,6.0,7.6,8.5,3.6,76.2
970,D,0,1,6.3,9.5,5.2,9.4,67.3
971,A,0,0,6.5,5.8,8.6,5.8,44.5
971,B,1,0,8.3,8.6,6.9,5.1,64.8
971,C,1,0,4.6,9.1,6.1,5.4,58.7
971,D,1,1,6.9,7.6,5.5,5.7,76.2
972,A,0,0,7.3,4.6,7.0,5.6,40.8
972,B,1,1,6.1,7.1,8.2,5.8,78.7
972,C,1,1,5.8,8.0,5.8,3.2,71.3
972,D,1,0,6.3,6.9,4.9,5.5,56.0
973,A,1,0,5.3,3.4,7.1,6.3,53.5
973,B,1,0,6.6,6.9,7.1,7.5,63.5
973,C,1,0,4.1,8.2,7.5,7.5,62.2
973,D,1,1,6.1,5.5,6.3,7.8,76.2
974,A,0,1,5.8,1,6.3,6.2,48.8
974,B,1,0,6.1,4.7,7.2,6.0,56.7
974,C,0,1,5.2,7.3,5.4,3.3,52.0
974,D,1,1,5.6,7.0,6.0,7.3,76.5
975,A,0,0,6.5,4.3,6.7,3.2,34.5
975,B,1,1,7.6,9.0,6.4,4.7,79.5
975,C,1,1,4.8,9.2,7.0,5.4,77.3
975,D,1,1,9.2,6.3,7.2,9.8,87.5
976,A,0,0,6.9,5.9,8.2,6.5,45.8
976,B,0,1,6.2,7.6,6.0,6.0,59.7
976,C,0,1,5.2,9.2,5.0,5.6,58.3
976,D,1,0,8.8,8.2,5.6,8.1,67.8
977,A,1,0,7.0,4.4,5.9,5.5,54.7
977,B,1,1,6.2,7.6,4.1,7.7,76.0
977,C,1,0,3.2,7.7,8.8,5.0,57.8
977,D,1,0,8.3,6.9,4.8,7.6,62.7
978,A,1,0,7.3,5.9,5.8,7.9,61.5
978,B,1,0,8.1,8.7,8.0,7.4,70.3
978,C,0,0,6.6,5.4,4.4,6.5,38.2
978,D,0,0,6.7,8.9,6.8,5.6,46.7
979,A,0,0,3.8,4.1,5.1,5.7,31.2
979,B,1,1,4.8,8.5,6.3,4.4,73.3
979,C,0,0,4.3,8.5,7.6,4.7,41.8
979,D,1,1,8.5,8.0,6.8,8.0,85.5
980,A,1,0,7.1,2.1,6.9,5.6,52.8
980,B,1,0,5.7,8.1,4.6,5.8,57.0
980,C,1,0,3.6,7.8,2.9,5.4,49.5
980,D,1,0,6.7,7.9,3.8,7.9,60.5
981,A,1,0,7.0,3.7,9.3,5.1,58.5
981,B,0,1,7.3,7.0,7.2,6.9,64.0
981,C,0,1,4.5,9.1,6.7,3.6,56.5
981,D,1,0,7.0,8.0,5.9,6.5,62.3
982,A,1,1,5.9,4.7,4.8,5.2,67.7
982,B,1,0,8.6,8.3,5.7,8.7,68.8
982,C,0,1,7.5,7.1,6.7,6.3,62.7
982,D,1,0,8.9,8.6,6.6,8.3,70.7
983,A,1,0,7.6,5.8,10.0,2.9,60.5
983,B,1,0,7.2,5.0,6.4,8.3,61.5
983,C,0,0,2.4,6.7,5.7,6.1,34.8
983,D,1,1,6.3,7.5,6.1,6.1,76.7
984,A,0,0,5.7,5.3,5.8,5.1,36.5
984,B,0,0,8.0,8.9,6.0,5.1,46.7
984,C,0,0,3.7,8.4,5.6,3.3,35.0
984,D,1,0,7.2,8.0,4.0,5.7,58.2
985,A,0,0,6.0,5.1,6.7,6.7,40.8
985,B,1,0,7.5,6.0,6.9,7.6,63.3
985,C,0,0,5.4,8.9,5.3,6.4,43.3
985,D,1,1,5.3,7.8,6.8,5.5,75.7
986,A,0,0,7.4,4.1,7.8,6.0,42.2
986,B,1,1,6.2,4.4,6.3,6.3,72.0
986,C,0,1,2.9,8.7,4.9,4.4,51.5
986,D,1,1,8.4,7.9,5.0,7.9,82.0
987,A,0,1,5.3,5.7,7.7,3.6,53.8
987,B,1,0,7.9,7.3,6.7,8.2,66.8
987,C,0,1,5.3,8.0,5.8,3.6,54.5
987,D,0,1,8.1,6.9,6.4,6.1,62.5
988,A,1,1,6.5,3.5,8.8,6.9,76.2
988,B,0,1,5.7,6.2,7.0,6.3,58.7
988,C,0,0,5.3,7.2,6.0,4.6,38.5
988,D,1,0,7.0,8.2,5.9,7.8,64.8
989,A,0,0,5.3,6.0,6.9,4.5,37.8
989,B,1,0,6.6,7.3,7.6,5.8,62.2
989,C,0,0,4.4,5.3,5.3,5.4,34.0
989,D,1,1,6.3,7.6,8.2,7.7,83.0
990,A,1,0,7.8,5.4,8.0,5.7,61.5
990,B,0,0,6.1,5.0,6.3,5.4,38.0
990,C,0,1,4.1,8.0,7.1,6.7,59.8
990,D,1,1,8.4,8.6,8.2,5.0,83.7
991,A,0,0,5.3,3.8,6.2,6.3,36.0
991,B,0,0,5.8,7.1,5.3,5.5,39.5
991,C,1,0,6.6,9.6,5.3,4.2,59.5
991,D,0,1,7.2,6.8,7.3,6.9,63.7
992,A,0,0,7.0,6.2,6.3,5.8,42.2
992,B,1,0,8.0,6.5,6.7,5.4,61.0
992,C,0,1,4.6,7.2,7.0,7.0,59.7
992,D,1,0,6.6,8.9,7.0,6.1,64.3
993,A,1,1,6.8,4.6,5.6,5.1,70.2
993,B,0,0,5.1,6.9,6.8,6.7,42.5
993,C,0,0,6.5,10,9.0,5.9,52.3
993,D,1,1,8.8,7.5,7.2,7.1,84.3
994,A,1,0,6.2,5.4,7.8,2.7,53.5
994,B,1,1,7.4,6.0,5.7,4.3,72.3
994,C,1,0,3.2,8.9,6.0,4.2,53.8
994,D,1,1,4.7,6.1,5.5,8.6,74.8
995,A,1,0,5.4,5.1,8.2,5.1,56.3
995,B,0,1,9.4,7.5,7.6,5.3,66.3
995,C,0,1,2.8,7.3,7.9,6.3,57.2
995,D,1,1,4.7,8.1,6.3,7.1,77.0
996,A,1,1,5.0,5.1,6.2,4.5,68.0
996,B,0,1,6.8,7.4,6.5,6.3,61.7
996,C,1,0,5.8,6.2,5.5,5.0,54.2
996,D,1,1,8.5,7.0,7.3,7.1,83.2
997,A,0,1,6.1,4.1,7.6,7.3,58.5
997,B,1,1,6.4,6.9,5.8,7.0,76.8
997,C,1,1,5.8,10,5.9,3.9,76.0
997,D,1,0,6.4,7.3,9.3,5.4,64.0
998,A,1,1,7.2,5.1,8.1,7.5,79.8
998,B,1,1,6.0,6.1,6.2,5.1,72.3
998,C,0,1,6.5,8.4,5.8,5.8,60.8
998,D,1,1,6.7,8.2,6.9,7.2,81.7
999,A,0,1,5.9,6.2,6.5,6.5,58.5
999,B,1,0,7.8,9.4,7.3,6.6,68.5
999,C,0,0,5.4,7.4,7.6,1.6,36.7
999,D,0,0,8.2,7.9,7.7,7.4,52.0
1000,A,0,1,6.5,2.2,7.2,4.8,51.2
1000,B,1,0,9.2,9.0,7.7,8.2,73.5
1000,C,0,1,4.6,8.2,6.0,6.3,58.5
1000,D,1,0,6.2,7.8,8.2,3.6,59.7
1001,A,1,0,4.6,4.7,6.3,5.1,51.2
1001,B,1,0,8.2,7.7,8.8,8.8,72.5
1001,C,1,1,4.3,6.6,7.3,3.8,70.0
1001,D,1,1,8.0,9.6,5.8,5.5,81.5
1002,A,0,0,7.5,4.6,6.8,7.4,43.8
1002,B,0,0,8.0,7.8,5.3,5.7,44.7
1002,C,0,1,4.7,8.2,4.5,4.6,53.3
1002,D,1,1,4.9,6.6,6.8,5.7,73.3
1003,A,1,0,7.4,3.0,6.4,5.9,54.5
1003,B,1,1,5.9,6.5,6.5,7.1,76.7
1003,C,0,0,4.7,6.7,8.0,5.0,40.7
1003,D,1,1,6.9,7.5,5.0,6.8,77.0
1004,A,1,0,7.4,4.4,9.1,7.7,64.3
1004,B,0,1,5.1,5.8,8.3,5.8,58.3
1004,C,0,1,4.3,7.5,3.1,4.7,49.3
1004,D,0,1,7.6,8.6,7.1,6.1,65.7
1005,A,1,0,5.7,4.8,5.5,4.8,51.3
1005,B,0,0,5.2,6.8,7.7,7.2,44.8
1005,C,1,0,4.3,8.7,7.7,5.3,60.0
1005,D,1,1,6.9,7.7,6.1,7.4,80.2
1006,A,1,1,5.5,3.1,9.0,5.1,71.2
1006,B,1,1,6.1,6.0,5.9,8.3,77.2
1006,C,0,0,6.3,8.4,6.3,4.7,42.8
1006,D,1,1,6.8,7.6,7.1,6.7,80.3
1007,A,0,0,8.3,5.1,6.3,6.6,43.8
1007,B,1,1,7.5,9.0,6.5,6.6,82.7
1007,C,1,0,3.8,7.3,7.2,5.3,56.0
1007,D,0,1,6.2,5.8,7.7,7.5,62.0
1008,A,0,1,5.7,5.4,5.1,5.1,52.2
1008,B,1,1,8.2,9.8,8.5,4.8,85.5
1008,C,1,0,3.0,6.4,8.1,4.8,53.8
1008,D,1,1,7.9,7.0,5.9,7.4,80.3
1009,A,1,1,6.3,4.3,7.2,5.7,72.5
1009,B,1,0,7.2,8.2,7.0,6.0,64.0
1009,C,0,0,5.2,7.1,7.1,5.4,41.3
1009,D,1,1,6.6,7.6,6.4,6.7,78.8
1010,A,1,1,6.2,4.6,7.0,6.0,73.0
1010,B,1,1,7.3,7.1,6.9,6.2,79.2
1010,C,1,1,3.3,8.8,6.4,5.5,73.3
1010,D,1,1,5.3,8.0,8.4,6.4,80.2
1011,A,0,0,6.4,5.7,8.1,5.2,42.3
1011,B,1,0,7.0,4.6,8.0,8.7,63.8
1011,C,1,0,2.9,7.9,5.8,5.7,53.8
1011,D,1,1,9.1,10,6.5,5.1,84.5
1012,A,1,0,4.8,5.5,5.2,6.6,53.5
1012,B,0,0,6.2,7.8,3.5,5.6,38.5
1012,C,1,0,5.6,7.7,6.9,5.8,60.0
1012,D,1,0,8.3,5.7,7.1,8.1,65.3
1013,A,0,0,5.2,5.1,7.5,6.0,39.7
1013,B,1,0,9.5,6.9,6.5,6.7,66.0
1013,C,0,0,4.1,6.1,4.9,4.1,32.0
1013,D,1,1,6.3,7.9,6.6,5.1,76.5
1014,A,1,0,3.5,3.5,8.6,7.8,55.7
1014,B,1,1,4.0,5.9,5.7,4.5,66.8
1014,C,1,0,6.0,9.3,6.6,4.5,60.7
1014,D,1,1,5.8,9.5,8.4,7.6,85.5
1015,A,1,0,3.5,4.2,7.3,4.4,49.0
1015,B,1,1,7.7,8.2,5.9,6.0,79.7
1015,C,1,1,6.1,7.3,4.1,4.2,69.5
1015,D,1,0,8.7,8.2,6.4,6.2,65.8
1016,A,0,0,8.5,3.9,4.5,7.7,41.0
1016,B,1,0,8.6,8.1,4.7,6.7,63.5
1016,C,0,0,4.2,8.6,6.1,4.1,38.3
1016,D,1,0,8.2,7.5,6.5,8.9,68.5
1017,A,0,0,5.4,3.4,7.8,6.8,39.0
1017,B,1,1,7.7,8.8,7.3,5.3,81.8
1017,C,0,0,3.4,8.7,3.5,4.4,33.3
1017,D,0,1,6.5,6.7,6.1,7.7,61.7
1018,A,1,0,6.5,5.2,7.8,5.0,57.5
1018,B,1,1,5.5,8.9,5.8,5.9,76.8
1018,C,0,0,4.9,7.8,6.1,5.8,41.0
1018,D,1,1,9.0,6.4,7.9,6.3,82.7
1019,A,1,0,7.1,6.3,7.5,5.9,61.3
1019,B,1,1,8.2,5.6,10,6.6,84.0
1019,C,0,0,5.4,7.7,6.0,4.8,39.8
1019,D,0,1,7.5,7.1,7.2,9.0,68.0
1020,A,1,1,6.1,6.8,8.1,5.2,77.0
1020,B,0,1,7.6,7.6,8.4,6.5,66.8
1020,C,0,1,5.5,6.8,7.5,1.8,52.7
1020,D,0,1,7.3,8.1,6.5,5.9,63.0
1021,A,0,0,6.6,5.7,8.8,4.2,42.2
1021,B,1,1,7.1,5.8,8.0,4.7,76.0
1021,C,0,1,5.1,10,6.9,3.6,59.3
1021,D,0,0,7.6,8.0,7.2,7.4,50.3
1022,A,1,0,10,6.1,9.2,7.2,70.8
1022,B,0,1,6.3,8.8,5.6,8.4,65.2
1022,C,1,1,2.8,9.5,6.3,6.9,75.8
1022,D,1,1,7.7,10,8.6,5.4,86.2
1023,A,1,1,6.1,4.3,4.7,6.6,69.5
1023,B,1,1,7.1,8.0,6.4,7.0,80.8
1023,C,0,0,4.5,6.3,8.3,6.5,42.7
1023,D,0,1,6.8,6.1,8.9,6.2,63.3
1024,A,1,1,6.6,6.3,5.2,6.0,73.5
1024,B,0,0,6.7,7.7,6.1,7.4,46.5
1024,C,1,0,3.0,7.4,6.6,3.4,50.7
1024,D,1,1,5.5,8.2,9.3,6.2,82.0
1025,A,0,0,7.3,1.5,6.7,5.0,34.2
1025,B,1,0,6.3,9.1,7.6,7.1,66.8
1025,C,0,0,3.4,8.9,6.0,6.2,40.8
1025,D,1,1,8.7,6.2,8.3,7.4,84.3
1026,A,1,1,7.1,5.7,8.4,7.7,81.5
1026,B,1,1,8.2,10,6.8,6.6,86.0
1026,C,0,0,3.3,9.9,4.5,5.3,38.3
1026,D,1,1,6.3,7.4,4.8,6.2,74.5
1027,A,1,0,6.9,3.5,8.0,6.3,57.8
1027,B,1,1,7.1,8.9,5.2,4.8,76.7
1027,C,1,1,3.0,7.1,7.6,3.1,68.0
1027,D,0,1,8.0,8.3,6.7,9.3,70.5
1028,A,1,0,5.0,4.0,6.3,5.2,50.8
1028,B,1,0,8.8,5.4,9.6,5.0,64.7
1028,C,1,0,1.9,7.5,6.2,4.1,49.5
1028,D,1,0,5.7,8.4,5.3,6.6,60.0
1029,A,1,0,6.5,6.4,7.0,4.5,57.3
1029,B,0,1,6.9,6.5,9.1,4.9,62.3
1029,C,0,0,8.3,7.1,5.9,4.4,42.8
1029,D,1,1,8.7,7.2,8.0,7.3,85.3
1030,A,1,0,8.2,4.1,5.1,7.0,57.3
1030,B,1,1,8.0,8.9,6.4,5.0,80.5
1030,C,0,0,2.2,8.9,5.8,2.1,31.7
1030,D,1,1,7.9,7.0,8.0,6.6,82.5
1031,A,0,1,6.5,3.3,7.1,5.9,54.7
1031,B,0,1,10,8.9,6.1,7.3,70.5
1031,C,1,0,4.9,5.4,6.9,4.5,52.8
1031,D,1,0,6.1,7.0,6.5,5.4,58.3
1032,A,1,0,5.7,4.8,5.8,7.6,56.5
1032,B,1,1,7.8,5.8,7.8,4.7,76.8
1032,C,0,1,2.6,7.2,6.9,4.1,51.3
1032,D,1,1,6.9,7.4,6.6,8.1,81.7
1033,A,1,1,5.3,3.9,8.9,4.8,71.5
1033,B,1,0,9.3,6.7,7.3,6.2,65.8
1033,C,1,0,5.2,7.5,7.7,3.7,56.8
1033,D,1,0,4.8,6.6,7.9,4.3,56.0
1034,A,1,1,7.4,4.5,6.0,4.2,70.2
1034,B,1,1,7.4,7.8,6.4,3.8,75.7
1034,C,0,1,4.4,10,6.0,4.1,57.5
1034,D,1,1,6.6,7.7,7.4,5.5,78.7
1035,A,1,0,4.2,3.8,8.4,3.6,50.0
1035,B,1,0,9.0,7.4,6.7,6.1,65.3
1035,C,0,1,5.8,7.8,6.4,3.9,56.5
1035,D,1,0,7.2,7.1,7.1,6.2,62.7
1036,A,1,1,5.4,6.0,7.5,5.8,74.5
1036,B,1,1,6.7,8.0,6.3,5.4,77.3
1036,C,1,1,3.9,7.5,5.6,4.3,68.8
1036,D,1,1,7.1,6.6,5.5,6.1,75.5
1037,A,1,0,5.9,6.3,8.3,4.9,59.0
1037,B,0,0,8.0,3.8,7.1,7.3,43.7
1037,C,1,1,4.3,8.3,5.6,6.7,74.8
1037,D,0,1,4.2,6.4,9.0,8.8,64.0
1038,A,1,0,6.6,4.4,5.9,8.6,59.2
1038,B,1,1,5.9,6.8,7.9,5.9,77.5
1038,C,1,0,4.4,7.9,7.4,5.5,58.7
1038,D,1,0,7.8,10,5.2,6.2,65.3
1039,A,1,0,6.5,4.6,7.4,6.7,58.7
1039,B,1,1,7.0,9.3,8.3,5.6,83.7
1039,C,0,1,5.2,10,5.9,5.4,60.8
1039,D,1,1,5.8,7.3,8.4,8.6,83.5
1040,A,0,0,6.5,4.0,8.2,6.5,42.0
1040,B,1,0,7.5,5.9,8.0,6.5,63.2
1040,C,0,0,6.9,8.9,5.8,4.4,43.3
1040,D,1,1,7.8,9.2,5.7,5.6,80.5
1041,A,0,0,7.5,3.6,5.9,8.2,42.0
1041,B,1,1,5.8,7.4,9.0,5.9,80.2
1041,C,0,0,4.9,10,4.8,5.5,42.0
1041,D,1,1,7.3,7.7,6.6,6.9,80.8
1042,A,1,1,7.9,4.9,4.8,8.3,76.5
1042,B,0,1,6.5,8.2,6.6,5.5,61.3
1042,C,1,0,3.0,9.5,5.9,6.6,58.3
1042,D,1,0,9.3,7.6,7.7,7.1,69.5
1043,A,1,1,6.7,4.6,8.9,5.0,75.3
1043,B,0,1,7.4,5.9,6.2,6.8,60.5
1043,C,1,1,4.1,10,4.9,3.2,70.3
1043,D,0,0,6.3,8.2,6.5,6.4,45.7
1044,A,0,0,5.5,4.0,5.0,3.9,30.7
1044,B,1,0,5.9,8.7,7.6,6.3,64.2
1044,C,0,0,5.0,8.9,6.5,3.6,40.0
1044,D,1,1,8.6,7.3,7.3,8.3,85.8
1045,A,1,1,6.9,5.6,9.0,6.3,79.7
1045,B,0,0,7.4,7.2,5.9,2.9,39.0
1045,C,1,1,3.4,8.2,4.9,3.8,67.2
1045,D,1,0,8.9,6.7,6.3,5.1,61.7
1046,A,1,0,7.0,5.5,7.7,7.4,62.7
1046,B,1,1,3.6,6.6,7.5,5.5,72.0
1046,C,1,0,5.1,6.5,6.5,5.4,55.8
1046,D,1,1,8.6,6.2,6.4,6.6,79.7
1047,A,1,1,6.6,5.8,5.7,6.5,74.3
1047,B,0,1,8.0,7.4,4.8,7.2,62.3
1047,C,1,0,6.5,5.2,5.5,3.6,51.3
1047,D,1,1,7.0,8.6,6.7,5.8,80.2
1048,A,0,1,9.8,5.0,9.0,5.8,66.0
1048,B,1,0,8.2,6.8,6.9,6.6,64.2
1048,C,0,1,3.7,8.0,7.2,4.9,56.3
1048,D,0,1,7.0,7.8,5.4,8.5,64.5
1049,A,1,1,7.1,2.9,9.7,7.2,78.2
1049,B,0,0,5.9,6.7,5.5,4.8,38.2
1049,C,0,1,3.5,6.8,7.1,5.9,55.5
1049,D,1,0,6.4,5.8,6.3,6.0,57.5
1050,A,0,0,6.9,4.9,9.4,6.0,45.3
1050,B,1,1,9.2,6.2,4.3,6.2,76.5
1050,C,1,1,2.9,10,6.7,4.1,72.8
1050,D,1,1,8.3,9.1,3.8,6.3,79.2
1051,A,1,0,7.7,6.4,7.0,6.5,62.7
1051,B,1,1,10,5.3,6.8,3.5,76.0
1051,C,1,0,7.1,9.8,6.2,5.4,64.2
1051,D,1,1,5.6,6.7,5.4,5.5,72.0
1052,A,1,1,2.5,2.4,5.6,8.3,64.7
1052,B,1,1,6.6,8.3,6.1,6.5,79.2
1052,C,0,0,4.0,8.4,7.9,4.9,42.0
1052,D,1,0,7.0,6.0,5.5,7.1,59.3
1053,A,1,1,7.2,4.7,7.1,6.6,76.0
1053,B,1,0,6.8,7.3,5.4,5.7,58.7
1053,C,0,0,5.4,9.0,4.8,4.6,39.7
1053,D,0,0,7.5,7.2,7.0,7.5,48.7
1054,A,0,1,6.2,6.0,5.7,7.2,58.5
1054,B,0,1,6.7,7.3,8.5,5.8,63.8
1054,C,0,0,2.7,8.0,4.7,5.1,34.2
1054,D,0,1,7.3,8.6,5.9,7.0,64.7
1055,A,1,1,7.9,3.6,9.1,5.7,77.2
1055,B,1,1,8.8,8.2,6.7,4.9,81.0
1055,C,1,1,5.3,6.5,7.7,6.9,77.3
1055,D,1,0,8.8,7.6,7.2,5.2,64.7
1056,A,1,0,6.8,4.9,9.6,6.2,62.5
1056,B,1,1,6.2,8.1,7.4,4.3,76.7
1056,C,0,0,5.1,6.4,5.0,7.4,39.8
1056,D,0,0,7.5,8.4,3.2,8.8,46.5
1057,A,1,0,6.4,3.7,8.3,4.5,54.8
1057,B,1,0,3.6,8.8,6.9,3.6,54.8
1057,C,1,0,5.2,8.0,5.4,4.5,55.2
1057,D,1,0,4.9,8.1,7.1,8.8,64.8
1058,A,0,0,5.6,2.1,5.8,5.7,32.0
1058,B,1,0,5.6,7.7,6.3,5.2,58.0
1058,C,0,0,3.6,7.3,7.8,5.8,40.8
1058,D,1,0,7.0,8.9,7.1,6.7,66.2
1059,A,1,1,4.8,3.5,8.1,5.6,70.0
1059,B,1,1,7.7,7.2,7.2,7.6,82.8
1059,C,0,0,4.7,5.9,5.9,3.6,33.5
1059,D,1,1,8.5,5.2,7.9,6.2,79.7
1060,A,1,0,8.8,4.6,7.2,6.1,61.2
1060,B,1,0,6.8,7.5,6.1,5.0,59.0
1060,C,0,0,3.5,7.4,5.6,5.8,37.2
1060,D,1,1,6.4,5.8,6.9,7.5,77.7
1061,A,0,0,4.8,3.8,6.8,5.3,34.5
1061,B,1,1,8.2,7.7,7.5,5.0,80.7
1061,C,1,0,4.3,8.0,5.1,6.2,56.0
1061,D,1,1,10,6.9,7.1,6.5,84.2
1062,A,0,0,7.6,5.8,6.5,7.7,46.0
1062,B,0,0,7.7,7.7,5.8,5.0,43.7
1062,C,0,0,5.3,7.0,5.8,4.4,37.5
1062,D,1,0,7.9,8.8,6.5,7.8,68.3
1063,A,1,0,7.9,5.0,4.8,7.3,58.3
1063,B,1,1,6.6,4.1,7.0,5.9,72.7
1063,C,0,0,3.1,8.7,7.9,4.5,40.3
1063,D,1,1,6.3,10.0,5.3,6.7,80.5
1064,A,0,0,9.2,3.8,7.3,4.8,41.8
1064,B,1,1,7.6,10,7.2,6.1,84.8
1064,C,0,1,5.5,9.6,8.6,6.4,66.8
1064,D,1,1,7.4,9.2,7.0,5.2,81.3
1065,A,1,0,6.6,6.8,8.5,6.3,63.7
1065,B,0,1,5.5,7.8,6.7,6.1,60.2
1065,C,0,1,3.6,7.1,6.9,4.1,52.8
1065,D,1,0,8.7,9.8,7.2,5.0,67.8
1066,A,0,0,5.1,3.2,4.9,4.2,29.0
1066,B,0,1,7.9,7.1,6.1,7.3,64.0
1066,C,0,0,4.6,8.8,5.8,6.9,43.5
1066,D,1,0,7.3,7.1,5.9,4.5,58.0
1067,A,1,0,5.8,6.5,9.2,6.3,63.0
1067,B,0,0,4.5,10,5.2,6.3,43.3
1067,C,0,1,5.5,7.4,5.2,7.0,58.5
1067,D,0,1,5.3,7.3,6.4,6.1,58.5
1068,A,0,0,5.6,3.5,7.6,5.3,36.7
1068,B,1,0,5.3,8.2,7.0,6.0,60.8
1068,C,1,0,4.7,8.3,5.5,4.9,55.7
1068,D,1,1,6.4,7.4,7.9,6.3,80.0
1069,A,1,0,4.7,2.7,7.5,5.9,51.3
1069,B,1,0,5.9,8.4,7.3,6.5,63.5
1069,C,1,1,5.5,9.5,5.0,4.4,74.0
1069,D,0,0,8.0,6.0,6.8,7.6,47.3
1070,A,1,0,6.4,4.1,8.5,6.6,59.3
1070,B,1,1,6.8,7.7,5.5,5.8,76.3
1070,C,1,0,2.8,7.9,6.9,5.9,55.8
1070,D,1,1,6.7,7.4,7.8,5.9,79.7
1071,A,0,1,7.9,4.9,6.5,7.2,60.8
1071,B,1,0,7.7,8.0,6.8,7.6,66.8
1071,C,1,1,4.4,9.1,5.4,5.8,74.5
1071,D,1,1,6.9,7.4,8.9,7.1,83.8
1072,A,1,0,7.4,5.1,9.6,5.1,62.0
1072,B,1,0,8.3,5.7,9.0,6.1,65.2
1072,C,0,1,5.9,6.2,4.9,5.8,54.7
1072,D,0,1,4.9,9.1,8.5,10.0,70.8
1073,A,1,0,6.2,3.5,8.7,5.5,56.5
1073,B,0,1,6.8,7.5,6.3,5.8,60.7
1073,C,0,0,4.9,8.6,5.6,4.7,39.7
1073,D,1,0,8.2,7.6,8.9,6.3,68.3
1074,A,0,0,7.8,5.9,8.2,4.7,44.3
1074,B,1,0,7.3,9.2,7.0,5.1,64.3
1074,C,1,1,3.9,7.8,5.9,5.9,72.5
1074,D,1,0,7.7,6.8,7.9,8.8,68.7
1075,A,0,1,6.4,5.4,4.7,6.8,55.5
1075,B,1,1,7.1,6.8,7.1,7.2,80.3
1075,C,0,0,4.1,8.9,6.1,3.8,38.2
1075,D,1,1,7.6,7.1,7.1,7.9,82.8
1076,A,0,0,5.3,4.9,6.9,7.2,40.5
1076,B,1,1,5.4,8.0,5.8,6.5,76.2
1076,C,1,0,5.4,9.1,7.0,7.2,64.5
1076,D,0,0,7.8,6.0,6.4,6.0,43.7
1077,A,0,0,8.3,5.1,6.5,4.5,40.7
1077,B,1,1,8.8,5.1,9.5,3.6,78.3
1077,C,1,0,4.1,8.6,4.0,2.7,49.0
1077,D,0,1,6.6,7.4,5.7,8.4,63.5
1078,A,1,0,6.9,6.4,7.2,6.9,62.3
1078,B,1,1,6.4,7.7,5.3,4.2,72.7
1078,C,1,0,4.2,7.7,4.3,5.2,52.3
1078,D,0,1,7.0,9.0,4.7,5.9,61.0
1079,A,1,0,6.1,5.7,8.2,8.2,63.7
1079,B,1,0,9.4,6.0,7.0,6.2,64.3
1079,C,0,1,2.4,8.0,5.1,5.0,50.8
1079,D,1,0,6.4,7.7,5.9,4.3,57.2
1080,A,1,0,7.7,5.2,5.7,4.8,55.7
1080,B,1,0,5.1,8.4,5.6,5.1,57.0
1080,C,0,1,4.4,9.2,5.3,3.2,53.5
1080,D,1,1,7.8,8.8,5.3,5.0,78.2
1081,A,1,0,5.6,5.5,5.8,4.9,53.0
1081,B,1,1,6.0,9.4,5.6,7.9,81.5
1081,C,0,0,4.9,6.7,7.8,3.4,38.0
1081,D,1,1,7.4,6.7,6.0,7.3,79.0
1082,A,0,1,7.6,6.4,7.9,5.9,63.0
1082,B,1,0,6.6,6.2,6.3,4.8,56.5
1082,C,1,0,3.1,9.5,6.5,5.4,57.5
1082,D,1,1,8.0,8.7,6.0,6.4,81.8
1083,A,0,1,6.5,5.6,5.2,4.0,52.2
1083,B,0,0,10,7.1,7.9,6.5,52.5
1083,C,1,0,3.2,8.4,7.3,1.8,51.2
1083,D,1,1,6.1,6.9,7.4,5.7,76.8
1084,A,1,1,8.3,4.9,9.5,8.3,85.0
1084,B,1,1,7.3,7.7,9.2,5.2,82.3
1084,C,0,0,1.6,9.3,8.4,6.9,43.7
1084,D,1,0,6.1,6.8,7.6,7.4,63.2
1085,A,1,1,7.9,4.7,6.6,6.1,75.5
1085,B,1,0,6.7,7.3,7.5,7.1,64.3
1085,C,0,0,5.0,10.0,6.2,4.4,42.7
1085,D,1,0,6.7,6.3,7.3,7.3,62.7
1086,A,0,1,5.4,3.2,5.6,6.3,50.8
1086,B,1,1,8.0,5.9,7.4,6.7,80.0
1086,C,1,1,3.4,7.4,7.6,7.4,76.3
1086,D,1,0,6.0,6.0,7.9,7.1,61.7
1087,A,1,0,3.9,3.0,6.2,5.2,47.2
1087,B,1,1,5.4,7.5,6.5,5.3,74.5
1087,C,0,0,4.0,7.5,7.0,3.6,36.8
1087,D,1,1,5.2,8.6,3.8,5.7,72.2
1088,A,0,0,7.5,3.2,5.8,7.1,39.3
1088,B,1,0,7.8,7.8,5.2,7.2,63.3
1088,C,1,1,5.5,5.6,4.2,6.6,69.8
1088,D,1,0,5.4,8.6,6.5,7.4,63.2
1089,A,1,0,7.5,5.5,7.1,6.1,60.3
1089,B,1,1,7.5,6.1,7.9,6.0,79.2
1089,C,1,0,6.6,10,7.2,4.3,63.5
1089,D,1,1,7.8,7.8,5.4,6.7,79.5
1090,A,1,0,7.5,2.8,7.6,5.5,55.7
1090,B,1,1,7.3,6.9,8.3,4.2,77.8
1090,C,0,1,3.1,8.3,8.2,3.7,55.5
1090,D,0,0,8.2,7.8,6.6,6.5,48.5
1091,A,1,0,6.0,4.3,7.1,7.0,57.3
1091,B,1,0,5.2,6.7,7.4,8.1,62.3
1091,C,0,1,5.1,9.2,4.7,5.7,57.8
1091,D,0,0,9.0,6.6,5.5,4.8,43.2
1092,A,1,0,6.6,2.3,7.5,5.2,52.7
1092,B,0,1,7.5,6.7,5.6,5.0,58.0
1092,C,1,0,4.0,8.3,6.8,4.0,55.2
1092,D,1,1,6.8,7.7,6.6,7.7,81.3
1093,A,0,0,5.0,4.5,7.0,7.1,39.3
1093,B,1,1,7.7,6.4,8.1,7.1,82.2
1093,C,1,1,1,9.0,6.4,4.0,67.3
1093,D,1,1,8.4,7.0,7.8,6.9,83.5
1094,A,1,0,5.8,3.1,4.3,4.3,45.8
1094,B,0,0,4.3,6.3,7.3,6.0,39.8
1094,C,0,1,3.5,8.2,7.3,3.5,54.2
1094,D,1,1,5.9,10.0,6.0,6.6,80.8
1095,A,1,0,6.9,4.8,7.2,5.1,56.7
1095,B,0,0,6.9,7.0,8.5,6.3,47.8
1095,C,0,0,3.5,5.4,7.4,6.2,37.5
1095,D,1,1,8.1,6.9,6.3,6.5,79.7
1096,A,0,0,7.9,3.7,8.3,6.9,44.7
1096,B,1,0,6.3,9.1,6.0,5.0,60.7
1096,C,1,0,4.9,8.9,7.0,7.6,64.0
1096,D,1,1,5.5,6.9,6.5,5.2,73.5
1097,A,1,1,9.3,4.9,8.0,5.8,80.0
1097,B,1,0,7.7,8.1,4.1,5.7,59.3
1097,C,1,0,6.4,7.6,6.0,7.5,62.5
1097,D,1,1,8.1,5.5,6.8,8.6,81.7
1098,A,1,1,4.4,3.5,8.2,3.7,66.3
1098,B,0,1,6.4,8.4,8.1,4.6,62.5
1098,C,1,1,4.2,7.9,7.5,7.6,78.7
1098,D,0,1,5.5,9.9,7.3,8.5,68.7
1099,A,0,0,5.9,6.3,7.0,5.1,40.5
1099,B,1,1,7.1,7.3,6.6,7.3,80.5
1099,C,1,0,5.5,9.6,6.3,6.5,63.2
1099,D,1,1,7.8,6.2,5.1,5.4,74.2
1100,A,0,1,6.7,5.2,5.6,7.4,58.2
1100,B,0,0,10,6.2,7.2,6.6,50.0
1100,C,0,1,1.4,6.5,5.6,5.3,48.0
1100,D,1,0,7.1,7.3,7.9,5.8,63.5
1101,A,1,1,5.7,4.6,6.9,3.7,68.2
1101,B,1,1,7.5,7.5,7.5,7.0,82.5
1101,C,0,1,5.1,7.7,5.3,5.8,56.5
1101,D,1,1,7.9,10,6.4,5.1,82.3
1102,A,1,0,5.6,4.7,7.4,7.0,57.8
1102,B,1,0,7.4,6.3,9.2,5.9,64.7
1102,C,0,0,2.5,8.0,5.9,5.2,36.0
1102,D,0,1,7.0,9.7,5.2,9.1,68.3
1103,A,1,1,6.4,4.1,8.4,7.6,77.5
1103,B,1,1,6.5,5.6,6.0,3.5,69.3
1103,C,1,0,4.4,6.2,5.9,6.8,55.5
1103,D,1,1,7.0,8.1,8.0,5.1,80.3
1104,A,0,0,7.7,5.5,5.0,6.8,41.7
1104,B,0,0,6.2,7.6,7.2,5.2,43.7
1104,C,0,0,3.4,7.8,6.7,4.8,37.8
1104,D,1,1,6.3,8.2,7.6,7.1,82.0
1105,A,0,0,6.0,3.8,7.1,5.8,37.8
1105,B,0,0,6.5,6.1,6.4,4.2,38.7
1105,C,1,0,4.9,9.6,4.7,4.4,56.0
1105,D,1,0,7.8,6.5,6.5,6.8,62.7
1106,A,1,0,8.6,4.2,6.5,7.1,60.7
1106,B,1,1,6.7,7.6,8.6,3.8,77.8
1106,C,0,1,6.2,8.1,7.3,5.8,62.3
1106,D,0,0,7.8,8.9,4.8,7.0,47.5
1107,A,1,0,7.2,6.0,5.0,6.2,57.3
1107,B,0,0,9.5,10,6.2,8.2,56.5
1107,C,1,1,4.4,6.4,5.0,6.2,70.0
1107,D,0,0,7.3,7.4,7.5,9.0,52.0
1108,A,1,0,6.7,3.7,3.8,6.6,51.3
1108,B,1,1,5.7,6.2,4.7,6.6,72.0
1108,C,0,0,4.0,10,4.5,5.2,39.5
1108,D,1,1,9.5,5.7,8.1,5.9,82.0
1109,A,0,0,4.9,2.4,10,5.3,37.7
1109,B,1,1,6.4,7.5,6.4,5.1,75.7
1109,C,1,0,3.7,8.1,5.3,7.0,56.8
1109,D,1,1,7.1,8.7,8.0,8.3,86.8
1110,A,1,1,5.4,4.5,3.4,5.3,64.3
1110,B,1,1,7.2,7.8,4.6,6.3,76.5
1110,C,0,1,4.2,5.5,5.5,3.1,47.2
1110,D,1,1,6.7,6.8,7.1,7.0,79.3
1111,A,0,0,4.1,5.4,4.1,4.8,30.7
1111,B,0,0,5.5,5.9,6.0,6.4,39.7
1111,C,1,0,2.6,7.0,6.2,4.0,49.7
1111,D,0,0,7.8,10,6.6,5.3,49.5
1112,A,1,0,6.2,4.6,5.2,6.8,54.7
1112,B,1,1,4.8,7.4,6.3,6.3,74.7
1112,C,1,1,4.3,7.5,7.9,4.4,73.5
1112,D,1,1,6.1,6.5,8.4,5.2,77.0
1113,A,0,0,7.2,5.2,8.1,7.3,46.3
1113,B,0,1,5.6,7.2,6.4,4.5,56.2
1113,C,0,0,3.2,8.5,5.0,4.3,35.0
1113,D,1,1,8.2,7.7,5.7,5.6,78.7
1114,A,0,0,6.2,5.3,6.5,3.5,35.8
1114,B,0,1,3.8,8.8,4.2,6.2,55.0
1114,C,0,1,4.9,8.4,3.6,4.7,52.7
1114,D,0,1,6.8,4.1,6.7,7.7,58.8
1115,A,0,0,6.1,6.6,5.8,5.3,39.7
1115,B,0,0,5.2,8.1,6.6,5.5,42.3
1115,C,0,0,4.9,7.8,5.5,5.8,40.0
1115,D,0,0,4.7,7.9,4.6,8.6,43.0
1116,A,1,0,7.3,4.1,9.2,5.4,60.0
1116,B,1,0,8.3,8.3,7.7,6.0,67.2
1116,C,1,0,4.5,9.7,5.4,5.4,58.3
1116,D,0,1,7.2,7.2,6.1,7.4,63.2
1117,A,1,0,7.7,3.1,7.7,6.2,57.8
1117,B,0,1,9.3,5.5,4.7,6.4,59.8
1117,C,0,1,4.1,9.5,6.5,4.4,57.5
1117,D,1,1,6.3,8.1,8.2,6.5,81.8
1118,A,1,1,6.8,5.5,7.5,6.6,77.3
1118,B,0,0,3.8,7.3,6.4,4.3,36.3
1118,C,1,0,4.2,7.6,7.2,5.5,57.5
1118,D,1,1,8.3,6.7,6.0,6.0,78.3
1119,A,0,0,8.0,4.4,7.4,7.1,44.8
1119,B,0,1,6.3,7.4,6.2,4.7,57.7
1119,C,0,1,3.2,7.8,7.0,3.1,51.8
1119,D,1,1,8.9,6.1,6.0,10,85.0
1120,A,0,1,6.6,2.5,6.1,5.8,51.7
1120,B,1,1,8.6,9.5,6.7,8.0,88.0
1120,C,0,0,3.6,8.6,5.9,6.2,40.5
1120,D,1,0,5.4,7.4,5.6,6.1,57.5
1121,A,1,0,8.6,3.4,5.9,5.7,56.0
1121,B,1,1,7.7,6.1,7.5,5.9,78.7
1121,C,0,0,2.4,7.8,5.8,5.8,36.3
1121,D,1,0,6.7,7.3,6.2,4.0,57.0
1122,A,0,1,6.8,5.7,7.4,6.4,60.5
1122,B,0,0,5.8,5.5,7.3,8.1,44.5
1122,C,0,0,3.8,8.5,5.8,4.8,38.2
1122,D,1,1,8.5,9.2,8.9,5.4,86.7
1123,A,1,1,7.4,5.6,7.3,8.0,80.5
1123,B,0,0,5.5,8.6,6.1,5.6,43.0
1123,C,0,1,5.8,9.6,6.9,7.0,65.5
1123,D,1,1,5.8,7.5,8.6,7.2,81.8
1124,A,1,0,8.4,4.5,7.1,6.1,60.2
1124,B,1,0,8.1,8.3,8.0,5.6,66.7
1124,C,1,1,4.2,7.3,6.6,3.8,69.8
1124,D,1,1,10,7.9,5.3,7.9,85.2
1125,A,0,0,6.3,4.5,8.1,3.9,38.0
1125,B,0,0,5.8,7.7,5.4,5.9,41.3
1125,C,1,1,5.7,7.4,4.9,7.1,75.2
1125,D,0,1,6.6,6.8,6.8,8.5,64.5
1126,A,0,1,6.2,5.0,8.5,6.1,59.7
1126,B,1,1,7.8,5.8,8.5,7.0,81.8
1126,C,1,1,7.0,7.8,5.9,5.3,76.7
1126,D,1,1,6.7,4.5,8.7,6.2,76.8
1127,A,0,0,3.8,3.0,7.7,6.1,34.3
1127,B,0,1,7.2,6.1,8.1,6.8,63.7
1127,C,0,1,3.5,5.7,6.2,5.1,50.8
1127,D,0,1,7.8,6.9,7.2,5.7,62.7
1128,A,0,1,7.2,3.8,6.4,4.1,52.5
1128,B,1,0,6.5,8.5,5.8,7.3,63.5
1128,C,1,1,3.0,5.9,7.8,2.1,64.7
1128,D,1,1,7.2,6.7,7.0,6.8,79.5
1129,A,1,1,5.9,2.3,7.2,4.0,65.7
1129,B,0,1,5.9,7.2,6.0,6.1,58.7
1129,C,0,0,2.5,8.5,5.7,5.3,36.7
1129,D,0,0,6.3,9.1,5.5,6.9,46.3
1130,A,1,0,7.9,4.6,5.6,3.5,52.7
1130,B,1,0,9.3,9.7,6.1,7.0,70.2
1130,C,0,0,3.7,7.6,6.7,3.4,35.7
1130,D,1,0,6.9,9.4,6.5,6.8,66.0
1131,A,1,0,7.0,3.7,7.1,6.5,57.2
1131,B,0,1,5.1,8.2,8.0,5.6,61.5
1131,C,0,1,3.2,7.7,9.0,6.8,61.2
1131,D,1,0,9.6,9.1,7.7,8.3,74.5
1132,A,1,1,6.5,4.4,6.1,6.2,72.0
1132,B,1,1,10,7.7,5.2,3.9,78.0
1132,C,1,0,5.6,8.2,6.3,2.6,54.5
1132,D,0,1,6.5,5.1,6.9,8.4,61.5
1133,A,1,1,3.8,5.5,6.4,7.5,72.0
1133,B,0,1,6.1,8.5,7.9,6.5,65.0
1133,C,0,1,5.3,10,7.8,5.5,64.3
1133,D,1,1,9.1,7.0,7.1,9.6,88.0
1134,A,1,1,7.3,4.1,7.9,6.9,77.0
1134,B,0,0,8.0,6.2,8.0,8.7,51.5
1134,C,0,1,4.2,9.2,4.8,5.2,55.7
1134,D,1,1,7.6,10,6.1,6.9,84.3
1135,A,0,0,6.6,5.1,9.6,2.7,40.0
1135,B,0,0,7.5,9.8,8.0,4.0,48.8
1135,C,0,0,3.1,8.4,2.9,5.8,33.7
1135,D,1,1,7.8,8.6,9.0,8.3,89.5
1136,A,0,1,6.1,4.1,10,4.2,57.3
1136,B,1,1,7.6,6.4,7.6,6.1,79.5
1136,C,0,0,3.7,7.5,5.1,3.2,32.5
1136,D,0,0,9.1,9.8,8.0,4.1,51.7
1137,A,1,1,5.0,4.9,5.8,4.1,66.3
1137,B,1,0,8.6,8.0,7.8,6.2,67.7
1137,C,1,0,4.2,7.6,4.2,4.8,51.3
1137,D,1,0,7.4,8.4,7.9,4.8,64.2
1138,A,1,0,3.5,5.3,7.4,4.8,51.7
1138,B,1,0,6.5,8.8,7.4,7.0,66.2
1138,C,0,0,5.8,10,6.6,6.6,48.3
1138,D,1,1,8.1,6.9,6.9,4.4,77.2
1139,A,0,1,7.3,5.0,6.7,5.8,58.0
1139,B,1,1,7.1,8.6,9.0,7.7,87.3
1139,C,0,0,5.3,4.8,7.6,3.7,35.7
1139,D,1,0,7.0,6.6,6.1,8.7,64.0
1140,A,0,0,5.7,5.7,6.8,5.5,39.5
1140,B,1,0,7.0,7.4,7.3,6.8,64.2
1140,C,0,0,2.8,9.7,5.1,6.1,39.5
1140,D,1,1,6.9,6.7,7.2,4.6,75.7
1141,A,0,0,7.0,6.5,9.0,6.8,48.8
1141,B,1,0,6.1,7.0,6.0,5.3,57.3
1141,C,1,1,1.8,8.2,10,3.4,72.3
1141,D,1,1,7.3,6.3,7.6,7.6,81.3
1142,A,1,0,7.4,5.0,8.1,6.7,62.0
1142,B,0,0,9.5,7.0,5.9,5.8,47.0
1142,C,1,0,1,6.1,7.2,5.9,50.3
1142,D,1,1,6.4,8.6,6.2,5.6,78.0
1143,A,0,0,6.5,5.6,6.4,7.7,43.7
1143,B,0,1,5.4,4.8,4.0,8.6,54.7
1143,C,1,1,5.0,7.4,5.5,3.5,69.0
1143,D,1,1,6.9,6.9,6.8,5.7,77.2
1144,A,0,0,5.3,3.0,6.3,6.2,34.7
1144,B,1,1,6.9,7.1,8.6,5.0,79.3
1144,C,0,1,4.3,8.0,6.4,3.4,53.5
1144,D,1,1,9.2,8.9,8.2,8.5,91.3
1145,A,1,0,6.8,4.7,4.6,7.2,55.5
1145,B,0,0,5.8,7.4,5.5,6.0,41.2
1145,C,0,1,6.2,5.8,6.3,5.2,55.8
1145,D,1,0,8.9,8.6,8.3,3.9,66.2
1146,A,1,0,7.2,5.6,7.9,5.2,59.8
1146,B,1,1,6.0,6.4,6.0,5.5,73.2
1146,C,0,0,2.4,5.5,6.8,6.3,35.0
1146,D,1,0,6.5,7.9,7.4,5.3,61.8
1147,A,1,1,7.5,5.0,8.4,7.7,81.0
1147,B,0,1,7.3,8.7,7.4,6.7,66.8
1147,C,0,0,4.5,8.2,7.4,7.2,45.5
1147,D,1,0,6.8,6.5,5.1,8.2,61.0
1148,A,0,1,4.2,4.5,8.6,3.7,51.7
1148,B,0,0,4.8,6.9,6.4,6.7,41.3
1148,C,1,1,4.4,9.4,6.2,4.0,73.3
1148,D,0,0,6.6,6.5,9.3,6.3,47.8
1149,A,1,1,7.8,5.7,6.1,4.8,74.0
1149,B,1,1,9.1,7.8,7.5,5.2,82.7
1149,C,0,0,4.6,9.8,7.0,4.1,42.5
1149,D,1,0,6.2,9.0,10,6.1,68.8
1150,A,1,0,5.7,6.5,5.7,4.3,53.7
1150,B,1,0,7.0,7.4,6.3,6.9,62.7
1150,C,0,0,7.8,6.3,4.7,5.4,40.3
1150,D,1,1,5.6,6.9,6.5,6.6,76.0
1151,A,0,1,7.4,4.4,7.4,7.7,61.5
1151,B,0,1,6.5,7.6,6.7,5.9,61.2
1151,C,1,0,4.0,6.2,4.8,5.9,51.5
1151,D,1,1,7.5,7.8,6.4,6.4,80.2
1152,A,1,0,6.2,3.8,8.7,5.3,56.7
1152,B,1,0,6.8,5.3,8.8,6.6,62.5
1152,C,0,1,5.5,8.3,4.2,5.5,55.8
1152,D,0,1,7.7,6.5,7.1,7.1,64.0
1153,A,1,0,7.6,3.6,6.1,6.0,55.5
1153,B,1,0,6.9,10,8.3,5.7,68.2
1153,C,0,0,1.7,8.5,5.2,4.0,32.3
1153,D,1,1,7.7,7.1,6.9,6.5,80.3
1154,A,1,0,7.7,4.4,9.1,7.0,63.7
1154,B,0,0,8.4,9.0,8.1,8.1,56.0
1154,C,1,1,5.4,9.1,6.2,6.4,78.5
1154,D,0,0,6.4,6.0,4.8,6.5,39.5
1155,A,1,1,7.4,3.8,8.7,4.4,73.8
1155,B,0,1,5.7,5.9,6.3,5.4,55.5
1155,C,1,0,3.8,9.0,7.5,5.8,60.2
1155,D,0,0,8.6,7.2,5.1,7.2,46.8
1156,A,1,0,5.7,6.2,6.9,4.2,55.0
1156,B,1,1,6.7,7.4,6.8,6.4,78.8
1156,C,1,0,4.1,7.7,7.1,4.6,55.8
1156,D,1,1,8.7,8.0,6.8,5.1,81.0
1157,A,1,0,6.7,4.6,9.0,7.2,62.5
1157,B,1,0,8.0,9.7,6.8,7.8,70.5
1157,C,1,1,5.4,7.8,8.5,5.1,78.0
1157,D,1,0,5.8,9.1,7.8,6.0,64.5
1158,A,1,0,6.9,3.2,5.3,3.7,48.5
1158,B,1,1,6.7,6.2,7.0,6.6,77.5
1158,C,1,1,4.4,8.8,6.5,7.6,78.8
1158,D,1,1,6.7,8.2,8.0,5.6,80.8
1159,A,0,0,6.5,4.6,5.4,5.3,36.3
1159,B,1,0,6.3,6.7,6.3,5.5,58.0
1159,C,0,1,3.8,8.4,7.2,7.3,61.2
1159,D,1,1,7.8,6.5,6.7,4.7,76.2
1160,A,0,1,4.9,6.6,7.7,6.4,59.3
1160,B,1,0,7.7,7.0,7.0,5.5,62.0
1160,C,1,1,5.5,7.8,5.7,7.3,77.2
1160,D,0,1,7.5,9.7,8.1,7.2,70.8
1161,A,0,0,7.3,3.0,8.7,7.6,44.3
1161,B,1,0,7.0,8.4,9.1,5.6,66.8
1161,C,1,1,2.9,8.6,6.8,4.6,71.5
1161,D,0,0,5.4,7.9,6.9,5.9,43.5
1162,A,1,0,7.1,2.9,9.0,5.6,57.7
1162,B,1,1,6.3,7.7,4.4,5.1,72.5
1162,C,0,0,5.9,6.8,7.5,4.8,41.7
1162,D,0,1,7.7,5.8,5.2,8.1,61.3
1163,A,1,1,6.4,3.8,8.7,6.3,75.3
1163,B,1,1,7.0,8.5,9.1,7.6,87.0
1163,C,1,1,1.8,6.8,7.7,6.0,70.5
1163,D,1,0,7.0,7.5,7.2,6.6,63.8
1164,A,1,1,7.6,7.5,7.4,2.9,75.7
1164,B,0,1,5.2,8.9,5.4,6.3,59.7
1164,C,1,0,4.7,6.3,6.7,4.6,53.8
1164,D,1,0,7.2,5.6,7.4,5.5,59.5
1165,A,1,0,5.6,5.1,4.2,6.1,51.7
1165,B,1,0,7.8,6.4,5.1,7.2,60.8
1165,C,1,0,4.3,10,5.4,5.3,58.3
1165,D,1,0,8.4,8.7,6.7,5.5,65.5
1166,A,1,0,5.2,3.3,8.6,4.9,53.3
1166,B,1,0,6.4,5.8,8.7,7.1,63.3
1166,C,1,0,6.2,8.6,5.5,5.1,59.0
1166,D,1,0,3.6,9.7,6.3,7.2,61.3
1167,A,0,1,6.0,4.9,7.3,4.3,54.2
1167,B,1,1,7.6,5.7,8.9,6.2,80.7
1167,C,0,1,3.9,6.2,5.5,3.3,48.2
1167,D,1,1,7.4,8.1,6.7,8.6,84.7
1168,A,1,0,9.1,7.7,7.7,6.6,68.5
1168,B,1,1,6.1,7.8,8.2,5.4,79.2
1168,C,0,0,3.7,8.3,4.7,3.6,33.8
1168,D,1,0,6.6,7.7,7.4,6.5,63.7
1169,A,1,1,7.0,4.7,6.1,6.2,73.3
1169,B,0,1,5.8,6.4,7.5,4.4,56.8
1169,C,1,0,5.6,7.3,7.8,5.9,61.0
1169,D,0,0,8.7,5.2,7.4,6.4,46.2
1170,A,0,1,7.3,5.9,8.4,6.3,63.2
1170,B,1,0,5.0,6.5,4.2,6.9,54.3
1170,C,1,0,5.4,6.7,4.2,2.7,48.3
1170,D,1,1,5.5,8.3,6.0,6.7,77.5
1171,A,1,1,6.1,2.6,8.3,6.7,72.8
1171,B,1,1,8.0,6.6,5.6,7.6,79.7
1171,C,0,0,3.4,5.1,4.6,8.0,35.2
1171,D,1,1,8.5,8.1,6.2,5.6,80.7
1172,A,0,1,2.8,6.1,4.9,6.1,49.8
1172,B,1,0,5.8,5.2,6.8,6.5,57.2
1172,C,0,0,5.9,7.6,5.7,6.8,43.3
1172,D,0,1,8.4,8.6,7.4,7.5,69.8
1173,A,1,1,6.7,5.6,6.0,4.9,72.0
1173,B,1,1,7.5,8.8,7.3,4.8,80.7
1173,C,1,1,5.0,8.6,7.3,5.6,77.5
1173,D,1,0,8.1,7.4,6.3,6.0,63.0
1174,A,1,1,6.1,2.1,7.3,7.1,71.0
1174,B,1,0,8.3,8.6,6.2,4.9,63.3
1174,C,1,0,2.4,8.9,4.8,2.1,47.0
1174,D,1,1,5.9,6.5,5.2,5.0,71.0
1175,A,0,0,7.5,3.1,6.3,8.9,43.0
1175,B,0,1,6.6,8.2,6.5,6.0,62.2
1175,C,0,1,5.9,7.7,5.2,5.3,56.8
1175,D,1,1,7.4,10,6.9,6.4,84.5
1176,A,0,0,3.7,6.0,8.3,5.6,39.3
1176,B,1,0,5.7,7.4,6.7,4.7,57.5
1176,C,1,0,6.3,9.0,6.6,4.3,60.3
1176,D,1,1,6.3,7.9,6.7,8.1,81.7
1177,A,0,0,6.6,5.7,6.1,4.8,38.7
1177,B,1,1,8.6,6.9,8.8,6.1,84.0
1177,C,0,0,5.6,9.3,6.1,4.6,42.7
1177,D,1,1,6.9,10,7.6,4.6,81.8
1178,A,1,1,5.7,5.7,9.5,5.6,77.5
1178,B,0,0,10,8.4,8.3,5.4,53.5
1178,C,0,0,4.0,7.3,7.4,7.6,43.8
1178,D,1,0,8.0,8.9,6.9,5.4,65.3
1179,A,0,0,6.7,4.7,5.7,4.0,35.2
1179,B,0,1,4.3,7.8,6.6,6.3,58.3
1179,C,1,0,3.6,9.3,5.8,6.4,58.5
1179,D,0,1,6.6,6.8,5.0,6.3,57.8
1180,A,0,0,5.2,3.8,6.8,5.1,34.8
1180,B,0,0,7.5,4.3,7.1,6.7,42.7
1180,C,1,0,3.7,5.9,5.6,4.7,49.8
1180,D,1,1,5.9,6.1,7.7,7.5,78.7
1181,A,0,0,6.3,5.6,7.0,4.3,38.7
1181,B,1,0,7.7,7.2,7.5,6.7,65.2
1181,C,1,0,4.3,8.6,7.0,6.0,59.8
1181,D,1,1,7.3,5.5,7.7,7.1,79.3
1182,A,0,0,6.1,5.0,8.0,4.7,39.7
1182,B,1,1,6.6,6.2,8.9,5.4,78.5
1182,C,0,0,2.5,7.1,6.5,6.2,37.2
1182,D,1,0,8.1,6.6,9.7,5.9,67.2
1183,A,0,0,8.5,2.3,6.4,7.4,41.0
1183,B,0,1,7.2,6.5,8.3,7.8,66.3
1183,C,1,0,5.3,8.8,6.1,5.7,59.8
1183,D,1,0,7.9,6.9,6.3,4.6,59.5
1184,A,0,0,7.9,6.1,6.7,5.7,44.0
1184,B,0,1,4.8,5.5,4.9,7.8,55.0
1184,C,1,1,5.0,8.2,6.5,3.2,71.5
1184,D,0,0,8.1,8.4,7.5,5.0,48.3
1185,A,1,0,4.2,3.2,7.6,5.5,50.8
1185,B,1,1,8.4,6.0,4.8,5.2,74.0
1185,C,1,0,5.6,7.0,6.8,5.9,58.8
1185,D,0,1,8.0,7.7,8.0,7.8,69.2
1186,A,1,0,5.8,3.5,8.3,5.1,54.5
1186,B,0,1,5.7,9.4,6.3,5.3,61.2
1186,C,1,1,5.8,7.3,6.4,6.8,77.2
1186,D,1,1,5.0,9.8,6.7,5.8,78.8
1187,A,0,0,9.0,4.8,6.4,5.3,42.5
1187,B,1,1,6.6,6.7,4.6,6.3,73.7
1187,C,0,1,6.0,8.9,6.5,4.2,59.3
1187,D,1,1,7.1,7.9,7.2,4.8,78.3
1188,A,1,0,4.4,5.8,7.6,4.5,53.8
1188,B,1,1,5.2,7.7,5.8,5.1,73.0
1188,C,1,1,1.8,8.3,6.6,3.2,66.5
1188,D,1,0,6.6,7.4,3.1,6.2,55.5
1189,A,1,1,5.9,3.5,4.3,8.5,70.3
1189,B,1,1,7.5,7.5,4.5,7.8,78.8
1189,C,1,0,4.7,8.2,7.1,4.1,56.8
1189,D,1,0,5.8,7.7,6.0,6.1,59.3
1190,A,0,0,8.0,5.8,7.7,5.7,45.3
1190,B,1,0,6.8,8.7,6.1,4.0,59.3
1190,C,0,0,4.9,8.0,8.6,3.3,41.3
1190,D,1,0,8.5,6.1,7.3,6.4,63.8
1191,A,0,0,6.6,3.7,7.4,6.4,40.2
1191,B,0,1,7.3,6.4,7.7,6.9,63.8
1191,C,0,0,4.5,7.2,5.4,3.4,34.2
1191,D,1,1,8.0,5.7,7.7,5.2,77.7
1192,A,0,1,5.0,4.8,7.7,5.1,54.3
1192,B,1,1,7.3,3.0,4.9,5.5,67.8
1192,C,0,0,6.0,10,7.1,6.5,49.3
1192,D,1,1,9.2,8.3,5.6,7.2,83.8
1193,A,1,0,8.5,3.9,6.9,6.7,60.0
1193,B,0,1,9.3,8.1,7.4,5.3,66.8
1193,C,0,0,5.0,10,6.9,3.9,43.0
1193,D,1,1,8.3,7.7,7.0,6.0,81.7
1194,A,0,1,7.8,4.4,6.7,6.6,59.2
1194,B,1,1,6.1,7.8,6.5,7.0,79.0
1194,C,0,1,7.0,9.3,8.2,6.3,68.0
1194,D,1,1,6.9,5.3,6.7,6.7,76.0
1195,A,1,0,5.6,4.0,7.2,3.6,50.7
1195,B,1,1,4.9,5.4,6.5,5.9,71.2
1195,C,1,0,5.8,6.6,6.3,4.3,55.0
1195,D,0,0,8.6,6.8,7.3,5.8,47.5
1196,A,1,0,7.3,3.7,6.5,6.7,57.0
1196,B,1,0,8.4,6.9,7.4,5.7,64.0
1196,C,1,1,4.6,8.8,6.4,4.4,73.7
1196,D,0,1,8.8,6.5,6.5,5.4,62.0
1197,A,1,0,8.2,3.3,6.6,6.2,57.2
1197,B,1,0,6.8,5.6,6.9,7.7,61.7
1197,C,1,0,4.8,6.2,7.1,6.2,57.2
1197,D,0,1,4.8,7.4,5.4,4.1,52.8
1198,A,0,0,5.7,4.3,8.4,6.0,40.7
1198,B,1,1,6.2,7.0,5.9,4.9,73.3
1198,C,0,1,5.2,7.4,7.2,2.9,54.5
1198,D,1,1,8.0,8.5,7.4,7.0,84.8
1199,A,1,0,5.9,2.7,7.5,5.3,52.3
1199,B,1,1,6.6,7.5,8.5,6.4,81.7
1199,C,1,0,5.9,9.1,4.2,3.3,54.2
1199,D,1,0,6.7,6.2,5.3,8.0,60.3
1200,A,0,1,7.2,2.8,5.5,4.1,49.3
1200,B,0,1,8.0,7.4,7.5,8.6,69.2
1200,C,1,1,3.2,7.3,7.7,8.6,78.0
1200,D,1,0,8.1,8.2,5.6,9.1,68.3
1201,A,1,1,6.6,3.5,5.7,4.7,67.5
1201,B,1,0,8.9,7.3,5.4,4.9,60.8
1201,C,0,0,4.3,6.8,4.5,3.4,31.7
1201,D,1,0,6.0,8.4,10,6.4,68.0
1202,A,0,0,7.5,3.7,7.8,7.8,44.7
1202,B,0,1,5.6,8.7,6.5,5.7,60.8
1202,C,1,1,5.8,5.9,6.7,6.0,74.0
1202,D,1,0,6.3,9.3,8.7,5.8,66.8
1203,A,0,0,5.3,4.3,5.4,7.0,36.7
1203,B,1,0,5.7,8.8,8.0,7.9,67.3
1203,C,1,1,4.4,8.6,4.9,3.9,69.7
1203,D,1,0,9.5,7.8,5.4,4.4,61.8
1204,A,0,1,7.9,7.5,6.9,7.6,66.5
1204,B,0,0,8.8,9.6,7.2,5.4,51.7
1204,C,1,1,4.9,6.1,5.9,4.7,69.3
1204,D,1,0,7.2,7.0,5.6,4.3,56.8
1205,A,0,0,8.3,4.6,8.4,5.8,45.2
1205,B,0,0,6.0,8.7,6.6,6.5,46.3
1205,C,0,1,6.4,9.5,6.6,4.6,61.8
1205,D,0,0,6.6,6.0,5.8,5.4,39.7
1206,A,1,0,8.0,4.7,6.4,5.7,58.0
1206,B,1,1,6.9,7.6,5.3,6.8,77.7
1206,C,0,1,6.1,4.5,4.2,4.8,49.3
1206,D,1,1,9.1,7.6,7.5,7.8,86.7
1207,A,1,1,5.6,4.3,8.2,6.2,73.8
1207,B,1,1,5.3,6.5,9.1,7.0,79.8
1207,C,1,0,6.8,5.4,4.5,5.3,53.3
1207,D,1,1,7.3,10,6.6,8.3,87.0
1208,A,1,0,8.2,3.7,6.3,4.7,54.8
1208,B,1,0,5.5,7.0,7.7,4.8,58.3
1208,C,0,0,7.3,8.2,7.6,4.7,46.3
1208,D,0,0,9.1,8.5,7.8,7.1,54.2
1209,A,1,0,10,2.3,8.4,6.2,61.5
1209,B,1,1,7.9,7.3,8.1,7.3,84.3
1209,C,1,1,5.0,8.6,5.8,5.1,74.2
1209,D,1,0,3.9,5.9,8.0,7.4,58.7
1210,A,1,1,6.9,4.2,8.5,6.4,76.7
1210,B,1,1,8.2,8.7,8.0,6.5,85.7
1210,C,0,0,5.6,8.5,4.0,3.5,36.0
1210,D,1,1,10,6.8,8.6,6.6,86.7
1211,A,1,1,5.8,5.1,6.9,4.9,71.2
1211,B,1,1,7.4,9.6,6.7,6.6,83.8
1211,C,0,0,5.9,9.3,3.8,5.1,40.2
1211,D,1,1,7.6,7.9,8.6,6.3,84.0
1212,A,0,1,7.9,4.8,6.4,6.4,59.2
1212,B,1,1,10,7.8,7.1,8.2,88.5
1212,C,0,0,4.9,6.1,7.8,3.2,36.7
1212,D,1,1,4.5,8.2,7.0,6.2,76.5
1213,A,0,0,6.3,7.8,9.4,6.8,50.5
1213,B,0,1,6.6,8.8,7.4,7.6,67.3
1213,C,0,1,3.0,6.3,8.5,6.5,57.2
1213,D,1,0,8.4,8.6,8.2,7.3,70.8
1214,A,1,0,8.0,5.9,8.1,4.5,60.8
1214,B,1,0,6.7,7.0,7.4,5.3,60.7
1214,C,1,0,4.0,9.4,6.3,5.2,58.2
1214,D,1,0,6.3,7.5,5.1,7.0,59.8
1215,A,1,0,6.6,4.8,6.3,5.6,55.5
1215,B,1,0,7.0,5.8,5.5,5.5,56.3
1215,C,0,1,5.7,7.8,5.0,6.5,58.3
1215,D,0,1,5.2,5.1,7.8,7.1,58.7
1216,A,1,1,8.3,3.2,5.0,4.9,69.0
1216,B,1,1,6.6,9.8,6.9,8.3,86.0
1216,C,0,1,1.8,6.4,7.9,5.3,52.3
1216,D,0,0,7.4,7.3,6.3,5.8,44.7
1217,A,1,0,8.1,4.1,7.0,5.9,58.5
1217,B,0,1,7.1,5.3,7.4,5.7,59.2
1217,C,1,1,4.8,9.7,7.2,4.5,77.0
1217,D,1,1,8.1,8.1,8.8,3.4,80.7
1218,A,0,1,3.9,4.9,8.7,4.7,53.7
1218,B,1,1,8.3,7.1,8.3,6.8,84.2
1218,C,0,0,4.4,8.7,5.9,4.9,39.8
1218,D,1,0,6.2,7.4,5.2,5.6,57.3
1219,A,0,0,6.7,5.7,7.3,3.7,39.0
1219,B,1,1,6.0,8.5,5.6,6.7,78.0
1219,C,0,0,6.4,9.0,6.5,2.6,40.8
1219,D,0,1,8.2,8.1,7.0,5.5,64.7
1220,A,1,1,6.1,6.1,7.1,6.3,76.0
1220,B,0,1,7.0,8.2,5.4,8.5,65.2
1220,C,1,1,7.0,6.7,5.6,8.2,79.2
1220,D,0,1,8.4,8.7,5.4,7.4,66.5
1221,A,0,1,7.1,5.7,5.6,4.4,54.7
1221,B,1,1,7.6,8.2,6.4,5.8,80.0
1221,C,1,1,5.2,10,7.7,4.2,78.5
1221,D,1,0,7.4,6.7,6.8,6.3,62.0
1222,A,0,0,8.5,3.4,7.6,5.6,41.8
1222,B,1,0,6.0,6.5,5.5,6.5,57.5
1222,C,0,0,3.6,7.4,6.9,4.3,37.0
1222,D,1,0,6.2,8.6,5.5,7.1,62.3
1223,A,1,1,5.8,5.1,7.8,6.1,74.7
1223,B,0,0,7.4,10,7.8,6.3,52.5
1223,C,1,0,3.6,7.2,4.6,4.7,50.2
1223,D,1,0,5.0,8.4,4.6,8.3,60.5
1224,A,0,0,5.1,4.0,4.4,2.9,27.3
1224,B,0,1,5.3,8.4,6.2,5.7,59.3
1224,C,0,0,4.4,9.6,6.8,5.5,43.8
1224,D,1,0,6.5,7.2,5.3,6.0,58.3
1225,A,0,0,6.0,5.0,9.0,4.9,41.5
1225,B,0,0,4.9,7.8,6.3,5.2,40.3
1225,C,1,0,5.9,5.9,6.8,5.6,57.0
1225,D,1,0,8.7,9.1,7.0,7.0,69.7
1226,A,1,0,7.8,4.7,6.1,6.2,58.0
1226,B,1,1,8.0,8.3,8.4,6.1,84.7
1226,C,0,0,3.1,5.6,6.7,2.5,29.8
1226,D,1,1,8.7,6.0,6.8,8.6,83.5
1227,A,0,0,7.6,2.4,8.5,6.2,41.2
1227,B,1,0,7.0,7.3,6.3,7.0,62.7
1227,C,0,0,4.6,7.6,6.4,7.1,42.8
1227,D,1,1,9.0,9.2,6.5,5.8,84.2
1228,A,1,0,6.1,4.0,5.6,5.2,51.5
1228,B,1,1,5.3,6.2,6.5,5.3,72.2
1228,C,1,0,4.5,7.6,5.3,5.2,54.3
1228,D,0,0,8.0,7.5,8.4,5.7,49.3
1229,A,1,0,6.1,3.6,8.9,4.5,55.2
1229,B,0,0,8.9,7.2,6.5,7.6,50.3
1229,C,0,1,3.8,10,5.3,8.2,62.2
1229,D,1,0,7.0,6.6,6.0,6.7,60.5
1230,A,1,0,9.3,4.4,7.4,5.7,61.3
1230,B,1,0,6.7,7.2,7.0,6.7,62.7
1230,C,0,0,4.7,8.4,6.8,7.6,45.8
1230,D,1,0,7.3,7.8,10,6.7,69.7
1231,A,1,0,6.8,2.5,6.7,5.9,53.2
1231,B,1,0,6.5,7.7,6.8,9.3,67.2
1231,C,1,0,3.5,6.9,5.4,7.2,55.0
1231,D,0,0,7.2,6.5,7.3,5.8,44.7
1232,A,1,1,6.8,4.4,9.8,6.1,78.5
1232,B,1,1,5.3,6.7,7.9,5.0,74.8
1232,C,0,1,5.3,8.2,6.1,4.0,56.0
1232,D,1,0,7.5,7.1,6.9,6.6,63.5
1233,A,1,0,6.5,5.3,9.7,5.0,60.8
1233,B,1,0,8.0,7.0,6.2,6.3,62.5
1233,C,1,0,5.1,7.6,6.0,5.2,56.5
1233,D,0,1,6.9,8.2,6.4,6.4,63.2
1234,A,0,0,6.3,3.5,8.5,4.9,38.7
1234,B,1,1,6.8,6.0,8.4,5.2,77.3
1234,C,0,0,4.4,6.8,6.5,3.8,35.8
1234,D,1,0,7.7,6.4,6.7,6.8,62.7
1235,A,0,0,4.9,5.2,7.5,3.7,35.5
1235,B,0,0,6.7,9.6,5.8,6.2,47.2
1235,C,1,0,5.4,6.9,7.3,4.2,56.3
1235,D,0,1,7.3,6.9,6.3,6.3,61.3
1236,A,0,0,5.9,4.6,7.1,5.1,37.8
1236,B,0,0,8.1,7.5,8.9,7.5,53.3
1236,C,1,1,6.1,5.6,6.0,6.6,73.8
1236,D,1,1,7.4,7.8,8.0,8.0,85.3
1237,A,1,0,5.7,3.3,7.6,4.7,52.2
1237,B,0,1,6.1,7.3,5.9,8.6,63.2
1237,C,0,1,3.0,9.5,5.4,3.8,52.8
1237,D,1,1,8.7,7.2,8.1,6.4,84.0
1238,A,1,0,5.9,4.2,9.2,4.4,56.2
1238,B,1,0,8.7,5.5,7.3,7.4,64.8
1238,C,1,1,1,6.7,6.5,4.8,65.0
1238,D,1,1,6.8,7.6,8.6,6.2,82.0
1239,A,0,1,7.8,4.9,8.9,5.2,61.3
1239,B,0,0,6.5,9.4,6.2,6.1,47.0
1239,C,0,0,4.1,6.0,5.5,5.7,35.5
1239,D,1,1,6.7,8.1,4.7,6.0,75.8
1240,A,0,1,6.4,4.2,9.4,6.9,61.5
1240,B,1,1,8.1,9.4,7.8,6.7,86.7
1240,C,0,1,4.2,8.7,6.5,5.3,57.8
1240,D,1,1,7.7,8.4,6.7,9.1,86.5
1241,A,1,1,7.0,4.8,7.6,4.7,73.5
1241,B,1,0,7.9,10,6.7,8.5,71.8
1241,C,1,1,2.5,6.1,4.3,5.5,64.0
1241,D,1,1,6.6,7.3,9.5,7.2,84.3
1242,A,1,1,5.8,4.0,6.6,4.4,68.0
1242,B,1,1,7.2,9.3,6.8,5.1,80.7
1242,C,0,1,5.8,8.6,4.8,5.7,58.2
1242,D,1,1,6.9,7.5,7.9,3.9,77.0
1243,A,0,0,7.3,5.8,6.9,5.6,42.7
1243,B,0,0,6.0,6.5,6.2,6.4,41.8
1243,C,0,0,3.8,8.2,5.2,6.4,39.3
1243,D,1,0,8.5,6.6,6.4,9.9,69.0
1244,A,1,0,7.7,3.8,9.2,5.5,60.3
1244,B,0,1,7.5,5.3,6.9,4.5,57.0
1244,C,1,0,4.1,8.0,6.1,2.5,51.2
1244,D,1,1,8.3,6.1,5.8,5.8,76.7
1245,A,0,0,5.0,1,7.8,5.4,32.0
1245,B,1,1,5.7,6.8,7.2,5.3,75.0
1245,C,0,0,4.6,9.7,6.1,5.3,42.8
1245,D,1,1,6.3,8.9,8.8,6.6,84.3
1246,A,1,0,7.3,4.4,7.6,6.4,59.5
1246,B,0,1,7.3,5.5,9.4,6.5,64.5
1246,C,0,0,6.1,7.2,5.2,6.9,42.3
1246,D,0,1,5.5,7.4,7.0,7.2,61.8
1247,A,0,0,4.7,6.0,8.0,4.9,39.3
1247,B,1,1,6.7,7.5,6.4,6.7,78.8
1247,C,0,1,4.4,7.1,7.6,3.5,54.3
1247,D,0,1,5.9,7.1,5.1,7.7,59.7
1248,A,1,0,7.6,4.1,7.9,7.6,62.0
1248,B,0,1,7.1,6.7,6.8,7.4,63.3
1248,C,1,1,5.7,7.2,5.2,4.0,70.2
1248,D,0,0,7.3,9.6,5.9,7.0,49.7
1249,A,1,0,6.3,3.4,8.6,4.2,54.2
1249,B,1,1,7.3,8.7,6.1,6.1,80.3
1249,C,1,0,6.3,7.1,5.3,2.0,51.2
1249,D,1,1,7.5,8.8,6.9,5.1,80.5
1250,A,0,1,4.6,2.8,4.1,5.7,45.3
1250,B,1,0,4.3,6.4,8.3,3.6,54.3
1250,C,0,1,5.2,5.1,4.6,7.0,53.2
1250,D,1,1,9.0,6.7,4.8,6.7,78.7
1251,A,1,0,6.1,5.2,6.8,5.8,56.5
1251,B,1,1,6.7,7.5,6.6,6.6,79.0
1251,C,1,0,5.9,7.7,7.4,7.1,63.5
1251,D,0,1,7.5,7.7,6.2,6.8,63.7
1252,A,1,1,7.5,6.7,7.5,5.0,77.8
1252,B,1,0,6.1,7.8,5.8,6.8,60.8
1252,C,1,0,3.3,6.7,5.0,5.9,51.5
1252,D,1,0,8.1,8.2,7.5,7.8,69.3
1253,A,0,0,7.8,6.3,8.3,7.0,49.0
1253,B,0,1,6.7,9.1,5.9,5.1,61.3
1253,C,0,0,5.9,8.4,5.9,4.4,41.0
1253,D,0,1,6.1,4.8,6.0,6.6,55.8
1254,A,1,0,6.7,6.0,7.4,5.2,58.8
1254,B,0,1,4.2,7.4,7.2,7.7,60.8
1254,C,0,0,3.7,7.2,4.1,4.8,33.0
1254,D,0,1,7.1,7.6,7.0,5.0,61.2
1255,A,1,0,9.2,6.5,7.9,6.8,67.3
1255,B,1,1,5.8,7.2,4.7,6.0,72.8
1255,C,0,0,4.6,5.5,5.7,5.8,36.0
1255,D,0,0,5.8,6.8,4.8,8.0,42.3
1256,A,1,1,5.4,3.4,8.1,5.9,71.3
1256,B,0,0,5.2,7.4,7.8,7.1,45.8
1256,C,0,1,5.0,8.1,4.0,5.2,53.8
1256,D,1,0,5.4,7.5,9.2,6.8,64.8
1257,A,1,0,8.5,2.4,9.2,6.1,60.3
1257,B,1,1,6.6,7.3,6.4,7.0,78.8
1257,C,0,0,4.1,7.9,7.7,3.7,39.0
1257,D,1,0,5.9,7.3,8.7,4.8,61.2
1258,A,0,0,5.1,3.0,7.4,6.8,37.2
1258,B,0,0,6.1,7.3,7.1,5.6,43.5
1258,C,0,0,5.5,7.4,5.6,6.6,41.8
1258,D,1,0,6.6,6.9,7.1,5.2,59.7
1259,A,1,0,5.5,5.7,7.8,4.7,56.2
1259,B,0,0,8.5,7.1,6.7,5.4,46.2
1259,C,1,0,3.1,6.4,7.8,5.7,55.0
1259,D,1,0,6.8,7.8,9.1,5.2,64.8
1260,A,1,1,8.1,4.7,7.9,5.9,77.7
1260,B,1,1,8.3,8.2,8.3,7.3,86.8
1260,C,0,0,4.0,7.8,5.6,6.7,40.2
1260,D,1,1,6.6,6.1,6.3,7.0,76.7
1261,A,1,0,7.3,3.4,7.0,7.8,59.2
1261,B,1,1,6.0,8.0,8.3,4.7,78.3
1261,C,1,1,3.7,7.5,6.4,5.5,71.8
1261,D,1,0,7.3,8.1,7.8,5.7,64.8
1262,A,0,0,6.9,3.8,7.4,4.5,37.7
1262,B,1,1,8.8,6.6,7.8,6.1,82.2
1262,C,0,0,4.5,8.2,4.4,3.4,34.2
1262,D,1,1,6.3,7.6,5.0,5.0,73.2
1263,A,0,1,6.7,4.0,7.4,5.0,55.2
1263,B,0,1,5.9,6.6,5.2,6.7,57.3
1263,C,0,0,5.5,7.4,7.6,3.7,40.3
1263,D,0,0,6.7,5.9,7.2,7.4,45.3
1264,A,1,1,8.7,4.7,7.7,3.7,74.7
1264,B,1,1,6.2,7.8,6.3,6.4,77.8
1264,C,1,1,3.0,6.4,4.2,6.1,66.2
1264,D,1,0,9.4,6.5,6.0,7.2,65.2
1265,A,1,1,6.3,2.5,7.2,6.0,70.0
1265,B,1,1,5.4,5.6,7.2,4.6,71.3
1265,C,0,0,3.1,9.2,7.2,6.3,43.0
1265,D,0,1,5.7,7.4,7.9,3.4,57.3
1266,A,1,0,7.0,4.7,6.5,6.1,57.2
1266,B,1,1,8.3,9.7,7.4,4.6,83.3
1266,C,1,0,5.4,8.2,6.1,6.3,60.0
1266,D,1,0,6.0,6.4,5.4,7.9,59.5
1267,A,1,0,5.2,6.2,7.4,6.2,58.3
1267,B,0,1,6.4,6.0,4.3,7.2,56.5
1267,C,1,0,7.0,8.3,2.8,4.8,54.8
1267,D,1,0,5.3,7.0,8.6,5.3,60.3
1268,A,1,0,6.3,6.9,5.9,4.2,55.5
1268,B,0,0,7.7,8.2,5.2,5.0,43.5
1268,C,1,0,4.3,9.1,5.3,5.9,57.7
1268,D,1,0,8.4,8.2,5.8,5.7,63.5
1269,A,1,0,5.0,2.7,6.3,5.1,48.5
1269,B,1,1,6.1,8.2,5.8,5.7,76.3
1269,C,1,0,2.7,8.2,4.1,4.2,48.7
1269,D,0,1,5.8,7.9,6.0,7.6,62.2
1270,A,0,0,6.3,3.3,6.8,6.8,38.7
1270,B,0,0,6.6,9.9,7.5,5.8,49.7
1270,C,0,0,5.5,7.3,5.5,3.2,35.8
1270,D,0,1,8.8,7.3,8.0,5.4,65.8
1271,A,1,1,6.4,5.7,6.9,5.5,74.2
1271,B,1,1,5.3,6.7,9.4,4.9,77.2
1271,C,1,0,3.4,8.0,7.0,5.1,55.8
1271,D,0,1,8.2,7.8,7.4,6.0,65.7
1272,A,1,1,7.2,5.7,9.4,4.5,78.0
1272,B,0,1,6.5,9.2,7.7,5.4,64.7
1272,C,0,0,2.8,8.7,3.4,4.4,32.2
1272,D,0,1,8.1,7.3,7.8,6.1,65.5
1273,A,1,0,8.9,1.6,7.4,5.0,54.8
1273,B,1,1,7.1,4.1,8.5,5.9,76.0
1273,C,0,0,1.8,9.6,5.5,4.4,35.5
1273,D,0,0,9.9,7.5,6.0,6.3,49.5
1274,A,0,0,5.8,6.5,5.4,6.8,40.8
1274,B,1,0,8.3,7.5,5.7,8.5,66.7
1274,C,1,0,2.2,7.6,7.3,6.9,56.7
1274,D,1,1,5.7,8.2,8.6,3.6,76.8
1275,A,1,0,6.4,2.5,7.1,3.8,49.7
1275,B,1,0,5.8,5.9,6.0,3.5,52.0
1275,C,1,1,2.8,5.0,3.8,5.4,61.7
1275,D,1,0,7.6,6.4,7.5,8.6,66.8
1276,A,0,0,5.4,3.5,7.7,6.3,38.2
1276,B,1,0,6.0,7.6,7.1,5.9,61.0
1276,C,1,0,4.1,8.4,6.3,6.7,59.2
1276,D,0,0,7.5,7.6,6.6,6.7,47.3
1277,A,1,1,4.7,5.1,9.4,5.1,73.8
1277,B,0,1,7.5,8.2,7.7,7.2,67.7
1277,C,0,0,5.3,9.2,6.8,4.5,43.0
1277,D,1,1,8.1,8.4,8.1,6.5,85.2
1278,A,1,0,5.3,2.8,7.2,4.1,49.0
1278,B,0,0,9.4,7.7,7.1,6.8,51.7
1278,C,0,0,3.7,8.1,4.8,5.8,37.3
1278,D,1,0,7.7,6.5,6.7,4.4,58.8
1279,A,1,0,7.2,4.7,6.3,6.3,57.5
1279,B,0,1,6.1,5.8,7.3,6.6,59.7
1279,C,0,0,4.4,7.8,7.6,7.3,45.2
1279,D,1,1,7.5,6.6,7.4,6.3,79.7
1280,A,0,1,5.7,5.5,6.0,7.2,57.3
1280,B,1,1,6.8,5.7,7.5,8.1,80.2
1280,C,0,1,5.9,6.1,8.6,6.1,61.2
1280,D,1,1,6.5,7.6,6.2,6.0,77.2
1281,A,1,1,6.8,5.6,8.7,4.7,76.3
1281,B,1,1,8.9,6.6,6.6,5.6,79.5
1281,C,1,1,5.0,7.7,8.9,2.6,73.7
1281,D,1,0,7.5,6.9,6.0,7.1,62.5
1282,A,0,0,5.6,2.5,7.6,5.1,34.7
1282,B,1,1,7.1,8.9,5.9,7.4,82.2
1282,C,0,1,6.3,6.2,5.7,5.7,56.5
1282,D,1,1,6.2,6.5,6.3,6.5,75.8
1283,A,0,1,7.1,2.3,6.9,6.0,53.8
1283,B,0,0,4.6,6.6,6.1,8.3,42.7
1283,C,1,0,4.9,8.2,5.8,4.6,55.8
1283,D,1,1,7.8,8.4,7.6,6.1,83.2
1284,A,1,1,10,5.4,9.8,4.9,83.5
1284,B,0,0,8.5,10,9.9,7.0,59.0
1284,C,1,0,5.3,7.2,6.9,3.9,55.5
1284,D,1,0,5.6,8.2,7.7,7.5,65.0
1285,A,1,1,6.9,6.0,7.6,4.8,75.5
1285,B,1,1,8.6,7.3,7.9,4.8,81.0
1285,C,0,0,5.6,7.8,4.6,5.3,38.8
1285,D,1,0,6.6,7.0,4.9,5.2,56.2
1286,A,0,0,7.1,4.6,6.8,6.3,41.3
1286,B,1,0,5.1,7.7,5.0,5.7,55.8
1286,C,1,0,6.1,6.9,6.2,4.6,56.3
1286,D,1,1,7.5,8.3,5.3,7.1,80.3
1287,A,1,0,3.9,5.4,9.0,6.2,57.5
1287,B,0,1,6.8,6.2,7.7,7.0,62.8
1287,C,0,0,4.7,9.4,4.3,5.1,39.2
1287,D,0,0,6.1,7.1,6.7,6.7,44.3
1288,A,0,0,6.1,5.7,4.1,7.8,39.5
1288,B,1,1,6.8,7.9,4.2,8.8,79.5
1288,C,1,0,3.4,8.5,5.5,6.5,56.5
1288,D,1,1,4.8,9.6,6.9,4.7,76.7
1289,A,1,0,6.8,5.2,7.0,6.3,58.8
1289,B,0,1,6.4,6.3,4.7,7.9,58.8
1289,C,1,0,5.3,8.7,6.2,7.0,62.0
1289,D,1,1,8.1,8.0,8.1,8.7,88.2
1290,A,0,0,6.7,1.0,4.6,5.3,29.3
1290,B,1,0,8.5,8.1,8.2,5.5,67.2
1290,C,1,1,3.2,9.5,6.6,5.0,73.8
1290,D,1,0,6.2,10,7.3,3.7,62.0
1291,A,0,0,9.1,6.6,4.8,5.0,42.5
1291,B,1,1,7.9,6.4,7.5,5.2,78.3
1291,C,0,1,4.2,8.3,6.6,3.1,53.7
1291,D,0,1,6.9,6.5,6.2,7.0,61.0
1292,A,1,1,6.5,4.5,7.1,7.1,75.3
1292,B,0,0,8.4,7.7,6.4,6.8,48.8
1292,C,0,0,5.3,9.4,6.6,6.8,46.8
1292,D,0,1,8.5,7.7,7.8,8.3,70.5
1293,A,0,0,7.1,2.6,6.0,6.1,36.3
1293,B,1,1,7.5,7.3,7.2,5.0,78.3
1293,C,0,1,4.8,8.0,4.6,6.3,56.2
1293,D,1,1,6.5,7.8,6.1,7.0,79.0
1294,A,0,1,7.5,4.8,6.4,7.5,60.3
1294,B,1,0,5.2,8.6,7.2,7.4,64.0
1294,C,0,1,5.7,7.9,8.6,3.4,59.3
1294,D,1,0,6.1,8.4,7.2,5.8,62.5
1295,A,1,0,8.1,5.4,6.6,7.5,62.7
1295,B,1,1,8.0,8.3,6.4,7.4,83.5
1295,C,1,1,4.6,7.6,7.7,4.2,73.5
1295,D,1,0,7.7,6.8,4.8,6.6,59.8
1296,A,0,1,6.2,6.6,6.3,5.5,57.7
1296,B,0,1,6.7,7.6,7.7,6.6,64.3
1296,C,0,0,3.4,6.2,7.3,4.4,35.5
1296,D,0,0,8.5,6.9,6.5,5.2,45.2
1297,A,0,1,6.0,2.8,7.1,5.2,51.8
1297,B,1,0,4.5,5.5,9.6,5.2,58.0
1297,C,1,0,5.9,6.5,6.3,3.9,54.3
1297,D,1,1,6.1,7.3,5.9,8.0,78.8
1298,A,1,0,7.8,4.2,9.3,3.5,58.0
1298,B,1,0,6.4,6.2,9.0,7.1,64.5
1298,C,1,0,3.4,9.8,6.7,4.4,57.2
1298,D,0,0,5.7,7.0,6.7,7.5,44.8
1299,A,0,0,5.5,4.4,7.2,6.0,38.5
1299,B,1,0,6.7,6.2,6.5,7.9,62.2
1299,C,1,0,5.4,7.7,4.7,6.7,57.5
1299,D,1,1,4.9,8.7,6.4,6.6,77.7
1300,A,1,0,5.8,4.9,6.6,4.5,53.0
1300,B,1,1,9.6,6.2,6.1,5.9,79.7
1300,C,1,1,4.8,8.4,5.9,5.5,74.3
1300,D,1,0,7.6,6.0,7.5,5.4,60.8
1301,A,0,0,5.5,4.7,8.8,7.4,44.0
1301,B,1,1,7.1,8.4,6.5,4.9,78.2
1301,C,0,0,6.1,8.7,9.7,6.2,51.2
1301,D,1,0,4.8,7.2,5.5,6.7,57.0
1302,A,0,0,5.2,3.4,8.0,5.4,36.7
1302,B,1,1,6.5,5.1,5.9,7.7,75.3
1302,C,1,1,5.4,7.7,9.3,7.2,82.7
1302,D,1,0,8.5,8.1,6.9,7.6,68.5
1303,A,1,0,4.7,6.3,6.4,5.9,55.5
1303,B,1,0,8.7,8.5,5.7,4.7,62.7
1303,C,1,0,1.7,8.7,6.8,3.7,51.5
1303,D,1,0,9.8,7.2,8.7,6.5,70.3
1304,A,0,1,4.8,3.2,8.0,7.5,55.8
1304,B,0,1,7.6,5.9,6.5,5.4,59.0
1304,C,0,0,4.4,9.0,7.0,5.5,43.2
1304,D,1,1,9.2,9.6,7.1,8.4,90.5
1305,A,1,0,7.7,7.1,7.7,4.8,62.2
1305,B,1,0,6.4,5.8,6.7,7.1,60.0
1305,C,1,0,3.5,8.6,5.3,4.0,52.3
1305,D,1,1,4.9,5.9,8.4,6.5,76.2
1306,A,1,0,7.3,2.8,7.3,6.3,56.2
1306,B,1,1,5.6,6.8,8.4,4.2,75.0
1306,C,1,1,4.7,9.5,4.5,5.7,74.0
1306,D,1,1,10,9.2,5.9,6.4,85.8
1307,A,1,1,6.9,5.7,6.7,3.5,71.3
1307,B,1,0,6.4,5.8,6.5,6.6,58.8
1307,C,0,1,3.9,7.6,6.9,4.1,54.2
1307,D,1,1,7.2,6.6,8.4,6.3,80.8
1308,A,1,0,6.6,3.7,8.0,6.6,58.2
1308,B,1,1,7.6,7.1,7.0,5.5,78.7
1308,C,1,0,3.1,8.5,5.3,4.6,52.5
1308,D,1,0,7.1,8.2,6.7,9.3,68.8
1309,A,1,1,7.4,6.1,6.6,8.3,80.7
1309,B,1,0,7.8,9.0,6.2,6.6,66.0
1309,C,0,0,4.8,8.5,6.4,3.7,39.0
1309,D,0,1,8.9,8.2,6.3,6.5,66.5
1310,A,1,1,8.0,4.7,8.2,4.5,75.7
1310,B,0,0,6.3,7.0,7.7,5.6,44.3
1310,C,0,1,4.2,6.3,8.1,4.2,54.7
1310,D,0,1,8.2,7.1,7.6,7.5,67.3
1311,A,1,1,7.6,4.4,7.7,6.0,76.2
1311,B,0,0,7.0,6.2,6.1,7.6,44.8
1311,C,1,1,5.7,8.4,4.4,6.1,74.3
1311,D,1,1,6.4,9.7,9.5,6.6,87.0
1312,A,1,1,6.1,3.2,7.1,6.3,71.2
1312,B,1,0,9.2,8.4,6.8,7.3,69.5
1312,C,0,0,6.3,6.3,6.7,5.7,41.7
1312,D,1,0,10.0,6.9,6.2,5.0,63.5
1313,A,0,1,7.1,4.4,8.3,4.7,57.5
1313,B,1,1,7.2,7.8,5.2,7.5,79.5
1313,C,0,0,5.7,7.3,4.5,1.8,32.2
1313,D,1,1,6.0,8.3,7.5,6.6,80.7
1314,A,0,0,7.6,3.2,8.4,5.4,41.0
1314,B,1,0,6.2,6.1,6.8,3.8,54.8
1314,C,1,0,6.7,9.8,8.1,5.2,66.3
1314,D,1,0,6.9,9.2,7.1,5.8,65.0
1315,A,0,1,8.7,4.2,7.3,4.3,57.5
1315,B,1,0,5.7,9.4,7.0,8.7,68.0
1315,C,1,0,4.8,7.8,6.7,4.8,56.8
1315,D,1,1,8.2,6.4,6.9,5.7,78.7
1316,A,1,1,7.6,5.4,7.7,5.3,76.7
1316,B,1,1,7.9,6.6,7.1,7.2,81.3
1316,C,1,1,5.2,7.5,7.2,6.3,77.0
1316,D,1,1,8.4,8.7,6.0,9.0,86.8
1317,A,1,0,6.5,4.5,5.8,6.0,54.7
1317,B,1,0,8.6,9.2,9.4,7.1,73.8
1317,C,0,1,4.6,8.5,6.4,6.9,60.7
1317,D,1,1,6.0,8.0,6.0,6.3,77.2
1318,A,0,0,8.6,3.6,3.0,3.9,31.8
1318,B,1,1,7.5,7.5,5.8,6.1,78.2
1318,C,0,1,1.8,6.4,3.9,4.5,44.3
1318,D,1,0,5.9,8.5,4.8,6.5,59.5
1319,A,1,1,7.2,5.2,7.3,3.5,72.0
1319,B,1,0,5.7,8.5,8.7,4.0,61.5
1319,C,0,0,5.0,4.7,7.0,5.8,37.5
1319,D,1,1,6.8,9.2,5.9,7.5,82.3
1320,A,0,0,4.6,7.2,7.6,2.9,37.2
1320,B,1,1,6.9,6.5,7.7,6.7,79.7
1320,C,1,1,4.3,8.6,5.6,4.7,72.0
1320,D,1,0,6.0,9.2,7.0,7.8,66.7
1321,A,1,0,7.3,5.3,6.5,6.3,59.0
1321,B,1,1,6.9,5.7,7.0,6.7,77.2
1321,C,0,0,5.2,9.1,7.0,3.8,41.8
1321,D,1,1,7.5,8.3,6.2,6.0,80.0
1322,A,1,0,7.8,5.9,6.6,6.5,61.3
1322,B,1,0,7.0,6.2,7.1,5.6,59.8
1322,C,0,1,5.4,8.5,6.9,4.1,58.2
1322,D,1,0,8.8,8.0,3.8,6.2,61.3
1323,A,1,0,4.7,2.9,5.4,5.2,47.0
1323,B,0,1,7.1,6.3,6.6,6.7,61.2
1323,C,1,1,2.9,4.1,3.9,3.9,58.0
1323,D,1,1,8.4,7.5,7.3,5.8,81.7
1324,A,1,1,4.5,5.7,6.1,5.0,68.8
1324,B,1,1,6.6,6.9,7.9,6.8,80.3
1324,C,0,1,3.1,7.8,6.9,5.2,55.0
1324,D,0,0,7.9,8.2,4.9,8.9,49.8
1325,A,0,1,6.6,5.0,6.6,5.7,56.5
1325,B,1,1,7.5,6.5,5.8,6.4,77.0
1325,C,1,0,5.4,8.5,5.3,5.5,57.8
1325,D,1,1,7.2,7.6,10,6.0,84.7
1326,A,1,1,7.6,2.9,9.1,5.0,74.3
1326,B,0,0,6.0,6.0,8.5,6.0,44.2
1326,C,0,1,6.4,6.9,6.1,5.1,57.5
1326,D,1,1,8.2,5.1,6.5,8.9,81.2
1327,A,1,1,7.8,3.3,6.0,5.2,70.5
1327,B,0,0,8.3,6.5,7.5,6.4,47.8
1327,C,1,0,2.1,7.6,7.0,3.6,50.5
1327,D,1,1,6.8,6.7,6.2,6.2,76.5
1328,A,1,0,9.3,2.0,6.0,4.3,52.7
1328,B,1,1,8.4,6.0,8.0,7.0,82.3
1328,C,1,0,3.1,7.6,4.8,4.3,49.7
1328,D,1,1,7.8,8.5,5.5,6.6,80.7
1329,A,1,0,7.8,5.8,6.9,5.0,59.2
1329,B,1,0,6.5,6.3,7.6,6.2,61.0
1329,C,1,1,5.6,9.2,6.2,7.6,81.0
1329,D,1,1,7.8,5.8,8.2,7.8,82.7
1330,A,1,1,5.3,5.0,8.1,6.7,75.2
1330,B,0,0,7.3,8.1,6.0,5.9,45.5
1330,C,0,0,5.3,6.3,6.0,5.8,39.0
1330,D,0,1,8.0,6.2,6.2,7.1,62.5
1331,A,0,1,7.0,5.8,5.4,5.4,56.0
1331,B,1,0,7.6,5.5,5.7,5.6,57.3
1331,C,0,0,5.4,8.7,6.6,5.8,44.2
1331,D,0,1,8.6,7.6,7.0,4.3,62.5
1332,A,0,1,6.7,3.9,9.8,4.6,58.3
1332,B,0,1,8.6,6.1,6.4,5.0,60.2
1332,C,1,0,5.4,7.7,7.0,5.4,59.2
1332,D,0,1,7.5,6.5,5.4,8.3,62.8
1333,A,0,0,6.8,1.5,7.8,5.5,36.0
1333,B,1,1,7.3,6.3,8.4,5.9,79.8
1333,C,1,1,6.4,9.6,6.3,3.7,76.7
1333,D,1,1,6.8,7.1,8.1,5.8,79.7
1334,A,1,1,5.2,7.1,7.9,7.6,79.7
1334,B,1,0,7.6,8.4,5.2,5.7,61.5
1334,C,0,0,4.6,5.7,5.5,6.5,37.2
1334,D,1,1,7.6,6.8,8.2,6.3,81.5
1335,A,1,1,6.8,4.7,7.2,8.0,77.8
1335,B,1,0,7.5,8.1,6.3,7.8,66.2
1335,C,0,0,3.7,7.9,6.7,4.7,38.3
1335,D,1,1,7.8,10,6.4,9.4,89.3
1336,A,1,1,4.8,2.9,6.2,6.9,68.0
1336,B,1,0,8.3,6.2,7.4,4.7,61.0
1336,C,0,0,6.9,6.2,6.3,3.2,37.7
1336,D,0,0,6.6,8.0,6.7,6.4,46.2
1337,A,0,0,6.2,4.0,8.4,7.4,43.3
1337,B,1,1,5.3,8.4,8.3,6.3,80.5
1337,C,0,0,3.9,7.5,8.7,5.1,42.0
1337,D,1,1,7.7,8.2,6.1,5.3,78.8
1338,A,0,1,5.7,4.0,6.8,5.7,53.7
1338,B,1,1,7.5,7.9,4.9,6.0,77.2
1338,C,0,1,4.5,8.0,3.9,4.3,51.2
1338,D,1,0,7.2,6.3,6.9,7.4,63.0
1339,A,0,1,8.3,6.2,5.0,6.6,60.2
1339,B,1,0,8.0,6.4,5.8,7.6,63.0
1339,C,0,1,3.9,8.3,7.1,4.8,56.8
1339,D,1,1,7.9,6.9,5.2,4.1,73.5
1340,A,1,0,5.9,5.2,8.3,6.6,60.0
1340,B,1,1,8.3,8.4,6.5,6.2,82.3
1340,C,1,1,3.3,8.3,5.7,5.1,70.7
1340,D,1,0,9.8,9.5,7.2,6.5,71.7
1341,A,0,0,6.0,4.3,7.7,6.0,40.0
1341,B,0,1,6.5,7.9,5.9,4.4,57.8
1341,C,1,0,2.3,6.4,7.0,6.5,53.7
1341,D,0,1,6.1,8.7,5.2,5.7,59.5
1342,A,0,0,6.9,6.9,8.5,6.4,47.8
1342,B,0,1,10,7.7,7.9,5.2,68.0
1342,C,0,0,5.6,8.3,6.4,5.4,42.8
1342,D,1,0,5.9,5.8,6.3,7.1,58.5
1343,A,0,1,7.3,3.9,8.0,5.9,58.5
1343,B,1,1,7.9,6.9,7.7,6.3,81.3
1343,C,0,0,4.6,8.3,5.3,4.2,37.3
1343,D,1,0,8.2,7.1,7.2,9.6,70.2
1344,A,1,1,6.8,6.6,7.2,5.7,77.2
1344,B,1,1,7.2,7.4,8.8,9.0,87.3
1344,C,0,0,4.9,9.0,6.9,5.3,43.5
1344,D,1,1,10,9.8,8.0,7.9,92.8
1345,A,1,1,8.0,4.0,7.7,5.4,75.2
1345,B,1,1,9.6,7.2,5.0,5.4,78.7
1345,C,0,0,6.4,10,5.1,5.4,44.8
1345,D,0,0,7.7,8.2,7.4,9.0,53.8
1346,A,0,0,3.8,4.6,8.0,7.6,40.0
1346,B,1,1,7.3,8.7,7.3,5.5,81.3
1346,C,0,0,2.8,5.3,5.5,4.0,29.3
1346,D,0,1,9.4,7.9,7.2,6.5,68.3
1347,A,1,0,6.8,5.2,7.8,5.3,58.5
1347,B,1,0,8.3,6.1,6.7,5.3,60.7
1347,C,0,1,5.4,7.8,6.4,3.3,54.8
1347,D,1,0,7.6,9.2,7.9,6.2,68.2
1348,A,0,1,7.1,3.4,7.0,6.4,56.5
1348,B,1,0,7.0,7.0,7.5,3.3,58.0
1348,C,0,1,6.1,7.6,7.1,6.4,62.0
1348,D,1,1,5.7,6.5,7.2,6.9,77.2
1349,A,1,0,7.9,3.7,7.7,3.0,53.8
1349,B,0,1,5.4,7.1,7.3,4.1,56.5
1349,C,0,0,3.9,10,4.7,6.7,42.2
1349,D,1,0,7.5,7.3,6.3,5.4,60.8
1350,A,1,1,6.3,5.2,7.1,3.4,70.0
1350,B,1,0,7.8,7.4,5.6,5.7,60.8
1350,C,1,1,4.1,6.8,7.2,3.1,68.7
1350,D,1,0,8.3,7.6,5.0,4.3,58.7
1351,A,0,0,6.2,3.4,7.6,6.7,39.8
1351,B,1,1,7.5,6.7,8.2,8.1,84.2
1351,C,1,0,3.6,7.2,5.8,4.8,52.3
1351,D,0,0,7.2,8.1,8.2,6.5,50.0
1352,A,1,0,5.4,5.1,8.9,7.8,62.0
1352,B,1,0,6.8,10,5.8,5.9,64.2
1352,C,1,0,6.0,6.7,7.3,4.1,56.8
1352,D,1,0,6.6,8.0,7.3,7.2,65.2
1353,A,1,0,6.4,5.2,6.3,5.4,55.5
1353,B,1,1,9.1,6.8,5.8,6.7,80.7
1353,C,0,1,3.0,8.3,5.6,5.2,53.5
1353,D,0,1,7.2,7.9,9.3,4.7,65.2
1354,A,1,0,7.2,4.5,7.4,2.8,53.2
1354,B,0,1,7.3,6.8,7.0,5.0,60.2
1354,C,1,1,4.9,6.9,4.9,5.7,70.7
1354,D,0,1,6.5,7.4,6.9,6.0,61.3
1355,A,0,1,7.0,5.8,7.3,5.5,59.3
1355,B,0,1,6.9,7.8,7.3,3.9,59.8
1355,C,1,0,6.9,6.5,7.1,4.9,59.0
1355,D,1,1,7.4,8.1,4.9,6.6,78.3
1356,A,1,0,4.2,4.9,7.4,4.2,51.2
1356,B,0,1,5.6,6.0,6.7,6.8,58.5
1356,C,1,0,4.3,8.1,7.7,3.5,56.0
1356,D,1,1,6.8,8.7,8.1,5.6,82.0
1357,A,1,0,5.2,4.4,9.1,6.4,58.5
1357,B,1,1,8.8,8.3,6.7,5.5,82.2
1357,C,1,0,5.0,7.4,6.0,5.6,56.7
1357,D,0,1,7.1,8.5,7.3,6.2,65.2
1358,A,1,0,4.8,3.4,7.8,3.6,49.3
1358,B,1,0,5.8,4.9,6.5,6.4,56.0
1358,C,0,0,5.9,8.8,5.1,4.7,40.8
1358,D,1,1,7.0,6.9,7.2,6.6,79.5
1359,A,0,0,7.0,4.2,8.5,4.1,39.7
1359,B,0,1,5.1,7.9,8.8,6.2,63.3
1359,C,1,1,3.4,10,8.6,5.5,79.2
1359,D,0,0,7.0,9.6,9.1,5.0,51.2
1360,A,0,0,4.7,5.4,7.0,6.5,39.3
1360,B,0,0,7.1,7.9,7.5,7.9,50.7
1360,C,0,1,4.7,7.5,6.2,4.9,55.5
1360,D,1,1,8.1,6.9,7.0,7.5,82.5
1361,A,0,0,5.8,4.4,5.3,6.3,36.3
1361,B,1,1,7.2,8.3,7.0,5.1,79.3
1361,C,1,0,4.3,8.7,6.5,5.7,58.7
1361,D,0,0,8.7,7.4,7.7,4.1,46.5
1362,A,1,0,4.9,3.5,6.3,7.6,53.8
1362,B,1,1,8.9,6.8,8.2,7.9,86.3
1362,C,1,1,5.3,6.5,5.5,4.9,70.3
1362,D,1,0,8.9,5.7,6.1,8.2,64.8
1363,A,0,1,4.6,6.7,7.1,5.7,56.8
1363,B,1,1,6.3,6.6,6.9,5.1,74.8
1363,C,1,0,6.1,7.0,6.3,4.7,56.8
1363,D,0,1,5.6,4.8,5.3,6.4,53.5
1364,A,1,0,5.3,7.8,6.9,4.2,57.0
1364,B,0,0,6.4,7.3,7.1,5.8,44.3
1364,C,1,1,3.5,6.0,6.5,4.8,68.0
1364,D,1,0,6.2,6.6,5.6,7.7,60.2
1365,A,0,0,7.5,5.0,7.8,6.6,44.8
1365,B,1,0,6.7,6.1,7.9,5.1,59.7
1365,C,0,0,5.9,7.0,3.9,7.2,40.0
1365,D,1,0,8.2,7.5,4.3,7.2,62.0
1366,A,0,0,4.9,3.4,7.4,6.6,37.2
1366,B,1,1,6.4,7.3,7.7,7.7,81.8
1366,C,0,0,2.9,7.5,8.9,2.9,37.0
1366,D,0,1,7.2,8.2,8.4,8.9,71.2
1367,A,1,0,4.5,5.3,6.8,6.1,54.5
1367,B,0,1,8.3,7.0,5.9,9.2,67.3
1367,C,1,1,4.0,9.8,5.7,5.5,75.0
1367,D,1,1,8.5,8.8,5.9,7.1,83.8
1368,A,0,0,7.5,4.8,8.2,6.3,44.7
1368,B,1,0,7.4,9.1,7.0,4.9,64.0
1368,C,1,0,4.5,8.5,7.0,6.1,60.2
1368,D,1,0,5.8,6.3,7.8,7.2,61.8
1369,A,0,0,5.4,7.5,8.2,5.6,44.5
1369,B,1,1,5.9,6.1,6.5,5.1,72.7
1369,C,1,0,7.1,5.8,6.1,3.4,54.0
1369,D,0,1,7.0,9.5,7.6,6.1,67.0
1370,A,1,1,6.0,3.2,5.1,5.0,65.5
1370,B,1,0,6.1,6.2,5.8,7.9,60.0
1370,C,1,1,6.3,9.0,4.9,4.6,74.7
1370,D,1,1,5.8,8.7,7.4,6.9,81.3
1371,A,1,1,7.8,5.2,6.2,4.0,72.0
1371,B,1,0,7.5,7.2,8.4,7.2,67.2
1371,C,1,0,4.5,7.8,7.2,4.8,57.2
1371,D,0,1,6.9,7.1,8.7,6.9,66.0
1372,A,0,0,7.0,5.3,6.7,6.7,42.8
1372,B,1,0,8.2,7.3,6.0,5.9,62.3
1372,C,0,0,3.3,9.5,7.2,3.6,39.3
1372,D,0,0,6.0,8.2,8.0,8.0,50.3
1373,A,0,1,6.5,4.9,7.4,6.7,59.2
1373,B,1,1,6.9,8.7,6.7,6.0,80.5
1373,C,1,0,5.2,8.0,7.0,4.8,58.3
1373,D,0,0,6.3,6.6,10,5.2,46.8
1374,A,0,1,7.4,5.1,8.6,5.0,60.2
1374,B,0,1,8.0,6.2,8.6,6.8,66.0
1374,C,0,0,1.6,6.8,4.7,5.5,31.0
1374,D,0,0,6.4,9.5,7.1,5.9,48.2
1375,A,1,1,6.0,6.7,7.5,4.2,74.0
1375,B,1,1,9.5,7.1,6.0,6.1,81.2
1375,C,1,0,4.8,6.7,4.8,4.2,50.8
1375,D,1,1,8.4,8.2,9.0,5.4,85.0
1376,A,1,0,6.1,5.4,6.3,5.9,56.2
1376,B,1,0,7.1,8.7,5.6,9.1,67.5
1376,C,1,1,3.3,6.9,7.1,5.7,71.7
1376,D,0,1,4.9,9.9,7.8,6.5,65.2
1377,A,0,1,7.3,4.7,9.5,4.8,60.5
1377,B,1,1,5.7,6.8,4.5,6.5,72.5
1377,C,0,0,5.5,7.6,5.4,6.2,41.2
1377,D,1,0,6.9,9.1,7.2,4.9,63.5
1378,A,0,0,7.8,4.6,6.1,5.0,39.2
1378,B,1,1,7.8,5.7,4.3,7.2,75.0
1378,C,1,0,2.8,9.2,6.5,5.1,56.0
1378,D,1,0,7.6,6.6,6.2,5.8,60.3
1379,A,1,0,7.6,6.7,8.7,3.9,61.5
1379,B,1,1,6.5,8.2,8.7,6.5,83.2
1379,C,0,0,5.4,4.2,6.1,4.8,34.2
1379,D,1,1,8.7,5.7,5.3,5.9,76.0
1380,A,0,1,7.8,4.5,9.1,7.1,64.2
1380,B,1,0,6.5,5.7,6.8,6.8,59.7
1380,C,1,0,7.8,7.7,6.6,4.6,61.2
1380,D,1,1,6.7,8.7,6.4,5.6,79.0
1381,A,0,1,7.3,3.0,8.6,7.5,60.7
1381,B,1,0,8.0,6.0,7.8,6.5,63.8
1381,C,1,0,5.4,8.0,5.8,5.0,57.0
1381,D,1,0,5.9,9.8,6.8,4.5,61.7
1382,A,0,0,5.4,4.5,8.1,5.9,39.8
1382,B,0,1,7.0,7.1,6.9,7.9,64.8
1382,C,0,1,5.5,9.6,7.9,6.8,66.3
1382,D,1,1,8.0,7.8,7.6,6.4,83.0
1383,A,1,0,6.2,4.9,6.0,6.1,55.3
1383,B,0,1,6.2,6.1,9.8,5.2,62.2
1383,C,0,0,5.6,8.6,8.6,5.5,47.2
1383,D,0,1,5.0,6.2,6.7,7.2,58.5
1384,A,1,1,7.2,4.8,3.4,5.7,68.5
1384,B,1,1,6.2,6.2,5.5,6.7,74.3
1384,C,0,1,4.8,9.5,6.2,5.3,59.7
1384,D,1,0,8.0,8.5,7.6,6.9,68.3
1385,A,0,1,4.8,2.7,7.2,4.4,48.5
1385,B,1,0,6.4,7.1,7.6,4.0,58.5
1385,C,0,1,4.1,7.5,7.2,5.6,57.3
1385,D,1,1,5.7,5.0,5.7,5.2,69.3
1386,A,1,0,4.5,5.3,9.2,7.8,61.3
1386,B,0,1,9.1,7.8,7.5,4.1,64.2
1386,C,0,1,4.0,5.5,8.2,5.6,55.5
1386,D,1,1,7.1,7.7,7.4,6.4,81.0
1387,A,1,0,5.0,3.9,6.1,3.7,47.8
1387,B,1,1,6.6,7.6,6.1,5.1,75.7
1387,C,1,0,7.3,9.0,6.8,5.4,64.2
1387,D,0,1,10,7.5,6.2,7.8,69.2
1388,A,1,0,8.1,4.4,6.9,6.7,60.2
1388,B,1,0,5.6,8.2,6.2,6.6,61.0
1388,C,1,0,3.4,7.0,6.4,4.1,51.5
1388,D,1,1,7.9,7.1,7.1,6.7,81.3
1389,A,0,0,6.1,5.6,7.2,6.6,42.5
1389,B,1,0,7.1,6.0,6.2,6.2,59.2
1389,C,0,1,4.7,5.9,5.2,6.4,53.7
1389,D,0,1,7.8,8.0,7.4,9.0,70.3
1390,A,1,0,8.7,4.7,8.1,7.2,64.5
1390,B,1,0,7.3,7.3,6.5,6.6,62.8
1390,C,1,0,4.7,8.0,6.0,5.3,56.7
1390,D,1,1,7.2,7.3,7.5,6.0,80.0
1391,A,0,0,7.4,4.8,7.0,4.9,40.2
1391,B,1,1,6.3,7.3,8.1,7.2,81.5
1391,C,0,1,4.4,8.7,6.3,4.3,56.2
1391,D,1,1,7.1,8.9,7.4,6.0,82.3
1392,A,1,0,5.0,3.6,6.0,4.7,48.8
1392,B,1,1,7.2,7.2,5.5,6.2,76.8
1392,C,0,0,3.9,6.7,8.7,5.7,41.7
1392,D,1,0,3.9,8.8,6.6,4.7,56.7
1393,A,1,0,4.8,4.0,7.6,7.2,56.0
1393,B,0,0,5.9,7.5,4.8,6.0,40.3
1393,C,1,0,3.5,9.1,5.2,5.4,55.3
1393,D,0,1,6.9,9.0,7.2,6.9,66.7
1394,A,0,1,8.2,5.1,7.6,6.6,62.5
1394,B,1,0,5.5,7.6,6.3,5.3,57.8
1394,C,0,0,5.6,6.6,5.5,4.6,37.2
1394,D,0,1,6.1,8.8,6.2,3.4,57.5
1395,A,1,1,6.3,2.3,6.7,4.3,66.0
1395,B,0,0,8.3,5.8,5.5,4.4,40.0
1395,C,0,1,3.1,10,7.4,6.8,62.2
1395,D,1,0,6.8,6.9,5.0,7.3,60.0
1396,A,1,0,8.1,5.0,8.5,6.4,63.3
1396,B,0,1,8.7,9.1,6.9,6.9,69.3
1396,C,1,0,4.4,7.1,7.1,5.3,56.5
1396,D,0,0,5.0,8.8,7.4,6.7,46.5
1397,A,1,1,6.4,4.5,7.9,5.7,74.2
1397,B,1,0,7.0,7.0,4.6,6.2,58.0
1397,C,0,1,3.4,7.6,5.8,5.9,54.5
1397,D,1,1,8.4,8.1,5.6,4.9,78.3
1398,A,1,0,6.5,3.8,6.4,5.7,54.0
1398,B,0,1,6.6,6.0,4.7,6.1,55.7
1398,C,0,1,5.3,6.5,5.9,5.3,55.0
1398,D,1,1,7.3,9.7,6.5,4.7,80.3
1399,A,1,0,7.5,3.7,7.2,5.1,55.8
1399,B,0,1,6.8,7.3,6.4,5.6,60.2
1399,C,1,0,4.5,6.6,8.9,5.0,58.3
1399,D,1,0,8.3,4.0,5.9,6.8,58.3
1400,A,0,0,6.4,3.4,9.9,8.2,46.5
1400,B,1,0,8.0,7.0,5.3,7.2,62.5
1400,C,0,0,5.0,8.6,6.8,5.7,43.5
1400,D,1,0,6.5,7.5,7.0,4.9,59.8
1401,A,1,1,5.3,2.6,5.8,7.2,68.2
1401,B,1,0,7.2,9.7,6.3,6.3,65.8
1401,C,0,0,6.9,7.6,6.7,3.2,40.7
1401,D,0,1,6.5,7.8,5.6,5.7,59.3
1402,A,0,0,8.3,3.8,8.7,6.4,45.3
1402,B,1,1,8.8,4.9,8.5,6.4,81.0
1402,C,0,0,4.5,7.0,3.6,4.2,32.2
1402,D,0,1,6.7,5.9,6.8,7.9,62.2
1403,A,1,0,6.3,4.7,5.9,4.7,52.7
1403,B,0,1,8.1,6.5,8.7,6.7,66.7
1403,C,1,0,4.8,9.3,4.8,5.0,56.5
1403,D,1,1,7.3,7.1,8.8,4.5,79.5
1404,A,1,0,6.4,6.4,6.5,6.5,59.7
1404,B,1,0,7.5,6.8,6.2,7.9,64.0
1404,C,0,0,5.2,8.1,7.3,5.5,43.5
1404,D,0,0,8.8,8.1,7.1,7.1,51.8
1405,A,0,1,4.7,2.4,7.9,6.7,52.8
1405,B,0,1,7.6,6.5,7.3,8.7,66.8
1405,C,1,1,3.8,7.8,5.6,3.1,67.2
1405,D,1,1,6.4,8.3,8.4,7.3,84.0
1406,A,0,1,8.1,7.4,8.7,6.2,67.3
1406,B,1,0,7.3,10,5.6,6.4,65.5
1406,C,1,0,2.9,6.9,6.4,5.7,53.2
1406,D,0,0,6.8,8.1,5.6,6.6,45.2
1407,A,0,0,7.3,7.4,6.8,5.7,45.3
1407,B,1,1,5.9,7.3,7.3,7.0,79.2
1407,C,1,0,5.3,7.2,7.9,4.8,58.7
1407,D,1,0,5.8,7.8,7.0,6.5,61.8
1408,A,0,0,7.0,3.4,7.7,4.3,37.3
1408,B,0,0,6.7,8.7,7.3,4.9,46.0
1408,C,1,1,5.5,6.0,6.4,4.4,70.5
1408,D,1,0,7.8,8.6,6.5,8.5,69.0
1409,A,0,1,7.3,3.1,9.1,5.3,58.0
1409,B,1,1,6.6,7.5,5.7,6.7,77.5
1409,C,0,0,2.4,8.1,4.8,5.6,34.8
1409,D,0,1,9.7,8.1,7.5,4.9,67.0
1410,A,1,1,4.0,5.0,7.1,3.0,65.2
1410,B,1,1,6.0,7.7,7.2,7.6,80.8
1410,C,1,0,4.0,6.6,6.2,3.9,51.2
1410,D,1,1,6.9,7.4,7.5,6.9,81.2
1411,A,1,0,6.9,5.7,7.3,6.7,61.0
1411,B,1,0,6.7,6.9,6.6,6.0,60.3
1411,C,0,0,5.2,9.3,5.3,4.6,40.7
1411,D,1,1,8.1,9.3,5.6,5.2,80.3
1412,A,0,0,6.7,3.9,7.4,6.0,40.0
1412,B,0,1,5.8,8.2,4.9,4.5,55.7
1412,C,0,1,4.8,6.3,3.8,6.4,52.2
1412,D,1,1,6.9,8.7,7.2,7.4,83.7
1413,A,0,0,7.0,5.3,7.8,7.9,46.7
1413,B,0,0,5.1,5.5,8.2,5.9,41.2
1413,C,1,0,4.6,6.0,7.3,1,48.2
1413,D,1,1,5.4,6.8,5.4,6.6,73.7
1414,A,1,1,8.6,5.1,6.7,8.7,81.8
1414,B,0,0,5.6,6.9,5.3,7.5,42.2
1414,C,0,1,6.0,6.4,6.2,6.8,59.0
1414,D,0,1,7.3,6.7,6.6,6.2,61.3
1415,A,1,0,5.3,4.1,7.8,4.2,52.3
1415,B,0,1,8.7,8.7,6.8,7.1,68.8
1415,C,1,0,4.5,9.4,7.3,4.2,59.0
1415,D,1,1,6.4,6.6,10.0,7.2,83.7
1416,A,1,1,8.0,5.7,6.4,5.2,75.5
1416,B,1,1,7.0,7.6,6.3,4.8,76.2
1416,C,0,1,4.8,9.1,4.7,3.5,53.5
1416,D,1,1,7.9,7.8,5.8,6.1,79.3
1417,A,1,1,8.0,6.1,7.1,6.8,80.0
1417,B,1,0,5.9,9.3,7.3,4.9,62.3
1417,C,1,0,5.2,8.5,7.3,6.5,62.5
1417,D,0,1,6.5,6.3,6.0,7.0,59.7
1418,A,1,1,7.3,5.7,5.8,5.4,73.7
1418,B,1,1,7.0,6.3,5.8,6.5,76.0
1418,C,1,0,4.7,9.0,8.2,3.7,59.3
1418,D,1,1,8.0,7.8,6.4,4.2,77.3
1419,A,1,0,7.4,4.7,6.7,6.0,58.0
1419,B,1,1,7.8,7.1,6.8,5.8,79.2
1419,C,0,0,3.7,8.0,6.0,4.2,36.5
1419,D,1,0,5.3,7.5,7.1,6.9,61.3
1420,A,0,1,4.9,5.3,9.1,4.5,56.3
1420,B,0,1,8.4,9.2,8.4,5.4,69.0
1420,C,1,0,3.0,8.1,4.8,6.8,54.5
1420,D,1,1,7.3,7.9,7.1,6.3,81.0
1421,A,0,0,9.1,3.3,8.4,4.4,42.0
1421,B,1,1,6.1,5.8,5.4,6.6,73.2
1421,C,1,0,5.3,5.2,5.9,4.8,52.0
1421,D,1,0,8.8,6.4,6.4,8.4,66.7
1422,A,1,1,6.1,6.4,7.0,5.8,75.5
1422,B,0,1,4.5,6.4,8.4,5.3,57.7
1422,C,1,1,6.0,8.4,6.9,6.0,78.8
1422,D,1,0,7.1,5.5,7.8,7.3,62.8
1423,A,0,1,7.6,4.4,7.5,7.0,60.8
1423,B,1,0,7.0,6.3,8.3,7.4,65.0
1423,C,1,0,4.8,8.2,6.3,7.2,60.8
1423,D,0,1,6.5,9.9,6.0,6.7,65.2
1424,A,0,1,7.3,3.1,7.7,8.1,60.3
1424,B,1,1,8.5,6.5,6.7,5.8,79.2
1424,C,1,1,2.0,5.6,4.6,2.2,57.3
1424,D,0,1,9.0,5.4,8.6,8.1,68.5
1425,A,1,1,5.3,4.8,6.4,5.5,70.0
1425,B,0,1,7.8,8.5,6.1,6.5,64.8
1425,C,1,1,2.2,8.4,6.4,4.0,68.3
1425,D,1,1,4.6,7.7,8.3,4.3,74.8
1426,A,1,1,7.6,5.6,9.1,4.5,78.0
1426,B,1,1,8.2,8.7,6.0,8.3,85.3
1426,C,1,0,7.2,7.1,5.6,2.3,53.7
1426,D,1,0,5.4,7.3,7.4,5.2,58.8
1427,A,1,0,6.0,4.3,7.8,5.9,56.7
1427,B,1,1,7.5,7.0,5.5,5.5,75.8
1427,C,1,0,2.8,5.8,5.0,4.4,46.7
1427,D,1,1,7.0,9.0,5.0,6.4,79.0
1428,A,0,0,7.7,3.5,6.8,4.3,37.2
1428,B,1,0,6.7,9.9,6.1,8.5,68.7
1428,C,1,0,4.4,6.8,7.0,3.4,52.7
1428,D,1,0,6.8,9.2,7.1,6.9,66.7
1429,A,0,0,6.5,5.3,6.7,6.4,41.5
1429,B,1,1,6.3,8.8,8.3,7.4,84.7
1429,C,0,0,5.8,8.6,9.8,4.8,48.3
1429,D,1,0,10,10,5.1,8.5,72.7
1430,A,0,0,7.8,4.0,6.4,3.9,36.8
1430,B,1,1,6.9,8.1,6.1,4.2,75.5
1430,C,0,1,4.2,8.7,7.3,4.4,57.7
1430,D,1,0,8.1,8.1,9.6,7.7,72.5
1431,A,0,0,6.1,3.8,6.8,6.1,38.0
1431,B,1,1,6.4,7.5,6.5,8.1,80.8
1431,C,0,0,4.6,9.0,8.4,5.0,45.0
1431,D,0,1,4.3,6.6,8.3,5.8,58.3
1432,A,1,1,5.9,6.1,7.6,5.4,75.0
1432,B,1,0,6.0,9.6,6.7,7.2,65.8
1432,C,0,1,5.1,7.3,6.5,5.9,58.0
1432,D,1,1,7.2,9.1,7.0,7.7,85.0
1433,A,0,0,5.4,5.3,7.3,5.2,38.7
1433,B,1,1,6.3,9.5,6.3,6.2,80.5
1433,C,0,0,4.1,8.6,7.1,4.3,40.2
1433,D,1,0,8.9,7.3,6.8,9.0,70.0
1434,A,0,0,8.3,2.7,7.2,7.9,43.5
1434,B,1,1,5.7,8.6,8.4,4.7,79.0
1434,C,1,1,6.6,6.1,7.7,2.2,71.0
1434,D,1,1,5.1,8.3,5.6,5.9,74.8
1435,A,1,0,7.9,5.4,5.6,5.2,56.8
1435,B,0,1,7.0,6.7,8.5,5.7,63.2
1435,C,1,0,4.4,5.8,8.8,4.7,56.2
1435,D,0,1,8.0,8.6,7.0,7.9,69.2
1436,A,1,0,8.5,6.6,7.5,6.7,65.5
1436,B,0,1,7.4,8.3,6.1,7.2,65.0
1436,C,0,1,3.0,5.1,7.3,4.9,50.5
1436,D,1,1,6.2,6.7,6.6,7.2,77.8
1437,A,1,1,6.7,5.4,8.1,5.2,75.7
1437,B,1,0,7.0,8.2,7.6,6.2,65.0
1437,C,0,0,3.6,7.7,6.0,4.1,35.7
1437,D,1,0,6.9,6.9,7.6,8.4,66.3
1438,A,1,0,5.8,4.3,7.5,7.2,58.0
1438,B,1,0,7.2,8.3,6.4,3.6,59.2
1438,C,0,1,5.6,6.0,4.5,6.7,54.7
1438,D,1,1,8.9,8.9,7.4,5.0,83.7
1439,A,0,1,6.9,3.0,7.9,6.9,57.8
1439,B,1,0,6.5,6.9,5.2,4.7,55.5
1439,C,0,0,4.7,7.8,5.1,5.5,38.5
1439,D,1,1,5.6,6.8,6.8,5.2,74.0
1440,A,1,0,7.3,4.4,8.4,7.8,63.2
1440,B,1,1,7.5,7.0,7.6,6.3,80.7
1440,C,1,1,3.8,6.7,6.9,5.8,72.0
1440,D,0,0,6.8,6.6,8.2,7.1,47.8
1441,A,1,0,6.4,6.8,7.8,5.9,61.5
1441,B,1,0,6.6,5.6,6.2,6.8,58.7
1441,C,0,0,7.3,7.5,5.1,5.5,42.3
1441,D,0,0,6.3,8.3,8.3,6.3,48.7
1442,A,1,1,6.6,5.6,5.7,6.5,74.0
1442,B,0,1,5.3,10,8.3,6.4,66.7
1442,C,1,0,3.0,7.8,5.2,5.2,52.0
1442,D,1,1,7.6,8.2,7.4,5.5,81.2
1443,A,1,0,6.5,4.2,7.7,5.0,55.7
1443,B,1,0,4.1,8.3,5.8,6.6,58.0
1443,C,0,0,6.0,8.6,4.9,3.7,38.7
1443,D,1,1,7.8,8.1,7.0,7.4,83.8
1444,A,1,1,6.2,5.8,9.3,5.3,77.7
1444,B,0,0,6.8,6.9,7.0,6.6,45.5
1444,C,0,1,6.2,7.6,6.9,4.9,59.3
1444,D,1,1,8.2,7.0,7.6,7.2,83.3
1445,A,1,1,7.4,4.9,7.3,6.4,76.7
1445,B,0,0,5.6,7.0,5.8,5.0,39.0
1445,C,0,0,3.1,8.6,6.2,4.6,37.5
1445,D,1,1,6.4,7.5,8.7,10,87.7
1446,A,0,0,6.5,3.3,7.8,5.9,39.2
1446,B,1,1,7.0,6.8,3.9,6.2,73.2
1446,C,0,0,5.7,9.8,6.9,4.6,45.0
1446,D,1,0,4.8,5.4,4.8,6.4,52.3
1447,A,1,0,5.9,5.3,5.4,5.5,53.5
1447,B,0,1,8.1,7.5,4.9,5.8,60.5
1447,C,1,0,3.1,8.2,6.3,7.1,57.8
1447,D,1,0,5.3,9.0,6.4,5.5,60.3
1448,A,1,0,5.6,2.3,5.7,4.1,46.2
1448,B,1,0,6.8,4.8,4.3,7.5,55.7
1448,C,0,0,4.6,6.4,5.8,5.7,37.5
1448,D,1,1,7.6,7.0,9.1,7.2,84.8
1449,A,1,0,6.2,5.7,7.5,4.1,55.8
1449,B,0,1,8.9,7.7,7.6,4.4,64.3
1449,C,1,1,6.8,7.2,5.5,5.1,74.3
1449,D,0,1,6.9,6.0,7.1,6.6,61.0
1450,A,0,1,6.1,5.9,8.9,5.7,61.0
1450,B,0,1,7.8,7.1,7.7,6.8,65.7
1450,C,0,1,4.5,9.2,6.7,5.3,59.5
1450,D,1,0,8.1,7.8,7.3,9.2,70.7
1451,A,0,1,8.6,3.4,9.8,6.4,63.7
1451,B,0,1,3.5,6.0,4.1,4.7,47.2
1451,C,0,1,5.6,8.7,7.7,8.6,67.7
1451,D,0,0,5.8,7.9,5.6,6.4,42.8
1452,A,1,1,5.5,1.4,5.5,6.9,65.5
1452,B,1,0,8.4,8.6,6.1,8.8,69.8
1452,C,1,1,5.7,6.0,4.5,2.8,65.0
1452,D,1,0,9.6,8.1,4.9,6.6,65.3
1453,A,1,1,9.2,2.6,6.3,5.1,72.0
1453,B,0,1,6.9,9.2,5.8,3.1,58.3
1453,C,1,0,3.3,7.7,5.9,4.5,52.3
1453,D,0,0,8.0,9.0,7.2,4.7,48.2
1454,A,1,0,4.9,4.2,7.0,4.9,51.7
1454,B,1,1,6.6,9.4,6.7,9.5,87.0
1454,C,0,1,4.2,8.8,5.0,7.7,59.5
1454,D,0,0,9.3,8.9,6.9,9.3,57.3
1455,A,0,1,9.0,6.0,7.6,4.7,62.2
1455,B,1,1,6.3,6.2,7.6,7.5,79.3
1455,C,1,0,5.7,8.6,6.7,1.9,54.8
1455,D,1,1,7.9,7.7,5.2,5.5,77.2
1456,A,1,1,7.1,5.0,9.3,8.3,82.8
1456,B,1,0,5.4,6.6,7.6,4.8,57.3
1456,C,1,0,5.8,9.5,5.0,6.3,61.0
1456,D,1,1,8.0,6.9,5.3,6.1,77.2
1457,A,1,1,7.2,4.6,7.7,5.4,74.8
1457,B,1,0,5.7,6.3,7.4,9.2,64.3
1457,C,0,1,3.5,8.4,5.7,5.6,55.3
1457,D,1,0,5.6,7.7,7.1,5.6,60.0
1458,A,0,1,6.3,6.1,6.6,4.8,56.3
1458,B,1,0,7.7,9.0,7.4,5.8,66.5
1458,C,0,1,5.7,7.0,5.2,4.6,54.2
1458,D,0,1,7.5,8.1,6.8,8.3,67.8
1459,A,0,0,5.9,4.5,8.8,6.5,42.8
1459,B,0,1,6.3,9.3,6.3,5.1,61.7
1459,C,1,1,4.7,6.3,5.9,5.0,69.8
1459,D,0,1,7.0,8.1,4.7,6.8,61.0
1460,A,0,0,5.8,4.0,7.1,7.4,40.5
1460,B,1,1,7.1,7.8,8.5,7.4,84.7
1460,C,1,0,4.5,8.1,3.6,4.6,51.3
1460,D,0,0,6.9,6.2,4.6,4.0,36.2
1461,A,1,1,6.3,2.4,6.3,4.3,65.5
1461,B,1,1,6.3,6.0,7.5,6.9,77.8
1461,C,0,0,4.9,8.6,6.0,6.1,42.7
1461,D,1,1,6.8,7.6,7.1,7.6,81.8
1462,A,1,0,7.6,4.1,8.1,4.5,57.2
1462,B,0,1,7.6,5.7,6.6,6.2,60.2
1462,C,0,0,4.4,8.8,6.7,2.6,37.5
1462,D,0,1,10,7.7,6.6,4.5,64.7
1463,A,1,0,7.0,4.2,8.1,5.6,58.2
1463,B,0,0,6.3,6.7,6.5,6.2,42.8
1463,C,1,0,4.4,10.0,6.7,6.8,63.2
1463,D,0,0,6.2,8.5,6.1,5.8,44.3
1464,A,0,0,5.5,6.7,7.6,5.5,42.2
1464,B,0,0,6.7,8.6,5.8,5.7,44.7
1464,C,1,0,3.8,8.7,4.8,4.0,52.2
1464,D,1,1,5.3,8.5,7.3,6.0,78.5
1465,A,1,0,6.9,4.1,4.0,2.8,46.3
1465,B,1,0,6.0,4.7,6.8,5.5,55.0
1465,C,1,1,3.3,5.2,5.3,2.4,60.3
1465,D,1,1,6.9,9.3,6.7,7.1,83.3
1466,A,1,1,5.1,3.7,6.3,5.8,68.2
1466,B,1,1,8.1,9.0,7.2,7.5,86.3
1466,C,0,1,3.7,8.5,4.8,5.6,54.3
1466,D,0,1,7.8,8.4,6.9,5.4,64.2
1467,A,0,0,7.9,4.4,6.1,1.6,33.3
1467,B,0,1,8.5,8.4,3.8,7.7,64.0
1467,C,1,0,4.4,6.6,6.2,4.1,52.2
1467,D,1,0,7.2,6.0,5.6,5.9,57.8
1468,A,0,0,7.9,5.4,8.6,6.0,46.5
1468,B,1,0,6.7,7.6,5.8,4.7,58.0
1468,C,1,0,4.5,7.3,5.1,3.4,50.5
1468,D,1,0,8.9,7.1,5.5,6.3,63.0
1469,A,0,0,7.1,4.5,6.2,7.6,42.3
1469,B,0,0,7.2,7.9,5.4,5.3,43.0
1469,C,1,0,3.5,8.0,6.1,3.9,52.5
1469,D,1,1,6.8,7.2,6.8,6.5,78.8
1470,A,0,0,6.6,4.0,5.5,5.1,35.3
1470,B,1,0,8.2,8.9,7.6,4.7,65.7
1470,C,1,1,6.2,10,5.1,3.9,75.3
1470,D,1,0,5.4,6.5,8.1,5.3,58.8
1471,A,1,0,6.7,6.8,7.5,5.2,60.3
1471,B,1,0,5.4,6.0,6.7,7.8,59.8
1471,C,1,0,4.7,5.7,5.7,5.1,52.0
1471,D,1,1,4.6,6.9,6.2,5.9,72.7
1472,A,1,0,6.8,4.5,6.9,5.3,55.8
1472,B,0,0,7.1,5.9,3.4,5.3,36.2
1472,C,1,1,4.8,7.0,4.5,4.8,68.5
1472,D,1,1,7.2,8.4,7.1,4.7,79.0
1473,A,1,1,6.5,4.9,9.2,6.6,78.7
1473,B,1,1,8.3,10,6.7,5.6,84.3
1473,C,0,0,3.4,7.1,5.8,5.6,36.5
1473,D,1,1,9.0,8.8,8.0,8.5,90.5
1474,A,0,0,7.3,4.6,7.4,4.9,40.3
1474,B,1,1,6.8,7.8,5.7,6.9,78.7
1474,C,1,0,5.4,7.9,6.4,4.1,56.3
1474,D,0,0,8.2,6.1,5.5,7.7,45.8
1475,A,1,0,6.3,1.6,7.4,6.0,52.2
1475,B,0,1,6.1,5.6,7.0,7.1,59.7
1475,C,0,0,3.7,7.5,7.3,5.6,40.2
1475,D,1,1,7.2,5.2,5.8,6.8,75.0
1476,A,1,1,5.6,6.4,6.0,5.7,72.8
1476,B,1,1,6.8,7.3,8.8,6.8,82.8
1476,C,1,0,2.7,9.3,7.5,7.2,61.2
1476,D,1,0,6.8,7.7,6.3,8.5,65.5
1477,A,0,1,6.4,5.9,7.1,4.0,55.7
1477,B,1,1,7.0,6.1,7.4,6.5,78.3
1477,C,1,1,5.4,8.1,8.1,2.8,74.0
1477,D,1,1,5.8,8.6,4.7,7.0,76.8
1478,A,0,0,6.9,3.7,7.3,5.8,39.5
1478,B,1,0,5.5,5.7,6.7,7.8,59.5
1478,C,1,1,3.1,10,7.5,4.8,75.7
1478,D,1,1,5.5,8.5,7.0,5.5,77.5
1479,A,1,0,6.3,5.2,6.6,4.7,54.7
1479,B,1,0,7.8,8.2,6.1,6.2,63.8
1479,C,0,1,3.0,7.6,4.8,4.5,49.8
1479,D,1,1,8.9,9.0,7.1,4.6,82.7
1480,A,0,1,8.4,5.9,7.6,7.4,65.5
1480,B,0,1,6.7,7.0,6.9,6.4,61.7
1480,C,1,1,4.8,7.3,6.6,6.4,75.2
1480,D,1,0,10,10,8.3,5.1,72.3
1481,A,1,1,5.1,6.1,8.4,5.7,75.5
1481,B,1,1,8.1,6.4,5.7,7.6,79.7
1481,C,1,1,3.9,7.9,6.5,5.6,73.2
1481,D,1,1,8.3,10,5.7,7.8,86.3
1482,A,0,0,5.4,3.6,5.5,5.0,32.5
1482,B,1,1,8.8,9.7,6.5,6.4,85.7
1482,C,0,1,5.7,8.4,4.7,7.6,60.7
1482,D,0,0,7.2,7.4,5.5,7.6,46.2
1483,A,0,0,4.1,2.0,7.5,7.8,35.7
1483,B,1,1,9.2,7.8,7.8,4.6,82.3
1483,C,1,1,4.7,7.7,3.0,4.2,66.0
1483,D,1,1,10,9.3,6.4,7.6,88.8
1484,A,1,1,7.5,5.4,8.6,6.0,79.2
1484,B,0,1,8.8,5.4,7.7,6.8,64.5
1484,C,1,0,5.4,9.0,6.6,4.2,58.7
1484,D,1,1,5.7,8.1,8.4,8.1,83.8
1485,A,1,0,8.2,5.6,9.3,7.0,66.8
1485,B,0,1,7.7,7.6,8.1,2.9,60.5
1485,C,0,1,4.1,9.4,4.3,5.9,56.2
1485,D,1,1,8.7,7.6,8.1,8.0,87.3
1486,A,0,0,10,3.9,7.1,7.1,46.8
1486,B,0,1,6.3,7.3,7.7,7.2,64.2
1486,C,0,0,5.0,8.2,6.3,5.3,41.3
1486,D,0,1,7.5,6.7,5.6,4.9,57.8
1487,A,0,1,6.6,6.0,5.9,3.5,53.3
1487,B,1,1,5.3,6.3,6.5,7.1,75.3
1487,C,1,1,5.6,8.1,6.2,6.7,77.7
1487,D,1,1,9.1,7.6,7.5,7.2,85.7
1488,A,0,0,6.9,3.7,7.3,6.6,40.8
1488,B,1,1,6.6,7.7,5.2,4.1,72.7
1488,C,1,1,5.3,8.3,6.5,4.7,74.7
1488,D,0,0,8.5,7.5,8.9,5.5,50.7
1489,A,0,0,6.7,4.8,6.3,5.6,39.0
1489,B,0,0,4.4,4.6,6.9,8.0,39.8
1489,C,1,0,6.3,9.2,5.3,2.4,55.3
1489,D,1,0,7.1,6.0,8.5,6.0,62.7
1490,A,0,1,7.7,4.4,9.1,5.1,60.5
1490,B,0,1,5.2,7.5,7.8,4.5,58.3
1490,C,0,0,4.4,7.0,8.2,5.7,42.2
1490,D,1,1,5.0,7.8,6.9,6.8,77.5
1491,A,1,0,6.3,5.5,6.1,1.8,49.5
1491,B,1,1,6.0,8.3,5.8,4.5,74.3
1491,C,0,0,5.6,6.3,2.9,4.6,32.3
1491,D,0,1,9.1,7.6,8.5,9.0,73.7
1492,A,1,1,5.9,5.8,6.1,4.4,70.3
1492,B,0,0,5.4,8.2,7.2,6.4,45.3
1492,C,0,1,2.6,6.5,6.5,6.4,53.3
1492,D,1,1,9.2,7.2,8.1,4.9,82.3
1493,A,1,0,5.9,4.2,6.5,7.1,56.2
1493,B,0,1,7.2,8.4,5.7,6.6,63.2
1493,C,0,0,4.3,8.5,6.3,5.0,40.2
1493,D,1,0,6.7,5.6,8.3,7.6,63.7
1494,A,1,0,7.2,2.4,8.7,3.6,53.2
1494,B,1,1,7.1,8.1,7.7,6.2,81.8
1494,C,0,1,3.5,7.9,8.7,9.2,65.5
1494,D,0,1,7.4,8.7,7.7,6.8,67.7
1495,A,1,0,5.1,5.1,5.0,6.6,53.0
1495,B,0,0,7.3,8.6,5.6,8.8,50.5
1495,C,1,0,2.9,7.8,6.6,3.4,51.2
1495,D,1,1,8.4,8.1,8.9,8.6,90.0
1496,A,1,1,6.3,3.7,8.2,6.6,74.7
1496,B,0,0,5.5,6.5,5.3,6.1,39.0
1496,C,1,0,4.2,7.7,5.4,5.4,54.5
1496,D,1,1,7.6,7.3,6.5,7.9,82.2
1497,A,0,0,5.7,4.7,6.2,5.6,37.0
1497,B,1,0,7.0,6.8,6.7,4.1,57.7
1497,C,0,0,6.1,7.8,6.2,3.5,39.3
1497,D,1,0,7.8,5.7,8.0,5.1,61.0
1498,A,1,0,4.6,5.8,7.3,3.9,52.7
1498,B,1,0,5.4,6.3,4.6,5.6,53.2
1498,C,0,0,5.1,7.0,7.9,3.8,39.7
1498,D,0,0,6.8,6.2,6.3,7.1,44.0
1499,A,0,0,6.4,5.0,5.7,5.2,37.2
1499,B,1,0,6.1,8.8,6.8,8.7,67.3
1499,C,1,0,5.0,6.3,7.8,4.6,56.2
1499,D,0,1,8.2,7.0,5.0,6.0,60.3
1500,A,1,0,5.6,5.2,8.5,5.2,57.5
1500,B,1,1,7.3,8.7,5.9,7.4,82.2
1500,C,0,1,5.2,8.6,6.6,6.5,61.5
1500,D,0,1,10,5.7,7.9,6.1,66.2
1501,A,0,0,6.4,5.4,6.7,5.6,40.2
1501,B,0,1,9.8,7.9,6.0,4.9,64.3
1501,C,0,0,5.0,6.2,5.4,4.3,34.8
1501,D,0,1,6.4,8.3,7.4,6.1,63.7
1502,A,0,1,4.2,6.1,6.8,7.9,58.3
1502,B,1,0,6.6,8.8,7.8,5.2,64.0
1502,C,1,0,4.8,7.3,7.0,4.9,56.7
1502,D,1,0,6.9,8.4,5.7,7.4,64.0
1503,A,1,0,5.3,4.6,7.5,6.6,56.7
1503,B,1,0,7.0,7.2,6.7,5.5,60.7
1503,C,1,0,6.4,7.7,7.2,5.2,60.8
1503,D,1,1,6.8,7.5,7.0,6.7,80.0
1504,A,0,1,7.3,4.5,8.4,5.5,59.5
1504,B,0,0,8.9,8.3,7.7,5.1,50.0
1504,C,1,0,6.1,8.7,4.2,8.0,61.7
1504,D,0,1,5.6,8.3,6.1,6.8,61.3
1505,A,0,1,7.2,3.9,7.2,4.6,54.8
1505,B,1,1,7.7,8.0,7.5,7.7,84.8
1505,C,0,1,3.3,8.5,8.7,6.7,62.0
1505,D,1,1,7.0,6.1,6.6,7.3,78.3
1506,A,1,0,7.4,4.7,7.5,4.2,56.3
1506,B,0,1,5.0,7.4,6.9,5.0,57.2
1506,C,1,0,3.5,8.9,5.1,6.0,55.8
1506,D,1,1,5.9,8.8,7.1,5.9,79.5
1507,A,0,1,5.0,3.7,6.6,5.7,51.7
1507,B,1,0,6.5,7.6,6.3,6.4,61.3
1507,C,0,0,5.5,8.4,3.8,5.5,38.7
1507,D,1,1,8.0,6.9,7.3,6.2,80.7
1508,A,0,0,5.8,5.4,4.7,5.1,35.0
1508,B,1,1,7.2,6.2,5.4,6.7,75.8
1508,C,1,1,5.7,10,7.2,6.3,82.0
1508,D,0,0,8.2,7.2,7.5,6.9,49.7
1509,A,0,1,5.0,5.0,6.2,6.8,55.0
1509,B,1,0,7.0,5.7,6.4,7.6,61.2
1509,C,1,0,2.1,8.0,3.5,6.5,50.2
1509,D,1,0,8.3,7.8,9.5,6.2,69.7
1510,A,1,1,6.0,2.6,8.8,4.7,70.2
1510,B,1,1,6.6,6.9,7.9,8.6,83.3
1510,C,0,0,4.5,7.6,8.1,6.3,44.2
1510,D,1,1,6.0,8.1,5.8,5.6,75.8
1511,A,0,0,8.0,5.2,6.1,5.3,41.0
1511,B,1,1,8.6,7.6,8.0,7.6,86.3
1511,C,0,0,5.0,7.5,5.4,4.9,38.0
1511,D,1,0,6.0,8.7,8.8,6.9,67.3
1512,A,0,0,8.9,5.6,9.4,5.8,49.5
1512,B,0,1,4.5,8.2,7.9,6.0,61.0
1512,C,0,1,4.5,9.4,6.2,5.5,59.3
1512,D,1,1,6.7,9.4,8.8,6.7,86.0
1513,A,1,0,5.9,4.3,6.3,5.8,53.8
1513,B,1,1,7.2,5.9,7.4,5.7,77.0
1513,C,0,1,4.9,6.9,8.2,4.6,57.7
1513,D,1,0,5.6,6.1,8.3,5.3,58.8
1514,A,0,0,5.7,4.2,7.2,4.1,35.3
1514,B,1,1,5.1,8.3,6.2,7.8,79.0
1514,C,0,0,4.6,9.0,7.3,3.8,41.2
1514,D,1,1,7.4,6.9,7.1,5.3,77.8
1515,A,1,0,5.8,4.7,8.2,5.3,56.7
1515,B,1,0,10,8.3,6.9,5.4,67.7
1515,C,0,1,4.1,7.8,7.2,6.2,58.8
1515,D,1,1,4.5,8.2,8.3,8.2,82.0
1516,A,0,0,6.3,3.6,6.6,7.1,39.3
1516,B,1,0,8.7,8.9,6.7,6.2,67.5
1516,C,1,1,4.6,10,6.3,5.2,76.8
1516,D,1,0,9.2,10,5.8,5.7,67.8
1517,A,1,0,8.6,4.2,9.2,4.6,61.0
1517,B,1,1,8.5,7.3,7.1,5.6,80.8
1517,C,0,0,3.3,6.9,5.6,4.6,34.0
1517,D,0,0,6.6,5.9,8.1,5.8,44.0
1518,A,1,0,7.1,5.0,7.8,7.7,62.7
1518,B,0,0,6.2,8.4,4.9,7.9,45.7
1518,C,0,0,5.5,6.7,9.9,6.8,48.2
1518,D,0,1,8.3,5.8,6.6,8.4,65.2
1519,A,1,0,4.8,3.5,6.4,5.6,50.5
1519,B,0,1,8.6,5.7,8.9,7.1,67.2
1519,C,0,0,5.0,6.4,7.2,7.4,43.3
1519,D,1,1,7.3,8.9,5.4,4.3,76.5
1520,A,0,0,6.2,5.9,9.4,7.2,47.8
1520,B,1,0,8.1,7.7,7.6,7.1,67.5
1520,C,0,0,3.0,9.8,6.8,4.7,40.5
1520,D,1,0,7.9,9.7,7.4,5.5,67.5
1521,A,1,0,6.5,6.9,6.4,7.0,61.3
1521,B,1,0,8.3,4.9,8.9,5.9,63.3
1521,C,0,0,4.6,7.3,5.6,4.2,36.2
1521,D,1,1,7.3,9.3,7.8,9.0,89.0
1522,A,0,1,7.7,2.7,6.0,5.3,52.8
1522,B,0,1,7.0,9.2,7.6,9.0,71.3
1522,C,1,0,5.0,7.1,7.4,6.1,59.3
1522,D,1,0,8.3,8.8,7.1,5.3,65.8
1523,A,0,1,5.3,6.4,6.0,5.1,54.7
1523,B,1,0,6.1,7.9,6.2,5.9,60.2
1523,C,0,0,4.5,8.5,6.2,4.2,39.0
1523,D,1,1,8.8,6.9,7.4,7.2,83.8
1524,A,1,0,4.4,3.5,7.7,7.6,55.3
1524,B,1,1,5.5,9.3,8.0,6.4,82.0
1524,C,1,0,3.8,9.2,8.1,4.4,59.2
1524,D,1,0,7.6,6.7,8.2,9.1,69.3
1525,A,0,0,7.3,4.9,5.4,6.4,40.0
1525,B,1,0,6.6,8.9,5.6,7.0,63.5
1525,C,0,0,5.0,10.0,7.2,4.8,45.0
1525,D,1,0,7.6,7.7,8.0,7.0,67.2
1526,A,0,1,8.6,6.1,8.4,8.4,69.2
1526,B,1,1,7.9,6.4,9.0,4.8,80.2
1526,C,1,1,3.7,8.1,4.7,4.3,68.0
1526,D,1,1,8.0,9.4,8.5,7.5,89.0
1527,A,0,0,4.9,2.3,6.4,5.6,32.0
1527,B,1,1,8.1,7.0,4.8,7.0,78.2
1527,C,0,0,4.5,8.2,8.1,5.8,44.3
1527,D,1,1,6.5,7.7,8.3,8.8,85.5
1528,A,0,0,8.2,2.3,8.1,6.4,41.7
1528,B,1,1,7.8,8.3,7.1,6.7,83.2
1528,C,1,0,4.7,7.3,5.9,5.3,55.3
1528,D,1,1,8.0,7.3,7.6,6.4,82.2
1529,A,1,0,8.0,5.1,8.7,6.4,63.7
1529,B,0,0,8.3,8.6,6.6,5.2,47.8
1529,C,0,0,4.0,5.9,6.8,3.9,34.3
1529,D,1,1,7.7,6.4,5.3,5.8,75.3
1530,A,0,0,5.1,4.4,7.5,8.4,42.3
1530,B,1,1,9.0,6.2,6.3,5.8,78.8
1530,C,0,0,7.6,8.5,5.3,5.0,44.0
1530,D,1,1,5.9,8.4,7.1,5.0,77.3
1531,A,0,0,6.8,4.1,6.3,4.3,35.8
1531,B,1,1,4.5,5.6,8.1,7.2,75.7
1531,C,1,0,3.8,6.7,6.4,5.6,54.2
1531,D,1,1,9.3,9.8,7.3,7.1,89.2
1532,A,0,0,7.5,1.3,6.9,6.9,37.7
1532,B,1,1,5.2,6.9,4.0,8.0,73.5
1532,C,1,0,3.6,8.0,7.6,4.8,56.7
1532,D,1,1,9.0,8.0,7.8,6.3,85.2
1533,A,1,0,8.1,6.9,5.4,5.5,59.8
1533,B,0,0,9.2,6.7,8.5,6.0,50.7
1533,C,1,0,4.9,8.4,8.0,4.9,60.3
1533,D,1,1,6.9,6.9,8.0,5.5,78.8
1534,A,1,0,5.3,1.7,6.0,5.1,46.8
1534,B,1,0,6.6,7.4,4.5,6.1,57.7
1534,C,0,1,4.0,6.6,5.3,4.4,50.5
1534,D,1,1,8.1,8.8,6.8,6.8,84.2
1535,A,0,1,6.5,9.0,7.2,6.7,65.7
1535,B,1,1,5.2,8.2,6.4,4.6,74.0
1535,C,1,0,4.6,8.7,7.1,6.4,61.3
1535,D,1,1,8.2,9.2,8.1,6.4,86.5
1536,A,1,0,7.4,3.7,7.1,5.8,56.7
1536,B,1,1,6.6,7.4,5.8,6.5,77.2
1536,C,1,1,4.7,6.1,7.2,3.7,69.5
1536,D,1,1,6.6,8.2,7.4,7.5,82.8
1537,A,0,1,6.2,6.4,6.5,4.4,55.8
1537,B,1,1,5.1,9.6,8.2,6.8,82.8
1537,C,1,0,2.9,8.4,4.6,5.5,52.3
1537,D,1,1,6.9,7.2,8.4,5.3,79.7
1538,A,0,0,6.2,4.9,5.6,6.8,39.2
1538,B,1,1,6.7,7.6,5.8,5.8,76.5
1538,C,0,0,4.1,9.9,7.4,4.2,42.7
1538,D,0,0,8.4,7.9,6.0,7.6,49.8
1539,A,1,0,6.2,6.9,8.4,4.0,59.2
1539,B,1,1,6.3,4.5,8.3,8.3,79.0
1539,C,0,0,5.5,8.3,7.3,5.9,45.0
1539,D,1,1,6.9,7.3,7.6,6.8,81.0
1540,A,1,0,5.0,5.0,7.4,4.9,53.8
1540,B,1,1,7.4,7.1,7.2,7.9,82.7
1540,C,0,0,3.8,7.7,8.9,5.1,42.5
1540,D,0,0,8.4,8.6,6.4,5.3,47.8
1541,A,1,0,6.2,3.5,5.9,5.7,52.2
1541,B,0,0,6.2,6.3,4.5,6.9,39.8
1541,C,0,1,4.0,8.1,6.8,5.7,57.7
1541,D,1,1,7.9,7.9,10,6.7,87.5
1542,A,1,0,7.3,4.3,10,6.7,63.8
1542,B,1,1,6.4,8.2,5.7,5.7,76.7
1542,C,1,1,5.4,9.1,6.5,7.2,80.3
1542,D,1,0,7.9,7.8,5.7,5.2,61.0
1543,A,1,1,7.4,3.8,8.5,7.2,78.2
1543,B,1,0,7.6,6.7,6.5,5.4,60.3
1543,C,0,1,4.9,8.9,4.4,7.2,59.0
1543,D,1,0,7.6,8.0,5.0,5.0,59.3
1544,A,1,0,7.0,2.5,9.3,4.4,55.3
1544,B,0,1,6.2,7.5,7.4,6.5,62.7
1544,C,0,0,5.5,6.1,5.3,4.7,36.0
1544,D,1,0,8.3,7.2,4.1,7.4,61.7
1545,A,1,0,6.0,5.7,6.8,6.0,57.5
1545,B,0,0,6.5,7.1,7.1,5.1,43.0
1545,C,0,0,4.4,8.9,2.3,5.2,34.7
1545,D,1,1,5.8,7.5,7.0,5.8,76.8
1546,A,1,1,6.5,5.1,7.3,3.4,70.5
1546,B,0,1,8.5,9.2,5.1,6.6,65.7
1546,C,1,1,3.9,10,8.1,6.1,80.2
1546,D,1,1,6.1,6.3,5.1,6.9,74.0
1547,A,1,0,7.9,6.4,6.8,7.0,63.5
1547,B,0,0,5.7,6.9,6.6,7.3,44.2
1547,C,0,0,3.6,7.2,3.9,5.3,33.3
1547,D,1,1,8.4,8.0,9.4,6.3,86.8
1548,A,1,0,5.3,3.9,6.6,7.1,54.8
1548,B,1,0,7.9,4.9,6.7,6.9,60.7
1548,C,1,1,4.1,7.8,7.9,3.5,72.2
1548,D,1,1,7.9,7.3,8.1,5.8,81.8
1549,A,1,0,8.6,3.9,7.9,5.7,60.2
1549,B,1,1,6.1,6.1,5.2,8.2,76.0
1549,C,1,1,6.6,8.1,4.8,5.6,75.2
1549,D,1,1,5.8,5.5,7.0,4.5,71.3
1550,A,0,1,5.7,5.4,7.3,5.4,56.3
1550,B,1,0,10,7.2,5.5,6.7,65.7
1550,C,1,0,1.7,9.0,4.6,2.2,45.8
1550,D,1,1,5.6,7.9,6.7,5.9,76.8
1551,A,0,1,3.8,5.4,7.0,5.5,52.8
1551,B,1,0,6.7,7.2,8.0,7.2,65.2
1551,C,1,1,5.4,9.2,4.3,3.9,71.3
1551,D,0,1,6.8,6.6,6.1,6.4,59.8
1552,A,1,1,5.8,5.6,7.0,7.6,76.7
1552,B,0,0,6.0,6.5,6.2,8.0,44.5
1552,C,1,1,6.1,6.1,5.7,5.8,72.8
1552,D,1,1,6.9,7.2,9.0,7.5,84.3
1553,A,1,0,7.2,6.4,4.9,4.1,54.3
1553,B,1,0,6.5,7.1,8.9,5.0,62.5
1553,C,0,0,6.5,8.0,7.7,6.8,48.3
1553,D,1,1,4.5,6.2,4.4,6.6,69.5
1554,A,1,0,6.4,5.3,9.9,5.0,61.0
1554,B,1,1,6.0,8.0,7.0,5.5,77.5
1554,C,1,1,4.1,8.3,6.5,6.0,74.8
1554,D,1,1,7.7,9.5,6.0,7.4,84.3
1555,A,0,0,8.5,4.2,7.2,5.8,42.8
1555,B,1,0,5.6,7.1,5.3,5.0,55.0
1555,C,0,1,5.3,8.5,6.5,7.3,62.7
1555,D,0,0,8.2,8.5,8.4,6.4,52.5
1556,A,1,0,5.6,6.3,8.9,6.8,62.7
1556,B,1,1,8.2,9.9,5.6,7.6,85.5
1556,C,0,0,4.2,7.4,7.1,4.5,38.7
1556,D,0,0,7.7,10,8.1,9.0,58.0
1557,A,0,0,4.2,5.8,6.1,4.5,34.3
1557,B,1,1,7.3,7.2,6.1,5.5,76.8
1557,C,1,0,3.5,7.2,7.5,3.9,53.5
1557,D,1,0,8.6,5.3,8.5,8.6,68.3
1558,A,1,0,4.7,4.9,9.0,7.9,60.8
1558,B,0,0,6.0,8.1,3.4,5.7,38.7
1558,C,0,1,5.7,5.4,5.7,5.6,54.0
1558,D,1,0,6.9,6.7,5.3,7.6,60.8
1559,A,1,1,8.5,5.9,9.2,6.5,83.5
1559,B,1,1,8.3,6.8,4.7,7.1,78.2
1559,C,0,0,3.4,8.3,5.6,7.0,40.5
1559,D,1,1,7.7,8.1,8.1,8.4,87.2
1560,A,1,0,5.2,1,9.6,6.5,53.8
1560,B,1,1,8.0,6.2,7.1,6.2,79.2
1560,C,1,1,7.1,6.6,7.0,6.4,78.5
1560,D,1,0,5.3,7.7,5.4,6.2,57.7
1561,A,0,1,7.7,4.5,7.4,6.5,60.2
1561,B,1,1,5.7,8.0,4.5,4.5,71.2
1561,C,0,1,5.7,7.0,7.7,5.7,60.2
1561,D,1,1,5.8,8.6,5.8,7.6,79.7
1562,A,0,1,5.3,5.8,6.7,4.8,54.3
1562,B,1,0,7.6,6.0,8.5,4.8,61.5
1562,C,0,1,3.8,6.9,4.6,2.0,45.5
1562,D,0,1,8.2,9.4,6.2,6.1,66.5
1563,A,0,0,8.1,3.2,6.4,6.0,39.5
1563,B,1,1,6.0,3.7,7.6,8.0,75.5
1563,C,1,0,6.9,8.5,6.5,2.8,57.8
1563,D,1,1,7.8,7.3,5.7,6.8,79.3
1564,A,1,1,6.3,4.8,5.9,6.6,72.7
1564,B,1,1,6.2,7.0,6.2,5.8,75.3
1564,C,0,0,3.9,10,6.6,4.4,41.5
1564,D,1,1,6.8,9.6,7.3,6.3,83.3
1565,A,1,0,6.5,5.4,6.3,6.6,58.0
1565,B,1,1,6.0,7.6,6.6,6.6,78.0
1565,C,0,0,6.5,7.7,3.9,3.6,36.2
1565,D,1,1,8.2,7.5,7.2,9.6,87.5
1566,A,0,0,4.8,3.8,6.9,5.3,34.7
1566,B,1,0,6.5,7.2,8.3,6.8,64.7
1566,C,0,1,2.8,8.3,8.6,5.9,59.3
1566,D,0,1,5.0,8.1,8.0,5.8,61.5
1567,A,1,0,6.5,4.4,6.3,4.8,53.3
1567,B,1,1,7.6,5.5,6.7,5.1,74.8
1567,C,1,1,6.6,6.9,6.6,5.0,75.2
1567,D,1,1,7.1,9.5,7.3,3.8,79.5
1568,A,0,1,7.7,3.7,7.5,9.1,63.3
1568,B,0,1,3.2,6.3,7.6,6.9,56.7
1568,C,1,0,4.1,7.4,3.5,6.1,51.8
1568,D,1,1,5.3,8.4,6.5,7.4,79.3
1569,A,0,1,7.5,4.2,8.0,5.8,59.2
1569,B,1,0,4.7,8.2,7.0,7.7,62.7
1569,C,1,0,5.4,7.8,6.5,2.0,52.8
1569,D,1,0,7.2,7.4,6.2,7.2,63.3
1570,A,0,0,6.6,4.4,5.6,6.5,38.5
1570,B,0,0,5.1,7.8,8.5,7.0,47.3
1570,C,0,0,4.2,6.0,6.1,5.3,36.0
1570,D,0,1,8.7,7.6,5.8,7.5,66.0
1571,A,0,1,7.9,4.6,7.4,7.4,62.2
1571,B,1,0,7.9,6.7,7.9,4.3,61.3
1571,C,1,0,4.7,6.9,7.9,6.7,60.3
1571,D,0,1,9.3,8.0,7.1,5.4,66.3
1572,A,0,0,5.5,5.5,8.1,6.7,43.0
1572,B,1,1,7.1,7.1,7.8,8.1,83.5
1572,C,0,0,3.7,7.2,4.8,7.1,38.0
1572,D,1,1,6.0,6.6,7.7,7.4,79.5
1573,A,1,0,4.9,3.3,7.0,4.4,49.3
1573,B,1,0,6.8,7.7,7.7,7.0,65.3
1573,C,1,1,5.7,8.5,5.5,4.9,74.3
1573,D,1,1,6.6,6.3,7.0,5.7,76.0
1574,A,1,0,7.0,5.5,6.6,4.5,56.0
1574,B,1,1,3.2,8.4,6.5,5.3,72.3
1574,C,1,0,4.3,6.9,5.8,4.3,52.2
1574,D,1,1,6.6,8.3,7.0,5.9,79.7
1575,A,1,0,5.1,2.7,10,5.9,56.2
1575,B,0,0,7.8,6.4,8.0,6.6,48.0
1575,C,0,1,4.5,8.9,6.5,4.4,57.2
1575,D,1,0,9.1,6.8,6.4,6.2,64.2
1576,A,1,1,6.3,1.4,7.5,8.8,73.3
1576,B,0,0,6.7,7.8,8.2,5.1,46.3
1576,C,0,0,3.3,7.9,7.3,5.1,39.3
1576,D,0,1,8.5,7.3,9.6,7.7,71.8
1577,A,0,1,5.6,6.3,5.2,6.4,55.8
1577,B,1,1,7.8,6.5,9.9,7.5,86.2
1577,C,1,0,3.4,7.0,7.5,7.7,59.3
1577,D,0,0,10.0,8.3,7.3,6.9,54.2
1578,A,1,0,7.2,6.4,6.1,5.6,58.8
1578,B,1,0,7.0,9.3,4.5,5.8,61.0
1578,C,0,1,3.6,8.0,5.4,6.5,55.8
1578,D,1,0,8.7,7.0,6.8,9.5,70.0
1579,A,0,0,7.4,4.3,6.7,4.2,37.7
1579,B,0,1,4.1,9.0,6.5,5.0,57.7
1579,C,1,1,4.2,6.3,4.5,4.4,65.7
1579,D,0,1,4.3,8.1,6.9,7.7,61.7
1580,A,1,0,6.5,5.0,7.5,7.0,60.0
1580,B,0,0,6.0,6.9,8.2,6.9,46.7
1580,C,0,0,3.2,7.8,5.9,5.0,36.5
1580,D,0,0,7.4,6.6,4.7,7.2,43.2
1581,A,0,1,6.8,3.6,5.5,5.4,52.2
1581,B,1,1,8.8,9.2,7.0,5.9,84.8
1581,C,0,0,4.5,9.1,5.8,5.6,41.7
1581,D,1,0,6.9,10,9.3,5.3,69.2
1582,A,0,1,6.0,5.9,5.5,6.6,56.7
1582,B,1,1,7.5,9.6,5.7,7.0,83.0
1582,C,1,0,6.0,7.3,7.7,5.2,60.3
1582,D,0,1,10,8.1,6.4,5.7,67.0
1583,A,1,0,6.5,4.0,8.0,5.1,56.0
1583,B,1,1,8.0,9.0,7.1,7.0,85.2
1583,C,0,1,4.2,9.0,5.9,5.5,57.7
1583,D,1,0,7.9,7.1,4.9,6.6,60.8
1584,A,1,0,5.3,3.8,7.7,7.3,56.8
1584,B,0,0,8.0,7.5,6.3,5.5,45.5
1584,C,1,1,5.5,6.8,7.7,5.3,75.5
1584,D,1,1,6.7,8.9,7.1,7.4,83.5
1585,A,1,1,8.1,3.1,7.0,5.5,72.8
1585,B,1,1,8.2,5.8,5.6,7.2,78.0
1585,C,0,1,4.9,7.0,6.6,3.7,53.7
1585,D,0,1,8.0,8.8,7.0,5.2,65.0
1586,A,1,0,6.9,5.1,5.6,6.5,56.8
1586,B,1,0,7.9,6.6,7.4,5.9,63.0
1586,C,1,0,7.0,5.8,6.1,3.5,54.0
1586,D,1,1,6.4,6.8,7.7,5.5,77.3
1587,A,0,1,5.7,4.8,6.2,6.0,54.5
1587,B,1,0,6.8,7.7,6.7,8.9,66.8
1587,C,1,0,1.7,7.7,7.1,6.3,54.7
1587,D,1,0,8.2,9.4,6.9,6.6,68.5
1588,A,0,1,4.4,3.3,5.2,5.9,48.0
1588,B,0,0,7.9,8.8,6.0,6.0,47.8
1588,C,0,0,4.5,8.5,6.4,5.1,40.8
1588,D,1,1,9.1,8.4,5.9,6.7,83.5
1589,A,0,1,6.4,7.2,6.2,4.8,57.7
1589,B,1,1,6.4,7.7,5.3,5.7,75.2
1589,C,1,1,3.6,8.3,6.8,4.0,71.2
1589,D,1,1,7.4,9.0,6.6,6.1,81.8
1590,A,1,0,8.5,3.2,7.2,6.8,59.5
1590,B,1,0,7.0,7.1,5.8,7.0,61.5
1590,C,1,0,4.8,8.5,7.6,3.5,57.3
1590,D,1,1,8.0,7.9,4.4,6.3,77.7
1591,A,1,1,5.3,3.1,8.2,5.8,70.7
1591,B,1,1,7.0,7.9,7.2,7.1,82.0
1591,C,0,0,4.6,9.0,6.5,3.7,39.7
1591,D,1,1,8.5,7.6,6.2,7.2,82.5
1592,A,1,0,8.8,2.5,6.1,6.0,55.7
1592,B,0,0,8.1,6.7,7.9,6.3,48.3
1592,C,0,1,4.6,7.8,4.4,4.9,52.8
1592,D,1,1,7.1,9.1,7.5,5.2,81.5
1593,A,1,1,4.4,4.6,7.1,7.3,72.3
1593,B,1,1,5.7,5.9,9.1,5.7,77.3
1593,C,0,0,6.1,8.1,6.0,5.6,43.0
1593,D,0,1,6.8,3.9,9.2,7.6,62.5
1594,A,1,1,7.6,6.6,7.5,6.5,80.3
1594,B,0,1,7.1,6.6,5.5,4.3,55.8
1594,C,1,0,7.0,9.0,7.5,5.5,65.0
1594,D,0,1,6.6,9.4,5.9,8.1,66.7
1595,A,0,0,4.4,5.9,6.2,7.1,39.3
1595,B,0,0,7.6,5.8,7.8,5.4,44.3
1595,C,0,0,3.6,7.6,5.6,4.8,36.0
1595,D,1,0,6.7,7.2,7.0,7.3,63.7
1596,A,1,1,5.9,3.7,7.5,3.5,67.7
1596,B,0,0,6.3,9.4,7.8,9.0,54.2
1596,C,0,0,4.1,7.4,4.2,4.9,34.3
1596,D,0,0,7.6,9.2,5.5,6.1,47.3
1597,A,0,0,3.8,4.3,8.3,6.9,38.8
1597,B,1,1,7.8,6.1,4.2,5.1,72.0
1597,C,1,1,4.1,9.6,5.8,4.1,72.7
1597,D,1,1,6.5,5.4,6.2,7.9,76.7
1598,A,0,0,6.4,5.2,7.9,9.2,47.8
1598,B,1,0,7.7,7.3,5.9,6.5,62.3
1598,C,0,0,4.7,6.9,9.0,5.1,42.8
1598,D,0,1,9.2,8.3,7.5,5.9,68.2
1599,A,1,1,7.4,2.9,8.5,7.3,76.8
1599,B,1,0,7.5,10,6.8,7.6,69.8
1599,C,1,0,4.5,7.5,6.0,3.2,52.0
1599,D,1,0,7.1,8.8,7.4,5.0,63.8
1600,A,1,0,7.7,3.8,5.9,6.3,56.2
1600,B,1,1,7.0,7.4,5.2,5.1,74.5
1600,C,0,0,4.2,6.0,9.8,4.1,40.2
1600,D,0,0,5.8,6.9,5.8,8.6,45.2
1601,A,0,0,6.9,4.0,9.4,6.1,44.0
1601,B,1,1,7.2,5.6,6.6,4.2,72.7
1601,C,1,0,2.8,5.5,6.8,4.6,49.5
1601,D,1,0,5.4,9.0,6.3,4.5,58.7
1602,A,1,0,6.5,6.0,7.8,4.6,58.2
1602,B,1,1,7.6,8.1,7.0,5.3,80.0
1602,C,1,0,5.6,9.6,5.9,3.9,58.3
1602,D,1,0,5.9,5.0,4.7,6.7,53.8
1603,A,0,0,8.0,4.8,8.2,5.7,44.5
1603,B,1,0,6.3,8.1,7.1,6.2,62.8
1603,C,1,1,6.2,8.9,6.5,6.5,80.2
1603,D,0,0,7.5,7.4,7.8,8.0,51.2
1604,A,0,0,7.7,4.8,8.1,3.8,40.7
1604,B,1,1,5.2,8.8,5.9,7.1,78.3
1604,C,1,0,2.0,7.8,6.3,6.1,53.7
1604,D,1,1,6.2,6.8,3.6,5.5,70.2
1605,A,0,0,6.9,4.1,6.0,6.5,39.2
1605,B,1,1,6.9,5.8,6.7,4.5,73.2
1605,C,0,0,1.0,8.3,4.8,5.9,33.3
1605,D,1,1,9.3,9.6,8.2,8.8,93.2
1606,A,0,1,6.5,4.7,6.7,6.2,56.8
1606,B,1,1,6.8,6.3,6.7,5.4,75.3
1606,C,1,0,4.5,5.5,6.7,5.6,53.8
1606,D,1,0,6.6,8.1,7.3,2.8,58.0
1607,A,0,1,5.2,5.4,7.6,5.5,56.2
1607,B,1,0,5.7,9.7,8.1,6.0,65.8
1607,C,1,0,3.9,8.9,6.8,6.0,59.3
1607,D,1,0,6.6,8.8,6.3,6.8,64.2
1608,A,0,0,7.1,3.5,6.6,6.3,39.2
1608,B,1,0,8.7,8.8,6.6,7.3,69.0
1608,C,1,0,4.9,6.6,9.4,7.3,63.7
1608,D,1,1,7.0,6.8,7.4,8.1,82.2
1609,A,0,1,5.8,4.7,8.3,6.6,59.0
1609,B,0,1,5.0,6.4,6.6,5.5,55.8
1609,C,0,0,4.6,5.1,7.5,5.5,37.8
1609,D,1,1,7.1,6.8,9.3,6.1,82.2
1610,A,0,0,6.6,6.2,8.0,7.3,46.8
1610,B,0,0,5.5,6.5,6.6,5.5,40.2
1610,C,1,1,2.1,8.4,9.4,6.3,77.0
1610,D,1,1,7.6,8.2,6.0,6.0,79.7
1611,A,1,0,10,3.0,6.8,7.1,61.5
1611,B,1,1,5.7,4.7,6.4,3.8,67.7
1611,C,0,0,4.5,6.9,7.7,3.7,38.0
1611,D,1,0,8.0,8.7,5.0,6.3,63.3
1612,A,0,1,7.3,5.6,5.7,4.6,55.3
1612,B,0,1,5.9,7.4,7.8,3.1,57.0
1612,C,0,0,4.7,10,7.2,4.5,44.0
1612,D,1,0,7.6,6.5,6.2,5.1,59.0
1613,A,0,0,6.3,6.2,5.5,4.1,36.8
1613,B,0,1,6.1,5.2,8.0,6.8,60.2
1613,C,1,0,5.1,8.8,6.7,5.1,59.5
1613,D,1,1,8.6,8.3,4.7,6.0,79.3
1614,A,1,1,5.5,5.9,7.8,5.6,74.7
1614,B,1,0,5.6,8.2,6.1,6.5,60.7
1614,C,1,0,5.1,9.9,5.1,5.2,58.8
1614,D,0,1,7.7,8.5,5.7,4.9,61.3
1615,A,1,0,6.3,3.3,8.7,4.1,54.0
1615,B,0,1,7.2,6.1,8.8,5.2,62.2
1615,C,0,1,2.8,8.1,8.9,5.1,58.2
1615,D,1,0,8.5,8.3,7.5,5.7,66.7
1616,A,1,0,6.2,6.5,7.6,5.9,60.3
1616,B,1,1,7.9,3.3,6.3,4.9,70.7
1616,C,1,0,3.5,6.4,5.1,3.3,47.2
1616,D,1,0,7.5,6.9,5.2,9.0,64.3
1617,A,1,0,8.7,5.5,4.9,5.6,57.8
1617,B,1,1,7.0,7.6,6.1,7.1,79.7
1617,C,1,0,4.6,7.4,5.5,6.3,56.3
1617,D,1,1,6.9,6.0,5.0,6.2,73.5
1618,A,0,0,6.8,4.2,6.5,5.9,39.0
1618,B,0,1,8.6,7.0,5.9,4.8,60.5
1618,C,1,0,2.5,6.0,4.0,6.4,48.2
1618,D,1,1,6.7,7.3,7.6,5.5,78.5
1619,A,1,0,9.1,3.6,8.8,6.5,63.3
1619,B,1,1,7.1,5.7,8.9,6.9,81.0
1619,C,0,0,5.2,8.5,5.3,6.1,41.8
1619,D,1,1,8.4,6.0,6.1,5.5,76.7
1620,A,1,0,6.3,5.3,5.4,6.4,55.7
1620,B,1,1,10,8.8,9.2,5.9,89.8
1620,C,0,0,4.6,8.1,7.8,7.7,47.0
1620,D,1,0,6.0,10,7.6,7.7,68.8
1621,A,1,0,6.3,2.9,7.7,5.3,53.7
1621,B,1,1,7.0,6.7,7.0,4.3,75.0
1621,C,0,1,4.9,8.6,5.8,3.9,55.3
1621,D,1,1,5.4,8.1,7.2,9.3,83.3
1622,A,1,1,6.0,4.4,6.1,9.7,77.0
1622,B,1,1,8.3,7.3,6.5,5.8,79.8
1622,C,0,0,5.0,8.3,6.3,5.0,41.0
1622,D,1,0,5.8,8.9,7.2,6.1,63.3
1623,A,1,0,7.5,6.3,8.7,6.0,64.2
1623,B,0,1,7.0,8.3,7.2,6.2,64.5
1623,C,1,0,5.5,7.6,6.5,5.0,57.7
1623,D,1,1,6.0,5.7,3.3,5.7,67.8
1624,A,0,0,4.9,5.4,6.4,7.3,40.0
1624,B,1,0,6.1,7.9,7.2,4.9,60.2
1624,C,1,0,6.1,7.5,7.3,5.2,60.2
1624,D,1,0,6.0,5.8,8.9,6.2,61.5
1625,A,0,0,6.6,4.8,6.4,5.7,39.2
1625,B,1,1,8.2,6.7,4.8,8.3,80.0
1625,C,1,0,3.1,8.1,8.6,2.3,53.5
1625,D,1,1,7.0,7.7,6.4,6.8,79.8
1626,A,0,0,6.7,2.8,7.5,7.1,40.2
1626,B,1,1,4.9,7.1,10,5.1,78.5
1626,C,1,1,3.9,7.9,3.7,6.6,70.2
1626,D,1,0,9.0,7.1,6.9,6.4,65.7
1627,A,1,0,5.2,4.8,5.2,4.9,50.2
1627,B,1,1,7.6,9.6,5.5,4.9,79.3
1627,C,0,0,3.0,8.5,6.2,6.5,40.3
1627,D,1,1,6.9,6.7,6.4,7.1,78.5
1628,A,1,0,7.8,5.6,6.6,7.0,61.7
1628,B,0,1,6.9,6.0,7.0,7.7,62.7
1628,C,1,0,6.5,7.7,4.8,4.4,55.7
1628,D,1,1,8.1,7.9,8.0,7.5,85.8
1629,A,1,0,5.9,2.0,7.1,5.5,50.8
1629,B,1,0,7.8,5.3,6.8,5.3,58.7
1629,C,1,1,4.5,10.0,4.3,4.8,72.7
1629,D,1,1,8.5,8.8,7.3,6.5,85.2
1630,A,0,0,6.2,6.0,5.8,6.2,40.3
1630,B,1,0,6.9,9.9,8.5,7.6,71.5
1630,C,0,1,4.8,5.8,5.4,4.8,51.3
1630,D,1,0,7.9,7.3,5.6,7.9,64.5
1631,A,0,0,6.1,3.1,8.2,5.2,37.7
1631,B,1,0,7.0,6.5,8.0,5.2,61.2
1631,C,0,1,5.2,8.1,4.5,4.7,54.2
1631,D,0,0,9.0,6.4,5.1,4.7,42.0
1632,A,0,1,5.0,4.7,4.8,5.2,49.5
1632,B,1,1,6.5,8.0,7.0,7.4,81.5
1632,C,0,0,5.3,6.6,8.8,3.8,40.8
1632,D,0,0,8.2,8.6,6.5,5.4,47.8
1633,A,0,0,6.8,1.6,8.1,8.1,41.0
1633,B,0,1,7.5,5.5,4.1,4.6,52.8
1633,C,1,0,2.2,7.7,5.8,6.0,52.8
1633,D,0,0,6.7,7.9,6.1,6.6,45.5
1634,A,1,1,5.6,4.3,7.1,6.8,73.0
1634,B,1,1,7.4,8.0,6.2,7.3,81.5
1634,C,1,0,4.1,7.8,5.5,5.1,54.2
1634,D,0,0,7.1,6.2,7.2,6.1,44.3
1635,A,1,0,4.2,4.0,6.5,5.6,50.5
1635,B,1,1,6.2,5.6,7.1,9.1,80.0
1635,C,1,0,4.8,5.9,5.3,5.7,52.8
1635,D,1,1,5.5,8.7,7.9,5.7,79.7
1636,A,0,0,5.9,4.3,5.9,2.1,30.3
1636,B,0,1,7.2,6.7,7.2,7.4,64.2
1636,C,0,0,4.9,7.8,6.2,5.5,40.7
1636,D,1,1,7.9,6.0,10,7.0,84.8
1637,A,0,1,9.7,3.6,7.2,4.8,58.8
1637,B,1,1,6.5,7.1,6.7,5.8,76.8
1637,C,1,0,5.1,6.6,7.1,6.6,59.0
1637,D,1,1,6.9,8.1,7.5,6.7,82.0
1638,A,1,0,8.0,5.3,9.1,8.4,68.0
1638,B,1,1,6.4,7.2,7.3,6.8,79.5
1638,C,0,0,4.9,8.8,7.6,4.9,43.7
1638,D,1,0,8.6,8.0,7.0,7.2,68.0
1639,A,1,1,6.2,4.8,8.2,7.3,77.5
1639,B,1,1,6.9,5.9,7.3,7.3,79.0
1639,C,1,0,7.3,7.7,5.9,5.5,60.7
1639,D,1,0,6.5,7.0,4.8,6.2,57.5
1640,A,1,1,6.2,4.9,9.5,3.2,73.0
1640,B,1,0,6.6,7.9,6.9,6.4,63.0
1640,C,0,0,6.3,8.6,6.4,6.4,46.2
1640,D,0,0,8.4,7.6,6.5,6.7,48.7
1641,A,1,0,5.6,4.1,4.0,6.1,49.7
1641,B,1,1,6.9,9.0,7.9,7.6,85.7
1641,C,0,0,5.0,7.7,5.9,5.0,39.3
1641,D,0,1,7.1,8.8,8.1,8.6,71.0
1642,A,1,1,5.8,4.3,8.9,5.4,74.0
1642,B,0,0,6.3,7.0,5.6,5.3,40.3
1642,C,0,0,4.2,7.2,6.0,5.2,37.7
1642,D,1,0,8.1,6.8,7.1,7.1,65.2
1643,A,0,1,5.8,5.5,8.9,7.3,62.5
1643,B,0,1,7.0,6.1,5.5,6.0,57.7
1643,C,0,0,4.0,7.4,4.5,3.1,31.7
1643,D,0,0,7.3,7.3,4.9,6.5,43.3
1644,A,1,0,5.1,2.8,7.9,4.5,50.5
1644,B,1,1,9.9,8.1,7.0,7.3,87.2
1644,C,0,0,3.1,7.7,7.2,4.0,36.7
1644,D,1,0,5.4,9.7,5.9,5.7,61.2
1645,A,1,0,7.1,3.3,6.4,4.8,52.7
1645,B,1,0,5.4,6.0,6.8,4.9,55.2
1645,C,0,0,5.8,6.6,6.1,5.6,40.2
1645,D,1,0,6.8,6.1,6.3,6.7,59.8
1646,A,0,0,5.1,3.7,7.1,5.0,34.8
1646,B,1,1,4.9,8.6,8.5,7.2,82.0
1646,C,0,0,6.0,8.1,6.1,4.9,41.8
1646,D,1,1,6.9,9.3,8.0,7.5,86.2
1647,A,0,0,6.1,3.4,7.4,6.6,39.2
1647,B,0,1,7.8,8.7,7.8,7.4,69.5
1647,C,1,0,4.8,8.3,7.9,3.4,57.3
1647,D,0,1,8.0,9.3,7.5,6.6,69.0
1648,A,1,0,7.3,4.0,6.5,6.8,57.7
1648,B,0,1,6.8,6.5,7.3,6.8,62.3
1648,C,0,0,4.5,8.6,5.7,5.1,39.8
1648,D,1,0,6.0,8.2,6.2,6.9,62.2
1649,A,1,0,7.2,2.1,7.6,3.2,50.2
1649,B,1,0,5.1,6.6,7.1,7.6,60.7
1649,C,0,0,4.1,6.3,4.2,4.0,31.0
1649,D,1,0,8.4,6.3,7.5,8.3,67.5
1650,A,1,0,6.2,5.4,6.0,4.7,53.8
1650,B,1,0,7.6,7.6,3.9,5.7,58.0
1650,C,0,1,4.8,5.6,6.0,4.1,50.8
1650,D,1,0,8.7,7.3,8.1,4.5,64.3
1651,A,1,0,7.2,7.3,4.0,7.6,60.2
1651,B,1,0,7.7,7.0,8.4,5.9,65.0
1651,C,0,0,5.5,8.9,6.4,6.0,44.7
1651,D,0,0,8.9,8.8,7.2,8.9,56.3
1652,A,1,0,5.2,5.3,8.5,6.1,58.5
1652,B,1,1,7.8,6.7,6.8,7.1,80.7
1652,C,0,0,5.5,7.9,6.0,5.6,41.7
1652,D,1,0,7.5,7.9,7.8,6.1,65.5
1653,A,1,1,6.5,5.8,7.2,5.1,74.3
1653,B,0,1,5.2,7.2,5.8,5.4,56.0
1653,C,0,0,3.4,8.1,7.6,5.3,40.7
1653,D,1,0,7.6,8.7,6.7,4.5,62.5
1654,A,0,0,6.0,4.1,8.6,5.0,39.5
1654,B,1,1,7.9,8.2,7.7,8.9,87.8
1654,C,1,1,4.1,10.0,2.9,4.2,68.7
1654,D,0,1,5.4,4.4,7.3,6.8,56.5
1655,A,0,0,9.1,4.3,7.4,5.9,44.5
1655,B,1,0,8.6,8.8,6.8,4.6,64.7
1655,C,1,1,5.9,9.5,6.7,6.9,81.7
1655,D,0,1,9.0,7.6,6.0,5.2,63.0
1656,A,0,0,6.0,5.2,5.7,4.2,35.2
1656,B,0,1,8.3,9.6,7.2,4.7,66.3
1656,C,0,0,5.4,6.6,6.1,4.4,37.5
1656,D,1,1,8.2,8.6,7.3,5.0,81.8
1657,A,0,1,5.9,3.7,6.3,6.4,53.8
1657,B,1,1,4.1,7.6,6.9,5.8,74.0
1657,C,1,0,5.8,8.1,6.2,2.8,54.8
1657,D,0,0,4.5,8.0,6.8,6.9,43.7
1658,A,1,0,5.6,4.2,6.9,6.0,54.5
1658,B,1,0,5.9,10,8.0,6.2,66.8
1658,C,1,0,4.4,7.5,5.8,3.2,51.5
1658,D,1,1,6.5,8.2,6.7,6.8,80.3
1659,A,1,0,7.1,5.0,6.8,5.8,57.8
1659,B,1,1,6.0,7.0,5.2,4.2,70.7
1659,C,1,0,4.1,8.1,3.7,5.6,52.5
1659,D,1,1,6.1,7.6,6.8,3.3,73.0
1660,A,0,0,4.9,5.7,7.0,6.5,40.2
1660,B,1,1,5.4,7.9,8.2,4.0,75.8
1660,C,0,1,6.0,5.5,8.7,7.0,62.0
1660,D,1,0,8.3,6.1,4.9,8.1,62.3
1661,A,0,0,7.7,3.8,8.0,7.0,44.2
1661,B,0,1,8.3,9.2,7.2,7.4,70.2
1661,C,0,0,7.4,8.0,5.5,6.8,46.2
1661,D,1,1,7.6,7.8,5.8,9.4,84.3
1662,A,1,0,6.8,3.9,8.7,4.1,55.8
1662,B,1,1,6.3,7.6,6.2,8.2,80.5
1662,C,1,1,5.3,6.9,5.9,5.0,71.8
1662,D,1,0,8.9,9.0,6.9,5.8,67.7
1663,A,0,1,7.3,5.1,8.2,7.0,62.7
1663,B,1,0,8.5,7.4,8.7,5.4,66.7
1663,C,0,1,4.3,9.4,7.5,4.8,60.0
1663,D,1,1,8.2,5.2,9.1,6.6,81.8
1664,A,1,0,7.1,3.1,7.6,3.8,52.7
1664,B,0,0,8.0,6.3,6.9,8.0,48.7
1664,C,0,0,3.3,10,5.2,5.2,39.5
1664,D,1,1,6.7,10,6.7,8.3,86.2
1665,A,1,1,5.9,4.9,7.4,8.0,77.0
1665,B,0,0,10,6.6,8.8,6.8,53.7
1665,C,0,0,4.7,9.6,4.6,6.5,42.3
1665,D,0,1,5.9,9.2,6.7,7.5,65.5
1666,A,1,1,5.2,5.8,6.6,6.0,72.7
1666,B,1,1,5.7,6.1,9.0,5.6,77.3
1666,C,1,0,3.7,6.4,7.2,4.4,52.8
1666,D,0,1,9.0,9.6,6.5,7.5,71.0
1667,A,1,0,7.6,3.8,7.2,2.7,52.2
1667,B,1,0,5.1,8.8,7.5,5.4,61.3
1667,C,0,0,3.8,6.4,5.0,6.0,35.3
1667,D,1,1,5.8,8.4,7.1,6.6,79.8
1668,A,1,0,7.2,4.6,7.8,5.9,59.2
1668,B,1,1,5.2,5.8,8.7,6.2,76.5
1668,C,1,0,4.2,8.1,7.1,4.6,56.7
1668,D,0,1,7.0,7.9,8.6,5.8,65.5
1669,A,1,0,5.9,3.9,6.2,4.8,51.3
1669,B,1,1,5.6,6.0,6.5,8.5,77.7
1669,C,0,1,4.2,8.2,7.2,4.1,56.2
1669,D,1,0,7.6,7.4,8.1,6.3,65.7
1670,A,0,1,6.3,4.7,7.6,7.2,59.7
1670,B,1,0,9.0,8.7,6.5,5.6,66.3
1670,C,0,0,4.0,6.7,7.6,4.1,37.3
1670,D,1,1,8.0,5.1,7.0,10.0,83.5
1671,A,1,1,8.5,2.8,6.8,6.6,74.5
1671,B,1,1,4.7,10.0,7.2,5.7,79.3
1671,C,0,0,5.5,7.1,4.0,4.6,35.3
1671,D,1,1,6.6,8.7,5.8,6.8,79.8
1672,A,0,1,6.3,2.2,4.7,4.6,46.3
1672,B,0,0,7.3,5.0,6.8,5.1,40.3
1672,C,1,0,4.9,7.4,5.1,4.5,53.2
1672,D,1,0,7.7,8.2,6.1,6.1,63.5
1673,A,1,0,8.6,6.9,7.8,4.8,63.5
1673,B,1,1,6.6,6.6,10,5.1,80.5
1673,C,0,0,4.4,6.4,9.0,3.7,39.2
1673,D,1,0,6.3,7.3,5.0,6.1,57.8
1674,A,0,1,3.4,6.5,7.9,5.1,54.8
1674,B,1,1,7.8,7.4,8.1,9.3,87.7
1674,C,0,0,3.0,7.8,8.4,4.8,40.0
1674,D,1,1,6.0,6.0,7.2,5.7,74.8
1675,A,1,1,5.8,6.3,10,7.3,82.3
1675,B,1,1,6.3,8.0,5.8,5.4,75.8
1675,C,1,0,4.5,9.7,6.8,6.5,62.5
1675,D,1,1,8.6,9.4,7.9,5.7,86.0
1676,A,0,1,6.9,5.0,6.8,5.4,56.8
1676,B,1,1,6.4,7.7,7.2,5.0,77.2
1676,C,0,0,4.4,7.9,7.3,4.9,40.8
1676,D,1,1,6.1,6.5,7.2,7.8,79.3
1677,A,0,1,6.7,3.9,6.4,5.3,53.8
1677,B,0,0,5.0,7.8,7.7,7.6,46.8
1677,C,1,1,4.5,7.9,6.9,4.1,72.3
1677,D,1,1,7.5,8.0,4.6,6.7,78.0
1678,A,1,0,5.6,6.3,8.0,6.4,60.5
1678,B,1,1,8.0,8.9,5.5,6.8,82.0
1678,C,0,1,4.5,7.3,6.3,4.6,54.5
1678,D,1,1,8.8,8.3,8.2,5.8,85.2
1679,A,1,0,7.2,3.2,8.6,7.7,61.2
1679,B,0,1,7.2,9.9,6.4,8.8,70.5
1679,C,0,0,3.2,8.8,5.3,3.3,34.3
1679,D,0,1,6.5,6.6,6.8,5.8,59.5
1680,A,1,0,6.5,3.8,7.4,7.0,57.8
1680,B,1,1,8.0,7.5,6.4,5.6,79.2
1680,C,0,0,6.2,8.4,6.0,4.2,41.3
1680,D,1,0,8.6,7.1,8.6,7.4,69.5
1681,A,1,0,8.3,5.6,6.5,5.6,60.0
1681,B,1,1,8.4,6.7,7.6,5.5,80.3
1681,C,0,1,4.8,6.8,6.5,6.6,57.8
1681,D,1,0,5.6,8.3,9.2,6.6,66.2
1682,A,0,0,5.9,5.5,10,6.9,47.2
1682,B,0,0,5.8,7.1,6.7,5.9,42.5
1682,C,0,0,4.7,7.7,5.3,2.4,33.5
1682,D,1,0,9.5,8.1,7.2,6.6,69.0
1683,A,1,0,6.2,4.8,6.7,6.9,57.7
1683,B,1,0,7.8,6.8,6.8,6.2,62.7
1683,C,0,1,4.4,8.2,5.4,4.0,53.3
1683,D,1,0,6.9,5.9,5.3,5.4,55.8
1684,A,1,1,4.3,4.6,7.4,5.3,69.3
1684,B,1,1,7.6,6.4,7.8,6.0,79.7
1684,C,1,0,5.1,8.9,5.0,3.4,54.0
1684,D,1,1,6.4,8.0,5.8,6.4,77.7
1685,A,1,0,9.9,5.5,5.2,6.1,61.2
1685,B,0,1,4.3,5.9,5.7,8.0,56.5
1685,C,1,1,2.8,5.5,4.9,4.8,63.3
1685,D,0,1,7.8,8.3,6.6,6.6,65.5
1686,A,0,1,8.2,3.6,7.9,6.5,60.3
1686,B,1,0,5.8,6.6,5.5,6.2,56.8
1686,C,1,1,3.9,9.8,6.8,5.2,76.2
1686,D,0,0,9.6,8.4,7.6,6.8,54.0
1687,A,1,0,8.1,2.4,6.6,6.7,56.3
1687,B,0,0,8.1,7.4,8.4,6.2,50.2
1687,C,0,0,3.9,7.8,6.8,5.1,39.3
1687,D,1,1,5.7,8.6,7.1,7.6,81.7
1688,A,0,0,7.5,5.3,8.7,5.7,45.3
1688,B,0,0,5.4,10,7.7,3.3,44.0
1688,C,1,1,3.6,7.7,6.6,2.4,67.2
1688,D,1,1,8.1,8.3,7.8,4.7,81.5
1689,A,1,1,5.9,4.5,7.3,5.2,71.5
1689,B,0,1,2.6,6.0,5.3,4.3,47.0
1689,C,1,0,3.2,6.9,6.6,6.5,55.3
1689,D,1,0,7.5,6.5,9.1,4.9,63.3
1690,A,1,0,5.6,4.8,7.6,6.4,57.3
1690,B,1,0,6.6,6.0,6.3,5.1,56.7
1690,C,1,0,3.1,6.3,5.6,5.5,50.8
1690,D,1,1,8.3,7.0,6.6,6.4,80.5
1691,A,1,0,7.3,4.6,7.9,6.2,60.0
1691,B,0,1,4.8,9.0,5.6,6.2,59.3
1691,C,0,0,4.7,7.9,8.2,8.9,49.5
1691,D,0,1,8.6,9.7,7.5,6.9,71.2
1692,A,1,0,5.6,4.8,6.0,5.1,52.5
1692,B,1,0,7.4,6.0,7.4,5.7,60.8
1692,C,0,1,3.9,9.4,8.5,6.8,64.3
1692,D,1,0,8.3,7.4,5.4,7.3,64.0
1693,A,1,0,7.2,3.6,6.8,6.3,56.5
1693,B,1,0,7.1,9.1,7.5,7.9,69.3
1693,C,1,0,5.6,10,9.1,5.2,66.5
1693,D,0,1,5.2,4.2,7.5,6.6,55.8
1694,A,1,1,5.4,3.1,6.4,5.7,67.7
1694,B,1,1,6.2,5.3,6.1,6.5,73.5
1694,C,1,0,7.0,7.3,6.1,4.6,58.3
1694,D,1,1,8.9,5.1,8.0,5.6,79.3
1695,A,0,0,7.7,2.2,7.7,3.4,35.0
1695,B,0,0,7.2,7.1,9.8,6.5,51.0
1695,C,1,1,5.2,8.3,6.3,7.8,79.3
1695,D,0,1,7.4,7.4,6.6,5.8,62.0
1696,A,0,1,7.8,2.8,8.6,5.1,57.2
1696,B,1,0,6.5,6.8,4.8,4.9,55.0
1696,C,0,1,3.1,8.1,8.5,6.7,60.7
1696,D,1,0,6.4,6.5,7.6,6.3,61.3
1697,A,1,0,8.4,3.8,6.8,5.4,57.3
1697,B,1,0,6.1,7.7,9.0,7.6,67.3
1697,C,0,0,6.4,7.8,6.5,6.6,45.5
1697,D,1,1,6.3,8.5,7.7,4.1,77.7
1698,A,1,1,6.9,6.4,10,4.5,79.7
1698,B,1,1,10,7.3,6.2,7.5,85.0
1698,C,0,0,4.1,6.3,5.1,4.6,33.5
1698,D,1,0,7.3,8.9,6.3,5.8,63.8
1699,A,0,0,8.2,4.1,7.5,5.5,42.2
1699,B,1,1,4.6,5.3,7.5,7.0,74.0
1699,C,0,0,5.5,7.7,5.6,4.9,39.5
1699,D,1,1,7.2,7.2,7.9,6.0,80.5
1700,A,0,0,5.8,4.0,7.6,5.0,37.3
1700,B,1,1,7.8,6.5,6.0,7.0,78.8
1700,C,1,0,6.9,9.3,5.3,3.3,58.0
1700,D,1,1,6.6,6.9,8.6,8.1,83.7
1701,A,0,0,3.5,4.5,9.1,6.4,39.2
1701,B,1,1,7.2,7.1,6.8,8.1,82.0
1701,C,1,1,3.8,7.9,7.2,7.9,78.0
1701,D,1,1,4.9,5.7,6.7,7.9,75.3
1702,A,1,0,5.5,5.0,8.1,5.9,57.5
1702,B,1,0,8.4,8.4,10,5.6,70.7
1702,C,1,0,4.6,7.2,6.6,5.9,57.2
1702,D,0,0,6.5,8.5,7.9,6.9,49.7
1703,A,1,0,6.5,5.3,7.6,6.1,59.2
1703,B,1,1,9.5,5.5,6.6,4.6,77.0
1703,C,1,0,2.7,8.3,7.8,4.6,55.7
1703,D,0,1,7.9,8.3,8.9,4.0,65.2
1704,A,0,0,5.3,3.5,6.2,7.6,37.7
1704,B,1,0,6.1,7.1,6.5,5.7,59.0
1704,C,0,0,4.9,8.4,5.9,4.5,39.5
1704,D,0,0,3.4,8.2,6.3,8.3,43.7
1705,A,1,1,7.1,1.0,8.1,5.2,69.0
1705,B,1,0,8.5,6.8,7.0,3.7,60.0
1705,C,0,0,5.0,7.5,2.4,5.7,34.3
1705,D,0,1,8.1,6.1,5.9,7.2,62.2
1706,A,0,1,6.1,4.0,7.6,4.9,54.3
1706,B,0,0,7.9,8.0,8.5,4.7,48.5
1706,C,0,0,5.9,7.0,6.3,7.9,45.2
1706,D,1,1,7.5,7.5,7.6,6.2,81.3
1707,A,1,0,6.1,4.6,7.2,7.1,58.3
1707,B,1,1,6.1,7.4,7.0,6.0,77.5
1707,C,1,0,4.5,7.2,5.2,5.4,53.8
1707,D,0,1,8.6,8.9,8.3,6.3,70.2
1708,A,1,0,4.7,2.9,6.9,6.2,51.2
1708,B,1,1,5.4,6.9,6.0,7.8,76.8
1708,C,1,1,5.5,8.1,4.7,5.3,72.7
1708,D,1,1,8.7,7.6,7.2,7.1,84.3
1709,A,0,1,4.1,4.2,8.1,3.6,50.0
1709,B,1,1,8.1,6.6,5.2,6.7,77.7
1709,C,1,1,6.3,6.9,6.3,3.3,71.3
1709,D,0,0,7.7,8.9,5.6,7.4,49.3
1710,A,1,1,5.6,2.7,7.7,6.5,70.8
1710,B,1,0,8.7,7.8,7.5,6.5,67.5
1710,C,0,0,4.5,7.7,5.9,5.8,39.8
1710,D,1,0,6.0,8.7,8.7,6.8,67.0
1711,A,1,1,6.0,5.1,8.2,6.5,76.3
1711,B,1,1,5.3,8.1,7.6,3.7,74.5
1711,C,1,0,3.2,5.9,5.2,4.7,48.3
1711,D,0,1,6.1,7.8,6.5,7.2,62.7
1712,A,0,1,6.7,3.9,7.2,4.3,53.5
1712,B,0,0,8.8,6.9,7.2,7.6,50.8
1712,C,0,0,4.3,8.4,4.1,4.3,35.2
1712,D,1,1,6.6,5.3,8.7,7.0,79.3
1713,A,0,0,7.0,3.5,10,5.5,43.3
1713,B,1,0,7.6,6.7,8.0,6.5,64.7
1713,C,1,1,6.6,8.7,6.2,4.5,76.7
1713,D,0,1,7.7,6.8,5.8,4.6,58.2
1714,A,0,0,5.9,4.7,8.2,3.3,36.8
1714,B,0,1,6.1,7.7,5.7,4.0,55.8
1714,C,0,0,4.9,6.0,5.4,4.9,35.3
1714,D,1,1,7.2,9.3,8.8,7.8,88.5
1715,A,1,0,7.7,5.6,5.0,4.9,55.3
1715,B,1,1,5.7,7.1,4.8,5.7,72.2
1715,C,1,0,4.7,6.0,6.1,4.3,51.8
1715,D,1,1,8.2,9.2,5.1,5.3,79.7
1716,A,0,0,7.1,4.4,6.8,4.4,37.8
1716,B,0,1,8.1,7.8,7.2,7.2,67.2
1716,C,1,0,3.3,5.3,3.1,4.9,44.3
1716,D,1,1,5.1,8.8,6.1,6.3,77.2
1717,A,1,0,6.5,4.6,5.7,4.2,51.7
1717,B,0,0,7.9,6.9,7.7,7.1,49.3
1717,C,1,0,5.6,7.9,4.6,3.9,53.3
1717,D,1,0,6.7,9.3,8.4,5.6,66.7
1718,A,1,1,5.9,5.5,8.8,5.5,76.2
1718,B,1,1,7.4,7.8,7.2,4.3,77.8
1718,C,1,0,6.0,8.0,6.9,4.3,58.7
1718,D,1,1,7.5,7.5,7.0,5.7,79.5
1719,A,0,0,6.8,5.1,8.0,7.0,44.8
1719,B,0,0,8.0,7.4,8.0,4.6,46.7
1719,C,1,0,4.6,6.4,7.8,4.2,55.0
1719,D,1,0,7.9,8.3,5.2,7.2,64.3
1720,A,1,1,6.0,3.5,7.8,4.5,69.7
1720,B,1,0,8.2,8.6,6.3,4.7,63.0
1720,C,1,1,4.7,7.5,5.7,5.7,72.7
1720,D,1,1,6.3,7.0,7.8,6.3,79.0
1721,A,1,1,6.2,6.0,6.6,5.6,74.0
1721,B,0,0,6.3,8.8,7.2,4.4,44.5
1721,C,1,1,3.3,6.9,6.0,6.8,71.7
1721,D,1,1,7.5,7.2,7.5,4.9,78.5
1722,A,1,0,4.2,4.4,7.1,5.0,51.2
1722,B,1,0,6.0,8.5,5.5,4.9,58.2
1722,C,1,0,1.8,8.7,6.5,5.9,54.8
1722,D,1,1,6.2,6.5,6.2,8.6,79.2
1723,A,1,0,5.2,6.4,6.9,3.4,53.2
1723,B,1,1,8.1,7.5,6.9,5.9,80.7
1723,C,1,0,5.3,6.1,6.0,6.3,56.2
1723,D,0,0,7.9,10,7.2,5.0,50.2
1724,A,1,1,5.7,5.2,7.5,5.9,73.8
1724,B,0,1,6.7,6.6,6.4,6.7,60.7
1724,C,0,0,3.8,7.1,8.5,5.3,41.2
1724,D,1,0,6.0,7.1,6.4,6.7,60.3
1725,A,1,0,5.9,4.7,8.4,6.6,59.3
1725,B,1,0,5.2,7.2,6.6,5.9,58.2
1725,C,1,0,6.9,7.8,5.9,4.9,59.2
1725,D,1,1,5.3,7.6,6.2,8.0,78.5
1726,A,1,1,6.1,2.6,7.3,8.5,74.2
1726,B,0,1,4.8,8.3,4.5,5.3,54.8
1726,C,1,0,5.1,7.5,5.4,6.0,56.7
1726,D,1,0,8.4,8.6,6.2,7.0,67.0
1727,A,1,1,6.8,4.9,5.9,5.4,71.7
1727,B,1,0,8.1,7.2,4.5,4.9,57.8
1727,C,0,1,5.8,7.4,8.4,6.1,62.8
1727,D,1,1,6.3,9.2,7.1,9.4,86.7
1728,A,0,1,5.3,2.8,5.7,4.8,47.7
1728,B,0,0,6.5,7.6,7.1,5.7,44.8
1728,C,1,0,5.2,7.8,6.3,4.9,57.0
1728,D,1,0,7.1,8.7,8.2,7.1,68.5
1729,A,0,1,7.2,6.5,5.4,6.3,59.0
1729,B,0,0,8.0,5.5,7.7,8.1,48.8
1729,C,0,0,5.5,5.5,6.1,5.0,36.8
1729,D,1,1,7.9,7.4,9.2,7.0,85.8
1730,A,0,0,6.0,5.0,6.8,6.8,41.0
1730,B,1,1,8.2,8.7,7.4,6.4,84.5
1730,C,0,0,4.9,8.7,6.3,4.3,40.3
1730,D,1,0,7.7,9.6,5.9,5.6,64.7
1731,A,1,1,5.8,5.2,6.1,7.1,73.7
1731,B,1,1,8.9,6.3,6.5,6.3,80.0
1731,C,0,0,3.7,9.9,7.0,5.4,43.3
1731,D,1,0,6.5,8.8,8.1,7.7,68.5
1732,A,1,0,8.8,6.2,7.8,7.1,66.5
1732,B,0,0,7.6,9.2,5.5,4.3,44.3
1732,C,0,0,6.7,9.7,4.8,6.4,46.0
1732,D,0,1,7.2,7.4,6.5,5.1,60.3
1733,A,1,0,7.4,3.8,4.8,5.4,52.3
1733,B,0,1,6.4,7.8,5.2,4.5,56.5
1733,C,0,1,4.8,8.1,6.9,5.2,58.3
1733,D,1,1,7.8,6.5,5.5,7.3,78.5
1734,A,1,1,5.5,3.5,8.5,6.1,72.7
1734,B,0,0,6.7,6.4,8.4,7.1,47.7
1734,C,0,1,6.4,7.0,6.2,5.1,57.8
1734,D,1,0,9.6,7.8,5.9,7.3,67.7
1735,A,1,0,8.2,4.9,6.9,6.9,61.5
1735,B,0,1,8.5,10,5.9,9.1,72.5
1735,C,0,0,4.3,7.1,7.3,2.8,35.8
1735,D,1,0,8.3,8.1,7.2,5.8,65.7
1736,A,1,1,6.7,4.7,7.6,6.3,75.5
1736,B,0,0,5.9,8.0,7.3,6.0,45.3
1736,C,1,1,3.2,6.0,8.0,6.5,72.8
1736,D,1,1,6.9,9.1,8.0,6.4,84.0
1737,A,1,1,7.7,4.5,8.2,8.6,81.7
1737,B,1,1,6.3,9.4,6.5,2.8,75.0
1737,C,0,1,6.4,7.3,6.5,4.1,57.2
1737,D,0,1,7.0,6.9,6.6,8.9,65.7
1738,A,0,1,7.3,4.2,7.5,5.4,57.3
1738,B,1,0,7.7,7.7,7.2,5.6,63.7
1738,C,1,0,2.7,7.2,4.5,4.6,48.3
1738,D,1,1,6.3,7.3,7.9,6.3,79.7
1739,A,1,1,5.1,6.3,8.2,5.7,75.5
1739,B,0,1,6.7,9.9,6.5,6.9,66.7
1739,C,1,0,5.5,9.4,4.9,4.2,56.7
1739,D,1,1,7.5,8.8,7.0,7.3,84.3
1740,A,1,0,6.2,6.0,8.6,6.0,61.3
1740,B,1,0,5.5,6.1,6.3,3.9,53.0
1740,C,1,0,4.0,7.4,6.6,7.6,59.3
1740,D,1,0,7.5,6.7,8.0,6.2,64.0
1741,A,1,1,5.8,1.5,7.7,4.2,65.3
1741,B,0,0,8.3,6.3,6.8,4.2,42.7
1741,C,1,0,7.1,7.6,7.1,6.6,64.0
1741,D,1,1,7.5,7.8,8.2,4.9,80.7
1742,A,0,0,6.2,4.0,5.8,6.7,37.8
1742,B,1,1,7.4,8.4,9.0,9.1,89.8
1742,C,0,1,3.4,10,5.5,5.9,58.0
1742,D,1,0,7.9,7.9,6.8,5.8,64.0
1743,A,0,0,5.2,3.0,7.6,6.6,37.3
1743,B,1,0,4.2,5.0,8.2,5.5,54.8
1743,C,1,1,5.8,8.9,3.3,3.2,68.7
1743,D,0,1,5.8,8.3,6.7,5.6,60.7
1744,A,1,0,7.6,4.9,7.0,7.0,60.8
1744,B,1,0,6.7,7.3,6.4,3.7,56.8
1744,C,1,0,6.0,7.2,7.6,5.3,60.2
1744,D,1,1,8.1,5.9,6.9,5.7,77.7
1745,A,0,1,8.5,4.3,7.2,4.7,57.8
1745,B,0,1,6.1,9.0,9.3,6.3,67.8
1745,C,1,1,3.7,9.0,4.1,4.2,68.3
1745,D,0,1,8.0,5.3,6.1,5.3,57.8
1746,A,1,1,6.6,5.3,6.5,6.3,74.5
1746,B,1,1,6.8,5.4,6.7,8.0,78.2
1746,C,1,1,2.4,9.1,5.0,4.7,68.7
1746,D,1,0,6.0,6.4,6.4,6.0,58.0
1747,A,1,0,6.3,5.2,7.9,4.8,57.0
1747,B,1,0,6.7,9.2,7.6,5.2,64.5
1747,C,0,0,5.2,9.9,5.6,3.8,40.8
1747,D,1,0,7.0,8.0,8.7,7.4,68.5
1748,A,1,0,6.8,3.9,7.2,4.5,54.0
1748,B,1,0,7.7,7.5,5.5,6.3,61.7
1748,C,0,0,3.3,9.1,7.7,4.7,41.3
1748,D,1,1,6.4,6.1,7.4,7.3,78.7
1749,A,1,0,5.7,4.3,5.8,6.7,54.2
1749,B,1,0,4.7,8.3,5.2,6.1,57.2
1749,C,1,0,8.6,7.7,6.5,5.7,64.2
1749,D,1,1,6.5,8.2,7.0,7.6,82.2
1750,A,1,1,9.8,5.1,7.7,7.2,83.0
1750,B,0,1,6.8,6.9,5.4,5.9,58.3
1750,C,0,0,5.2,7.5,3.8,7.4,39.8
1750,D,1,0,10,7.2,7.5,6.3,68.3
1751,A,1,0,7.1,3.0,6.6,4.5,52.0
1751,B,0,0,9.2,5.3,5.9,6.6,45.0
1751,C,0,1,4.3,7.6,4.6,5.4,53.2
1751,D,0,1,7.3,8.8,6.1,7.0,65.3
1752,A,1,0,6.3,5.9,6.2,4.9,55.5
1752,B,1,1,4.5,8.4,7.2,8.5,81.0
1752,C,1,0,7.6,10,4.0,5.8,62.3
1752,D,1,1,6.1,7.4,9.8,7.3,84.3
1753,A,0,0,8.0,8.6,7.9,4.3,48.0
1753,B,1,0,5.6,6.5,7.8,7.7,62.7
1753,C,1,0,4.4,7.5,5.8,7.1,58.0
1753,D,0,1,8.8,5.9,7.0,7.0,64.5
1754,A,0,1,7.2,4.1,7.0,6.4,57.8
1754,B,1,0,7.0,5.5,8.0,6.3,61.3
1754,C,1,0,5.3,4.9,7.8,3.3,52.2
1754,D,0,1,7.9,9.4,4.8,6.8,64.8
1755,A,1,1,5.0,5.9,8.6,4.2,72.8
1755,B,1,1,8.1,7.2,9.3,6.1,84.5
1755,C,0,0,5.2,9.5,4.3,4.9,39.8
1755,D,1,0,7.8,7.8,7.5,6.1,65.3
1756,A,0,0,8.0,2.4,7.3,5.7,39.0
1756,B,0,1,6.3,8.0,5.4,6.6,60.5
1756,C,0,0,4.5,7.5,4.2,5.0,35.3
1756,D,1,1,6.6,8.1,7.1,6.9,81.2
1757,A,1,0,5.4,1.8,5.7,5.4,47.2
1757,B,1,0,7.3,7.3,7.5,5.9,63.3
1757,C,1,1,4.0,9.3,6.1,5.5,74.8
1757,D,1,0,7.4,8.0,5.8,8.4,66.0
1758,A,0,0,7.4,6.7,6.9,6.0,45.0
1758,B,0,0,5.4,10,7.6,7.0,50.0
1758,C,1,1,4.5,7.0,6.7,7.0,75.3
1758,D,1,1,9.1,7.1,8.4,5.4,83.3
1759,A,1,0,4.8,7.9,6.1,6.1,58.2
1759,B,1,0,7.7,6.9,6.8,5.5,61.5
1759,C,1,0,5.8,9.3,6.6,3.9,59.3
1759,D,1,1,7.0,7.2,6.7,6.7,79.3
1760,A,0,0,5.8,5.7,8.5,7.8,46.3
1760,B,0,0,4.5,8.7,5.4,6.4,41.7
1760,C,1,1,5.5,8.6,7.0,6.4,79.2
1760,D,1,0,6.6,7.7,6.0,4.6,58.2
1761,A,0,1,8.4,3.3,7.7,6.3,59.5
1761,B,1,0,7.7,7.5,6.6,5.2,61.7
1761,C,0,0,4.0,6.7,5.0,4.1,33.0
1761,D,1,0,6.6,6.6,7.1,8.1,64.0
1762,A,0,0,7.4,4.2,7.5,6.1,42.0
1762,B,0,0,3.8,7.2,4.8,6.3,36.8
1762,C,1,1,4.6,8.5,5.4,4.3,71.3
1762,D,0,1,6.4,5.8,7.7,8.2,63.5
1763,A,1,1,6.3,6.8,5.0,6.3,74.0
1763,B,1,1,8.2,7.2,5.8,5.2,77.3
1763,C,0,0,5.9,7.2,6.4,4.6,40.2
1763,D,0,1,6.1,8.5,8.0,4.8,62.3
1764,A,1,0,4.9,5.1,5.3,5.8,51.8
1764,B,1,0,8.2,8.7,6.3,6.8,66.7
1764,C,1,0,4.9,10,4.6,4.5,56.7
1764,D,1,1,7.0,8.1,7.6,3.9,77.7
1765,A,0,1,6.0,5.8,7.4,5.5,57.8
1765,B,1,0,9.2,8.2,5.0,4.4,61.3
1765,C,0,1,6.7,9.5,6.4,4.8,62.3
1765,D,1,0,5.2,8.1,5.7,5.1,56.8
1766,A,0,0,7.5,4.8,8.6,5.5,44.0
1766,B,1,1,4.3,8.2,7.2,8.6,80.5
1766,C,0,1,5.9,8.5,4.9,6.2,59.2
1766,D,1,1,4.8,7.2,7.5,6.7,77.0
1767,A,1,1,6.1,5.3,7.2,5.5,73.5
1767,B,1,1,4.7,5.6,8.2,5.9,74.0
1767,C,1,0,5.7,7.2,6.0,4.4,55.5
1767,D,1,1,6.9,7.6,6.7,6.6,79.7
1768,A,0,1,8.1,4.0,6.2,9.8,63.5
1768,B,1,0,8.0,7.6,7.0,6.6,65.3
1768,C,0,0,7.0,7.2,7.3,2.4,39.8
1768,D,1,0,8.4,9.8,6.1,8.3,71.0
1769,A,1,1,6.8,3.7,5.4,7.6,72.5
1769,B,1,1,7.6,7.1,8.9,6.7,83.8
1769,C,0,1,5.6,10,5.1,4.5,58.7
1769,D,0,0,8.3,6.7,7.5,4.9,45.7
1770,A,1,0,6.1,2.9,7.6,6.2,54.7
1770,B,1,1,6.9,7.0,6.5,6.7,78.5
1770,C,0,0,5.0,9.0,5.8,5.2,41.7
1770,D,1,1,7.6,5.8,5.8,9.1,80.5
1771,A,0,0,7.6,4.0,5.8,6.5,39.8
1771,B,0,0,7.1,7.8,6.4,5.6,44.8
1771,C,0,1,4.6,8.4,6.4,6.0,59.0
1771,D,1,1,5.4,6.9,5.5,6.5,73.8
1772,A,1,0,5.9,4.8,7.3,6.1,56.8
1772,B,0,1,6.7,7.5,8.4,7.2,66.3
1772,C,1,0,5.0,8.1,4.1,5.3,54.2
1772,D,1,0,6.1,7.1,8.0,6.5,62.8
1773,A,0,0,6.4,5.0,7.9,6.3,42.7
1773,B,0,1,7.3,6.4,8.1,4.4,60.3
1773,C,0,1,5.8,7.1,6.1,5.4,57.3
1773,D,0,1,8.5,6.8,6.7,7.1,65.2
1774,A,1,0,5.9,5.4,5.2,7.3,56.3
1774,B,0,1,7.7,6.3,8.0,6.0,63.3
1774,C,0,1,5.8,8.8,7.5,4.8,61.5
1774,D,1,1,8.5,9.0,8.8,5.7,86.7
1775,A,0,0,8.2,5.5,6.4,5.9,43.3
1775,B,1,0,8.6,8.8,8.0,7.2,71.0
1775,C,0,1,4.9,7.2,6.6,5.5,57.0
1775,D,0,1,8.1,8.7,6.2,6.1,65.2
1776,A,1,1,5.3,6.1,6.6,8.1,76.8
1776,B,1,1,5.7,8.7,6.7,7.3,80.7
1776,C,1,0,6.1,6.9,3.6,6.0,54.3
1776,D,1,1,8.4,8.8,5.8,8.6,86.0
1777,A,0,0,7.4,4.2,7.0,3.9,37.5
1777,B,1,1,7.4,8.3,10.0,6.5,87.0
1777,C,0,0,2.5,5.9,4.7,4.5,29.3
1777,D,1,1,9.0,8.4,7.5,7.5,87.3
1778,A,0,0,6.3,7.3,7.1,7.0,46.2
1778,B,0,1,6.5,5.4,8.4,8.2,64.2
1778,C,0,0,3.0,8.8,6.7,3.6,36.8
1778,D,1,1,7.0,7.4,6.5,7.6,80.8
1779,A,0,0,5.1,4.7,6.2,6.2,37.0
1779,B,0,1,6.7,8.6,9.6,6.1,68.3
1779,C,0,0,7.0,8.6,6.1,4.2,43.2
1779,D,1,0,7.0,7.5,6.7,7.3,64.2
1780,A,0,0,7.6,3.0,6.6,6.6,39.7
1780,B,1,1,7.5,7.7,7.2,3.0,75.7
1780,C,1,1,5.7,5.1,7.2,5.7,72.8
1780,D,1,1,8.8,6.0,5.0,7.6,79.0
1781,A,1,0,6.9,6.7,7.0,8.6,65.3
1781,B,0,1,8.7,7.5,6.5,7.3,66.7
1781,C,0,1,4.8,8.7,6.0,4.5,56.7
1781,D,1,0,5.8,7.9,6.4,5.4,59.2
1782,A,0,0,9.7,4.7,6.9,5.0,43.8
1782,B,0,0,5.0,8.3,8.0,6.3,46.0
1782,C,0,0,5.3,7.1,6.9,5.7,41.7
1782,D,1,1,6.2,7.6,8.8,6.8,82.3
1783,A,0,0,6.8,4.1,7.4,7.1,42.3
1783,B,0,0,7.5,5.4,6.8,5.7,42.3
1783,C,0,1,2.8,7.0,5.4,3.9,48.5
1783,D,1,1,6.5,8.4,5.5,6.1,77.5
1784,A,0,0,9.0,6.6,9.0,4.1,47.8
1784,B,0,0,6.5,9.7,5.0,7.8,48.3
1784,C,1,0,4.6,7.8,4.2,4.5,51.8
1784,D,1,1,6.0,8.9,8.8,7.1,84.7
1785,A,0,1,7.2,3.8,6.5,4.9,54.0
1785,B,1,0,6.7,7.4,6.8,4.8,59.5
1785,C,1,0,4.5,9.6,6.6,5.3,60.0
1785,D,1,0,5.9,9.5,7.0,6.3,64.5
1786,A,1,0,8.5,6.2,7.4,5.5,62.7
1786,B,1,0,9.1,8.9,7.8,6.1,69.8
1786,C,0,0,3.8,6.6,3.1,5.3,31.3
1786,D,1,1,5.7,8.6,7.6,4.7,77.7
1787,A,0,0,7.4,1,10,6.4,41.3
1787,B,1,1,5.5,7.4,9.0,6.3,80.3
1787,C,0,0,3.9,8.3,6.3,6.0,40.8
1787,D,1,1,5.1,7.3,7.3,6.2,76.5
1788,A,1,0,4.4,4.1,5.3,4.9,47.8
1788,B,0,0,6.1,8.5,7.0,5.6,45.3
1788,C,0,1,5.5,7.3,5.8,4.8,55.7
1788,D,1,0,5.8,8.2,6.7,5.3,60.0
1789,A,1,0,5.6,4.0,7.3,6.4,55.5
1789,B,0,1,9.5,4.5,6.7,6.6,62.2
1789,C,1,0,4.3,9.1,6.3,4.3,56.7
1789,D,0,1,7.8,4.6,8.3,6.3,61.7
1790,A,1,1,7.4,4.0,7.3,4.3,71.7
1790,B,0,1,8.0,7.4,7.2,6.3,64.8
1790,C,0,0,3.7,8.8,7.1,6.1,42.8
1790,D,1,0,8.8,10,8.3,7.0,73.5
1791,A,1,1,9.0,6.7,7.4,5.7,81.3
1791,B,1,1,7.5,6.6,6.5,4.7,75.5
1791,C,1,0,4.2,7.4,6.6,5.2,55.7
1791,D,1,1,7.0,7.0,6.3,7.7,80.0
1792,A,1,0,5.2,4.3,7.7,6.8,56.7
1792,B,1,0,6.6,6.2,6.6,5.6,58.3
1792,C,1,1,3.2,7.0,6.1,6.9,72.0
1792,D,1,0,6.2,7.0,4.9,6.7,58.0
1793,A,0,0,8.0,2.9,6.8,5.3,38.3
1793,B,1,1,8.0,6.3,7.9,6.7,81.5
1793,C,0,0,7.6,6.0,5.4,5.6,41.0
1793,D,1,0,6.3,6.6,5.1,7.5,59.2
1794,A,0,0,4.3,5.3,7.1,4.0,34.5
1794,B,1,1,5.4,7.1,7.3,4.3,73.5
1794,C,1,0,3.7,6.2,6.8,4.9,52.7
1794,D,1,0,5.1,8.6,7.1,5.9,61.2
1795,A,0,0,6.0,3.2,6.2,7.0,37.3
1795,B,0,0,7.4,9.1,6.6,5.5,47.7
1795,C,1,0,5.2,8.0,8.4,5.2,61.3
1795,D,1,1,6.4,7.9,5.6,7.6,79.2
1796,A,0,1,9.0,3.1,5.5,4.4,53.3
1796,B,0,1,6.3,7.8,5.8,5.3,58.7
1796,C,1,1,4.2,6.0,6.2,5.0,69.0
1796,D,0,1,8.6,7.2,8.2,6.0,66.7
1797,A,1,1,7.9,5.7,6.1,4.9,74.3
1797,B,0,1,6.5,6.5,6.6,9.4,65.0
1797,C,0,1,4.5,9.1,6.1,7.5,62.0
1797,D,1,0,6.2,9.0,7.2,5.7,63.5
1798,A,0,1,8.4,5.0,7.1,6.6,61.8
1798,B,1,0,7.6,6.7,4.9,5.6,58.0
1798,C,0,0,5.9,6.4,5.6,4.3,37.0
1798,D,1,1,6.5,8.9,6.2,6.5,80.2
1799,A,0,1,5.6,2.5,6.0,5.8,49.8
1799,B,0,0,6.6,7.1,7.7,9.7,51.8
1799,C,1,0,4.0,9.2,7.1,5.1,59.0
1799,D,0,1,7.9,8.0,5.4,7.2,64.2
1800,A,0,0,4.8,3.0,5.2,5.2,30.3
1800,B,1,1,3.1,6.2,6.8,6.7,71.3
1800,C,1,0,4.7,4.4,3.6,3.7,44.0
1800,D,1,1,6.9,10.0,8.0,5.5,84.0
