respondent_id,variant_id,adoption_intent_pct,preference_pct,trust,ease,reassurance,privacy_comfort,respondent_composite_0_100
1,A,1,1,5.5,7.8,4.2,7.4,74.8
1,B,1,0,7.2,7.4,7.8,7.4,66.3
1,C,1,1,3.2,7.7,6.8,3.9,69.3
1,D,1,1,9.2,8.3,7.9,6.6,86.7
2,A,1,1,7.2,8.7,5.9,8.6,84.0
2,B,0,1,9.0,6.6,5.2,6.9,62.8
2,C,0,1,5.0,8.9,5.1,6.3,58.8
2,D,1,0,7.4,8.2,9.2,8.4,72.0
3,A,1,0,9.6,7.6,7.3,6.9,69.0
3,B,1,0,5.5,7.3,7.5,4.5,58.0
3,C,1,0,6.7,6.2,7.4,5.9,60.3
3,D,0,1,7.5,10,7.3,8.2,71.7
4,A,1,0,6.8,10,4.6,8.1,65.8
4,B,1,0,6.4,8.4,6.6,9.0,67.3
4,C,1,0,8.8,3.3,6.6,4.9,56.0
4,D,0,0,8.9,8.8,9.1,8.2,58.3
5,A,1,0,7.2,7.8,6.2,8.0,65.3
5,B,0,1,7.1,8.1,5.0,7.5,62.8
5,C,1,0,7.9,6.2,9.1,3.8,61.7
5,D,1,0,8.1,7.1,9.9,8.5,72.7
6,A,0,1,7.6,8.4,2.9,5.1,56.7
6,B,1,0,7.2,6.0,5.0,8.7,61.5
6,C,0,0,5.3,3.7,7.9,6.3,38.7
6,D,1,1,7.1,7.4,10,7.7,87.0
7,A,1,0,5.7,5.7,6.7,8.5,61.0
7,B,1,0,6.4,6.8,7.3,6.3,61.3
7,C,1,1,5.3,6.7,6.4,4.7,71.8
7,D,1,1,7.9,7.4,10,7.8,88.5
8,A,1,0,5.6,8.8,4.3,8.0,61.2
8,B,1,1,4.4,10,6.2,8.9,82.5
8,C,1,0,6.1,5.6,6.6,5.8,56.8
8,D,0,0,8.4,8.6,8.1,7.1,53.7
9,A,1,0,8.8,8.6,5.5,7.7,67.7
9,B,1,1,8.4,6.4,6.6,8.9,83.8
9,C,0,0,7.8,6.3,6.9,5.6,44.3
9,D,1,0,8.0,6.9,10,7.6,70.8
10,A,0,0,5.2,8.2,5.3,9.0,46.2
10,B,1,1,5.3,10,5.9,4.5,76.2
10,C,0,1,6.2,7.9,5.7,4.3,56.8
10,D,0,1,7.1,7.5,9.3,7.5,69.0
11,A,0,1,7.4,7.8,4.8,7.5,62.5
11,B,1,1,5.6,7.8,6.7,7.6,79.5
11,C,0,1,6.8,8.7,9.3,6.1,68.2
11,D,1,0,8.5,7.9,7.2,8.1,69.5
12,A,1,0,6.0,9.0,5.3,7.9,63.7
12,B,0,1,9.2,6.9,7.0,7.6,67.8
12,C,1,1,6.9,4.2,8.4,5.9,75.7
12,D,1,0,8.0,7.7,6.5,9.3,69.2
13,A,1,1,8.3,8.3,5.3,6.7,81.0
13,B,1,1,4.3,7.0,5.8,7.2,73.8
13,C,1,1,8.1,5.7,7.8,8.4,83.3
13,D,1,0,6.6,9.7,6.6,9.9,71.3
14,A,0,1,8.0,9.6,6.1,9.3,71.7
14,B,1,0,8.4,8.2,8.7,8.4,72.8
14,C,0,1,5.9,6.3,6.0,3.9,53.5
14,D,1,0,9.1,9.2,7.7,7.4,72.3
15,A,1,0,7.7,7.4,6.4,8.1,66.0
15,B,0,1,3.9,7.4,6.3,7.2,58.0
15,C,1,1,6.8,4.5,5.3,5.4,70.0
15,D,1,0,6.3,7.1,6.7,5.5,59.3
16,A,0,0,5.8,7.8,3.5,9.7,44.7
16,B,1,0,9.0,8.2,8.4,7.0,71.0
16,C,0,0,7.0,6.3,7.6,6.3,45.3
16,D,1,0,8.0,6.2,7.0,7.9,65.2
17,A,1,0,8.9,9.4,5.1,6.4,66.3
17,B,0,0,8.0,6.5,8.5,8.1,51.8
17,C,0,0,4.4,5.8,6.3,3.9,34.0
17,D,1,1,10,7.8,7.7,7.9,89.0
18,A,1,1,9.0,7.8,8.4,9.5,91.2
18,B,1,1,6.5,8.4,4.5,7.0,77.3
18,C,1,0,7.6,6.8,6.3,4.6,58.8
18,D,1,1,7.7,7.3,10,6.1,85.2
19,A,0,1,7.7,6.3,6.4,7.3,62.8
19,B,0,0,7.4,7.9,7.3,6.2,48.0
19,C,1,0,5.3,6.2,6.1,6.2,56.3
19,D,1,0,7.6,7.1,7.0,8.1,66.3
20,A,0,0,8.7,7.7,6.7,7.1,50.3
20,B,1,0,5.8,7.9,7.7,7.8,65.3
20,C,0,0,3.3,5.1,5.5,5.5,32.3
20,D,1,0,8.2,9.0,8.5,8.0,72.8
21,A,0,0,10,8.4,6.8,7.5,54.5
21,B,0,0,8.7,10,8.7,7.5,58.2
21,C,1,1,7.2,6.3,8.1,6.0,79.3
21,D,1,0,7.3,8.3,9.1,5.7,67.3
22,A,0,1,6.9,5.2,4.0,5.7,53.0
22,B,0,0,7.1,7.8,5.3,7.6,46.3
22,C,1,1,6.7,6.8,6.9,5.9,77.2
22,D,1,1,9.1,9.1,9.2,7.2,91.0
23,A,1,0,7.7,8.6,5.3,8.5,66.8
23,B,0,0,8.2,8.2,4.7,9.1,50.3
23,C,1,0,5.3,7.9,9.7,4.8,62.8
23,D,1,0,8.7,8.2,8.1,7.5,70.8
24,A,1,1,7.2,8.2,5.9,8.3,82.7
24,B,1,0,6.9,8.5,6.9,9.9,70.3
24,C,0,0,6.4,7.4,9.0,4.4,45.3
24,D,1,1,8.2,6.3,8.8,8.1,85.7
25,A,1,0,7.4,8.2,5.8,7.5,64.8
25,B,1,0,5.7,9.6,4.7,7.9,63.2
25,C,0,1,5.5,6.8,6.0,8.2,60.8
25,D,0,1,9.1,10,8.3,6.7,73.5
26,A,0,1,8.2,8.0,6.6,5.9,64.5
26,B,1,0,9.2,6.7,7.2,7.0,66.8
26,C,1,0,7.6,5.6,6.3,7.9,62.3
26,D,0,1,7.9,8.0,7.7,7.0,67.7
27,A,1,1,6.9,7.7,5.8,6.2,77.7
27,B,1,1,8.5,8.0,7.7,5.7,83.2
27,C,1,0,7.1,8.8,8.4,5.2,65.8
27,D,1,1,8.2,9.7,8.9,8.8,92.7
28,A,0,1,7.6,9.5,6.0,7.5,67.7
28,B,1,1,5.0,5.1,7.0,4.8,69.8
28,C,1,1,5.0,6.2,8.2,3.3,71.2
28,D,1,1,6.6,9.5,7.1,10,88.7
29,A,1,0,4.3,8.8,6.2,6.4,59.5
29,B,1,1,7.8,9.2,6.5,8.5,86.7
29,C,0,1,8.4,6.5,7.4,5.3,62.7
29,D,0,0,8.5,8.7,7.9,6.9,53.3
30,A,0,1,6.6,7.5,4.5,9.3,63.2
30,B,1,0,6.8,10.0,6.8,7.5,68.5
30,C,1,0,6.0,6.5,7.3,6.6,60.7
30,D,1,1,7.8,7.7,7.9,7.4,84.7
31,A,1,1,6.3,6.5,5.1,8.4,77.2
31,B,1,0,5.6,7.0,6.5,7.3,60.7
31,C,1,1,7.4,7.8,7.3,5.6,80.2
31,D,1,0,4.7,8.5,9.3,8.7,68.7
32,A,1,1,7.1,7.3,6.1,8.9,82.3
32,B,0,1,6.7,8.8,10.0,8.0,72.5
32,C,1,1,3.4,5.6,6.5,4.8,67.2
32,D,1,1,8.2,6.5,9.2,8.8,87.8
33,A,1,0,7.1,5.7,4.9,8.3,60.0
33,B,0,1,4.7,7.5,7.0,6.3,59.2
33,C,1,0,7.6,8.9,8.6,5.3,67.3
33,D,0,1,6.6,8.3,7.7,8.8,69.0
34,A,0,0,7.2,9.0,6.2,9.2,52.7
34,B,1,1,6.7,8.1,7.1,8.1,83.3
34,C,0,1,4.7,5.9,9.0,6.2,59.7
34,D,1,0,9.1,9.1,8.8,7.3,73.8
35,A,0,0,7.6,8.3,5.4,7.2,47.5
35,B,1,1,7.5,10,7.3,8.7,89.2
35,C,0,1,6.7,9.4,9.1,6.1,68.8
35,D,1,1,8.4,8.3,8.1,7.8,87.7
36,A,1,1,8.3,7.5,5.1,6.3,78.7
36,B,1,0,6.0,9.3,7.0,9.4,69.5
36,C,1,1,6.4,6.6,7.1,6.1,77.0
36,D,1,1,10,7.5,6.7,9.0,88.7
37,A,1,1,7.6,9.3,4.8,6.2,79.8
37,B,1,1,5.7,7.7,7.3,6.5,78.7
37,C,0,1,6.4,6.5,7.7,7.0,62.7
37,D,1,0,7.9,7.0,7.3,7.9,66.8
38,A,0,0,5.5,7.1,6.1,7.6,43.8
38,B,0,1,6.7,7.6,6.3,9.1,66.2
38,C,0,1,6.2,9.6,6.9,8.0,67.8
38,D,1,0,8.0,7.7,10,6.6,70.5
39,A,0,0,6.3,10,5.2,7.4,48.2
39,B,1,0,8.5,9.7,6.3,6.6,68.5
39,C,0,1,7.6,8.1,6.9,2.5,58.5
39,D,0,1,7.5,7.4,7.9,8.5,68.8
40,A,1,0,9.1,8.2,6.6,8.4,70.5
40,B,1,1,7.5,8.9,7.7,6.4,84.2
40,C,1,0,5.6,2.9,7.1,5.8,52.3
40,D,0,0,7.4,7.8,8.8,10,56.7
41,A,0,0,7.5,6.6,4.6,6.3,41.7
41,B,1,1,8.4,8.1,7.6,7.0,85.2
41,C,1,1,6.9,5.6,9.4,5.4,78.8
41,D,1,1,6.3,7.8,8.6,4.0,77.8
42,A,1,0,8.1,7.9,4.1,8.1,63.7
42,B,1,0,6.7,4.9,7.5,5.9,58.3
42,C,1,0,7.7,5.5,7.2,5.3,59.5
42,D,1,1,6.1,7.4,7.0,6.9,79.0
43,A,1,0,9.1,8.2,5.4,7.2,66.5
43,B,1,0,5.5,7.9,8.9,7.0,65.5
43,C,0,1,8.0,5.1,5.2,5.4,56.2
43,D,1,1,7.3,8.2,7.5,7.1,83.5
44,A,1,1,8.4,9.4,6.0,6.9,84.5
44,B,1,1,9.1,7.8,7.4,7.5,86.3
44,C,1,0,4.3,7.3,8.9,6.9,62.3
44,D,0,1,8.2,7.6,7.7,6.8,67.2
45,A,0,0,9.1,8.3,5.5,8.1,51.7
45,B,1,0,7.9,7.5,6.6,6.3,63.8
45,C,0,1,5.8,7.6,9.0,5.5,63.2
45,D,1,0,8.0,7.7,10,4.9,67.7
46,A,0,0,7.6,7.4,5.7,9.3,50.0
46,B,1,1,6.5,5.4,8.0,7.4,78.8
46,C,1,0,5.2,4.6,5.4,5.1,50.5
46,D,1,1,8.2,9.5,8.7,7.9,90.5
47,A,1,0,8.7,7.3,6.1,5.7,63.0
47,B,1,0,7.2,7.2,6.6,6.2,62.0
47,C,1,0,4.9,6.2,7.0,5.3,55.7
47,D,1,1,6.3,9.5,7.2,7.3,83.8
48,A,1,1,8.0,8.0,5.0,7.1,80.2
48,B,0,1,5.5,8.7,6.8,8.2,65.3
48,C,1,0,4.5,5.2,7.9,5.5,55.2
48,D,1,0,8.2,8.2,7.3,9.2,71.5
49,A,1,1,7.7,9.5,5.6,8.8,86.0
49,B,1,1,6.1,8.5,7.5,6.5,81.0
49,C,1,0,4.9,3.6,6.9,4.9,50.5
49,D,0,1,8.3,7.1,10,5.1,67.5
50,A,1,0,6.4,10,6.2,4.6,62.0
50,B,1,1,9.7,9.5,9.4,6.7,92.2
50,C,1,1,6.9,5.9,8.3,7.1,80.3
50,D,1,0,10,10,7.2,7.4,74.3
51,A,0,0,9.6,9.4,5.5,5.6,50.2
51,B,1,0,7.4,9.0,7.8,7.9,70.2
51,C,1,0,6.9,5.7,7.5,3.9,56.7
51,D,1,1,7.8,7.8,7.9,8.0,85.8
52,A,1,1,7.4,8.2,5.2,8.3,81.8
52,B,1,0,7.8,6.0,4.7,8.6,61.8
52,C,0,0,6.7,6.4,8.8,7.2,48.5
52,D,0,1,8.3,6.7,7.8,6.6,65.7
53,A,1,0,5.7,8.9,7.0,7.6,65.3
53,B,1,0,5.9,5.9,8.7,8.0,64.2
53,C,1,1,5.7,5.1,9.4,5.9,76.8
53,D,1,1,9.0,9.6,7.5,6.9,88.3
54,A,1,0,5.6,8.3,6.5,6.7,61.8
54,B,1,1,6.1,7.5,8.0,6.3,79.8
54,C,0,0,5.6,7.6,5.8,4.2,38.7
54,D,0,1,8.4,7.3,8.0,8.1,69.7
55,A,1,1,8.1,8.0,4.7,7.1,79.8
55,B,1,0,9.4,10,4.2,5.3,64.8
55,C,1,0,7.3,6.2,8.7,6.2,64.0
55,D,1,0,6.8,7.5,8.0,5.3,62.7
56,A,1,0,5.7,5.7,7.3,7.5,60.3
56,B,1,1,8.9,7.9,7.0,7.0,84.7
56,C,1,1,6.7,6.3,5.7,2.5,68.7
56,D,1,0,7.0,8.7,7.4,8.6,69.5
57,A,1,1,5.4,9.4,6.3,9.3,84.0
57,B,1,1,6.8,10,8.2,7.9,88.2
57,C,1,0,4.5,5.7,9.8,6.8,61.3
57,D,1,1,10,6.5,10,5.5,86.7
58,A,0,1,7.6,7.0,5.1,9.4,65.2
58,B,1,1,4.8,6.8,5.8,2.9,67.2
58,C,1,1,5.3,4.0,6.8,5.3,69.0
58,D,1,0,6.0,7.0,7.9,8.7,66.0
59,A,0,1,7.3,8.7,6.4,5.2,62.7
59,B,1,0,8.7,7.6,7.7,7.5,69.2
59,C,0,0,5.8,5.0,6.6,4.7,36.8
59,D,1,1,9.1,10,10,6.7,93.0
60,A,1,1,8.9,9.2,4.3,6.4,81.3
60,B,1,1,7.8,7.3,7.2,8.6,84.8
60,C,1,0,5.4,5.5,5.2,5.4,52.5
60,D,1,1,9.1,7.6,8.1,6.8,86.0
61,A,0,1,5.9,8.7,7.0,8.7,67.2
61,B,1,0,7.1,8.0,5.7,7.5,63.8
61,C,1,1,3.5,6.3,8.7,5.7,73.7
61,D,0,1,7.4,7.0,8.2,6.2,64.7
62,A,0,1,7.2,8.3,5.6,7.8,64.8
62,B,1,0,10,8.2,6.9,6.0,68.5
62,C,0,1,5.2,7.0,7.2,6.9,60.5
62,D,0,0,9.8,7.4,7.4,4.6,48.7
63,A,0,0,5.7,6.7,2.9,7.4,37.8
63,B,1,0,8.6,6.0,8.3,6.9,66.3
63,C,0,0,5.1,8.1,7.6,6.1,44.8
63,D,1,0,7.7,9.9,7.2,7.8,71.0
64,A,0,0,5.6,10.0,5.9,7.7,48.7
64,B,0,0,4.6,4.7,7.3,5.9,37.5
64,C,1,1,6.0,7.1,7.4,5.1,76.0
64,D,1,0,5.4,9.5,8.6,9.4,71.5
65,A,0,0,8.0,8.4,4.8,5.7,44.8
65,B,1,0,6.0,5.7,6.5,7.6,59.7
65,C,1,0,6.3,6.8,6.6,6.4,60.2
65,D,1,0,7.8,9.5,6.7,8.5,70.8
66,A,1,0,7.4,8.3,7.3,7.3,67.2
66,B,1,1,8.1,7.8,6.6,10,87.5
66,C,1,0,7.5,7.0,6.1,5.3,59.8
66,D,1,0,8.4,6.8,9.6,9.3,73.5
67,A,1,0,8.0,9.8,3.8,8.4,66.7
67,B,1,0,7.2,7.4,9.3,5.8,66.2
67,C,1,0,5.0,7.8,8.4,7.6,64.7
67,D,1,1,7.0,7.5,10,8.9,89.0
68,A,0,0,8.2,7.4,5.5,7.6,47.8
68,B,1,0,8.6,6.7,7.6,6.7,66.0
68,C,0,0,6.8,7.1,7.3,3.0,40.3
68,D,1,1,6.4,6.4,7.3,9.3,82.3
69,A,1,1,7.1,8.7,6.5,8.5,84.7
69,B,1,1,9.5,6.2,6.3,9.8,86.3
69,C,0,0,6.5,6.4,8.7,5.5,45.2
69,D,1,0,5.5,9.1,9.5,7.8,69.8
70,A,1,0,9.8,5.3,5.8,7.1,63.3
70,B,1,0,7.6,7.7,8.4,7.8,69.2
70,C,1,0,4.9,5.6,6.8,7.7,58.3
70,D,1,1,6.7,6.3,8.9,6.7,81.0
71,A,0,0,6.2,6.9,6.5,8.9,47.5
71,B,1,1,7.1,7.5,4.5,6.0,75.2
71,C,0,0,6.1,8.1,7.3,4.4,43.2
71,D,1,0,6.5,6.9,9.3,6.6,65.5
72,A,1,0,8.1,9.9,4.3,6.9,65.3
72,B,0,0,7.5,10,6.8,6.6,51.5
72,C,1,0,4.7,7.4,4.6,6.0,54.5
72,D,1,0,8.7,9.7,7.5,7.1,71.7
73,A,1,0,7.5,9.4,7.5,9.4,73.0
73,B,1,0,4.8,7.7,4.7,5.4,54.3
73,C,0,1,6.2,6.9,5.8,7.1,60.0
73,D,1,1,7.8,7.4,9.4,6.8,85.7
74,A,1,0,6.6,7.7,5.9,9.0,65.3
74,B,0,0,6.2,6.9,4.8,7.1,41.7
74,C,0,1,5.8,6.4,7.6,5.3,58.5
74,D,1,1,7.2,9.2,8.0,8.4,88.0
75,A,1,0,6.8,8.8,6.0,7.8,65.7
75,B,0,1,4.4,8.6,7.8,6.6,62.3
75,C,1,1,5.2,5.8,5.5,7.1,72.7
75,D,1,1,8.0,7.4,7.3,6.8,82.5
76,A,1,1,7.1,7.8,8.5,6.4,83.0
76,B,1,1,10,5.3,7.3,6.9,82.5
76,C,1,0,6.8,7.3,8.0,6.7,64.7
76,D,1,1,8.2,9.2,5.5,7.8,84.5
77,A,1,0,8.1,8.6,6.0,7.4,66.8
77,B,1,1,7.0,8.3,7.2,7.2,82.8
77,C,1,1,8.6,6.2,5.3,6.9,78.3
77,D,1,1,7.6,7.1,7.4,7.5,82.7
78,A,1,0,6.8,9.9,7.5,6.5,67.8
78,B,0,1,5.7,8.3,6.9,7.4,63.8
78,C,0,0,6.2,6.1,9.3,5.3,44.8
78,D,0,1,9.7,8.6,8.7,8.5,75.8
79,A,0,0,7.0,8.6,4.7,8.0,47.2
79,B,1,0,5.6,8.8,8.2,7.1,66.2
79,C,0,1,6.4,5.6,9.1,3.3,57.3
79,D,0,0,6.9,9.1,7.1,8.7,53.0
80,A,0,0,5.7,10,6.6,7.7,50.0
80,B,0,0,7.6,8.9,7.9,6.7,51.8
80,C,0,1,8.2,5.8,7.3,4.9,60.3
80,D,1,1,5.6,7.8,9.0,7.9,83.8
81,A,0,1,9.3,7.2,6.9,7.5,68.2
81,B,0,0,6.1,6.2,7.5,8.5,47.2
81,C,1,0,5.8,5.9,7.8,6.5,60.0
81,D,1,0,9.2,8.4,9.2,4.7,69.2
82,A,0,0,5.2,8.2,2.5,7.1,38.3
82,B,1,1,6.0,7.5,6.9,7.5,79.8
82,C,1,1,6.7,8.1,5.7,4.1,74.3
82,D,0,0,7.5,8.2,7.3,8.7,52.8
83,A,0,0,7.1,7.6,8.5,7.2,50.7
83,B,1,0,6.9,8.3,5.4,6.6,62.0
83,C,1,1,6.5,5.2,8.7,3.6,73.3
83,D,1,1,8.6,5.2,6.6,8.0,80.7
84,A,1,1,7.0,8.3,5.2,6.5,78.3
84,B,1,1,7.2,8.3,6.0,7.3,81.3
84,C,1,1,5.8,7.3,9.0,5.7,79.7
84,D,1,1,7.5,6.7,9.2,5.8,82.0
85,A,0,1,7.1,7.6,4.8,7.3,61.3
85,B,1,1,6.6,9.1,6.9,6.5,81.8
85,C,1,0,6.4,7.1,6.6,5.3,59.0
85,D,1,0,8.3,6.8,8.0,6.5,66.0
86,A,1,1,7.8,8.5,4.5,8.6,82.3
86,B,1,1,8.9,5.9,6.6,7.6,81.7
86,C,1,0,5.8,7.0,9.0,5.0,61.3
86,D,1,0,9.1,5.8,6.7,8.7,67.2
87,A,1,0,7.5,9.7,6.7,5.7,66.0
87,B,1,0,7.2,6.0,7.4,8.1,64.5
87,C,1,1,5.3,4.4,6.2,6.3,70.3
87,D,1,1,8.5,9.4,6.8,7.9,87.7
88,A,1,1,7.9,6.5,5.2,7.9,79.2
88,B,0,0,8.1,8.4,5.6,7.8,49.8
88,C,1,1,4.2,7.1,9.2,5.6,76.8
88,D,1,0,7.0,9.1,7.8,9.2,71.8
89,A,0,1,5.6,8.6,7.0,8.4,66.0
89,B,1,1,6.3,8.0,6.9,6.3,79.2
89,C,1,1,5.6,4.0,7.2,6.3,71.8
89,D,0,0,8.8,7.6,7.2,7.6,52.0
90,A,1,0,9.0,8.9,3.9,7.3,65.2
90,B,0,0,5.5,9.8,7.3,5.2,46.3
90,C,1,0,5.3,7.2,6.8,5.2,57.5
90,D,1,1,7.0,8.8,8.7,7.8,87.2
91,A,1,1,5.6,9.6,6.6,5.0,78.0
91,B,1,0,8.5,8.7,7.3,8.9,72.3
91,C,1,0,6.3,7.2,6.7,4.9,58.5
91,D,1,0,5.8,7.3,8.2,8.5,66.3
92,A,1,0,8.2,6.0,4.8,7.7,61.2
92,B,1,0,6.9,4.6,7.3,9.0,63.0
92,C,1,0,5.3,6.1,6.4,5.2,55.0
92,D,1,1,7.5,8.2,9.9,9.1,91.2
93,A,0,0,5.8,8.6,6.2,7.0,46.0
93,B,1,0,6.5,7.1,6.5,9.0,65.2
93,C,1,1,5.8,6.2,8.9,7.9,81.3
93,D,0,1,6.5,10,9.3,7.7,72.5
94,A,1,0,7.3,9.6,3.9,5.5,60.5
94,B,0,0,5.7,8.4,8.3,6.9,48.8
94,C,1,1,6.0,4.1,6.0,7.4,72.5
94,D,1,0,7.9,8.5,10,7.2,72.7
95,A,1,1,8.3,7.3,5.1,8.1,81.3
95,B,1,1,10.0,7.4,8.4,6.5,87.2
95,C,1,0,5.3,5.2,9.7,6.8,61.7
95,D,1,1,8.3,5.8,9.3,7.7,85.2
96,A,0,1,6.0,8.2,3.8,7.1,58.5
96,B,1,1,8.6,7.1,7.4,8.1,85.3
96,C,1,1,6.4,7.6,10.0,7.4,85.7
96,D,1,1,8.8,6.5,7.3,7.9,84.2
97,A,1,1,7.4,8.5,6.9,6.7,82.5
97,B,1,0,8.1,8.3,6.5,8.7,69.3
97,C,1,1,6.0,6.4,7.4,6.6,77.3
97,D,1,0,5.7,6.6,8.6,9.6,67.5
98,A,1,1,8.0,8.5,5.9,4.5,78.2
98,B,1,0,7.5,8.8,7.1,9.1,70.8
98,C,0,0,5.9,6.4,6.8,5.1,40.3
98,D,1,1,9.0,8.2,9.1,7.7,90.0
99,A,0,0,6.7,9.6,6.8,6.9,50.0
99,B,1,0,7.9,6.7,7.6,7.8,66.7
99,C,0,1,6.9,7.6,7.4,4.1,60.0
99,D,1,0,6.7,10,8.3,10,75.0
100,A,0,0,7.6,8.6,5.6,9.1,51.5
100,B,1,1,6.0,7.0,5.5,4.4,71.5
100,C,1,1,7.0,5.5,7.1,4.7,73.8
100,D,1,0,7.3,5.8,9.5,6.8,65.7
101,A,1,1,9.0,9.4,2.3,6.6,78.8
101,B,1,1,7.4,7.3,6.9,6.2,79.7
101,C,1,1,5.7,6.1,6.1,7.5,75.7
101,D,1,1,8.9,6.3,10,9.0,90.3
102,A,0,0,6.5,7.7,5.0,7.2,44.0
102,B,1,0,10,9.1,5.9,6.6,69.3
102,C,1,0,4.9,6.8,8.0,4.0,56.2
102,D,1,1,7.8,7.1,9.3,6.3,84.2
103,A,1,0,9.1,7.7,5.2,10,70.0
103,B,1,0,8.3,9.3,4.9,7.8,67.2
103,C,0,1,6.2,4.4,8.3,6.7,59.3
103,D,1,0,7.2,5.9,7.1,8.4,64.3
104,A,1,1,8.5,10,4.4,8.4,85.5
104,B,1,0,5.5,8.1,6.8,8.2,64.3
104,C,1,1,5.2,4.7,10,5.6,75.8
104,D,1,0,8.3,8.3,5.8,8.8,68.7
105,A,0,0,8.1,9.1,6.2,6.9,50.5
105,B,1,0,9.2,6.1,7.0,8.4,67.8
105,C,0,0,7.6,6.9,5.7,5.7,43.2
105,D,0,1,8.9,9.6,7.9,8.1,74.2
106,A,1,0,6.6,7.9,6.2,6.4,61.8
106,B,1,0,9.0,9.4,5.4,7.6,69.0
106,C,0,0,6.6,7.7,6.2,6.5,45.0
106,D,0,0,7.1,8.1,9.6,8.3,55.2
107,A,0,0,9.0,6.2,5.8,8.1,48.5
107,B,1,0,5.8,7.3,5.6,5.8,57.5
107,C,0,1,6.5,6.6,7.1,6.3,60.8
107,D,0,1,9.6,9.0,7.3,6.8,71.2
108,A,1,1,9.1,7.3,6.4,8.3,85.2
108,B,1,1,6.9,5.6,7.8,5.8,76.8
108,C,0,1,6.4,7.6,7.8,3.2,58.3
108,D,1,0,8.4,5.2,8.1,6.8,64.2
109,A,0,0,8.5,8.5,5.3,6.7,48.3
109,B,1,1,6.8,6.5,4.8,7.3,75.7
109,C,1,0,6.0,6.0,6.0,6.6,57.7
109,D,1,1,8.1,7.3,7.6,7.2,83.7
110,A,1,1,6.6,8.8,6.3,6.5,80.3
110,B,1,0,7.5,9.8,6.8,8.2,70.5
110,C,1,1,6.4,5.3,5.2,7.7,74.3
110,D,1,0,4.9,9.7,6.9,5.8,62.2
111,A,1,0,7.3,8.3,4.5,8.6,64.5
111,B,1,1,6.2,10,4.4,8.7,82.2
111,C,1,0,4.8,4.7,8.6,5.4,55.8
111,D,0,1,7.1,7.6,9.1,7.7,69.2
112,A,1,0,7.9,7.3,6.3,5.1,61.0
112,B,0,0,8.6,6.7,6.2,5.3,44.7
112,C,1,1,5.5,8.2,6.6,5.7,76.7
112,D,1,0,8.8,6.1,10,9.2,73.5
113,A,1,0,8.1,6.8,4.4,5.7,58.3
113,B,1,1,6.5,8.7,5.3,8.7,82.0
113,C,1,1,6.8,7.0,6.4,5.8,76.7
113,D,1,1,7.6,7.2,10,7.6,87.3
114,A,1,1,5.7,7.1,7.0,6.1,76.5
114,B,1,1,6.3,7.8,6.7,7.5,80.5
114,C,1,0,4.4,5.3,9.5,3.6,54.7
114,D,1,0,6.9,6.1,9.8,8.2,68.3
115,A,1,0,5.9,6.3,6.5,10,64.5
115,B,1,1,5.7,8.8,7.6,7.4,82.5
115,C,1,0,5.8,5.9,8.3,3.1,55.2
115,D,0,0,8.9,9.1,10,7.5,59.2
116,A,1,0,9.8,8.3,4.4,5.7,63.7
116,B,1,1,8.4,7.8,6.7,7.0,83.2
116,C,1,0,7.4,4.9,7.6,5.0,58.2
116,D,1,1,7.2,8.0,8.4,9.1,87.8
117,A,1,0,7.4,8.2,5.2,5.9,61.2
117,B,1,1,7.3,6.7,9.6,5.0,81.0
117,C,1,0,6.9,7.4,7.1,6.1,62.5
117,D,1,0,9.9,9.8,7.8,6.0,72.5
118,A,0,1,5.8,8.8,3.7,7.7,60.0
118,B,0,0,6.9,6.6,6.5,7.0,45.0
118,C,1,0,5.6,6.6,6.8,6.0,58.3
118,D,1,1,8.8,7.7,9.3,6.4,87.0
119,A,0,1,8.6,7.7,4.0,8.1,64.0
119,B,1,0,7.5,7.6,7.7,6.7,65.8
119,C,1,0,6.7,6.1,4.7,6.2,56.2
119,D,1,0,6.6,7.8,7.9,6.7,65.0
120,A,0,0,7.3,7.5,4.4,8.4,46.0
120,B,0,0,6.4,6.9,6.0,4.7,40.0
120,C,1,1,6.6,8.4,5.9,4.7,76.0
120,D,0,1,7.3,8.9,10,6.2,70.7
121,A,1,0,7.0,9.3,6.6,8.7,69.3
121,B,1,1,6.2,7.6,6.1,5.7,76.0
121,C,1,0,6.7,7.5,8.5,5.9,64.3
121,D,1,1,7.3,8.2,8.1,8.2,86.3
122,A,0,0,8.8,8.9,3.5,6.4,46.0
122,B,1,0,7.4,7.3,7.0,7.6,65.5
122,C,1,1,8.2,4.9,6.5,5.2,74.7
122,D,1,1,8.8,7.5,9.0,6.5,86.3
123,A,0,0,4.9,8.0,8.0,9.1,50.0
123,B,1,0,4.5,5.9,6.2,6.5,55.2
123,C,0,0,6.1,6.2,5.7,6.9,41.5
123,D,1,1,7.4,7.8,9.0,9.2,89.0
124,A,1,0,9.3,7.0,5.9,5.7,63.2
124,B,0,0,7.5,6.9,5.9,7.3,46.0
124,C,0,1,5.7,6.1,6.7,5.0,55.8
124,D,1,1,6.7,6.6,9.1,10,87.3
125,A,1,0,3.8,10,6.8,5.6,60.3
125,B,0,1,7.8,7.4,8.2,7.7,68.5
125,C,1,1,5.6,5.8,6.2,6.9,74.2
125,D,1,1,7.8,8.4,9.0,7.6,88.0
126,A,1,1,7.8,9.0,4.1,8.1,81.7
126,B,0,0,7.0,5.4,5.0,8.0,42.3
126,C,1,1,4.9,6.7,5.5,6.4,72.5
126,D,1,1,8.3,9.7,9.1,8.9,93.3
127,A,1,1,8.3,9.1,7.1,7.6,86.8
127,B,1,1,8.1,9.8,5.5,7.9,85.5
127,C,0,0,5.2,6.1,5.2,4.6,35.2
127,D,1,0,7.3,7.8,9.7,8.1,71.5
128,A,1,0,5.4,8.5,4.7,9.4,63.3
128,B,0,1,6.3,9.4,5.4,6.3,62.3
128,C,0,0,5.2,7.1,7.4,3.5,38.7
128,D,1,1,7.7,7.3,6.7,8.8,84.2
129,A,0,1,6.8,7.8,4.8,7.0,60.7
129,B,1,0,7.7,6.8,6.1,8.3,64.8
129,C,1,1,4.8,6.4,7.5,5.1,73.0
129,D,1,0,6.7,8.6,10,9.7,75.0
130,A,0,0,5.4,7.1,5.3,7.2,41.7
130,B,1,1,6.3,8.4,6.9,6.5,80.2
130,C,0,1,7.9,7.4,10,6.0,68.8
130,D,0,1,8.1,8.4,8.2,7.8,70.8
131,A,0,0,6.6,6.1,8.4,8.4,49.2
131,B,1,0,9.1,8.0,7.7,6.5,68.8
131,C,1,0,6.7,5.7,6.4,5.1,56.5
131,D,1,1,8.8,7.7,7.3,8.9,87.8
132,A,1,1,5.7,10,6.6,8.0,83.8
132,B,0,1,7.2,8.1,8.0,7.2,67.5
132,C,0,0,4.7,5.4,6.7,3.6,34.0
132,D,1,0,7.9,7.3,6.2,7.8,65.3
133,A,1,0,7.4,8.5,8.6,7.9,70.7
133,B,1,0,6.1,7.5,7.8,4.3,59.5
133,C,1,0,8.6,5.2,7.5,6.8,63.5
133,D,1,1,5.0,8.7,10,9.1,88.0
134,A,1,1,9.0,5.9,4.8,9.3,81.7
134,B,1,0,4.8,5.3,2.6,6.3,48.3
134,C,1,1,5.2,2.5,7.3,5.8,68.0
134,D,1,1,5.5,10,8.7,7.9,86.8
135,A,1,0,9.5,9.2,5.6,5.9,67.0
135,B,1,0,6.5,8.2,7.5,7.5,66.2
135,C,1,1,4.2,5.2,6.6,5.7,69.5
135,D,1,1,10,8.9,10.0,6.5,92.3
136,A,1,0,7.2,7.8,6.3,7.2,64.2
136,B,1,1,6.5,6.7,5.8,7.0,76.7
136,C,0,0,4.7,7.2,7.8,6.9,44.3
136,D,1,0,6.1,5.9,9.4,8.6,66.7
137,A,1,0,8.8,7.2,4.3,7.0,62.2
137,B,1,0,7.3,7.8,3.9,7.0,60.0
137,C,1,0,8.9,5.0,6.3,4.7,58.2
137,D,1,1,6.6,9.9,6.1,8.7,85.5
138,A,0,0,6.6,9.0,5.3,8.8,49.5
138,B,1,1,8.4,8.5,4.6,7.3,81.3
138,C,1,1,7.7,5.7,6.6,7.3,78.8
138,D,1,0,8.5,8.0,9.7,7.3,72.5
139,A,0,0,5.3,7.7,4.9,9.4,45.5
139,B,1,0,8.1,8.4,5.8,7.3,66.0
139,C,1,1,5.3,7.1,5.4,6.5,73.8
139,D,1,0,8.9,10,9.5,8.8,78.7
140,A,0,0,5.3,9.5,6.5,7.9,48.7
140,B,0,0,6.3,7.6,5.4,8.8,46.8
140,C,1,1,5.8,5.6,8.8,5.5,76.2
140,D,1,1,8.6,5.1,7.5,8.5,82.8
141,A,1,1,8.1,10,6.8,7.8,87.8
141,B,1,0,6.9,8.6,6.9,7.9,67.2
141,C,1,1,5.9,5.2,6.9,4.6,71.0
141,D,1,0,8.3,6.1,7.7,6.6,64.5
142,A,0,0,7.4,9.8,6.7,6.2,50.2
142,B,1,1,6.1,6.8,8.5,7.3,81.2
142,C,1,0,6.8,8.1,6.0,4.7,59.3
142,D,0,0,8.3,7.3,6.4,7.7,49.5
143,A,1,1,9.0,8.3,7.7,7.9,88.2
143,B,1,1,6.4,6.5,9.1,5.6,79.3
143,C,1,0,7.0,6.1,7.1,6.3,60.8
143,D,1,0,8.0,8.3,10,7.5,73.0
144,A,0,1,9.9,7.8,5.2,9.5,70.7
144,B,1,0,8.9,6.7,6.6,5.3,62.5
144,C,0,0,5.7,4.7,7.3,4.9,37.7
144,D,0,1,6.1,10,8.8,8.4,72.2
145,A,1,1,7.6,6.1,3.4,6.3,72.3
145,B,1,1,7.4,10,6.2,5.7,82.2
145,C,1,1,7.7,7.8,6.1,6.5,80.2
145,D,1,1,8.3,7.3,7.2,7.7,84.2
146,A,0,1,7.4,7.4,4.1,8.1,61.7
146,B,1,0,8.9,7.5,5.9,7.6,66.5
146,C,0,1,2.3,6.5,9.9,3.5,53.7
146,D,1,1,8.5,7.6,8.1,8.3,87.5
147,A,0,0,7.7,9.0,6.0,6.9,49.3
147,B,1,0,9.1,7.7,8.2,6.7,69.5
147,C,1,0,5.9,6.9,7.7,6.7,62.0
147,D,1,1,7.2,8.1,6.5,8.5,83.8
148,A,1,0,5.9,7.8,4.5,6.5,57.8
148,B,1,1,5.7,7.3,5.7,7.5,77.0
148,C,1,1,6.3,7.7,7.1,4.3,75.7
148,D,1,1,7.2,6.2,9.2,8.7,85.5
149,A,0,0,7.7,9.8,6.2,7.4,51.8
149,B,1,0,6.1,9.5,6.0,8.7,67.2
149,C,1,0,6.6,6.0,6.5,6.7,59.7
149,D,1,0,10,8.5,8.4,6.8,72.8
150,A,1,1,6.4,8.1,5.0,7.2,77.8
150,B,1,1,8.8,6.4,7.0,6.4,81.0
150,C,1,1,4.7,6.5,6.9,2.9,68.3
150,D,0,1,9.0,7.6,8.0,6.9,69.2
151,A,0,0,6.0,7.9,5.0,6.6,42.5
151,B,0,0,7.8,10,7.9,8.4,56.8
151,C,1,0,6.6,6.7,6.4,7.1,61.3
151,D,1,1,5.5,8.8,9.5,7.6,85.7
152,A,0,0,5.8,7.1,5.2,7.9,43.3
152,B,0,0,6.8,8.0,6.7,8.6,50.2
152,C,1,1,5.7,5.6,6.5,4.8,71.0
152,D,1,1,6.2,6.8,9.9,8.0,84.8
153,A,1,0,5.6,4.6,6.5,5.1,53.0
153,B,1,0,8.1,8.9,7.7,7.6,70.5
153,C,0,1,5.0,7.4,7.6,6.3,60.5
153,D,1,1,8.6,7.4,7.5,5.9,82.3
154,A,1,1,5.8,10,6.0,8.9,84.5
154,B,1,1,8.7,8.1,9.2,6.2,87.0
154,C,0,1,7.0,7.2,7.8,6.9,64.8
154,D,1,0,9.6,7.4,7.8,10,74.7
155,A,1,0,7.1,6.9,5.1,6.3,59.0
155,B,1,0,5.3,8.0,10,7.4,67.8
155,C,1,1,6.7,7.6,5.6,9.5,82.3
155,D,1,1,6.9,6.4,8.5,6.3,80.2
156,A,1,1,7.2,5.8,5.3,8.2,77.5
156,B,1,0,7.2,7.5,5.6,7.2,62.5
156,C,1,1,5.5,7.4,7.1,4.9,74.8
156,D,1,0,9.6,8.0,8.5,6.7,71.3
157,A,1,0,8.0,8.1,5.8,7.1,65.0
157,B,1,1,8.4,5.4,7.1,8.1,81.7
157,C,1,0,7.0,4.9,5.4,4.0,52.2
157,D,1,0,6.7,7.8,9.8,7.1,69.0
158,A,1,0,7.2,9.4,6.2,7.1,66.5
158,B,1,0,8.6,9.0,6.5,8.2,70.5
158,C,1,0,9.6,7.4,7.2,3.4,62.7
158,D,1,0,7.1,9.4,9.5,8.8,74.7
159,A,1,1,7.1,7.6,5.6,7.1,79.0
159,B,1,0,7.4,4.4,6.5,7.7,60.0
159,C,1,1,4.9,7.6,8.2,5.8,77.5
159,D,1,0,9.3,7.2,6.7,7.3,67.5
160,A,1,0,7.1,9.5,5.9,6.9,65.7
160,B,1,0,6.1,5.7,7.1,9.2,63.5
160,C,1,0,5.1,5.7,8.2,5.6,57.7
160,D,1,1,6.9,9.4,8.7,7.4,87.3
161,A,0,0,6.5,6.5,5.5,6.6,41.8
161,B,0,1,5.7,8.2,7.9,8.7,67.5
161,C,0,1,7.5,6.6,8.7,6.9,66.2
161,D,1,1,8.1,7.0,7.5,6.4,81.7
162,A,1,0,8.0,9.2,2.5,6.5,60.3
162,B,1,1,7.2,5.9,8.2,5.7,78.3
162,C,0,0,3.7,4.3,6.3,5.6,33.2
162,D,1,0,5.6,8.1,10,6.7,67.3
163,A,1,0,6.5,7.4,6.2,8.1,63.7
163,B,1,1,4.8,7.3,4.7,7.7,74.2
163,C,1,1,6.4,6.6,8.4,5.9,78.8
163,D,1,0,7.0,7.8,10,6.2,68.3
164,A,1,0,7.0,7.9,5.1,9.0,65.0
164,B,1,0,8.2,6.9,5.3,7.9,63.8
164,C,1,0,7.4,6.2,7.4,5.7,61.2
164,D,1,0,6.9,6.5,8.9,8.1,67.3
165,A,1,0,5.4,7.3,3.9,7.7,57.2
165,B,1,0,7.3,9.1,5.2,6.5,63.5
165,C,1,0,6.0,5.9,8.6,8.5,65.0
165,D,1,0,9.1,4.0,9.4,7.8,67.2
166,A,1,0,5.3,10,5.5,7.0,63.0
166,B,1,1,4.3,8.3,6.2,7.3,76.8
166,C,1,0,5.4,8.6,8.4,6.1,64.2
166,D,1,1,9.5,6.4,8.7,8.1,87.8
167,A,1,0,7.9,7.3,6.4,8.5,66.8
167,B,1,1,5.4,9.2,10,8.0,87.7
167,C,0,1,6.0,6.9,7.7,7.2,63.0
167,D,1,1,6.9,9.3,9.1,8.8,90.2
168,A,0,0,8.1,7.5,6.6,8.2,50.7
168,B,0,0,6.2,7.8,4.6,6.5,41.8
168,C,1,1,5.6,5.9,8.0,5.7,75.3
168,D,1,1,7.3,9.1,5.8,6.9,81.8
169,A,1,0,7.0,8.1,6.4,8.8,67.2
169,B,0,0,7.6,7.6,9.8,5.9,51.5
169,C,1,0,5.3,5.6,6.8,4.8,54.2
169,D,1,1,7.4,6.6,7.2,7.7,81.5
170,A,0,0,6.8,7.6,6.3,7.9,47.7
170,B,1,1,7.3,6.3,6.2,6.0,76.3
170,C,0,1,5.0,4.4,7.8,4.7,53.2
170,D,1,1,6.4,8.6,8.7,7.3,85.0
171,A,1,0,6.6,6.6,6.9,7.4,62.5
171,B,1,0,6.7,8.7,6.6,5.9,63.2
171,C,1,1,5.3,8.5,9.5,5.3,81.0
171,D,0,1,8.9,8.1,8.0,6.4,69.0
172,A,1,0,5.4,6.4,5.9,7.1,58.0
172,B,0,0,8.2,9.2,8.2,8.4,56.7
172,C,1,0,4.2,5.0,8.3,4.5,53.3
172,D,1,0,6.5,8.7,9.5,6.3,68.3
173,A,1,1,7.8,7.5,4.1,6.0,75.7
173,B,0,1,7.1,5.6,8.1,7.9,64.5
173,C,0,0,7.1,7.3,7.8,3.0,42.0
173,D,0,1,7.7,9.6,9.1,8.3,74.5
174,A,0,0,7.3,8.4,6.1,5.9,46.2
174,B,0,0,5.3,7.3,6.3,6.8,42.8
174,C,1,1,5.4,7.4,8.0,6.3,78.5
174,D,1,0,10,7.4,6.3,7.1,68.0
175,A,0,0,5.3,9.5,4.0,8.6,45.7
175,B,1,0,7.5,7.2,6.5,5.6,61.3
175,C,0,0,5.0,7.0,5.2,5.0,37.0
175,D,1,0,7.1,7.0,7.9,6.8,64.7
176,A,1,0,7.7,9.3,5.5,6.2,64.5
176,B,1,1,7.8,8.6,8.1,5.3,83.0
176,C,0,1,4.1,6.4,10.0,4.5,58.3
176,D,1,1,9.2,8.6,6.4,7.2,85.7
177,A,1,0,9.8,8.1,5.2,7.2,67.2
177,B,0,1,8.1,7.6,7.3,8.1,68.5
177,C,1,0,4.6,5.1,6.7,4.4,51.3
177,D,1,1,7.7,7.1,9.9,7.2,86.5
178,A,0,0,9.5,10,6.8,8.2,57.5
178,B,1,1,8.2,4.9,6.7,8.1,79.8
178,C,0,0,6.0,5.6,7.4,8.0,45.0
178,D,1,1,7.9,7.9,7.8,7.5,85.2
179,A,1,0,6.4,8.7,5.6,6.4,61.8
179,B,1,1,7.4,7.0,6.9,6.5,79.7
179,C,1,0,5.5,6.5,7.4,6.5,59.8
179,D,1,1,7.8,8.3,8.7,7.9,87.8
180,A,1,0,6.6,9.7,5.8,6.9,65.0
180,B,1,1,4.7,6.5,6.9,7.7,76.3
180,C,0,0,6.5,6.1,8.1,4.2,41.5
180,D,1,0,5.9,9.1,9.0,7.5,69.2
181,A,0,0,4.6,7.5,4.4,7.7,40.3
181,B,0,0,5.8,8.9,7.7,4.3,44.5
181,C,1,1,4.6,8.2,6.5,6.2,75.8
181,D,1,1,7.9,6.8,8.4,8.4,85.8
182,A,0,1,7.5,5.9,5.7,7.5,61.0
182,B,1,0,6.7,7.7,4.7,8.6,62.8
182,C,1,0,7.9,6.3,8.5,6.4,65.2
182,D,0,0,7.2,7.2,7.8,8.0,50.3
183,A,1,1,6.0,8.3,7.7,6.5,80.8
183,B,1,1,5.5,5.8,5.8,5.8,71.5
183,C,0,1,5.8,6.6,6.2,6.1,57.8
183,D,1,1,5.8,6.0,8.8,7.1,79.5
184,A,1,0,7.8,8.0,6.6,8.3,67.8
184,B,0,1,5.2,8.9,6.5,8.7,65.5
184,C,1,1,6.0,6.8,5.8,6.4,75.0
184,D,1,1,7.4,7.2,6.8,6.1,79.2
185,A,0,1,8.6,9.2,5.8,7.5,68.5
185,B,1,1,5.8,7.5,8.2,8.8,83.8
185,C,0,0,5.7,5.4,8.0,5.9,41.7
185,D,1,0,7.5,7.3,7.4,8.1,67.2
186,A,0,1,8.0,8.4,4.5,5.4,60.5
186,B,1,0,5.8,6.2,7.4,8.3,62.8
186,C,0,0,4.8,4.7,8.3,6.7,40.8
186,D,1,1,7.4,7.9,5.6,7.4,80.5
187,A,1,0,4.9,6.2,4.9,7.1,55.2
187,B,1,1,5.3,6.6,8.4,6.6,78.2
187,C,1,1,5.7,4.7,6.8,6.9,73.5
187,D,1,0,8.5,8.9,10,8.1,75.8
188,A,1,0,7.2,6.1,3.9,7.2,57.3
188,B,1,0,5.5,7.3,6.6,8.9,63.8
188,C,0,0,7.3,5.4,8.2,7.0,46.5
188,D,1,0,8.0,6.9,9.2,8.6,71.2
189,A,1,1,7.5,7.3,6.5,8.4,82.8
189,B,1,0,6.8,4.6,5.9,7.5,58.0
189,C,1,1,8.9,7.5,4.3,4.4,75.2
189,D,1,1,8.1,8.4,6.3,6.6,82.3
190,A,0,1,6.3,6.7,5.3,7.7,60.0
190,B,0,0,7.2,9.1,6.9,5.5,47.8
190,C,1,0,6.0,5.4,9.0,6.8,62.0
190,D,1,0,9.5,5.8,9.0,8.3,71.0
191,A,0,0,5.2,6.9,3.0,8.8,39.8
191,B,0,1,6.7,9.1,7.8,5.7,65.5
191,C,1,0,7.2,6.8,5.7,4.6,57.2
191,D,1,0,10,7.1,8.8,7.9,73.0
192,A,1,0,6.0,8.9,3.3,6.0,57.0
192,B,1,0,8.7,7.2,6.3,6.8,65.0
192,C,0,1,5.7,7.3,6.9,5.7,59.3
192,D,0,0,9.6,9.2,9.6,8.3,61.2
193,A,1,1,6.5,9.5,8.3,7.0,85.5
193,B,0,0,6.2,8.9,4.2,6.5,43.0
193,C,0,0,9.8,4.6,5.7,5.2,42.2
193,D,1,0,8.2,10,9.8,7.8,76.3
194,A,0,0,9.1,6.6,6.3,7.5,49.2
194,B,1,1,6.7,6.6,4.3,7.5,75.2
194,C,0,0,5.8,6.7,7.9,4.7,41.8
194,D,1,0,7.4,9.2,7.1,6.4,66.8
195,A,0,1,6.3,8.3,3.8,7.1,59.2
195,B,1,0,5.9,8.9,8.3,7.5,67.7
195,C,0,1,5.2,6.9,8.3,5.0,59.0
195,D,1,1,8.0,9.0,7.3,7.7,86.7
196,A,0,0,8.1,7.4,5.5,8.1,48.5
196,B,0,0,7.1,7.3,7.7,6.1,47.0
196,C,1,0,6.0,6.6,7.5,3.8,56.5
196,D,1,1,10,8.4,9.3,8.7,94.0
197,A,0,1,8.3,7.1,5.9,6.0,62.2
197,B,0,0,6.1,4.8,6.1,6.7,39.5
197,C,1,0,7.7,6.6,7.1,5.8,62.0
197,D,1,1,6.4,7.8,6.1,5.4,76.2
198,A,1,0,9.0,7.7,7.7,6.3,67.8
198,B,1,0,6.0,9.7,8.2,7.4,68.8
198,C,0,0,8.5,4.4,7.6,6.8,45.5
198,D,0,0,8.7,7.3,8.2,7.0,52.0
199,A,0,1,7.5,5.9,5.3,8.6,62.2
199,B,1,1,7.0,7.2,5.8,7.2,78.7
199,C,0,1,9.6,7.0,8.3,6.3,68.7
199,D,1,1,10,9.9,8.9,8.2,95.0
200,A,1,0,8.5,8.7,5.5,7.4,66.8
200,B,0,1,7.3,7.4,6.0,5.8,60.8
200,C,1,1,3.7,7.3,7.7,5.4,73.5
200,D,1,0,10,6.7,7.4,8.5,71.0
201,A,1,1,7.1,8.5,5.8,8.1,82.5
201,B,1,0,9.0,9.9,7.5,9.4,76.3
201,C,1,0,6.5,8.4,6.5,6.0,62.3
201,D,0,0,6.8,7.1,8.2,4.7,44.7
202,A,0,0,7.2,6.5,4.2,7.9,43.0
202,B,1,0,4.4,8.4,6.4,7.4,61.0
202,C,0,1,8.2,5.9,5.6,5.9,59.3
202,D,1,1,6.4,7.4,7.3,7.3,80.7
203,A,1,1,6.4,8.9,6.9,8.5,84.5
203,B,1,1,6.4,7.9,8.0,7.1,82.3
203,C,0,0,6.6,5.5,8.1,5.6,43.0
203,D,1,0,8.3,8.7,6.6,8.2,69.7
204,A,0,0,8.6,8.0,6.3,8.4,52.2
204,B,0,1,8.6,6.9,7.3,7.0,66.3
204,C,0,1,6.3,5.0,6.9,4.7,54.8
204,D,1,0,8.6,6.8,7.6,7.1,66.8
205,A,0,0,7.7,7.4,6.4,6.4,46.5
205,B,1,1,5.9,8.3,6.1,8.3,81.0
205,C,1,0,7.5,7.4,9.3,8.2,70.7
205,D,1,1,7.4,9.5,9.4,5.6,86.5
206,A,0,0,6.8,5.7,6.3,7.1,43.2
206,B,1,1,7.8,5.3,7.4,6.8,78.8
206,C,0,0,6.5,3.6,9.7,5.4,42.0
206,D,0,1,9.4,9.7,8.2,8.9,77.0
207,A,0,1,7.6,7.0,6.0,6.4,61.7
207,B,0,1,6.6,6.4,6.4,5.1,57.5
207,C,1,1,4.4,8.7,6.9,6.7,77.8
207,D,1,1,8.2,8.3,8.3,6.8,86.0
208,A,0,0,7.3,6.0,5.9,9.4,47.7
208,B,0,0,8.9,6.1,5.8,8.7,49.2
208,C,1,0,4.9,8.1,4.2,4.9,53.5
208,D,1,0,7.7,9.1,10,8.8,76.0
209,A,1,0,7.5,7.7,6.1,8.8,66.8
209,B,0,1,6.6,8.8,6.0,7.3,64.5
209,C,1,0,6.4,5.2,5.8,3.9,52.2
209,D,0,1,6.3,9.7,8.9,9.6,74.2
210,A,0,0,4.6,8.6,6.5,8.0,46.2
210,B,0,1,8.6,8.2,7.0,6.0,66.3
210,C,0,1,6.5,7.0,8.4,4.9,61.3
210,D,1,0,7.4,9.7,8.0,6.9,70.0
211,A,1,0,7.3,7.5,4.4,8.6,63.0
211,B,1,0,8.2,8.7,6.3,5.1,63.8
211,C,0,0,5.5,5.7,7.8,8.7,46.2
211,D,0,0,9.3,8.2,9.2,7.1,56.3
212,A,1,1,5.5,8.5,5.3,7.6,78.2
212,B,1,1,6.7,8.8,6.6,7.3,82.3
212,C,1,1,7.7,5.7,7.0,6.4,78.0
212,D,1,1,7.8,8.9,9.7,7.4,89.7
213,A,1,0,7.7,9.3,5.3,6.0,63.8
213,B,1,0,5.1,8.8,7.9,5.8,62.7
213,C,0,0,5.0,7.5,6.4,6.1,41.7
213,D,1,0,9.7,9.0,6.9,6.0,69.3
214,A,1,0,7.6,7.6,3.9,7.2,60.5
214,B,0,0,6.7,9.2,7.1,7.0,50.0
214,C,1,1,5.6,5.1,6.2,7.4,73.8
214,D,1,1,6.4,7.5,8.8,5.8,80.8
215,A,0,1,6.8,8.8,3.9,6.1,59.3
215,B,1,1,6.4,6.3,7.3,7.6,79.3
215,C,1,0,5.7,5.7,8.9,6.9,62.0
215,D,1,0,5.7,9.4,8.3,9.3,71.2
216,A,1,0,7.5,10,5.5,3.8,61.3
216,B,1,0,6.8,9.1,7.0,8.3,68.7
216,C,1,1,7.5,5.2,7.1,5.0,74.7
216,D,1,1,8.3,6.5,8.0,7.9,84.5
217,A,1,0,7.1,7.2,4.3,7.6,60.3
217,B,1,1,7.2,9.0,5.6,7.0,81.3
217,C,1,0,6.0,7.0,4.4,5.8,55.3
217,D,1,1,5.0,8.6,9.1,8.3,85.0
218,A,1,1,7.1,8.5,4.3,8.6,80.8
218,B,0,0,5.9,7.1,6.5,6.9,44.0
218,C,1,0,8.7,5.9,6.7,3.7,58.3
218,D,1,1,9.2,6.1,7.8,7.3,84.0
219,A,1,1,7.0,8.0,6.5,7.4,81.5
219,B,1,1,8.1,8.8,7.2,8.0,86.8
219,C,0,0,3.8,5.7,5.0,5.5,33.3
219,D,1,1,6.6,8.4,8.9,7.8,86.2
220,A,1,1,5.7,8.9,5.8,10,84.0
220,B,0,1,8.3,7.5,9.2,6.6,69.3
220,C,0,0,4.8,6.2,8.4,4.2,39.3
220,D,1,1,8.6,7.8,8.5,8.6,89.2
221,A,1,0,8.8,8.8,2.8,5.9,60.5
221,B,1,0,5.2,7.6,5.8,7.8,60.7
221,C,0,0,7.5,6.2,7.5,5.6,44.7
221,D,1,1,9.9,6.3,10,8.8,91.7
222,A,1,1,6.9,4.9,6.3,8.5,77.7
222,B,1,0,9.4,8.8,7.3,7.4,71.5
222,C,0,0,5.3,6.9,6.2,5.0,39.0
222,D,1,0,10,8.8,9.5,7.0,75.5
223,A,1,0,7.3,6.8,6.6,9.0,66.2
223,B,0,1,8.9,6.8,4.3,6.6,61.0
223,C,0,0,5.9,3.7,7.6,5.1,37.2
223,D,1,1,7.1,8.5,9.7,7.8,88.5
224,A,1,0,6.1,8.5,6.7,6.8,63.5
224,B,0,1,7.2,8.4,7.4,6.5,65.8
224,C,0,0,6.9,6.5,8.5,4.5,44.0
224,D,0,1,8.5,7.8,9.5,9.9,76.2
225,A,1,1,7.2,6.7,5.9,5.9,76.2
225,B,1,1,7.6,9.1,8.5,8.1,88.8
225,C,1,0,6.7,5.4,3.9,6.5,54.2
225,D,1,0,9.0,9.2,10,7.6,76.3
226,A,1,1,6.7,7.5,5.0,7.7,78.2
226,B,1,1,6.6,7.9,6.6,6.4,79.2
226,C,0,1,6.8,6.0,7.7,3.3,56.3
226,D,1,1,9.1,7.5,7.8,5.0,82.3
227,A,0,1,5.7,9.5,5.9,7.7,64.7
227,B,1,1,4.6,10,7.7,5.2,79.2
227,C,1,1,5.5,5.4,9.6,5.9,77.3
227,D,0,0,7.9,8.1,9.0,8.5,55.8
228,A,1,0,7.1,7.6,6.3,8.2,65.3
228,B,0,1,6.9,9.7,5.1,3.0,57.8
228,C,0,1,4.3,7.3,5.1,3.3,50.0
228,D,1,1,7.0,7.3,8.2,7.3,83.0
229,A,0,0,7.0,6.7,6.6,6.7,45.0
229,B,0,1,8.3,4.1,6.2,7.7,60.5
229,C,1,1,4.8,6.2,5.0,6.3,70.5
229,D,0,0,6.2,7.7,8.6,5.9,47.3
230,A,0,0,7.7,7.9,4.6,8.6,48.0
230,B,0,0,5.2,6.9,5.0,8.7,43.0
230,C,0,0,6.4,3.6,7.0,5.5,37.5
230,D,1,0,7.6,6.4,6.2,6.9,61.8
231,A,0,1,9.0,9.0,7.2,10.0,75.3
231,B,0,0,9.2,8.0,9.2,7.1,55.8
231,C,0,1,5.3,6.4,6.0,6.8,57.5
231,D,1,0,7.7,8.2,8.6,8.2,71.2
232,A,1,0,7.5,8.4,5.7,7.5,65.2
232,B,1,1,9.0,7.1,8.1,6.7,84.8
232,C,0,1,6.7,6.7,4.2,5.2,54.7
232,D,0,0,8.3,7.0,8.3,9.5,55.2
233,A,1,1,7.3,10,5.1,6.4,81.3
233,B,1,0,5.0,7.0,8.4,5.8,60.3
233,C,0,0,7.7,7.3,8.5,4.9,47.3
233,D,1,1,10,6.4,8.9,5.3,84.3
234,A,1,0,8.9,7.6,4.3,8.0,64.7
234,B,1,1,7.5,7.4,6.4,9.5,84.7
234,C,1,0,5.1,3.9,7.6,8.9,59.2
234,D,1,0,7.2,7.8,9.4,7.4,69.7
235,A,1,1,7.8,8.1,5.2,7.8,81.5
235,B,0,1,8.3,7.2,5.5,5.7,61.2
235,C,0,1,6.3,5.3,10,6.9,64.2
235,D,1,1,6.7,4.8,6.6,8.3,77.3
236,A,1,0,5.8,8.8,7.1,8.0,66.2
236,B,1,0,7.0,7.3,7.0,3.7,58.3
236,C,1,0,7.0,7.4,7.4,7.9,66.2
236,D,1,0,7.1,6.5,8.3,6.7,64.3
237,A,1,1,6.2,8.4,5.6,6.6,78.0
237,B,0,1,9.3,8.9,7.4,7.8,72.3
237,C,0,0,4.9,6.0,4.9,9.4,42.0
237,D,1,1,9.5,7.8,8.1,8.9,90.5
238,A,1,1,7.1,7.4,6.6,7.4,80.8
238,B,0,0,6.5,6.9,6.1,8.5,46.7
238,C,1,0,4.9,7.8,5.1,5.3,55.2
238,D,0,0,8.7,8.6,8.4,7.6,55.5
239,A,1,0,9.5,8.1,5.7,8.4,69.5
239,B,1,1,7.1,7.5,7.4,7.0,81.7
239,C,0,0,7.8,9.6,7.7,6.2,52.2
239,D,1,1,7.5,7.3,8.0,5.9,81.2
240,A,0,1,7.1,9.3,3.7,8.5,64.3
240,B,1,0,7.8,8.0,8.7,7.6,70.2
240,C,0,0,6.1,4.3,6.2,6.0,37.7
240,D,1,0,7.3,8.6,9.1,8.8,73.0
241,A,1,0,6.0,9.6,6.3,7.9,66.3
241,B,1,0,6.6,9.0,7.6,7.5,67.8
241,C,1,1,8.0,7.7,9.1,6.8,86.0
241,D,1,1,9.6,6.7,7.4,6.5,83.7
242,A,0,1,8.0,7.6,4.6,6.1,60.5
242,B,0,1,6.4,7.8,10,7.8,70.0
242,C,0,0,4.3,6.3,8.2,5.3,40.2
242,D,1,1,8.7,6.8,9.1,8.3,88.2
243,A,1,1,5.7,8.4,4.6,8.4,78.5
243,B,0,1,7.3,7.8,7.0,5.9,63.3
243,C,1,1,6.1,7.5,5.6,5.8,75.0
243,D,0,0,10,8.1,8.2,7.8,56.8
244,A,0,1,6.3,7.5,6.1,7.4,62.2
244,B,1,0,6.1,7.5,3.0,8.7,58.8
244,C,1,1,5.6,6.2,9.6,4.4,76.3
244,D,0,1,6.9,7.6,10,8.7,72.0
245,A,0,0,6.5,7.8,5.9,8.0,47.0
245,B,1,1,8.0,7.6,4.5,6.6,77.8
245,C,1,0,7.0,6.9,7.1,6.9,63.2
245,D,1,1,7.8,7.6,8.8,10,90.3
246,A,1,1,5.5,8.8,7.5,7.7,82.5
246,B,1,1,5.5,8.1,7.9,6.9,80.7
246,C,0,0,7.3,5.4,7.2,3.8,39.5
246,D,1,0,7.9,6.4,5.8,6.8,61.5
247,A,0,1,6.4,9.2,7.1,6.9,66.0
247,B,0,0,7.4,9.7,5.0,6.6,47.8
247,C,0,1,3.9,5.8,7.9,4.2,53.0
247,D,1,0,9.6,8.5,8.6,7.0,72.8
248,A,1,0,7.5,9.2,6.7,8.5,69.8
248,B,1,1,10,10,6.8,7.0,89.7
248,C,1,0,3.3,6.3,7.3,4.3,52.0
248,D,1,0,7.1,10,9.3,7.2,72.7
249,A,0,0,8.9,8.2,7.2,7.9,53.7
249,B,1,1,5.8,7.3,7.0,9.3,82.3
249,C,1,1,7.1,5.8,7.6,4.3,74.7
249,D,0,1,7.4,3.9,7.5,8.1,61.5
250,A,1,1,7.6,8.7,5.7,7.4,82.3
250,B,1,0,7.5,8.1,7.5,6.2,65.5
250,C,0,0,7.3,5.9,4.6,5.1,38.2
250,D,1,0,9.2,7.5,7.9,5.4,66.7
251,A,1,1,9.1,7.5,8.3,6.6,85.8
251,B,1,0,8.1,8.3,8.1,7.7,70.3
251,C,1,0,6.6,5.8,5.7,5.3,55.7
251,D,1,0,8.7,8.4,8.7,6.9,71.2
252,A,0,0,7.6,7.8,5.7,5.9,45.0
252,B,1,0,6.8,6.2,5.3,6.4,57.8
252,C,0,1,3.4,6.4,8.5,5.2,55.8
252,D,1,1,7.0,6.7,10,7.8,85.8
253,A,0,0,5.9,8.3,6.1,10,50.5
253,B,0,0,6.3,7.2,4.8,9.0,45.5
253,C,1,1,5.5,7.7,6.4,6.4,76.7
253,D,1,0,6.5,6.0,7.6,7.9,63.3
254,A,1,1,8.4,6.6,5.3,10,83.8
254,B,0,1,4.6,6.9,5.0,5.6,53.5
254,C,1,0,5.8,6.9,6.6,7.2,60.8
254,D,1,1,8.2,7.6,7.6,7.7,85.2
255,A,1,0,8.3,9.2,5.9,7.8,68.7
255,B,1,0,7.5,8.1,5.9,5.9,62.3
255,C,1,1,6.3,7.3,8.4,6.7,81.2
255,D,1,0,9.5,8.0,8.3,8.1,73.2
256,A,1,1,6.6,6.6,4.0,7.4,74.3
256,B,1,0,7.5,7.2,6.1,7.0,63.0
256,C,1,1,5.9,8.1,5.4,5.0,74.0
256,D,1,1,9.6,8.3,6.5,6.7,85.2
257,A,1,1,9.2,9.5,6.2,8.3,88.7
257,B,1,0,7.4,8.5,8.7,5.9,67.5
257,C,1,0,6.0,6.7,6.7,3.9,55.5
257,D,1,1,9.3,10,6.5,8.9,91.2
258,A,1,1,7.3,7.7,7.1,9.9,86.7
258,B,1,1,5.6,7.7,9.6,6.9,83.0
258,C,1,1,5.5,6.8,7.2,4.8,73.8
258,D,1,1,8.3,6.6,8.4,6.2,82.5
259,A,0,1,6.9,7.0,6.3,5.2,59.0
259,B,1,1,5.5,7.0,6.1,6.1,74.5
259,C,1,0,6.0,5.2,8.3,5.9,59.0
259,D,1,0,10,8.6,9.8,6.7,75.2
260,A,1,0,8.8,6.4,4.1,8.7,63.3
260,B,1,0,7.9,7.3,7.0,7.9,66.8
260,C,0,0,7.0,7.7,8.4,5.4,47.5
260,D,0,1,9.9,8.5,6.9,10,75.5
261,A,1,0,7.0,4.7,4.9,7.8,57.3
261,B,1,1,9.2,5.2,7.8,8.0,83.7
261,C,1,0,4.9,8.7,7.1,5.9,61.0
261,D,1,1,7.6,7.7,5.6,8.6,82.5
262,A,1,0,8.2,7.7,4.3,7.7,63.2
262,B,0,1,8.5,6.0,5.6,6.4,60.8
262,C,1,0,7.8,5.9,8.6,6.0,63.8
262,D,1,1,8.7,9.6,7.4,8.1,89.7
263,A,1,0,6.6,9.4,4.7,5.9,61.0
263,B,1,1,7.7,9.0,7.5,6.8,85.0
263,C,0,1,7.4,4.2,6.3,5.3,55.3
263,D,1,1,8.6,8.6,8.8,7.0,88.3
264,A,1,1,8.9,7.7,5.9,8.8,85.5
264,B,1,1,6.5,6.4,7.2,5.5,76.0
264,C,1,1,5.4,7.8,7.4,6.2,78.0
264,D,1,1,7.9,7.9,9.6,7.8,88.7
265,A,1,1,9.2,6.7,4.2,8.2,80.5
265,B,1,1,6.3,8.1,7.7,9.2,85.5
265,C,1,1,5.6,5.1,9.1,7.2,78.3
265,D,1,0,8.2,7.2,8.1,6.9,67.3
266,A,1,0,7.9,9.0,2.4,7.8,61.8
266,B,1,1,8.4,7.7,6.7,7.2,83.3
266,C,1,1,6.0,4.8,7.9,5.5,73.7
266,D,1,1,6.7,6.9,7.3,8.0,81.5
267,A,1,1,6.5,8.0,7.0,7.9,82.3
267,B,1,0,4.8,5.5,6.4,6.9,56.0
267,C,0,1,6.4,7.0,7.9,4.6,59.8
267,D,1,0,8.8,9.1,9.8,7.9,76.0
268,A,1,0,10,8.1,7.7,7.8,72.7
268,B,1,0,7.3,6.6,8.2,7.7,66.3
268,C,1,1,5.1,6.0,8.0,6.6,76.2
268,D,1,1,8.6,6.7,9.2,7.2,86.2
269,A,0,1,7.5,6.3,4.5,8.7,61.7
269,B,0,1,6.9,5.8,5.8,6.3,58.0
269,C,1,1,6.4,4.6,4.9,7.9,73.0
269,D,1,0,8.9,9.0,9.7,7.4,75.0
270,A,1,0,7.8,8.0,3.8,9.5,65.2
270,B,0,0,7.5,6.1,5.6,4.4,39.3
270,C,1,1,6.4,7.6,7.8,5.1,78.2
270,D,1,1,8.5,9.2,8.1,8.1,89.8
271,A,1,1,7.5,7.6,4.8,9.4,82.2
271,B,1,0,7.5,6.8,8.8,6.5,66.0
271,C,1,0,6.6,6.1,7.4,6.8,61.5
271,D,1,0,5.4,8.3,5.0,6.8,59.2
272,A,0,1,5.5,8.6,4.2,10,63.8
272,B,1,1,6.7,7.5,6.7,8.8,82.8
272,C,1,0,4.1,6.3,7.1,5.8,55.5
272,D,1,1,8.1,9.3,6.6,6.2,83.7
273,A,1,0,6.7,7.8,5.5,7.3,62.2
273,B,0,0,8.8,8.6,6.9,5.9,50.3
273,C,1,1,4.4,7.5,8.1,6.4,77.3
273,D,1,0,7.2,8.7,6.8,6.5,65.3
274,A,1,0,7.0,7.0,4.8,5.4,57.0
274,B,1,1,6.1,7.2,6.4,5.5,75.3
274,C,1,1,5.7,4.2,6.8,4.9,69.3
274,D,0,1,6.6,7.2,9.7,8.8,70.5
275,A,0,0,7.6,9.7,5.3,6.9,49.2
275,B,1,0,7.0,9.2,8.0,9.2,72.3
275,C,0,1,8.9,6.4,7.6,6.9,66.3
275,D,0,1,7.5,8.3,8.2,7.1,68.5
276,A,0,0,7.8,8.9,3.9,7.4,46.7
276,B,0,1,6.0,7.7,8.4,4.2,60.5
276,C,0,0,6.8,3.3,6.7,6.8,39.3
276,D,1,1,8.8,6.6,10,6.8,87.0
277,A,1,1,7.0,7.7,5.5,8.7,81.5
277,B,0,0,7.9,6.9,7.8,9.1,52.8
277,C,1,1,7.3,6.1,7.4,4.3,75.2
277,D,1,1,8.3,8.3,10,6.7,88.8
278,A,1,1,5.8,8.4,5.7,7.8,79.5
278,B,1,1,7.6,8.9,5.3,8.0,83.0
278,C,1,0,6.8,7.4,6.8,5.7,61.2
278,D,1,1,6.5,7.2,8.5,8.3,84.2
279,A,1,0,6.9,6.9,6.5,10,67.2
279,B,1,1,8.0,9.9,7.5,5.8,85.3
279,C,1,1,5.5,5.4,8.0,5.0,73.2
279,D,0,1,7.3,10,7.5,5.7,67.5
280,A,0,0,7.7,6.8,6.2,5.5,43.7
280,B,0,0,5.6,9.5,8.1,6.1,48.8
280,C,0,1,6.6,7.2,6.9,8.4,65.2
280,D,1,0,8.5,7.3,7.6,8.0,69.0
281,A,1,0,7.6,7.6,5.7,7.6,64.2
281,B,0,0,8.8,6.9,7.8,6.2,49.5
281,C,1,1,4.1,4.5,8.7,4.1,69.0
281,D,1,0,7.8,5.4,7.2,5.8,60.3
282,A,0,0,6.7,9.1,6.0,5.8,46.0
282,B,1,0,7.4,4.9,5.0,6.8,56.8
282,C,1,1,7.1,5.3,6.3,5.2,73.2
282,D,1,0,8.4,9.7,6.5,7.4,70.0
283,A,1,0,8.5,8.6,6.0,4.8,63.2
283,B,1,0,5.8,8.8,8.0,5.2,63.0
283,C,1,0,3.1,6.6,7.4,6.8,56.5
283,D,1,1,4.8,7.4,9.9,7.9,83.3
284,A,1,1,7.4,8.6,5.6,7.0,81.0
284,B,1,0,5.8,7.9,6.1,6.2,60.0
284,C,0,1,4.4,6.3,8.2,4.0,54.8
284,D,1,0,8.2,6.6,8.5,6.6,66.5
285,A,1,0,6.5,7.1,5.4,5.6,57.7
285,B,0,0,9.6,9.9,4.5,7.5,52.5
285,C,0,1,4.3,4.5,8.2,4.4,52.3
285,D,1,1,7.9,8.5,7.8,7.2,85.7
286,A,0,0,9.4,6.4,3.1,8.0,44.8
286,B,1,1,7.7,7.1,9.2,7.6,86.0
286,C,1,0,4.2,5.5,5.5,5.7,51.5
286,D,1,1,8.2,7.8,9.4,5.8,85.3
287,A,1,1,8.4,8.6,8.0,7.4,87.3
287,B,1,1,5.1,7.4,5.4,8.2,76.8
287,C,1,1,6.6,3.7,10,6.2,77.5
287,D,1,0,8.2,8.6,8.8,8.2,73.0
288,A,1,0,8.8,9.1,6.0,7.8,69.5
288,B,1,1,8.1,4.3,5.5,7.0,74.8
288,C,0,0,5.1,7.3,9.2,6.4,46.7
288,D,0,1,9.2,8.3,8.6,8.3,74.0
289,A,0,0,5.1,6.6,5.4,8.9,43.3
289,B,1,1,8.1,8.3,6.7,7.6,84.5
289,C,1,0,5.8,6.8,7.5,8.1,63.7
289,D,1,0,9.5,6.3,8.1,9.7,72.7
290,A,1,1,8.1,9.4,5.3,8.6,85.7
290,B,1,1,5.3,8.4,7.3,5.0,76.7
290,C,1,1,4.4,6.0,7.8,4.6,71.3
290,D,1,0,7.0,8.7,10,5.9,69.3
291,A,0,1,6.1,5.1,7.1,6.4,57.8
291,B,0,1,5.6,8.6,7.0,5.9,61.8
291,C,0,0,6.0,7.9,7.9,3.4,42.0
291,D,1,0,7.2,8.0,8.2,8.4,69.7
292,A,1,1,6.6,8.8,4.5,7.4,78.8
292,B,1,0,8.7,9.5,7.2,8.0,72.3
292,C,0,1,7.5,7.1,7.6,7.2,65.7
292,D,1,1,8.7,8.4,8.9,7.0,88.3
293,A,0,0,8.0,9.8,6.2,6.6,51.0
293,B,1,0,6.5,8.8,4.8,5.9,60.0
293,C,1,1,4.9,3.3,7.8,5.7,69.5
293,D,1,0,10,7.5,6.9,8.0,70.7
294,A,0,0,7.6,8.6,6.2,5.5,46.5
294,B,0,0,6.4,7.9,7.2,7.9,49.0
294,C,1,0,2.4,8.3,7.0,4.1,53.0
294,D,1,1,7.4,7.1,5.9,10,84.0
295,A,1,1,8.9,7.3,6.9,7.9,85.0
295,B,1,0,7.1,9.8,7.3,6.7,68.2
295,C,0,0,5.4,7.1,6.4,4.2,38.5
295,D,1,1,9.1,7.5,9.1,7.3,88.3
296,A,1,0,6.3,6.7,4.0,6.8,56.3
296,B,1,0,6.6,8.7,5.5,6.6,62.3
296,C,1,0,5.7,6.5,5.6,6.4,57.0
296,D,0,1,9.7,7.0,8.9,7.2,71.3
297,A,0,0,6.0,8.3,3.5,6.6,40.7
297,B,1,1,9.9,8.8,8.6,7.5,91.3
297,C,1,0,5.4,6.4,7.7,4.5,56.7
297,D,0,1,9.1,8.3,7.9,4.7,66.7
298,A,1,0,9.6,7.7,5.6,6.2,65.2
298,B,1,0,6.8,8.3,6.8,4.9,61.3
298,C,0,0,7.3,5.4,5.6,4.6,38.2
298,D,1,1,7.2,8.9,6.5,8.6,85.3
299,A,1,0,7.5,7.1,7.7,6.9,65.3
299,B,1,1,6.1,8.1,4.4,7.0,76.0
299,C,0,1,5.8,4.7,9.0,4.7,57.0
299,D,1,1,8.7,9.1,7.8,8.0,89.3
300,A,1,0,6.5,7.4,7.5,9.0,67.3
300,B,1,0,7.6,6.4,10,8.7,71.2
300,C,0,1,5.3,4.6,7.5,5.5,54.8
300,D,1,1,9.4,7.2,7.4,8.0,86.7
301,A,1,0,9.0,9.0,5.7,10.0,72.8
301,B,0,0,6.7,7.1,5.6,6.6,43.3
301,C,0,1,5.1,7.6,7.8,7.2,62.8
301,D,1,1,9.4,7.2,8.0,7.7,87.2
302,A,1,1,9.0,7.2,5.5,9.4,85.2
302,B,1,1,6.2,5.0,6.4,6.3,73.2
302,C,0,1,6.9,8.4,6.8,4.7,61.3
302,D,1,0,6.1,9.2,9.6,7.4,70.5
303,A,1,0,7.3,9.6,6.0,9.1,70.0
303,B,0,1,5.5,8.9,8.0,6.7,65.2
303,C,0,0,7.0,7.0,8.8,3.9,44.5
303,D,0,1,10,9.0,8.4,6.4,73.0
304,A,1,0,8.0,8.7,3.1,8.8,64.3
304,B,0,0,7.2,9.3,5.1,6.8,47.3
304,C,0,0,6.5,7.1,6.6,5.6,43.0
304,D,1,1,6.4,7.6,9.3,6.9,83.7
305,A,1,1,7.2,10,5.3,9.5,86.7
305,B,0,1,5.1,8.0,5.8,5.9,58.0
305,C,1,0,8.0,4.3,6.2,4.1,54.3
305,D,0,0,9.3,6.2,8.3,5.4,48.7
306,A,1,1,7.2,8.6,4.6,9.2,82.7
306,B,0,0,7.8,8.9,6.0,7.0,49.5
306,C,1,0,6.1,7.2,6.4,7.9,62.7
306,D,1,1,6.5,8.7,7.1,5.0,78.8
307,A,1,0,6.4,7.4,6.0,9.5,65.5
307,B,1,0,7.2,8.9,5.6,7.4,65.2
307,C,1,0,4.5,7.1,7.2,8.0,61.3
307,D,0,1,8.8,7.7,9.8,7.4,72.8
308,A,1,0,4.6,8.7,5.2,6.3,58.0
308,B,1,1,7.1,8.4,6.9,6.9,82.2
308,C,1,1,6.5,6.7,6.7,4.7,74.3
308,D,1,0,10,9.3,9.1,7.0,75.7
309,A,1,1,8.3,7.6,4.4,7.7,80.0
309,B,1,0,4.2,7.0,6.6,5.8,56.0
309,C,1,1,6.1,7.3,8.0,5.8,78.7
309,D,1,1,7.9,6.0,8.6,6.0,80.8
310,A,1,0,7.5,8.7,6.1,7.6,66.5
310,B,1,1,5.8,8.1,6.5,6.5,78.2
310,C,1,0,5.5,7.9,6.0,4.3,56.2
310,D,0,1,8.7,6.8,9.3,8.1,71.5
311,A,0,1,6.6,8.0,6.8,6.5,63.2
311,B,0,1,6.3,8.1,8.3,7.0,66.2
311,C,0,1,7.9,6.4,7.1,6.5,63.2
311,D,1,0,8.0,9.8,9.9,9.7,79.0
312,A,1,1,5.7,8.6,5.3,7.2,78.0
312,B,0,1,6.2,7.6,8.4,6.4,64.3
312,C,1,1,6.3,7.6,7.2,4.7,76.3
312,D,1,1,10,9.0,7.4,7.4,89.7
313,A,1,1,5.7,7.6,7.1,7.1,79.2
313,B,1,1,8.6,8.8,8.7,8.2,90.5
313,C,0,1,5.7,5.6,7.7,4.9,56.5
313,D,1,1,8.6,6.9,7.5,6.4,82.3
314,A,1,1,5.8,8.9,4.3,8.5,79.2
314,B,1,0,7.5,4.8,7.5,6.9,61.2
314,C,1,0,7.5,8.7,9.0,5.3,67.5
314,D,0,1,10,6.7,5.4,8.2,67.2
315,A,1,0,7.1,8.3,5.5,6.6,62.5
315,B,1,0,7.9,7.4,7.5,8.5,68.8
315,C,1,1,5.7,7.9,4.7,4.6,71.5
315,D,1,0,7.7,7.9,8.8,8.4,71.3
316,A,1,1,9.4,9.6,5.6,6.3,84.8
316,B,1,1,5.9,9.4,6.0,6.2,79.2
316,C,1,1,5.9,5.4,7.5,4.8,72.7
316,D,1,0,9.4,7.2,7.8,8.1,70.8
317,A,1,0,7.0,8.2,3.8,7.2,60.3
317,B,0,0,7.6,7.9,8.2,6.8,50.8
317,C,0,0,3.5,6.9,7.6,5.1,38.5
317,D,0,0,8.7,9.0,8.0,4.7,50.7
318,A,1,0,5.4,7.2,5.8,8.1,60.8
318,B,0,0,8.1,7.3,8.0,7.5,51.5
318,C,0,0,6.4,5.3,6.6,7.1,42.3
318,D,0,1,9.3,8.8,9.0,9.2,77.2
319,A,0,0,6.2,7.4,3.3,7.6,40.8
319,B,1,0,6.9,5.9,4.9,8.2,59.8
319,C,1,0,7.7,6.3,9.7,6.5,67.0
319,D,1,1,9.0,7.1,8.3,6.6,85.0
320,A,1,0,6.5,9.0,7.4,8.9,69.7
320,B,1,1,8.4,5.1,6.1,7.7,78.8
320,C,1,1,5.3,4.6,7.2,5.4,70.8
320,D,1,0,9.7,5.5,9.9,8.1,72.0
321,A,0,1,7.1,8.4,2.5,7.3,58.8
321,B,1,0,4.1,9.1,6.9,7.9,63.3
321,C,1,1,5.5,4.6,7.8,5.3,72.0
321,D,1,0,10,9.7,6.2,7.9,73.0
322,A,1,0,6.9,7.8,2.9,8.3,59.8
322,B,1,0,7.9,7.0,8.3,6.5,66.2
322,C,1,1,6.1,6.3,6.2,5.9,74.2
322,D,1,1,8.0,7.3,6.4,6.7,80.7
323,A,1,0,8.1,8.0,5.1,6.2,62.3
323,B,1,1,6.2,8.8,7.2,5.1,78.8
323,C,1,0,6.3,7.2,8.3,4.5,60.5
323,D,1,1,8.9,8.9,9.0,7.3,90.2
324,A,0,1,8.8,9.3,5.8,7.1,68.3
324,B,1,1,5.9,8.3,7.0,6.7,79.8
324,C,0,0,4.7,6.8,8.4,5.8,42.8
324,D,1,0,6.1,9.9,8.5,5.9,67.3
325,A,0,0,7.1,8.1,5.5,5.2,43.2
325,B,0,1,7.2,7.3,6.2,7.4,63.5
325,C,0,0,5.3,6.3,7.5,5.1,40.3
325,D,0,1,7.8,8.0,7.6,10,72.3
326,A,1,1,7.5,8.7,5.1,8.3,82.7
326,B,1,0,6.1,6.7,6.4,8.4,62.7
326,C,1,1,4.4,5.8,6.0,7.8,73.3
326,D,1,1,7.8,7.4,9.9,8.1,88.7
327,A,1,0,6.6,8.0,6.6,8.4,66.0
327,B,1,0,7.1,8.3,5.3,6.3,61.7
327,C,1,1,7.1,7.8,7.6,6.7,82.0
327,D,1,1,9.2,9.1,8.7,6.8,89.7
328,A,0,1,4.2,6.6,5.5,5.4,52.8
328,B,0,0,9.5,8.4,9.1,6.6,56.0
328,C,0,1,7.1,6.7,7.4,7.6,64.7
328,D,1,0,6.2,6.1,7.4,9.8,65.8
329,A,0,1,9.9,9.1,4.1,9.1,70.3
329,B,0,0,8.3,7.0,7.3,10,54.3
329,C,1,1,5.9,6.5,7.4,4.0,73.0
329,D,1,1,6.8,9.5,4.9,4.7,76.5
330,A,1,0,6.2,6.8,4.2,9.0,60.3
330,B,0,0,7.6,6.7,7.1,7.6,48.3
330,C,0,0,7.5,5.5,7.6,9.4,50.0
330,D,1,0,8.0,7.9,9.5,7.2,71.0
331,A,1,0,9.3,6.8,6.0,9.2,68.8
331,B,1,0,8.0,8.8,8.9,8.0,72.8
331,C,1,0,6.6,6.8,7.1,5.8,60.5
331,D,1,1,7.7,7.4,10,8.3,89.0
332,A,1,1,8.4,7.7,4.2,8.8,81.8
332,B,0,1,6.5,5.7,5.0,7.2,57.3
332,C,1,1,7.6,7.6,4.9,6.0,76.8
332,D,1,1,7.3,7.7,7.3,8.9,85.3
333,A,0,1,8.7,10,6.3,9.2,73.7
333,B,1,1,6.3,8.0,7.9,8.0,83.7
333,C,1,1,6.5,7.2,7.6,5.7,78.3
333,D,1,1,6.0,9.7,10,6.4,86.8
334,A,1,0,5.5,9.4,5.7,8.2,64.7
334,B,0,0,5.3,5.3,6.8,6.1,39.2
334,C,1,0,6.8,3.8,9.1,6.2,59.8
334,D,0,1,7.5,9.2,9.3,6.0,70.0
335,A,1,0,6.1,7.7,5.6,5.8,58.7
335,B,1,1,6.2,8.6,6.2,5.7,77.8
335,C,1,1,6.7,5.2,8.4,4.3,74.3
335,D,1,1,10.0,7.2,6.8,6.5,84.2
336,A,1,0,8.4,5.9,3.8,6.6,57.8
336,B,1,1,5.8,4.7,7.3,9.4,78.7
336,C,1,1,5.9,7.0,7.7,4.9,75.8
336,D,0,0,8.0,7.1,8.0,7.2,50.5
337,A,0,0,6.1,8.9,6.3,7.6,48.2
337,B,1,1,6.6,9.3,5.0,4.6,75.8
337,C,0,1,5.4,6.9,6.3,5.4,56.7
337,D,0,0,8.0,7.7,6.9,7.4,50.0
338,A,1,0,6.4,5.6,5.2,7.8,58.3
338,B,1,1,7.4,8.6,8.6,6.7,85.5
338,C,1,1,7.5,6.3,7.4,5.5,77.8
338,D,1,0,9.4,6.3,9.3,6.1,68.5
339,A,0,0,9.9,8.1,6.5,7.6,53.5
339,B,0,0,5.6,5.0,6.1,7.0,39.5
339,C,0,1,5.5,6.3,7.9,4.2,56.5
339,D,1,1,6.6,7.2,10,8.5,87.2
340,A,1,0,7.1,9.8,5.8,6.6,65.5
340,B,1,0,7.3,6.4,6.8,6.0,60.8
340,C,1,1,7.8,6.2,7.8,7.2,81.7
340,D,1,1,8.8,9.6,7.8,10,93.7
341,A,1,0,8.2,10,7.3,9.5,75.0
341,B,1,0,8.0,6.9,6.3,7.7,64.8
341,C,1,1,6.4,4.7,8.4,6.1,76.0
341,D,0,0,8.4,8.5,9.9,5.2,53.3
342,A,0,0,7.1,9.5,5.9,8.2,51.2
342,B,1,0,6.1,8.5,6.5,4.7,59.7
342,C,0,0,4.5,8.3,7.2,5.1,41.8
342,D,0,0,7.5,7.4,5.8,5.8,44.2
343,A,0,0,10,9.2,5.8,7.3,53.8
343,B,1,1,7.2,5.6,6.5,6.6,76.5
343,C,1,0,5.6,8.4,8.5,6.4,64.8
343,D,1,1,8.7,7.7,8.4,8.1,88.2
344,A,0,0,8.6,8.4,6.1,8.1,52.0
344,B,1,1,7.3,5.4,6.7,6.6,76.7
344,C,1,1,4.5,7.0,5.6,5.4,70.8
344,D,1,1,8.9,5.6,9.9,6.2,84.3
345,A,1,0,8.3,8.9,4.7,9.8,69.5
345,B,0,0,7.5,8.6,6.3,4.6,45.0
345,C,1,1,5.7,7.6,6.5,5.9,76.2
345,D,1,0,8.1,7.6,8.6,7.6,69.8
346,A,0,0,6.6,9.2,5.5,8.9,50.3
346,B,0,1,7.0,7.6,9.2,8.4,70.3
346,C,1,1,5.3,5.8,8.2,5.9,75.3
346,D,1,1,7.2,8.5,7.6,8.8,86.8
347,A,1,0,7.2,9.8,7.9,8.0,71.5
347,B,1,1,6.8,5.8,7.4,7.0,78.3
347,C,0,1,7.9,4.5,6.7,5.7,58.0
347,D,1,1,8.1,7.1,10,7.2,87.3
348,A,1,1,7.5,6.4,5.5,8.1,79.2
348,B,0,0,7.7,9.2,6.5,7.4,51.3
348,C,0,1,5.0,7.6,6.5,4.7,56.3
348,D,1,0,6.6,8.4,6.8,9.2,68.3
349,A,0,0,6.7,8.4,4.2,6.7,43.3
349,B,0,1,3.6,5.8,6.4,6.7,54.2
349,C,1,0,7.4,8.2,7.1,5.3,63.3
349,D,1,0,7.8,7.5,8.2,6.0,65.8
350,A,0,0,7.4,7.2,5.0,7.0,44.3
350,B,1,1,7.1,8.7,7.7,7.8,85.5
350,C,1,1,5.5,8.6,7.7,6.5,80.5
350,D,0,1,9.3,7.4,6.6,5.8,65.2
351,A,1,0,8.6,10,5.9,10,74.2
351,B,1,1,5.9,6.0,8.1,8.2,80.3
351,C,1,0,7.0,6.2,7.9,3.2,57.2
351,D,1,1,6.8,10,7.9,7.5,87.0
352,A,1,0,8.2,8.2,6.6,5.2,63.7
352,B,1,0,6.4,8.0,9.1,7.8,68.8
352,C,0,1,5.2,6.7,8.0,5.1,58.3
352,D,1,1,9.5,9.7,10,9.0,97.0
353,A,0,0,6.1,8.0,7.0,6.8,46.5
353,B,1,0,5.4,6.7,5.4,8.1,59.3
353,C,0,0,5.7,6.7,8.0,5.8,43.7
353,D,0,0,8.8,9.0,4.8,7.5,50.2
354,A,0,0,6.6,10.0,3.6,8.1,47.2
354,B,1,1,8.0,7.2,7.7,9.9,88.0
354,C,1,0,4.5,6.3,6.5,4.5,53.0
354,D,1,0,8.4,10,7.9,7.3,72.7
355,A,0,1,9.0,8.7,7.0,6.0,67.8
355,B,0,0,6.8,8.2,7.1,8.7,51.3
355,C,0,1,7.8,9.2,7.0,4.3,63.8
355,D,1,1,7.1,8.5,8.1,8.9,87.7
356,A,1,0,7.1,10,5.1,7.7,66.5
356,B,1,1,6.5,7.7,7.8,7.5,82.5
356,C,1,0,7.9,7.4,5.9,4.6,59.7
356,D,0,0,6.1,6.4,8.2,8.6,48.8
357,A,1,0,7.6,9.6,5.3,8.6,68.5
357,B,1,1,6.7,8.2,6.0,5.8,77.8
357,C,0,0,6.4,7.4,6.6,5.1,42.5
357,D,0,0,9.1,6.1,7.0,8.1,50.5
358,A,0,1,9.0,7.0,5.4,8.9,67.2
358,B,1,0,6.2,7.1,7.4,9.0,66.2
358,C,1,0,4.6,7.2,8.5,4.0,57.2
358,D,1,1,8.2,8.9,6.4,7.4,84.8
359,A,1,1,6.0,5.5,5.2,7.6,73.8
359,B,0,0,6.8,6.5,5.9,6.3,42.5
359,C,1,1,7.6,4.8,6.6,6.9,76.5
359,D,1,1,7.9,7.2,8.6,6.0,82.8
360,A,0,0,8.5,7.2,6.5,7.3,49.2
360,B,1,1,7.1,7.0,7.9,7.3,82.2
360,C,0,0,6.2,6.7,7.9,5.0,43.0
360,D,1,1,7.7,8.6,8.1,8.9,88.8
361,A,1,1,7.9,8.6,7.4,7.5,85.7
361,B,1,1,8.0,7.8,6.0,6.5,80.5
361,C,1,1,6.9,4.7,6.3,4.8,71.2
361,D,1,0,9.7,6.0,9.1,6.8,69.3
362,A,0,0,8.2,8.7,6.9,5.1,48.2
362,B,0,1,8.3,7.4,6.4,6.2,63.8
362,C,1,0,5.7,8.9,6.8,6.4,63.0
362,D,1,0,10,9.1,7.6,7.1,73.0
363,A,1,0,10,8.0,4.5,6.1,64.3
363,B,1,1,6.6,7.6,7.9,8.3,84.0
363,C,1,1,7.0,8.7,9.3,6.0,85.0
363,D,0,1,8.3,6.9,9.6,9.0,73.0
364,A,1,0,9.5,8.9,8.5,8.4,75.5
364,B,1,0,7.5,7.4,5.5,7.0,62.3
364,C,1,1,4.8,5.1,8.6,5.0,72.5
364,D,0,1,8.1,9.0,6.7,9.0,71.3
365,A,1,0,6.9,9.2,6.2,8.4,67.8
365,B,1,0,9.0,7.8,3.4,7.4,62.7
365,C,1,0,6.5,5.9,6.8,4.8,56.7
365,D,1,0,9.4,6.9,8.2,9.7,73.7
366,A,1,1,5.8,8.3,7.6,8.1,83.0
366,B,1,0,8.0,10,7.7,7.9,72.7
366,C,1,0,4.1,6.6,7.2,4.5,54.0
366,D,1,1,9.0,6.6,7.8,7.5,84.8
367,A,1,0,5.4,7.6,5.2,7.9,60.2
367,B,1,0,8.4,7.1,5.9,4.5,59.8
367,C,1,1,7.8,2.8,6.0,5.1,69.5
367,D,0,1,9.9,9.9,8.0,10,79.7
368,A,1,0,6.4,7.5,5.9,9.6,65.7
368,B,1,0,4.2,7.7,5.2,6.9,56.7
368,C,0,0,5.5,5.9,6.5,6.3,40.3
368,D,0,1,7.1,9.6,9.1,9.1,74.8
369,A,1,1,5.5,10.0,5.9,8.4,83.0
369,B,1,1,4.7,5.9,6.8,5.1,70.8
369,C,1,0,4.3,6.2,8.8,2.9,53.7
369,D,1,1,9.4,7.1,10,7.8,90.5
370,A,0,0,7.4,7.5,5.8,6.7,45.7
370,B,1,0,7.2,8.1,6.8,7.7,66.3
370,C,1,0,5.9,6.3,6.8,6.1,58.5
370,D,0,0,6.4,8.6,7.5,6.6,48.5
371,A,1,0,9.4,7.6,6.3,6.3,66.0
371,B,1,0,6.4,9.5,5.4,9.9,68.7
371,C,1,0,6.2,4.5,5.6,5.7,53.3
371,D,1,1,8.4,6.7,6.9,5.8,79.7
372,A,1,1,7.1,9.4,6.8,5.5,81.3
372,B,1,1,6.4,7.9,9.0,6.3,82.7
372,C,1,0,6.1,6.3,6.4,4.6,55.7
372,D,1,0,6.9,7.3,7.4,6.5,63.5
373,A,1,0,8.4,8.4,5.6,9.7,70.2
373,B,1,1,6.4,7.5,7.4,5.3,77.7
373,C,1,0,6.5,7.2,4.8,4.8,55.5
373,D,1,1,7.9,5.0,9.0,8.7,84.3
374,A,1,1,6.4,10,5.9,7.0,82.2
374,B,1,1,7.3,5.3,8.6,7.8,81.7
374,C,1,0,5.4,4.9,7.6,4.9,54.7
374,D,1,1,8.6,9.4,8.8,8.0,91.3
375,A,0,0,5.4,9.0,5.0,9.5,48.2
375,B,1,0,6.8,7.1,9.2,5.6,64.5
375,C,1,0,3.8,7.6,5.3,6.5,55.3
375,D,1,1,8.8,6.5,6.9,5.9,80.2
376,A,0,0,8.0,8.4,5.2,7.5,48.5
376,B,1,0,7.1,7.1,6.4,9.0,66.0
376,C,1,1,6.6,6.3,8.6,6.7,80.3
376,D,1,1,7.6,8.0,6.8,8.8,85.3
377,A,1,1,8.4,7.9,7.5,8.3,86.8
377,B,1,1,6.3,8.7,5.9,7.6,80.8
377,C,1,0,5.0,6.6,6.5,4.9,55.0
377,D,1,0,7.6,10,4.2,7.4,65.3
378,A,1,1,7.5,8.8,4.4,7.9,81.0
378,B,1,0,6.8,6.0,5.4,4.7,54.8
378,C,0,0,5.5,5.4,7.3,5.9,40.2
378,D,1,1,6.7,5.5,6.5,6.7,75.7
379,A,0,1,7.4,9.3,5.9,8.9,69.2
379,B,1,0,7.8,8.1,7.3,8.3,69.2
379,C,1,0,5.5,4.8,4.9,4.9,50.2
379,D,0,1,8.3,8.0,6.1,8.1,67.5
380,A,1,1,6.2,6.8,4.7,8.9,77.7
380,B,1,0,4.5,7.3,5.6,3.9,52.2
380,C,0,1,6.7,3.8,8.3,7.7,60.8
380,D,0,1,8.9,9.0,9.6,6.8,73.8
381,A,1,0,8.2,8.4,6.4,7.3,67.2
381,B,1,1,6.5,8.6,5.8,7.6,80.8
381,C,1,0,3.9,8.6,7.8,4.7,58.3
381,D,1,0,10,5.4,8.2,6.4,66.7
382,A,0,0,7.2,7.7,7.7,9.3,53.2
382,B,1,0,7.0,9.1,6.7,6.2,65.0
382,C,0,1,6.0,7.0,5.7,7.0,59.5
382,D,1,0,8.9,8.8,6.5,7.1,68.8
383,A,1,1,6.3,9.1,7.4,8.1,84.8
383,B,1,0,6.9,9.5,6.7,9.6,71.2
383,C,0,1,5.5,4.5,7.7,4.0,52.8
383,D,1,0,8.7,8.9,9.1,9.3,76.7
384,A,1,1,7.1,8.4,4.4,7.7,79.3
384,B,1,1,6.2,7.3,5.1,5.8,74.0
384,C,0,0,6.3,6.8,7.9,5.9,44.8
384,D,0,1,6.3,6.5,5.7,7.2,59.5
385,A,0,0,6.9,9.9,5.7,9.0,52.5
385,B,0,0,8.8,6.7,5.3,8.0,48.0
385,C,0,0,7.3,6.1,9.2,8.3,51.5
385,D,1,1,6.7,10,10,6.4,88.5
386,A,0,0,5.9,6.9,6.1,5.4,40.5
386,B,1,1,7.9,7.3,6.6,7.3,81.8
386,C,1,0,9.3,6.0,6.2,3.3,58.0
386,D,1,0,6.8,8.0,10,7.6,70.7
387,A,0,1,7.6,9.1,4.7,10,69.0
387,B,1,1,6.3,8.0,6.5,6.3,78.5
387,C,0,1,7.7,5.8,6.8,5.9,60.3
387,D,0,1,9.6,9.0,6.1,10,74.5
388,A,1,0,7.9,7.8,5.0,7.0,62.8
388,B,1,0,6.8,8.6,7.0,7.1,65.8
388,C,0,0,4.9,8.2,8.3,7.5,48.2
388,D,1,1,6.0,7.5,8.7,6.4,81.0
389,A,0,1,7.9,7.4,6.2,6.1,62.7
389,B,1,1,6.4,7.4,3.9,8.2,76.5
389,C,0,1,5.6,6.2,7.9,5.3,58.3
389,D,1,0,3.1,6.1,8.0,8.6,59.7
390,A,1,0,6.9,8.5,4.0,8.2,62.7
390,B,1,1,5.2,7.6,6.9,7.1,78.0
390,C,0,0,4.1,6.5,7.0,6.4,40.0
390,D,1,0,6.8,7.6,8.4,6.2,65.0
391,A,1,1,7.3,8.0,2.6,8.4,77.2
391,B,1,0,6.7,8.4,4.4,6.6,60.2
391,C,1,1,6.9,7.1,8.0,7.0,81.7
391,D,1,1,9.6,5.7,5.5,6.1,78.2
392,A,1,0,8.7,6.4,4.3,5.3,57.8
392,B,1,0,6.8,6.4,7.0,7.2,62.3
392,C,1,0,7.0,7.6,6.3,3.8,57.8
392,D,1,1,7.1,7.1,8.7,6.7,82.7
393,A,1,0,5.5,8.3,4.7,6.4,58.2
393,B,1,1,7.9,8.7,6.6,7.2,84.0
393,C,0,1,6.8,8.6,8.3,4.0,62.8
393,D,1,0,8.9,7.1,7.4,7.3,67.8
394,A,1,0,8.6,9.2,5.7,6.8,67.2
394,B,1,1,7.9,8.6,6.2,5.9,81.0
394,C,1,1,6.8,7.1,7.6,6.4,79.8
394,D,1,1,7.7,6.3,7.4,9.1,84.2
395,A,1,0,8.8,10,5.8,8.7,72.2
395,B,1,1,6.0,7.8,7.1,5.4,77.2
395,C,1,0,6.1,4.9,7.9,6.0,58.2
395,D,1,1,8.1,6.4,7.5,7.9,83.2
396,A,1,0,7.0,8.2,3.9,7.8,61.5
396,B,1,0,6.8,7.6,8.4,6.1,64.8
396,C,0,0,7.1,6.6,7.9,6.5,46.8
396,D,0,0,8.1,6.5,9.2,6.1,49.8
397,A,1,0,7.5,7.4,5.3,9.3,65.8
397,B,0,0,6.4,7.0,7.7,7.6,47.8
397,C,0,1,6.0,6.4,8.9,5.7,61.7
397,D,1,0,9.3,7.8,9.0,5.9,70.0
398,A,0,0,6.3,6.1,5.0,5.5,38.2
398,B,0,0,6.3,8.2,7.9,7.7,50.2
398,C,1,0,6.7,8.8,5.5,6.3,62.2
398,D,0,0,6.1,7.0,5.9,7.2,43.7
399,A,1,0,6.5,8.7,4.9,6.4,60.8
399,B,1,1,5.3,7.4,8.7,7.6,81.7
399,C,1,1,6.3,8.3,6.9,5.6,78.5
399,D,1,1,5.1,7.4,8.1,6.6,78.7
400,A,0,1,8.1,6.8,4.3,8.0,62.0
400,B,1,1,7.1,8.3,6.4,8.1,83.2
400,C,0,1,8.0,6.7,6.9,4.4,60.0
400,D,1,1,8.7,8.5,8.3,7.3,88.0
401,A,1,1,6.9,6.3,6.4,7.2,78.0
401,B,1,1,6.5,7.4,6.3,7.5,79.5
401,C,1,0,6.9,8.0,6.4,5.1,60.7
401,D,1,1,9.3,7.9,7.7,7.7,87.7
402,A,1,0,5.0,9.8,3.4,5.6,56.3
402,B,1,1,8.1,7.1,7.6,5.3,80.2
402,C,1,0,6.9,5.5,8.5,4.9,59.7
402,D,1,0,7.6,6.8,8.9,7.9,68.7
403,A,1,1,7.6,7.6,5.1,7.6,79.8
403,B,0,0,5.6,6.4,5.6,5.8,39.0
403,C,0,0,9.5,6.5,7.8,7.1,51.5
403,D,1,0,10.0,6.6,10,9.2,76.3
404,A,1,1,8.6,8.4,6.8,4.7,80.8
404,B,0,1,7.1,7.9,5.9,7.4,63.8
404,C,1,1,5.7,6.0,7.0,4.3,71.7
404,D,1,1,5.7,8.0,8.3,7.9,83.2
405,A,0,0,6.4,9.3,7.7,5.4,48.0
405,B,1,0,6.8,6.7,6.8,5.3,59.3
405,C,0,0,6.2,8.0,6.5,6.6,45.5
405,D,1,1,7.5,7.5,8.2,5.8,81.7
406,A,0,0,9.6,8.0,7.1,8.2,54.8
406,B,1,0,7.9,7.1,7.6,6.2,64.7
406,C,1,0,6.3,6.3,8.1,9.0,66.2
406,D,1,1,9.3,8.2,6.7,7.3,85.8
407,A,1,0,6.9,7.5,4.8,7.2,60.7
407,B,1,0,7.0,7.5,7.6,4.1,60.3
407,C,0,1,8.5,4.9,4.7,5.7,56.3
407,D,0,1,7.7,7.2,8.3,8.4,69.3
408,A,1,0,6.9,8.9,6.2,6.4,64.0
408,B,0,1,7.1,7.9,5.7,6.3,61.7
408,C,0,0,7.3,6.2,7.5,5.9,44.8
408,D,1,0,9.0,7.4,10,7.3,72.8
409,A,0,0,9.9,8.5,5.8,8.6,54.7
409,B,1,0,7.2,6.8,6.6,5.3,59.8
409,C,1,1,5.7,4.3,6.5,5.7,70.3
409,D,1,1,8.8,9.0,6.5,7.4,86.2
410,A,0,0,6.1,9.0,6.6,5.4,45.2
410,B,1,0,8.3,6.9,6.2,8.6,66.7
410,C,0,0,4.8,6.2,8.8,4.2,40.0
410,D,0,1,10,9.6,7.8,6.3,72.8
411,A,1,0,9.3,6.4,3.8,9.7,65.3
411,B,1,1,7.4,9.8,6.7,7.4,85.5
411,C,1,0,4.0,3.1,6.7,7.6,52.3
411,D,1,0,10,8.7,7.4,7.7,73.0
412,A,1,0,6.7,6.4,6.1,8.3,62.5
412,B,0,0,5.6,7.7,7.9,6.6,46.3
412,C,0,1,6.5,5.7,8.6,5.0,59.7
412,D,1,0,7.0,9.2,6.3,7.8,67.2
413,A,0,0,7.4,10,7.1,6.9,52.3
413,B,0,0,7.4,6.0,5.3,6.7,42.3
413,C,1,1,5.7,5.6,7.8,4.2,72.2
413,D,1,0,6.8,8.2,8.8,6.0,66.3
414,A,1,0,7.6,9.6,6.7,9.3,72.0
414,B,1,0,5.6,8.9,7.8,3.3,59.3
414,C,1,0,8.5,4.1,6.3,5.0,56.5
414,D,0,1,6.8,8.6,8.2,6.5,66.8
415,A,1,1,5.3,8.1,4.5,4.7,71.0
415,B,1,0,7.1,7.4,8.4,9.0,69.8
415,C,1,0,7.2,8.7,6.7,7.2,66.3
415,D,1,1,7.9,6.8,6.9,8.2,83.0
416,A,0,0,8.7,9.2,4.0,6.1,46.7
416,B,0,1,6.3,6.8,5.4,7.5,60.0
416,C,0,1,7.3,5.5,6.8,3.5,55.2
416,D,1,0,6.3,8.7,10,8.9,73.2
417,A,1,0,7.2,9.2,7.2,7.0,67.7
417,B,1,1,7.8,5.4,7.3,5.7,77.0
417,C,0,1,6.0,5.9,6.9,6.2,58.3
417,D,1,0,9.0,7.0,5.7,6.0,62.8
418,A,1,1,6.6,8.1,5.0,7.7,79.0
418,B,1,1,7.1,8.6,6.6,7.8,83.5
418,C,1,1,4.6,6.5,9.1,5.9,76.8
418,D,1,0,7.6,9.0,9.1,7.4,71.8
419,A,1,0,6.4,6.8,6.1,9.4,64.5
419,B,1,0,6.1,8.2,7.3,7.8,65.7
419,C,1,1,5.6,5.2,7.6,4.2,71.0
419,D,1,1,7.2,7.2,7.6,8.6,84.3
420,A,0,1,4.6,7.2,4.9,9.0,59.5
420,B,1,1,7.8,9.2,6.5,6.7,83.7
420,C,1,1,4.8,6.4,9.6,4.6,75.7
420,D,1,0,9.2,7.8,9.1,7.2,72.2
421,A,1,1,9.4,8.6,3.8,7.3,81.8
421,B,1,0,8.7,8.7,6.1,6.8,67.2
421,C,0,0,9.1,6.8,4.8,6.5,45.3
421,D,1,0,8.2,8.1,7.6,8.8,71.2
422,A,1,0,7.5,7.1,5.3,8.3,63.7
422,B,1,1,7.8,7.6,7.9,8.2,85.8
422,C,1,0,6.6,7.3,7.2,6.2,62.2
422,D,0,1,7.0,7.9,8.8,6.2,66.5
423,A,1,1,5.2,7.2,8.8,7.4,81.0
423,B,1,1,9.5,6.1,4.7,6.3,77.7
423,C,0,0,5.8,5.6,5.7,3.9,35.0
423,D,1,1,8.2,8.1,7.7,9.2,88.7
424,A,1,0,6.1,7.8,5.1,7.0,60.0
424,B,0,0,4.8,7.1,6.6,7.1,42.7
424,C,1,1,6.3,7.0,6.5,6.0,76.3
424,D,1,1,7.7,7.1,9.7,5.4,83.2
425,A,0,1,5.5,9.8,5.6,5.9,61.3
425,B,1,1,7.0,8.1,5.1,8.0,80.3
425,C,1,1,5.6,5.0,8.4,5.5,74.2
425,D,1,1,8.8,8.2,7.0,8.5,87.5
426,A,1,0,7.4,8.2,5.3,10,68.2
426,B,1,0,4.3,6.7,3.5,4.1,47.7
426,C,0,0,7.5,8.7,7.6,5.1,48.2
426,D,1,0,8.7,6.7,8.7,9.2,72.2
427,A,0,0,6.3,7.7,6.2,6.7,44.8
427,B,0,0,5.3,7.4,6.5,6.8,43.3
427,C,1,1,6.9,6.4,7.1,5.9,77.2
427,D,1,0,6.8,10,5.7,5.3,63.0
428,A,0,0,7.6,9.8,5.6,6.9,49.8
428,B,0,0,8.5,8.2,7.2,6.8,51.2
428,C,0,1,4.8,6.9,9.2,7.9,64.7
428,D,1,1,7.9,5.5,8.5,6.4,80.5
429,A,1,0,9.3,6.6,7.5,7.4,68.0
429,B,1,0,5.3,6.6,8.1,8.3,63.8
429,C,1,0,6.7,5.6,6.4,7.4,60.2
429,D,1,1,8.4,9.8,8.8,8.9,93.2
430,A,1,1,5.6,8.6,6.5,7.5,80.3
430,B,1,1,7.7,7.1,7.7,7.3,83.0
430,C,0,1,5.2,7.4,5.7,6.3,57.7
430,D,1,1,7.2,9.9,8.2,6.5,86.3
431,A,0,1,6.8,9.3,6.3,6.7,65.2
431,B,1,0,6.3,8.2,7.8,5.5,63.0
431,C,1,0,6.5,7.7,6.0,4.4,57.7
431,D,0,0,7.1,7.3,7.8,8.3,50.8
432,A,0,1,6.6,10,3.0,6.6,60.3
432,B,0,1,7.2,9.7,6.7,5.2,64.7
432,C,1,1,5.4,4.8,8.7,5.6,74.2
432,D,1,0,8.0,6.7,10,6.7,69.0
433,A,1,0,7.5,7.2,5.6,7.5,63.0
433,B,1,1,9.1,6.6,9.1,6.3,85.2
433,C,1,0,6.7,5.8,5.1,4.1,52.8
433,D,1,1,7.4,7.7,9.8,9.1,90.0
434,A,1,0,7.3,9.7,3.8,6.8,62.7
434,B,1,0,10,8.8,7.2,6.9,71.5
434,C,1,0,5.7,6.7,7.6,4.3,57.2
434,D,1,0,9.3,9.2,8.3,10,78.0
435,A,1,1,8.4,7.7,5.8,8.6,84.2
435,B,0,0,7.4,6.6,7.0,7.2,47.0
435,C,0,0,4.1,5.2,6.2,5.2,34.5
435,D,1,0,5.9,8.5,10,7.6,70.0
436,A,0,0,6.9,8.7,4.1,6.3,43.3
436,B,1,1,5.7,6.8,2.7,8.3,72.5
436,C,0,0,5.8,6.7,6.5,6.5,42.5
436,D,1,1,6.3,3.7,9.6,8.8,80.7
437,A,1,0,6.0,10,5.1,7.4,64.2
437,B,1,1,9.6,8.6,7.1,5.2,84.2
437,C,1,0,9.4,5.8,8.3,6.8,67.2
437,D,1,1,10,6.9,10,7.6,90.8
438,A,1,0,9.3,7.4,6.7,6.3,66.2
438,B,1,0,7.3,7.5,8.2,9.0,70.0
438,C,0,1,5.8,6.7,6.1,3.8,54.0
438,D,0,1,7.8,7.4,8.2,5.1,64.2
439,A,1,0,9.0,8.8,3.6,7.3,64.5
439,B,1,1,5.6,8.0,6.8,7.0,79.0
439,C,1,0,5.1,7.3,7.9,5.5,59.7
439,D,1,0,7.5,8.3,4.8,4.1,57.8
440,A,1,1,7.4,9.6,8.7,8.5,90.3
440,B,0,0,6.3,7.6,8.6,6.2,47.8
440,C,0,0,5.2,8.0,7.3,7.0,45.8
440,D,0,0,7.1,8.2,8.9,8.1,53.8
441,A,1,0,8.6,6.8,5.2,10,67.7
441,B,0,1,2.4,9.6,4.9,6.0,54.8
441,C,1,1,7.1,7.6,8.8,7.5,85.0
441,D,0,1,8.0,8.5,8.0,8.6,71.8
442,A,0,0,7.5,7.9,6.2,7.2,48.0
442,B,1,1,8.3,6.7,7.4,6.8,82.0
442,C,1,1,6.8,6.5,7.0,5.8,76.8
442,D,1,1,7.5,6.5,9.5,8.6,86.8
443,A,1,1,5.3,7.7,6.6,8.5,80.2
443,B,1,0,7.4,6.9,7.7,5.9,63.2
443,C,1,1,8.6,6.6,5.5,5.9,77.7
443,D,0,1,8.0,10,9.5,6.7,73.7
444,A,1,1,7.7,7.3,5.2,6.8,78.3
444,B,1,1,7.1,7.4,7.0,4.2,76.2
444,C,1,1,6.0,5.8,8.2,4.6,74.3
444,D,0,1,10,6.0,7.5,8.0,69.2
445,A,0,0,6.5,7.3,5.1,7.5,44.0
445,B,1,0,7.1,8.7,7.5,5.5,64.7
445,C,1,1,4.4,4.4,5.7,7.4,69.8
445,D,1,1,10,10,8.4,7.7,93.5
446,A,0,1,7.2,7.2,6.7,7.5,64.3
446,B,1,1,5.9,4.6,5.9,6.9,72.2
446,C,0,1,6.0,7.8,7.2,6.5,62.5
446,D,1,1,7.0,8.8,7.2,6.5,82.5
447,A,1,0,6.7,6.5,5.3,8.1,61.0
447,B,1,0,8.3,5.7,8.9,7.9,68.0
447,C,1,1,6.9,5.0,7.1,5.4,74.0
447,D,1,1,4.8,8.0,7.6,6.0,77.3
448,A,0,0,8.8,7.8,5.6,7.5,49.5
448,B,0,0,6.2,8.7,8.1,4.1,45.2
448,C,1,1,8.2,7.0,7.6,3.1,76.5
448,D,1,1,8.7,7.5,9.9,7.7,89.7
449,A,1,0,8.0,10,4.8,6.3,65.2
449,B,0,0,6.0,9.2,8.3,7.7,52.0
449,C,1,1,6.2,2.8,8.3,5.7,71.7
449,D,1,0,8.6,6.5,8.6,7.8,69.2
450,A,0,1,6.2,7.3,5.9,7.1,60.8
450,B,0,1,5.3,8.7,7.6,7.2,64.7
450,C,1,1,5.4,6.8,6.9,6.5,76.0
450,D,0,1,7.9,6.4,8.8,9.0,70.2
451,A,1,0,7.0,7.6,6.5,8.7,66.3
451,B,1,0,5.7,5.9,4.9,8.0,57.5
451,C,1,0,5.1,6.0,7.9,5.4,57.3
451,D,1,1,7.0,7.2,9.4,6.4,83.3
452,A,1,1,7.1,7.6,6.0,7.5,80.3
452,B,0,1,6.2,7.6,7.0,4.6,59.0
452,C,0,0,5.4,6.6,7.2,5.0,40.3
452,D,1,1,7.9,7.2,7.0,7.1,82.0
453,A,1,0,8.1,10,6.9,7.6,71.0
453,B,1,1,7.0,6.5,8.4,9.0,84.8
453,C,0,1,6.6,5.2,6.2,3.7,52.8
453,D,1,0,9.1,8.8,8.3,9.0,75.3
454,A,1,1,7.3,8.4,6.7,8.8,85.3
454,B,1,0,7.2,7.3,7.4,8.3,67.0
454,C,1,0,5.5,4.9,8.1,6.2,57.8
454,D,0,1,10,7.6,7.4,9.9,74.8
455,A,1,0,8.3,8.4,5.6,5.4,62.8
455,B,1,0,8.6,8.8,7.3,6.5,68.7
455,C,1,0,5.4,6.5,7.6,5.3,58.0
455,D,1,0,9.9,7.3,8.1,7.4,71.2
456,A,0,1,6.4,6.8,4.6,7.5,58.8
456,B,1,1,5.1,6.2,6.0,5.8,71.8
456,C,1,0,8.1,7.4,5.2,6.7,62.3
456,D,0,0,9.5,9.4,7.8,6.3,55.0
457,A,0,0,7.1,5.3,6.5,9.3,47.0
457,B,1,1,5.3,5.1,7.9,8.1,77.3
457,C,1,0,6.1,5.3,6.6,7.5,59.2
457,D,1,1,6.5,6.3,8.8,4.9,77.5
458,A,0,0,8.6,8.1,6.6,7.7,51.7
458,B,1,0,6.4,7.5,6.8,9.7,67.3
458,C,0,1,4.5,5.2,6.8,6.5,55.0
458,D,1,1,8.6,8.6,7.8,7.4,87.3
459,A,1,1,7.7,7.6,4.8,7.5,79.3
459,B,1,1,7.3,8.3,7.9,9.1,87.7
459,C,1,0,3.8,6.5,6.6,4.3,52.0
459,D,1,1,7.6,10,8.6,6.8,88.3
460,A,1,0,7.2,7.6,3.7,9.1,62.7
460,B,1,0,7.4,8.3,7.1,7.1,66.5
460,C,1,0,5.7,5.6,4.2,5.9,52.3
460,D,1,1,5.6,7.6,7.0,8.3,80.8
461,A,0,1,7.1,7.5,6.1,8.2,64.8
461,B,1,0,7.3,6.8,8.1,9.6,69.7
461,C,0,0,8.4,8.0,6.8,6.9,50.2
461,D,1,1,7.5,8.7,9.3,9.4,91.5
462,A,0,0,7.1,9.4,6.8,9.7,55.0
462,B,0,1,7.2,8.2,6.3,5.5,62.0
462,C,0,0,6.7,6.0,8.6,4.8,43.5
462,D,1,0,10,9.6,8.8,7.8,77.0
463,A,0,0,7.4,5.6,5.2,8.4,44.3
463,B,0,1,5.9,4.8,6.6,7.6,58.2
463,C,0,1,3.8,6.7,4.7,6.4,52.7
463,D,1,1,8.5,9.4,6.8,9.2,89.8
464,A,0,0,6.9,8.9,5.0,8.0,48.0
464,B,1,0,6.5,6.2,8.4,6.5,62.7
464,C,0,0,5.9,6.3,7.3,5.5,41.7
464,D,1,1,8.8,8.6,7.9,5.5,84.7
465,A,1,0,4.7,9.1,7.3,9.4,67.5
465,B,1,1,6.8,8.5,7.1,7.8,83.7
465,C,1,1,6.3,5.7,6.2,6.4,74.3
465,D,0,1,9.1,5.9,8.2,6.9,66.8
466,A,0,1,9.0,6.3,4.2,6.5,60.0
466,B,0,1,8.4,8.4,9.8,6.1,71.2
466,C,1,0,8.3,7.0,6.0,6.4,62.8
466,D,1,1,6.5,8.0,7.2,6.8,80.8
467,A,0,0,5.0,7.4,5.3,8.0,42.8
467,B,1,1,8.2,6.8,5.0,6.9,78.2
467,C,1,0,5.7,4.9,7.3,5.3,55.3
467,D,0,1,6.0,7.8,8.7,7.9,67.3
468,A,1,0,7.3,6.1,4.2,7.9,59.2
468,B,1,1,6.3,8.0,7.0,5.6,78.2
468,C,0,1,8.4,6.1,5.5,3.2,55.3
468,D,1,0,10,9.6,8.7,6.2,74.2
469,A,1,1,9.4,8.1,5.1,6.2,81.3
469,B,0,1,6.9,8.3,5.7,7.8,64.5
469,C,1,1,6.2,4.6,6.6,5.4,71.3
469,D,1,1,5.9,9.8,8.3,6.5,84.2
470,A,1,0,5.6,8.1,5.8,6.9,60.7
470,B,1,0,7.8,6.2,6.3,7.7,63.3
470,C,0,1,5.9,8.5,6.1,7.3,63.0
470,D,1,1,6.8,7.0,7.3,7.3,80.7
471,A,0,1,8.5,8.7,5.8,9.6,71.0
471,B,1,1,6.1,7.2,7.5,6.0,78.0
471,C,1,0,4.9,6.8,8.6,5.9,60.3
471,D,0,0,9.5,8.0,9.6,6.1,55.3
472,A,0,0,6.4,7.2,5.5,5.3,40.7
472,B,1,1,4.6,8.7,8.8,9.5,86.0
472,C,1,1,7.2,6.2,6.5,6.1,76.7
472,D,1,1,8.8,6.0,10,7.7,87.5
473,A,1,1,6.9,9.6,7.1,9.6,88.7
473,B,1,0,7.0,6.1,9.0,6.2,63.8
473,C,1,0,8.1,6.5,7.1,5.5,62.0
473,D,1,1,7.5,8.6,10,9.7,93.0
474,A,1,0,7.2,8.1,7.1,8.6,68.3
474,B,1,1,5.0,8.5,6.1,4.5,73.5
474,C,0,1,4.7,6.1,8.6,3.2,54.3
474,D,1,1,10,9.5,7.3,5.8,87.7
475,A,1,0,6.6,8.7,6.1,7.6,65.0
475,B,1,1,9.6,7.8,3.8,7.3,80.8
475,C,0,0,7.2,8.4,7.3,4.7,46.0
475,D,1,1,6.1,7.8,8.6,8.6,85.2
476,A,1,1,6.5,8.2,5.4,8.0,80.2
476,B,1,0,6.3,6.9,6.0,8.5,62.8
476,C,1,0,5.4,5.9,9.7,6.9,63.2
476,D,0,0,10,6.3,8.0,8.3,54.3
477,A,1,1,4.5,9.5,4.5,7.4,76.5
477,B,0,1,7.1,8.2,5.2,7.2,62.8
477,C,1,0,5.8,5.9,7.2,5.1,56.7
477,D,1,1,8.7,8.7,7.4,9.2,90.0
478,A,1,0,7.6,9.6,5.4,6.2,64.7
478,B,1,0,6.4,7.3,7.0,8.1,64.7
478,C,0,0,6.7,5.6,8.6,5.2,43.5
478,D,1,0,6.6,8.4,9.3,9.1,72.3
479,A,0,0,9.2,9.8,6.8,7.0,54.7
479,B,1,0,6.0,7.7,6.8,6.4,61.5
479,C,1,1,8.4,6.5,5.1,5.5,75.8
479,D,1,0,7.0,7.6,8.9,7.9,69.0
480,A,1,1,5.1,8.9,2.9,6.5,72.3
480,B,0,0,4.8,7.7,5.3,9.1,44.8
480,C,1,0,4.9,7.0,8.7,5.6,60.3
480,D,0,0,8.3,7.8,8.8,7.9,54.7
481,A,1,0,7.7,8.8,3.7,7.3,62.5
481,B,0,1,5.9,7.9,5.4,6.7,59.8
481,C,1,1,4.6,5.3,6.8,5.8,70.8
481,D,1,1,8.6,10,8.6,4.9,86.8
482,A,1,1,5.9,7.3,4.7,7.4,75.5
482,B,1,1,6.8,6.3,5.8,7.5,77.3
482,C,1,1,5.0,8.1,10.0,4.7,79.7
482,D,1,0,9.0,6.0,8.6,8.0,69.3
483,A,1,1,8.4,7.3,5.7,7.1,80.8
483,B,1,1,6.2,6.4,6.9,8.7,80.3
483,C,0,0,5.8,7.8,8.2,6.1,46.5
483,D,1,1,6.5,9.5,9.0,5.0,83.3
484,A,0,0,8.1,8.5,7.9,7.6,53.5
484,B,1,0,7.7,8.2,6.6,6.2,64.5
484,C,0,0,5.6,5.0,7.0,6.4,40.0
484,D,1,1,8.4,6.7,10,6.1,85.3
485,A,1,1,7.3,7.8,4.4,7.9,79.0
485,B,1,0,8.1,8.2,8.1,5.5,66.5
485,C,1,1,7.0,6.8,9.0,5.3,80.2
485,D,1,0,7.9,9.9,7.7,8.2,72.8
486,A,0,0,8.3,8.3,6.1,6.9,49.3
486,B,1,0,8.4,7.3,7.1,4.3,61.8
486,C,1,1,4.3,5.4,4.7,7.6,70.0
486,D,1,0,7.4,7.2,6.9,7.5,65.0
487,A,0,0,8.5,8.5,6.9,5.7,49.3
487,B,1,0,6.4,6.3,5.9,4.7,55.5
487,C,0,1,7.7,6.5,9.0,3.6,61.3
487,D,1,1,7.5,6.9,6.6,6.9,79.8
488,A,0,0,8.8,7.2,4.9,7.2,46.8
488,B,0,1,7.0,7.3,6.6,6.9,63.0
488,C,1,0,5.2,5.1,5.5,6.6,54.0
488,D,1,0,10,9.7,8.4,7.4,75.8
489,A,1,1,7.0,8.0,6.4,5.3,77.8
489,B,1,0,8.9,10,6.7,7.2,71.3
489,C,1,0,6.3,6.8,8.3,3.7,58.5
489,D,0,1,10,9.3,6.8,7.3,72.3
490,A,0,0,8.5,9.2,4.9,6.4,48.3
490,B,1,0,7.4,8.0,7.6,10,71.7
490,C,1,0,7.0,6.9,6.3,5.4,59.3
490,D,1,1,7.4,9.5,8.1,6.1,85.2
491,A,1,1,9.1,7.8,5.7,9.1,86.2
491,B,1,0,4.1,8.5,7.0,8.2,63.0
491,C,0,1,7.3,7.1,5.2,2.8,54.0
491,D,1,1,10,6.2,10.0,6.3,87.5
492,A,1,0,7.5,7.5,5.4,9.2,66.0
492,B,0,0,10,6.7,5.3,8.0,50.0
492,C,1,0,6.9,6.2,8.6,5.3,61.7
492,D,1,1,7.3,9.3,9.1,8.3,90.0
493,A,0,0,5.9,6.7,6.6,5.7,41.5
493,B,1,0,6.6,8.8,4.1,5.0,57.5
493,C,1,1,4.8,6.9,5.6,6.3,72.7
493,D,0,0,5.6,7.5,10,9.3,54.0
494,A,1,0,7.9,7.5,3.9,8.0,62.2
494,B,1,0,5.9,8.7,7.8,5.8,63.7
494,C,0,1,6.6,7.0,6.1,7.2,61.5
494,D,1,0,6.0,8.3,6.0,7.8,63.5
495,A,1,1,5.6,7.7,7.2,8.1,81.0
495,B,1,1,8.1,7.8,6.5,6.1,80.8
495,C,0,1,8.2,6.3,7.1,4.2,59.7
495,D,1,0,7.6,10,8.0,6.7,70.5
496,A,1,0,7.0,10,4.6,9.2,68.0
496,B,1,1,7.6,7.2,7.0,7.2,81.7
496,C,0,1,5.7,6.1,7.8,5.8,59.0
496,D,1,1,8.5,6.8,8.4,9.5,88.7
497,A,1,0,9.1,6.9,6.5,7.3,66.3
497,B,0,1,7.0,7.2,7.0,6.8,63.3
497,C,1,0,5.9,5.4,5.8,7.5,57.7
497,D,1,0,9.0,8.1,7.7,6.4,68.7
498,A,1,1,8.0,7.3,6.8,8.5,84.3
498,B,1,1,8.0,8.6,5.6,7.1,82.2
498,C,1,1,5.2,6.8,5.3,7.0,73.8
498,D,0,0,9.4,8.8,7.5,9.3,58.3
499,A,1,1,8.0,8.3,6.8,6.4,82.5
499,B,1,1,6.7,8.0,6.8,7.8,82.2
499,C,1,0,7.2,4.7,7.7,2.2,53.0
499,D,1,1,9.2,7.6,6.6,5.3,81.2
500,A,1,1,7.2,9.9,7.0,7.6,86.2
500,B,1,1,6.1,7.4,6.8,6.8,78.5
500,C,0,0,7.7,8.0,9.9,7.1,54.5
500,D,1,0,8.0,9.1,7.7,8.2,71.7
501,A,1,1,7.1,5.7,5.7,7.1,76.0
501,B,1,0,7.3,6.7,6.7,6.8,62.5
501,C,1,0,6.0,5.8,8.8,5.7,60.5
501,D,1,0,7.5,9.2,9.2,8.5,74.0
502,A,1,0,9.1,8.6,7.4,10,75.2
502,B,1,1,6.3,8.5,7.0,7.2,81.7
502,C,1,0,5.7,5.4,8.6,5.9,59.3
502,D,1,1,8.2,7.7,9.8,9.0,91.2
503,A,0,1,8.7,6.9,3.5,7.5,61.0
503,B,1,1,6.1,8.0,7.4,6.9,80.7
503,C,1,1,5.5,6.4,5.5,5.5,71.5
503,D,1,1,8.9,10,10,5.6,90.8
504,A,1,0,7.6,8.4,4.9,6.8,62.8
504,B,0,1,6.3,6.6,5.7,8.4,61.7
504,C,1,0,6.5,7.6,8.9,7.2,67.0
504,D,1,1,8.2,7.9,9.5,6.2,86.3
505,A,1,1,7.5,6.3,5.5,6.0,75.5
505,B,0,1,7.8,7.7,6.4,7.3,65.3
505,C,1,0,6.4,4.5,6.9,4.3,53.5
505,D,0,1,9.3,5.6,9.7,7.9,70.8
506,A,0,1,6.1,9.2,6.1,6.2,62.7
506,B,1,0,9.1,8.8,7.6,8.4,73.2
506,C,0,0,3.2,7.8,7.4,4.0,37.3
506,D,1,0,8.6,6.9,7.9,8.6,70.0
507,A,1,0,7.4,10,4.0,8.3,66.2
507,B,1,1,6.8,7.3,6.7,9.7,84.2
507,C,1,1,6.9,5.2,6.3,4.1,70.8
507,D,0,1,9.2,7.8,8.7,6.2,69.8
508,A,1,1,7.6,10,3.2,8.7,82.5
508,B,1,1,7.7,6.1,7.9,6.7,80.7
508,C,1,0,5.9,8.3,8.3,8.7,68.7
508,D,1,0,7.1,8.1,7.9,6.8,66.5
509,A,1,1,6.9,7.3,5.2,6.9,77.2
509,B,1,0,5.6,6.0,6.5,7.5,59.3
509,C,1,1,4.7,6.7,7.7,5.4,74.2
509,D,1,1,6.8,8.9,9.4,6.9,86.7
510,A,1,1,8.1,9.6,6.2,8.3,87.0
510,B,1,0,5.0,7.9,8.2,7.5,64.3
510,C,1,1,4.7,6.7,9.0,5.3,76.2
510,D,1,0,6.3,8.5,9.2,6.5,67.5
511,A,1,1,8.4,8.5,7.7,7.9,87.5
511,B,1,0,5.1,6.5,5.0,8.5,58.5
511,C,1,0,8.4,6.3,9.0,5.5,65.3
511,D,1,1,7.9,10,9.1,8.3,92.2
512,A,1,1,8.5,8.2,3.8,6.4,78.2
512,B,1,1,8.5,7.4,10,10,93.2
512,C,0,1,5.1,7.5,6.3,5.8,57.8
512,D,1,0,9.1,10,8.8,7.3,75.3
513,A,1,0,8.7,10,5.9,5.7,67.2
513,B,1,0,9.1,8.5,5.3,7.5,67.3
513,C,0,1,6.5,8.3,7.3,6.1,63.7
513,D,1,0,6.9,5.4,8.2,5.0,59.2
514,A,0,0,7.1,7.1,4.4,9.2,46.3
514,B,1,1,4.3,8.8,7.3,7.4,79.7
514,C,1,1,6.5,7.0,5.7,4.9,73.5
514,D,1,1,4.7,5.6,9.8,4.6,74.5
515,A,1,1,8.1,7.6,4.2,8.4,80.5
515,B,0,1,6.9,8.8,7.1,7.1,66.5
515,C,1,1,5.7,6.3,6.3,5.0,72.2
515,D,1,1,7.3,8.8,8.8,7.1,86.7
516,A,1,0,7.1,7.0,4.6,8.0,61.2
516,B,0,0,7.3,8.4,4.3,7.1,45.2
516,C,1,1,6.9,5.8,8.7,3.9,75.5
516,D,1,1,10,9.3,8.5,7.9,92.8
517,A,1,1,7.2,7.6,6.3,9.6,84.5
517,B,1,1,5.9,8.8,6.0,7.2,79.8
517,C,1,1,4.9,6.3,9.9,7.1,80.3
517,D,0,1,7.6,8.0,8.8,6.0,67.3
518,A,0,0,9.0,9.1,4.8,7.8,51.2
518,B,0,1,5.4,5.3,7.3,8.6,61.0
518,C,0,0,6.5,6.5,8.3,3.4,41.2
518,D,1,1,6.5,6.4,7.0,7.7,79.3
519,A,0,0,8.4,8.0,6.6,7.6,51.0
519,B,1,1,7.3,9.6,7.9,7.4,87.0
519,C,1,0,5.4,7.4,8.6,6.9,63.8
519,D,0,1,10,9.2,10,7.1,77.2
520,A,0,1,9.6,9.6,4.3,7.5,68.3
520,B,1,1,6.3,7.9,8.8,6.8,83.0
520,C,0,0,3.9,3.2,8.6,5.4,35.2
520,D,0,1,7.7,8.2,10,8.2,73.5
521,A,1,0,7.8,6.4,5.6,7.9,62.8
521,B,0,0,7.5,8.2,6.2,6.6,47.5
521,C,1,1,7.0,7.7,5.7,7.6,80.0
521,D,1,0,8.3,8.5,8.9,6.4,70.2
522,A,1,1,5.9,6.9,5.0,6.9,74.5
522,B,1,1,9.2,10,4.2,5.6,81.7
522,C,1,0,7.1,3.2,8.1,5.0,55.7
522,D,1,1,7.6,7.1,7.4,9.4,85.8
523,A,1,1,7.1,8.6,5.2,8.6,82.5
523,B,0,0,9.5,7.4,5.6,6.2,47.8
523,C,1,0,8.1,6.6,9.1,5.9,66.2
523,D,1,0,7.0,8.0,7.6,6.8,65.7
524,A,0,0,6.5,8.6,4.7,8.3,46.8
524,B,0,1,8.0,6.7,6.4,5.4,60.8
524,C,1,1,4.2,7.4,7.6,2.5,69.5
524,D,1,1,6.5,6.6,7.7,7.3,80.2
525,A,0,0,7.1,7.0,5.4,7.8,45.5
525,B,0,0,5.9,7.5,4.6,8.2,43.7
525,C,1,1,6.7,5.5,6.7,8.8,79.5
525,D,0,0,8.2,6.0,7.0,7.2,47.3
526,A,1,0,7.7,9.4,6.8,5.8,66.2
526,B,0,1,7.8,8.8,7.9,6.3,68.0
526,C,0,1,6.7,4.7,7.5,5.7,57.7
526,D,1,1,8.6,8.5,7.1,3.3,79.2
527,A,0,1,5.5,6.8,4.0,5.7,53.3
527,B,1,1,8.8,10,7.0,7.9,89.5
527,C,1,1,7.2,7.2,7.0,6.5,79.8
527,D,1,0,8.8,7.4,8.9,8.9,73.3
528,A,1,0,7.7,9.9,5.8,5.9,65.5
528,B,1,1,6.5,8.5,7.7,6.5,82.0
528,C,1,0,7.8,5.3,6.6,7.2,61.5
528,D,0,1,7.8,8.9,9.6,9.8,76.8
529,A,1,0,7.2,9.5,6.0,7.0,66.2
529,B,0,1,6.4,8.2,5.9,5.2,59.5
529,C,1,1,9.3,5.2,8.5,6.1,81.8
529,D,0,1,9.3,6.9,7.9,7.8,69.8
530,A,1,0,5.7,7.6,4.1,8.4,59.7
530,B,1,0,8.6,9.6,9.0,5.8,71.7
530,C,1,1,6.8,6.6,7.4,5.4,77.0
530,D,1,1,8.2,8.3,10,7.7,90.3
531,A,1,1,8.8,9.0,4.5,9.2,85.8
531,B,1,0,8.3,5.0,7.2,8.3,64.7
531,C,1,1,8.0,7.0,8.2,4.5,79.5
531,D,1,0,9.2,7.5,7.9,8.3,71.5
532,A,1,0,6.8,9.1,7.3,7.9,68.5
532,B,1,1,6.0,9.6,7.6,6.0,82.0
532,C,1,0,6.3,6.2,6.4,5.9,58.0
532,D,1,0,8.4,8.0,8.4,7.5,70.5
533,A,0,0,6.6,8.5,4.3,4.7,40.2
533,B,1,1,7.9,7.5,4.5,7.6,79.2
533,C,1,1,6.0,4.7,5.9,5.1,69.5
533,D,1,1,10,7.9,7.2,4.5,82.7
534,A,1,1,8.1,5.1,3.3,4.4,68.2
534,B,1,1,6.9,9.7,5.1,7.1,81.3
534,C,0,0,6.5,4.9,8.4,3.6,39.0
534,D,1,0,8.3,6.2,6.3,5.5,60.5
535,A,1,0,8.4,10,6.1,9.9,74.0
535,B,1,1,7.5,7.7,6.6,6.9,81.2
535,C,1,1,5.6,7.3,5.2,6.4,74.2
535,D,1,1,10,6.7,7.5,7.3,85.8
536,A,0,1,8.0,6.9,6.1,8.1,65.2
536,B,1,0,6.6,6.9,6.0,7.0,60.8
536,C,0,1,4.6,8.1,10.0,8.3,68.3
536,D,1,1,8.8,6.0,5.7,8.3,81.3
537,A,1,0,5.6,8.5,6.4,7.7,63.7
537,B,1,0,5.1,7.0,5.8,6.3,57.0
537,C,1,1,7.8,7.3,8.5,4.0,79.3
537,D,1,0,6.6,8.2,8.0,7.9,67.8
538,A,1,0,6.8,9.0,4.5,6.7,61.7
538,B,0,0,7.6,7.0,4.2,7.9,44.5
538,C,1,0,6.8,8.9,9.0,5.6,67.2
538,D,1,0,8.3,8.6,8.1,7.6,71.0
539,A,1,0,6.4,8.3,4.7,5.4,58.0
539,B,1,0,4.5,7.7,4.7,8.3,58.7
539,C,1,0,4.7,7.1,7.7,7.6,61.8
539,D,1,1,7.5,7.3,8.6,8.7,86.8
540,A,1,0,6.5,8.8,4.5,8.3,63.5
540,B,1,0,5.5,7.6,7.1,7.2,62.3
540,C,1,0,2.7,6.9,7.5,6.4,55.8
540,D,1,1,8.8,8.2,8.5,9.0,90.8
541,A,0,1,6.3,6.7,7.4,6.2,61.0
541,B,0,1,6.0,5.9,3.9,6.8,54.3
541,C,1,0,7.0,6.9,7.3,5.4,61.0
541,D,1,1,8.2,9.5,8.6,7.2,89.2
542,A,1,0,10,9.7,6.1,7.8,72.7
542,B,1,1,6.7,6.3,6.3,5.4,74.5
542,C,0,0,4.6,6.9,8.5,5.8,43.0
542,D,1,0,9.4,8.8,7.5,7.7,72.3
543,A,1,0,6.3,6.1,6.0,7.8,60.3
543,B,1,1,6.8,6.9,3.7,7.7,75.2
543,C,1,0,5.1,3.9,7.7,3.7,50.7
543,D,1,0,6.7,8.7,10,8.7,73.5
544,A,1,0,7.8,7.2,6.6,5.5,61.8
544,B,1,1,7.2,6.6,7.4,9.1,83.8
544,C,0,1,5.1,5.1,7.3,10,62.5
544,D,0,0,8.8,9.7,9.1,7.5,58.5
545,A,1,1,7.4,6.6,5.5,8.5,80.0
545,B,1,1,7.2,9.3,8.0,8.4,88.2
545,C,1,0,4.7,3.7,5.8,6.5,51.2
545,D,1,1,7.6,8.8,8.8,8.3,89.2
546,A,1,0,7.5,8.1,6.4,4.7,61.2
546,B,0,0,9.9,8.8,7.2,8.1,56.7
546,C,1,1,6.2,5.6,8.3,5.7,76.3
546,D,0,0,8.8,9.0,8.6,4.9,52.2
547,A,0,1,7.2,8.2,6.5,4.8,61.2
547,B,0,1,8.8,8.3,7.9,6.3,68.8
547,C,1,1,4.6,6.6,9.0,5.5,76.2
547,D,1,1,9.4,8.6,7.1,7.1,87.0
548,A,1,0,7.4,6.9,7.4,7.6,65.5
548,B,1,1,6.8,9.9,5.8,6.1,81.0
548,C,0,1,5.8,7.1,7.7,4.9,59.2
548,D,1,0,8.4,8.5,7.1,4.9,64.8
549,A,1,0,8.3,9.3,6.4,6.6,67.7
549,B,1,1,5.4,7.3,8.1,8.0,81.3
549,C,1,0,6.5,8.0,8.1,4.8,62.3
549,D,1,0,7.8,9.5,8.1,7.7,71.8
550,A,0,0,5.1,6.4,4.3,7.9,39.5
550,B,0,1,6.0,8.8,9.6,6.7,68.5
550,C,0,0,4.8,6.0,7.8,4.4,38.3
550,D,1,1,7.6,6.9,7.1,7.6,82.0
551,A,0,0,5.9,8.0,5.7,7.1,44.5
551,B,1,0,8.5,7.2,6.1,5.3,61.8
551,C,0,1,5.5,7.5,10,6.5,65.8
551,D,1,1,8.5,8.0,7.5,9.5,89.2
552,A,1,1,7.1,8.6,5.9,8.0,82.7
552,B,1,1,7.8,6.5,6.7,7.1,80.2
552,C,1,1,8.5,8.1,7.2,6.2,83.3
552,D,1,1,9.2,8.5,9.5,7.9,91.8
553,A,1,1,6.5,7.2,6.0,7.2,78.2
553,B,0,1,6.9,9.1,6.2,7.0,65.3
553,C,1,0,7.2,6.1,9.2,5.8,63.8
553,D,0,1,8.3,6.0,10,8.1,70.7
554,A,0,0,5.7,5.6,5.5,8.4,42.0
554,B,1,1,8.8,6.4,5.9,6.7,79.7
554,C,0,0,8.6,6.2,7.1,4.9,44.7
554,D,1,0,7.8,6.7,8.4,7.4,67.2
555,A,1,0,7.4,6.7,5.0,6.3,59.0
555,B,1,0,7.4,8.4,8.0,7.5,68.8
555,C,1,0,6.0,5.3,9.7,6.9,63.2
555,D,1,1,9.6,7.3,6.3,7.4,84.3
556,A,1,0,6.4,9.6,7.1,9.0,70.2
556,B,1,0,5.2,8.0,6.9,7.1,62.0
556,C,0,1,7.1,4.4,7.3,5.8,57.7
556,D,1,1,7.9,8.4,7.4,7.9,86.0
557,A,1,0,7.6,8.0,6.8,8.1,67.5
557,B,1,1,7.7,7.1,5.0,5.3,75.2
557,C,0,0,6.9,6.1,6.5,7.6,45.2
557,D,1,0,7.0,7.2,9.4,6.7,67.2
558,A,1,1,6.8,8.7,6.1,9.1,84.5
558,B,1,1,6.1,8.8,7.6,5.6,80.2
558,C,0,0,7.4,9.0,6.3,5.0,46.2
558,D,1,1,5.3,7.5,10,6.9,82.8
559,A,0,1,5.8,6.6,3.0,8.1,55.8
559,B,1,1,4.3,7.1,7.0,7.5,76.5
559,C,0,0,5.7,6.8,6.9,5.2,41.0
559,D,1,0,7.7,8.5,9.0,7.2,70.7
560,A,0,1,6.3,8.6,4.6,6.3,59.7
560,B,1,1,3.8,6.6,6.7,7.8,74.8
560,C,1,0,5.8,8.0,8.2,4.7,61.2
560,D,1,1,8.1,8.0,8.5,5.6,83.7
561,A,1,0,6.1,6.9,8.0,7.0,63.3
561,B,1,0,8.0,7.9,6.1,9.9,69.8
561,C,0,1,5.4,6.6,9.8,5.6,62.3
561,D,1,1,7.2,8.9,7.7,5.2,81.7
562,A,1,0,6.6,7.8,4.2,9.0,62.7
562,B,1,1,7.0,7.3,8.0,5.3,79.3
562,C,1,1,6.1,6.4,7.0,6.9,77.3
562,D,0,1,8.6,7.4,6.7,6.7,65.7
563,A,1,1,7.3,8.9,4.3,7.9,80.7
563,B,1,1,5.2,7.2,7.0,8.9,80.5
563,C,1,0,5.9,6.4,6.5,5.5,57.2
563,D,0,0,7.3,5.7,8.7,8.2,49.8
564,A,0,1,7.7,10,7.5,9.7,74.8
564,B,1,0,9.5,9.6,7.1,7.9,73.5
564,C,1,0,8.5,7.0,6.5,5.4,62.3
564,D,0,0,8.6,6.4,6.8,6.4,47.0
565,A,1,0,7.1,7.9,4.1,8.8,63.2
565,B,0,0,6.7,5.9,5.5,7.1,42.0
565,C,0,1,4.7,7.4,6.9,5.8,58.0
565,D,1,0,7.8,7.0,7.4,7.4,66.0
566,A,1,0,7.5,7.7,6.6,7.9,66.2
566,B,0,0,10,10,5.5,9.2,57.8
566,C,0,1,6.2,5.7,7.4,4.3,56.0
566,D,1,1,9.3,9.2,7.5,5.2,85.3
567,A,1,1,6.2,6.1,6.4,9.6,80.5
567,B,1,1,8.2,7.0,6.7,5.7,79.3
567,C,1,1,4.1,4.8,7.2,6.3,70.7
567,D,1,1,6.3,6.3,9.8,7.6,83.3
568,A,1,1,10,6.9,6.9,6.7,84.2
568,B,1,1,8.2,9.6,7.0,8.1,88.2
568,C,0,1,3.9,6.4,7.4,4.8,54.2
568,D,0,1,10,8.8,9.7,8.1,77.7
569,A,0,1,6.7,7.6,5.3,8.3,63.2
569,B,1,1,7.8,7.3,7.8,8.8,86.2
569,C,1,1,7.7,4.4,6.3,6.3,74.5
569,D,1,1,9.0,9.6,10.0,8.5,95.2
570,A,1,0,7.6,7.3,4.6,5.7,58.7
570,B,0,1,7.8,7.9,6.0,5.4,61.8
570,C,0,1,7.4,6.6,9.3,7.5,68.0
570,D,0,0,8.7,6.9,7.5,8.2,52.2
571,A,1,0,4.3,6.9,5.6,9.6,60.7
571,B,1,0,5.5,7.9,6.2,6.5,60.2
571,C,1,0,8.1,4.7,7.8,7.3,63.2
571,D,1,0,6.9,5.9,7.4,9.1,65.5
572,A,1,1,6.2,10,5.8,6.8,81.3
572,B,1,1,8.6,9.3,6.3,9.7,89.8
572,C,0,1,5.3,5.5,6.0,5.9,54.5
572,D,1,1,7.1,7.2,7.4,8.6,83.8
573,A,0,0,8.3,6.9,5.9,6.4,45.8
573,B,1,1,6.3,9.0,5.7,7.7,81.2
573,C,1,0,7.7,6.9,7.4,4.7,61.2
573,D,0,0,8.4,7.8,7.2,7.6,51.7
574,A,1,1,6.6,6.8,6.3,9.5,82.0
574,B,1,1,7.6,9.4,5.4,7.4,83.0
574,C,1,1,4.1,4.4,6.3,7.5,70.5
574,D,0,1,8.6,7.3,9.2,6.1,68.7
575,A,0,1,4.9,7.2,7.1,5.9,58.5
575,B,1,1,9.0,6.9,10.0,6.8,87.8
575,C,1,1,7.6,5.0,6.3,4.0,71.5
575,D,1,0,8.3,8.7,7.9,7.7,71.0
576,A,1,1,10,10,5.7,9.1,91.3
576,B,0,1,6.2,8.8,5.6,4.6,58.7
576,C,1,0,5.6,5.6,7.0,6.2,57.3
576,D,1,0,7.0,5.8,6.5,8.2,62.5
577,A,0,1,8.1,8.6,8.9,10,76.0
577,B,1,0,6.8,8.8,6.9,8.0,67.5
577,C,1,1,6.3,5.2,9.7,6.2,79.0
577,D,1,1,7.8,7.2,7.3,7.2,82.5
578,A,1,1,7.2,7.9,5.1,6.2,77.3
578,B,0,0,7.2,6.0,6.0,8.3,45.8
578,C,1,1,5.3,7.7,6.9,4.4,73.8
578,D,1,0,6.1,8.6,8.9,6.9,67.5
579,A,1,0,8.2,8.1,4.9,8.3,65.8
579,B,1,1,8.1,6.9,5.4,5.7,76.8
579,C,0,1,4.0,5.4,5.0,6.4,51.3
579,D,1,1,6.7,7.8,6.5,6.7,79.5
580,A,1,0,6.9,7.2,6.0,8.1,63.7
580,B,1,1,4.6,8.9,9.3,7.3,83.5
580,C,0,0,6.7,6.8,6.9,5.2,42.7
580,D,1,0,7.9,8.1,9.5,9.7,75.3
581,A,1,0,6.8,8.0,6.1,9.5,67.3
581,B,1,0,6.3,8.7,6.3,7.2,64.2
581,C,0,0,8.0,6.1,6.9,4.8,43.0
581,D,1,0,8.6,10,7.9,7.0,72.5
582,A,0,0,6.2,10,6.4,7.3,49.8
582,B,1,1,5.8,8.3,6.9,7.0,80.0
582,C,1,1,8.1,4.3,7.5,4.4,73.8
582,D,1,1,8.3,7.8,9.4,7.8,88.8
583,A,0,0,8.3,5.9,6.0,5.9,43.5
583,B,1,1,6.3,7.4,5.8,6.2,76.2
583,C,1,1,7.4,5.8,6.4,5.1,74.5
583,D,1,0,10,7.4,10,9.0,77.3
584,A,1,1,8.4,9.7,5.2,6.1,82.3
584,B,1,0,3.2,8.6,7.1,8.2,61.8
584,C,1,0,7.0,6.6,7.5,6.7,63.0
584,D,1,0,7.3,8.0,4.5,6.3,60.2
585,A,1,0,9.6,10,7.9,6.6,73.5
585,B,1,1,6.9,9.2,4.9,9.1,83.5
585,C,0,1,5.3,5.3,10,5.3,59.8
585,D,1,1,7.4,7.4,6.5,9.8,85.2
586,A,0,0,8.4,10,6.4,5.2,50.0
586,B,1,0,7.7,7.6,5.3,6.5,61.8
586,C,1,0,5.1,3.9,6.3,4.9,50.3
586,D,1,1,7.9,8.3,7.2,8.0,85.7
587,A,0,1,6.0,8.7,5.3,5.4,59.0
587,B,1,0,5.9,7.2,7.9,6.7,62.8
587,C,1,1,7.1,7.1,5.4,6.7,77.2
587,D,1,1,5.5,8.9,7.1,6.6,80.2
588,A,0,0,6.5,8.8,4.6,8.1,46.7
588,B,1,0,5.6,6.6,6.3,7.1,59.3
588,C,0,1,4.2,6.7,5.8,6.8,55.8
588,D,1,0,5.6,8.2,9.4,7.6,68.0
589,A,1,1,8.4,8.8,5.6,6.9,82.8
589,B,1,1,6.4,5.1,7.2,6.5,75.3
589,C,0,0,6.4,7.0,5.9,8.1,45.7
589,D,1,0,8.1,7.8,6.9,6.5,65.5
590,A,0,1,6.7,8.3,4.7,9.8,65.8
590,B,1,0,7.6,7.1,6.0,8.2,64.8
590,C,1,0,5.5,6.7,7.7,5.2,58.5
590,D,1,0,9.6,6.3,9.7,9.6,75.3
591,A,1,1,6.9,9.3,9.0,7.6,88.0
591,B,1,0,5.5,4.4,5.7,4.7,50.5
591,C,0,1,6.3,6.2,7.6,3.8,56.5
591,D,1,1,8.9,5.1,6.5,8.0,80.8
592,A,1,1,7.8,8.2,4.6,9.8,84.0
592,B,0,0,7.9,7.5,8.6,9.8,56.3
592,C,1,0,6.4,6.5,7.9,6.4,62.0
592,D,1,1,9.3,8.9,8.0,5.7,86.5
593,A,1,0,7.6,9.4,3.5,7.2,62.8
593,B,1,1,6.6,7.9,7.1,7.5,81.8
593,C,1,1,6.4,8.1,8.0,4.2,77.8
593,D,1,0,7.0,6.0,7.5,8.7,65.3
594,A,1,1,5.6,8.1,4.7,7.3,76.2
594,B,1,0,5.0,7.9,4.0,7.4,57.2
594,C,0,0,8.3,5.6,8.3,5.9,46.8
594,D,1,1,6.8,6.3,7.0,7.8,79.8
595,A,0,0,5.5,7.6,6.8,4.7,41.0
595,B,0,1,7.2,7.9,6.1,5.7,61.5
595,C,1,1,5.1,6.2,8.2,5.7,75.3
595,D,1,0,8.3,8.0,10,8.4,74.5
596,A,1,0,8.0,7.8,2.8,5.6,57.0
596,B,1,1,6.1,8.8,6.3,4.6,76.3
596,C,1,1,8.6,4.7,8.9,6.6,81.3
596,D,0,0,8.4,7.0,7.1,7.0,49.2
597,A,1,0,10,6.4,5.5,8.0,66.5
597,B,0,1,6.9,4.2,7.4,5.1,56.0
597,C,1,0,6.4,3.9,6.6,6.8,56.2
597,D,1,1,8.9,7.4,7.1,6.6,83.3
598,A,0,0,4.4,6.1,5.3,6.8,37.7
598,B,1,1,6.7,5.9,6.6,7.1,77.2
598,C,0,1,7.7,7.3,6.8,7.0,64.7
598,D,1,1,7.4,10,8.3,7.8,89.2
599,A,0,0,8.1,5.0,3.2,10,43.8
599,B,0,1,6.9,6.5,6.5,5.7,59.3
599,C,0,0,8.5,5.9,6.8,8.0,48.7
599,D,1,1,6.1,8.2,10,8.2,87.5
600,A,1,1,7.3,8.0,5.8,7.4,80.8
600,B,1,0,8.5,9.5,8.9,6.7,72.7
600,C,0,0,5.5,6.4,5.6,6.7,40.3
600,D,0,1,8.8,8.0,7.1,8.2,70.2
601,A,1,0,7.4,8.5,2.9,7.2,60.0
601,B,1,1,8.3,8.9,6.9,8.1,87.0
601,C,1,1,5.4,5.6,5.3,8.1,74.0
601,D,1,1,6.7,10,8.0,9.0,89.5
602,A,1,1,6.4,4.8,5.4,5.8,70.7
602,B,1,0,5.0,8.3,5.5,8.1,61.5
602,C,1,0,7.2,6.4,7.7,6.5,63.0
602,D,1,0,8.2,6.7,9.1,7.5,69.2
603,A,1,0,6.1,8.1,5.9,7.8,63.2
603,B,1,0,5.9,8.7,7.5,6.7,64.7
603,C,1,0,6.6,6.7,6.7,5.0,58.3
603,D,1,1,9.8,6.6,6.8,6.4,82.7
604,A,1,1,8.5,10,4.8,6.3,82.7
604,B,0,0,7.1,8.3,6.4,6.9,47.8
604,C,0,1,5.3,5.8,7.8,8.0,61.5
604,D,1,0,7.6,6.2,7.9,4.9,61.0
605,A,1,0,6.5,7.7,7.3,9.6,68.5
605,B,1,0,7.9,10.0,7.1,8.8,73.0
605,C,1,1,7.3,5.5,8.0,4.6,75.7
605,D,1,0,8.1,8.3,9.1,7.5,71.7
606,A,1,1,7.2,8.2,7.0,7.0,82.3
606,B,1,1,6.5,9.1,6.5,6.0,80.2
606,C,0,1,6.9,7.8,8.0,5.9,64.3
606,D,1,0,9.7,8.0,6.5,7.5,69.5
607,A,1,0,7.6,6.8,5.2,6.6,60.3
607,B,1,0,9.7,9.1,5.2,9.5,72.5
607,C,1,1,8.0,5.6,6.8,5.4,76.3
607,D,1,1,8.6,8.8,6.6,7.4,85.7
608,A,1,0,5.9,7.8,6.4,7.4,62.5
608,B,1,0,8.0,7.6,6.2,6.5,63.8
608,C,1,0,6.7,7.8,6.7,6.7,63.2
608,D,1,0,7.4,8.0,7.4,9.9,71.2
609,A,1,0,5.6,9.5,5.9,8.0,65.0
609,B,1,0,7.2,7.6,7.6,6.6,65.0
609,C,0,1,7.0,5.1,7.4,6.4,59.8
609,D,1,1,6.5,7.9,9.5,7.3,85.3
610,A,0,0,8.2,8.2,4.6,8.4,49.0
610,B,0,1,6.9,7.8,7.6,8.3,67.7
610,C,0,0,4.8,6.6,7.9,4.7,40.0
610,D,1,1,9.3,8.5,8.1,8.5,90.7
611,A,0,0,6.8,5.8,4.2,6.9,39.5
611,B,0,0,7.0,7.7,8.4,8.3,52.3
611,C,0,1,6.3,7.4,5.7,5.1,57.5
611,D,0,1,8.6,9.0,8.0,6.8,70.7
612,A,0,0,5.2,6.8,5.5,7.3,41.3
612,B,1,0,7.4,6.7,6.3,7.2,62.7
612,C,1,1,4.6,7.1,6.7,5.7,73.5
612,D,0,0,7.4,7.2,10,5.4,50.0
613,A,1,0,5.4,7.9,5.4,7.2,59.8
613,B,1,1,10,9.9,7.7,6.7,90.5
613,C,0,1,6.4,5.9,8.3,5.0,59.3
613,D,1,1,8.2,6.8,9.1,7.7,86.3
614,A,0,0,7.2,9.2,6.8,7.7,51.5
614,B,1,0,6.4,8.2,6.9,5.6,61.8
614,C,0,1,7.1,4.6,6.2,4.6,54.2
614,D,1,1,9.4,9.7,9.2,6.3,91.0
615,A,1,0,5.8,10,4.6,6.0,60.7
615,B,1,0,7.0,7.6,7.8,8.9,68.8
615,C,1,0,7.1,4.4,6.8,6.0,57.2
615,D,0,1,6.6,5.1,8.1,8.5,63.8
616,A,1,0,6.0,8.0,7.5,7.3,64.7
616,B,1,0,6.6,5.6,6.3,8.5,61.7
616,C,0,0,5.9,8.6,7.7,6.8,48.3
616,D,0,0,9.1,9.7,9.4,6.4,57.7
617,A,1,0,6.8,7.3,7.0,9.1,67.0
617,B,1,0,6.6,8.4,7.9,6.1,65.0
617,C,1,1,4.9,7.5,6.8,4.5,72.8
617,D,1,0,9.3,6.4,9.6,5.7,68.3
618,A,1,0,8.1,7.6,6.0,6.3,63.3
618,B,1,0,5.1,7.2,6.7,8.4,62.3
618,C,1,0,9.3,5.9,8.6,4.0,63.0
618,D,1,0,7.8,6.8,9.4,8.0,70.0
619,A,0,0,8.8,8.5,5.4,6.1,48.0
619,B,1,0,5.8,9.8,7.7,8.0,68.8
619,C,1,1,6.2,6.1,9.1,8.2,82.7
619,D,1,1,8.7,7.2,7.6,7.0,84.2
620,A,1,1,7.5,8.6,5.5,8.1,82.8
620,B,1,1,7.0,8.0,6.1,5.8,78.2
620,C,0,0,8.1,6.1,6.5,5.9,44.3
620,D,1,1,8.2,9.7,10,6.6,90.8
621,A,1,1,5.4,6.6,4.8,7.5,73.8
621,B,1,1,7.4,6.5,7.5,7.7,81.8
621,C,1,1,7.2,6.1,5.7,6.1,75.2
621,D,1,0,7.4,7.6,8.9,8.2,70.2
622,A,1,1,9.0,10,4.1,7.9,85.0
622,B,1,1,6.4,7.6,5.4,4.7,73.5
622,C,0,1,7.7,8.6,5.9,6.4,64.3
622,D,0,1,9.0,6.7,9.2,8.7,72.7
623,A,1,1,7.1,9.0,7.0,7.9,85.0
623,B,0,0,7.9,7.6,9.4,6.7,52.7
623,C,1,0,4.8,7.7,7.0,6.4,59.8
623,D,1,1,6.4,7.4,7.1,6.1,78.3
624,A,1,1,5.2,8.6,3.4,8.6,76.3
624,B,1,1,7.9,7.6,4.0,6.6,76.8
624,C,1,0,6.9,6.7,6.1,5.1,58.0
624,D,1,1,6.7,6.3,5.4,7.8,77.0
625,A,0,1,8.3,8.7,4.6,9.6,68.7
625,B,0,1,6.1,7.4,6.3,7.4,62.0
625,C,1,1,6.6,7.6,7.6,5.5,78.8
625,D,1,1,8.2,9.1,7.6,6.7,86.0
626,A,1,1,9.4,10.0,7.2,5.9,87.5
626,B,0,0,5.4,7.2,5.7,8.7,45.0
626,C,0,0,6.3,6.6,6.3,4.9,40.2
626,D,1,0,7.7,6.0,9.6,7.2,67.5
627,A,0,0,7.4,7.8,4.3,6.8,43.8
627,B,1,1,4.8,6.8,9.1,9.0,82.8
627,C,0,0,6.2,7.7,5.8,4.2,39.8
627,D,0,0,10,10,9.6,8.5,63.5
628,A,1,0,7.0,5.7,4.6,8.3,59.3
628,B,1,0,8.1,7.4,8.2,7.6,68.8
628,C,0,1,7.8,6.6,6.5,5.1,60.0
628,D,1,1,8.7,7.6,5.0,6.1,79.0
629,A,0,1,7.2,6.5,7.1,4.5,58.8
629,B,0,0,6.1,6.3,6.3,8.3,45.0
629,C,1,0,6.4,5.4,6.1,4.3,53.7
629,D,1,1,6.8,7.3,7.9,8.6,84.3
630,A,0,1,7.4,9.8,6.9,8.4,70.8
630,B,1,1,6.6,8.2,6.3,7.4,80.8
630,C,1,1,6.9,4.2,6.2,5.6,71.5
630,D,1,1,8.1,6.5,7.6,7.9,83.5
631,A,1,1,3.8,7.5,6.0,7.9,75.3
631,B,1,1,4.3,9.1,5.7,5.1,73.7
631,C,1,1,5.3,8.2,6.2,7.1,78.0
631,D,1,1,9.1,9.3,9.1,7.5,91.7
632,A,1,0,7.1,7.6,5.1,6.5,60.5
632,B,1,1,5.7,8.3,6.4,8.1,80.8
632,C,1,0,4.7,9.1,9.1,6.7,66.0
632,D,1,0,9.0,7.1,7.7,6.9,67.8
633,A,1,1,6.9,6.8,5.4,7.3,77.3
633,B,1,1,6.7,8.8,7.3,7.8,84.3
633,C,1,1,6.3,5.7,6.4,7.6,76.7
633,D,0,1,7.0,6.9,6.9,7.6,64.0
634,A,1,1,7.2,7.6,6.7,6.1,79.3
634,B,1,0,7.8,7.3,7.9,9.3,70.5
634,C,0,0,5.6,2.9,7.0,5.8,35.5
634,D,1,1,7.0,9.3,9.2,5.9,85.7
635,A,1,0,9.0,6.4,6.6,8.9,68.2
635,B,0,0,5.8,6.7,4.6,5.8,38.2
635,C,1,0,6.0,6.9,9.5,4.8,62.0
635,D,0,1,6.8,9.5,7.8,8.1,70.3
636,A,0,1,6.7,7.2,3.6,7.9,59.0
636,B,1,1,9.0,9.5,10,5.6,90.2
636,C,0,0,4.4,4.0,7.1,6.5,36.7
636,D,1,1,8.2,8.4,7.5,7.3,85.7
637,A,0,0,7.0,7.9,3.8,7.9,44.3
637,B,1,0,8.0,8.3,6.5,7.7,67.5
637,C,1,1,8.4,5.8,7.8,6.0,80.0
637,D,1,0,8.0,6.8,9.9,7.1,69.7
638,A,0,0,5.9,9.9,4.5,5.4,42.8
638,B,1,1,7.6,6.9,4.1,4.9,72.5
638,C,1,0,6.9,5.1,6.4,8.5,61.5
638,D,1,0,8.9,9.3,8.5,7.7,74.0
639,A,0,0,7.0,7.6,7.0,5.7,45.5
639,B,0,0,5.3,9.9,5.9,7.0,46.8
639,C,1,1,4.8,5.6,7.4,4.4,70.3
639,D,1,1,7.4,5.1,7.4,7.8,79.5
640,A,0,1,5.7,8.9,6.1,7.0,62.8
640,B,1,0,7.0,8.9,8.2,8.1,70.3
640,C,1,0,7.4,7.0,6.5,8.9,66.3
640,D,0,1,7.9,8.5,8.2,6.2,68.0
641,A,0,0,8.4,10,6.9,7.7,55.0
641,B,1,1,8.0,7.9,6.9,6.4,82.0
641,C,1,0,6.9,6.2,7.8,9.3,67.0
641,D,1,1,8.8,8.4,6.1,4.2,79.2
642,A,0,1,6.3,8.5,8.6,8.9,70.5
642,B,1,0,6.8,9.6,6.0,4.4,61.3
642,C,1,1,6.5,5.6,7.6,6.6,77.2
642,D,1,0,6.5,10,7.3,8.0,69.7
643,A,1,0,7.2,9.4,7.9,8.5,71.7
643,B,0,0,7.1,6.2,6.0,5.8,41.8
643,C,1,0,5.0,6.6,9.7,5.8,61.8
643,D,0,1,8.4,8.8,6.8,10,73.3
644,A,1,0,6.6,8.1,6.1,6.4,62.0
644,B,1,1,6.0,7.0,7.3,7.2,79.2
644,C,1,0,6.2,9.3,10,7.8,72.2
644,D,1,1,10,7.9,9.4,8.3,92.7
645,A,0,0,8.5,6.6,4.9,6.7,44.5
645,B,1,1,6.7,8.7,6.7,6.9,81.7
645,C,1,1,6.8,7.5,7.0,5.3,77.7
645,D,0,1,9.0,8.7,9.0,7.8,74.2
646,A,0,1,8.0,7.7,2.6,7.9,60.3
646,B,1,0,7.5,6.5,5.6,9.6,65.3
646,C,1,0,5.3,6.8,7.1,4.4,56.0
646,D,0,1,9.3,9.0,7.0,7.3,71.0
647,A,0,0,7.0,9.7,4.9,7.8,49.0
647,B,1,1,8.0,8.2,6.6,9.4,87.0
647,C,1,1,7.1,5.3,5.8,5.8,73.3
647,D,1,1,9.8,8.8,7.6,8.2,90.7
648,A,1,0,6.7,9.2,6.6,8.0,67.5
648,B,1,0,9.0,7.9,6.4,5.6,64.8
648,C,0,0,5.4,5.3,3.7,7.4,36.3
648,D,1,1,8.7,8.1,6.4,6.8,83.3
649,A,0,1,6.1,7.4,6.5,7.3,62.2
649,B,1,1,8.5,8.3,6.7,4.7,80.3
649,C,1,1,6.1,5.2,7.7,5.1,73.5
649,D,1,1,7.3,6.4,9.6,7.6,84.8
650,A,0,0,5.9,7.9,3.8,8.5,43.5
650,B,1,1,7.3,4.7,6.0,7.9,76.5
650,C,1,0,4.1,8.1,5.4,7.0,57.7
650,D,1,0,10,8.4,9.5,6.3,73.7
651,A,1,1,7.0,8.7,5.1,6.9,79.5
651,B,1,1,7.4,6.8,6.4,5.5,76.8
651,C,1,0,5.7,5.9,8.0,5.1,57.8
651,D,1,1,7.4,9.0,7.5,6.5,84.0
652,A,0,0,9.1,8.7,6.3,7.4,52.5
652,B,0,0,8.6,10,7.3,7.9,56.3
652,C,0,0,4.5,7.0,7.8,3.9,38.7
652,D,1,0,9.5,7.6,8.6,10,76.2
653,A,0,1,5.7,8.7,6.8,7.3,64.2
653,B,1,1,7.6,10,6.7,6.3,84.3
653,C,1,0,6.3,7.2,8.4,4.5,60.7
653,D,1,0,6.2,8.1,9.4,7.5,68.7
654,A,1,0,6.2,6.1,3.7,4.7,51.2
654,B,1,0,6.8,9.4,8.5,5.2,66.5
654,C,1,0,7.7,5.7,5.7,5.5,57.7
654,D,1,0,8.6,8.1,6.3,5.9,64.8
655,A,1,0,6.9,9.7,5.0,7.1,64.5
655,B,1,0,6.5,10,6.0,6.5,65.0
655,C,1,0,4.9,7.2,8.1,2.3,54.2
655,D,1,1,8.5,6.9,7.9,6.5,83.0
656,A,1,0,8.0,7.4,5.9,8.4,66.2
656,B,1,1,7.4,6.8,5.1,8.8,80.2
656,C,1,0,6.8,5.4,7.8,4.3,57.2
656,D,1,1,7.9,5.3,7.3,8.5,81.7
657,A,1,0,6.2,9.9,7.2,7.7,68.3
657,B,0,1,6.6,8.5,6.0,7.4,64.2
657,C,1,1,6.1,5.8,7.2,6.2,75.5
657,D,1,1,8.6,5.1,9.2,5.6,80.8
658,A,1,0,9.1,7.1,5.8,6.8,64.7
658,B,0,1,5.3,7.0,5.7,10,63.3
658,C,1,1,6.4,4.6,6.0,6.1,71.8
658,D,1,0,6.1,8.3,9.7,5.9,66.7
659,A,1,0,6.6,7.6,4.1,8.9,62.0
659,B,1,1,6.9,6.7,6.6,9.7,83.2
659,C,1,1,6.3,4.9,7.6,4.3,71.8
659,D,0,1,8.4,6.4,7.7,9.6,70.2
660,A,1,0,7.9,7.3,7.4,8.2,68.0
660,B,0,0,7.9,7.4,6.4,5.1,44.7
660,C,1,0,7.6,7.4,6.8,5.0,61.3
660,D,1,1,7.6,7.2,8.8,8.7,87.2
661,A,0,0,8.6,8.9,5.0,5.3,46.3
661,B,1,1,7.4,7.8,6.9,5.4,79.2
661,C,1,1,6.7,5.5,6.6,6.5,75.5
661,D,0,1,7.9,9.2,7.5,7.0,69.3
662,A,0,0,7.0,8.3,5.5,9.3,50.2
662,B,1,0,8.5,9.4,6.4,6.6,68.2
662,C,1,1,6.7,7.3,10,5.2,82.0
662,D,1,0,8.5,8.7,9.6,9.9,77.8
663,A,1,0,6.5,7.6,6.8,7.3,63.7
663,B,0,0,6.0,8.3,7.1,7.8,48.7
663,C,0,1,5.2,6.7,8.6,6.2,61.2
663,D,1,1,6.6,9.3,6.9,4.7,79.2
664,A,1,0,4.3,6.5,6.1,6.5,55.7
664,B,1,0,8.0,8.1,8.0,6.8,68.2
664,C,0,1,7.5,5.7,6.4,6.0,59.3
664,D,1,1,7.4,8.0,8.0,8.7,86.8
665,A,1,0,7.3,8.8,9.1,7.3,70.8
665,B,1,0,7.8,8.2,5.9,6.7,64.3
665,C,1,1,6.1,7.3,7.2,6.1,77.8
665,D,0,0,7.6,9.7,6.5,8.2,53.3
666,A,1,1,7.3,7.3,5.7,8.3,81.0
666,B,0,1,8.3,8.1,7.0,8.3,69.5
666,C,1,1,6.1,7.5,6.6,4.3,74.2
666,D,1,1,6.5,7.0,7.9,5.6,78.3
667,A,1,0,8.1,7.8,4.8,8.3,65.0
667,B,0,0,8.3,6.6,7.6,6.4,48.2
667,C,1,1,4.6,6.2,7.8,6.1,74.5
667,D,1,0,9.6,10,9.6,8.1,78.8
668,A,1,1,9.7,7.4,6.6,8.1,86.3
668,B,1,1,6.9,7.0,6.2,8.8,81.5
668,C,0,1,6.3,6.6,8.3,6.0,62.0
668,D,1,1,6.5,7.7,10,6.4,84.3
669,A,1,1,8.2,7.0,6.2,8.5,83.2
669,B,1,0,8.0,9.5,7.2,5.6,67.2
669,C,0,0,5.7,5.5,6.8,4.4,37.3
669,D,1,1,7.1,6.7,9.0,7.9,84.5
670,A,1,1,8.3,7.8,7.2,8.7,86.7
670,B,1,1,7.2,5.6,5.3,6.5,74.3
670,C,1,1,4.8,4.2,5.6,3.7,63.8
670,D,1,0,9.8,8.2,7.8,6.7,70.8
671,A,1,0,9.0,8.9,5.3,6.7,66.5
671,B,1,1,3.6,9.5,4.6,7.4,75.2
671,C,1,0,4.5,7.5,8.7,4.4,58.5
671,D,1,1,8.4,7.4,7.0,7.0,83.0
672,A,1,0,7.0,9.0,5.6,6.5,63.5
672,B,1,1,6.3,7.2,6.2,7.3,78.3
672,C,0,0,7.2,7.3,7.2,4.0,42.8
672,D,1,1,9.0,8.6,8.6,6.0,87.0
673,A,1,0,8.0,8.5,4.4,10,68.2
673,B,1,1,6.6,8.5,8.9,7.1,85.2
673,C,1,0,7.0,6.5,9.7,7.5,67.8
673,D,1,1,7.5,8.0,8.5,7.8,86.3
674,A,1,1,6.6,8.4,4.0,7.3,77.2
674,B,1,0,5.8,6.3,6.5,6.0,57.7
674,C,1,1,4.7,8.2,9.6,7.3,83.0
674,D,1,0,7.8,7.8,6.7,7.6,66.5
675,A,1,0,4.9,10,5.8,6.1,61.3
675,B,1,0,6.5,10,6.5,8.5,69.2
675,C,1,0,4.6,6.4,7.9,6.3,58.7
675,D,1,1,9.0,7.9,9.6,5.7,87.0
676,A,1,0,7.3,7.9,4.3,7.7,62.0
676,B,0,1,9.4,8.5,5.2,4.9,63.3
676,C,1,0,6.0,5.6,8.8,6.3,61.2
676,D,1,0,8.2,9.0,9.4,6.3,71.5
677,A,1,1,5.9,10,7.4,6.4,82.8
677,B,1,0,7.1,7.1,6.4,7.0,62.7
677,C,1,1,6.8,7.3,8.5,5.5,80.2
677,D,1,1,8.0,7.8,7.9,6.7,84.0
678,A,1,1,7.3,8.1,7.4,8.1,84.8
678,B,1,0,6.5,7.5,7.2,6.5,62.8
678,C,1,1,5.5,5.3,8.3,6.6,76.2
678,D,0,0,8.3,9.5,9.8,6.5,56.8
679,A,1,0,7.5,6.3,7.6,6.3,62.8
679,B,1,0,9.1,8.3,8.0,6.8,70.3
679,C,1,0,6.6,6.4,7.1,4.8,58.2
679,D,1,1,8.3,8.3,6.9,7.0,84.2
680,A,0,0,7.1,8.6,5.6,6.2,45.8
680,B,1,1,8.3,7.1,8.3,7.1,84.7
680,C,1,1,5.6,7.2,7.0,6.1,76.5
680,D,1,1,8.7,9.7,9.7,9.1,95.3
681,A,0,1,9.3,7.5,4.6,9.1,67.5
681,B,1,0,6.2,7.5,6.9,8.6,65.3
681,C,1,1,4.9,7.6,7.3,6.7,77.5
681,D,1,1,8.6,8.5,8.1,7.1,87.2
682,A,1,0,6.4,7.7,6.1,7.4,62.7
682,B,0,0,8.0,10,7.3,6.1,52.3
682,C,1,0,4.1,8.2,8.7,4.6,59.3
682,D,1,1,8.2,7.9,5.0,10,85.2
683,A,0,0,7.4,7.5,7.7,7.5,50.2
683,B,1,0,6.0,7.0,6.9,7.4,62.2
683,C,1,0,6.2,7.4,8.2,7.5,65.5
683,D,1,1,7.2,6.8,8.4,5.5,79.8
684,A,0,0,6.7,8.8,6.1,6.2,46.3
684,B,1,0,7.3,9.4,6.6,6.8,66.8
684,C,0,1,6.2,5.9,6.3,6.3,57.8
684,D,0,1,7.8,7.0,6.8,5.9,62.5
685,A,0,0,6.6,8.4,3.6,5.1,39.5
685,B,1,0,6.5,8.3,7.8,5.7,63.8
685,C,0,0,8.1,8.3,8.1,5.0,49.2
685,D,0,0,7.3,7.0,10,8.1,54.0
686,A,1,0,8.4,9.5,6.1,8.1,70.2
686,B,1,0,6.0,7.9,6.4,8.1,64.0
686,C,1,1,6.0,6.0,7.4,5.4,74.7
686,D,1,0,6.9,6.3,6.7,5.4,58.8
687,A,0,0,6.1,8.4,7.0,6.4,46.5
687,B,1,0,7.6,7.9,8.3,6.8,67.7
687,C,0,0,3.1,8.3,8.6,5.9,43.2
687,D,1,1,9.8,8.2,7.9,8.8,91.2
688,A,0,0,7.7,8.9,6.1,9.3,53.3
688,B,1,0,7.1,6.0,6.7,5.2,58.3
688,C,0,0,5.6,7.0,5.2,7.3,41.8
688,D,1,1,7.1,10,9.7,6.4,88.7
689,A,1,1,7.4,7.5,5.5,7.6,80.0
689,B,1,1,6.4,7.4,8.9,7.4,83.5
689,C,0,1,6.1,6.6,6.7,5.3,57.8
689,D,1,1,6.8,8.5,8.0,6.3,82.7
690,A,1,1,6.8,8.5,6.0,8.1,82.3
690,B,1,1,8.1,7.7,6.3,8.4,84.2
690,C,1,0,8.4,6.3,5.5,5.6,59.7
690,D,1,1,6.5,7.7,7.7,6.4,80.5
691,A,0,0,7.2,8.0,6.5,8.6,50.5
691,B,1,1,7.0,7.7,8.4,7.7,84.7
691,C,1,0,7.7,5.0,6.6,8.6,63.2
691,D,1,1,10,10,9.1,7.1,93.7
692,A,1,0,6.5,8.3,6.9,7.4,65.2
692,B,1,0,6.0,7.4,9.2,7.1,66.2
692,C,1,1,4.8,6.6,6.0,5.2,71.0
692,D,1,0,8.9,5.6,7.1,6.7,63.8
693,A,1,0,8.1,9.4,6.8,7.9,70.3
693,B,1,0,9.7,7.8,5.2,4.8,62.5
693,C,0,1,7.4,6.0,5.8,4.8,56.7
693,D,1,0,5.6,7.8,9.8,8.5,69.5
694,A,1,0,7.7,7.3,6.9,8.9,68.0
694,B,0,1,7.2,7.6,5.2,8.4,64.0
694,C,1,1,5.2,6.3,5.0,5.5,70.0
694,D,1,1,8.2,7.0,7.7,6.7,82.7
695,A,1,0,6.9,7.5,4.1,6.4,58.2
695,B,0,1,8.3,7.7,8.5,5.1,66.0
695,C,0,1,6.9,8.3,7.4,7.5,66.8
695,D,0,1,8.3,8.2,8.0,6.9,69.0
696,A,0,0,3.6,7.2,5.5,6.3,37.7
696,B,1,0,5.0,6.5,6.8,5.6,56.5
696,C,1,1,4.4,4.9,5.7,5.5,67.5
696,D,1,0,8.1,9.8,7.7,6.4,70.0
697,A,1,0,6.6,8.4,5.8,7.7,64.2
697,B,1,0,6.7,8.3,4.6,7.8,62.3
697,C,0,0,8.0,5.7,9.1,6.4,48.7
697,D,1,0,8.0,6.6,4.8,7.8,62.0
698,A,0,0,7.5,7.4,5.8,9.3,50.0
698,B,1,0,6.7,10,5.1,5.9,62.8
698,C,0,0,7.4,5.8,8.8,3.9,43.2
698,D,0,1,9.9,6.8,8.5,8.4,72.7
699,A,0,1,4.8,8.2,6.0,8.2,62.0
699,B,1,0,8.1,6.4,6.3,6.7,62.5
699,C,1,0,6.4,5.4,8.5,6.1,60.7
699,D,1,0,7.8,9.2,7.9,7.9,71.3
700,A,0,1,6.0,8.1,5.6,8.2,63.2
700,B,1,0,7.6,9.6,8.4,7.1,71.2
700,C,1,0,4.4,6.5,6.2,4.8,53.2
700,D,1,0,8.9,7.7,8.0,6.5,68.5
701,A,1,1,8.0,7.3,9.2,6.9,85.7
701,B,1,1,8.3,7.6,5.8,5.8,79.2
701,C,1,0,6.3,5.4,6.0,5.4,55.2
701,D,1,1,8.2,7.1,8.7,7.2,85.3
702,A,1,0,8.1,8.7,8.3,7.9,71.7
702,B,1,1,8.5,7.2,7.3,7.0,83.3
702,C,1,1,6.7,6.6,6.7,3.8,73.0
702,D,1,1,8.5,8.3,9.0,7.8,89.3
703,A,0,1,6.7,7.0,6.3,8.3,63.8
703,B,1,0,6.7,8.0,5.2,5.7,59.3
703,C,1,0,4.7,5.7,6.7,5.3,54.0
703,D,0,1,7.1,9.3,8.1,7.5,70.0
704,A,1,0,7.4,8.7,7.0,7.6,67.8
704,B,1,0,8.8,8.5,7.8,7.1,70.3
704,C,1,1,5.0,4.3,7.4,8.3,75.0
704,D,0,0,7.8,7.4,8.4,7.4,51.7
705,A,1,0,8.8,7.0,6.2,7.2,65.3
705,B,1,0,7.6,5.3,7.5,5.8,60.3
705,C,0,0,4.6,4.6,9.0,4.4,37.7
705,D,1,1,8.1,7.0,8.2,7.3,84.3
706,A,1,0,5.7,6.8,4.9,4.9,53.8
706,B,1,1,6.0,6.8,5.9,7.9,77.7
706,C,0,0,2.9,7.1,5.7,6.4,36.8
706,D,1,0,6.8,7.1,8.6,7.5,66.7
707,A,1,0,8.9,9.1,6.4,6.8,68.7
707,B,1,1,5.8,5.6,6.1,4.2,69.5
707,C,1,1,4.9,4.1,6.4,3.7,65.2
707,D,1,1,6.0,8.3,9.0,7.1,84.0
708,A,1,0,9.9,8.7,8.6,9.1,77.2
708,B,1,1,6.7,6.0,7.0,7.9,79.3
708,C,1,1,5.5,7.6,7.2,3.6,73.2
708,D,1,0,6.2,8.7,9.2,8.0,70.2
709,A,0,0,7.4,7.2,5.2,7.8,46.0
709,B,1,1,5.8,8.1,5.1,6.5,75.8
709,C,1,0,3.7,7.2,8.0,6.5,59.0
709,D,1,0,6.7,6.2,6.9,7.2,61.7
710,A,0,0,8.4,8.2,6.2,9.2,53.3
710,B,0,0,7.9,5.8,3.7,6.3,39.5
710,C,0,0,6.3,8.8,6.0,3.4,40.8
710,D,1,0,8.3,7.2,6.8,8.3,67.7
711,A,0,1,8.5,7.8,4.6,8.4,65.5
711,B,1,0,6.1,7.1,8.2,7.8,65.3
711,C,1,1,6.3,5.6,6.0,5.2,71.8
711,D,0,0,7.8,10,8.7,7.0,55.8
712,A,0,1,8.3,10,4.4,8.1,68.0
712,B,0,0,6.9,7.0,7.5,7.2,47.7
712,C,1,0,6.1,5.5,6.0,4.8,54.0
712,D,1,0,8.0,7.0,8.4,8.9,70.5
713,A,0,1,6.0,8.2,3.6,7.7,59.2
713,B,1,1,8.2,6.7,6.8,8.1,83.0
713,C,1,1,5.1,6.5,6.8,6.8,75.3
713,D,0,1,7.0,10,8.2,8.1,72.2
714,A,0,1,7.4,8.9,6.0,7.5,66.3
714,B,0,1,7.1,6.4,6.4,6.5,60.7
714,C,0,0,6.4,5.4,7.8,6.1,42.8
714,D,1,0,8.9,8.3,9.3,7.6,73.5
715,A,1,0,7.4,8.7,5.9,7.0,65.0
715,B,1,0,8.6,8.9,8.0,6.3,69.7
715,C,1,1,5.9,6.0,6.4,6.8,75.2
715,D,1,0,7.5,8.8,8.6,6.5,69.0
716,A,0,0,7.6,10,3.6,7.1,47.2
716,B,1,1,7.1,5.9,6.8,7.2,78.3
716,C,1,0,7.7,4.2,9.1,8.2,65.3
716,D,1,1,9.2,7.8,9.8,8.1,91.5
717,A,0,0,7.3,8.3,5.3,7.0,46.5
717,B,0,0,9.5,6.5,7.4,4.7,46.8
717,C,0,0,4.9,5.7,6.4,4.8,36.3
717,D,1,1,8.4,9.2,8.0,8.8,90.7
718,A,1,0,7.5,6.3,5.9,8.1,63.0
718,B,1,0,6.4,7.8,6.7,8.5,65.7
718,C,0,1,4.8,6.2,7.0,7.4,59.0
718,D,1,0,7.5,7.9,7.1,4.8,62.2
719,A,1,0,8.6,6.9,6.1,4.1,59.5
719,B,1,0,9.0,7.4,6.8,6.6,66.3
719,C,1,1,5.9,6.2,7.8,7.8,79.5
719,D,0,1,8.4,7.5,7.8,8.4,70.2
720,A,0,0,7.8,8.8,5.4,8.5,50.8
720,B,0,1,7.6,8.9,5.6,6.7,64.7
720,C,1,0,5.1,6.1,7.5,5.2,56.5
720,D,1,0,9.6,8.3,7.1,6.4,69.0
721,A,0,1,9.9,7.5,6.9,7.3,69.3
721,B,1,0,6.7,7.4,7.1,4.7,59.8
721,C,1,1,4.0,5.2,5.9,5.9,68.3
721,D,1,0,6.6,5.7,7.4,6.8,60.8
722,A,1,0,4.8,8.3,5.1,8.4,61.0
722,B,1,1,9.4,7.4,8.4,6.8,86.7
722,C,0,1,7.0,5.8,6.1,5.9,58.0
722,D,1,1,8.2,8.1,4.8,7.4,80.8
723,A,0,0,7.4,7.4,6.2,7.5,47.5
723,B,1,0,8.0,8.0,9.1,6.5,69.3
723,C,1,0,5.5,6.7,6.6,5.4,57.0
723,D,1,1,6.4,9.0,8.3,6.9,84.3
724,A,1,1,6.6,9.1,5.4,8.4,82.5
724,B,0,0,8.9,8.1,7.2,6.7,51.5
724,C,1,1,4.1,4.5,7.5,5.8,69.8
724,D,1,0,8.5,8.3,8.3,6.9,70.0
725,A,0,0,6.0,7.1,5.3,7.7,43.5
725,B,0,1,6.8,7.9,6.8,7.0,64.2
725,C,1,0,5.5,7.9,6.4,5.3,58.5
725,D,1,1,7.9,8.5,9.5,9.3,92.0
726,A,0,0,5.0,8.3,7.9,9.3,50.8
726,B,1,1,8.1,9.2,4.1,9.0,84.0
726,C,1,0,5.7,5.7,7.3,7.7,60.7
726,D,1,0,9.2,7.6,10.0,9.5,77.2
727,A,1,0,7.6,7.4,5.5,9.7,67.0
727,B,1,1,6.1,9.6,7.8,5.5,81.7
727,C,0,1,4.6,7.2,6.2,4.7,54.5
727,D,1,0,7.7,8.2,6.3,7.5,66.2
728,A,1,0,6.5,7.5,4.6,7.3,59.8
728,B,1,1,6.7,6.8,6.7,6.6,78.0
728,C,1,1,6.3,6.0,7.9,6.7,78.2
728,D,0,1,8.2,6.7,7.8,7.3,66.7
729,A,1,1,7.7,7.3,6.0,7.3,80.5
729,B,0,1,8.1,8.1,6.8,9.7,71.2
729,C,0,0,6.9,6.6,6.2,6.4,43.5
729,D,1,1,8.5,6.9,8.3,7.7,85.7
730,A,0,0,6.7,8.3,5.8,7.1,46.5
730,B,0,0,7.0,7.6,6.3,9.2,50.2
730,C,1,1,7.0,4.7,10.0,3.3,75.0
730,D,1,1,7.9,7.8,8.4,9.4,89.2
731,A,1,0,6.0,8.9,5.3,8.1,63.8
731,B,1,0,4.8,5.8,6.9,6.0,55.8
731,C,1,0,7.5,6.6,5.9,5.6,59.3
731,D,1,1,6.9,9.2,10,8.4,90.8
732,A,1,0,6.5,8.5,5.7,8.7,65.7
732,B,1,0,7.1,7.7,6.7,8.0,65.8
732,C,1,0,3.1,7.0,8.4,5.9,57.3
732,D,1,0,5.8,8.1,8.7,7.3,66.5
733,A,0,0,6.0,9.5,6.2,9.8,52.5
733,B,0,0,7.1,5.2,6.0,5.7,40.0
733,C,1,0,5.3,7.6,5.9,7.0,59.7
733,D,1,1,9.1,7.4,9.8,8.3,91.0
734,A,0,1,5.9,9.6,6.0,6.9,64.0
734,B,1,1,7.9,7.6,7.1,6.3,81.5
734,C,0,1,8.2,6.0,6.0,5.9,60.2
734,D,0,1,7.5,6.6,9.2,7.4,67.8
735,A,1,0,9.8,8.6,7.1,8.0,72.5
735,B,1,1,7.6,8.8,7.6,6.0,83.3
735,C,1,1,5.8,5.7,7.1,4.8,72.3
735,D,0,1,8.3,8.2,8.2,5.9,67.7
736,A,0,1,9.6,6.0,4.3,9.1,65.0
736,B,1,0,7.6,9.2,8.4,9.0,73.7
736,C,1,1,6.6,6.7,7.5,6.5,78.8
736,D,0,1,9.4,7.2,6.7,7.7,68.3
737,A,1,0,7.2,7.9,6.5,8.7,67.2
737,B,1,0,7.3,7.9,5.4,7.9,64.2
737,C,0,1,4.9,8.9,7.8,7.4,65.0
737,D,1,1,8.0,7.9,7.5,7.0,84.0
738,A,0,1,7.4,7.1,6.5,6.9,63.2
738,B,1,0,7.5,6.2,7.0,7.1,63.0
738,C,1,0,5.8,6.0,6.2,4.9,54.8
738,D,1,1,10,10,8.0,7.9,93.2
739,A,1,0,8.1,6.4,7.0,9.3,68.0
739,B,1,0,8.2,6.5,8.0,7.3,66.7
739,C,0,1,5.9,7.1,8.9,6.6,64.2
739,D,0,1,7.1,7.4,8.8,8.6,69.8
740,A,0,0,6.2,6.9,4.0,4.7,36.3
740,B,1,0,6.3,10,7.4,7.9,69.3
740,C,1,0,4.2,7.9,7.0,5.7,58.0
740,D,1,0,9.1,8.3,7.2,8.9,72.5
741,A,0,1,6.8,7.2,7.4,5.7,61.8
741,B,0,0,3.5,7.0,6.3,6.9,39.5
741,C,0,0,7.0,6.1,7.2,7.1,45.7
741,D,1,0,7.5,7.2,7.9,6.9,65.8
742,A,1,0,5.4,7.2,5.3,7.6,59.2
742,B,1,0,9.0,9.3,5.5,8.5,70.5
742,C,1,0,7.3,4.5,5.7,4.5,53.3
742,D,1,0,7.7,6.5,8.8,6.7,66.2
743,A,1,0,8.8,8.7,5.1,7.5,66.8
743,B,1,1,6.3,5.5,10,7.2,81.7
743,C,1,0,5.6,6.7,5.4,4.8,54.2
743,D,0,1,8.9,8.8,7.3,7.6,71.0
744,A,1,0,6.5,9.4,5.9,7.5,65.5
744,B,1,1,5.7,7.6,6.4,6.7,77.3
744,C,1,0,5.8,6.7,9.0,4.7,60.3
744,D,1,1,9.7,10,7.8,7.2,91.2
745,A,1,0,7.8,5.9,6.4,5.9,60.0
745,B,1,0,8.1,6.6,6.7,5.6,61.7
745,C,1,0,8.5,6.4,7.7,7.1,66.2
745,D,1,0,8.0,8.7,7.2,6.8,67.8
746,A,1,1,7.3,8.7,6.5,6.7,82.0
746,B,0,1,7.0,6.8,8.5,6.7,65.0
746,C,1,1,5.7,7.1,10,6.7,82.5
746,D,1,1,9.0,7.7,9.7,8.1,90.8
747,A,0,1,7.3,7.1,5.2,7.8,62.3
747,B,1,0,9.2,10.0,8.0,5.7,71.5
747,C,0,1,7.3,7.8,7.3,4.3,61.2
747,D,1,0,7.6,8.1,9.0,10.0,74.5
748,A,0,1,6.3,9.9,6.0,8.9,68.5
748,B,0,1,7.6,7.8,7.0,7.6,66.7
748,C,0,1,4.1,6.6,6.0,5.4,53.5
748,D,1,0,8.5,6.8,8.1,6.3,66.2
749,A,1,0,8.6,8.4,5.5,9.0,69.2
749,B,0,0,7.2,8.2,6.6,7.0,48.3
749,C,1,0,4.9,6.5,9.6,4.9,59.8
749,D,1,1,8.4,7.8,7.9,8.4,87.5
750,A,1,0,7.3,9.1,8.0,4.5,64.8
750,B,0,0,7.6,7.2,8.2,6.6,49.3
750,C,1,0,6.5,5.6,7.1,5.0,57.0
750,D,0,1,10,8.6,6.6,5.2,67.3
751,A,1,1,8.1,8.5,6.2,6.4,82.0
751,B,1,0,7.4,9.8,7.7,7.4,70.5
751,C,0,0,7.2,8.6,5.1,7.1,46.7
751,D,1,1,5.8,7.9,6.2,8.9,81.3
752,A,1,0,9.1,8.3,5.0,8.0,67.3
752,B,1,0,5.5,8.7,7.3,6.4,63.2
752,C,0,1,5.5,7.2,5.4,4.6,54.5
752,D,1,0,8.5,8.0,8.9,7.4,71.3
753,A,1,0,6.8,10,7.9,8.6,72.2
753,B,1,0,7.7,9.0,8.4,7.5,71.0
753,C,1,0,6.3,6.6,9.1,4.4,60.7
753,D,1,1,7.8,7.1,9.3,7.2,85.7
754,A,1,1,7.8,9.3,3.7,5.6,77.3
754,B,1,1,8.6,10,4.2,6.4,82.0
754,C,1,0,4.7,6.7,7.6,5.0,56.7
754,D,1,1,7.5,9.2,7.0,8.0,86.2
755,A,0,0,5.2,10,4.4,7.3,44.8
755,B,1,1,6.5,6.8,6.6,7.7,79.3
755,C,0,1,7.2,8.7,7.6,4.3,63.0
755,D,0,1,6.6,7.4,8.6,7.9,67.5
756,A,0,0,7.4,7.4,3.3,7.7,43.0
756,B,1,0,8.3,4.9,7.0,8.2,64.0
756,C,1,1,4.1,4.5,7.6,4.1,67.2
756,D,1,1,5.9,7.6,10,9.1,87.7
757,A,1,1,7.3,9.6,7.6,5.3,83.0
757,B,1,1,4.8,8.6,3.4,7.6,74.0
757,C,0,1,7.7,9.0,8.3,8.1,71.8
757,D,1,0,8.7,9.4,9.9,6.7,74.5
758,A,0,1,8.0,6.4,4.8,8.3,62.5
758,B,1,1,6.6,8.7,8.1,6.2,82.7
758,C,0,1,4.7,4.1,7.5,5.8,53.5
758,D,0,0,8.4,8.4,8.7,8.0,55.8
759,A,1,1,7.2,6.0,5.0,6.5,74.5
759,B,0,0,7.5,7.3,6.7,6.1,46.0
759,C,1,0,6.2,6.5,6.9,6.9,60.8
759,D,1,1,7.5,7.4,7.0,8.1,83.3
760,A,0,0,7.8,6.0,4.6,4.7,38.5
760,B,1,1,4.3,8.2,8.2,7.6,80.5
760,C,0,1,6.0,4.5,6.7,5.7,54.8
760,D,0,0,6.8,8.7,7.3,5.8,47.7
761,A,1,0,7.0,8.2,4.6,7.8,62.7
761,B,1,0,7.4,7.3,5.6,6.9,62.0
761,C,1,1,5.8,8.9,7.4,5.3,79.0
761,D,1,1,7.2,6.9,10,8.6,87.8
762,A,1,0,6.1,6.7,3.9,6.1,54.7
762,B,1,0,9.6,7.1,6.7,7.4,68.0
762,C,1,0,7.9,7.2,7.5,4.3,61.5
762,D,1,0,6.0,7.1,8.8,7.9,66.3
763,A,0,1,7.0,9.1,5.8,8.2,66.8
763,B,1,1,7.0,7.2,7.1,6.6,79.8
763,C,1,0,6.8,5.9,6.4,6.8,59.8
763,D,1,0,8.1,8.7,6.8,8.0,69.3
764,A,0,0,6.6,7.2,5.8,6.7,43.8
764,B,1,0,5.9,6.2,7.7,3.5,55.5
764,C,0,1,5.8,4.9,6.8,3.6,51.8
764,D,1,1,7.1,9.7,8.4,8.8,90.0
765,A,1,0,8.1,8.4,6.4,7.3,67.0
765,B,0,0,6.3,7.5,5.3,6.1,42.0
765,C,1,1,5.0,8.4,7.1,5.2,76.2
765,D,1,1,8.3,7.5,8.6,5.9,83.8
766,A,0,0,5.6,8.9,4.8,7.3,44.3
766,B,1,0,4.4,9.5,9.0,8.4,68.8
766,C,1,1,6.8,4.7,6.7,4.2,70.7
766,D,1,1,7.6,5.3,9.0,6.2,80.2
767,A,1,1,7.9,9.9,7.1,5.1,83.3
767,B,0,0,6.8,8.0,6.3,5.3,44.0
767,C,1,0,5.1,7.6,7.0,6.4,60.2
767,D,1,1,7.9,9.5,8.1,8.6,90.2
768,A,1,0,7.6,6.4,4.5,6.8,58.8
768,B,1,1,6.4,7.2,8.0,7.9,82.5
768,C,1,1,4.7,4.3,8.1,4.9,70.0
768,D,1,0,7.0,8.3,9.6,8.9,73.0
769,A,0,0,7.0,6.7,4.4,6.6,41.2
769,B,1,0,6.2,10,8.3,6.4,68.2
769,C,1,0,6.6,6.5,6.6,4.2,56.5
769,D,0,0,7.1,6.5,7.2,7.8,47.7
770,A,1,0,9.2,8.6,6.9,6.4,68.5
770,B,0,0,6.9,6.6,5.5,7.8,44.7
770,C,1,1,7.6,7.3,5.2,7.4,79.2
770,D,1,0,8.8,9.0,6.0,8.5,70.5
771,A,1,0,7.8,8.1,8.2,8.9,71.7
771,B,1,0,6.6,7.1,4.0,5.5,55.3
771,C,0,1,5.0,6.7,8.8,5.9,60.7
771,D,1,1,9.1,8.8,7.9,6.9,87.8
772,A,1,1,7.9,8.6,5.3,5.6,79.0
772,B,1,0,9.2,6.0,5.8,6.6,62.7
772,C,1,1,5.0,5.4,10,5.4,76.3
772,D,1,1,7.2,4.9,8.0,4.6,74.5
773,A,0,0,6.1,8.2,5.3,8.4,46.7
773,B,0,1,7.0,7.6,5.7,6.1,60.7
773,C,0,0,4.4,5.1,8.2,4.3,36.7
773,D,1,1,7.6,7.3,9.0,7.2,85.2
774,A,1,1,8.4,6.4,5.0,7.8,79.3
774,B,1,1,4.8,5.9,6.4,6.3,72.3
774,C,0,1,6.3,6.9,6.8,4.3,57.2
774,D,1,1,8.4,8.2,6.7,6.3,82.7
775,A,0,0,5.7,7.2,7.2,7.4,45.8
775,B,1,1,6.2,8.1,6.5,6.2,78.3
775,C,0,1,9.0,6.7,8.4,5.5,66.0
775,D,1,0,7.8,8.1,7.0,6.1,65.0
776,A,1,0,8.6,6.7,6.4,6.1,63.0
776,B,1,0,8.2,7.3,6.5,7.7,66.2
776,C,1,0,5.5,6.8,8.5,4.9,59.5
776,D,0,1,9.4,7.9,8.8,7.4,72.5
777,A,0,1,5.4,10,5.2,8.2,64.7
777,B,1,0,7.0,8.8,6.8,7.1,66.2
777,C,1,0,6.4,6.7,6.9,4.9,58.2
777,D,1,0,6.8,8.7,8.4,10,73.2
778,A,1,0,7.9,10,4.1,7.0,65.0
778,B,1,1,6.4,10.0,5.3,7.9,82.7
778,C,1,0,4.2,6.3,9.0,6.9,60.7
778,D,1,0,6.2,7.3,8.2,7.9,66.0
779,A,1,1,7.4,7.8,6.8,8.6,84.3
779,B,1,0,6.8,7.8,5.2,4.3,56.8
779,C,1,0,5.6,5.1,7.1,4.7,54.2
779,D,1,1,8.6,6.5,9.3,7.0,85.7
780,A,0,0,8.6,9.4,5.2,7.4,51.0
780,B,1,0,7.6,7.7,6.0,5.0,60.5
780,C,1,1,6.2,4.8,8.4,6.6,76.7
780,D,1,0,9.6,6.8,9.6,8.4,74.0
781,A,1,1,7.6,8.0,6.0,7.9,82.5
781,B,1,0,6.0,9.5,7.9,7.8,68.7
781,C,1,0,6.2,7.3,7.2,5.4,60.2
781,D,1,1,7.2,10,10,6.6,89.7
782,A,1,0,6.3,8.8,5.2,8.9,65.3
782,B,1,1,6.5,7.3,4.7,8.1,77.7
782,C,1,1,3.5,6.9,7.5,2.8,67.8
782,D,1,0,9.3,9.7,8.0,7.5,74.2
783,A,0,0,5.6,9.7,8.0,9.2,54.2
783,B,1,1,6.6,7.6,6.3,7.4,79.8
783,C,1,1,7.1,4.7,7.5,6.8,76.8
783,D,1,0,6.7,8.6,9.2,8.1,71.0
784,A,1,0,5.9,5.3,7.6,5.4,57.0
784,B,1,0,9.2,6.1,6.2,9.0,67.5
784,C,1,0,9.9,6.3,6.8,5.5,64.2
784,D,1,1,8.8,6.5,9.6,7.3,87.0
785,A,1,0,8.5,8.0,6.4,8.7,69.3
785,B,1,0,10,7.8,4.7,6.0,64.2
785,C,1,1,5.5,5.5,7.3,5.3,72.7
785,D,1,0,8.4,8.5,6.7,6.2,66.3
786,A,1,1,8.4,7.7,4.4,8.2,81.2
786,B,1,1,6.7,8.4,7.6,6.8,82.5
786,C,1,0,5.2,6.2,7.8,3.2,54.0
786,D,0,1,7.6,10,8.1,9.5,75.3
787,A,0,0,8.7,8.6,5.0,8.4,51.2
787,B,1,0,9.2,5.4,8.1,7.4,66.8
787,C,1,1,6.8,5.5,9.5,4.7,77.5
787,D,0,0,8.9,9.9,9.0,6.2,56.7
788,A,1,0,8.4,9.3,8.4,5.5,69.3
788,B,1,1,7.6,8.1,7.3,6.4,82.3
788,C,0,1,5.7,7.5,8.0,5.5,61.2
788,D,1,1,8.2,7.0,8.8,6.8,84.7
789,A,1,1,6.7,6.6,5.0,7.2,75.8
789,B,0,1,6.2,6.8,6.5,7.2,61.2
789,C,1,0,5.4,4.5,7.3,5.9,55.2
789,D,1,1,8.0,9.9,9.0,7.3,90.3
790,A,0,0,8.0,9.3,3.5,7.2,46.7
790,B,1,0,8.5,8.1,5.1,8.4,66.8
790,C,0,0,7.3,7.4,5.2,3.4,38.8
790,D,0,1,7.5,8.7,9.9,8.5,74.3
791,A,1,1,6.7,6.6,4.2,6.8,73.8
791,B,1,1,8.1,7.0,7.2,7.4,82.8
791,C,1,1,5.3,7.6,7.9,4.7,75.8
791,D,1,1,7.9,8.7,7.7,8.7,88.3
792,A,1,0,6.9,7.5,5.7,7.3,62.3
792,B,0,0,5.1,7.9,7.1,6.2,43.8
792,C,0,1,6.5,7.4,4.1,4.9,54.8
792,D,1,1,9.4,6.0,7.6,6.8,83.0
793,A,1,1,8.7,8.1,5.2,7.2,82.0
793,B,0,0,6.9,7.1,5.9,9.6,49.2
793,C,0,0,4.9,3.9,6.7,4.6,33.5
793,D,0,1,7.1,8.1,8.6,7.1,68.2
794,A,0,1,6.8,5.0,6.1,8.7,61.0
794,B,0,0,6.9,7.7,7.3,6.9,48.0
794,C,0,0,5.8,5.6,7.6,6.1,41.8
794,D,1,0,7.7,8.0,9.5,5.4,67.7
795,A,0,0,7.5,9.4,3.0,5.1,41.7
795,B,1,1,6.2,7.2,8.0,6.9,80.5
795,C,1,0,4.8,5.1,8.8,5.6,57.2
795,D,0,0,6.4,10,7.0,6.6,50.0
796,A,0,1,6.6,10,4.9,7.6,65.2
796,B,1,1,4.9,8.8,7.1,6.6,79.0
796,C,0,1,6.8,3.6,7.0,3.0,50.7
796,D,1,0,10,8.6,7.2,6.8,71.0
797,A,0,1,5.8,8.9,5.5,6.1,60.5
797,B,1,0,5.8,8.1,7.1,7.9,64.8
797,C,0,0,3.3,6.2,7.7,5.4,37.7
797,D,1,0,7.6,8.7,7.9,6.6,68.0
798,A,0,0,6.2,8.3,3.8,5.9,40.3
798,B,0,0,7.3,8.4,7.5,7.4,51.0
798,C,1,0,6.2,7.0,7.4,7.5,63.5
798,D,1,0,6.8,7.8,7.0,9.3,68.2
799,A,1,0,7.0,6.3,5.9,8.1,62.2
799,B,0,1,6.8,10,5.7,6.8,65.5
799,C,0,1,6.4,10,8.5,5.0,66.5
799,D,0,0,6.6,8.4,9.5,7.4,53.2
800,A,0,0,5.9,9.4,5.5,7.9,47.8
800,B,1,1,8.9,6.3,7.1,7.0,82.2
800,C,1,1,4.5,6.6,5.3,2.5,64.8
800,D,0,1,9.1,9.0,9.0,7.3,74.0
801,A,1,0,6.7,5.8,4.1,7.6,57.0
801,B,1,0,5.2,9.4,6.4,7.4,64.0
801,C,1,1,5.5,6.5,8.7,5.5,77.0
801,D,1,1,8.0,9.3,6.8,10,90.2
802,A,0,0,7.7,6.2,4.6,7.2,42.8
802,B,0,0,8.0,7.1,7.0,6.4,47.5
802,C,1,1,4.6,4.6,6.7,6.7,71.0
802,D,0,1,5.2,7.6,7.9,6.4,61.8
803,A,1,0,10,8.8,6.5,6.0,68.8
803,B,1,0,5.8,9.1,6.6,5.8,62.2
803,C,0,1,7.4,5.1,8.5,6.5,62.5
803,D,1,1,7.8,9.8,8.5,7.2,88.8
804,A,0,1,7.4,9.1,5.9,9.4,69.7
804,B,1,0,7.5,6.9,7.9,7.3,66.0
804,C,1,0,4.3,6.3,7.1,6.4,56.8
804,D,1,1,9.6,8.8,6.5,8.5,89.0
805,A,1,0,8.4,7.1,7.4,6.0,64.8
805,B,1,0,7.6,8.8,6.6,9.1,70.2
805,C,1,0,6.1,5.8,9.2,6.0,61.8
805,D,1,1,9.0,7.7,8.8,8.3,89.7
806,A,0,1,5.9,7.4,5.2,7.7,60.3
806,B,1,1,7.7,6.3,5.4,6.5,76.5
806,C,0,0,3.3,6.2,5.9,6.4,36.3
806,D,0,1,9.3,7.5,8.7,7.9,72.3
807,A,1,1,6.0,7.5,6.0,9.1,81.0
807,B,1,0,8.2,8.1,5.9,7.3,65.8
807,C,1,1,7.1,7.0,7.8,5.9,79.7
807,D,0,1,9.9,7.2,8.5,5.6,68.7
808,A,1,1,6.4,9.3,4.8,7.6,80.2
808,B,0,0,6.0,9.0,6.3,6.0,45.5
808,C,1,0,7.3,5.3,8.7,8.2,65.8
808,D,1,1,8.9,7.9,9.4,8.0,90.3
809,A,1,1,8.5,4.6,4.7,7.3,75.2
809,B,1,1,7.0,6.3,6.8,6.5,77.7
809,C,1,1,7.6,7.0,8.7,5.1,80.7
809,D,1,1,10,8.7,10,7.5,93.7
810,A,0,1,7.0,9.3,6.5,9.0,69.7
810,B,1,1,9.7,7.5,7.1,7.5,86.3
810,C,1,0,3.6,4.9,6.7,5.3,50.8
810,D,1,1,7.9,7.0,7.8,8.2,84.8
811,A,0,0,6.2,7.7,5.3,8.7,46.5
811,B,1,1,7.2,6.2,7.6,6.5,79.2
811,C,0,1,5.4,6.5,8.2,4.5,57.7
811,D,0,1,7.3,8.1,7.0,5.4,63.0
812,A,0,0,7.3,8.9,7.8,6.5,50.8
812,B,0,1,6.3,10.0,8.5,7.9,71.2
812,C,0,0,6.5,6.9,8.8,2.8,41.7
812,D,1,0,10,10,9.7,8.7,80.7
813,A,1,0,9.1,7.2,5.7,6.8,64.7
813,B,0,0,9.0,8.3,6.8,8.5,54.3
813,C,1,1,5.3,6.8,5.3,5.6,71.7
813,D,1,0,10,8.2,7.6,7.8,72.7
814,A,1,0,9.6,7.0,5.5,6.3,64.0
814,B,0,0,7.9,6.1,8.7,7.6,50.5
814,C,1,0,7.1,7.5,7.7,5.0,62.2
814,D,1,1,8.1,9.0,8.8,7.6,89.2
815,A,1,1,7.6,8.7,5.7,7.4,82.3
815,B,1,1,6.5,7.6,8.7,7.6,84.0
815,C,0,0,7.8,6.9,6.4,7.7,48.0
815,D,1,0,9.4,7.8,6.9,6.0,66.8
816,A,1,0,6.7,10,6.4,7.2,67.2
816,B,0,1,7.6,8.1,6.9,6.1,64.5
816,C,0,1,6.4,5.2,8.1,6.5,60.3
816,D,1,0,8.0,9.4,9.2,6.9,72.5
817,A,0,0,5.9,7.6,8.0,8.5,50.0
817,B,1,0,5.7,6.7,7.9,6.2,60.8
817,C,1,1,6.9,5.1,9.7,5.3,78.3
817,D,1,0,6.5,5.8,9.2,4.4,59.8
818,A,1,0,7.0,6.7,4.3,8.1,60.2
818,B,1,1,5.4,7.6,6.9,8.3,80.3
818,C,0,1,5.8,6.0,4.8,6.7,55.5
818,D,0,1,8.8,9.1,9.9,10,79.7
819,A,0,0,10,7.1,6.0,6.5,49.3
819,B,1,0,7.9,8.3,7.8,6.8,68.0
819,C,1,0,7.2,6.9,7.2,3.8,58.5
819,D,1,0,6.5,9.1,7.0,7.8,67.3
820,A,1,0,7.2,9.4,6.2,5.7,64.2
820,B,1,1,7.2,8.0,8.2,7.4,84.7
820,C,1,1,6.1,7.0,9.4,6.5,81.7
820,D,1,1,8.1,7.4,9.5,7.1,86.8
821,A,1,0,7.9,8.0,7.5,9.3,71.2
821,B,1,0,10,9.6,7.6,7.1,73.8
821,C,1,0,4.6,6.9,7.9,3.9,55.5
821,D,1,0,5.7,8.3,10,5.8,66.3
822,A,0,1,8.7,7.0,5.1,7.1,63.2
822,B,1,1,7.5,5.8,8.7,3.3,75.5
822,C,1,1,5.6,3.9,5.9,5.0,67.3
822,D,1,0,6.8,7.6,7.3,6.2,63.2
823,A,1,1,7.8,10,4.2,5.6,79.3
823,B,1,1,7.1,6.2,9.1,9.5,86.5
823,C,1,0,6.1,6.0,6.6,5.3,56.7
823,D,1,0,6.7,7.6,8.6,8.5,69.0
824,A,0,1,7.2,8.2,6.1,7.6,65.2
824,B,1,1,4.6,8.0,7.2,7.6,79.0
824,C,0,0,6.0,6.5,6.0,6.4,41.5
824,D,1,1,8.9,9.9,8.3,6.2,88.8
825,A,1,0,8.0,8.6,5.1,6.8,64.2
825,B,1,1,6.0,7.1,6.0,7.4,77.5
825,C,0,0,5.0,6.0,7.6,3.7,37.2
825,D,1,1,6.9,8.1,7.6,7.4,83.3
826,A,0,0,8.7,9.4,3.0,6.6,46.2
826,B,0,1,6.1,8.4,7.9,5.5,63.2
826,C,0,1,6.1,6.1,9.9,7.3,65.7
826,D,1,0,9.8,8.3,7.1,8.5,72.8
827,A,0,0,6.2,8.6,5.5,9.7,50.0
827,B,1,1,7.3,10,5.6,6.7,82.7
827,C,1,0,4.5,7.0,5.0,7.1,56.0
827,D,1,1,8.8,6.3,8.1,7.7,84.8
828,A,1,1,7.1,7.1,3.4,10.0,79.3
828,B,1,0,5.8,6.5,3.7,9.6,59.3
828,C,1,0,5.9,7.1,9.4,4.5,61.5
828,D,1,0,7.5,9.1,9.5,8.1,73.7
829,A,1,1,7.2,10,7.5,8.8,89.2
829,B,0,1,5.8,7.5,5.2,7.0,59.2
829,C,0,1,6.3,4.1,6.2,6.0,54.3
829,D,1,1,6.5,8.4,8.2,9.4,87.5
830,A,1,0,5.7,10,3.9,8.3,63.2
830,B,0,1,7.9,9.3,6.8,8.3,70.5
830,C,0,0,4.1,5.2,7.8,5.1,37.0
830,D,1,1,6.4,9.9,8.4,7.7,87.3
831,A,1,1,6.9,7.6,3.1,9.1,77.8
831,B,1,0,8.6,5.6,6.3,6.1,61.0
831,C,0,1,6.0,4.9,10,6.6,62.5
831,D,1,1,9.6,8.2,8.4,8.6,91.3
832,A,1,1,5.2,7.7,7.2,7.5,79.3
832,B,0,1,6.5,8.4,7.0,8.1,66.7
832,C,0,0,7.6,5.3,6.6,4.8,40.5
832,D,1,1,5.3,8.9,8.6,7.2,83.3
833,A,0,1,9.3,9.4,5.6,7.4,69.5
833,B,1,0,6.2,6.9,9.3,8.2,67.7
833,C,0,1,5.7,7.3,7.9,3.4,57.2
833,D,1,0,7.8,8.9,10,6.8,72.5
834,A,0,0,8.5,7.4,5.7,7.2,48.0
834,B,1,1,8.5,7.6,8.5,7.9,87.5
834,C,0,1,6.7,5.6,8.0,6.5,61.3
834,D,1,1,7.8,8.3,9.4,7.6,88.5
835,A,1,1,5.3,7.5,6.0,7.2,76.7
835,B,1,1,7.6,9.5,5.7,5.0,79.7
835,C,1,0,5.1,7.0,6.4,7.9,60.7
835,D,1,0,6.9,9.2,9.2,8.1,72.3
836,A,0,0,7.4,6.1,7.1,5.5,43.5
836,B,1,0,7.6,6.2,7.7,7.0,64.2
836,C,1,0,6.3,4.6,9.0,8.2,63.5
836,D,1,1,8.1,8.6,8.4,9.1,90.3
837,A,1,0,8.4,7.3,5.8,7.8,65.5
837,B,1,1,4.8,10,5.4,8.0,80.3
837,C,1,1,7.6,6.5,9.3,5.4,81.3
837,D,1,0,9.0,9.3,9.3,8.0,76.0
838,A,0,1,6.2,5.4,4.6,8.3,57.5
838,B,1,1,7.5,8.7,7.1,7.2,84.2
838,C,0,0,3.9,6.8,8.1,6.1,41.5
838,D,1,1,7.3,8.9,10,10,93.7
839,A,0,0,9.5,6.5,6.1,7.0,48.5
839,B,1,1,5.0,7.6,7.3,8.0,79.8
839,C,1,0,5.8,5.5,5.9,6.1,55.5
839,D,1,1,5.7,9.3,8.6,6.7,83.8
840,A,1,0,7.2,10,6.3,7.9,69.0
840,B,1,0,8.1,6.5,6.7,6.5,63.0
840,C,1,1,4.1,6.1,7.7,4.9,71.3
840,D,1,1,7.6,8.7,7.7,4.2,80.3
841,A,1,0,8.7,9.8,4.2,8.5,68.7
841,B,1,1,6.2,7.9,7.7,7.3,81.8
841,C,1,1,8.7,7.0,10,7.8,89.2
841,D,1,0,8.2,7.2,7.8,7.2,67.3
842,A,0,0,7.6,7.7,7.6,6.5,49.0
842,B,1,0,6.7,9.6,8.0,6.4,67.8
842,C,1,0,6.8,7.1,8.3,6.9,65.2
842,D,0,0,7.9,8.6,7.1,8.1,52.8
843,A,0,0,7.8,8.3,5.5,10,52.7
843,B,1,1,8.2,8.6,9.3,7.3,89.0
843,C,0,1,6.2,7.3,7.9,5.0,60.7
843,D,1,1,9.6,8.9,7.7,9.5,92.8
844,A,0,1,10.0,8.4,6.5,7.1,70.0
844,B,0,1,6.0,7.2,8.2,8.1,65.8
844,C,1,0,5.1,7.3,7.0,4.6,56.7
844,D,1,1,6.9,9.2,7.8,5.9,83.0
845,A,0,0,5.4,8.2,7.2,6.6,45.7
845,B,1,0,7.6,7.6,7.9,8.3,69.0
845,C,1,1,4.2,8.0,6.9,6.0,75.2
845,D,1,1,5.8,7.6,8.1,8.9,84.0
846,A,1,0,9.2,8.8,6.8,8.6,72.3
846,B,0,0,6.0,8.2,7.4,6.4,46.7
846,C,1,1,5.6,6.5,7.8,4.9,74.7
846,D,1,1,8.3,6.2,7.2,8.0,82.8
847,A,1,0,5.9,8.2,5.8,7.6,62.5
847,B,1,0,7.9,7.6,6.5,4.3,60.5
847,C,0,0,5.2,4.7,6.0,6.8,37.8
847,D,1,0,9.7,7.4,7.8,7.8,71.2
848,A,1,0,5.5,9.8,5.4,6.2,61.5
848,B,1,1,8.8,7.1,6.4,8.0,83.8
848,C,1,1,7.0,7.5,6.3,5.1,76.5
848,D,1,1,9.6,7.7,10,7.1,90.7
849,A,1,0,6.1,5.3,5.6,8.4,59.0
849,B,1,0,7.0,7.0,5.9,6.9,61.3
849,C,1,0,4.6,6.4,7.9,6.4,58.8
849,D,0,1,9.7,8.2,7.6,6.4,69.8
850,A,1,0,8.3,7.6,4.8,6.5,62.0
850,B,1,1,6.6,9.6,7.0,7.9,85.2
850,C,1,0,4.9,7.0,7.6,7.1,61.0
850,D,1,0,6.1,7.2,10,6.3,66.0
851,A,0,1,5.5,9.1,9.8,5.0,65.7
851,B,1,1,6.6,7.9,6.9,7.8,82.0
851,C,1,0,6.5,8.3,8.4,5.7,64.8
851,D,1,1,9.0,6.8,10,6.5,87.2
852,A,0,0,8.9,7.1,6.8,8.8,52.7
852,B,1,1,8.5,8.7,8.4,8.9,90.8
852,C,0,1,7.8,4.8,8.2,5.7,60.8
852,D,1,0,9.2,7.1,9.5,7.1,71.5
853,A,0,1,7.6,7.3,1.9,8.0,58.0
853,B,1,0,7.8,7.5,6.9,6.6,64.7
853,C,0,0,4.6,6.6,9.2,8.7,48.5
853,D,1,0,8.5,8.3,8.1,8.6,72.5
854,A,0,1,8.3,8.7,6.1,9.1,70.3
854,B,1,1,5.3,8.5,7.8,6.9,80.8
854,C,1,0,6.8,6.7,8.3,7.2,65.0
854,D,1,0,8.4,7.5,10,10,76.5
855,A,1,1,8.7,6.8,5.0,9.2,82.8
855,B,0,1,7.1,7.2,6.8,7.4,64.2
855,C,0,0,6.8,6.0,9.5,4.1,44.0
855,D,1,0,8.2,8.5,7.6,8.3,71.0
856,A,0,0,6.7,8.7,4.6,9.0,48.3
856,B,1,1,7.6,7.4,7.5,8.0,84.2
856,C,0,1,4.1,5.1,7.0,5.8,53.3
856,D,1,1,8.0,6.3,8.6,6.6,82.5
857,A,1,1,4.6,8.4,6.8,5.6,75.7
857,B,1,1,6.6,8.0,5.0,5.7,75.5
857,C,1,1,6.7,5.9,6.2,3.1,69.8
857,D,1,0,7.1,9.0,7.4,7.9,69.0
858,A,1,0,7.5,7.7,4.8,6.6,61.0
858,B,0,0,6.4,7.5,7.8,5.6,45.5
858,C,1,0,7.5,5.0,7.3,6.5,60.5
858,D,1,0,8.8,5.3,8.9,10,71.7
859,A,0,1,6.6,6.6,4.9,8.4,60.8
859,B,1,0,5.6,8.0,6.4,4.1,56.8
859,C,1,0,6.4,8.6,6.2,7.4,64.3
859,D,1,0,7.7,9.1,8.7,8.6,73.5
860,A,0,1,7.7,7.5,6.6,7.7,65.8
860,B,1,1,4.6,8.7,8.0,6.0,78.8
860,C,1,0,7.1,7.1,7.7,4.5,60.7
860,D,1,1,8.2,7.1,6.6,8.4,83.8
861,A,1,1,7.4,10,4.8,9.4,86.0
861,B,1,1,5.0,7.5,7.1,6.0,76.0
861,C,0,0,5.0,7.9,5.6,6.3,41.3
861,D,1,0,9.0,7.8,8.7,8.8,73.8
862,A,0,0,8.3,8.6,6.1,8.3,52.2
862,B,1,0,6.4,7.4,6.8,6.2,61.3
862,C,1,1,5.2,6.6,6.0,4.8,71.0
862,D,1,0,10,8.9,9.0,8.6,77.5
863,A,1,1,7.6,9.9,6.6,5.4,82.5
863,B,1,0,6.0,8.7,4.1,7.0,59.7
863,C,1,1,6.2,5.4,8.6,7.2,79.0
863,D,1,1,7.9,3.6,10,7.6,81.8
864,A,0,0,9.0,6.0,4.3,9.2,47.5
864,B,1,1,7.2,7.4,7.3,8.2,83.5
864,C,0,1,7.4,5.4,7.1,6.4,60.5
864,D,1,1,7.9,9.3,9.0,4.7,84.8
865,A,0,0,6.9,6.7,5.4,5.1,40.2
865,B,1,0,3.5,9.7,6.7,7.2,61.8
865,C,1,1,8.4,6.4,7.9,4.3,78.3
865,D,1,0,8.8,8.2,8.8,7.3,71.8
866,A,1,0,5.6,8.5,7.7,6.8,64.3
866,B,1,0,5.8,7.7,8.6,4.4,60.8
866,C,0,0,7.9,6.8,6.4,6.5,46.0
866,D,1,0,9.0,6.7,7.4,8.9,70.0
867,A,0,0,9.7,7.5,4.6,7.5,48.8
867,B,1,1,4.9,7.3,4.1,7.0,72.2
867,C,1,1,3.3,3.7,8.0,5.7,67.8
867,D,1,0,7.0,7.7,8.9,8.2,69.7
868,A,0,0,10,10,3.8,7.4,52.0
868,B,1,1,7.2,8.9,6.3,6.2,81.0
868,C,0,0,6.4,6.0,7.1,5.9,42.3
868,D,1,1,9.3,7.2,10,6.9,89.0
869,A,0,0,6.9,7.4,6.3,8.6,48.7
869,B,0,1,8.5,5.9,4.5,6.0,58.2
869,C,0,1,7.0,4.4,7.5,4.7,56.0
869,D,0,0,10,8.4,8.5,6.8,56.2
870,A,1,0,6.6,9.2,7.8,9.3,71.5
870,B,1,0,6.6,7.1,7.7,6.3,62.8
870,C,1,1,7.0,7.0,7.9,5.8,79.5
870,D,1,1,7.7,7.8,9.9,6.9,87.2
871,A,0,0,7.7,7.5,4.9,5.0,41.8
871,B,0,1,6.6,9.3,6.9,8.1,68.2
871,C,1,1,4.3,4.3,8.4,7.0,73.3
871,D,1,0,7.1,9.6,9.5,7.6,73.0
872,A,1,1,7.7,9.4,5.5,7.0,82.7
872,B,1,0,7.1,7.3,6.0,5.6,60.0
872,C,1,1,4.8,6.8,8.1,6.4,76.8
872,D,0,1,6.5,7.4,8.1,7.5,65.8
873,A,1,1,6.4,10,4.0,7.7,80.2
873,B,0,1,8.1,7.9,7.4,6.7,66.8
873,C,1,1,6.3,6.4,7.4,4.6,74.5
873,D,1,0,6.8,6.8,9.9,8.8,70.5
874,A,1,1,7.0,9.1,7.1,8.7,86.5
874,B,0,1,6.6,8.7,7.0,7.8,66.8
874,C,1,0,5.9,7.2,6.1,6.8,60.0
874,D,1,1,7.9,8.0,8.3,9.3,89.2
875,A,0,1,7.4,7.4,4.5,10,65.5
875,B,1,1,7.6,7.3,7.5,7.1,82.5
875,C,1,1,3.9,5.1,7.4,7.9,73.8
875,D,1,0,7.6,7.0,7.8,7.2,66.0
876,A,0,0,6.0,9.4,6.5,8.1,50.0
876,B,1,1,6.6,8.8,6.1,7.7,82.0
876,C,1,1,8.3,5.8,7.3,7.1,80.8
876,D,1,0,7.2,8.5,9.5,3.4,64.3
877,A,1,0,7.2,9.4,6.6,7.5,67.8
877,B,0,0,7.2,8.9,6.1,6.8,48.3
877,C,1,0,6.0,4.2,6.9,7.5,57.7
877,D,1,0,9.3,7.0,9.5,8.0,73.0
878,A,1,1,8.1,8.1,5.5,4.6,77.2
878,B,1,0,5.8,6.9,4.7,6.5,56.5
878,C,1,1,5.8,5.8,6.8,6.1,74.2
878,D,1,1,9.3,7.0,9.0,7.3,87.7
879,A,1,1,4.5,8.5,5.0,7.5,75.8
879,B,1,1,7.7,5.7,5.2,8.0,77.7
879,C,0,1,5.0,5.8,7.2,6.2,57.0
879,D,1,0,6.8,8.1,7.9,7.4,67.0
880,A,1,1,6.9,9.4,6.1,6.2,81.0
880,B,0,1,7.6,6.7,5.3,6.7,60.5
880,C,0,0,7.3,4.7,7.4,5.6,41.7
880,D,1,0,7.1,8.8,6.7,6.7,65.5
881,A,0,1,5.4,7.9,4.3,6.6,57.0
881,B,0,1,7.0,5.2,7.1,6.9,60.3
881,C,1,0,6.9,6.0,7.6,6.0,60.8
881,D,1,1,8.2,8.1,9.0,7.9,88.7
882,A,1,0,9.3,8.0,3.6,6.3,62.0
882,B,1,0,8.1,8.7,5.8,5.5,63.5
882,C,1,1,7.0,6.9,5.7,6.2,76.3
882,D,1,1,8.7,8.4,8.3,7.4,88.0
883,A,1,0,8.6,9.2,3.9,7.0,64.5
883,B,0,0,7.0,6.4,5.8,7.5,44.5
883,C,1,0,7.2,6.0,7.3,5.2,59.5
883,D,0,1,9.4,8.3,6.2,7.8,69.5
884,A,0,1,9.1,8.1,7.1,8.5,71.3
884,B,1,1,6.8,7.0,7.4,6.3,79.2
884,C,1,0,7.1,5.9,7.0,5.5,59.2
884,D,1,1,8.5,10,8.5,8.3,92.2
885,A,0,0,6.0,6.6,6.8,3.7,38.5
885,B,1,1,4.9,9.1,5.8,9.7,82.5
885,C,1,0,6.4,6.3,8.2,6.2,61.8
885,D,1,0,8.6,5.4,7.5,7.2,64.5
886,A,1,0,6.3,9.0,5.4,6.4,61.8
886,B,1,1,7.3,6.1,8.3,8.2,83.2
886,C,1,1,7.5,6.6,5.2,4.4,72.8
886,D,1,0,6.3,8.7,7.0,5.1,61.8
887,A,0,1,7.8,7.0,5.6,4.8,58.7
887,B,1,1,6.0,7.1,7.4,7.5,80.0
887,C,1,1,6.9,7.5,6.3,4.8,75.8
887,D,1,1,8.8,9.5,7.1,9.0,90.7
888,A,1,1,8.3,6.6,7.0,8.7,84.3
888,B,1,0,8.5,9.7,8.4,5.2,69.7
888,C,1,1,4.5,4.6,8.4,6.0,72.5
888,D,1,1,8.9,7.9,8.8,7.3,88.2
889,A,1,0,6.9,10,7.4,8.6,71.5
889,B,0,0,6.8,3.7,7.0,6.4,39.8
889,C,1,0,7.5,5.8,9.8,5.8,64.8
889,D,1,1,8.9,7.3,8.3,7.6,86.8
890,A,1,0,9.2,8.5,5.8,7.1,67.7
890,B,1,0,6.3,6.5,7.0,9.3,65.2
890,C,0,0,7.1,6.0,8.2,4.9,43.7
890,D,0,0,6.0,7.3,6.1,6.9,43.8
891,A,0,0,7.4,7.9,4.6,9.3,48.7
891,B,1,1,9.4,7.5,7.1,7.2,85.3
891,C,0,0,6.4,4.8,8.2,5.0,40.7
891,D,1,0,5.7,8.3,7.8,7.2,65.0
892,A,1,0,6.6,8.9,6.7,7.7,66.5
892,B,1,0,5.9,9.8,5.3,6.6,62.7
892,C,0,0,5.2,5.0,5.3,3.9,32.3
892,D,1,0,5.8,7.9,8.8,7.9,67.3
893,A,0,0,7.6,8.6,4.1,7.5,46.3
893,B,1,0,7.8,7.7,6.3,6.1,63.2
893,C,1,1,5.6,5.2,7.1,6.0,73.2
893,D,1,1,7.1,7.7,7.4,7.8,83.3
894,A,1,1,9.0,8.5,5.9,6.7,83.5
894,B,1,0,7.6,5.9,4.3,8.8,61.0
894,C,1,0,5.8,6.1,8.8,5.4,60.2
894,D,1,1,6.8,8.0,6.4,9.4,84.3
895,A,1,0,9.5,9.7,6.6,7.1,71.5
895,B,1,0,5.9,6.5,8.8,5.6,61.3
895,C,1,0,5.3,6.8,7.0,6.4,59.2
895,D,0,0,8.3,7.2,6.4,6.5,47.3
896,A,1,0,7.8,9.0,5.9,7.2,66.5
896,B,1,1,9.6,10,6.7,6.4,87.8
896,C,1,1,6.6,6.1,6.8,4.9,74.0
896,D,1,0,7.7,9.0,8.5,7.2,70.7
897,A,1,0,7.8,8.7,4.3,9.3,66.8
897,B,1,0,8.2,7.7,4.8,8.6,65.5
897,C,1,1,9.4,6.0,7.5,5.8,81.2
897,D,1,0,6.6,6.8,6.8,7.3,62.5
898,A,1,0,8.5,6.8,5.4,10,67.8
898,B,0,0,5.4,8.6,4.9,4.9,39.7
898,C,0,1,5.3,6.6,6.0,6.0,56.5
898,D,1,1,10,7.9,8.6,8.7,92.0
899,A,0,1,7.1,8.5,6.5,4.6,61.2
899,B,0,1,7.8,8.9,8.2,6.5,69.0
899,C,1,0,6.7,7.7,7.9,7.1,65.7
899,D,0,0,5.7,8.3,9.5,4.6,46.8
900,A,1,0,5.1,5.5,4.7,7.6,54.8
900,B,1,1,8.3,7.5,7.6,8.4,86.3
900,C,0,0,5.1,7.0,6.0,4.5,37.7
900,D,0,1,7.6,7.8,10,7.1,70.8
901,A,1,0,5.8,8.5,6.1,7.7,63.5
901,B,0,1,5.7,7.1,6.9,8.0,62.8
901,C,0,1,6.9,6.3,7.4,6.8,62.3
901,D,1,0,6.5,7.8,7.8,5.9,63.3
902,A,0,1,9.8,8.0,4.4,8.1,67.2
902,B,1,0,6.1,8.4,7.9,5.4,63.0
902,C,1,1,6.4,6.5,5.3,4.9,71.8
902,D,1,0,10,8.5,10,7.3,76.3
903,A,0,1,5.8,8.3,7.0,6.3,62.3
903,B,1,0,7.3,8.5,5.5,5.0,60.5
903,C,0,1,6.1,7.3,6.3,5.6,58.8
903,D,0,1,6.8,7.4,7.2,10,69.0
904,A,1,1,7.0,6.7,6.7,9.1,82.5
904,B,1,0,5.8,8.6,8.5,9.0,69.8
904,C,1,1,6.7,6.2,8.3,5.2,77.3
904,D,1,1,6.5,9.2,7.7,8.7,86.8
905,A,1,1,6.9,8.8,4.3,7.8,79.7
905,B,1,0,7.4,8.6,4.8,7.3,63.5
905,C,1,1,6.1,6.8,7.5,5.8,77.0
905,D,0,1,6.7,9.7,7.5,6.7,67.7
906,A,1,1,7.3,9.2,5.1,9.7,85.5
906,B,1,1,6.3,6.3,8.2,6.1,78.2
906,C,1,1,4.6,7.4,9.2,6.5,79.5
906,D,0,0,8.4,8.4,8.6,7.4,54.7
907,A,1,0,8.9,9.4,3.7,5.9,63.2
907,B,1,1,6.4,9.0,6.1,6.0,79.2
907,C,0,0,5.0,7.8,8.4,3.5,41.2
907,D,1,1,9.9,4.9,7.5,9.3,86.0
908,A,1,0,6.7,10,5.3,9.3,68.8
908,B,0,1,9.1,3.7,6.3,6.4,59.2
908,C,1,1,5.6,7.9,6.7,5.8,76.7
908,D,1,1,7.7,6.7,7.9,10,87.2
909,A,0,1,9.3,7.0,5.3,6.6,63.7
909,B,1,1,6.8,8.6,6.6,7.0,81.7
909,C,1,0,5.7,5.6,6.6,4.7,54.3
909,D,1,1,5.9,7.1,8.0,6.9,79.8
910,A,1,0,8.4,8.4,7.6,7.6,70.0
910,B,0,0,8.0,7.8,7.8,6.1,49.5
910,C,0,0,5.5,5.6,7.9,4.4,39.0
910,D,0,0,7.3,9.0,10,6.9,55.3
911,A,0,1,8.0,10,5.2,8.7,69.8
911,B,0,1,7.6,9.0,6.2,7.9,67.8
911,C,1,0,5.5,6.0,7.9,1.3,51.2
911,D,0,0,7.2,6.0,7.7,7.0,46.5
912,A,1,1,7.0,5.7,4.2,8.0,74.8
912,B,1,0,5.7,10,7.4,7.6,67.8
912,C,0,0,6.2,8.6,8.6,5.6,48.3
912,D,1,0,7.4,8.0,6.9,7.1,65.7
913,A,0,0,6.2,7.5,3.9,8.2,43.0
913,B,0,0,8.2,5.6,5.6,5.6,41.7
913,C,1,1,5.1,6.2,6.4,6.7,74.0
913,D,1,1,7.4,7.2,8.8,6.9,83.8
914,A,0,1,8.0,9.0,8.2,8.4,72.7
914,B,0,1,6.3,7.8,4.8,7.1,60.0
914,C,1,1,5.9,6.0,8.5,5.0,75.7
914,D,1,0,9.5,10,7.7,7.4,74.3
915,A,0,1,7.5,10,5.4,7.5,67.3
915,B,1,0,6.6,8.4,6.0,6.6,62.7
915,C,1,1,6.6,5.3,4.2,7.6,72.8
915,D,1,1,7.8,10,9.7,8.2,92.8
916,A,0,1,7.8,9.6,1.7,7.4,60.8
916,B,0,1,6.6,9.3,6.8,5.2,63.2
916,C,0,0,7.0,7.3,7.3,5.4,45.0
916,D,1,1,6.7,7.2,7.5,8.5,83.2
917,A,1,0,7.4,10.0,4.3,9.9,69.3
917,B,1,1,8.1,7.4,3.9,8.5,79.8
917,C,0,1,7.6,5.7,7.0,7.1,62.3
917,D,1,0,7.5,7.3,8.3,8.4,69.2
918,A,1,1,4.4,9.8,4.4,4.9,72.5
918,B,0,1,6.4,9.5,7.8,6.3,66.7
918,C,1,0,7.2,6.4,7.6,7.7,64.8
918,D,1,1,5.3,8.1,7.6,8.7,82.8
919,A,1,0,7.2,8.8,5.1,8.4,65.8
919,B,0,1,7.4,8.6,5.6,7.2,64.7
919,C,1,0,3.3,5.0,8.2,7.5,56.7
919,D,1,1,8.7,6.2,8.5,6.8,83.7
920,A,1,0,6.8,9.8,5.6,6.4,64.3
920,B,1,0,6.5,7.2,9.3,7.7,67.8
920,C,0,0,6.8,6.6,5.0,3.4,36.3
920,D,1,1,9.3,7.3,8.6,9.1,90.5
921,A,0,1,6.4,6.0,3.6,5.8,53.0
921,B,1,0,7.6,7.5,6.6,5.0,61.2
921,C,1,0,5.1,7.0,8.4,4.7,58.7
921,D,1,0,6.9,9.0,7.6,7.4,68.2
922,A,1,0,7.2,8.1,6.7,8.7,67.8
922,B,0,1,7.0,7.9,7.1,7.2,65.3
922,C,0,1,5.6,7.2,10,5.6,64.0
922,D,0,1,7.0,7.0,9.3,6.4,66.2
923,A,0,1,9.8,7.8,4.6,8.1,67.2
923,B,1,0,5.2,9.5,5.6,6.4,61.2
923,C,0,0,6.1,5.3,5.4,4.4,35.3
923,D,0,1,8.1,8.8,9.7,6.9,72.5
924,A,1,1,8.7,10,7.8,6.8,88.8
924,B,1,0,6.3,8.0,6.5,7.1,63.2
924,C,0,0,5.9,5.6,7.8,5.9,42.0
924,D,1,0,8.4,8.7,8.2,8.3,72.7
925,A,0,0,7.4,9.1,6.4,8.4,52.2
925,B,0,1,9.2,5.2,6.4,7.6,64.0
925,C,1,1,5.3,5.1,7.8,6.1,73.8
925,D,1,1,6.6,5.6,8.2,8.9,82.2
926,A,0,1,5.8,8.6,5.1,6.3,59.7
926,B,1,0,6.5,9.5,7.5,6.3,66.3
926,C,0,0,5.5,5.8,7.2,4.4,38.2
926,D,1,0,7.8,7.6,9.3,7.6,70.5
927,A,1,1,7.1,7.3,4.9,7.4,77.8
927,B,1,0,6.2,8.6,6.7,7.1,64.3
927,C,0,1,5.5,7.9,9.5,4.2,61.8
927,D,0,1,7.3,9.1,7.7,7.3,69.0
928,A,1,0,6.2,10,6.8,8.7,69.5
928,B,0,0,6.0,6.1,5.4,6.2,39.5
928,C,1,1,6.3,6.5,7.1,7.8,79.5
928,D,0,1,10,6.6,9.6,7.5,72.8
929,A,1,0,6.8,10,5.2,8.5,67.5
929,B,0,0,10,7.1,7.8,8.3,55.3
929,C,1,0,5.5,7.5,6.6,4.7,57.2
929,D,1,0,8.2,7.8,9.1,6.8,69.8
930,A,1,0,8.5,7.1,5.9,8.1,66.0
930,B,1,0,6.5,8.9,7.7,7.5,67.7
930,C,1,0,7.2,8.3,6.9,5.5,63.2
930,D,1,1,7.7,7.3,7.2,7.6,83.0
931,A,0,1,6.4,8.1,6.0,8.2,64.5
931,B,1,0,8.6,8.0,5.2,6.9,64.5
931,C,1,0,7.2,3.8,6.4,4.5,53.2
931,D,1,1,9.6,8.9,8.6,7.8,91.5
932,A,1,0,6.9,7.5,7.6,6.3,63.8
932,B,0,1,7.1,8.2,8.6,7.6,69.2
932,C,0,1,5.7,7.0,5.7,7.0,59.0
932,D,1,0,6.5,7.8,9.8,6.1,67.0
933,A,1,1,8.0,8.4,6.5,6.4,82.2
933,B,1,0,6.5,7.5,5.4,6.8,60.3
933,C,0,1,6.7,4.1,7.3,6.8,58.2
933,D,0,0,7.8,7.3,9.8,7.4,53.8
934,A,0,1,7.5,10,6.9,7.0,69.0
934,B,1,0,5.5,8.0,7.9,8.5,66.5
934,C,1,0,3.8,6.2,9.3,5.4,57.8
934,D,1,0,9.6,6.7,7.5,6.0,66.3
935,A,0,1,9.0,9.0,7.5,5.5,68.3
935,B,1,1,8.6,5.0,7.9,10,85.8
935,C,1,0,5.4,5.3,7.9,5.8,57.3
935,D,0,1,5.0,7.2,7.6,7.9,62.8
936,A,0,0,6.5,8.3,4.3,7.1,43.7
936,B,1,1,8.2,8.9,8.9,8.2,90.3
936,C,1,1,6.3,6.5,6.3,7.5,77.7
936,D,0,1,8.5,8.0,9.1,7.7,72.2
937,A,1,0,5.6,7.6,8.9,6.8,64.8
937,B,1,0,6.4,8.1,6.5,6.5,62.5
937,C,1,1,2.9,8.5,7.9,7.0,77.2
937,D,0,1,5.7,8.2,8.0,7.5,65.7
938,A,0,0,5.9,7.8,6.8,7.7,47.0
938,B,1,1,7.4,9.8,4.9,5.7,79.7
938,C,1,1,6.5,5.5,8.2,4.9,75.2
938,D,1,0,7.7,8.8,8.5,7.7,71.2
939,A,0,1,7.8,9.2,6.1,5.2,63.8
939,B,1,1,6.8,9.2,5.2,7.6,81.3
939,C,1,1,5.2,6.8,6.9,3.6,70.8
939,D,1,1,5.9,8.0,8.3,8.2,84.0
940,A,0,1,6.5,8.9,4.1,9.4,64.8
940,B,1,0,7.4,10,7.7,9.5,74.3
940,C,1,0,6.1,7.8,9.3,4.7,63.2
940,D,1,1,7.7,8.1,7.1,8.1,85.0
941,A,1,0,7.2,10,5.7,7.4,67.2
941,B,0,1,8.0,6.2,4.9,6.7,59.7
941,C,0,1,7.1,6.9,7.4,7.4,64.7
941,D,1,1,9.9,9.0,9.2,6.7,91.3
942,A,0,0,8.4,7.7,5.5,7.8,49.0
942,B,0,0,4.9,7.1,8.2,8.8,48.3
942,C,0,0,5.7,5.0,8.4,4.1,38.7
942,D,1,1,8.9,8.6,8.0,8.0,89.2
943,A,0,0,8.3,7.5,6.1,8.2,50.2
943,B,1,1,5.8,8.3,6.7,7.0,79.7
943,C,0,1,4.5,6.4,7.7,4.9,55.8
943,D,1,0,8.8,8.4,9.3,7.6,73.5
944,A,1,0,7.2,7.8,6.0,6.9,63.2
944,B,1,1,7.1,7.9,7.4,6.9,82.2
944,C,1,1,5.9,5.3,5.9,5.3,70.7
944,D,1,1,6.7,8.2,8.2,7.4,84.2
945,A,0,0,7.7,8.2,6.1,9.3,52.2
945,B,0,0,7.2,7.7,6.1,8.0,48.3
945,C,0,0,7.4,6.3,6.7,3.8,40.3
945,D,1,1,6.8,10,8.6,8.1,89.2
946,A,1,0,7.8,8.9,5.4,6.9,65.0
946,B,1,1,7.2,9.1,3.5,5.9,76.2
946,C,0,0,5.1,5.1,9.5,4.2,39.8
946,D,1,0,8.9,6.0,7.6,7.9,67.3
947,A,1,1,9.4,7.1,7.1,8.4,86.7
947,B,1,1,8.0,8.0,7.5,5.7,82.0
947,C,1,1,8.1,5.2,5.7,5.9,74.8
947,D,1,0,6.3,8.8,7.8,9.3,70.3
948,A,1,0,9.5,8.2,6.0,8.4,70.2
948,B,1,1,4.2,8.3,5.5,4.5,70.8
948,C,0,0,5.9,6.9,9.4,5.8,46.7
948,D,1,1,6.8,10,8.3,8.8,89.8
949,A,0,0,8.2,10,5.8,7.0,51.7
949,B,1,1,6.8,7.8,8.0,6.9,82.5
949,C,1,0,7.1,7.2,7.9,7.4,66.0
949,D,1,1,7.9,5.9,8.1,7.2,81.8
950,A,1,0,8.0,9.0,5.8,8.2,68.3
950,B,1,0,6.6,7.4,8.9,8.0,68.2
950,C,1,0,6.1,7.0,8.5,5.8,62.3
950,D,1,1,6.7,10,8.1,7.1,86.5
951,A,1,1,6.3,6.5,3.9,6.4,71.8
951,B,1,1,6.1,7.7,5.8,8.1,79.5
951,C,1,0,6.5,6.2,8.6,5.6,61.5
951,D,0,1,10,6.9,8.7,8.4,73.3
952,A,1,0,5.8,9.5,4.0,6.4,59.5
952,B,1,1,7.8,7.9,4.3,7.7,79.5
952,C,1,0,6.1,7.9,9.7,7.3,68.3
952,D,1,1,7.9,7.2,10,7.2,87.2
953,A,0,0,6.8,9.9,7.1,6.5,50.5
953,B,1,1,10,7.6,8.9,7.2,89.5
953,C,0,1,7.7,7.6,7.4,7.9,67.7
953,D,0,0,8.4,6.5,8.6,8.6,53.5
954,A,0,0,6.4,6.3,5.4,9.3,45.7
954,B,1,0,6.8,7.6,8.1,6.0,64.2
954,C,1,1,5.6,4.8,8.5,6.5,75.7
954,D,0,0,6.1,7.9,9.4,7.7,51.8
955,A,1,0,8.8,7.4,6.6,7.7,67.5
955,B,1,0,8.3,8.1,5.5,8.1,66.7
955,C,0,0,6.4,5.7,7.7,4.3,40.2
955,D,1,1,7.2,9.6,9.2,7.6,89.3
956,A,0,0,5.9,8.0,6.5,9.2,49.3
956,B,0,0,6.0,9.3,6.8,5.2,45.5
956,C,0,0,4.9,5.4,7.6,4.8,37.8
956,D,1,1,6.7,8.8,9.9,5.8,85.3
957,A,0,0,8.9,5.7,7.9,6.8,48.8
957,B,1,0,7.8,8.5,6.8,6.6,66.2
957,C,1,0,4.5,5.1,9.1,6.3,58.3
957,D,1,1,9.9,6.4,9.4,8.4,90.2
958,A,1,1,8.9,10.0,3.1,8.3,83.8
958,B,1,1,6.2,6.8,6.3,6.8,76.8
958,C,1,0,6.3,6.4,7.1,6.1,59.8
958,D,1,0,7.8,7.3,9.3,7.1,69.2
959,A,0,0,7.3,9.0,7.0,7.1,50.7
959,B,0,0,7.1,7.9,6.4,5.7,45.2
959,C,1,1,5.2,5.9,6.7,4.9,71.2
959,D,1,0,6.9,6.7,8.8,9.1,69.2
960,A,0,0,7.5,9.3,6.0,6.7,49.2
960,B,1,1,7.3,8.6,5.5,7.5,81.5
960,C,1,1,5.4,6.0,7.2,6.9,75.8
960,D,1,1,7.2,9.0,8.8,8.4,89.0
961,A,0,1,6.7,8.6,4.7,7.5,62.5
961,B,1,0,7.1,9.1,5.6,6.9,64.5
961,C,1,0,7.5,7.4,9.6,5.7,67.0
961,D,1,1,6.5,9.7,8.6,7.9,87.8
962,A,1,1,8.4,8.4,3.5,10,83.8
962,B,1,1,7.7,7.1,7.3,4.0,76.8
962,C,0,1,5.0,5.5,8.7,3.8,55.0
962,D,0,0,8.5,9.9,8.9,7.1,57.3
963,A,0,1,9.9,6.8,6.3,9.9,71.5
963,B,1,0,7.2,6.3,7.9,7.3,64.5
963,C,1,1,4.2,6.6,6.9,5.4,71.8
963,D,1,0,8.0,8.8,9.2,7.5,72.5
964,A,1,1,5.3,8.4,9.7,7.3,84.5
964,B,1,1,5.4,6.8,9.3,5.5,78.3
964,C,1,0,5.1,7.9,8.3,8.9,67.0
964,D,0,0,8.9,8.3,8.3,9.6,58.5
965,A,0,0,8.5,7.4,6.4,6.7,48.3
965,B,1,0,9.4,4.6,5.8,8.7,64.2
965,C,1,0,6.9,7.5,8.9,6.9,67.0
965,D,1,0,7.7,8.2,7.7,5.9,65.8
966,A,0,0,7.6,8.1,5.3,8.4,49.0
966,B,1,0,8.0,8.7,5.8,8.4,68.2
966,C,0,0,7.7,7.7,7.0,8.1,50.8
966,D,0,0,9.3,6.2,9.6,5.8,51.5
967,A,1,0,9.1,7.3,6.8,6.4,66.0
967,B,1,0,6.9,6.6,7.2,5.6,60.5
967,C,1,1,4.5,3.4,7.4,9.9,75.3
967,D,1,1,9.0,9.0,8.5,7.4,89.8
968,A,1,1,6.6,6.2,5.9,8.3,78.3
968,B,1,0,6.9,9.0,6.5,5.2,62.7
968,C,1,0,6.7,4.3,4.6,6.2,53.0
968,D,1,1,6.8,9.4,7.5,9.0,87.8
969,A,1,0,6.2,7.3,7.2,5.5,60.3
969,B,0,0,6.7,7.6,5.2,5.6,41.8
969,C,1,0,6.0,6.0,8.3,5.5,59.7
969,D,1,1,9.7,5.8,7.6,7.1,83.7
970,A,0,1,7.1,8.4,5.5,6.8,63.0
970,B,0,1,9.3,7.8,5.7,7.0,66.3
970,C,0,0,5.4,6.9,6.8,3.7,38.0
970,D,0,0,7.3,10,10,7.1,57.3
971,A,1,1,8.4,9.0,4.3,8.4,83.5
971,B,1,0,8.2,9.0,8.9,8.9,75.0
971,C,0,0,6.0,4.8,5.6,5.1,35.8
971,D,1,1,9.6,10,7.0,8.3,91.5
972,A,1,0,7.4,6.3,8.0,7.5,65.3
972,B,1,1,5.1,9.6,5.7,8.7,81.8
972,C,1,1,5.9,7.4,7.0,4.4,74.5
972,D,1,1,7.9,7.4,7.7,7.7,84.5
973,A,0,0,6.9,6.5,5.4,8.7,45.8
973,B,1,1,6.2,6.4,7.6,7.7,79.8
973,C,0,1,6.5,5.1,6.3,5.0,54.8
973,D,1,0,7.5,7.7,8.1,8.7,70.0
974,A,0,0,7.7,7.3,6.1,7.0,46.8
974,B,1,0,7.2,6.9,5.6,8.1,63.0
974,C,1,1,5.2,5.9,5.0,6.6,71.2
974,D,1,1,6.1,8.0,9.4,6.0,82.5
975,A,1,0,5.8,9.3,7.3,7.9,67.2
975,B,1,1,7.3,9.2,5.0,9.2,84.5
975,C,0,0,5.8,8.3,7.8,4.2,43.5
975,D,1,0,8.9,7.5,7.3,8.8,70.8
976,A,1,1,8.3,7.2,4.4,7.6,79.2
976,B,0,0,9.1,9.1,7.6,5.8,52.7
976,C,1,0,7.2,9.1,9.9,7.4,72.7
976,D,0,1,10,8.6,6.0,6.9,69.2
977,A,0,0,7.7,7.6,5.5,9.4,50.3
977,B,1,1,6.6,7.7,7.7,9.4,85.7
977,C,1,0,6.1,5.9,8.0,3.8,56.3
977,D,0,0,8.6,7.9,8.7,8.8,56.7
978,A,1,0,6.2,8.5,6.2,3.8,57.8
978,B,1,1,4.2,7.1,5.6,7.2,73.5
978,C,1,0,8.1,8.0,8.5,6.6,68.7
978,D,1,0,7.9,9.2,8.8,8.1,73.3
979,A,0,0,5.4,8.1,5.8,6.7,43.3
979,B,1,0,5.8,9.7,5.2,8.0,64.5
979,C,1,1,4.7,6.9,7.7,5.7,75.0
979,D,1,1,10,6.5,9.3,7.8,89.3
980,A,1,0,5.1,7.5,3.8,7.2,56.0
980,B,0,0,7.8,6.9,6.6,10,52.2
980,C,0,1,2.6,5.4,6.2,4.3,47.5
980,D,1,1,8.1,9.4,8.6,5.0,85.2
981,A,1,0,5.7,10,6.1,8.3,66.8
981,B,1,0,8.9,5.6,9.1,5.5,65.2
981,C,1,0,5.3,6.8,5.7,8.0,59.7
981,D,1,1,9.0,7.6,8.4,8.1,88.5
982,A,0,1,8.7,7.2,5.5,8.9,67.2
982,B,1,0,5.5,7.7,5.1,6.2,57.5
982,C,0,0,4.9,6.7,6.6,6.8,41.7
982,D,1,1,9.6,7.9,7.1,5.7,83.8
983,A,1,1,7.4,8.5,4.3,5.4,76.0
983,B,1,0,7.2,5.7,6.7,8.1,62.8
983,C,1,0,6.1,4.5,6.9,3.9,52.3
983,D,0,1,9.7,7.1,10,7.6,74.0
984,A,1,0,6.6,9.8,7.5,7.0,68.2
984,B,0,1,9.2,10,7.8,8.5,75.8
984,C,1,1,6.1,6.1,7.7,8.2,80.2
984,D,0,1,8.0,8.8,6.9,7.6,68.8
985,A,0,0,8.0,8.0,5.2,7.7,48.2
985,B,1,1,5.5,8.0,6.4,6.2,76.8
985,C,1,0,5.8,7.2,5.2,5.0,55.3
985,D,0,0,9.2,9.2,7.8,8.7,58.2
986,A,1,0,8.8,8.5,5.6,9.1,70.0
986,B,1,0,6.2,8.6,6.4,6.3,62.5
986,C,1,0,7.0,8.1,7.5,4.3,61.5
986,D,1,0,8.0,8.2,8.6,9.7,74.2
987,A,1,0,7.4,8.9,5.4,5.2,61.5
987,B,1,0,10,5.6,7.9,5.9,65.7
987,C,1,1,5.9,7.3,7.1,5.7,76.7
987,D,0,1,10.0,8.0,7.7,7.4,71.8
988,A,1,1,5.6,9.1,4.3,8.5,79.2
988,B,1,1,7.2,7.3,4.7,8.0,78.7
988,C,1,0,5.2,5.1,8.4,7.5,60.3
988,D,0,0,8.1,8.1,7.1,8.2,52.5
989,A,0,0,8.1,7.4,5.1,6.6,45.3
989,B,1,0,5.9,8.1,9.3,8.9,70.3
989,C,0,0,8.2,8.0,6.9,2.3,42.3
989,D,0,1,8.0,8.7,6.5,9.6,71.3
990,A,1,0,7.4,6.0,6.4,8.6,64.0
990,B,1,0,8.8,9.0,7.7,6.4,69.8
990,C,1,0,7.4,5.9,8.6,7.1,65.0
990,D,1,1,9.7,7.4,8.7,7.5,88.8
991,A,0,1,6.0,10,6.4,5.6,63.3
991,B,0,0,6.9,7.5,4.7,7.4,44.2
991,C,0,1,6.5,4.5,6.7,5.8,55.8
991,D,0,1,9.4,7.9,8.3,7.8,72.3
992,A,1,1,8.4,8.0,7.4,6.4,83.7
992,B,1,0,7.8,7.9,6.8,7.7,67.0
992,C,1,1,5.6,5.7,6.2,6.1,72.7
992,D,1,0,7.3,8.0,9.6,7.7,71.0
993,A,1,0,7.1,7.3,5.4,8.6,64.0
993,B,0,0,6.3,10,10,5.8,53.5
993,C,0,0,5.2,7.0,6.9,6.0,41.8
993,D,1,0,9.2,9.3,7.6,7.6,72.8
994,A,0,0,8.3,7.0,6.5,8.9,51.2
994,B,1,0,5.3,6.5,7.4,8.6,63.0
994,C,1,0,7.9,7.8,8.0,6.9,67.7
994,D,1,1,6.4,8.3,9.9,6.1,84.5
995,A,1,1,7.7,9.7,6.9,8.6,88.2
995,B,1,1,5.1,4.8,6.4,6.5,71.3
995,C,0,0,5.8,5.8,3.9,4.1,32.7
995,D,1,1,7.8,8.6,7.2,7.7,85.5
996,A,1,1,7.1,7.5,6.4,7.4,80.7
996,B,0,0,7.1,8.8,6.6,5.9,47.3
996,C,0,0,6.4,7.5,10,5.4,48.8
996,D,1,1,6.9,9.2,6.7,8.3,85.2
997,A,1,1,7.6,8.3,5.3,5.3,77.5
997,B,1,1,7.3,9.3,5.3,6.0,79.8
997,C,1,1,6.4,5.2,9.5,6.0,78.5
997,D,1,1,8.2,8.8,7.2,7.6,86.3
998,A,1,1,6.5,8.5,5.7,7.6,80.5
998,B,1,1,7.0,6.2,6.4,6.5,76.8
998,C,0,0,5.6,8.8,10,6.4,51.3
998,D,0,1,6.5,10,8.4,8.3,72.0
999,A,0,1,7.7,10.0,7.6,7.6,71.5
999,B,1,0,6.0,7.2,7.5,6.0,61.2
999,C,0,0,8.4,9.5,7.8,6.4,53.5
999,D,1,0,9.5,6.6,8.5,8.5,71.8
1000,A,1,0,6.1,6.9,5.8,7.4,60.3
1000,B,1,1,7.0,7.8,5.1,6.9,78.0
1000,C,1,1,7.7,5.3,6.3,5.8,75.2
1000,D,0,1,7.4,8.1,7.4,6.4,65.5
1001,A,0,0,5.5,7.3,5.9,8.5,45.3
1001,B,1,1,5.5,6.0,7.1,9.2,79.7
1001,C,1,1,6.2,4.9,6.9,2.6,67.7
1001,D,1,1,7.7,9.1,6.5,7.2,84.2
1002,A,1,0,7.9,10,5.2,9.3,70.7
1002,B,0,0,6.3,5.9,4.4,6.1,37.8
1002,C,0,0,4.8,5.9,8.8,7.4,44.8
1002,D,1,1,8.1,6.2,8.1,6.6,81.7
1003,A,0,0,8.0,7.8,6.0,6.7,47.5
1003,B,1,0,8.3,10,6.2,5.6,66.8
1003,C,1,0,5.6,5.2,8.5,6.6,59.8
1003,D,1,1,7.8,6.8,9.8,6.4,84.7
1004,A,1,0,7.8,8.7,5.3,7.4,65.3
1004,B,0,1,9.0,6.1,9.6,5.7,67.3
1004,C,1,1,6.7,6.4,7.5,3.7,73.8
1004,D,1,0,6.4,7.2,8.3,5.3,62.0
1005,A,1,0,8.8,7.3,5.7,7.3,65.2
1005,B,1,1,3.9,6.8,7.1,8.2,76.7
1005,C,1,1,4.0,6.4,6.1,4.9,69.0
1005,D,1,0,7.8,6.1,8.0,8.9,68.0
1006,A,1,1,6.7,9.4,2.9,7.0,76.7
1006,B,1,0,7.6,7.1,7.0,7.6,65.5
1006,C,0,0,7.8,4.6,7.0,7.7,45.2
1006,D,1,0,8.3,9.0,7.9,7.5,71.2
1007,A,1,1,5.7,8.6,4.9,9.6,81.3
1007,B,1,0,7.1,7.1,6.5,6.4,61.8
1007,C,0,1,5.8,5.2,6.4,5.6,55.0
1007,D,1,1,7.5,9.9,7.9,7.2,87.5
1008,A,1,0,6.4,9.3,4.5,5.9,60.2
1008,B,1,0,9.2,10,8.6,8.0,76.3
1008,C,1,1,5.3,8.5,9.0,6.6,82.3
1008,D,1,1,8.2,9.3,6.8,6.8,85.2
1009,A,1,0,8.1,8.2,6.3,5.2,63.0
1009,B,1,1,6.5,8.2,6.3,6.0,78.3
1009,C,0,0,3.4,8.8,8.2,5.3,42.8
1009,D,1,1,8.7,9.8,10,5.7,90.3
1010,A,1,1,6.1,7.3,3.9,5.3,71.0
1010,B,1,1,4.9,6.3,7.3,6.2,74.5
1010,C,1,1,4.4,9.0,8.7,7.1,82.0
1010,D,1,1,9.2,9.8,8.2,6.8,90.0
1011,A,1,0,10,6.6,6.3,10.0,71.5
1011,B,1,0,8.7,5.9,6.3,5.9,61.3
1011,C,0,0,6.6,5.8,8.2,5.1,42.8
1011,D,1,1,6.8,7.9,8.6,8.7,86.7
1012,A,0,0,8.2,8.5,5.5,6.8,48.3
1012,B,0,0,7.3,6.7,8.7,6.1,48.0
1012,C,1,0,4.9,5.1,6.5,5.7,53.7
1012,D,1,1,7.8,10,9.8,4.7,87.2
1013,A,0,0,6.4,9.3,4.8,10,50.8
1013,B,1,1,7.2,7.1,8.8,8.4,85.8
1013,C,1,1,5.1,6.7,7.1,5.6,74.2
1013,D,1,0,7.9,10,8.0,7.3,72.0
1014,A,1,0,7.7,7.5,6.4,9.0,67.7
1014,B,1,1,7.6,7.7,7.1,7.6,83.3
1014,C,0,0,6.5,6.2,7.2,6.6,44.2
1014,D,1,1,6.7,8.4,5.5,8.2,81.3
1015,A,1,1,6.3,6.9,6.3,6.7,77.0
1015,B,1,0,5.9,6.6,10,6.2,64.5
1015,C,0,1,7.3,7.6,7.6,5.8,63.8
1015,D,1,1,7.7,7.8,6.7,4.9,78.5
1016,A,1,0,5.2,8.9,5.7,6.8,61.0
1016,B,1,0,6.7,7.6,6.2,6.0,60.8
1016,C,0,0,6.1,7.6,7.7,5.3,44.5
1016,D,1,0,8.4,6.2,10,8.7,72.2
1017,A,1,1,8.7,10,3.6,7.6,83.2
1017,B,0,0,9.0,5.6,6.2,6.5,45.5
1017,C,0,0,7.7,7.0,8.1,5.4,47.0
1017,D,1,0,8.6,6.7,7.5,6.3,65.2
1018,A,1,1,7.4,7.3,7.2,8.4,83.8
1018,B,0,0,7.7,9.4,6.4,6.7,50.3
1018,C,1,1,5.7,5.3,8.4,5.3,74.5
1018,D,1,1,7.4,7.4,6.9,7.3,81.7
1019,A,1,0,8.1,7.7,7.8,7.3,68.2
1019,B,1,1,8.5,7.1,5.5,7.3,80.7
1019,C,1,0,8.1,6.3,6.5,5.4,60.5
1019,D,1,0,4.6,10,8.6,6.8,66.7
1020,A,0,1,8.1,9.9,6.5,6.0,67.5
1020,B,1,0,6.8,8.1,3.4,6.4,57.8
1020,C,1,1,6.1,7.9,7.1,4.7,76.3
1020,D,1,1,8.2,6.9,7.1,7.4,82.7
1021,A,1,0,6.2,9.4,6.9,7.1,66.0
1021,B,1,0,7.1,7.6,7.2,4.2,60.2
1021,C,1,0,5.1,6.0,7.8,7.4,60.5
1021,D,1,0,5.9,8.7,8.0,7.8,67.3
1022,A,1,1,8.1,5.9,6.0,6.5,77.5
1022,B,1,1,6.5,5.6,7.6,6.4,76.8
1022,C,1,1,6.6,6.9,4.6,4.1,70.3
1022,D,1,0,8.2,5.7,8.2,10,70.2
1023,A,1,0,8.8,8.7,5.0,7.8,67.2
1023,B,1,1,7.8,8.1,6.2,5.3,79.0
1023,C,0,0,6.1,3.6,9.4,5.4,40.8
1023,D,1,1,8.9,9.0,8.8,5.4,86.8
1024,A,0,0,7.7,6.2,4.7,7.4,43.3
1024,B,1,1,6.0,7.0,6.0,3.7,71.2
1024,C,0,0,5.3,6.3,5.7,5.3,37.7
1024,D,1,0,7.3,9.0,10,6.1,70.7
1025,A,1,0,7.8,8.2,5.8,8.2,66.7
1025,B,1,0,6.5,6.9,8.4,7.7,65.8
1025,C,0,1,4.8,5.9,7.8,5.8,57.2
1025,D,1,1,8.4,6.4,9.4,9.1,88.8
1026,A,0,0,8.2,9.9,6.7,7.2,53.3
1026,B,1,0,6.8,5.7,5.7,7.0,58.7
1026,C,1,1,6.9,6.3,6.8,6.5,77.5
1026,D,0,0,8.0,7.9,8.3,6.5,51.2
1027,A,1,0,8.6,9.4,5.8,9.6,72.3
1027,B,1,1,7.4,7.4,6.3,7.1,80.3
1027,C,0,0,7.3,4.7,8.1,3.6,39.5
1027,D,1,1,7.1,8.8,7.9,8.8,87.7
1028,A,1,0,7.6,8.2,6.6,8.0,67.3
1028,B,0,1,7.4,7.8,7.4,5.3,63.2
1028,C,1,0,5.9,6.6,7.8,6.0,60.5
1028,D,1,1,10,10,7.6,9.0,94.3
1029,A,0,0,5.6,7.5,2.8,5.7,36.0
1029,B,1,0,6.3,9.8,6.5,8.3,68.2
1029,C,0,0,7.4,6.6,6.1,6.1,43.7
1029,D,0,0,9.9,8.4,9.1,8.5,59.8
1030,A,1,1,6.9,5.3,5.8,9.4,79.0
1030,B,1,1,6.3,7.0,5.8,7.5,77.7
1030,C,1,1,4.3,6.1,8.9,4.8,73.5
1030,D,1,1,7.1,7.6,6.6,8.0,82.2
1031,A,1,1,5.7,6.4,7.7,7.6,79.0
1031,B,1,0,6.4,8.0,7.8,8.2,67.3
1031,C,1,1,4.4,7.8,6.6,5.4,73.7
1031,D,0,1,9.2,7.8,10,7.5,74.2
1032,A,1,0,8.8,10,6.2,7.8,71.3
1032,B,0,1,5.4,8.0,7.8,7.8,65.0
1032,C,0,1,10,8.2,9.1,3.5,68.0
1032,D,1,1,7.6,8.3,6.7,7.5,83.5
1033,A,0,0,7.2,9.2,6.0,8.1,50.8
1033,B,1,0,8.7,7.4,7.0,6.5,66.0
1033,C,1,0,4.9,4.2,8.3,8.1,59.2
1033,D,0,1,8.4,5.6,9.3,6.6,66.5
1034,A,1,1,9.4,8.8,4.3,10,87.5
1034,B,1,1,7.0,9.1,5.6,6.5,80.3
1034,C,1,1,5.7,8.0,7.6,3.4,74.5
1034,D,1,1,7.0,10,8.0,9.0,90.0
1035,A,1,0,4.7,8.8,5.1,7.1,59.5
1035,B,0,0,6.8,8.2,6.8,6.6,47.3
1035,C,0,1,6.3,4.6,5.8,5.9,54.3
1035,D,1,1,7.1,8.0,9.3,6.6,85.0
1036,A,1,0,8.4,8.6,5.8,5.9,64.5
1036,B,1,1,6.3,7.2,8.2,7.6,82.2
1036,C,0,0,5.8,5.4,5.6,5.3,36.8
1036,D,1,0,7.6,6.7,7.1,6.0,62.3
1037,A,1,0,8.3,7.2,5.6,6.0,61.8
1037,B,0,0,8.1,7.4,4.1,7.1,44.5
1037,C,1,0,7.3,5.9,8.8,7.2,65.3
1037,D,1,0,7.1,8.3,9.8,9.0,73.7
1038,A,1,1,6.0,9.8,7.0,8.2,85.0
1038,B,1,1,5.1,8.0,7.3,7.7,80.2
1038,C,0,1,7.7,7.4,7.9,5.0,63.3
1038,D,1,1,6.5,6.9,7.1,6.7,78.7
1039,A,0,1,7.4,8.5,4.9,6.8,62.7
1039,B,0,1,5.6,8.0,5.8,7.5,61.5
1039,C,1,0,10,5.0,7.4,5.5,63.2
1039,D,1,0,7.0,7.0,9.3,7.0,67.2
1040,A,0,1,7.7,8.6,4.0,8.7,65.0
1040,B,1,1,5.8,5.8,7.9,6.7,77.0
1040,C,1,1,5.1,6.7,8.1,4.3,73.7
1040,D,1,1,6.2,8.7,7.4,6.3,81.0
1041,A,0,1,9.3,10.0,6.9,4.5,67.8
1041,B,1,1,5.8,8.3,7.0,6.4,79.2
1041,C,1,1,4.7,6.8,6.5,5.5,72.5
1041,D,1,1,7.0,8.6,9.1,6.2,84.8
1042,A,0,0,7.7,8.4,4.6,8.3,48.3
1042,B,1,0,6.4,10,5.8,4.4,61.0
1042,C,0,0,5.5,8.0,6.8,5.1,42.3
1042,D,1,0,6.8,8.0,9.4,8.5,71.2
1043,A,1,1,7.1,8.3,4.8,6.6,78.0
1043,B,1,0,4.0,7.9,4.6,7.4,56.5
1043,C,0,1,6.2,6.2,5.1,7.6,58.5
1043,D,1,1,7.2,9.3,9.4,7.2,88.5
1044,A,1,0,5.2,7.7,6.9,6.6,60.7
1044,B,1,0,7.4,7.0,8.1,6.6,65.2
1044,C,1,0,6.0,7.2,7.8,5.6,61.0
1044,D,0,0,8.9,8.9,9.5,6.8,56.8
1045,A,1,1,9.0,8.4,8.3,7.3,88.3
1045,B,0,0,8.4,7.6,7.8,6.3,50.2
1045,C,0,1,7.0,7.2,8.1,5.3,62.7
1045,D,1,0,7.3,6.9,7.8,6.9,64.8
1046,A,0,1,5.1,8.4,5.7,7.0,60.3
1046,B,0,0,7.7,8.0,4.2,6.6,44.2
1046,C,0,1,7.5,4.6,8.6,5.6,60.5
1046,D,0,0,7.4,7.4,8.5,8.2,52.5
1047,A,1,0,6.9,7.3,5.9,10,66.8
1047,B,0,1,5.4,7.0,4.5,8.9,59.7
1047,C,1,0,5.3,7.7,7.4,5.8,60.3
1047,D,1,1,6.0,8.7,9.0,8.1,86.3
1048,A,1,1,9.7,9.5,5.1,7.2,85.8
1048,B,0,0,7.6,5.1,8.5,4.8,43.3
1048,C,1,0,6.7,8.2,6.3,6.2,62.3
1048,D,1,1,9.4,6.1,9.3,7.2,86.7
1049,A,1,0,7.9,8.3,7.0,6.0,65.3
1049,B,0,0,7.9,7.4,8.1,8.2,52.7
1049,C,0,1,5.5,8.1,8.1,5.9,62.7
1049,D,0,1,6.2,7.8,10,8.1,70.2
1050,A,1,0,6.2,8.8,5.4,5.4,59.7
1050,B,1,1,6.9,7.9,8.1,6.9,83.0
1050,C,1,0,4.9,6.1,7.5,5.5,56.7
1050,D,1,0,8.8,6.4,6.4,8.1,66.2
1051,A,1,0,5.1,7.3,5.9,7.2,59.2
1051,B,1,0,6.5,7.6,7.1,5.3,60.8
1051,C,0,1,5.8,6.3,7.6,6.7,60.7
1051,D,1,0,7.7,8.9,8.2,6.9,69.5
1052,A,1,1,7.5,8.0,6.1,9.4,85.0
1052,B,1,1,7.4,8.7,7.6,8.2,86.5
1052,C,0,0,8.5,6.9,5.4,6.9,46.2
1052,D,1,0,9.1,6.5,8.3,8.4,70.5
1053,A,0,0,6.6,10,4.4,6.3,45.5
1053,B,0,0,6.8,6.4,9.3,5.4,46.5
1053,C,1,0,8.3,7.6,8.9,7.5,70.5
1053,D,0,0,9.4,9.3,6.8,8.0,55.8
1054,A,1,1,8.0,7.6,7.2,6.7,82.5
1054,B,1,0,7.4,7.3,5.0,8.1,63.0
1054,C,1,0,3.8,9.2,6.4,4.5,56.5
1054,D,0,1,7.3,7.9,9.2,8.3,71.2
1055,A,1,0,9.0,9.2,6.6,7.6,70.7
1055,B,1,0,8.5,10,6.3,5.4,67.0
1055,C,1,1,7.3,9.2,8.5,5.2,83.7
1055,D,1,1,8.7,9.4,8.6,9.1,93.0
1056,A,0,0,6.2,7.4,6.2,7.2,45.0
1056,B,0,0,8.9,8.1,7.8,8.3,55.2
1056,C,0,1,5.9,5.4,8.2,4.9,57.3
1056,D,1,0,5.9,10,8.3,8.4,71.0
1057,A,1,1,6.2,8.1,5.1,6.9,77.2
1057,B,1,0,6.2,8.6,8.0,7.9,67.8
1057,C,1,1,5.8,6.2,7.1,6.2,75.5
1057,D,1,1,5.7,8.1,7.8,6.6,80.3
1058,A,1,1,9.5,7.8,6.1,7.1,84.2
1058,B,1,0,8.5,8.0,7.1,5.2,64.7
1058,C,1,0,4.6,5.8,7.3,4.8,54.2
1058,D,1,1,9.1,5.9,8.6,5.5,81.8
1059,A,0,0,7.2,9.0,4.0,7.7,46.5
1059,B,1,0,5.5,6.9,7.8,9.5,66.2
1059,C,1,1,8.0,5.1,7.7,5.0,76.3
1059,D,1,1,5.1,8.8,8.9,7.3,83.5
1060,A,1,0,5.9,8.3,7.7,8.7,67.7
1060,B,1,0,5.5,8.8,6.5,6.7,62.5
1060,C,0,1,6.7,8.5,7.1,6.4,64.5
1060,D,1,0,9.7,8.5,5.6,8.8,71.0
1061,A,0,0,7.6,5.9,4.1,6.0,39.3
1061,B,1,1,9.9,7.8,7.0,7.7,87.3
1061,C,1,0,6.6,6.1,8.6,5.9,62.0
1061,D,1,1,9.1,7.5,9.5,6.2,87.2
1062,A,1,1,5.7,8.1,6.7,8.4,81.5
1062,B,1,0,7.1,8.2,4.6,5.5,59.0
1062,C,1,0,5.3,7.2,7.0,7.0,60.8
1062,D,1,0,9.3,7.4,9.2,8.1,73.3
1063,A,0,1,7.9,8.1,4.0,5.8,59.7
1063,B,1,1,5.2,7.9,7.1,8.1,80.5
1063,C,0,0,2.3,7.2,7.9,5.1,37.5
1063,D,1,1,7.9,10,7.2,8.4,89.2
1064,A,1,0,9.7,7.9,5.7,7.4,67.8
1064,B,0,1,7.0,7.3,5.7,6.4,60.7
1064,C,1,0,6.7,7.3,7.0,7.5,64.2
1064,D,1,1,8.6,8.0,10,8.2,91.3
1065,A,1,0,8.2,8.9,4.4,9.5,68.3
1065,B,1,1,8.3,5.3,8.2,7.4,82.0
1065,C,1,1,8.3,6.9,6.7,1.9,73.0
1065,D,1,1,9.0,8.4,7.5,9.1,90.0
1066,A,1,1,3.5,6.8,3.7,8.6,71.0
1066,B,1,0,8.7,6.3,7.3,6.8,65.2
1066,C,1,0,7.4,7.5,8.7,7.3,68.2
1066,D,1,0,7.5,9.8,10,7.6,74.8
1067,A,1,0,8.0,7.9,5.6,7.4,64.8
1067,B,0,0,7.9,7.1,7.8,7.1,49.8
1067,C,0,0,5.9,6.6,7.1,5.6,42.0
1067,D,1,1,9.8,8.7,7.6,7.6,89.5
1068,A,1,0,9.3,6.7,5.1,8.1,65.3
1068,B,1,0,5.8,7.6,9.4,8.0,68.0
1068,C,0,1,5.8,5.5,6.3,4.8,54.0
1068,D,1,0,9.2,9.9,8.6,7.9,76.0
1069,A,0,0,8.7,6.8,6.6,7.5,49.3
1069,B,1,0,8.9,9.2,8.8,7.7,74.3
1069,C,0,0,6.1,7.4,8.1,4.9,44.2
1069,D,0,1,8.4,6.1,7.1,7.7,65.5
1070,A,1,0,5.1,8.5,3.5,6.6,56.2
1070,B,1,0,5.8,6.7,4.6,7.7,58.0
1070,C,0,0,6.7,4.4,7.5,4.0,37.7
1070,D,1,1,8.3,6.8,9.3,7.3,86.2
1071,A,1,0,7.5,6.6,3.3,7.8,58.7
1071,B,1,0,6.7,9.5,6.8,6.5,65.8
1071,C,1,1,8.5,5.6,8.2,5.4,79.5
1071,D,0,0,6.4,9.4,9.7,8.3,56.3
1072,A,0,0,6.8,8.4,4.9,9.0,48.5
1072,B,1,0,6.9,6.6,8.0,5.9,62.3
1072,C,0,0,5.8,5.1,8.0,5.3,40.3
1072,D,0,1,8.7,6.3,6.8,8.5,67.2
1073,A,0,1,6.9,7.7,6.0,9.4,66.7
1073,B,1,1,5.2,8.5,10.0,6.3,83.3
1073,C,1,0,4.2,5.5,9.2,5.3,57.0
1073,D,1,0,8.0,9.1,6.9,8.2,70.3
1074,A,1,0,8.6,8.6,4.3,9.2,67.8
1074,B,0,0,6.7,6.2,6.9,9.0,48.0
1074,C,1,1,5.7,4.8,7.8,5.9,73.7
1074,D,1,0,6.9,9.1,7.9,6.7,67.7
1075,A,1,1,8.2,8.7,7.8,7.2,86.5
1075,B,1,1,6.4,7.9,5.0,5.9,75.3
1075,C,0,0,7.2,6.4,7.0,3.1,39.5
1075,D,0,1,9.6,6.9,8.1,7.4,70.0
1076,A,0,1,8.8,7.9,5.8,10,70.8
1076,B,1,0,7.4,8.1,4.0,6.6,60.2
1076,C,1,1,5.9,6.2,9.5,4.8,77.3
1076,D,0,1,8.7,10,9.3,6.3,73.8
1077,A,0,1,7.2,9.6,4.4,8.0,65.3
1077,B,1,1,7.5,8.3,5.3,6.1,78.7
1077,C,1,0,4.6,5.9,6.7,5.8,55.0
1077,D,1,1,8.9,8.3,7.7,8.2,88.5
1078,A,1,0,8.6,7.5,3.2,9.5,64.7
1078,B,1,1,6.5,8.8,8.4,5.6,82.2
1078,C,0,0,3.6,3.7,8.0,4.5,33.0
1078,D,0,0,8.3,10,8.8,6.9,56.7
1079,A,1,0,7.6,7.1,5.4,8.6,64.5
1079,B,1,1,6.7,8.1,4.8,9.2,81.3
1079,C,1,0,7.4,6.0,6.1,6.8,60.5
1079,D,1,1,7.7,9.5,6.7,7.6,85.8
1080,A,0,0,9.7,8.0,4.3,6.5,47.5
1080,B,1,0,7.6,10,6.4,6.8,68.0
1080,C,1,0,5.2,5.1,8.7,5.1,56.8
1080,D,1,1,8.9,7.9,7.6,6.9,85.5
1081,A,1,1,7.2,9.4,6.5,9.4,87.5
1081,B,1,0,7.6,9.7,7.3,6.2,68.0
1081,C,1,1,6.7,4.4,5.3,5.7,70.2
1081,D,1,1,8.3,8.2,9.7,7.4,89.3
1082,A,1,0,6.9,7.3,6.4,8.1,64.5
1082,B,1,0,6.9,7.6,5.8,7.8,63.5
1082,C,1,1,7.5,4.5,4.8,7.3,73.5
1082,D,1,1,8.7,7.7,9.0,4.6,83.3
1083,A,1,0,6.7,8.8,3.0,7.2,59.5
1083,B,0,0,4.2,7.2,8.7,7.8,46.5
1083,C,1,0,4.3,6.9,6.9,5.8,56.5
1083,D,1,1,8.3,6.2,9.9,5.0,82.3
1084,A,0,0,5.9,7.4,5.1,9.0,45.7
1084,B,1,0,8.1,10,7.7,9.8,76.0
1084,C,1,0,6.4,7.2,6.3,6.2,60.2
1084,D,1,1,8.6,6.1,8.6,6.7,83.3
1085,A,1,0,7.2,8.3,8.5,6.5,67.5
1085,B,1,0,8.5,9.0,7.6,6.4,69.2
1085,C,1,0,5.7,6.7,4.4,7.1,56.5
1085,D,1,0,7.7,7.1,10,6.6,69.0
1086,A,1,0,7.4,7.3,6.0,7.8,64.2
1086,B,1,1,7.8,10.0,7.5,6.5,86.3
1086,C,1,0,6.2,5.6,6.5,4.1,54.0
1086,D,1,0,10,10,7.1,8.5,76.0
1087,A,0,0,8.2,8.0,6.9,6.0,48.5
1087,B,1,1,8.8,6.2,6.7,8.7,84.0
1087,C,0,1,6.4,6.7,6.5,7.7,62.2
1087,D,0,0,8.8,8.7,8.2,7.3,55.0
1088,A,1,0,6.9,8.3,5.9,6.7,63.0
1088,B,1,1,5.7,8.5,7.4,5.3,78.2
1088,C,1,1,4.7,5.4,6.1,5.1,68.8
1088,D,1,0,6.5,9.4,8.2,9.0,71.8
1089,A,1,0,7.5,8.3,6.3,7.4,65.8
1089,B,1,0,5.1,9.2,5.2,6.1,59.3
1089,C,1,0,7.1,6.1,8.3,3.1,57.7
1089,D,1,0,6.4,7.6,6.4,5.4,59.7
1090,A,1,0,7.5,8.0,5.5,8.4,65.7
1090,B,1,1,6.9,9.9,5.1,5.8,79.5
1090,C,1,1,5.4,6.4,7.4,5.7,74.8
1090,D,0,0,8.4,7.2,7.3,8.3,52.0
1091,A,0,1,6.3,10,4.5,8.1,64.8
1091,B,0,1,7.6,9.1,8.8,7.4,71.5
1091,C,1,0,6.4,6.8,8.4,6.0,62.7
1091,D,1,0,10,10,7.9,6.1,73.3
1092,A,1,0,9.4,5.9,6.8,8.0,66.8
1092,B,1,1,6.3,7.8,6.1,5.7,76.5
1092,C,0,0,7.2,7.4,8.0,5.4,46.7
1092,D,1,0,9.4,9.8,7.3,7.9,74.0
1093,A,1,0,5.9,7.0,5.1,8.8,61.3
1093,B,0,0,9.3,8.1,7.2,6.3,51.5
1093,C,1,1,5.6,8.4,8.2,5.6,79.7
1093,D,0,1,8.3,8.7,7.3,5.6,66.5
1094,A,1,1,7.5,8.4,3.6,8.3,79.7
1094,B,1,1,5.0,8.2,6.6,9.7,82.5
1094,C,1,1,5.5,7.4,6.3,5.7,74.8
1094,D,1,1,9.7,8.7,8.7,9.0,93.5
1095,A,1,0,7.4,9.2,5.1,8.2,66.5
1095,B,1,1,8.4,6.0,7.9,7.1,82.3
1095,C,0,0,8.5,7.1,8.9,5.9,50.7
1095,D,1,1,9.2,7.8,10,7.3,90.5
1096,A,1,0,4.3,8.9,5.7,7.7,61.0
1096,B,0,0,6.2,8.2,6.7,9.6,51.2
1096,C,1,1,4.9,5.5,7.7,6.2,73.8
1096,D,1,1,6.0,6.8,9.4,9.9,86.8
1097,A,1,0,8.8,9.0,2.2,9.2,65.3
1097,B,0,0,7.8,5.9,6.6,5.9,43.7
1097,C,0,0,8.7,5.6,8.3,3.3,43.2
1097,D,1,0,6.3,8.3,10.0,8.9,72.5
1098,A,0,1,7.8,6.6,4.9,8.5,63.0
1098,B,1,0,6.7,10,7.4,8.7,71.3
1098,C,1,1,7.2,7.2,7.7,4.2,77.2
1098,D,1,1,6.6,7.0,8.3,7.9,83.0
1099,A,0,0,6.8,10.0,5.7,8.7,52.0
1099,B,0,1,6.2,10,5.2,6.4,63.0
1099,C,1,1,5.7,8.0,6.3,6.2,77.0
1099,D,0,1,7.4,7.9,9.4,7.7,70.7
1100,A,0,0,4.8,10,5.9,7.5,47.0
1100,B,1,0,7.9,5.4,6.1,8.1,62.5
1100,C,1,0,7.9,6.2,6.4,7.5,63.3
1100,D,1,1,6.8,8.8,8.8,6.9,85.5
1101,A,0,0,6.0,8.6,5.2,4.2,40.0
1101,B,1,0,6.6,6.2,4.6,7.3,57.8
1101,C,1,1,4.2,5.4,5.7,6.8,70.2
1101,D,1,1,8.8,8.4,7.9,7.8,88.2
1102,A,0,1,5.4,8.7,5.7,6.4,60.3
1102,B,1,0,6.8,7.3,6.4,6.8,62.2
1102,C,1,0,3.1,6.5,8.4,6.1,56.8
1102,D,0,1,7.1,10,9.0,6.4,70.8
1103,A,1,1,8.5,10,7.9,8.9,92.2
1103,B,0,1,8.0,7.0,7.4,8.7,68.5
1103,C,1,0,7.3,8.0,6.4,6.0,62.8
1103,D,0,1,9.5,9.0,8.6,7.7,74.7
1104,A,1,0,9.1,8.4,8.0,7.4,71.5
1104,B,1,0,6.2,8.2,6.4,8.3,65.2
1104,C,1,1,7.0,6.7,5.6,6.3,76.0
1104,D,0,0,7.1,8.8,7.9,9.3,55.2
1105,A,1,1,5.4,10,4.5,9.9,83.0
1105,B,1,1,4.9,7.6,5.3,7.0,74.7
1105,C,1,0,5.4,7.2,6.2,2.1,51.5
1105,D,0,1,6.1,8.8,7.3,6.7,64.8
1106,A,0,0,6.1,8.7,3.4,8.2,44.0
1106,B,0,0,6.9,7.4,6.4,7.9,47.7
1106,C,1,0,6.6,6.1,7.0,4.3,56.7
1106,D,0,1,9.0,8.4,6.1,5.8,65.5
1107,A,1,1,7.2,8.6,4.9,8.3,81.7
1107,B,1,1,6.6,6.0,6.2,7.5,77.2
1107,C,0,1,4.1,5.1,5.6,5.0,49.7
1107,D,0,1,8.0,8.2,8.1,7.5,69.7
1108,A,1,0,6.3,10,3.9,6.4,61.0
1108,B,1,0,9.2,9.2,9.5,9.2,78.5
1108,C,0,0,7.0,7.0,10,5.4,49.0
1108,D,0,0,7.2,9.6,9.9,8.0,57.8
1109,A,0,0,5.9,8.9,5.4,7.2,45.7
1109,B,1,0,9.9,8.8,8.0,7.9,74.3
1109,C,1,0,8.1,5.0,8.2,7.4,64.5
1109,D,1,0,8.0,10,7.8,7.9,72.8
1110,A,1,1,7.9,8.3,7.6,9.7,89.2
1110,B,1,1,5.8,8.3,5.3,7.0,77.3
1110,C,0,1,6.0,6.7,5.7,5.4,56.3
1110,D,1,1,6.4,7.8,8.3,5.7,80.3
1111,A,0,0,4.3,7.9,5.3,9.8,45.5
1111,B,1,0,5.9,6.5,7.6,5.8,59.7
1111,C,1,1,7.7,5.6,9.3,6.4,81.7
1111,D,0,1,7.5,7.3,8.4,7.3,67.5
1112,A,1,1,9.5,9.1,6.1,9.0,89.5
1112,B,1,0,8.0,7.8,7.9,5.3,65.0
1112,C,1,1,7.2,7.6,6.0,5.4,77.0
1112,D,1,0,5.3,6.1,6.9,4.7,55.0
1113,A,1,0,7.8,7.1,6.4,7.5,64.7
1113,B,0,0,7.3,9.7,6.3,6.4,49.5
1113,C,1,0,5.9,6.7,5.2,5.9,56.2
1113,D,1,0,8.9,9.8,6.7,8.5,73.2
1114,A,1,1,7.1,6.7,6.1,6.5,77.3
1114,B,1,1,6.0,7.8,6.3,7.5,79.3
1114,C,1,1,4.9,7.0,8.5,6.5,78.2
1114,D,0,1,6.5,9.0,8.6,6.7,68.0
1115,A,1,0,7.4,7.9,7.4,7.9,67.7
1115,B,1,1,6.8,8.8,4.9,7.8,80.5
1115,C,0,1,6.0,4.2,9.1,5.7,58.3
1115,D,1,0,10,9.3,9.4,5.5,73.7
1116,A,1,1,6.2,9.7,4.3,8.1,80.5
1116,B,1,0,6.1,7.1,7.6,6.6,62.3
1116,C,0,0,6.7,6.5,7.5,5.6,43.8
1116,D,1,1,10,9.5,9.2,8.1,94.7
1117,A,1,1,6.6,10,5.2,7.3,81.8
1117,B,0,0,8.1,8.0,7.5,7.8,52.3
1117,C,1,1,5.4,5.6,8.4,5.8,75.3
1117,D,1,0,9.2,8.8,10,4.8,71.3
1118,A,1,1,4.5,9.6,5.4,7.3,78.0
1118,B,0,1,7.4,7.0,6.0,7.5,63.2
1118,C,1,0,8.2,8.4,6.8,6.2,66.0
1118,D,1,1,8.0,7.1,8.6,7.7,85.7
1119,A,1,0,6.4,10,5.7,7.6,66.2
1119,B,1,1,6.9,8.0,4.6,8.6,80.2
1119,C,1,1,6.6,7.4,7.1,5.5,77.7
1119,D,1,1,6.2,9.6,10,8.7,90.8
1120,A,1,0,8.2,8.7,7.0,5.1,65.0
1120,B,1,1,8.4,5.6,7.1,6.7,79.7
1120,C,1,1,5.0,4.6,7.7,4.8,70.2
1120,D,1,0,9.5,7.8,6.9,8.2,70.7
1121,A,0,0,7.1,9.2,6.5,5.3,46.8
1121,B,1,1,7.3,6.5,5.7,5.8,75.5
1121,C,1,0,4.8,7.1,8.3,5.0,58.7
1121,D,0,0,8.7,8.0,7.5,7.8,53.3
1122,A,1,0,8.2,8.8,4.1,6.8,63.2
1122,B,0,0,6.2,7.5,7.2,4.3,42.0
1122,C,0,1,7.1,5.5,8.1,5.4,60.2
1122,D,1,1,9.0,7.9,10,10,94.8
1123,A,1,0,6.4,7.9,7.2,9.2,67.8
1123,B,0,1,5.6,6.3,9.5,7.4,64.7
1123,C,0,0,5.4,6.2,7.1,5.2,39.8
1123,D,1,1,6.4,7.6,8.7,10,87.8
1124,A,0,0,8.0,7.8,5.2,9.2,50.3
1124,B,1,1,7.8,8.5,6.9,7.5,84.5
1124,C,0,1,6.4,9.2,7.9,6.3,66.3
1124,D,1,0,6.8,10,8.9,8.3,73.3
1125,A,1,0,7.2,10,5.2,7.6,66.7
1125,B,1,0,6.5,8.3,6.7,5.7,62.0
1125,C,1,1,6.9,6.1,8.8,6.4,80.3
1125,D,1,1,7.4,9.4,8.8,6.9,87.5
1126,A,0,0,9.1,8.4,5.9,6.0,49.0
1126,B,1,0,8.2,7.8,3.9,5.6,59.2
1126,C,1,1,5.5,9.0,7.4,6.6,80.8
1126,D,1,0,5.8,6.9,9.1,7.6,65.7
1127,A,0,1,9.0,8.1,4.5,6.9,64.2
1127,B,1,1,7.7,8.8,7.9,7.2,86.0
1127,C,1,0,5.9,7.6,6.9,6.0,60.7
1127,D,0,0,7.6,7.0,8.1,8.2,51.5
1128,A,0,0,7.5,8.1,4.5,8.6,47.8
1128,B,0,1,7.4,6.3,7.5,7.9,65.2
1128,C,1,0,5.0,7.0,8.1,6.9,61.7
1128,D,0,1,8.5,9.7,7.1,8.4,72.8
1129,A,0,0,4.8,8.6,4.5,7.5,42.3
1129,B,1,1,6.3,9.0,8.2,8.0,85.8
1129,C,1,0,5.4,7.1,7.0,4.4,56.5
1129,D,1,1,8.4,6.0,8.3,7.0,82.8
1130,A,0,1,6.3,7.8,6.1,7.2,62.3
1130,B,0,0,7.1,4.8,7.4,8.3,46.0
1130,C,1,0,5.9,7.1,6.4,6.0,59.0
1130,D,1,1,7.6,8.9,7.1,7.4,85.0
1131,A,1,0,9.2,8.8,6.8,6.4,68.7
1131,B,1,0,6.5,9.6,8.8,7.7,71.0
1131,C,1,1,5.5,4.1,8.0,6.1,72.8
1131,D,1,0,4.8,9.2,8.5,8.8,68.8
1132,A,1,0,7.5,7.9,5.5,7.0,63.2
1132,B,1,0,7.8,7.3,5.1,6.9,61.8
1132,C,1,1,4.9,6.7,6.2,7.5,75.5
1132,D,0,0,7.4,7.9,10,9.2,57.5
1133,A,1,0,6.6,7.1,5.6,7.3,61.0
1133,B,1,0,7.6,5.6,3.4,6.9,55.8
1133,C,0,0,6.7,5.9,8.7,5.0,43.8
1133,D,0,1,8.6,7.7,5.6,10,69.8
1134,A,1,1,7.1,7.4,5.8,9.5,83.0
1134,B,0,1,5.9,6.5,7.6,6.0,60.0
1134,C,1,1,5.9,5.7,6.2,5.7,72.5
1134,D,1,1,8.1,6.9,9.6,7.0,86.0
1135,A,0,0,9.4,10,4.8,7.4,52.7
1135,B,1,0,7.1,10,7.3,7.7,70.2
1135,C,1,0,5.3,9.1,6.0,6.1,60.8
1135,D,1,1,7.9,9.4,7.7,7.3,87.2
1136,A,1,1,6.9,9.5,7.2,8.9,87.5
1136,B,1,0,7.4,6.0,4.2,7.9,59.2
1136,C,1,1,3.8,4.7,8.3,8.6,75.7
1136,D,1,1,8.6,7.2,8.8,7.7,87.2
1137,A,1,0,8.1,9.6,5.7,6.9,67.2
1137,B,0,0,8.0,7.6,8.6,3.9,46.8
1137,C,0,0,5.8,6.1,6.5,5.2,39.3
1137,D,1,0,10,8.0,9.0,7.1,73.5
1138,A,0,0,8.0,8.0,7.1,8.3,52.3
1138,B,1,1,7.5,8.0,7.4,6.5,82.3
1138,C,1,1,7.7,6.3,7.1,8.1,82.0
1138,D,0,1,8.8,7.6,10,7.0,72.3
1139,A,1,0,5.9,8.8,6.8,6.7,63.7
1139,B,1,0,5.3,9.5,5.9,6.8,62.5
1139,C,0,1,6.4,6.4,7.6,5.8,60.3
1139,D,1,1,7.6,8.5,9.4,9.8,92.2
1140,A,1,0,7.6,8.6,4.6,7.9,64.5
1140,B,0,1,6.4,6.4,7.1,3.8,56.2
1140,C,0,1,6.8,7.2,8.6,7.2,66.3
1140,D,1,0,6.1,8.1,8.3,7.3,66.3
1141,A,0,1,9.0,10,4.2,8.8,70.0
1141,B,1,0,6.6,8.6,10.0,6.9,70.2
1141,C,0,0,4.1,5.8,7.6,4.3,36.3
1141,D,1,0,7.2,6.6,7.7,7.9,65.7
1142,A,1,1,8.0,6.2,3.4,6.8,74.0
1142,B,1,0,5.3,7.1,6.8,7.1,60.5
1142,C,0,0,7.6,5.8,8.6,6.8,48.0
1142,D,1,0,8.0,8.0,7.4,7.7,68.5
1143,A,1,1,8.2,9.3,6.0,5.1,81.0
1143,B,1,1,7.7,10,5.6,7.8,85.2
1143,C,0,1,6.4,7.8,9.1,6.6,66.5
1143,D,1,1,5.8,7.6,5.9,6.0,75.5
1144,A,0,0,8.3,10,7.2,6.2,52.8
1144,B,0,1,6.8,8.7,3.7,7.0,60.3
1144,C,0,0,6.8,7.0,5.5,5.7,41.7
1144,D,0,1,6.5,8.3,8.6,8.2,69.3
1145,A,1,0,5.1,9.3,4.8,7.2,60.7
1145,B,1,1,3.9,8.9,5.7,6.9,75.7
1145,C,1,0,5.7,5.4,8.4,5.5,58.3
1145,D,1,0,7.0,9.4,8.9,7.6,71.5
1146,A,1,0,6.6,7.6,5.8,8.1,63.5
1146,B,0,0,7.6,8.6,6.1,7.6,49.8
1146,C,0,1,5.8,6.6,7.2,5.3,58.2
1146,D,1,0,9.2,7.0,6.7,6.5,65.7
1147,A,0,1,7.1,7.8,7.3,6.3,64.2
1147,B,1,1,5.4,7.5,8.1,4.7,76.2
1147,C,1,1,7.4,6.0,7.6,4.0,75.0
1147,D,1,0,7.0,7.2,8.7,8.3,68.7
1148,A,1,0,4.9,7.3,3.8,6.4,54.0
1148,B,1,1,8.0,8.6,5.9,5.7,80.3
1148,C,1,1,6.1,7.8,5.8,6.0,76.2
1148,D,0,1,8.7,6.8,8.8,8.4,71.2
1149,A,1,1,6.0,7.3,4.9,8.4,77.7
1149,B,1,1,8.8,8.6,9.0,5.9,87.2
1149,C,0,0,6.2,6.6,8.9,5.8,45.8
1149,D,0,0,9.5,7.7,5.9,5.9,48.3
1150,A,0,1,6.8,7.9,3.5,6.7,58.2
1150,B,1,1,4.9,6.4,7.7,7.8,78.0
1150,C,0,1,7.6,6.8,7.0,4.9,60.5
1150,D,1,1,9.7,8.2,8.2,6.6,87.8
1151,A,1,1,5.3,7.4,4.8,8.2,76.2
1151,B,1,1,6.7,8.1,6.3,8.0,81.8
1151,C,0,0,8.0,5.0,6.8,6.1,43.2
1151,D,1,1,8.1,7.1,8.1,4.8,80.2
1152,A,0,1,6.6,9.6,5.2,7.2,64.3
1152,B,1,0,7.3,8.1,6.6,6.5,64.2
1152,C,0,1,4.8,5.3,6.4,6.2,54.5
1152,D,0,0,7.4,7.8,9.6,6.9,52.8
1153,A,0,1,6.5,8.2,5.8,6.7,62.0
1153,B,0,1,8.1,8.3,8.3,7.9,71.0
1153,C,0,1,6.7,6.1,9.0,4.8,61.0
1153,D,1,0,8.2,8.4,5.7,7.7,66.7
1154,A,1,0,7.7,9.1,5.6,10,70.7
1154,B,0,0,10,8.7,8.1,6.9,56.2
1154,C,1,0,4.8,4.3,8.1,5.6,54.7
1154,D,1,0,6.9,8.4,8.0,7.5,68.0
1155,A,1,0,6.3,7.7,6.5,8.9,65.7
1155,B,0,0,4.9,7.8,7.3,7.4,45.7
1155,C,1,1,6.7,8.4,8.7,6.0,83.0
1155,D,1,1,7.5,7.5,5.3,6.0,77.2
1156,A,0,0,6.5,8.9,6.5,7.6,49.2
1156,B,1,1,6.3,9.3,7.3,5.2,80.2
1156,C,1,0,7.1,7.5,7.4,5.3,62.2
1156,D,1,0,8.4,7.7,8.7,8.8,72.7
1157,A,0,0,6.9,9.4,7.0,6.2,49.2
1157,B,1,1,8.5,10,7.6,7.4,89.2
1157,C,1,1,7.8,6.8,7.4,4.5,77.5
1157,D,1,0,9.2,8.1,9.1,6.8,72.0
1158,A,1,1,8.6,7.9,6.9,8.4,86.3
1158,B,1,0,6.6,7.9,7.0,6.1,62.7
1158,C,1,0,6.0,3.6,8.4,6.3,57.2
1158,D,1,1,7.7,8.6,9.1,7.3,87.8
1159,A,1,0,7.3,9.2,3.3,7.8,62.7
1159,B,1,1,6.3,6.7,6.5,7.9,79.0
1159,C,1,1,5.3,6.3,7.7,6.6,76.5
1159,D,0,1,8.4,7.7,6.6,8.6,68.8
1160,A,1,0,5.6,9.1,5.3,6.9,61.5
1160,B,1,1,6.7,6.4,5.8,7.3,77.0
1160,C,0,1,5.4,8.9,6.9,4.3,59.2
1160,D,0,1,7.5,7.1,7.9,6.8,65.5
1161,A,0,0,8.7,7.8,6.7,4.6,46.3
1161,B,1,1,8.5,6.6,7.5,8.1,84.5
1161,C,0,0,2.9,8.0,7.7,4.8,39.0
1161,D,1,1,8.6,10,7.7,6.9,88.7
1162,A,0,0,6.8,9.6,3.4,6.0,43.0
1162,B,1,0,6.6,6.8,6.5,6.7,61.0
1162,C,0,1,6.1,5.3,7.5,5.3,57.0
1162,D,1,1,7.6,7.3,8.2,7.1,83.7
1163,A,0,0,8.0,8.6,6.7,7.7,51.7
1163,B,1,1,6.2,5.3,6.1,7.5,75.2
1163,C,1,0,6.8,5.5,7.5,4.4,57.0
1163,D,1,1,5.2,8.0,9.7,6.8,82.8
1164,A,0,0,6.0,8.9,5.3,7.7,46.5
1164,B,1,1,7.3,7.6,5.4,5.6,76.5
1164,C,0,0,3.9,4.2,6.7,6.2,35.0
1164,D,1,0,6.2,6.2,6.4,7.4,60.3
1165,A,1,0,7.5,9.6,5.4,8.0,67.5
1165,B,1,1,6.4,6.2,6.0,6.2,74.7
1165,C,1,1,7.1,5.6,5.8,4.1,71.0
1165,D,1,1,7.9,8.3,7.7,7.6,85.8
1166,A,1,1,6.7,6.7,5.6,7.8,78.0
1166,B,1,0,7.8,6.9,7.1,8.0,66.3
1166,C,1,0,6.5,4.6,8.4,6.0,59.2
1166,D,1,1,8.5,8.5,7.8,7.0,86.3
1167,A,1,0,6.1,8.3,8.1,7.4,66.5
1167,B,0,0,5.7,7.5,8.2,7.1,47.5
1167,C,1,1,4.7,7.5,5.3,4.3,69.7
1167,D,0,1,8.5,6.4,10,9.2,73.5
1168,A,1,0,7.7,10,6.1,7.5,68.8
1168,B,1,1,5.7,6.1,5.9,8.0,76.2
1168,C,1,0,6.6,6.8,7.9,4.9,60.3
1168,D,1,0,7.8,7.1,9.0,6.1,66.7
1169,A,0,0,8.0,9.3,6.3,6.5,50.2
1169,B,1,1,5.8,7.7,6.4,9.5,82.3
1169,C,0,0,7.6,8.4,6.5,7.1,49.3
1169,D,1,1,8.6,8.8,7.3,6.8,85.8
1170,A,1,1,7.4,7.6,4.6,4.0,72.7
1170,B,1,1,3.7,8.2,7.2,5.7,74.7
1170,C,1,0,5.3,5.5,7.7,6.6,58.5
1170,D,1,1,7.1,8.0,10,8.0,88.5
1171,A,0,1,8.4,7.3,6.6,6.4,64.5
1171,B,1,0,6.8,9.1,5.8,6.1,63.0
1171,C,1,1,3.6,5.9,6.3,6.3,70.2
1171,D,0,0,9.1,9.0,10,7.5,59.3
1172,A,0,0,7.3,7.3,5.0,6.7,43.8
1172,B,0,1,8.5,6.5,5.6,5.8,60.7
1172,C,1,1,8.9,6.3,7.2,4.9,78.8
1172,D,1,1,9.6,7.9,8.1,6.7,87.2
1173,A,1,0,6.6,6.3,5.1,8.2,60.3
1173,B,1,0,7.7,5.9,6.9,8.0,64.2
1173,C,0,1,7.1,5.7,9.0,6.3,63.5
1173,D,1,1,7.8,8.5,10,6.8,88.5
1174,A,1,1,5.7,8.9,6.2,6.0,78.0
1174,B,1,0,6.9,8.8,7.1,7.0,66.3
1174,C,0,1,6.7,8.1,10,6.0,68.0
1174,D,0,0,7.5,8.0,8.4,8.8,54.5
1175,A,1,0,9.3,6.9,7.2,7.2,67.7
1175,B,1,1,6.0,5.6,8.6,6.4,77.7
1175,C,0,0,6.5,6.3,9.4,5.9,46.8
1175,D,1,1,7.2,6.7,6.2,6.1,77.0
1176,A,0,0,6.6,7.2,4.3,9.6,46.2
1176,B,1,0,10,9.5,7.1,7.2,73.0
1176,C,1,0,4.6,6.3,4.7,4.0,49.3
1176,D,1,1,6.1,6.8,6.4,6.1,75.7
1177,A,1,0,8.5,9.3,3.1,8.1,65.0
1177,B,0,1,7.5,8.2,6.9,9.0,69.3
1177,C,1,0,8.0,7.4,7.5,3.5,60.7
1177,D,1,1,8.0,8.0,8.9,8.3,88.7
1178,A,0,0,9.5,6.6,4.1,6.5,44.5
1178,B,1,0,9.5,8.7,7.3,6.2,69.5
1178,C,0,0,6.0,7.3,8.8,4.2,43.8
1178,D,1,1,6.7,6.9,7.4,6.8,79.7
1179,A,0,1,7.3,7.5,4.5,6.5,59.7
1179,B,1,0,7.2,9.3,5.0,7.1,64.3
1179,C,0,0,4.3,7.3,5.6,6.0,38.7
1179,D,1,1,7.6,8.4,6.3,7.9,83.7
1180,A,0,0,7.9,8.7,7.4,8.5,54.2
1180,B,1,0,6.6,6.2,5.3,7.2,58.8
1180,C,0,1,5.5,6.5,7.9,6.8,61.2
1180,D,1,0,8.6,7.7,8.6,9.7,74.3
1181,A,1,1,6.8,8.3,7.2,7.1,82.3
1181,B,1,1,8.5,7.2,7.3,8.2,85.3
1181,C,1,0,5.8,4.8,8.9,5.5,58.3
1181,D,1,1,6.4,5.2,7.5,5.9,75.0
1182,A,1,1,8.4,5.9,5.5,6.7,77.5
1182,B,1,0,6.2,7.4,6.6,5.3,59.2
1182,C,1,0,4.9,7.0,6.9,6.3,58.5
1182,D,1,1,9.5,8.4,6.7,5.5,83.5
1183,A,0,1,8.3,8.3,5.9,7.5,66.7
1183,B,0,1,7.1,9.5,8.9,8.2,72.8
1183,C,0,1,4.5,5.7,6.9,4.4,52.5
1183,D,1,0,9.3,9.2,8.6,8.9,76.7
1184,A,1,1,5.3,7.2,4.5,6.1,71.8
1184,B,0,1,6.5,8.4,7.4,6.3,64.3
1184,C,0,0,6.6,6.5,7.5,5.8,44.0
1184,D,1,1,7.8,8.6,7.9,8.6,88.2
1185,A,1,1,7.1,8.0,7.6,5.9,81.0
1185,B,1,1,9.3,6.6,7.7,8.5,86.8
1185,C,1,1,4.0,6.1,8.5,8.0,77.7
1185,D,1,0,6.9,8.3,8.6,8.4,70.3
1186,A,0,1,5.2,7.8,4.6,8.3,59.8
1186,B,1,0,8.1,5.9,7.6,5.9,62.5
1186,C,0,0,6.1,6.3,6.7,5.1,40.3
1186,D,0,1,8.7,5.8,8.4,6.1,65.0
1187,A,1,1,7.5,10.0,7.3,7.0,86.3
1187,B,1,0,9.0,6.7,6.4,7.2,65.5
1187,C,1,0,4.6,4.4,9.8,4.1,54.8
1187,D,1,0,9.7,8.7,8.2,8.5,75.2
1188,A,0,1,8.3,8.0,6.6,7.3,67.0
1188,B,1,0,6.2,7.9,6.7,8.7,65.8
1188,C,1,0,6.8,5.5,9.3,5.3,61.5
1188,D,1,0,8.7,9.7,10,7.8,77.0
1189,A,0,0,6.1,7.6,6.4,8.3,47.3
1189,B,1,0,7.9,6.8,3.7,9.4,63.0
1189,C,1,0,5.8,5.1,7.3,5.8,56.7
1189,D,1,0,8.1,6.5,7.2,6.5,63.8
1190,A,0,1,6.3,9.8,6.4,8.4,68.2
1190,B,0,0,6.0,7.9,6.3,7.9,46.8
1190,C,1,1,4.1,4.3,8.6,5.0,70.0
1190,D,0,0,7.7,6.9,8.2,8.3,51.8
1191,A,1,0,6.6,6.6,3.8,8.5,59.2
1191,B,1,0,5.9,8.2,9.8,7.3,68.7
1191,C,1,0,5.8,4.1,6.8,5.6,53.8
1191,D,1,0,7.1,7.4,10,7.9,70.7
1192,A,1,0,6.5,8.3,3.2,7.7,59.5
1192,B,1,0,4.3,8.7,6.9,7.4,62.2
1192,C,0,0,7.1,5.8,7.0,5.5,42.3
1192,D,0,0,7.4,7.2,8.8,7.9,52.2
1193,A,1,1,6.3,10,6.8,7.6,84.5
1193,B,1,0,5.9,9.3,7.1,7.6,66.5
1193,C,1,0,5.8,5.4,5.9,7.7,58.0
1193,D,1,0,6.7,8.5,8.3,8.9,70.7
1194,A,0,0,7.1,7.1,5.2,7.8,45.3
1194,B,1,1,5.5,8.8,5.9,6.0,77.0
1194,C,0,0,7.8,6.1,8.3,5.2,45.7
1194,D,0,1,8.6,9.0,9.3,8.4,75.5
1195,A,0,0,7.0,6.7,4.2,7.9,43.0
1195,B,1,0,6.9,8.2,6.6,6.2,63.2
1195,C,0,1,6.1,6.9,9.9,5.1,63.3
1195,D,1,1,5.3,8.6,7.8,7.5,82.0
1196,A,1,0,9.0,8.2,5.8,7.3,67.2
1196,B,0,1,9.1,5.9,6.8,6.0,63.0
1196,C,0,1,6.4,6.5,10.0,4.9,63.0
1196,D,0,0,8.8,6.8,9.5,5.8,51.5
1197,A,1,0,5.8,7.9,5.9,8.3,63.2
1197,B,0,0,8.1,8.1,6.3,10,54.2
1197,C,1,1,5.8,6.7,6.4,5.4,73.8
1197,D,0,0,10,8.1,8.6,9.7,60.7
1198,A,1,0,7.7,9.1,6.8,5.0,64.3
1198,B,1,1,6.5,6.3,8.3,5.5,77.7
1198,C,1,0,7.9,6.7,8.4,4.9,63.2
1198,D,1,1,6.4,8.7,9.0,6.7,84.7
1199,A,1,0,6.2,8.2,5.0,5.2,57.7
1199,B,0,0,7.6,7.3,6.4,8.3,49.3
1199,C,1,0,4.7,6.8,8.7,7.0,62.0
1199,D,1,1,9.1,6.2,8.4,6.8,84.2
1200,A,1,0,5.9,9.8,5.2,6.0,61.5
1200,B,0,1,6.8,8.0,6.4,8.4,66.0
1200,C,1,0,5.9,7.1,6.4,6.3,59.5
1200,D,1,0,6.2,8.4,7.4,7.4,65.7
1201,A,0,0,8.4,10,4.0,4.5,44.8
1201,B,1,0,7.5,10,5.6,6.4,65.8
1201,C,0,1,5.2,5.9,7.9,5.5,57.5
1201,D,1,0,7.2,8.0,7.8,8.2,68.7
1202,A,1,1,7.4,9.0,4.7,8.9,83.3
1202,B,1,0,4.7,7.4,8.8,6.3,62.0
1202,C,0,0,9.3,5.9,6.7,7.6,49.2
1202,D,0,0,6.7,9.9,6.8,8.7,53.5
1203,A,0,1,6.8,7.8,6.0,6.8,62.3
1203,B,0,1,6.8,9.0,8.8,6.4,68.3
1203,C,1,0,3.9,5.3,7.8,6.2,55.3
1203,D,0,0,7.4,9.9,9.3,7.1,56.2
1204,A,0,0,5.9,8.0,5.6,7.2,44.5
1204,B,0,1,6.3,8.6,8.7,6.7,67.2
1204,C,1,0,5.9,6.6,4.9,5.0,54.0
1204,D,1,1,9.2,8.5,8.8,6.7,88.7
1205,A,1,1,6.2,8.0,7.1,6.8,80.2
1205,B,1,1,6.8,8.9,5.6,5.2,77.5
1205,C,1,1,7.4,6.1,8.7,7.2,82.3
1205,D,1,1,6.4,9.9,6.3,7.7,83.8
1206,A,1,1,6.5,9.3,7.7,8.4,86.5
1206,B,1,0,5.9,7.8,7.4,5.6,61.2
1206,C,1,0,7.3,6.2,6.8,3.3,56.0
1206,D,1,1,7.0,6.0,9.7,7.7,84.0
1207,A,1,1,7.3,9.3,6.2,8.8,86.0
1207,B,1,0,8.6,8.0,7.6,8.8,71.7
1207,C,1,0,8.5,7.1,5.1,4.9,59.3
1207,D,1,1,7.8,8.7,8.6,10,91.8
1208,A,0,0,5.5,7.6,4.2,7.5,41.3
1208,B,1,0,7.8,8.7,4.9,6.8,63.7
1208,C,1,1,4.4,6.2,6.9,4.8,70.5
1208,D,0,0,9.1,10,7.8,8.5,59.0
1209,A,1,1,8.6,9.2,5.6,10,89.0
1209,B,1,1,6.6,8.8,7.0,7.4,83.0
1209,C,0,0,7.4,4.5,7.8,4.1,39.7
1209,D,1,0,9.4,8.4,8.7,9.2,76.2
1210,A,1,0,5.6,8.7,5.4,7.3,61.7
1210,B,1,1,6.3,6.6,5.3,8.2,77.3
1210,C,1,0,7.6,8.8,6.9,3.6,61.5
1210,D,1,1,10,7.6,8.8,7.8,90.3
1211,A,1,1,5.7,7.4,4.5,8.2,76.3
1211,B,1,0,8.1,5.0,6.2,7.4,61.2
1211,C,0,0,7.4,5.7,8.9,4.2,43.7
1211,D,1,0,10,8.3,8.7,9.2,77.0
1212,A,1,0,7.3,8.9,5.8,5.6,62.7
1212,B,0,0,8.6,6.2,4.4,8.1,45.5
1212,C,0,0,5.9,7.2,4.6,3.7,35.7
1212,D,1,0,8.3,5.8,8.6,6.9,66.0
1213,A,0,0,7.2,7.0,4.4,7.4,43.3
1213,B,1,1,8.4,8.8,6.9,7.6,86.2
1213,C,1,0,6.8,4.5,7.2,5.2,56.2
1213,D,1,0,7.5,9.0,6.0,8.6,68.5
1214,A,0,0,7.9,5.9,7.8,7.2,48.0
1214,B,1,0,6.7,6.4,8.2,7.9,65.3
1214,C,1,0,6.7,3.8,5.6,7.8,56.5
1214,D,1,0,7.9,7.9,7.0,6.3,65.2
1215,A,0,0,7.2,8.0,4.7,6.4,43.8
1215,B,0,1,5.2,9.9,7.8,5.9,64.7
1215,C,0,0,5.0,8.5,7.1,6.5,45.2
1215,D,1,0,7.6,8.2,8.3,8.7,71.3
1216,A,0,1,7.1,6.7,6.7,8.7,65.3
1216,B,0,1,8.2,7.1,8.2,6.4,66.5
1216,C,0,0,4.8,7.1,10,3.8,42.8
1216,D,1,1,9.0,7.7,8.0,5.3,83.3
1217,A,1,0,5.7,5.0,5.0,8.0,56.2
1217,B,1,0,6.0,6.3,7.8,6.9,61.7
1217,C,1,0,4.9,6.7,7.7,6.4,59.5
1217,D,1,1,9.4,10,7.5,6.3,88.7
1218,A,1,0,8.9,9.3,4.6,6.0,64.7
1218,B,1,0,8.0,7.9,6.0,8.5,67.3
1218,C,0,1,6.5,5.6,9.1,6.1,62.2
1218,D,1,1,8.4,7.4,6.9,8.4,85.2
1219,A,1,0,7.7,7.9,7.2,7.7,67.5
1219,B,1,1,6.4,7.6,7.7,5.3,78.3
1219,C,0,1,4.6,7.0,7.3,4.9,56.3
1219,D,0,0,7.8,6.0,7.9,7.4,48.5
1220,A,0,1,6.6,7.9,4.9,9.5,64.8
1220,B,1,1,6.3,8.2,3.8,7.9,77.0
1220,C,1,0,7.3,6.8,6.3,5.0,59.0
1220,D,1,0,7.6,10,10,8.7,77.2
1221,A,1,0,7.4,9.1,5.3,7.1,64.8
1221,B,1,0,3.3,8.1,7.3,7.8,60.8
1221,C,1,0,5.9,6.5,8.1,5.0,59.2
1221,D,1,1,5.4,7.9,8.2,6.2,79.5
1222,A,1,1,7.2,8.6,7.4,7.3,84.2
1222,B,1,0,5.4,9.1,7.2,8.4,66.8
1222,C,0,0,6.6,8.0,9.2,6.1,49.8
1222,D,1,1,7.4,9.1,6.3,10.0,88.0
1223,A,0,0,7.9,7.6,4.3,7.7,45.8
1223,B,1,1,6.7,8.3,8.2,8.9,86.8
1223,C,0,0,5.7,5.7,8.2,5.2,41.3
1223,D,1,0,8.9,9.0,8.8,6.2,71.5
1224,A,1,0,6.9,7.8,5.1,7.8,62.7
1224,B,1,0,7.1,7.2,6.4,7.7,64.0
1224,C,0,1,2.9,5.8,6.0,5.2,49.8
1224,D,1,1,8.8,8.1,7.9,6.7,85.8
1225,A,0,0,6.3,9.3,6.1,5.0,44.5
1225,B,1,1,7.0,4.8,8.6,6.5,78.2
1225,C,0,0,8.2,4.9,8.0,5.2,43.8
1225,D,1,1,7.8,8.8,8.2,7.8,87.7
1226,A,1,1,7.9,9.0,3.7,8.0,81.0
1226,B,0,1,8.0,8.9,7.1,6.5,67.5
1226,C,1,1,5.2,5.6,6.7,4.8,70.5
1226,D,1,1,6.5,6.2,8.3,7.1,80.2
1227,A,1,1,9.0,7.4,3.7,6.9,78.3
1227,B,1,0,8.4,7.8,7.2,6.7,66.8
1227,C,1,1,5.5,5.5,7.5,8.1,77.7
1227,D,1,0,9.3,6.7,10,8.9,74.8
1228,A,0,1,6.1,10,4.3,8.4,64.7
1228,B,0,0,6.8,7.3,5.7,7.5,45.5
1228,C,1,0,5.5,5.2,6.0,6.1,54.7
1228,D,1,1,7.8,6.9,8.0,8.6,85.5
1229,A,0,1,6.6,6.6,5.4,6.1,57.8
1229,B,1,1,7.0,5.7,5.5,8.5,77.8
1229,C,1,1,6.6,6.4,7.3,5.4,76.2
1229,D,1,1,7.5,8.5,9.1,5.0,83.5
1230,A,1,1,7.3,7.5,8.0,7.5,83.8
1230,B,1,1,7.7,8.0,5.9,5.8,79.0
1230,C,1,1,7.8,7.6,5.1,3.5,73.3
1230,D,1,0,7.6,10,8.5,6.6,71.2
1231,A,0,0,6.7,6.9,5.5,8.1,45.3
1231,B,1,1,8.1,8.3,7.5,7.0,84.8
1231,C,1,1,5.4,7.1,4.7,5.3,70.8
1231,D,0,0,5.0,7.6,7.6,7.1,45.5
1232,A,1,0,8.4,8.2,6.9,8.9,70.7
1232,B,0,0,6.9,9.5,7.3,5.3,48.3
1232,C,1,0,5.4,5.3,5.9,4.9,52.5
1232,D,1,1,9.3,8.1,7.9,6.8,86.8
1233,A,0,1,8.6,8.9,3.8,7.7,65.0
1233,B,0,0,6.2,6.5,6.5,7.8,45.0
1233,C,1,1,6.3,6.5,7.2,6.5,77.5
1233,D,1,0,8.8,8.0,9.8,7.2,73.0
1234,A,1,1,8.0,6.8,7.0,8.3,83.5
1234,B,0,1,7.8,9.0,7.8,7.7,70.5
1234,C,1,0,6.5,6.1,8.8,6.4,63.0
1234,D,1,1,8.1,8.5,10,8.3,91.5
1235,A,0,1,8.5,6.3,5.9,7.4,63.5
1235,B,0,0,5.3,8.8,8.7,7.6,50.7
1235,C,1,0,5.8,7.9,8.1,4.4,60.3
1235,D,1,1,9.4,9.5,6.5,9.7,91.8
1236,A,1,0,6.7,8.3,4.9,6.8,61.2
1236,B,0,1,6.6,7.5,7.0,6.8,63.2
1236,C,1,0,6.3,5.1,8.3,5.0,57.8
1236,D,1,0,6.9,8.2,9.5,6.4,68.3
1237,A,1,0,5.8,8.0,6.1,7.9,63.0
1237,B,0,1,7.5,8.4,8.9,6.2,68.3
1237,C,1,0,6.0,6.1,6.0,5.6,56.2
1237,D,1,1,6.1,8.1,10,8.8,88.3
1238,A,0,0,7.9,10,7.2,5.9,51.7
1238,B,1,1,5.9,8.4,5.4,9.2,81.5
1238,C,0,0,3.5,5.5,6.8,6.5,37.2
1238,D,1,1,7.3,6.4,8.9,8.5,85.2
1239,A,1,0,5.8,7.3,6.1,6.2,59.0
1239,B,1,0,7.9,8.7,7.7,8.4,71.2
1239,C,0,1,6.1,7.3,7.1,5.0,59.2
1239,D,0,1,4.4,7.1,9.6,7.0,63.5
1240,A,1,0,7.4,6.9,6.6,7.9,64.7
1240,B,1,1,6.2,6.3,7.6,7.0,78.5
1240,C,1,1,5.5,4.5,5.3,4.4,66.2
1240,D,1,1,5.9,9.1,7.5,7.7,83.7
1241,A,1,0,6.4,5.6,4.8,6.5,55.5
1241,B,1,1,8.6,9.9,7.7,6.3,87.5
1241,C,1,1,7.0,7.0,7.9,6.0,79.8
1241,D,1,1,7.4,7.8,8.5,7.5,85.3
1242,A,0,0,7.9,7.0,5.1,6.5,44.2
1242,B,1,0,7.2,7.9,5.7,9.8,67.7
1242,C,1,0,5.3,6.7,7.3,6.6,59.8
1242,D,1,1,8.7,7.4,9.0,7.4,87.5
1243,A,1,0,8.8,8.2,5.8,6.9,66.2
1243,B,1,0,7.3,7.7,5.4,6.9,62.2
1243,C,1,0,5.0,6.4,6.5,4.0,53.2
1243,D,1,1,8.3,5.2,7.6,7.1,80.3
1244,A,1,1,5.8,7.9,6.0,8.3,80.0
1244,B,1,1,7.1,9.4,6.6,6.1,82.0
1244,C,1,1,5.0,6.9,6.5,5.3,72.8
1244,D,1,0,7.3,7.5,7.4,6.4,64.3
1245,A,1,0,7.2,7.5,5.2,8.2,63.5
1245,B,1,0,4.1,9.3,8.6,7.5,65.8
1245,C,0,0,4.5,6.3,7.6,3.9,37.2
1245,D,1,1,7.4,10,9.5,7.1,90.0
1246,A,1,1,6.4,8.2,5.8,7.2,79.3
1246,B,1,1,5.5,6.9,8.1,7.7,80.3
1246,C,1,1,7.1,8.3,5.9,5.6,78.2
1246,D,1,1,6.1,8.0,8.0,5.9,80.0
1247,A,1,0,4.9,7.0,6.6,8.1,61.0
1247,B,1,0,5.2,10,7.4,7.5,66.8
1247,C,1,0,5.0,6.4,6.4,5.7,55.8
1247,D,1,0,6.9,9.0,7.5,6.5,66.5
1248,A,0,1,7.7,9.0,8.1,6.9,69.5
1248,B,1,0,6.9,8.2,7.6,8.5,68.7
1248,C,1,0,5.9,7.2,8.3,6.4,63.0
1248,D,1,0,6.3,6.6,6.4,7.5,61.3
1249,A,1,1,6.3,10.0,5.9,7.0,82.0
1249,B,1,1,6.6,8.3,6.9,6.7,80.8
1249,C,1,0,6.0,7.6,7.8,5.3,61.2
1249,D,1,0,7.6,6.9,8.5,7.5,67.5
1250,A,1,0,9.0,7.7,6.7,7.1,67.5
1250,B,1,0,5.8,8.6,4.5,8.7,62.7
1250,C,1,1,4.4,5.8,6.5,7.3,73.3
1250,D,1,0,7.5,8.2,8.4,8.2,70.5
1251,A,0,0,9.9,7.6,7.2,9.2,56.5
1251,B,1,1,6.3,7.8,6.4,7.1,79.3
1251,C,1,1,7.4,5.2,8.4,5.0,76.7
1251,D,1,1,8.8,6.6,7.4,10.0,88.0
1252,A,1,1,6.8,8.2,5.2,7.1,78.8
1252,B,1,1,6.5,8.4,5.6,6.1,77.7
1252,C,0,1,5.3,8.4,8.1,6.3,63.5
1252,D,0,1,9.6,7.7,9.2,6.6,71.8
1253,A,1,1,6.8,9.2,6.6,9.2,86.3
1253,B,1,0,8.7,7.4,6.2,5.3,62.7
1253,C,1,0,5.4,6.8,8.3,4.9,59.0
1253,D,1,1,7.0,8.5,9.7,7.5,87.8
1254,A,0,0,5.9,10,5.4,7.6,48.2
1254,B,1,1,5.8,7.0,6.7,7.9,79.0
1254,C,1,1,4.7,7.0,5.0,4.1,68.0
1254,D,1,0,8.1,7.0,7.6,7.6,67.2
1255,A,0,0,7.5,7.1,4.0,7.8,44.0
1255,B,1,1,6.0,7.9,7.8,8.2,83.2
1255,C,0,0,6.3,7.5,7.2,5.8,44.7
1255,D,1,1,9.1,8.0,8.9,8.2,90.3
1256,A,1,0,7.8,8.7,4.2,5.8,60.8
1256,B,0,1,8.2,6.1,7.2,6.9,64.0
1256,C,0,0,6.2,6.0,8.6,7.1,46.5
1256,D,1,1,9.2,7.0,7.8,8.0,86.7
1257,A,1,0,7.6,8.7,6.8,5.9,65.0
1257,B,1,1,4.1,6.7,5.4,9.5,76.2
1257,C,1,0,6.3,8.1,7.2,4.0,59.3
1257,D,1,0,6.4,8.1,7.7,6.9,65.2
1258,A,1,0,7.9,7.8,5.6,6.2,62.5
1258,B,0,1,5.4,7.2,7.1,6.5,60.3
1258,C,1,0,6.0,6.5,5.9,5.5,56.5
1258,D,1,1,6.5,7.7,8.1,7.3,82.7
1259,A,1,1,5.8,9.5,5.1,8.4,81.3
1259,B,1,0,5.2,9.5,9.1,8.8,71.0
1259,C,1,0,7.9,7.9,6.3,6.2,63.8
1259,D,0,1,6.3,7.4,8.5,8.1,67.2
1260,A,0,1,7.2,9.4,5.3,6.7,64.3
1260,B,0,1,6.3,6.7,8.1,8.0,65.2
1260,C,0,0,6.5,6.0,6.7,3.5,37.8
1260,D,1,1,9.4,5.7,8.3,6.1,82.5
1261,A,1,1,5.9,10,6.6,6.8,82.2
1261,B,1,0,7.4,6.8,4.8,7.0,60.0
1261,C,0,0,5.1,4.1,7.4,7.7,40.5
1261,D,1,1,9.4,8.5,6.8,5.5,83.7
1262,A,0,0,7.2,7.4,5.8,8.6,48.3
1262,B,0,0,8.6,6.8,6.5,8.7,51.0
1262,C,0,1,7.2,7.9,8.2,3.7,61.7
1262,D,1,1,8.4,7.6,8.8,9.3,90.2
1263,A,1,1,9.8,7.9,3.7,7.5,81.5
1263,B,1,0,6.0,8.7,6.8,7.1,64.3
1263,C,0,0,8.1,6.3,5.9,4.6,41.5
1263,D,1,1,7.3,7.9,8.1,7.5,84.7
1264,A,0,1,6.9,8.8,5.9,8.0,66.0
1264,B,1,1,8.2,8.8,7.6,6.5,85.2
1264,C,1,0,8.9,7.3,6.4,6.5,65.2
1264,D,1,1,9.8,10,10,6.8,94.3
1265,A,1,1,7.2,8.8,7.5,8.5,86.7
1265,B,1,1,7.4,9.0,7.2,6.8,84.0
1265,C,0,0,5.8,6.9,5.4,8.1,43.7
1265,D,0,0,7.2,7.2,9.0,6.3,49.5
1266,A,0,1,6.4,10,5.2,8.8,67.3
1266,B,0,1,8.1,7.1,7.4,6.6,65.3
1266,C,0,1,4.1,5.3,7.6,4.3,52.2
1266,D,1,1,7.6,8.1,8.6,9.4,89.5
1267,A,0,0,10,9.0,7.0,5.7,52.8
1267,B,1,1,6.6,7.6,7.6,6.5,80.5
1267,C,0,0,3.7,6.5,7.8,6.5,40.8
1267,D,1,1,5.9,7.9,9.5,8.8,86.8
1268,A,1,0,6.9,8.5,5.4,8.6,65.7
1268,B,1,1,7.2,8.3,5.1,6.9,79.2
1268,C,1,1,6.0,4.8,4.1,4.3,65.3
1268,D,1,1,8.2,9.2,9.6,6.1,88.5
1269,A,1,1,5.6,6.8,6.3,7.4,76.8
1269,B,1,1,6.9,6.5,7.0,7.4,79.7
1269,C,0,0,4.1,5.0,8.3,5.1,37.5
1269,D,1,0,8.1,9.3,7.8,9.5,74.5
1270,A,1,1,7.5,6.6,6.4,9.2,82.8
1270,B,0,0,8.6,8.9,6.1,8.8,54.0
1270,C,1,1,4.8,6.6,6.9,6.7,75.0
1270,D,1,1,6.1,7.5,10,7.3,84.8
1271,A,1,0,7.2,7.0,6.1,8.0,63.8
1271,B,0,0,6.5,6.8,7.8,7.3,47.3
1271,C,1,1,2.6,5.1,8.1,5.7,69.2
1271,D,0,1,8.0,9.2,9.9,7.6,74.5
1272,A,0,1,6.2,8.3,5.3,8.5,63.8
1272,B,1,0,6.2,6.8,4.7,6.3,56.7
1272,C,1,0,4.2,6.2,8.0,5.1,55.8
1272,D,1,1,8.5,6.4,5.7,8.2,81.3
1273,A,1,0,8.3,10,8.0,8.5,74.7
1273,B,1,1,6.1,6.7,6.8,6.5,76.8
1273,C,0,1,4.9,5.1,9.8,7.6,62.3
1273,D,1,1,8.5,7.8,10,8.5,91.3
1274,A,1,0,3.9,8.5,5.6,6.7,57.8
1274,B,1,0,7.6,8.2,5.5,7.6,64.8
1274,C,0,0,7.0,5.7,6.0,7.5,43.7
1274,D,1,1,7.8,7.0,7.6,8.2,84.3
1275,A,0,0,8.0,10,7.9,5.8,52.8
1275,B,1,1,9.4,9.2,5.0,6.8,84.0
1275,C,0,0,7.0,6.1,7.5,4.8,42.3
1275,D,0,1,8.4,5.9,10,7.6,69.8
1276,A,0,0,7.2,7.5,2.7,8.0,42.3
1276,B,1,0,8.7,7.4,7.1,8.1,68.8
1276,C,1,1,4.9,5.4,7.5,7.0,74.7
1276,D,1,0,8.5,8.7,9.6,8.6,75.7
1277,A,1,1,6.7,8.7,7.3,10,87.8
1277,B,1,0,6.5,8.5,5.8,6.9,62.8
1277,C,0,0,4.4,6.0,5.5,5.2,35.2
1277,D,1,1,7.1,9.4,9.0,7.1,87.7
1278,A,1,1,7.4,6.2,8.6,9.1,85.5
1278,B,0,0,9.6,5.5,5.8,9.0,49.8
1278,C,0,1,8.2,8.1,9.4,4.9,67.7
1278,D,1,1,8.3,6.8,8.0,7.2,83.8
1279,A,1,1,8.7,7.6,4.3,8.1,81.2
1279,B,1,1,4.8,8.3,6.3,7.3,77.8
1279,C,0,0,6.7,7.4,6.7,5.9,44.5
1279,D,1,0,7.7,7.6,7.2,8.3,68.0
1280,A,1,0,5.9,6.7,6.9,7.0,60.8
1280,B,1,0,8.8,6.8,6.5,7.2,65.5
1280,C,1,1,6.8,7.1,7.9,6.3,80.2
1280,D,0,1,9.7,8.4,8.3,8.7,75.2
1281,A,0,1,6.1,8.9,7.1,6.8,64.8
1281,B,1,1,5.9,6.6,5.6,4.6,71.2
1281,C,1,0,6.7,7.3,7.6,4.6,60.3
1281,D,1,0,8.4,7.7,8.5,7.5,70.2
1282,A,1,0,9.8,7.6,3.3,6.9,62.7
1282,B,1,0,8.0,7.7,8.6,5.8,66.8
1282,C,1,1,6.0,9.6,7.1,7.7,84.0
1282,D,1,1,6.2,7.4,8.8,8.1,84.2
1283,A,0,0,6.8,6.9,5.9,8.8,47.3
1283,B,0,0,7.3,10,7.2,7.1,52.7
1283,C,1,0,7.1,4.8,7.6,4.4,56.5
1283,D,1,1,8.5,6.7,6.4,7.0,81.0
1284,A,1,0,7.9,9.3,5.3,9.2,69.5
1284,B,1,0,7.6,6.1,7.0,4.5,58.7
1284,C,0,1,6.2,6.0,9.4,7.0,64.3
1284,D,1,0,7.0,8.9,8.5,8.5,71.5
1285,A,0,0,6.2,5.9,5.7,7.9,42.8
1285,B,0,1,5.6,7.3,8.3,6.2,62.3
1285,C,1,1,8.4,8.2,7.2,6.2,83.3
1285,D,1,1,9.0,7.7,8.4,7.5,87.7
1286,A,0,1,6.2,7.6,7.1,9.5,67.3
1286,B,1,0,9.0,6.3,8.1,7.0,67.3
1286,C,0,1,7.2,4.6,7.2,7.4,60.7
1286,D,0,0,7.7,9.0,10,5.8,54.2
1287,A,1,1,7.5,10,5.7,9.4,87.7
1287,B,1,0,5.3,6.3,6.0,7.4,58.3
1287,C,1,1,7.5,6.1,6.8,4.3,74.5
1287,D,1,0,9.3,7.3,6.2,5.5,63.8
1288,A,1,1,8.1,8.2,6.3,8.3,84.8
1288,B,1,1,5.8,7.2,7.2,5.5,76.2
1288,C,0,1,7.7,5.9,5.9,4.0,55.8
1288,D,0,1,6.4,7.3,9.2,7.2,66.8
1289,A,0,1,8.1,8.0,5.7,5.0,61.3
1289,B,0,0,7.8,8.1,3.0,7.4,43.8
1289,C,1,0,4.7,5.7,6.4,4.5,52.2
1289,D,1,0,8.1,8.6,7.2,6.8,67.8
1290,A,1,0,7.8,8.5,3.6,8.4,63.8
1290,B,0,1,5.5,7.7,4.6,8.4,60.3
1290,C,1,1,6.0,4.9,9.2,4.8,74.8
1290,D,1,1,6.7,7.9,10,5.5,83.5
1291,A,0,1,6.5,7.9,6.4,6.7,62.5
1291,B,1,0,8.9,7.9,10,5.4,70.3
1291,C,1,1,5.1,6.2,8.5,5.0,74.7
1291,D,0,1,8.5,8.9,10,8.8,77.0
1292,A,0,1,6.7,7.0,4.9,6.9,59.2
1292,B,1,0,9.7,6.6,6.9,7.7,68.2
1292,C,0,0,6.7,5.4,8.0,5.2,42.2
1292,D,1,1,8.7,7.9,6.0,7.5,83.5
1293,A,1,0,4.9,7.3,6.4,8.6,62.0
1293,B,1,0,6.6,7.8,8.9,7.8,68.5
1293,C,1,1,7.8,6.6,7.8,5.7,79.8
1293,D,1,1,7.0,10,9.3,4.0,83.8
1294,A,1,1,6.5,9.0,4.3,5.7,75.8
1294,B,0,1,7.1,9.8,8.7,8.9,74.2
1294,C,1,1,5.7,4.5,9.0,6.5,76.2
1294,D,1,0,8.2,6.7,8.6,6.8,67.2
1295,A,1,1,7.2,8.4,5.4,8.2,82.0
1295,B,0,1,8.7,7.4,8.5,6.2,68.0
1295,C,1,0,5.4,7.3,7.8,6.8,62.2
1295,D,1,1,7.1,5.5,8.2,8.4,82.0
1296,A,1,0,9.8,9.1,5.4,6.9,68.7
1296,B,0,0,8.0,7.8,7.0,8.7,52.5
1296,C,1,1,7.3,5.9,3.4,7.0,72.7
1296,D,1,1,8.5,7.8,8.3,5.0,82.7
1297,A,1,1,6.2,9.6,5.2,7.6,81.0
1297,B,1,0,5.7,8.1,6.0,8.5,63.8
1297,C,1,0,7.8,10,9.1,6.9,73.0
1297,D,1,0,9.7,8.6,9.4,7.4,75.2
1298,A,1,0,9.6,6.5,5.4,8.5,66.7
1298,B,1,1,7.4,6.0,6.5,4.2,73.5
1298,C,1,0,6.6,5.8,9.0,4.8,60.3
1298,D,1,1,7.5,6.1,9.2,8.1,84.8
1299,A,1,1,7.0,8.3,5.5,6.4,78.7
1299,B,1,1,6.1,9.4,8.3,6.3,83.5
1299,C,1,1,4.9,5.8,8.9,4.3,73.2
1299,D,1,1,6.6,8.2,9.8,9.0,89.3
1300,A,0,0,7.0,7.6,5.9,8.7,48.7
1300,B,1,1,6.6,9.7,4.4,8.2,81.5
1300,C,0,0,4.2,7.6,6.9,7.1,43.0
1300,D,1,1,8.8,5.0,7.4,8.1,82.2
1301,A,1,1,7.8,7.3,4.6,8.4,80.2
1301,B,1,1,7.1,4.8,7.4,7.2,77.5
1301,C,1,0,5.4,5.6,6.0,4.8,53.0
1301,D,1,1,8.0,6.2,9.2,8.4,86.3
1302,A,0,0,8.9,6.2,6.8,7.9,49.7
1302,B,1,1,7.0,8.5,6.3,7.4,82.0
1302,C,1,1,6.7,5.7,7.9,6.2,77.5
1302,D,0,1,10,8.8,9.5,6.1,74.0
1303,A,1,0,9.3,7.6,6.0,6.4,65.5
1303,B,1,1,7.7,7.8,6.2,4.9,77.7
1303,C,0,0,7.7,2.7,7.0,5.5,38.2
1303,D,1,0,8.2,7.2,7.7,9.8,71.5
1304,A,1,0,6.2,8.3,6.9,6.9,63.8
1304,B,1,0,4.7,8.6,6.6,6.4,60.5
1304,C,0,0,5.9,6.8,8.5,6.5,46.2
1304,D,1,1,7.8,8.7,9.9,7.1,89.2
1305,A,0,0,8.6,8.5,6.0,5.9,48.3
1305,B,1,0,7.6,8.4,6.9,6.9,66.3
1305,C,0,0,8.1,6.0,8.0,6.9,48.3
1305,D,1,1,7.5,8.1,8.2,9.4,88.7
1306,A,1,1,6.6,9.1,5.5,8.0,82.0
1306,B,1,0,6.9,9.7,9.9,6.7,72.0
1306,C,0,0,4.3,6.0,6.8,4.9,36.7
1306,D,1,1,7.7,7.7,6.2,7.7,82.2
1307,A,1,0,6.8,6.2,5.2,8.0,60.3
1307,B,1,0,7.0,7.6,6.8,6.2,62.7
1307,C,1,1,7.5,7.2,7.2,4.9,78.0
1307,D,1,1,7.0,8.0,7.9,7.0,83.2
1308,A,1,0,7.6,9.4,6.6,8.8,70.7
1308,B,1,1,10.0,7.1,9.2,8.0,90.5
1308,C,1,1,6.9,5.3,6.4,6.0,74.3
1308,D,1,0,8.8,7.5,8.4,9.9,74.3
1309,A,1,0,10,8.1,7.9,7.5,72.5
1309,B,1,1,5.6,7.5,7.5,6.5,78.5
1309,C,0,1,4.7,6.0,6.4,5.5,54.3
1309,D,1,0,8.6,7.3,10,7.4,72.2
1310,A,1,0,6.9,7.2,5.0,7.0,60.2
1310,B,0,1,6.7,8.3,9.2,9.4,72.7
1310,C,1,1,7.3,5.4,3.5,5.0,68.7
1310,D,1,0,8.5,8.3,9.1,6.3,70.3
1311,A,1,1,4.6,9.2,5.5,10,82.2
1311,B,1,0,9.2,6.4,8.0,6.2,66.3
1311,C,0,0,5.9,6.9,7.1,5.7,42.7
1311,D,1,0,9.5,8.5,8.9,6.7,72.7
1312,A,0,0,5.4,8.6,6.3,7.3,46.0
1312,B,0,1,7.6,6.5,5.6,7.0,61.2
1312,C,1,0,7.7,5.6,7.9,5.2,60.7
1312,D,0,1,7.0,7.5,4.4,4.8,56.2
1313,A,1,1,5.9,10,7.5,7.9,85.5
1313,B,1,0,8.0,7.4,5.6,5.7,61.2
1313,C,0,1,6.1,7.2,6.0,6.4,59.5
1313,D,0,0,7.9,6.4,7.3,6.6,47.0
1314,A,1,0,6.8,9.3,6.1,6.2,64.0
1314,B,1,1,6.4,8.3,8.0,7.2,83.2
1314,C,1,0,7.3,7.5,7.7,4.1,61.0
1314,D,1,0,5.8,9.6,8.1,5.5,65.0
1315,A,0,1,5.0,8.6,8.0,7.6,65.3
1315,B,1,1,9.4,8.3,8.1,7.9,89.5
1315,C,1,0,7.7,7.6,8.6,4.9,64.7
1315,D,1,0,9.0,9.0,7.7,7.5,72.0
1316,A,1,1,6.0,6.6,4.5,6.0,71.8
1316,B,1,0,6.9,6.3,7.0,6.5,61.2
1316,C,0,0,5.7,5.7,8.6,6.6,44.3
1316,D,1,1,9.1,6.0,9.1,8.0,87.0
1317,A,1,0,7.8,9.2,5.0,10,70.0
1317,B,1,1,5.3,8.0,5.7,6.3,75.5
1317,C,0,1,6.6,7.7,8.4,6.5,65.3
1317,D,1,1,7.2,9.3,8.4,6.6,85.8
1318,A,0,1,6.6,7.1,5.8,6.9,60.7
1318,B,1,1,10,6.9,8.8,5.7,85.7
1318,C,1,1,6.5,5.9,6.6,5.8,74.7
1318,D,1,1,4.1,7.8,8.8,9.3,83.3
1319,A,1,1,7.7,6.4,6.1,5.7,76.5
1319,B,1,0,5.5,6.9,6.2,6.7,58.8
1319,C,1,1,8.7,7.1,7.1,7.3,83.7
1319,D,0,0,8.3,7.8,7.1,6.5,49.5
1320,A,0,1,7.5,7.2,6.0,7.5,63.7
1320,B,1,1,5.7,8.2,6.2,7.3,79.0
1320,C,0,0,6.6,7.6,9.0,6.9,50.2
1320,D,0,0,6.6,8.2,9.0,9.0,54.7
1321,A,0,1,5.6,8.4,6.7,9.0,66.2
1321,B,1,0,5.6,8.3,6.1,6.6,61.0
1321,C,1,0,5.9,8.2,7.0,7.6,64.5
1321,D,1,1,6.1,6.7,7.2,8.5,80.8
1322,A,0,0,8.2,7.9,4.5,5.9,44.2
1322,B,1,1,5.9,6.9,6.2,7.4,77.3
1322,C,1,0,4.0,6.1,9.5,8.0,62.7
1322,D,0,1,9.2,8.1,10,8.0,75.5
1323,A,0,0,8.6,9.2,5.6,7.9,52.2
1323,B,1,1,8.1,8.8,7.1,7.8,86.3
1323,C,1,0,5.6,5.9,6.8,5.7,56.7
1323,D,1,1,8.2,7.5,7.9,7.3,84.8
1324,A,0,1,7.1,10,6.1,10,72.0
1324,B,1,1,8.1,7.8,6.0,4.0,76.5
1324,C,1,1,5.2,7.5,8.0,6.7,79.0
1324,D,1,0,6.8,8.0,8.9,8.1,69.7
1325,A,1,0,7.0,9.7,5.4,7.0,65.2
1325,B,1,0,9.2,9.8,6.1,7.4,70.8
1325,C,0,0,7.5,5.9,6.1,5.9,42.3
1325,D,1,0,7.1,8.2,8.6,7.5,69.0
1326,A,1,1,9.4,9.6,6.0,7.5,87.5
1326,B,1,1,6.9,5.6,9.1,6.3,79.8
1326,C,0,1,6.1,7.6,7.8,4.0,59.2
1326,D,1,1,9.9,6.9,8.4,7.6,88.0
1327,A,0,0,8.3,6.4,3.6,6.8,41.8
1327,B,0,1,6.7,7.8,6.3,9.3,66.8
1327,C,0,1,5.6,9.5,7.0,5.1,62.0
1327,D,1,1,7.4,7.7,8.8,8.1,86.7
1328,A,1,0,6.6,6.6,6.4,8.9,64.2
1328,B,1,1,8.7,7.2,7.4,8.0,85.5
1328,C,0,1,6.2,5.9,6.8,5.0,56.5
1328,D,1,0,8.5,6.6,9.8,5.7,67.7
1329,A,1,1,7.4,9.3,5.8,8.7,85.3
1329,B,1,0,5.2,6.0,6.6,8.3,60.2
1329,C,1,1,7.2,8.6,5.2,8.8,83.0
1329,D,0,1,7.7,7.3,8.1,5.5,64.3
1330,A,1,1,8.9,8.4,3.2,7.6,80.2
1330,B,1,0,4.9,9.3,6.7,7.8,64.5
1330,C,1,0,6.7,5.7,7.1,6.1,59.3
1330,D,1,0,6.9,9.1,9.9,9.7,76.0
1331,A,1,0,5.1,7.4,5.7,8.0,60.3
1331,B,0,0,5.7,7.3,8.3,8.9,50.3
1331,C,0,0,5.3,6.0,3.8,5.3,34.0
1331,D,1,1,5.1,8.1,7.8,8.0,81.7
1332,A,1,0,6.6,7.6,7.4,8.1,66.2
1332,B,1,1,6.0,8.4,7.1,5.4,78.2
1332,C,0,0,5.7,7.2,7.1,5.0,41.7
1332,D,1,1,8.2,8.4,7.9,8.9,89.0
1333,A,1,1,9.1,7.7,5.1,9.6,85.8
1333,B,1,1,7.3,8.5,6.8,8.1,84.5
1333,C,0,0,5.4,7.1,5.7,6.0,40.3
1333,D,1,1,7.8,10,8.4,7.0,88.7
1334,A,1,0,7.1,6.8,2.6,5.7,53.7
1334,B,1,0,9.7,9.5,4.9,9.3,72.3
1334,C,1,1,6.5,6.9,6.9,7.5,79.7
1334,D,0,1,6.3,7.2,9.7,9.6,71.3
1335,A,1,0,7.7,6.9,5.7,7.4,62.8
1335,B,1,0,7.4,6.3,6.0,7.6,62.2
1335,C,1,0,5.4,7.7,6.3,4.2,56.0
1335,D,1,1,8.7,6.7,10,7.3,87.8
1336,A,1,1,8.3,8.9,6.3,6.7,83.7
1336,B,0,1,7.4,9.2,8.8,6.7,70.2
1336,C,1,1,5.5,5.3,8.3,5.1,73.7
1336,D,1,0,7.9,7.2,8.0,6.4,65.8
1337,A,1,1,6.1,9.3,4.9,5.2,75.8
1337,B,0,0,7.7,8.6,7.3,9.0,54.3
1337,C,1,1,6.3,7.3,6.8,4.8,75.3
1337,D,1,0,8.6,8.0,9.2,8.9,74.5
1338,A,1,0,6.8,10,6.4,5.8,65.0
1338,B,0,1,9.3,8.0,7.6,8.4,72.2
1338,C,1,0,6.0,6.4,5.6,7.7,59.5
1338,D,0,1,9.1,8.3,7.0,8.1,70.8
1339,A,1,0,7.3,9.8,5.3,9.8,70.3
1339,B,1,1,5.9,5.7,7.1,7.2,76.5
1339,C,1,1,5.5,5.9,7.6,5.2,73.7
1339,D,1,1,10,8.1,6.7,7.7,87.5
1340,A,1,0,7.2,9.5,6.0,9.0,69.5
1340,B,1,0,5.5,9.3,6.8,6.6,63.7
1340,C,0,0,7.9,5.4,7.1,6.1,44.2
1340,D,1,1,7.5,7.9,9.6,6.4,85.7
1341,A,1,1,5.9,8.5,4.8,6.4,76.0
1341,B,1,0,7.0,7.9,6.0,8.0,64.8
1341,C,1,0,4.5,6.5,8.0,5.1,56.8
1341,D,1,0,6.3,8.3,9.1,9.7,72.3
1342,A,1,0,7.7,8.4,1,7.6,57.8
1342,B,1,0,6.2,8.6,6.9,6.8,64.2
1342,C,0,1,6.9,6.3,7.5,7.0,62.8
1342,D,1,1,7.3,9.2,9.4,9.5,92.3
1343,A,0,0,5.5,9.4,6.9,6.5,47.2
1343,B,1,0,7.0,7.6,6.2,6.4,62.0
1343,C,1,1,7.8,9.7,8.1,4.5,83.5
1343,D,1,0,6.9,7.1,8.8,4.0,61.3
1344,A,0,0,9.1,6.8,6.5,7.5,49.8
1344,B,1,1,7.6,8.0,7.2,8.3,85.2
1344,C,1,1,6.3,4.2,4.3,6.0,68.0
1344,D,0,0,7.4,7.2,9.5,7.6,52.8
1345,A,1,0,6.8,5.3,6.5,9.5,63.5
1345,B,1,0,5.3,9.3,8.4,7.1,66.8
1345,C,1,0,5.7,6.0,6.3,5.6,56.0
1345,D,1,0,9.0,7.1,9.2,7.1,70.7
1346,A,1,0,6.7,8.0,5.0,5.4,58.5
1346,B,1,0,6.7,8.3,7.8,5.8,64.3
1346,C,0,0,7.8,8.4,7.7,5.1,48.3
1346,D,1,1,9.2,8.1,9.2,6.6,88.5
1347,A,1,0,7.9,5.5,7.1,7.0,62.5
1347,B,1,1,6.8,7.0,6.7,6.6,78.5
1347,C,0,1,4.8,6.3,6.4,6.8,57.2
1347,D,1,1,7.0,9.0,7.3,8.3,86.0
1348,A,1,0,9.8,10,3.4,9.4,71.0
1348,B,1,1,7.8,4.7,7.2,6.2,76.5
1348,C,0,0,4.1,8.0,6.6,5.3,40.0
1348,D,0,1,7.4,5.9,10,6.2,65.8
1349,A,0,1,8.4,9.9,6.2,7.7,70.3
1349,B,1,1,6.8,4.7,8.0,3.9,72.3
1349,C,1,0,5.8,5.3,4.8,4.6,50.8
1349,D,1,1,8.7,8.8,8.9,9.0,92.3
1350,A,1,0,6.8,8.5,4.0,6.9,60.3
1350,B,1,0,8.8,8.9,10,7.8,75.8
1350,C,1,0,5.8,8.3,7.9,4.3,60.5
1350,D,1,1,7.8,5.7,7.0,7.1,79.3
1351,A,1,1,9.5,8.3,7.0,6.8,86.0
1351,B,1,0,8.2,6.4,8.2,6.9,66.2
1351,C,1,0,6.7,4.5,8.9,5.6,59.5
1351,D,0,1,7.3,5.3,10,8.1,67.8
1352,A,1,0,7.0,8.5,5.7,7.4,64.3
1352,B,1,0,5.3,6.7,8.8,10,68.0
1352,C,0,0,8.0,5.2,6.6,6.2,43.3
1352,D,1,1,8.6,6.9,10,8.5,90.0
1353,A,0,1,8.8,9.0,4.3,7.0,65.2
1353,B,1,0,7.4,8.2,8.3,7.5,69.0
1353,C,1,0,6.0,4.6,7.1,5.5,55.3
1353,D,1,1,9.4,8.9,8.1,8.7,91.8
1354,A,1,0,7.6,8.3,4.6,4.2,57.8
1354,B,1,0,5.2,9.0,8.1,7.3,66.0
1354,C,0,1,5.8,8.7,7.5,4.8,61.3
1354,D,1,1,6.8,8.2,8.9,8.6,87.5
1355,A,1,0,6.3,7.0,4.6,7.8,59.5
1355,B,1,1,4.0,10,6.4,6.6,78.3
1355,C,1,1,6.1,5.0,5.7,5.8,71.0
1355,D,1,1,7.9,7.3,7.1,6.6,81.5
1356,A,0,0,6.9,7.4,3.2,7.2,41.2
1356,B,1,0,6.9,7.5,8.6,6.6,66.0
1356,C,1,1,5.9,8.6,6.7,6.4,79.3
1356,D,1,1,9.2,6.9,6.5,9.2,86.3
1357,A,0,0,8.7,9.2,2.8,8.6,48.8
1357,B,0,1,5.3,9.8,5.2,8.2,64.2
1357,C,0,0,4.6,5.6,7.6,6.5,40.5
1357,D,1,0,7.2,7.1,7.6,7.8,66.2
1358,A,1,0,6.8,9.4,6.3,7.2,66.2
1358,B,1,0,7.1,9.8,6.9,9.3,71.8
1358,C,1,1,7.8,5.5,8.1,4.1,75.8
1358,D,1,0,6.3,8.9,9.9,6.8,69.8
1359,A,1,0,8.1,8.2,7.1,8.1,69.2
1359,B,1,1,7.5,8.4,5.8,7.0,81.2
1359,C,1,0,6.3,7.6,5.1,7.4,60.7
1359,D,1,1,5.9,9.2,10.0,8.5,89.3
1360,A,1,0,6.8,7.2,6.4,7.2,62.7
1360,B,1,1,7.0,6.6,4.1,8.4,76.8
1360,C,1,1,5.8,8.2,10,5.8,83.0
1360,D,0,0,7.2,6.9,6.2,7.4,46.2
1361,A,1,0,8.8,7.6,4.4,7.6,64.0
1361,B,0,1,7.1,8.2,7.2,6.7,65.3
1361,C,1,0,7.8,5.7,8.9,4.7,61.8
1361,D,1,1,9.1,8.1,9.3,10,94.2
1362,A,0,1,5.4,6.5,3.8,6.5,53.7
1362,B,1,1,7.5,8.7,8.2,7.2,86.0
1362,C,1,0,7.1,5.6,5.7,4.5,54.8
1362,D,1,1,8.2,9.2,9.9,8.4,92.8
1363,A,0,0,7.8,6.1,5.4,9.5,48.0
1363,B,1,1,6.9,6.6,6.5,8.8,81.3
1363,C,1,0,6.5,5.2,7.3,6.4,59.0
1363,D,1,1,7.2,5.8,6.4,7.0,77.3
1364,A,1,1,6.6,6.1,6.4,8.0,78.5
1364,B,1,1,7.9,8.6,5.9,7.7,83.5
1364,C,0,0,6.3,6.7,7.9,6.3,45.3
1364,D,1,0,9.0,9.8,9.3,7.2,75.5
1365,A,1,0,10,9.1,7.3,6.0,70.7
1365,B,0,1,5.9,8.8,9.2,6.7,67.7
1365,C,1,0,8.1,6.8,7.5,5.2,62.7
1365,D,0,0,5.5,9.4,9.6,7.6,53.5
1366,A,0,0,4.4,7.4,5.8,9.2,44.7
1366,B,1,1,7.3,6.7,7.3,6.1,79.0
1366,C,0,1,6.1,6.0,6.3,6.8,58.7
1366,D,1,1,9.0,7.8,7.8,8.1,87.8
1367,A,1,0,8.3,9.8,7.0,7.9,71.7
1367,B,1,0,5.5,9.2,7.7,6.1,64.2
1367,C,1,0,10,6.3,7.1,6.4,66.3
1367,D,1,1,8.3,7.0,7.1,9.6,86.7
1368,A,1,0,7.5,9.2,5.6,7.7,66.7
1368,B,1,1,7.3,6.9,7.2,7.5,81.5
1368,C,1,1,5.6,8.3,5.3,5.9,75.2
1368,D,1,1,7.2,6.5,10,6.7,84.0
1369,A,0,0,7.3,9.0,5.4,6.6,47.2
1369,B,1,1,4.7,8.0,9.4,7.2,82.2
1369,C,0,0,6.6,5.4,7.6,7.6,45.3
1369,D,1,0,8.3,8.4,8.1,6.4,68.7
1370,A,1,1,6.6,9.0,6.4,6.9,81.5
1370,B,1,1,7.9,9.3,7.7,8.0,88.2
1370,C,1,0,6.3,7.2,7.0,6.0,60.8
1370,D,1,1,9.1,7.7,9.0,7.3,88.5
1371,A,1,0,7.5,7.6,6.9,8.2,67.0
1371,B,0,0,4.5,7.8,7.1,5.7,41.8
1371,C,1,0,6.9,6.8,8.0,4.1,59.7
1371,D,0,0,7.7,7.5,7.7,5.3,47.0
1372,A,0,0,8.4,8.5,5.7,7.5,50.2
1372,B,1,1,6.7,7.6,8.3,9.2,86.3
1372,C,1,1,5.8,5.8,4.1,5.8,69.2
1372,D,1,1,5.7,9.5,8.4,10,89.3
1373,A,0,0,8.9,8.0,3.6,8.2,47.8
1373,B,1,0,4.7,6.1,8.8,8.5,63.5
1373,C,1,1,6.4,4.7,8.5,4.6,73.7
1373,D,1,1,7.7,8.1,9.1,6.0,84.8
1374,A,0,1,6.4,10,4.8,3.8,58.3
1374,B,1,0,6.8,9.5,5.1,8.2,66.0
1374,C,1,1,8.7,5.6,6.4,6.4,78.5
1374,D,1,0,10,7.9,8.2,7.9,73.3
1375,A,1,0,10,6.9,6.2,7.6,67.8
1375,B,1,1,6.9,7.8,8.7,6.2,82.7
1375,C,1,0,4.8,4.4,6.1,6.0,52.2
1375,D,1,1,10,8.4,8.3,7.6,90.5
1376,A,1,1,5.7,10,6.7,8.1,84.2
1376,B,1,1,8.4,7.8,6.5,8.2,84.8
1376,C,0,0,5.9,5.7,5.7,7.7,41.7
1376,D,0,0,8.6,9.6,8.1,10,60.5
1377,A,0,0,6.2,9.3,4.7,7.2,45.7
1377,B,0,0,7.0,8.9,6.1,6.2,47.0
1377,C,1,1,8.3,5.7,5.1,5.7,74.7
1377,D,0,1,8.1,8.8,8.5,6.3,69.5
1378,A,1,1,8.2,6.5,4.6,7.8,78.5
1378,B,1,1,7.4,8.8,6.5,7.2,83.2
1378,C,0,0,7.4,6.8,6.9,4.9,43.3
1378,D,1,1,8.4,7.4,10,7.3,88.5
1379,A,1,0,6.4,7.4,5.5,5.4,57.8
1379,B,1,1,6.7,6.9,5.2,7.4,77.0
1379,C,0,0,7.6,5.6,6.8,5.1,41.8
1379,D,1,1,8.0,8.8,8.2,9.1,90.2
1380,A,1,1,6.1,8.0,4.9,10,81.7
1380,B,1,1,6.7,5.8,5.8,5.5,73.0
1380,C,0,0,5.7,5.1,8.1,3.8,37.8
1380,D,1,1,7.6,9.6,9.6,9.8,94.3
1381,A,0,0,6.9,7.2,5.6,7.2,44.8
1381,B,1,1,5.0,7.4,5.7,5.9,73.3
1381,C,1,0,6.2,6.9,6.5,6.0,59.3
1381,D,1,1,8.5,7.3,8.9,6.2,84.8
1382,A,0,0,6.0,9.0,6.7,6.9,47.7
1382,B,1,0,7.9,9.0,7.8,5.6,67.2
1382,C,1,1,7.4,7.3,7.2,8.6,84.2
1382,D,1,1,9.5,8.0,8.0,6.4,86.5
1383,A,1,0,6.4,7.7,6.8,8.0,64.8
1383,B,1,1,8.2,7.8,8.2,5.3,82.5
1383,C,0,0,7.9,8.1,7.6,6.0,49.3
1383,D,0,1,7.2,9.8,8.0,8.2,72.0
1384,A,1,1,5.7,9.7,5.1,9.6,83.5
1384,B,1,1,7.6,8.4,6.6,8.0,84.3
1384,C,1,1,4.5,4.5,5.7,6.7,69.0
1384,D,0,0,8.7,9.4,9.7,7.7,59.2
1385,A,1,0,8.7,6.8,4.0,6.0,59.2
1385,B,1,1,6.4,8.1,6.1,5.1,76.2
1385,C,1,1,5.4,6.8,9.3,4.4,76.5
1385,D,1,1,7.0,6.3,8.1,6.4,79.7
1386,A,1,1,9.6,7.1,6.3,7.9,84.8
1386,B,1,0,6.7,7.0,6.8,5.6,60.2
1386,C,0,0,6.5,5.8,6.4,6.3,41.7
1386,D,1,0,8.8,8.9,7.5,6.0,68.7
1387,A,0,0,6.8,7.1,6.9,7.3,46.8
1387,B,1,1,9.8,7.5,8.0,7.3,87.7
1387,C,1,1,4.9,3.8,6.7,4.3,66.2
1387,D,0,1,10.0,7.1,8.0,7.6,71.2
1388,A,1,0,8.3,6.6,5.6,6.8,62.2
1388,B,1,0,6.4,8.7,8.4,7.7,68.7
1388,C,1,0,5.5,8.0,6.3,6.8,61.0
1388,D,1,1,8.7,8.2,8.1,7.2,87.0
1389,A,0,0,7.9,7.9,7.2,8.3,52.2
1389,B,1,0,6.7,8.0,6.6,7.7,65.0
1389,C,0,0,6.3,5.3,5.5,6.7,39.7
1389,D,1,1,8.4,9.0,9.9,7.3,91.0
1390,A,1,1,7.5,8.9,5.9,6.9,82.0
1390,B,0,1,6.8,8.4,5.2,6.4,61.3
1390,C,0,0,5.7,8.1,6.4,6.0,43.7
1390,D,1,0,8.4,9.1,8.0,7.0,70.8
1391,A,1,1,7.7,7.4,7.2,6.7,81.7
1391,B,0,0,4.9,7.6,7.3,7.4,45.3
1391,C,1,1,6.2,5.1,5.9,6.0,72.0
1391,D,1,1,7.1,8.3,7.8,5.5,81.2
1392,A,1,1,7.4,7.1,4.7,6.3,75.8
1392,B,1,1,6.8,6.5,4.9,6.4,74.3
1392,C,0,0,5.8,6.5,5.7,5.3,38.8
1392,D,1,1,7.7,9.4,7.2,8.8,88.5
1393,A,0,0,8.0,10,5.0,6.7,49.5
1393,B,1,0,7.7,7.7,5.7,9.7,68.0
1393,C,0,0,6.3,4.6,7.2,5.5,39.3
1393,D,1,0,6.9,7.1,7.8,7.4,65.3
1394,A,1,0,10,8.2,3.2,7.6,65.0
1394,B,1,0,8.8,9.0,5.3,7.0,66.8
1394,C,0,0,6.0,6.0,5.6,6.7,40.5
1394,D,1,0,6.1,8.3,8.4,7.2,66.7
1395,A,0,1,6.7,9.0,5.7,8.3,66.2
1395,B,1,0,6.9,7.2,8.1,6.4,64.3
1395,C,0,1,6.6,7.6,6.6,5.8,61.0
1395,D,1,1,10,6.7,8.6,8.0,88.8
1396,A,0,0,9.0,8.6,6.1,8.1,53.0
1396,B,1,1,6.1,6.2,6.3,8.0,77.7
1396,C,1,0,8.9,5.6,4.5,5.3,57.2
1396,D,1,1,9.5,7.8,7.5,8.0,88.0
1397,A,1,1,7.5,9.2,4.9,7.0,81.0
1397,B,1,0,7.4,6.9,3.1,6.5,56.5
1397,C,0,0,8.3,6.2,10,5.6,50.2
1397,D,1,1,8.4,7.6,7.9,8.3,87.0
1398,A,1,0,9.7,9.3,6.3,7.0,70.5
1398,B,1,1,6.3,8.3,5.4,6.8,78.0
1398,C,1,1,4.3,4.3,6.6,3.9,65.2
1398,D,1,0,10,7.4,6.8,8.8,71.7
1399,A,1,1,7.1,7.7,6.7,7.6,81.8
1399,B,1,1,5.9,8.2,6.4,6.1,77.7
1399,C,1,1,3.9,6.3,8.5,6.1,74.7
1399,D,1,0,7.7,9.4,9.1,7.9,73.5
1400,A,1,1,8.7,10,7.8,6.8,88.8
1400,B,1,0,6.6,7.2,6.6,7.1,62.5
1400,C,1,1,6.9,5.8,7.2,4.4,73.8
1400,D,1,1,4.6,8.4,8.9,7.9,83.0
