respondent_id,variant_id,consideration_pct,preference_pct,trust,modernity,differentiation,migration_comfort,respondent_composite_0_100
1,A,1,0,9.2,5.3,4.9,9.2,64.3
1,B,1,0,6.7,8.7,7.9,4.5,63.0
1,C,1,1,7.2,8.6,8.6,7.1,85.8
1,D,1,0,7.4,7.7,5.2,9.8,66.8
2,A,0,1,5.9,5.2,4.3,5.3,51.2
2,B,0,0,8.1,9.4,8.5,7.3,55.5
2,C,0,1,5.1,5.0,8.1,8.5,61.2
2,D,1,1,6.3,6.7,4.9,8.0,76.5
3,A,1,1,7.2,6.5,5.6,8.9,80.3
3,B,0,0,5.8,8.7,6.8,5.1,44.0
3,C,1,0,6.8,9.2,7.0,5.5,64.2
3,D,1,0,5.8,7.3,6.5,7.6,62.0
4,A,1,0,6.7,5.0,2.8,7.1,52.7
4,B,0,0,5.4,10,8.3,5.0,47.8
4,C,0,0,9.7,7.8,5.4,7.0,49.8
4,D,1,1,8.2,10,5.5,4.8,80.8
5,A,0,1,9.7,5.8,5.9,6.9,63.8
5,B,0,1,4.0,8.5,8.3,4.1,58.2
5,C,1,1,6.1,6.1,6.6,7.1,76.5
5,D,1,1,8.1,8.0,5.9,5.0,78.3
6,A,1,0,5.6,3.9,6.8,10,60.5
6,B,0,0,4.9,7.7,7.2,5.3,41.8
6,C,1,1,7.4,5.9,8.1,10,85.7
6,D,0,0,6.3,7.3,5.3,6.7,42.7
7,A,1,0,8.1,4.8,5.7,8.2,61.3
7,B,0,1,7.9,9.0,5.5,6.2,64.3
7,C,1,0,8.3,8.5,6.5,9.4,71.2
7,D,1,0,6.6,6.3,6.0,5.0,56.5
8,A,0,1,5.4,6.1,4.0,6.3,53.0
8,B,0,1,5.7,7.1,6.7,5.9,59.0
8,C,1,0,7.1,9.3,7.9,8.2,70.8
8,D,1,0,7.9,7.5,3.1,5.7,57.0
9,A,1,0,5.9,7.0,2.0,9.8,57.8
9,B,1,0,4.8,7.3,6.4,5.9,57.3
9,C,1,1,5.5,10,8.6,7.8,86.5
9,D,0,0,5.4,8.3,5.2,8.2,45.2
10,A,1,1,6.1,6.2,3.4,8.3,73.3
10,B,1,1,5.3,6.5,8.7,4.7,75.3
10,C,1,1,4.0,7.8,8.1,7.5,79.0
10,D,0,1,8.3,6.7,6.7,7.6,65.5
11,A,1,0,6.4,7.7,7.4,8.1,66.0
11,B,0,1,4.0,5.3,5.9,5.9,51.8
11,C,1,0,6.5,8.2,5.4,6.4,60.8
11,D,1,0,7.4,8.3,7.7,7.1,67.5
12,A,1,0,4.5,4.7,2.0,7.7,48.2
12,B,0,0,4.8,10,9.2,5.4,49.0
12,C,0,1,6.9,7.2,4.8,7.8,61.2
12,D,0,0,7.2,7.3,6.9,6.0,45.7
13,A,0,0,9.9,4.0,3.8,7.7,42.3
13,B,0,0,4.3,8.5,6.4,4.6,39.7
13,C,0,1,5.5,7.4,4.6,6.2,56.2
13,D,1,0,5.2,7.3,5.5,8.8,61.3
14,A,1,0,7.0,6.0,5.0,7.6,59.3
14,B,1,1,4.8,8.0,5.3,6.4,74.2
14,C,0,1,6.5,7.8,7.7,6.4,64.0
14,D,1,1,5.9,8.3,7.7,7.5,82.3
15,A,1,0,7.6,5.4,5.3,6.7,58.3
15,B,0,0,6.0,9.8,5.6,5.5,44.8
15,C,1,0,7.2,9.2,6.8,7.2,67.3
15,D,1,0,10,7.6,7.9,7.4,71.5
16,A,0,1,6.6,4.2,4.7,6.3,53.0
16,B,1,0,6.3,9.4,7.2,4.1,61.7
16,C,1,0,9.2,6.9,10,8.0,73.5
16,D,1,1,5.7,9.7,6.3,6.9,81.0
17,A,0,1,6.4,6.2,3.1,8.9,57.7
17,B,1,1,5.2,9.2,6.3,7.4,80.2
17,C,1,0,7.0,7.3,9.6,6.0,66.5
17,D,1,1,6.5,9.1,6.6,5.5,79.5
18,A,0,0,6.1,7.3,3.5,6.4,38.8
18,B,1,0,6.7,8.6,6.5,7.6,65.7
18,C,0,0,5.8,6.6,6.8,6.8,43.3
18,D,1,0,6.6,7.9,5.6,5.3,59.0
19,A,0,0,6.0,3.9,2.3,7.8,33.3
19,B,0,0,4.9,8.2,6.9,3.4,39.0
19,C,1,0,7.0,8.1,8.9,7.2,68.7
19,D,1,0,5.5,10,4.4,6.6,60.8
20,A,1,0,6.8,4.2,2.9,7.1,51.7
20,B,1,1,8.6,7.2,10,7.7,89.2
20,C,1,0,7.6,7.8,4.5,7.9,63.0
20,D,1,1,7.2,6.9,4.7,6.1,74.8
21,A,1,1,8.6,6.5,5.9,7.7,81.2
21,B,1,0,5.8,7.3,7.8,4.0,58.2
21,C,0,0,6.0,6.4,5.8,6.5,41.2
21,D,0,1,7.7,5.4,7.4,6.7,62.0
22,A,0,0,8.5,6.4,4.4,7.8,45.2
22,B,1,0,3.1,10,7.2,6.7,61.7
22,C,0,0,6.6,9.0,8.5,9.4,55.8
22,D,1,0,6.4,9.0,8.1,5.5,65.0
23,A,1,1,6.7,6.2,5.0,7.7,76.0
23,B,1,1,5.5,8.1,6.9,6.4,78.2
23,C,1,1,7.5,7.6,7.8,8.4,85.5
23,D,1,0,7.1,9.2,6.4,6.9,66.0
24,A,1,0,5.4,4.4,3.7,6.9,50.7
24,B,0,0,5.4,4.8,6.3,5.7,37.0
24,C,1,1,6.1,8.7,7.6,5.9,80.5
24,D,1,0,7.1,8.4,9.5,8.5,72.5
25,A,1,1,8.3,6.5,5.7,5.6,76.8
25,B,1,1,6.8,8.7,8.0,6.4,83.2
25,C,0,0,6.3,5.1,5.2,6.4,38.3
25,D,1,0,7.1,6.2,6.2,6.1,59.3
26,A,1,0,7.0,4.0,2.3,8.4,52.8
26,B,1,1,4.7,9.4,10,4.9,81.7
26,C,1,0,7.8,7.0,6.4,8.6,66.3
26,D,1,1,5.1,8.2,6.4,6.4,76.8
27,A,0,1,8.0,5.4,5.8,6.6,59.7
27,B,1,1,7.2,7.1,6.9,5.3,77.5
27,C,0,1,7.6,7.4,5.0,8.7,64.5
27,D,1,1,6.3,8.1,9.1,7.5,85.0
28,A,0,0,7.0,6.8,2.6,9.9,43.8
28,B,1,1,7.8,9.0,7.7,4.4,81.5
28,C,1,0,7.5,7.7,7.4,6.7,65.5
28,D,0,1,8.2,9.9,6.0,7.8,69.8
29,A,0,0,7.3,4.5,5.9,7.4,41.8
29,B,0,0,5.4,7.2,5.5,4.2,37.2
29,C,0,0,7.0,7.7,7.7,6.5,48.2
29,D,1,0,7.7,6.9,5.8,6.3,61.2
30,A,0,0,7.1,6.0,6.4,8.7,47.0
30,B,1,0,4.7,9.8,8.6,4.4,62.5
30,C,1,0,4.7,7.9,5.2,10,63.0
30,D,0,0,5.7,8.4,6.5,7.3,46.5
31,A,0,0,7.6,5.0,4.2,8.7,42.5
31,B,0,0,6.2,8.3,8.2,5.8,47.5
31,C,1,0,8.6,9.5,6.7,10,74.7
31,D,1,0,8.8,9.3,7.2,8.2,72.5
32,A,1,0,8.2,4.7,4.1,5.5,54.2
32,B,1,1,6.0,6.6,6.2,5.9,74.5
32,C,1,1,8.0,8.0,7.9,6.5,84.0
32,D,0,1,7.8,10,6.5,5.2,65.8
33,A,1,0,8.4,6.0,3.8,8.9,61.8
33,B,1,0,5.9,8.1,7.6,6.2,63.0
33,C,1,1,9.6,7.3,8.0,7.3,87.0
33,D,1,1,6.5,5.7,6.6,5.2,73.3
34,A,1,0,6.8,6.1,4.2,8.2,58.8
34,B,1,1,3.8,9.0,10,5.2,80.0
34,C,1,1,5.9,6.6,7.6,5.5,76.0
34,D,1,0,7.6,9.7,7.8,6.2,68.8
35,A,0,0,8.3,4.4,7.3,8.9,48.2
35,B,1,0,4.6,9.1,6.9,5.4,60.0
35,C,1,1,6.2,8.0,8.0,7.7,83.2
35,D,0,0,8.5,7.0,6.6,5.6,46.2
36,A,0,0,5.8,4.6,5.2,5.9,35.8
36,B,0,1,7.3,8.4,4.8,5.7,60.3
36,C,1,1,4.6,6.4,6.2,6.6,73.0
36,D,0,0,7.9,7.1,5.1,5.5,42.7
37,A,1,0,3.8,8.1,5.7,7.2,58.0
37,B,1,0,7.6,10,9.5,4.5,69.3
37,C,1,0,5.8,6.9,8.0,7.1,63.0
37,D,1,0,4.9,7.2,6.9,7.6,61.0
38,A,1,0,7.0,5.5,5.9,6.5,58.2
38,B,0,0,5.7,8.6,10,4.0,47.2
38,C,1,1,7.5,7.6,6.4,7.1,81.0
38,D,1,0,5.5,7.2,8.0,5.6,60.5
39,A,1,0,8.6,2.8,3.6,10,58.3
39,B,0,0,6.6,6.1,5.5,7.8,43.3
39,C,1,1,8.9,9.1,6.7,7.6,87.2
39,D,0,0,5.4,7.0,5.9,8.6,44.8
40,A,0,0,6.2,6.1,5.0,8.2,42.5
40,B,1,1,6.9,6.8,5.2,5.7,74.3
40,C,0,1,8.1,6.2,6.7,6.0,61.7
40,D,0,0,3.0,10,5.3,7.6,43.2
41,A,0,0,7.3,5.7,6.5,5.9,42.3
41,B,0,0,6.0,7.9,7.5,3.4,41.3
41,C,1,1,7.1,6.3,6.3,9.3,81.7
41,D,0,0,7.5,8.0,5.9,6.8,47.0
42,A,1,0,6.0,6.3,4.7,8.0,58.3
42,B,0,0,5.4,8.2,7.0,4.1,41.2
42,C,0,0,6.2,7.6,6.6,8.7,48.5
42,D,0,1,7.5,8.8,5.8,6.8,64.8
43,A,1,0,7.1,6.2,3.6,6.0,54.8
43,B,0,1,7.1,5.7,5.7,4.5,55.0
43,C,1,0,8.7,7.4,9.1,5.9,68.5
43,D,1,1,6.0,5.2,5.5,7.2,73.2
44,A,1,0,8.0,4.2,4.7,6.0,54.8
44,B,1,1,4.3,6.8,6.7,6.2,73.3
44,C,1,1,8.6,7.9,7.0,8.4,86.5
44,D,0,1,8.0,8.6,8.1,7.9,71.0
45,A,0,1,5.7,4.9,2.9,7.2,51.2
45,B,0,0,6.7,9.5,7.9,3.9,46.7
45,C,1,0,5.9,6.9,9.8,6.7,65.5
45,D,1,1,7.3,7.8,4.5,5.1,74.5
46,A,1,0,3.2,5.5,4.2,7.3,50.3
46,B,0,1,6.1,8.7,6.2,7.0,63.3
46,C,1,1,8.3,10,9.1,8.4,93.0
46,D,1,0,6.8,7.8,7.5,6.3,64.0
47,A,1,0,8.6,5.2,3.9,7.2,58.2
47,B,0,1,5.3,6.2,6.2,6.3,56.7
47,C,1,0,6.9,6.4,5.1,8.7,61.8
47,D,1,1,7.9,5.2,4.2,6.9,73.7
48,A,0,0,7.3,5.5,5.7,8.2,44.5
48,B,1,0,8.3,9.9,6.7,4.1,65.0
48,C,1,1,6.0,8.1,6.9,9.3,83.8
48,D,1,0,8.1,6.7,7.8,8.2,68.0
49,A,1,0,7.2,4.2,5.1,7.3,56.3
49,B,1,1,3.5,9.5,10,6.8,83.0
49,C,1,0,7.4,6.9,5.3,8.3,63.2
49,D,1,0,8.1,6.9,7.1,8.1,67.0
50,A,1,0,6.9,4.1,4.8,6.5,53.8
50,B,1,1,8.9,7.1,8.2,4.6,81.3
50,C,0,0,8.7,7.5,9.5,7.4,55.2
50,D,0,1,8.1,7.8,7.2,5.8,64.8
51,A,1,1,5.5,5.2,3.7,10,74.0
51,B,0,0,6.0,8.2,5.9,4.7,41.3
51,C,1,0,6.6,7.8,7.3,10.0,69.5
51,D,0,1,6.2,10,6.4,8.7,68.8
52,A,0,0,9.7,5.0,5.5,6.6,44.7
52,B,0,0,8.5,8.2,8.2,2.8,46.2
52,C,1,0,8.8,8.0,6.5,8.6,69.8
52,D,1,0,6.2,8.8,5.6,6.3,61.5
53,A,0,1,8.0,7.7,5.4,8.5,66.0
53,B,1,0,6.1,10,7.6,4.4,63.5
53,C,1,1,8.6,7.7,8.6,8.0,88.2
53,D,1,0,4.0,9.0,6.4,6.2,59.3
54,A,1,0,10.0,4.1,7.3,8.0,65.7
54,B,0,0,4.5,7.1,7.0,6.9,42.5
54,C,0,0,7.5,8.1,7.8,6.0,49.0
54,D,0,1,5.9,8.1,5.0,9.3,63.8
55,A,0,0,7.6,5.6,3.8,8.3,42.2
55,B,1,1,7.4,4.4,9.2,4.1,75.2
55,C,0,0,6.4,7.1,6.2,5.9,42.7
55,D,1,1,6.1,9.4,8.4,4.8,81.2
56,A,0,0,7.9,5.0,5.5,7.9,43.8
56,B,0,1,5.1,9.1,6.7,3.8,57.8
56,C,1,1,8.0,7.3,3.6,6.1,75.0
56,D,0,1,7.3,8.1,7.3,8.4,68.5
57,A,0,1,6.4,6.1,4.3,6.5,55.5
57,B,0,0,7.5,8.0,6.9,6.0,47.3
57,C,1,0,5.8,7.3,8.7,7.3,65.2
57,D,1,1,6.5,7.5,5.7,6.0,76.2
58,A,1,0,4.5,5.1,3.9,7.0,50.8
58,B,1,1,5.3,9.2,5.8,3.7,73.3
58,C,1,0,7.6,9.1,4.5,9.1,67.2
58,D,1,1,9.5,8.1,7.4,9.5,90.8
59,A,0,0,8.5,4.1,3.5,6.0,36.8
59,B,1,0,6.9,8.4,6.5,6.6,64.0
59,C,1,1,6.0,7.7,7.9,7.2,81.3
59,D,1,1,5.4,6.6,7.4,9.0,80.7
60,A,1,0,5.9,2.8,4.8,5.4,48.2
60,B,0,0,8.3,8.2,6.8,4.1,45.7
60,C,0,0,7.5,7.6,9.5,8.0,54.3
60,D,1,1,6.9,7.9,4.6,4.9,73.8
61,A,1,0,8.7,6.9,5.5,8.4,65.8
61,B,1,1,5.0,7.3,6.6,3.7,71.0
61,C,0,1,9.9,8.2,6.5,8.0,71.0
61,D,0,0,4.3,7.5,5.5,8.3,42.7
62,A,1,0,8.0,6.8,3.8,5.3,56.5
62,B,1,0,8.3,7.2,7.3,4.9,62.8
62,C,0,1,8.4,5.9,8.0,7.2,65.8
62,D,0,1,5.6,8.0,7.3,7.0,63.2
63,A,0,0,7.3,5.6,5.6,5.7,40.3
63,B,0,1,6.8,6.9,10,6.7,67.3
63,C,1,0,8.9,8.4,7.1,8.7,71.8
63,D,0,0,7.4,6.3,5.8,6.9,44.0
64,A,1,0,8.3,7.7,3.5,7.0,60.8
64,B,1,1,3.1,8.2,9.9,3.5,74.5
64,C,0,0,7.7,7.0,8.2,6.6,49.2
64,D,0,0,4.5,8.9,8.6,7.0,48.3
65,A,0,0,7.1,4.7,5.8,6.7,40.5
65,B,1,1,6.6,10,8.9,6.8,87.2
65,C,0,1,5.1,6.0,5.6,7.7,57.3
65,D,1,1,8.6,4.7,7.6,4.5,75.7
66,A,0,0,6.6,6.9,6.4,9.1,48.3
66,B,0,0,7.5,7.1,9.7,4.1,47.3
66,C,1,1,6.2,8.7,5.3,6.1,77.2
66,D,1,0,5.3,8.8,3.5,7.0,57.7
67,A,1,0,6.5,7.5,4.4,7.7,60.2
67,B,1,0,3.0,7.9,8.2,4.4,55.8
67,C,0,0,8.4,8.6,4.0,7.3,47.2
67,D,1,1,5.5,6.5,5.8,7.7,75.8
68,A,1,0,7.9,5.6,3.2,8.4,58.5
68,B,0,0,5.8,7.5,8.2,7.1,47.7
68,C,0,0,6.0,8.6,5.1,8.0,46.2
68,D,1,0,5.4,8.3,6.5,4.4,57.7
69,A,0,1,8.1,4.6,5.3,6.7,57.8
69,B,1,0,4.6,8.9,7.3,6.6,62.3
69,C,1,0,8.7,6.5,6.7,7.8,66.2
69,D,1,0,7.3,7.0,5.1,6.5,59.8
70,A,0,0,7.8,7.0,6.2,9.1,50.2
70,B,0,1,5.3,7.0,5.8,6.4,57.5
70,C,1,1,7.7,7.2,9.3,7.5,86.2
70,D,0,1,6.8,7.5,6.2,6.5,61.7
71,A,1,0,7.1,4.8,4.8,9.6,60.5
71,B,0,1,6.9,10,9.5,6.4,71.3
71,C,1,0,6.7,7.1,8.8,5.4,63.3
71,D,0,1,5.2,8.2,8.4,8.8,67.7
72,A,1,1,6.9,7.2,4.8,6.9,76.3
72,B,0,0,5.4,7.2,8.3,4.4,42.2
72,C,1,1,7.3,6.8,7.1,7.8,81.7
72,D,1,1,7.7,8.0,6.8,6.9,82.3
73,A,1,0,6.6,5.0,4.2,6.2,53.3
73,B,0,0,6.2,7.1,10,3.6,44.8
73,C,1,0,5.7,5.7,7.1,6.7,58.7
73,D,1,0,6.4,8.3,6.5,7.6,64.7
74,A,1,0,7.3,5.7,5.9,8.1,61.7
74,B,1,1,7.2,9.5,8.7,6.6,86.7
74,C,0,1,6.1,5.7,6.9,7.8,60.8
74,D,0,0,5.5,5.7,6.1,8.6,43.2
75,A,1,0,6.8,3.8,2.5,7.6,51.2
75,B,0,0,3.3,9.3,8.9,6.0,45.8
75,C,1,0,7.1,8.8,7.0,8.1,68.3
75,D,1,0,6.2,8.1,7.4,9.0,67.8
76,A,1,1,8.0,4.9,4.5,8.8,77.0
76,B,0,1,5.2,7.4,5.8,3.6,53.3
76,C,1,0,9.0,6.8,5.3,10,68.5
76,D,0,0,5.3,6.2,5.9,7.2,41.0
77,A,0,0,6.0,5.3,4.3,7.7,38.8
77,B,1,1,6.7,6.4,5.9,6.5,75.8
77,C,0,1,7.1,8.6,7.0,9.6,70.5
77,D,1,0,6.4,9.5,8.3,6.4,67.7
78,A,0,0,7.3,5.6,2.7,6.6,37.0
78,B,1,0,6.2,7.8,6.6,5.1,59.5
78,C,1,1,6.4,9.5,5.1,6.3,78.8
78,D,0,1,8.3,7.7,6.8,4.8,62.7
79,A,0,1,8.3,5.8,4.4,7.6,60.2
79,B,1,1,7.6,8.2,5.5,5.2,77.5
79,C,0,0,5.6,7.0,8.0,6.0,44.3
79,D,0,0,7.1,9.9,4.7,5.7,45.7
80,A,1,0,6.9,8.3,5.2,6.8,62.0
80,B,0,0,5.2,8.3,9.8,4.0,45.5
80,C,0,1,7.0,8.1,6.3,6.2,62.7
80,D,0,1,5.6,7.1,8.2,6.4,62.2
81,A,1,0,6.9,7.5,5.1,8.7,63.7
81,B,0,1,7.9,8.5,4.6,7.5,64.2
81,C,1,1,5.2,9.2,6.8,5.9,78.5
81,D,0,0,7.9,8.4,5.8,6.3,47.3
82,A,0,1,6.7,5.1,3.0,6.4,52.0
82,B,1,0,5.7,9.3,7.0,5.7,62.8
82,C,1,0,7.9,10,8.7,8.6,75.3
82,D,0,0,6.1,7.6,9.1,7.2,50.0
83,A,0,1,5.0,6.8,3.0,6.6,52.3
83,B,0,1,6.2,8.9,7.7,4.3,61.8
83,C,1,0,4.5,10,5.9,7.4,63.0
83,D,0,0,7.5,7.4,5.2,8.1,47.0
84,A,0,1,6.7,5.6,7.8,7.3,62.3
84,B,0,0,6.7,6.3,7.7,5.8,44.2
84,C,1,1,5.6,7.4,7.8,8.4,82.0
84,D,1,0,8.3,8.9,6.6,6.9,67.8
85,A,1,1,7.2,5.7,5.6,7.8,77.2
85,B,0,1,4.4,7.6,6.3,3.5,53.0
85,C,0,0,6.9,8.7,5.7,8.9,50.3
85,D,1,0,8.8,7.2,6.6,7.8,67.3
86,A,1,0,8.0,4.1,3.4,7.3,54.7
86,B,0,0,5.4,9.0,8.6,5.9,48.2
86,C,1,0,7.3,8.8,6.4,7.0,65.8
86,D,1,0,6.9,8.5,3.9,5.6,58.2
87,A,0,0,6.8,5.7,4.6,9.0,43.5
87,B,1,0,5.6,6.5,7.8,6.5,60.7
87,C,1,0,6.9,8.9,6.8,7.7,67.2
87,D,1,0,5.9,8.8,6.9,7.9,65.8
88,A,0,0,7.7,7.5,4.2,8.0,45.7
88,B,1,0,5.7,6.6,6.9,5.0,57.0
88,C,1,0,5.4,7.2,10,6.3,64.8
88,D,1,0,7.0,9.1,6.8,6.3,65.3
89,A,0,0,4.7,5.4,6.4,8.1,41.0
89,B,1,0,6.5,9.7,10,6.0,70.3
89,C,0,0,7.3,5.7,7.0,7.6,46.0
89,D,0,1,6.0,8.0,7.9,5.7,62.7
90,A,1,0,6.1,7.3,4.5,10,63.2
90,B,1,1,5.7,8.8,5.3,5.0,74.7
90,C,1,0,6.6,7.1,9.0,8.7,69.0
90,D,1,0,8.1,8.6,6.3,5.9,64.8
91,A,0,0,8.1,6.8,4.6,8.3,46.3
91,B,1,1,6.4,8.9,7.2,2.8,75.5
91,C,1,1,9.2,8.2,7.1,8.4,88.2
91,D,1,0,6.2,5.6,7.4,6.5,59.5
92,A,1,0,7.9,6.6,5.0,8.7,63.7
92,B,1,0,7.4,7.4,8.2,3.2,60.3
92,C,0,0,6.0,4.7,5.6,7.1,39.0
92,D,0,0,7.5,9.0,7.4,7.6,52.5
93,A,0,0,6.5,4.7,5.0,8.9,41.8
93,B,1,0,3.9,7.9,8.8,3.8,57.3
93,C,0,0,8.3,7.9,7.6,7.2,51.7
93,D,1,1,5.8,7.1,7.2,7.1,78.7
94,A,0,0,8.3,6.0,6.9,6.1,45.5
94,B,0,0,8.1,8.2,8.6,5.3,50.3
94,C,1,0,6.1,8.2,7.0,7.5,64.7
94,D,1,0,8.1,9.3,9.3,3.9,67.7
95,A,0,1,7.6,6.3,5.2,8.6,62.8
95,B,0,1,5.1,6.7,6.8,3.6,53.7
95,C,1,0,9.0,9.9,7.3,7.8,73.3
95,D,1,1,7.2,7.3,8.6,7.8,84.8
96,A,0,0,8.4,6.3,6.4,8.0,48.5
96,B,0,1,6.8,8.5,7.4,4.9,62.7
96,C,0,1,7.8,7.6,6.2,8.0,66.0
96,D,1,0,3.5,6.3,7.5,7.1,57.3
97,A,0,0,7.0,5.0,5.6,6.4,40.0
97,B,1,1,5.0,7.0,6.3,6.7,75.0
97,C,0,0,7.5,9.2,6.6,4.8,46.8
97,D,1,0,7.0,8.6,7.2,4.3,61.8
98,A,1,0,8.1,7.4,4.9,6.8,62.0
98,B,1,0,6.1,7.4,7.2,5.2,59.8
98,C,1,1,4.5,8.7,6.7,9.3,82.0
98,D,1,0,5.8,8.5,7.3,4.8,60.7
99,A,1,1,6.5,5.8,3.7,7.5,72.5
99,B,1,0,5.4,9.6,9.0,6.8,68.0
99,C,1,0,9.7,7.9,5.2,6.1,64.8
99,D,0,0,7.3,8.2,7.3,6.3,48.5
100,A,1,1,7.0,2.3,8.0,8.1,75.7
100,B,0,1,4.0,9.9,7.2,6.3,62.3
100,C,0,0,6.2,8.6,6.8,7.1,47.8
100,D,0,0,6.9,6.8,4.1,9.2,45.0
101,A,1,1,9.3,6.3,8.1,6.7,84.0
101,B,1,0,6.4,8.2,8.0,4.8,62.3
101,C,0,1,7.5,6.8,5.4,6.9,61.0
101,D,1,1,7.4,10,6.2,8.2,86.3
102,A,1,1,8.2,2.3,3.3,9.4,72.0
102,B,1,1,4.9,8.2,7.6,5.5,77.0
102,C,0,1,5.1,8.0,6.3,5.5,58.2
102,D,1,0,6.7,7.7,6.1,7.4,63.2
103,A,0,1,6.8,5.1,3.5,7.5,54.8
103,B,0,0,4.2,9.3,6.0,6.6,43.5
103,C,0,1,7.6,8.1,9.8,8.2,72.8
103,D,1,1,6.2,8.1,4.9,5.8,75.0
104,A,0,1,7.8,5.4,5.4,5.9,57.5
104,B,0,1,7.2,8.6,8.3,6.7,68.0
104,C,0,1,4.9,7.9,7.2,5.1,58.5
104,D,1,0,8.0,7.8,8.1,9.7,72.7
105,A,1,0,7.3,3.0,3.5,6.7,50.8
105,B,1,0,4.2,9.7,6.5,5.3,59.5
105,C,1,1,7.2,9.5,7.4,7.8,86.5
105,D,1,0,7.2,7.0,7.7,3.7,59.3
106,A,1,0,6.9,8.6,5.2,7.3,63.3
106,B,1,0,5.7,6.6,6.2,5.4,56.5
106,C,1,0,6.1,8.1,7.4,8.1,66.2
106,D,1,1,6.0,6.4,7.2,6.9,77.5
107,A,0,0,6.0,4.9,4.4,8.1,39.0
107,B,1,0,5.4,6.2,10,5.0,61.0
107,C,0,1,7.0,7.6,4.4,6.5,59.2
107,D,1,0,7.4,9.9,8.3,7.1,71.2
108,A,1,0,7.4,8.1,2.9,4.8,55.3
108,B,1,0,5.4,6.3,8.6,4.5,58.0
108,C,1,1,6.3,4.8,8.0,8.1,78.7
108,D,1,1,6.2,8.7,6.1,5.9,78.2
109,A,1,0,4.8,4.7,4.8,8.1,54.0
109,B,0,1,7.1,9.5,7.8,5.8,67.0
109,C,0,0,6.1,9.2,8.1,6.3,49.5
109,D,0,0,7.2,7.0,3.7,5.3,38.7
110,A,1,0,6.9,4.5,6.5,8.4,60.5
110,B,1,0,5.3,9.1,9.1,5.3,64.7
110,C,1,1,5.5,8.2,7.1,6.1,78.2
110,D,1,1,5.7,8.7,5.9,6.8,78.5
111,A,1,0,6.8,7.9,5.5,6.4,61.0
111,B,0,0,7.6,6.5,6.4,6.2,44.5
111,C,0,0,4.8,9.2,6.6,6.4,45.0
111,D,0,0,7.6,7.2,4.8,7.6,45.3
112,A,1,0,6.9,4.8,3.7,8.7,56.8
112,B,1,1,6.0,8.2,6.9,7.8,81.5
112,C,1,0,8.5,4.6,8.4,5.1,61.0
112,D,1,1,4.5,8.4,5.5,6.3,74.5
113,A,1,0,8.5,7.2,6.1,6.7,64.2
113,B,0,0,7.6,9.9,6.1,5.7,48.8
113,C,1,0,6.8,6.0,7.1,7.2,61.8
113,D,1,1,7.6,7.4,6.8,8.7,84.2
114,A,0,1,7.8,6.5,5.4,7.7,62.3
114,B,0,0,6.2,9.9,6.0,3.7,43.0
114,C,0,0,7.3,8.3,5.9,9.2,51.2
114,D,0,1,7.9,5.9,6.8,6.7,62.2
115,A,1,0,5.6,5.1,5.4,6.7,54.7
115,B,0,1,4.6,7.4,5.8,4.7,54.2
115,C,0,0,8.2,7.4,6.6,7.3,49.2
115,D,0,0,6.2,8.5,5.0,8.0,46.2
116,A,1,0,8.3,4.5,5.6,10,64.0
116,B,1,0,5.7,8.1,8.9,5.4,63.5
116,C,1,0,8.6,7.6,8.5,7.0,69.5
116,D,0,1,7.9,7.6,6.1,7.3,64.8
117,A,1,0,7.6,4.6,4.0,8.2,57.3
117,B,1,0,6.2,7.8,5.8,4.2,56.7
117,C,0,0,6.1,8.0,8.7,7.8,51.0
117,D,1,1,8.8,7.5,7.9,5.3,82.5
118,A,0,0,5.4,7.1,4.9,7.2,41.0
118,B,0,1,5.3,8.1,4.9,3.9,53.7
118,C,0,0,7.9,7.1,6.0,7.6,47.7
118,D,1,0,9.5,8.4,7.1,8.3,72.2
119,A,0,0,8.6,4.0,5.4,7.9,43.2
119,B,1,0,7.4,7.9,7.6,3.7,61.0
119,C,1,1,7.4,8.0,5.5,7.2,80.2
119,D,1,0,6.6,8.6,8.3,7.2,67.8
120,A,0,0,6.1,5.1,5.3,8.6,41.8
120,B,1,0,5.3,8.4,8.7,8.5,68.2
120,C,1,1,6.4,6.6,8.5,7.9,82.3
120,D,1,1,5.2,7.6,6.3,7.2,77.2
121,A,1,1,8.2,5.1,5.1,8.7,78.5
121,B,1,1,4.1,6.0,9.2,5.7,75.0
121,C,0,0,6.4,8.9,7.0,9.7,53.3
121,D,0,0,7.8,6.7,7.5,8.0,50.0
122,A,1,0,5.8,6.1,4.4,5.5,53.0
122,B,0,0,7.9,7.4,8.8,4.6,47.8
122,C,0,0,7.9,7.8,6.5,5.5,46.2
122,D,0,1,6.9,6.7,4.7,7.0,58.8
123,A,1,0,6.5,4.9,4.2,8.3,56.5
123,B,1,1,4.6,9.5,7.8,7.5,82.3
123,C,1,0,6.1,6.9,4.4,7.7,58.5
123,D,0,0,4.6,7.9,4.4,5.8,37.8
124,A,0,0,8.2,3.1,2.0,7.0,33.8
124,B,1,1,6.5,8.0,7.3,6.4,80.3
124,C,1,0,8.6,7.0,9.2,7.6,70.7
124,D,0,0,6.8,7.4,6.5,6.0,44.5
125,A,1,1,6.3,5.0,4.8,8.2,73.8
125,B,0,0,6.4,6.3,7.3,5.0,41.7
125,C,1,1,6.9,9.7,7.4,6.3,83.8
125,D,1,1,5.4,8.9,7.3,5.8,79.0
126,A,0,0,7.9,5.4,7.3,6.5,45.2
126,B,0,0,6.8,7.7,9.0,4.4,46.5
126,C,0,1,7.7,7.0,8.4,8.3,69.0
126,D,0,0,6.3,9.4,5.7,5.6,45.0
127,A,1,0,5.5,5.3,4.2,8.6,56.0
127,B,0,0,5.9,7.8,6.8,4.3,41.3
127,C,1,1,6.0,8.2,6.5,7.3,80.0
127,D,0,0,6.4,9.5,6.4,5.8,46.8
128,A,1,0,8.9,3.2,1.6,9.1,54.7
128,B,1,0,5.8,6.3,8.3,7.7,63.5
128,C,0,1,7.4,7.1,7.2,8.3,66.7
128,D,1,0,7.5,5.1,8.0,8.0,64.3
129,A,1,0,6.0,4.5,4.4,7.1,53.3
129,B,1,0,5.9,10,8.6,5.8,67.2
129,C,1,1,7.3,9.1,5.8,7.2,82.3
129,D,1,0,7.4,8.8,6.5,5.0,62.8
130,A,1,0,8.6,5.2,4.3,9.6,62.8
130,B,0,0,5.1,7.7,7.5,6.8,45.2
130,C,1,0,8.8,6.9,9.1,6.8,69.3
130,D,1,0,8.3,8.1,4.7,5.5,61.0
131,A,0,1,6.7,3.8,5.9,8.1,57.5
131,B,1,0,4.1,7.8,9.8,6.3,63.3
131,C,0,0,8.6,7.7,4.5,8.9,49.5
131,D,1,1,5.8,6.5,8.1,7.3,79.5
132,A,0,0,6.5,3.4,5.4,7.5,38.0
132,B,0,0,6.5,6.6,6.4,6.6,43.5
132,C,0,1,7.7,8.3,8.1,6.4,67.5
132,D,0,1,8.0,5.1,5.7,6.2,58.3
133,A,1,0,7.5,6.6,3.5,7.9,59.2
133,B,1,1,5.7,5.2,8.8,5.2,74.8
133,C,1,0,8.1,5.3,6.7,8.6,64.5
133,D,1,1,5.3,8.0,4.7,8.0,76.7
134,A,0,1,6.1,6.6,3.5,8.7,58.2
134,B,1,1,5.3,6.8,7.9,6.4,77.3
134,C,0,1,6.3,6.7,7.8,8.1,64.8
134,D,1,0,5.5,8.9,6.8,7.2,64.0
135,A,0,0,7.0,6.1,4.2,9.4,44.5
135,B,1,0,4.6,7.0,7.5,5.0,56.8
135,C,1,0,9.5,7.5,8.3,8.1,72.3
135,D,0,0,6.5,8.0,5.2,5.4,41.8
136,A,0,0,6.9,5.8,5.9,8.7,45.5
136,B,1,0,7.5,7.1,9.2,4.6,64.0
136,C,0,0,7.4,5.7,9.1,5.2,45.7
136,D,1,0,6.9,6.3,6.6,9.1,64.8
137,A,0,0,6.0,5.8,4.6,8.6,41.7
137,B,1,0,6.6,7.7,6.4,6.1,61.3
137,C,0,1,7.2,8.1,5.7,9.4,67.3
137,D,0,1,5.5,8.7,8.1,7.7,66.7
138,A,0,1,6.6,5.0,5.3,7.3,57.0
138,B,0,1,6.9,8.4,6.5,6.4,63.7
138,C,0,0,7.6,7.0,6.7,9.9,52.0
138,D,0,0,7.0,8.1,6.7,7.8,49.3
139,A,1,1,9.1,5.8,5.0,9.8,82.8
139,B,1,1,5.5,8.9,6.9,5.6,78.2
139,C,0,0,6.8,9.2,7.1,6.8,49.8
139,D,0,1,5.5,8.6,7.0,6.7,63.0
140,A,0,1,6.5,4.5,4.7,6.8,54.2
140,B,1,1,6.4,8.3,7.4,6.5,81.0
140,C,1,1,4.6,6.4,9.6,8.0,81.0
140,D,0,0,6.7,8.3,7.8,8.4,52.0
141,A,1,1,7.7,5.2,4.0,8.9,76.3
141,B,1,0,6.0,10,5.9,5.9,63.0
141,C,1,0,8.1,7.8,5.8,7.1,64.7
141,D,1,0,7.3,10,6.9,6.5,67.8
142,A,0,0,9.1,5.5,5.3,7.7,46.0
142,B,0,0,6.8,6.4,5.5,5.5,40.3
142,C,1,1,7.3,6.3,7.4,7.6,81.0
142,D,1,1,6.5,8.3,4.4,9.2,80.7
143,A,1,1,6.6,4.1,6.8,9.0,77.5
143,B,0,0,5.8,6.0,6.3,5.6,39.5
143,C,1,1,6.8,7.7,7.0,6.1,79.3
143,D,0,0,6.2,7.0,6.5,6.1,43.0
144,A,0,0,6.9,6.8,4.2,6.6,40.8
144,B,1,1,5.3,6.2,7.4,2.7,69.3
144,C,0,1,7.6,7.3,7.1,5.8,63.0
144,D,0,0,7.4,8.1,6.1,7.2,48.0
145,A,1,1,7.2,6.1,7.7,8.1,81.8
145,B,1,0,8.7,7.8,7.1,3.8,62.3
145,C,0,0,8.2,7.8,8.0,8.1,53.5
145,D,1,1,5.1,7.4,5.8,6.7,75.0
146,A,0,0,8.1,6.9,3.1,7.9,43.3
146,B,1,0,5.5,9.7,7.1,4.4,61.2
146,C,1,1,9.1,7.0,7.3,7.1,84.2
146,D,1,0,5.4,6.7,7.4,5.4,58.2
147,A,0,0,8.0,6.8,4.4,8.0,45.3
147,B,1,1,6.0,8.1,10,5.5,82.7
147,C,1,1,7.5,8.2,8.0,6.8,84.2
147,D,1,1,6.5,8.2,6.6,7.7,81.7
148,A,0,1,8.4,4.0,4.0,6.6,55.0
148,B,0,0,5.2,6.7,7.0,5.1,40.0
148,C,1,0,6.5,7.6,6.8,8.4,65.5
148,D,1,0,4.4,6.8,7.3,6.4,58.2
149,A,1,0,6.7,5.3,4.3,9.0,58.8
149,B,0,1,7.3,9.5,9.0,7.7,72.5
149,C,1,0,7.3,6.9,6.3,8.5,65.0
149,D,0,1,5.3,8.8,7.2,6.7,63.3
150,A,0,0,6.1,5.9,5.3,8.4,42.8
150,B,1,1,3.8,8.4,6.3,6.8,75.5
150,C,0,1,8.3,5.2,7.3,8.7,65.8
150,D,1,0,7.2,6.1,5.6,5.6,57.5
151,A,1,0,6.2,4.6,5.0,4.8,51.0
151,B,1,0,7.2,7.5,5.2,4.7,57.7
151,C,1,1,6.1,7.6,4.6,6.5,74.7
151,D,0,0,5.5,7.5,7.4,7.5,46.5
152,A,1,1,6.7,5.8,4.0,8.5,75.0
152,B,1,0,6.0,6.8,7.0,5.4,58.7
152,C,1,0,5.7,9.9,8.1,9.4,71.8
152,D,0,0,9.2,8.6,7.2,8.4,55.7
153,A,1,0,6.6,6.4,4.8,6.1,56.5
153,B,0,1,6.3,8.2,9.0,5.6,65.2
153,C,1,0,8.1,9.6,7.4,5.6,67.8
153,D,1,0,8.8,7.9,7.8,5.9,67.3
154,A,0,0,7.0,6.1,3.5,8.1,41.2
154,B,1,0,5.6,8.8,8.4,5.4,63.7
154,C,1,0,7.6,8.9,6.0,8.6,68.5
154,D,1,1,6.5,9.4,7.4,6.3,82.7
155,A,1,0,9.2,4.9,4.2,7.5,59.7
155,B,0,0,4.9,8.4,7.0,6.1,44.0
155,C,1,0,6.7,7.9,9.9,8.2,71.2
155,D,1,1,7.1,8.8,6.6,8.4,84.8
156,A,0,0,6.4,3.8,6.8,6.9,39.8
156,B,0,0,4.7,8.8,9.5,5.9,48.2
156,C,0,0,6.2,8.1,7.6,6.8,47.8
156,D,1,0,4.5,6.8,8.7,5.9,59.8
157,A,1,0,4.6,5.6,4.6,7.9,54.5
157,B,1,0,4.9,6.6,6.7,6.6,58.0
157,C,1,0,6.3,8.4,6.4,8.1,65.3
157,D,0,1,7.6,8.6,7.1,3.4,61.2
158,A,0,0,6.5,5.5,2.4,8.1,37.5
158,B,1,1,5.3,7.3,8.8,6.1,79.2
158,C,1,0,6.8,6.4,9.7,6.7,66.0
158,D,1,1,6.5,7.1,5.5,7.3,77.3
159,A,1,1,5.6,4.7,5.4,8.5,73.7
159,B,1,0,4.9,7.3,5.4,5.5,55.2
159,C,1,1,7.7,7.9,6.8,7.6,83.3
159,D,0,0,6.0,7.8,5.9,8.3,46.7
160,A,1,0,6.6,7.1,2.8,7.2,56.2
160,B,1,0,5.9,8.1,6.3,5.1,59.0
160,C,1,1,6.1,7.2,8.1,7.8,82.0
160,D,1,0,5.0,9.7,6.7,8.0,65.7
161,A,1,0,8.7,4.9,4.2,9.5,62.2
161,B,1,1,3.8,7.4,6.9,4.4,70.8
161,C,0,0,6.3,9.9,4.7,9.6,50.8
161,D,0,1,7.7,9.7,7.9,6.3,69.3
162,A,1,0,6.4,3.8,6.5,4.9,52.7
162,B,0,0,4.2,9.7,8.0,6.2,46.8
162,C,1,0,6.5,6.6,7.6,6.3,61.7
162,D,1,0,8.8,7.0,8.3,5.8,66.5
163,A,1,0,5.7,7.3,3.6,7.8,57.3
163,B,1,1,3.3,8.1,7.8,4.1,72.2
163,C,1,0,5.2,7.2,8.5,6.7,62.7
163,D,1,1,6.1,5.5,6.9,6.0,74.2
164,A,0,0,7.9,5.5,4.2,7.9,42.5
164,B,0,1,7.7,8.9,6.7,6.6,66.5
164,C,0,1,6.9,9.3,5.4,7.3,64.8
164,D,0,0,8.4,8.5,5.6,7.2,49.5
165,A,0,1,6.4,3.8,3.8,9.2,55.3
165,B,1,0,5.4,7.5,7.0,5.3,58.7
165,C,1,0,8.3,6.9,5.8,9.1,66.8
165,D,1,1,5.8,6.7,5.5,7.3,75.5
166,A,1,0,7.7,6.2,4.5,7.6,60.0
166,B,1,0,5.2,8.2,6.7,6.2,60.5
166,C,0,0,5.3,8.2,6.9,7.9,47.2
166,D,1,0,5.9,8.6,7.1,4.2,59.7
167,A,0,0,7.8,6.8,5.5,7.6,46.2
167,B,1,0,5.8,10,7.5,5.6,64.8
167,C,1,0,7.4,8.2,5.7,10,68.8
167,D,0,1,7.4,9.2,7.3,6.5,67.3
168,A,0,0,8.1,5.5,6.3,8.8,47.8
168,B,1,0,6.9,6.8,10,5.4,65.2
168,C,1,0,8.2,8.8,6.2,5.5,64.5
168,D,1,1,5.8,6.3,6.1,4.1,70.5
169,A,0,0,5.0,7.3,5.9,7.3,42.5
169,B,1,0,4.0,9.3,7.6,2.7,56.0
169,C,1,0,7.1,10,6.1,7.7,68.2
169,D,0,1,8.9,8.6,7.7,6.7,69.8
170,A,1,0,8.0,4.7,4.3,8.3,58.8
170,B,1,0,7.5,6.0,6.1,6.3,59.8
170,C,1,0,8.0,6.3,7.7,7.8,66.3
170,D,0,0,7.3,9.1,8.2,7.0,52.7
171,A,1,1,6.3,5.6,3.8,7.0,71.2
171,B,0,0,3.8,9.5,8.1,7.0,47.3
171,C,1,1,7.4,7.3,8.4,6.9,83.3
171,D,0,0,5.9,7.5,6.2,6.4,43.3
172,A,0,0,8.5,5.2,4.6,6.3,41.0
172,B,1,0,5.8,7.7,5.6,1.9,51.7
172,C,1,0,8.0,6.4,8.2,7.7,67.2
172,D,1,0,7.4,5.9,4.6,4.9,54.7
173,A,0,1,8.5,7.7,4.4,8.4,65.0
173,B,0,0,4.6,6.2,8.0,5.7,40.8
173,C,1,1,5.0,6.3,5.0,7.4,72.8
173,D,1,0,8.3,7.3,5.1,5.5,60.3
174,A,0,0,7.4,3.1,4.3,7.4,37.0
174,B,0,1,4.5,9.7,8.3,6.2,64.5
174,C,0,0,8.0,9.6,7.1,7.8,54.2
174,D,1,0,9.0,8.4,5.9,7.6,68.2
175,A,0,1,8.1,6.0,5.8,7.7,62.7
175,B,1,1,5.5,10,6.8,4.0,77.2
175,C,1,1,6.0,7.8,7.6,8.2,82.7
175,D,1,0,6.3,9.8,4.9,7.7,64.5
176,A,1,0,6.9,4.9,8.0,9.9,66.2
176,B,0,0,5.3,8.0,8.3,6.4,46.7
176,C,1,1,5.8,6.6,6.1,7.2,76.2
176,D,1,1,6.3,7.8,7.2,8.9,83.7
177,A,0,1,6.8,6.6,6.2,7.7,62.2
177,B,1,0,5.9,10,6.3,5.0,62.0
177,C,0,0,7.4,9.6,7.2,6.8,51.7
177,D,1,0,6.3,8.4,6.7,6.3,62.8
178,A,1,0,7.6,4.4,4.2,5.2,52.3
178,B,0,0,5.0,8.0,7.3,5.7,43.3
178,C,0,1,8.0,7.9,5.5,6.7,63.5
178,D,0,0,8.3,7.6,6.4,8.2,50.8
179,A,1,0,8.6,6.7,5.4,7.0,62.8
179,B,0,0,7.1,8.3,8.4,6.2,50.0
179,C,1,0,7.2,5.3,6.4,5.7,57.7
179,D,0,0,6.7,6.9,8.5,6.7,48.0
180,A,0,0,8.0,4.4,5.9,7.4,42.8
180,B,1,0,7.8,7.1,7.9,6.0,64.7
180,C,1,1,6.9,7.0,6.3,6.5,77.8
180,D,0,1,9.0,7.8,6.8,5.7,65.5
181,A,1,0,5.6,5.0,4.4,8.0,55.0
181,B,0,0,6.5,8.8,6.0,3.9,42.0
181,C,1,1,6.0,6.2,9.7,9.0,84.8
181,D,0,0,6.7,7.9,8.7,6.4,49.5
182,A,1,1,5.0,5.7,4.3,6.0,68.3
182,B,0,1,7.7,9.4,6.4,5.9,65.7
182,C,0,0,6.4,6.2,4.8,7.3,41.2
182,D,0,1,6.3,9.0,6.1,6.4,63.0
183,A,0,1,8.7,3.5,4.8,8.6,59.3
183,B,0,1,5.4,9.0,5.6,6.9,61.5
183,C,1,1,5.9,8.0,8.1,6.2,80.3
183,D,1,0,4.9,8.5,5.8,7.2,60.7
184,A,1,0,8.6,4.8,5.9,7.2,60.8
184,B,1,1,5.2,8.1,9.0,7.5,83.0
184,C,1,0,7.4,6.8,6.7,6.1,61.7
184,D,1,0,7.4,8.3,5.6,7.2,64.2
185,A,1,0,5.9,8.1,7.0,6.8,63.0
185,B,1,0,7.0,9.2,8.3,6.6,68.5
185,C,0,0,7.7,7.1,7.8,7.8,50.7
185,D,0,0,7.7,8.7,8.5,7.2,53.5
186,A,1,1,7.7,4.3,7.7,8.4,80.2
186,B,1,0,5.1,7.7,7.8,4.6,58.7
186,C,1,0,7.0,5.6,5.9,9.2,62.8
186,D,0,1,5.6,7.1,6.2,6.9,59.7
187,A,1,1,8.2,5.1,4.9,9.7,79.8
187,B,1,0,5.1,7.9,6.6,5.8,59.0
187,C,0,1,8.4,7.3,6.7,7.2,66.0
187,D,0,1,4.8,10,3.8,6.5,58.5
188,A,1,1,6.6,7.0,4.1,6.8,74.2
188,B,0,1,5.0,10,7.4,5.4,63.0
188,C,1,1,5.1,8.4,8.9,9.8,87.0
188,D,1,0,7.0,9.0,7.7,3.9,62.7
189,A,1,1,10,7.2,3.8,7.0,80.0
189,B,1,1,7.9,7.8,7.2,6.7,82.7
189,C,1,0,10,7.4,7.0,7.9,70.5
189,D,0,0,7.4,6.0,8.7,7.1,48.7
190,A,0,0,5.2,4.0,4.5,9.8,39.2
190,B,0,0,6.9,7.2,6.5,5.2,43.0
190,C,1,0,6.8,9.4,7.3,7.4,68.2
190,D,1,1,10,7.3,7.9,9.3,90.8
191,A,1,0,9.4,5.4,5.4,7.6,63.0
191,B,0,1,6.9,8.5,6.7,5.5,62.7
191,C,0,0,6.4,9.0,6.8,6.3,47.5
191,D,1,0,7.8,6.8,6.2,6.4,62.0
192,A,0,0,5.0,5.0,7.4,7.9,42.2
192,B,0,1,6.2,7.9,6.1,5.5,59.5
192,C,0,1,7.5,8.0,6.1,7.8,65.7
192,D,1,1,7.3,6.9,6.8,5.5,77.5
193,A,0,0,7.5,5.7,5.7,6.8,42.8
193,B,1,0,5.4,9.0,9.6,4.5,64.2
193,C,1,0,8.6,8.5,8.0,6.0,68.5
193,D,1,0,6.4,9.3,9.8,7.3,71.3
194,A,0,0,7.3,4.3,4.6,7.4,39.3
194,B,0,1,4.3,6.8,7.4,3.7,53.7
194,C,0,1,6.0,6.5,7.1,6.6,60.3
194,D,1,0,7.4,8.1,7.1,6.1,64.5
195,A,0,1,5.8,7.1,4.6,5.5,55.0
195,B,1,0,6.0,8.0,9.0,6.3,65.5
195,C,1,0,5.4,6.2,5.5,7.7,58.0
195,D,0,0,5.4,8.3,8.2,7.5,49.0
196,A,1,0,8.2,3.6,5.6,7.9,58.8
196,B,1,1,7.7,8.6,8.2,6.7,85.3
196,C,0,0,7.5,8.3,10,5.8,52.7
196,D,1,0,5.2,6.6,5.1,6.6,55.8
197,A,0,0,5.4,6.0,2.5,7.1,35.0
197,B,0,0,5.2,8.3,6.2,7.7,45.7
197,C,1,1,8.0,8.6,6.3,7.7,84.3
197,D,1,0,6.5,9.9,6.3,6.4,65.2
198,A,0,0,9.7,5.1,3.1,6.8,41.2
198,B,1,1,5.1,9.3,7.3,4.7,77.3
198,C,1,0,8.5,8.6,6.7,6.8,67.7
198,D,1,0,6.5,7.4,6.5,6.2,61.0
199,A,0,0,8.5,3.5,6.5,8.8,45.5
199,B,1,0,4.8,9.1,7.9,6.5,63.8
199,C,0,1,7.1,7.4,7.0,8.4,66.5
199,D,1,1,6.6,8.1,7.0,6.3,80.0
200,A,1,1,6.2,7.2,6.8,3.5,72.8
200,B,1,0,6.4,6.8,8.5,5.2,61.5
200,C,1,0,5.9,9.1,9.2,5.7,66.5
200,D,1,1,7.3,8.1,5.7,7.5,81.0
201,A,0,1,7.6,3.7,4.9,9.9,60.2
201,B,1,1,5.2,6.7,6.4,5.6,73.2
201,C,0,0,7.9,8.9,4.8,7.9,49.2
201,D,1,0,6.2,6.8,7.6,7.6,63.7
202,A,1,0,7.6,7.4,1,4.9,51.5
202,B,1,0,5.8,8.2,6.5,5.6,60.2
202,C,1,0,7.0,8.0,6.7,7.9,66.0
202,D,1,0,5.0,7.7,7.0,8.0,62.8
203,A,1,0,4.8,4.8,2.6,7.9,50.2
203,B,0,1,6.7,8.5,7.9,5.5,64.3
203,C,1,0,7.4,5.2,7.5,7.5,62.7
203,D,0,1,5.7,9.5,7.3,6.4,64.8
204,A,0,1,7.1,5.8,5.8,7.7,60.7
204,B,0,0,5.9,10.0,6.2,4.7,44.7
204,C,0,1,6.2,7.4,9.0,7.8,67.3
204,D,0,0,6.2,8.3,6.5,7.1,46.8
205,A,1,0,9.5,7.8,4.9,5.9,63.5
205,B,1,0,5.5,7.6,6.7,6.2,60.0
205,C,1,0,6.9,6.8,4.8,7.7,60.3
205,D,0,0,8.6,7.4,8.1,8.0,53.5
206,A,0,0,7.9,5.5,2.6,6.3,37.2
206,B,0,1,6.8,9.7,4.4,5.0,59.8
206,C,1,1,6.6,6.2,5.6,6.7,75.2
206,D,1,0,6.4,7.4,8.4,7.2,65.7
207,A,1,0,7.7,4.7,3.2,7.6,55.3
207,B,1,0,4.9,7.9,7.9,6.6,62.2
207,C,1,0,6.9,6.1,8.1,6.0,61.8
207,D,0,1,7.0,7.1,5.3,6.6,60.0
208,A,0,1,8.5,5.3,3.7,6.2,56.2
208,B,1,0,4.9,6.8,7.7,7.1,60.8
208,C,1,1,6.7,8.2,8.3,6.6,83.0
208,D,0,1,4.9,7.2,8.3,7.0,62.3
209,A,1,0,7.6,4.8,4.4,9.2,60.0
209,B,1,0,5.6,8.3,8.2,4.0,60.2
209,C,1,1,7.6,6.5,7.0,6.8,79.8
209,D,1,1,7.1,9.1,6.8,7.5,84.2
210,A,1,0,7.7,2.6,5.5,8.4,57.0
210,B,1,1,5.5,9.8,7.8,5.9,81.7
210,C,0,0,9.2,8.2,7.7,7.8,54.8
210,D,1,1,5.2,7.4,6.9,6.1,76.0
211,A,1,0,7.3,5.9,4.7,8.6,60.8
211,B,0,0,6.3,8.3,6.1,5.0,42.8
211,C,1,1,7.9,6.6,5.5,7.9,79.8
211,D,0,0,4.4,7.8,5.8,5.9,39.8
212,A,1,0,8.5,4.9,7.9,7.6,64.8
212,B,1,0,4.7,9.1,8.8,5.7,63.8
212,C,1,0,7.2,7.2,5.9,8.7,65.0
212,D,1,1,6.9,5.1,4.0,4.5,67.5
213,A,1,1,6.3,4.1,5.5,8.6,74.2
213,B,1,0,3.7,8.7,6.3,5.8,57.5
213,C,1,1,7.1,8.5,9.2,6.3,85.2
213,D,1,0,6.7,9.1,4.5,8.5,64.7
214,A,1,0,4.8,5.5,4.2,6.8,52.2
214,B,1,0,5.3,7.2,6.8,5.6,58.2
214,C,1,1,5.7,8.2,8.0,9.8,86.2
214,D,0,0,6.9,4.9,6.2,7.6,42.7
215,A,1,1,6.2,3.8,4.0,7.6,69.3
215,B,0,0,4.7,9.8,7.3,5.0,44.7
215,C,1,0,7.1,7.5,7.9,7.0,65.8
215,D,0,0,7.6,6.6,5.6,6.0,43.0
216,A,0,0,9.8,4.7,5.3,6.3,43.5
216,B,0,0,7.1,7.1,7.6,5.9,46.2
216,C,0,1,7.2,5.8,5.9,6.2,58.5
216,D,1,1,6.1,7.9,6.3,8.0,80.5
217,A,0,1,7.3,4.1,5.0,8.6,58.3
217,B,0,0,4.9,9.9,8.8,3.5,45.2
217,C,1,1,6.1,7.7,6.4,5.5,76.2
217,D,1,0,8.0,7.3,5.2,6.5,61.7
218,A,1,0,5.1,6.2,6.4,6.5,57.0
218,B,1,0,4.6,8.9,7.5,5.5,60.8
218,C,1,1,8.1,7.6,6.2,8.8,84.5
218,D,0,1,5.5,8.6,6.7,5.9,61.2
219,A,0,0,7.2,5.4,5.9,5.8,40.5
219,B,0,1,7.2,4.9,5.5,3.5,51.8
219,C,1,1,6.8,7.2,7.0,9.2,83.7
219,D,1,0,7.6,9.0,7.3,5.4,65.5
220,A,0,0,8.0,5.0,6.4,7.9,45.5
220,B,0,0,6.2,7.9,4.8,6.1,41.7
220,C,0,0,7.6,8.1,9.2,6.4,52.2
220,D,0,1,6.7,7.4,10,6.4,67.5
221,A,1,0,8.5,6.8,3.7,6.7,59.5
221,B,1,1,9.6,6.7,7.0,6.5,83.0
221,C,1,0,4.9,8.0,7.3,8.7,64.8
221,D,1,0,8.5,8.2,9.1,7.2,71.7
222,A,1,1,6.5,3.7,4.7,8.6,72.5
222,B,0,0,5.7,7.2,5.9,5.5,40.5
222,C,1,0,6.2,7.7,6.1,7.4,62.3
222,D,0,1,7.1,6.8,6.9,8.5,65.5
223,A,1,1,9.0,3.5,6.8,6.8,76.8
223,B,1,1,5.5,9.0,9.1,5.4,81.7
223,C,1,0,6.6,9.9,6.7,8.8,70.0
223,D,1,0,6.9,7.7,4.6,7.8,61.7
224,A,0,0,8.0,6.5,5.1,7.0,44.3
224,B,1,1,7.5,8.7,5.6,4.4,77.0
224,C,1,0,6.9,7.0,5.2,5.3,57.3
224,D,0,0,5.8,9.5,5.3,8.6,48.7
225,A,1,0,6.9,6.2,5.7,5.7,57.5
225,B,0,0,3.1,5.0,6.0,2.8,28.2
225,C,1,0,9.1,6.8,5.3,6.5,62.8
225,D,0,0,5.8,6.6,7.0,7.6,45.0
226,A,1,0,4.9,7.3,3.5,7.0,54.5
226,B,1,1,7.0,6.8,7.9,5.1,78.0
226,C,0,0,5.6,7.6,8.0,6.9,46.8
226,D,0,0,6.6,9.1,7.0,7.0,49.5
227,A,0,0,6.8,5.3,4.2,7.0,38.8
227,B,0,0,5.3,6.8,9.2,4.1,42.3
227,C,0,1,7.5,7.5,8.1,8.0,68.5
227,D,1,0,7.9,7.2,5.4,7.0,62.5
228,A,0,1,5.5,4.4,5.7,8.3,56.5
228,B,1,1,6.0,8.1,8.4,5.0,79.2
228,C,1,1,7.4,9.1,9.0,6.7,87.0
228,D,1,0,3.5,7.5,6.3,6.6,56.5
229,A,0,0,8.0,5.9,4.0,8.3,43.7
229,B,1,0,5.6,7.3,9.8,5.4,63.5
229,C,0,1,6.8,7.0,8.0,8.0,66.3
229,D,0,0,7.3,8.5,5.4,6.2,45.7
230,A,1,0,7.1,3.2,5.1,8.0,55.7
230,B,1,0,6.4,7.1,8.1,5.2,61.3
230,C,1,1,4.4,6.0,8.0,6.4,74.7
230,D,0,1,5.9,9.4,6.7,7.1,65.2
231,A,0,0,5.8,6.3,6.9,8.5,45.8
231,B,1,0,6.6,8.2,8.0,7.1,66.5
231,C,0,0,6.9,7.1,7.2,9.8,51.7
231,D,1,1,6.6,9.2,5.6,7.9,82.2
232,A,0,1,6.6,4.7,3.9,7.9,55.2
232,B,1,0,8.0,7.3,7.5,5.2,63.3
232,C,0,0,8.4,7.0,7.0,6.7,48.5
232,D,0,1,6.3,5.7,6.5,5.7,57.0
233,A,0,0,5.8,6.8,5.0,8.3,43.2
233,B,1,1,6.9,8.6,8.6,5.7,83.0
233,C,1,0,6.4,8.5,4.8,6.3,60.0
233,D,1,1,6.7,9.2,5.7,5.4,78.3
234,A,0,0,9.5,4.4,4.4,6.9,42.0
234,B,0,0,5.1,8.8,6.6,5.8,43.8
234,C,1,1,6.3,6.7,8.7,7.4,81.8
234,D,0,1,7.3,9.3,4.6,8.0,65.3
235,A,1,0,9.4,6.5,5.0,3.5,57.3
235,B,1,1,6.6,8.4,7.8,5.4,80.3
235,C,0,1,9.1,7.9,7.9,7.8,71.2
235,D,1,1,8.2,8.4,6.3,6.1,81.7
236,A,1,0,8.3,5.3,5.1,6.7,59.0
236,B,1,1,3.8,5.3,8.2,6.1,72.3
236,C,0,0,4.7,9.0,7.5,6.9,46.8
236,D,1,1,5.2,9.8,6.2,8.1,82.2
237,A,1,0,6.9,4.5,2.9,9.1,55.7
237,B,0,0,7.5,9.2,7.5,8.0,53.7
237,C,1,1,5.8,8.5,9.1,8.4,86.3
237,D,1,1,6.9,8.5,8.5,5.8,82.8
238,A,1,0,9.7,8.2,6.5,6.8,68.7
238,B,1,1,5.8,10,7.3,4.6,79.5
238,C,0,0,6.4,7.6,6.9,8.2,48.5
238,D,0,0,8.7,7.8,8.1,6.8,52.3
239,A,1,0,7.6,3.5,3.7,7.8,54.3
239,B,1,0,7.2,5.3,5.8,8.0,60.5
239,C,0,1,6.3,8.2,6.7,7.8,65.0
239,D,0,1,7.8,5.9,5.3,8.3,62.2
240,A,0,0,6.6,5.9,4.8,7.2,40.8
240,B,1,0,7.4,7.9,7.4,3.4,60.2
240,C,0,1,7.2,8.0,9.4,9.4,73.3
240,D,0,0,5.3,7.3,7.0,8.0,46.0
241,A,0,0,6.6,4.3,3.9,7.9,37.8
241,B,1,0,5.1,7.4,8.7,3.7,58.2
241,C,0,1,7.1,6.6,7.1,7.4,63.7
241,D,0,1,8.8,9.0,5.7,8.0,69.2
242,A,1,0,7.9,5.0,5.7,7.2,59.7
242,B,1,1,5.0,7.4,5.7,5.5,72.7
242,C,1,0,6.7,6.3,7.7,7.9,64.3
242,D,1,0,5.2,7.4,5.1,6.0,56.2
243,A,1,0,6.2,7.3,5.1,9.0,62.7
243,B,1,0,5.2,7.2,8.5,3.9,58.0
243,C,1,0,8.4,5.4,8.9,7.3,66.7
243,D,1,1,7.1,10,8.1,7.9,88.5
244,A,0,0,6.9,3.5,5.6,6.6,37.7
244,B,0,0,6.7,8.8,9.1,6.3,51.5
244,C,1,1,6.6,8.5,7.6,7.4,83.5
244,D,1,0,4.5,7.6,7.4,7.2,61.2
245,A,0,0,9.0,6.7,8.1,7.8,52.7
245,B,1,1,5.2,7.3,6.9,6.0,75.7
245,C,0,0,9.1,8.0,8.9,6.0,53.3
245,D,0,0,5.7,7.3,6.0,8.4,45.7
246,A,1,1,5.9,8.7,5.9,8.0,80.8
246,B,0,1,4.9,8.7,7.4,5.4,60.7
246,C,1,0,8.1,7.3,6.0,6.4,63.0
246,D,0,0,5.1,7.2,7.8,8.3,47.3
247,A,0,1,8.7,6.5,4.6,8.1,63.2
247,B,0,1,4.8,8.8,7.3,6.0,61.5
247,C,0,1,7.1,7.6,6.3,6.9,63.2
247,D,1,0,6.1,7.9,7.5,7.5,65.0
248,A,0,0,7.0,4.8,6.1,7.0,41.5
248,B,0,0,5.0,8.7,6.5,5.0,42.0
248,C,0,0,7.3,7.4,6.3,6.2,45.3
248,D,1,0,6.5,7.5,8.4,5.8,63.7
249,A,1,0,8.1,5.3,3.7,8.8,59.8
249,B,1,0,6.3,8.5,5.6,3.5,56.5
249,C,0,1,9.0,7.2,7.6,7.0,68.0
249,D,1,1,7.1,6.7,6.3,6.7,78.0
250,A,1,0,7.0,4.8,6.7,6.7,58.7
250,B,1,0,5.4,7.3,7.3,5.9,59.8
250,C,1,0,6.9,5.0,6.5,6.6,58.3
250,D,0,1,6.8,7.4,6.4,5.6,60.3
251,A,0,0,9.4,6.0,5.8,6.5,46.2
251,B,1,0,6.9,6.9,8.4,4.3,60.8
251,C,1,0,7.2,8.9,6.9,7.2,67.0
251,D,1,1,5.9,6.6,7.7,6.0,77.0
252,A,0,1,7.3,4.0,2.4,8.6,53.8
252,B,0,0,5.8,8.0,8.4,6.8,48.3
252,C,1,1,9.3,8.5,8.1,7.7,89.3
252,D,1,0,6.1,6.9,5.6,5.8,57.3
253,A,1,0,7.8,5.4,5.1,9.2,62.5
253,B,1,0,5.5,7.7,6.6,6.2,60.0
253,C,1,0,7.5,5.8,6.4,8.9,64.3
253,D,1,0,5.5,7.8,8.2,6.8,63.8
254,A,0,1,7.1,3.6,4.8,8.1,56.0
254,B,0,1,5.7,6.8,7.3,5.5,58.8
254,C,1,0,8.8,7.5,7.8,7.5,69.3
254,D,1,1,7.3,8.3,7.9,7.1,84.3
255,A,1,1,8.1,6.2,5.1,7.5,78.2
255,B,1,0,6.2,7.1,8.1,4.9,60.5
255,C,0,1,7.9,4.0,6.3,7.2,59.0
255,D,1,0,4.7,4.7,6.7,7.1,55.3
256,A,1,1,4.8,5.7,6.9,9.0,77.3
256,B,1,1,8.1,6.6,8.2,6.7,82.7
256,C,1,0,7.5,8.2,8.5,7.7,69.8
256,D,1,1,7.3,6.0,6.6,7.5,79.0
257,A,1,0,8.0,5.4,4.7,7.6,59.5
257,B,0,0,5.8,9.3,8.0,5.8,48.2
257,C,0,1,5.9,8.7,7.0,7.4,65.0
257,D,0,0,7.0,6.4,5.0,5.4,39.7
258,A,1,0,7.5,6.4,2.2,7.4,55.8
258,B,0,0,3.4,8.5,6.9,5.5,40.5
258,C,1,0,9.1,5.0,7.7,7.8,66.0
258,D,1,0,5.0,7.8,7.0,8.2,63.3
259,A,1,0,8.6,6.5,1.4,7.9,57.3
259,B,0,0,7.7,10,8.3,4.1,50.2
259,C,1,1,5.5,5.9,6.5,7.3,75.3
259,D,0,0,7.0,7.5,7.7,6.0,47.0
260,A,0,1,8.0,3.3,4.0,7.1,54.0
260,B,1,1,6.7,8.7,9.0,6.4,84.7
260,C,1,1,5.7,9.8,8.3,7.4,85.3
260,D,0,0,7.7,7.5,6.9,6.8,48.2
261,A,1,0,8.5,5.8,5.4,5.6,58.8
261,B,1,1,6.3,5.5,6.5,6.1,74.0
261,C,0,0,5.0,7.8,6.9,8.6,47.2
261,D,1,0,7.2,8.7,7.9,6.1,66.5
262,A,1,0,7.9,3.5,4.3,7.2,54.8
262,B,0,0,6.7,7.0,4.7,7.5,43.2
262,C,0,1,7.9,8.4,7.8,9.5,72.7
262,D,0,0,6.3,10,5.2,6.5,46.7
263,A,1,0,6.1,5.6,4.6,9.1,59.0
263,B,0,0,5.9,6.9,7.2,4.5,40.8
263,C,0,0,7.8,6.1,6.0,7.5,45.7
263,D,1,0,6.9,6.6,5.3,8.8,62.7
264,A,1,1,6.9,4.4,4.0,5.0,67.2
264,B,0,0,6.2,9.6,7.3,5.1,47.0
264,C,1,0,6.5,6.3,7.3,6.6,61.2
264,D,0,1,4.8,7.9,6.2,8.7,62.7
265,A,0,1,6.2,7.5,4.5,6.4,57.7
265,B,1,0,6.8,6.5,7.1,4.0,57.3
265,C,1,1,6.6,6.9,6.3,9.5,82.2
265,D,0,1,8.4,8.1,6.5,6.4,65.7
266,A,0,1,6.3,5.7,4.3,7.7,56.7
266,B,1,0,6.1,7.1,6.8,5.2,58.7
266,C,0,0,5.0,6.7,7.4,6.3,42.3
266,D,1,0,7.3,8.5,3.3,5.2,57.2
267,A,0,0,7.8,7.4,1.3,9.1,42.7
267,B,1,0,6.0,8.1,9.5,3.8,62.3
267,C,1,1,9.1,7.9,8.5,6.8,87.2
267,D,1,0,5.4,6.0,7.3,7.6,60.5
268,A,0,0,9.9,4.6,1.7,5.1,35.5
268,B,0,1,4.5,9.8,8.2,4.4,61.5
268,C,1,0,5.1,6.9,8.5,7.3,63.0
268,D,1,0,7.5,8.3,7.7,7.0,67.5
269,A,1,1,7.9,6.4,5.5,6.4,77.0
269,B,0,1,6.8,9.2,6.2,5.2,62.3
269,C,0,1,7.8,5.3,6.9,6.5,60.8
269,D,0,1,3.3,6.6,8.0,8.1,60.0
270,A,0,0,6.1,6.3,2.8,9.3,40.8
270,B,1,0,7.1,8.9,9.7,6.4,70.2
270,C,1,1,4.6,8.2,6.6,6.8,77.0
270,D,0,0,6.0,7.1,4.7,7.4,42.0
271,A,0,1,5.4,4.7,4.4,6.7,52.0
271,B,1,0,6.5,7.6,6.2,3.6,56.5
271,C,1,1,8.0,7.8,10,5.9,86.2
271,D,0,0,5.6,8.8,7.4,8.0,49.7
272,A,0,0,8.6,5.8,5.9,7.3,46.0
272,B,0,1,6.6,10,6.4,4.3,62.2
272,C,0,0,7.9,8.4,7.8,7.2,52.2
272,D,0,0,7.5,7.9,6.0,5.2,44.3
273,A,0,0,7.8,7.2,5.2,6.4,44.3
273,B,0,0,4.5,6.9,8.6,6.0,43.3
273,C,1,0,5.6,8.0,6.8,8.2,64.3
273,D,1,0,6.1,6.9,6.4,9.5,64.8
274,A,1,0,7.6,5.7,5.6,4.2,55.2
274,B,1,1,6.3,9.0,7.0,4.2,77.5
274,C,1,0,4.4,5.4,5.8,8.8,57.3
274,D,1,1,7.7,6.8,8.6,9.0,86.8
275,A,0,0,9.2,5.2,4.3,6.5,42.0
275,B,1,0,6.5,7.4,7.8,6.2,63.2
275,C,1,1,7.5,8.1,6.6,6.0,80.3
275,D,0,0,5.4,7.4,7.7,5.8,43.8
276,A,0,1,4.8,4.7,4.4,9.7,56.0
276,B,0,0,4.8,9.6,6.8,7.1,47.2
276,C,0,0,8.2,7.5,6.8,7.2,49.5
276,D,1,0,6.6,5.0,7.0,7.3,59.8
277,A,1,0,10,5.4,3.7,7.8,61.5
277,B,1,0,6.5,6.0,4.9,5.5,54.8
277,C,0,0,7.2,8.4,7.4,5.4,47.3
277,D,1,1,8.6,7.5,7.3,7.3,84.5
278,A,0,1,7.3,8.4,5.1,7.6,64.0
278,B,0,0,4.4,6.9,4.1,4.9,33.8
278,C,0,1,8.0,8.0,7.6,8.2,69.7
278,D,0,0,5.7,6.8,4.6,6.0,38.5
279,A,0,1,6.8,3.3,4.6,7.0,52.8
279,B,1,0,6.9,9.4,8.6,3.0,63.2
279,C,1,0,8.9,9.5,7.2,9.2,74.7
279,D,1,1,6.3,9.3,6.0,7.8,82.3
280,A,1,0,9.5,3.5,6.8,6.9,61.2
280,B,0,0,3.9,7.2,6.9,6.3,40.5
280,C,1,1,6.9,8.7,7.3,7.8,84.5
280,D,1,0,6.2,6.8,4.4,7.7,58.5
281,A,1,1,9.0,5.0,4.7,7.5,77.0
281,B,1,0,6.6,8.9,8.1,7.7,68.8
281,C,1,1,7.4,10,7.7,6.0,85.2
281,D,1,1,4.6,6.7,5.3,6.6,72.0
282,A,0,0,6.0,3.8,7.0,5.8,37.7
282,B,1,0,2.9,9.8,8.2,3.6,57.5
282,C,1,1,6.1,6.4,6.3,9.7,80.8
282,D,1,0,8.4,7.5,4.8,5.0,59.5
283,A,0,0,5.7,4.9,4.1,7.1,36.3
283,B,1,0,8.0,9.3,5.9,7.3,67.5
283,C,1,1,7.4,6.4,5.0,7.8,77.7
283,D,1,1,6.6,8.1,9.3,7.2,85.3
284,A,1,0,4.2,3.6,4.4,8.2,50.7
284,B,1,0,4.3,6.4,7.1,5.8,56.0
284,C,1,1,8.7,7.5,9.1,7.9,88.7
284,D,1,0,6.3,8.0,6.9,7.1,63.8
285,A,0,0,6.4,5.1,4.6,5.9,36.7
285,B,1,1,6.7,9.9,8.1,6.2,84.8
285,C,1,0,8.4,10,6.3,5.7,67.3
285,D,1,0,5.9,6.0,6.0,4.9,54.7
286,A,1,1,7.1,5.9,3.8,7.6,74.0
286,B,1,0,8.4,7.9,9.4,5.3,68.3
286,C,0,0,5.8,6.7,6.1,7.0,42.7
286,D,1,0,5.7,7.4,5.8,5.6,57.5
287,A,1,0,6.6,5.1,4.8,10,60.8
287,B,0,0,4.5,8.1,6.0,5.4,40.0
287,C,1,1,7.4,8.5,6.2,9.2,85.5
287,D,0,1,6.4,8.8,5.1,5.4,59.5
288,A,0,0,8.0,3.5,5.3,7.0,39.7
288,B,0,0,5.8,10.0,6.7,5.3,46.3
288,C,1,0,8.8,7.4,6.9,6.5,66.0
288,D,1,1,6.4,7.5,7.7,8.2,83.0
289,A,1,0,4.4,5.8,5.1,7.2,54.2
289,B,1,1,5.9,10,7.3,5.6,81.3
289,C,1,0,7.7,7.1,4.4,7.1,60.5
289,D,0,1,6.4,8.9,8.5,8.6,70.7
290,A,1,1,7.1,6.8,3.5,7.9,75.5
290,B,1,1,3.7,8.4,9.2,6.8,80.2
290,C,0,1,6.3,7.3,6.7,7.3,62.7
290,D,1,1,6.0,7.9,5.6,6.5,76.7
291,A,1,0,6.1,6.0,4.0,6.4,54.2
291,B,1,1,6.8,9.5,9.2,5.9,85.7
291,C,1,0,9.1,7.5,7.2,9.3,71.8
291,D,1,1,5.3,9.2,8.5,5.7,81.2
292,A,1,0,5.9,5.4,5.4,6.1,54.7
292,B,1,0,6.5,8.4,8.1,4.6,62.7
292,C,0,0,6.7,6.7,9.8,7.6,51.3
292,D,1,0,7.5,7.1,6.0,7.6,63.7
293,A,0,0,6.4,6.9,4.1,7.0,40.7
293,B,1,1,5.9,8.0,8.0,5.6,79.2
293,C,0,0,8.7,7.6,6.2,9.1,52.7
293,D,0,1,6.5,6.7,3.6,4.9,52.8
294,A,0,0,8.8,4.9,5.4,8.7,46.3
294,B,1,0,6.0,7.8,7.5,3.4,57.8
294,C,0,0,7.7,7.0,7.1,7.3,48.5
294,D,0,0,7.0,9.0,5.0,5.7,44.5
295,A,1,0,6.1,4.4,3.7,8.2,54.0
295,B,1,0,5.5,7.9,7.9,5.1,60.7
295,C,0,1,7.3,7.7,6.6,6.8,64.0
295,D,0,0,2.8,7.1,6.4,5.1,35.7
296,A,1,0,8.2,4.0,4.8,7.5,57.5
296,B,0,1,5.5,8.0,8.9,5.7,63.5
296,C,1,1,8.0,9.1,5.7,7.6,84.0
296,D,0,0,5.7,6.0,7.5,6.4,42.7
297,A,1,0,7.5,5.9,5.0,8.5,61.5
297,B,1,0,6.0,6.4,9.8,7.0,65.3
297,C,0,1,5.6,7.6,8.1,6.7,63.3
297,D,0,0,6.2,4.6,6.1,9.3,43.7
298,A,0,0,6.7,6.3,5.0,8.6,44.3
298,B,1,1,4.6,10,8.2,6.3,81.8
298,C,1,0,7.8,7.4,8.4,6.8,67.3
298,D,1,0,6.7,7.9,5.7,8.0,63.8
299,A,0,0,5.8,3.1,2.9,5.0,28.0
299,B,1,0,5.3,8.5,7.2,4.4,59.0
299,C,0,1,6.5,8.8,7.5,7.3,66.8
299,D,0,0,6.9,7.5,6.3,7.1,46.3
300,A,0,1,6.9,6.4,5.3,6.9,59.2
300,B,0,0,5.6,8.4,7.8,2.8,41.0
300,C,1,0,5.6,4.6,7.3,9.2,61.2
300,D,0,1,4.1,6.6,5.3,5.3,52.2
301,A,0,0,7.5,5.1,5.4,7.9,43.2
301,B,1,0,4.5,8.4,6.6,6.1,59.3
301,C,0,0,8.7,9.6,7.5,7.4,55.3
301,D,1,1,9.6,8.5,6.3,9.0,89.0
302,A,0,0,5.6,5.8,4.0,9.0,40.7
302,B,1,0,2.9,10,7.4,4.0,57.2
302,C,1,0,5.5,8.0,6.6,6.6,61.2
302,D,1,1,6.1,6.9,5.0,8.4,77.3
303,A,1,1,5.8,4.8,3.1,7.5,68.7
303,B,1,0,5.3,7.6,6.7,5.1,57.8
303,C,1,1,9.7,8.1,6.0,5.1,81.5
303,D,1,1,7.7,10,6.1,8.5,87.2
304,A,0,1,5.0,4.7,3.5,5.4,47.7
304,B,1,0,5.5,5.7,8.2,3.5,54.8
304,C,1,1,10,7.9,5.8,7.1,84.7
304,D,1,0,8.0,7.5,6.9,9.2,69.3
305,A,1,0,3.9,8.6,4.7,7.3,57.5
305,B,1,1,7.3,6.4,2.9,4.4,68.3
305,C,1,1,6.4,7.0,6.9,8.4,81.2
305,D,1,1,5.8,8.8,5.5,4.9,75.0
306,A,0,1,7.8,6.1,4.5,7.0,59.0
306,B,1,1,4.7,6.9,6.2,3.3,68.5
306,C,0,1,9.4,9.9,4.6,9.0,71.5
306,D,0,1,4.3,6.9,8.2,9.2,64.3
307,A,1,0,6.7,6.1,5.0,7.8,59.3
307,B,1,0,4.8,8.1,7.4,5.1,59.0
307,C,1,0,7.7,9.1,6.5,8.4,69.5
307,D,0,0,7.1,7.4,5.6,5.4,42.5
308,A,0,1,8.1,6.1,3.2,8.5,59.8
308,B,1,0,5.3,8.6,4.3,5.4,56.0
308,C,1,1,6.4,8.5,7.5,7.0,82.3
308,D,1,1,7.1,7.7,7.5,7.7,83.3
309,A,0,0,7.4,6.5,6.1,5.4,42.3
309,B,1,0,7.3,5.3,10,8.2,68.0
309,C,0,0,6.8,10,7.0,5.0,48.0
309,D,0,0,9.1,8.0,5.7,8.1,51.5
310,A,1,0,4.3,7.5,4.2,7.8,56.3
310,B,1,1,4.0,9.7,7.7,7.8,82.0
310,C,0,1,7.1,6.9,8.6,7.1,66.2
310,D,1,0,7.2,9.2,7.9,4.7,65.0
311,A,1,0,6.9,5.4,5.6,7.8,59.5
311,B,0,0,6.2,7.0,6.8,5.9,43.2
311,C,1,0,6.5,8.9,7.5,7.7,67.7
311,D,1,0,6.3,9.0,8.9,3.7,63.2
312,A,0,0,7.3,4.0,7.1,6.7,41.8
312,B,1,0,4.8,8.4,7.0,6.4,61.0
312,C,0,0,8.3,8.8,7.8,7.1,53.3
312,D,0,1,5.9,8.3,5.5,5.9,59.3
313,A,1,0,8.6,4.7,6.5,5.4,58.7
313,B,1,0,6.4,8.3,5.7,3.5,56.5
313,C,0,1,8.4,4.8,8.0,7.2,64.0
313,D,1,0,7.9,6.8,7.9,9.0,69.3
314,A,0,0,5.4,5.4,6.5,5.8,38.5
314,B,1,1,6.0,8.7,8.5,3.2,77.3
314,C,1,1,4.4,6.1,9.0,7.7,78.7
314,D,1,1,9.3,9.5,5.8,8.3,88.2
315,A,0,0,7.7,4.7,4.1,6.9,39.0
315,B,0,1,8.8,7.2,5.7,5.5,62.0
315,C,1,1,7.6,7.7,7.0,7.0,82.2
315,D,1,0,4.6,8.6,8.3,7.7,65.3
316,A,0,0,9.2,4.8,4.4,8.1,44.2
316,B,1,1,7.4,8.8,7.7,6.8,84.5
316,C,1,0,7.3,7.4,8.2,7.8,67.8
316,D,1,0,6.2,7.3,7.7,7.1,63.8
317,A,1,0,8.8,7.9,5.7,8.5,68.2
317,B,1,0,5.3,8.3,4.8,1.8,50.3
317,C,1,0,8.9,5.8,6.8,8.6,66.8
317,D,0,0,6.8,7.6,6.6,6.6,46.0
318,A,0,0,7.7,7.1,6.9,5.7,45.7
318,B,1,0,5.4,10,8.5,6.2,66.8
318,C,0,0,8.8,8.2,5.2,7.8,50.0
318,D,1,0,7.3,9.0,5.5,9.9,69.5
319,A,0,0,7.2,4.6,4.6,6.9,38.8
319,B,1,1,5.5,6.9,8.9,5.0,77.2
319,C,0,0,6.7,9.0,5.8,5.2,44.5
319,D,1,0,6.3,8.3,4.5,7.0,60.2
320,A,1,0,5.3,4.6,3.8,8.1,53.0
320,B,1,1,4.5,8.9,6.5,4.7,74.3
320,C,0,1,6.8,7.8,10,7.6,70.3
320,D,1,0,7.8,8.2,6.3,6.6,64.8
321,A,1,0,6.5,5.6,4.9,6.9,56.5
321,B,1,1,6.5,10,9.5,2.7,81.2
321,C,1,0,6.3,6.4,6.6,7.3,61.0
321,D,0,1,7.6,7.6,6.3,8.3,66.3
322,A,1,0,6.1,4.1,5.0,9.9,58.5
322,B,1,1,5.8,6.9,9.6,3.7,76.7
322,C,1,1,8.4,7.9,7.3,7.0,84.3
322,D,0,1,8.0,7.4,6.9,6.6,64.8
323,A,1,0,7.0,5.0,4.7,8.2,58.2
323,B,0,0,5.1,9.2,7.5,3.7,42.5
323,C,1,0,7.3,6.1,7.3,7.8,64.2
323,D,1,0,5.9,6.7,6.1,5.2,56.5
324,A,0,0,7.3,4.5,5.5,7.5,41.3
324,B,0,1,5.8,9.2,6.0,4.6,59.3
324,C,0,1,8.7,7.8,6.3,7.5,67.2
324,D,0,0,6.4,9.4,4.0,7.6,45.7
325,A,1,0,6.5,3.7,5.4,6.9,54.2
325,B,0,1,5.5,7.2,9.8,7.1,66.0
325,C,1,0,8.2,6.4,7.7,9.6,69.8
325,D,1,1,8.0,7.2,2.0,5.2,70.7
326,A,0,0,7.0,7.1,5.0,8.9,46.7
326,B,0,0,5.9,9.6,8.3,5.7,49.2
326,C,1,0,6.6,9.1,5.9,6.9,64.2
326,D,0,0,7.7,6.2,6.8,7.9,47.7
327,A,0,0,6.1,7.3,1.0,8.1,37.5
327,B,1,0,4.2,8.7,8.3,5.1,60.5
327,C,1,0,5.4,6.0,7.3,8.5,62.0
327,D,0,0,5.8,8.2,8.3,5.8,46.8
328,A,0,0,9.1,4.8,5.5,7.6,45.0
328,B,1,0,6.8,8.7,5.8,6.1,62.3
328,C,0,1,8.4,6.4,7.5,9.2,69.2
328,D,1,1,3.7,9.9,4.5,6.3,74.0
329,A,0,0,7.4,5.1,7.4,6.7,44.3
329,B,1,0,6.5,8.4,6.7,2.3,56.5
329,C,1,1,7.2,8.5,6.4,5.7,79.7
329,D,1,0,3.7,8.7,6.5,6.7,59.3
330,A,0,0,4.5,1.9,4.7,3.8,24.8
330,B,0,0,3.0,9.5,6.0,4.4,38.2
330,C,0,0,6.8,10,6.1,9.7,54.3
330,D,1,0,3.9,7.9,5.5,7.1,57.3
331,A,0,0,7.4,4.4,1.7,3.7,28.7
331,B,1,1,6.7,9.1,8.1,4.5,80.7
331,C,0,0,9.3,6.8,5.8,9.8,52.8
331,D,1,0,7.3,7.1,5.7,6.8,61.5
332,A,1,0,7.0,3.9,5.1,8.8,58.0
332,B,0,0,6.1,7.6,8.4,5.9,46.7
332,C,1,1,5.7,8.1,5.7,9.4,81.5
332,D,1,1,9.4,8.9,7.5,8.0,89.7
333,A,1,0,6.8,5.7,5.1,7.2,58.0
333,B,0,0,6.9,6.9,9.8,4.0,46.0
333,C,1,0,5.7,8.2,5.9,6.0,59.7
333,D,0,0,5.2,8.7,4.4,7.1,42.3
334,A,0,1,6.9,4.2,5.3,8.2,57.7
334,B,1,0,5.3,5.9,6.2,6.0,55.7
334,C,1,0,6.7,8.7,6.3,6.8,64.2
334,D,0,0,6.8,9.2,6.2,6.3,47.5
335,A,1,1,6.3,6.3,4.6,7.4,74.3
335,B,0,1,5.2,8.2,5.4,4.4,55.3
335,C,1,0,8.1,9.6,8.6,5.2,69.2
335,D,0,0,6.0,8.4,6.8,6.8,46.7
336,A,0,0,7.6,5.3,6.5,7.5,44.8
336,B,1,1,5.4,9.9,8.4,6.4,83.5
336,C,1,0,8.4,9.1,6.3,7.2,68.3
336,D,0,0,8.0,7.5,4.7,5.5,42.8
337,A,1,0,8.2,3.9,5.3,6.5,56.5
337,B,1,1,7.9,8.6,7.2,4.8,80.8
337,C,1,0,8.2,6.9,7.5,5.8,64.0
337,D,1,0,4.7,7.2,6.3,6.4,57.7
338,A,0,1,6.0,6.2,5.1,5.8,55.2
338,B,0,1,8.5,9.2,7.3,6.2,68.7
338,C,1,1,6.5,6.2,6.6,9.5,81.3
338,D,0,1,6.1,7.0,5.2,5.0,55.5
339,A,1,1,9.0,4.6,4.8,7.2,76.0
339,B,1,0,4.6,7.4,10,3.7,59.5
339,C,1,0,6.5,7.8,7.8,7.9,66.7
339,D,1,1,6.3,10,7.9,8.4,87.7
340,A,0,1,6.4,7.5,6.6,4.5,58.3
340,B,0,1,4.8,7.0,7.8,4.9,57.5
340,C,0,0,7.6,8.2,6.6,8.8,52.0
340,D,1,1,5.9,7.2,8.1,6.6,79.7
341,A,0,0,6.4,6.2,3.8,8.0,40.7
341,B,0,0,5.5,5.4,8.2,5.0,40.2
341,C,1,0,7.8,7.0,6.2,8.0,65.0
341,D,0,0,7.6,7.2,6.3,8.2,48.8
342,A,1,0,8.6,6.8,3.7,7.9,61.7
342,B,0,0,5.7,8.5,6.5,7.1,46.3
342,C,1,1,8.3,7.6,5.6,8.4,83.2
342,D,1,1,6.0,10.0,5.6,6.0,79.3
343,A,0,0,6.8,3.2,3.4,7.8,35.3
343,B,0,0,5.5,6.0,7.8,5.5,41.3
343,C,0,1,7.7,4.5,6.8,7.1,60.2
343,D,1,0,6.5,6.5,7.5,7.7,63.7
344,A,1,0,6.0,9.9,5.2,9.8,68.2
344,B,1,0,6.4,8.8,6.1,5.6,61.5
344,C,1,0,6.3,8.3,6.8,6.2,62.7
344,D,0,0,6.9,9.0,6.4,6.3,47.7
345,A,0,0,4.8,5.4,4.1,7.7,36.7
345,B,1,1,7.8,8.3,7.6,2.1,76.3
345,C,0,0,7.2,6.9,3.0,6.8,39.8
345,D,0,0,5.7,8.0,7.2,7.0,46.5
346,A,1,0,6.8,3.2,3.9,8.7,54.3
346,B,1,1,6.0,9.3,6.7,7.3,82.2
346,C,0,1,8.3,8.8,6.1,7.8,68.3
346,D,0,0,4.8,8.1,4.3,8.1,42.2
347,A,1,0,7.1,8.3,2.3,7.2,58.2
347,B,1,0,5.5,8.5,8.9,3.1,60.0
347,C,1,0,7.2,8.9,7.9,7.9,69.8
347,D,1,0,6.3,5.5,5.9,7.0,57.8
348,A,1,1,7.3,6.0,4.0,6.6,73.2
348,B,1,1,10,8.5,5.2,3.6,78.8
348,C,1,1,7.6,7.3,7.7,7.9,84.2
348,D,1,0,6.1,7.6,5.7,6.8,60.3
349,A,0,1,6.5,4.6,5.0,5.7,53.0
349,B,0,0,4.1,7.2,8.1,6.7,43.5
349,C,1,1,5.4,7.5,9.2,9.5,86.0
349,D,0,0,6.9,8.8,7.9,5.4,48.3
350,A,0,0,7.3,4.7,4.8,7.6,40.7
350,B,0,0,5.2,7.6,8.3,5.8,44.8
350,C,0,0,5.4,7.9,6.6,5.4,42.2
350,D,1,0,5.3,5.6,7.3,6.9,58.5
351,A,0,0,7.3,6.1,5.4,7.2,43.3
351,B,0,1,6.0,10,7.1,5.4,64.2
351,C,1,0,5.5,9.3,9.2,6.7,67.8
351,D,0,0,7.2,9.3,3.7,6.4,44.3
352,A,0,1,8.8,5.7,3.7,5.7,56.5
352,B,0,1,6.3,7.0,7.6,7.4,63.8
352,C,0,1,6.6,6.6,8.3,7.4,64.8
352,D,1,1,8.1,7.7,5.9,7.3,81.7
353,A,1,1,4.2,5.7,3.9,5.3,65.2
353,B,1,0,6.2,6.8,8.8,3.3,58.5
353,C,0,1,4.8,9.2,6.4,7.7,63.5
353,D,0,0,6.8,9.9,9.1,8.4,57.0
354,A,0,0,8.8,4.8,3.4,6.0,38.3
354,B,1,0,6.2,10,6.9,3.7,61.3
354,C,1,0,7.5,7.5,6.6,7.2,64.7
354,D,0,0,6.1,5.7,6.1,7.6,42.5
355,A,1,1,7.5,5.4,4.4,8.1,75.7
355,B,1,1,4.4,8.9,8.0,5.9,78.7
355,C,1,1,8.7,5.4,5.8,9.8,82.8
355,D,1,1,6.4,7.4,6.4,7.9,80.2
356,A,1,1,7.6,3.9,3.1,8.9,72.5
356,B,1,0,6.2,10,7.1,5.9,65.3
356,C,0,1,6.5,7.5,8.4,6.3,64.5
356,D,0,1,8.0,5.9,7.7,3.1,57.8
357,A,1,0,7.6,4.2,4.9,8.3,58.3
357,B,0,0,6.6,7.4,6.6,7.0,46.0
357,C,0,0,5.9,9.2,6.1,7.0,47.0
357,D,1,1,6.2,7.8,7.8,7.9,82.8
358,A,0,0,8.1,6.3,4.3,6.1,41.3
358,B,0,1,4.4,9.1,7.1,7.1,62.8
358,C,1,0,8.8,7.0,7.6,5.4,64.7
358,D,1,0,5.4,4.4,6.4,8.5,57.8
359,A,0,0,4.1,5.3,2.7,8.2,33.8
359,B,0,1,6.8,8.1,7.5,2.4,58.0
359,C,1,0,6.5,7.3,7.2,7.9,64.8
359,D,1,0,6.3,7.0,6.6,5.2,58.5
360,A,1,0,7.2,5.3,2.4,6.1,51.7
360,B,1,1,4.4,6.7,7.5,4.4,71.7
360,C,1,1,9.0,5.3,5.3,8.6,80.3
360,D,1,1,7.7,8.3,6.4,7.8,83.7
361,A,1,1,5.9,5.5,6.5,7.0,74.8
361,B,1,1,6.4,10,8.9,3.2,80.8
361,C,0,1,7.2,8.8,7.7,7.8,69.2
361,D,0,1,6.4,6.3,6.2,8.0,61.5
362,A,0,0,7.9,1.1,6.6,7.5,38.5
362,B,1,0,5.2,8.1,8.9,5.4,62.7
362,C,1,1,5.7,8.4,9.0,6.3,82.3
362,D,1,1,5.2,9.0,4.6,7.2,76.7
363,A,0,0,7.9,3.0,2.9,7.4,35.3
363,B,1,0,5.8,5.3,6.9,5.6,56.0
363,C,1,1,8.0,9.7,6.0,6.4,83.5
363,D,1,0,7.0,8.6,5.1,4.7,59.0
364,A,1,0,8.0,6.2,5.2,6.5,59.8
364,B,0,0,5.9,7.5,4.7,4.3,37.3
364,C,1,0,8.8,6.9,7.9,4.9,64.2
364,D,0,1,6.5,5.4,6.7,6.1,57.8
365,A,1,1,8.0,4.7,6.7,10,82.3
365,B,0,0,6.0,8.2,7.0,3.1,40.5
365,C,0,1,8.0,7.7,6.7,6.2,64.3
365,D,0,0,6.0,7.1,8.1,8.4,49.3
366,A,1,1,10,4.3,4.4,5.8,74.2
366,B,0,0,7.0,8.6,7.5,7.3,50.7
366,C,1,0,5.6,9.1,6.7,5.9,62.2
366,D,1,0,7.2,7.8,7.1,7.8,66.5
367,A,0,1,7.2,5.9,3.9,6.8,56.3
367,B,1,0,6.2,8.1,6.8,6.0,61.8
367,C,0,1,8.0,7.4,6.9,8.4,67.8
367,D,1,1,6.2,7.1,5.1,6.6,75.0
368,A,0,0,7.8,6.3,4.7,7.8,44.3
368,B,1,1,5.3,8.3,8.4,5.4,79.0
368,C,1,0,8.0,8.9,5.8,8.1,68.0
368,D,1,0,7.4,6.3,5.7,9.4,64.7
369,A,0,1,5.6,7.2,5.3,7.4,59.2
369,B,1,0,5.2,8.9,6.7,3.9,57.8
369,C,1,0,8.8,7.8,6.2,6.8,66.0
369,D,0,0,5.9,5.7,6.6,8.2,44.0
370,A,1,0,9.6,4.0,4.3,8.0,59.8
370,B,1,0,5.9,7.0,8.4,3.3,57.7
370,C,1,1,5.0,4.3,7.2,7.4,73.2
370,D,1,0,7.0,8.9,5.6,6.7,63.7
371,A,1,0,6.8,4.5,3.3,9.6,57.0
371,B,1,1,5.2,7.6,7.4,5.1,75.5
371,C,0,1,8.0,6.1,4.4,7.9,60.7
371,D,1,0,6.2,7.4,6.5,8.5,64.3
372,A,1,0,5.6,4.5,3.5,6.7,50.5
372,B,1,0,7.1,6.2,7.5,5.7,60.8
372,C,1,1,7.7,6.8,5.4,7.6,79.2
372,D,0,0,7.7,8.6,7.2,7.5,51.7
373,A,0,0,6.9,6.0,4.8,6.7,40.7
373,B,1,0,7.3,6.8,8.6,5.5,63.7
373,C,0,0,6.6,6.5,7.1,7.8,46.7
373,D,1,1,9.3,7.4,5.9,7.6,83.7
374,A,0,0,7.6,3.5,3.1,7.4,36.0
374,B,1,0,5.0,7.8,5.6,2.8,52.0
374,C,1,1,7.6,7.4,8.4,6.8,83.7
374,D,0,0,4.3,7.3,6.8,6.4,41.3
375,A,0,0,4.0,4.1,6.3,7.1,35.8
375,B,0,0,6.3,7.0,9.1,5.4,46.3
375,C,1,1,7.8,6.9,6.0,8.0,81.2
375,D,1,1,5.1,7.7,5.9,4.7,72.3
376,A,0,0,7.2,5.8,4.5,7.9,42.3
376,B,0,0,9.1,8.0,4.9,7.0,48.3
376,C,0,1,9.6,8.2,6.8,8.5,71.8
376,D,1,1,5.1,8.3,5.8,5.9,75.2
377,A,0,0,5.8,4.4,1.6,8.2,33.3
377,B,0,0,4.3,7.4,5.3,6.3,38.8
377,C,1,1,6.0,5.1,7.2,8.0,77.2
377,D,1,0,7.6,9.9,9.6,7.4,74.2
378,A,0,1,8.6,5.7,6.2,8.2,64.5
378,B,1,1,4.8,8.4,5.2,4.9,72.2
378,C,0,1,4.9,6.6,5.8,5.8,55.2
378,D,1,0,9.8,7.8,7.7,9.4,74.5
379,A,0,0,8.8,3.4,3.9,8.3,40.7
379,B,1,1,7.3,10,8.3,5.4,85.0
379,C,1,0,5.6,5.6,6.6,8.8,61.0
379,D,0,0,5.8,6.2,7.8,8.1,46.5
380,A,0,1,9.8,5.6,4.8,8.6,64.7
380,B,0,0,5.6,8.0,8.2,5.7,45.8
380,C,0,0,8.5,4.3,8.8,7.0,47.7
380,D,1,1,7.7,8.3,8.6,6.9,85.8
381,A,0,1,9.3,8.0,4.9,6.2,64.0
381,B,1,0,6.6,7.5,7.8,6.4,63.8
381,C,0,0,7.3,7.6,5.3,7.8,46.7
381,D,1,0,7.9,7.4,5.1,7.0,62.3
382,A,0,0,6.5,3.5,4.8,8.0,38.0
382,B,0,1,7.8,7.0,8.7,6.5,66.7
382,C,1,0,6.4,6.7,6.6,8.3,63.3
382,D,1,0,6.0,7.6,7.4,5.3,60.5
383,A,1,1,7.8,4.8,3.9,6.1,71.0
383,B,0,1,6.3,7.9,6.1,3.9,57.0
383,C,0,0,5.8,7.7,6.3,7.9,46.2
383,D,0,0,4.5,7.1,7.1,3.4,36.8
384,A,0,0,7.4,7.1,3.7,8.3,44.2
384,B,0,0,5.5,6.6,9.1,7.3,47.5
384,C,1,0,8.0,7.4,5.5,7.2,63.5
384,D,1,0,6.8,8.9,5.5,5.4,61.0
385,A,1,0,9.8,5.8,6.4,6.8,64.7
385,B,1,1,4.6,8.2,8.9,3.7,75.7
385,C,0,1,6.6,8.8,6.5,7.6,65.8
385,D,1,1,6.4,9.4,7.1,5.8,81.2
386,A,0,1,9.1,6.7,3.7,8.0,62.5
386,B,0,1,4.2,8.3,5.9,5.1,55.8
386,C,1,1,7.2,7.6,4.9,7.6,78.8
386,D,0,0,5.8,7.3,6.1,6.5,42.8
387,A,0,1,8.1,6.1,4.9,9.2,63.8
387,B,1,0,5.2,9.4,7.1,6.4,63.5
387,C,1,1,7.5,7.2,6.8,6.4,79.8
387,D,1,0,8.2,10,8.2,7.4,73.0
388,A,0,0,7.5,6.0,1.4,7.5,37.3
388,B,1,1,5.1,9.1,8.3,5.8,80.5
388,C,1,1,7.3,7.7,7.7,4.2,78.2
388,D,1,1,5.8,9.7,5.1,5.8,77.3
389,A,0,0,7.4,5.0,3.8,7.5,39.5
389,B,1,1,5.6,9.7,8.2,5.8,82.2
389,C,1,0,6.4,7.9,7.3,9.1,67.8
389,D,1,0,9.8,8.5,6.7,8.7,72.8
390,A,0,0,4.5,5.2,6.2,7.5,39.0
390,B,1,1,4.6,7.4,5.7,5.2,71.5
390,C,0,0,9.1,8.4,4.7,9.1,52.2
390,D,1,1,4.4,6.9,6.5,8.1,76.5
391,A,1,0,8.7,5.1,4.2,6.7,57.8
391,B,0,1,7.9,9.8,7.2,7.2,70.2
391,C,1,0,6.7,8.9,8.7,7.1,69.0
391,D,1,0,6.1,5.0,4.8,4.4,50.5
392,A,1,1,7.6,5.5,2.9,7.1,71.8
392,B,0,0,7.1,8.1,7.1,6.1,47.3
392,C,1,0,7.4,6.9,8.7,9.7,71.2
392,D,0,0,6.8,7.8,9.5,8.2,53.8
393,A,1,1,6.8,5.3,6.9,9.3,80.5
393,B,0,0,4.2,10,7.0,3.2,40.7
393,C,0,1,7.8,9.9,6.1,8.4,70.3
393,D,1,0,6.3,8.1,6.8,8.5,66.2
394,A,1,0,6.8,4.4,3.7,8.1,55.0
394,B,0,0,4.6,5.8,5.8,4.5,34.5
394,C,1,0,6.1,9.9,6.3,6.4,64.5
394,D,0,1,7.8,6.1,5.0,3.2,53.5
395,A,1,1,5.0,7.2,4.4,6.7,72.2
395,B,1,0,5.0,8.3,8.1,5.7,61.8
395,C,1,0,8.6,7.6,8.3,7.5,70.0
395,D,1,0,6.5,8.7,5.3,5.9,60.7
396,A,0,0,6.8,4.7,4.2,6.5,37.0
396,B,0,1,3.1,10,6.2,4.4,56.2
396,C,0,1,4.5,7.9,5.6,7.3,58.8
396,D,1,0,4.7,8.2,6.5,6.9,60.5
397,A,0,1,7.2,5.4,3.5,8.8,58.2
397,B,0,0,6.2,7.5,9.6,4.9,47.0
397,C,1,1,3.3,8.8,5.0,6.9,73.3
397,D,1,1,7.8,9.1,8.4,6.9,87.0
398,A,1,0,6.6,3.3,4.3,7.3,52.5
398,B,1,1,7.4,8.9,10,4.0,83.8
398,C,0,1,8.9,7.0,7.0,9.5,70.7
398,D,0,0,6.1,7.7,5.7,5.9,42.3
399,A,1,0,9.2,4.9,5.9,5.6,59.3
399,B,1,1,5.7,9.1,6.5,5.3,77.7
399,C,1,1,7.5,6.9,7.2,8.6,83.7
399,D,0,0,5.5,6.4,7.9,6.6,44.0
400,A,0,0,6.2,5.9,3.7,8.7,40.8
400,B,1,1,5.8,8.0,5.5,5.3,74.3
400,C,1,0,6.7,6.7,4.0,6.4,56.3
400,D,1,0,7.1,7.1,6.3,7.4,63.2
401,A,0,0,4.4,4.5,4.0,6.9,33.0
401,B,1,0,5.5,8.2,5.6,5.0,57.2
401,C,1,1,8.2,6.7,7.3,7.4,82.7
401,D,0,1,7.4,9.2,7.5,7.1,68.7
402,A,1,0,6.8,6.8,3.8,6.3,56.2
402,B,1,0,4.9,6.3,9.2,6.0,60.7
402,C,1,1,7.9,8.3,8.0,8.2,87.3
402,D,1,0,4.1,8.7,7.5,8.7,65.0
403,A,1,0,7.4,5.9,2.7,9.8,59.7
403,B,0,0,6.4,6.0,6.6,6.6,42.7
403,C,1,1,8.5,7.2,5.2,6.5,79.0
403,D,1,0,4.8,10,7.2,7.1,65.2
404,A,1,0,8.9,6.3,5.2,8.2,64.3
404,B,0,0,6.5,7.6,8.7,5.9,47.8
404,C,0,1,4.6,7.6,7.9,9.1,65.3
404,D,0,0,7.8,8.6,6.5,7.6,50.8
405,A,1,0,8.5,5.0,4.5,6.8,58.0
405,B,0,0,7.0,7.7,4.4,5.8,41.5
405,C,1,0,7.2,7.5,7.0,6.4,63.5
405,D,1,0,5.4,7.6,9.3,6.8,65.2
406,A,0,1,8.6,8.0,4.2,7.4,63.7
406,B,1,0,6.1,7.8,6.3,4.6,58.0
406,C,1,1,7.0,7.9,5.9,7.1,79.8
406,D,1,1,6.8,6.7,5.1,6.5,75.2
407,A,1,1,7.9,9.1,4.8,9.2,85.0
407,B,1,0,5.0,9.1,8.3,5.1,62.5
407,C,0,0,6.4,7.6,7.3,7.1,47.3
407,D,1,0,4.9,9.3,7.3,7.1,64.3
408,A,1,0,7.0,6.4,5.9,8.9,63.7
408,B,0,0,4.9,9.0,7.0,6.8,46.2
408,C,1,0,8.7,8.3,7.6,10,74.3
408,D,0,0,6.5,7.4,6.5,7.3,46.2
409,A,0,0,7.1,4.1,7.9,7.5,44.3
409,B,0,0,5.5,6.2,5.2,5.0,36.5
409,C,0,0,8.2,8.5,6.7,7.4,51.3
409,D,0,0,5.5,9.4,7.4,7.7,50.0
410,A,1,1,7.4,6.9,4.1,9.0,79.0
410,B,1,0,6.0,7.8,8.1,6.3,63.7
410,C,0,1,6.6,7.2,9.0,6.3,65.2
410,D,0,1,6.9,7.6,5.9,8.0,64.0
411,A,0,1,9.1,6.1,4.2,10,65.7
411,B,0,0,4.5,7.7,9.3,5.8,45.5
411,C,0,1,7.7,8.3,8.3,7.3,69.3
411,D,0,1,7.6,8.6,6.7,6.6,65.8
412,A,1,0,7.6,3.3,3.7,7.5,53.5
412,B,0,0,7.4,5.2,8.4,6.4,45.7
412,C,1,1,5.3,7.6,8.5,6.5,79.8
412,D,0,1,8.0,9.4,6.5,6.3,67.0
413,A,0,0,5.7,4.9,5.9,7.5,40.0
413,B,1,1,7.6,8.3,9.0,5.5,84.0
413,C,1,0,9.1,7.7,7.4,7.5,69.5
413,D,1,0,6.9,9.3,4.7,9.0,66.5
414,A,0,0,8.3,5.7,6.3,8.3,47.7
414,B,0,0,6.1,10,7.5,6.9,50.8
414,C,0,0,7.3,7.5,7.1,8.4,50.5
414,D,0,1,7.3,6.5,9.2,5.2,63.7
415,A,1,0,7.9,5.1,4.5,6.4,56.5
415,B,1,1,8.1,10,9.6,5.7,89.0
415,C,0,1,7.2,6.6,6.1,7.0,61.5
415,D,0,0,7.8,8.4,5.5,6.9,47.7
416,A,0,0,7.6,8.1,4.7,8.2,47.7
416,B,0,1,6.6,6.6,6.5,4.7,57.3
416,C,1,0,7.9,6.5,8.3,6.7,65.7
416,D,0,0,7.2,5.4,5.7,5.6,39.8
417,A,0,0,8.0,4.4,5.4,8.3,43.5
417,B,0,0,6.6,7.7,6.8,6.0,45.2
417,C,1,0,6.3,7.0,7.3,7.9,64.2
417,D,1,1,6.6,10,7.2,6.7,84.2
418,A,1,1,9.6,4.4,5.4,8.4,79.7
418,B,0,1,6.6,7.3,8.8,4.7,62.3
418,C,1,0,8.0,9.5,6.2,7.7,69.0
418,D,0,0,7.3,8.2,8.7,5.3,49.2
419,A,1,0,9.0,6.5,4.5,7.1,61.8
419,B,0,1,4.7,9.0,6.3,5.2,58.7
419,C,1,1,6.0,7.2,7.1,7.8,80.2
419,D,1,0,6.9,7.8,6.7,6.1,62.5
420,A,1,0,6.2,5.5,5.5,7.2,57.3
420,B,0,0,5.5,9.3,6.3,5.0,43.5
420,C,0,0,8.3,8.3,7.5,8.2,53.8
420,D,0,1,7.7,7.7,5.2,7.4,63.3
421,A,1,0,9.1,5.6,5.2,7.1,61.7
421,B,0,1,7.2,7.5,6.2,7.3,63.7
421,C,1,0,8.0,7.7,7.4,6.3,65.7
421,D,0,0,6.0,7.0,6.6,6.1,42.8
422,A,1,0,6.1,4.8,3.8,6.8,52.5
422,B,0,0,5.0,6.5,4.7,6.1,37.2
422,C,1,1,8.5,8.4,5.6,6.3,81.3
422,D,1,1,2.5,10,7.7,4.7,74.8
423,A,1,0,5.6,4.8,4.8,8.3,55.8
423,B,0,1,6.8,9.9,7.3,6.5,67.5
423,C,1,0,7.5,7.0,9.7,8.1,70.5
423,D,1,1,6.9,8.6,7.4,7.4,83.8
424,A,0,0,4.5,2.8,7.3,8.7,38.8
424,B,0,0,5.6,6.2,7.2,4.0,38.3
424,C,0,0,6.4,7.1,5.4,7.3,43.7
424,D,0,0,8.5,7.7,7.6,8.2,53.3
425,A,1,0,8.5,5.0,2.4,8.2,56.8
425,B,0,0,7.0,7.8,5.1,5.9,43.0
425,C,1,0,4.8,9.5,6.4,6.7,62.3
425,D,0,0,4.4,10,5.1,7.5,45.0
426,A,0,0,8.6,6.6,5.3,6.5,45.0
426,B,1,0,5.1,8.6,8.0,4.6,60.5
426,C,1,0,9.5,8.1,5.4,6.3,65.5
426,D,1,1,7.4,8.8,8.4,6.3,84.8
427,A,0,0,8.0,3.5,3.1,8.3,38.2
427,B,1,0,6.7,7.9,7.4,7.2,65.3
427,C,1,0,7.1,8.5,5.6,8.8,66.7
427,D,1,0,7.2,6.1,6.8,4.8,58.2
428,A,1,1,5.7,3.6,3.3,8.2,68.0
428,B,1,1,8.2,7.5,7.1,7.6,84.0
428,C,1,0,8.8,7.3,7.1,7.9,68.5
428,D,1,0,9.0,9.0,7.8,6.3,70.2
429,A,1,1,7.4,8.5,6.0,8.8,84.5
429,B,0,1,3.4,8.8,7.1,3.3,54.3
429,C,1,1,7.7,7.7,7.0,5.5,79.8
429,D,0,0,6.6,6.6,7.2,5.5,43.2
430,A,1,1,5.9,3.8,7.8,7.5,75.0
430,B,0,0,5.7,8.0,7.7,4.5,43.2
430,C,1,1,7.3,6.0,6.5,10,83.0
430,D,1,0,4.8,9.4,6.7,8.0,64.8
431,A,1,1,10,5.9,3.4,7.7,78.3
431,B,1,0,5.3,9.0,8.1,5.5,63.2
431,C,0,1,6.4,8.2,4.4,5.7,57.8
431,D,1,1,7.5,7.9,7.4,6.5,82.2
432,A,0,0,7.5,5.8,4.8,8.6,44.5
432,B,1,1,4.8,8.2,7.6,4.2,74.7
432,C,0,0,9.1,9.6,7.6,8.5,58.0
432,D,1,1,6.8,7.7,7.5,6.9,81.5
433,A,0,0,6.3,5.5,6.1,7.2,41.8
433,B,0,1,6.0,8.6,7.3,2.3,57.0
433,C,1,0,9.6,8.1,7.9,5.2,68.0
433,D,0,1,8.1,7.6,6.6,5.1,62.3
434,A,0,0,7.0,4.1,4.3,8.3,39.5
434,B,1,0,7.3,7.2,8.7,7.2,67.3
434,C,1,0,7.2,7.6,4.8,6.8,60.7
434,D,1,1,10,8.8,8.6,8.2,92.7
435,A,1,1,8.9,5.2,6.2,9.0,82.2
435,B,1,0,4.1,6.8,7.9,6.2,58.3
435,C,1,1,5.2,7.9,7.0,5.0,75.2
435,D,1,0,7.1,7.6,10,6.6,68.8
436,A,0,0,9.5,7.4,4.1,8.2,48.7
436,B,0,0,6.3,8.1,6.1,4.7,42.0
436,C,1,0,6.5,7.8,6.0,7.2,62.5
436,D,0,0,7.6,8.3,7.0,5.9,48.0
437,A,0,1,6.9,6.2,5.9,5.7,57.8
437,B,1,1,4.3,9.3,5.0,5.2,73.0
437,C,0,1,4.7,10,6.4,10.0,68.5
437,D,0,0,7.9,8.2,6.6,5.2,46.5
438,A,0,0,6.8,6.0,5.4,8.6,44.7
438,B,1,0,7.8,9.0,7.8,4.9,65.8
438,C,1,0,5.4,8.3,6.9,6.6,62.0
438,D,0,0,6.7,9.0,8.6,7.0,52.2
439,A,1,0,7.3,4.3,7.0,8.2,61.3
439,B,0,1,4.7,5.9,8.5,5.6,57.8
439,C,1,1,6.4,8.2,7.6,8.4,84.3
439,D,1,0,7.1,8.2,7.9,6.0,65.3
440,A,0,0,7.5,3.1,4.8,6.0,35.7
440,B,1,0,8.5,10,8.5,5.2,70.3
440,C,1,1,5.7,7.2,8.4,6.5,79.7
440,D,1,0,7.6,6.6,7.4,6.9,64.2
441,A,0,1,8.4,6.3,2.9,8.5,60.2
441,B,1,0,6.7,8.3,7.4,4.7,61.8
441,C,1,0,6.2,9.4,5.9,7.5,65.0
441,D,0,1,7.1,7.9,4.4,6.8,60.3
442,A,0,1,6.2,6.1,5.1,6.0,55.7
442,B,1,0,5.1,9.7,8.6,4.6,63.3
442,C,1,0,8.4,9.2,6.4,7.4,69.0
442,D,0,0,7.0,9.5,6.6,7.8,51.5
443,A,1,0,7.2,4.3,3.9,6.0,52.3
443,B,0,1,5.2,8.5,8.1,6.4,63.7
443,C,0,0,5.8,7.7,7.3,8.0,48.0
443,D,1,0,8.5,8.6,5.4,6.6,65.2
444,A,0,1,7.4,5.1,5.7,9.0,62.0
444,B,1,0,6.8,9.0,7.7,6.3,66.3
444,C,0,0,8.4,9.1,7.1,6.7,52.2
444,D,0,1,8.4,9.0,6.0,8.0,69.0
445,A,0,0,3.4,2.9,3.9,6.6,28.0
445,B,1,0,4.8,7.0,7.7,3.5,55.0
445,C,0,0,6.3,7.5,8.5,4.4,44.5
445,D,0,1,6.0,8.7,7.1,6.4,63.7
446,A,0,1,7.1,5.6,3.2,7.6,55.8
446,B,1,1,5.8,7.6,8.3,4.0,76.2
446,C,1,0,6.9,7.8,9.1,8.5,70.5
446,D,0,0,5.0,7.7,5.9,7.2,43.0
447,A,1,0,6.8,6.7,4.3,6.1,56.5
447,B,0,0,5.0,5.8,5.2,8.1,40.2
447,C,1,0,8.4,8.1,9.6,5.7,69.7
447,D,1,1,6.4,8.3,6.3,7.6,81.0
448,A,1,0,5.7,5.2,3.6,7.9,54.0
448,B,1,1,5.2,8.6,8.0,6.9,81.2
448,C,1,0,4.9,7.7,7.4,8.2,63.7
448,D,0,0,6.9,9.0,7.6,8.1,52.7
449,A,0,0,8.1,5.0,5.8,6.4,42.2
449,B,1,0,5.3,9.7,6.7,5.8,62.5
449,C,1,1,7.1,6.7,6.7,5.2,76.2
449,D,0,1,5.6,7.6,5.4,7.5,60.2
450,A,0,0,8.1,5.3,2.6,8.9,41.5
450,B,1,0,5.7,9.5,7.8,5.3,63.8
450,C,1,0,7.0,8.8,7.7,7.0,67.5
450,D,1,1,5.0,9.4,6.6,9.3,83.8
451,A,0,1,8.0,3.4,3.5,6.3,52.0
451,B,0,0,5.2,7.3,5.6,6.5,41.0
451,C,0,0,7.2,7.0,6.9,9.0,50.2
451,D,1,1,7.8,8.1,6.7,7.1,82.8
452,A,0,0,8.6,3.6,4.8,7.9,41.5
452,B,1,0,4.6,7.3,6.9,5.4,57.0
452,C,0,0,8.1,7.1,9.5,5.8,50.8
452,D,1,1,8.4,7.5,7.1,5.9,81.5
453,A,0,0,5.9,5.6,4.2,7.9,39.3
453,B,1,0,6.5,8.3,8.2,6.8,66.3
453,C,1,1,6.0,7.5,9.6,9.0,86.8
453,D,1,1,6.5,8.5,6.1,4.4,75.8
454,A,0,0,7.9,7.1,5.1,6.6,44.5
454,B,1,0,6.8,9.0,10,4.3,66.8
454,C,1,0,4.8,9.4,6.9,7.0,63.5
454,D,0,1,6.3,7.3,6.3,6.6,60.8
455,A,1,0,8.1,5.3,5.7,7.4,60.8
455,B,0,0,7.0,8.9,8.7,6.2,51.3
455,C,0,0,7.0,6.4,5.0,7.1,42.5
455,D,1,1,7.7,7.4,7.5,7.7,83.8
456,A,0,1,7.8,5.0,4.9,6.9,57.7
456,B,0,1,5.4,6.3,6.9,5.9,57.5
456,C,1,1,7.6,9.4,5.3,8.8,85.2
456,D,0,0,7.0,7.3,5.7,8.0,46.7
457,A,1,0,7.4,7.9,4.4,6.5,60.3
457,B,0,1,6.0,7.9,7.6,6.8,63.8
457,C,1,1,10,7.7,6.6,6.0,83.8
457,D,0,1,5.9,8.7,4.9,5.3,58.0
458,A,0,0,10,6.8,5.2,4.5,44.2
458,B,1,0,5.7,9.7,7.7,4.9,63.3
458,C,0,0,9.2,8.6,5.9,7.5,52.0
458,D,0,0,5.0,7.6,5.7,6.1,40.7
459,A,0,0,8.9,6.7,5.5,8.2,48.8
459,B,1,0,6.3,8.2,6.9,4.3,59.5
459,C,0,0,9.3,7.2,7.6,8.2,53.8
459,D,1,1,4.5,6.5,6.1,7.8,74.8
460,A,1,0,6.0,6.4,5.0,6.2,56.0
460,B,0,0,8.4,7.3,4.0,4.1,39.7
460,C,1,1,6.9,5.9,8.4,9.1,83.8
460,D,0,1,6.0,6.9,7.1,6.2,60.3
461,A,0,0,7.6,5.1,4.9,7.7,42.2
461,B,0,0,5.4,8.0,8.7,7.3,49.0
461,C,1,0,5.8,7.0,7.7,6.5,61.7
461,D,1,1,5.5,8.4,6.7,6.1,77.8
462,A,0,0,9.9,6.3,5.6,9.3,51.8
462,B,1,0,5.5,9.7,6.1,5.6,61.5
462,C,1,0,6.9,7.1,7.3,8.3,66.0
462,D,1,1,6.6,9.7,6.3,8.3,84.8
463,A,1,0,6.6,5.8,5.1,7.4,58.2
463,B,0,1,7.3,6.7,7.5,5.3,61.3
463,C,1,1,5.7,6.7,6.9,8.0,78.8
463,D,1,1,7.7,5.2,7.9,8.2,81.7
464,A,0,0,7.1,4.5,5.2,7.0,39.7
464,B,0,0,5.3,8.3,6.6,4.9,41.8
464,C,0,1,5.3,5.8,10,8.0,65.2
464,D,1,1,5.9,7.9,6.0,7.5,78.8
465,A,1,0,8.1,5.4,5.3,8.1,61.5
465,B,0,0,6.5,9.2,6.9,5.3,46.5
465,C,0,0,6.8,8.2,6.6,6.1,46.2
465,D,1,0,7.5,6.3,3.6,8.1,59.2
466,A,1,1,8.4,5.1,3.5,6.8,73.0
466,B,1,0,8.2,10,8.5,5.9,71.0
466,C,1,1,4.4,7.5,4.7,9.0,76.0
466,D,1,1,8.4,7.1,5.3,4.6,75.7
467,A,0,0,9.0,6.4,6.1,7.0,47.5
467,B,1,1,5.4,4.4,6.8,6.8,72.3
467,C,1,0,5.3,6.0,7.5,6.6,59.0
467,D,1,0,7.3,6.6,7.9,8.1,66.5
468,A,1,0,8.0,2.8,5.6,8.5,58.2
468,B,1,1,5.9,8.0,7.7,5.5,78.5
468,C,1,0,6.0,8.2,7.4,6.5,63.5
468,D,1,0,7.7,6.2,5.7,5.1,57.8
469,A,1,0,6.9,5.2,5.6,9.3,61.7
469,B,1,0,5.9,8.2,9.3,6.6,66.7
469,C,1,0,5.5,8.1,5.4,5.1,56.8
469,D,0,1,6.4,7.0,9.1,6.8,65.5
470,A,0,1,8.2,3.5,3.9,8.6,57.0
470,B,1,0,7.0,5.8,7.9,4.4,58.5
470,C,1,0,6.5,7.9,5.4,8.0,63.0
470,D,1,1,8.5,7.5,8.1,6.6,84.5
471,A,0,1,4.9,5.1,5.0,6.0,51.7
471,B,1,0,2.6,10,6.1,3.5,53.7
471,C,1,0,6.8,6.6,8.1,9.4,68.2
471,D,0,0,6.8,9.1,4.9,8.3,48.5
472,A,0,1,7.5,3.1,3.9,8.2,54.5
472,B,0,1,6.4,8.8,6.7,6.9,64.7
472,C,1,1,6.8,6.5,9.1,8.7,85.2
472,D,0,0,8.7,8.8,6.9,6.5,51.5
473,A,0,1,9.3,5.0,3.7,9.2,62.0
473,B,1,1,4.0,8.6,5.7,7.1,75.7
473,C,0,1,6.7,9.8,6.8,5.1,64.0
473,D,0,0,5.5,7.5,6.3,7.3,44.3
474,A,1,1,9.6,5.8,6.3,6.2,79.8
474,B,1,1,4.5,8.2,5.9,3.5,70.2
474,C,0,0,7.4,7.6,6.9,7.1,48.3
474,D,0,1,4.8,6.8,5.6,5.8,55.0
475,A,0,1,7.9,3.8,4.2,6.4,53.8
475,B,1,0,5.9,6.4,9.0,7.8,65.2
475,C,0,1,6.6,8.6,10,8.7,73.2
475,D,1,1,6.5,7.1,4.9,6.0,74.2
476,A,0,0,8.0,7.8,3.5,6.5,43.0
476,B,1,1,5.6,8.3,4.7,3.5,70.2
476,C,1,0,8.3,8.1,6.9,6.7,66.7
476,D,0,0,7.5,8.1,5.6,4.3,42.5
477,A,0,0,7.6,4.1,4.0,6.2,36.5
477,B,1,1,6.3,7.1,8.7,5.1,78.7
477,C,1,0,7.0,7.3,10,6.7,68.3
477,D,1,0,6.4,8.0,8.7,5.1,63.7
478,A,1,0,5.1,4.5,4.0,6.2,49.7
478,B,0,0,6.7,10,9.2,2.6,47.5
478,C,1,0,7.6,5.5,5.3,5.5,56.5
478,D,0,1,6.2,10,7.3,4.3,63.0
479,A,0,0,7.5,4.3,5.7,7.8,42.2
479,B,0,0,5.8,7.5,6.0,5.7,41.7
479,C,1,0,6.8,7.8,7.7,6.4,64.5
479,D,0,0,7.0,9.7,6.8,7.3,51.3
480,A,1,0,7.9,7.5,5.3,4.9,59.3
480,B,0,0,6.5,8.3,7.1,5.6,45.8
480,C,0,1,5.3,10,5.1,6.1,60.8
480,D,0,1,6.4,6.4,6.3,7.1,60.3
481,A,1,1,7.9,5.6,4.7,7.5,76.2
481,B,0,1,6.7,8.8,9.0,5.6,66.8
481,C,1,1,5.2,9.6,7.7,7.6,83.5
481,D,0,0,8.2,9.1,6.6,6.2,50.2
482,A,0,0,8.7,5.0,5.9,8.2,46.3
482,B,0,1,7.3,8.3,9.6,3.8,65.0
482,C,1,0,4.9,8.3,7.5,9.1,66.3
482,D,1,0,5.9,7.5,7.0,7.7,63.5
483,A,1,1,4.9,6.1,5.9,6.1,71.7
483,B,1,0,6.3,7.0,6.9,5.5,59.5
483,C,1,1,6.7,8.4,7.8,7.9,84.7
483,D,0,1,8.3,7.3,7.5,5.0,63.5
484,A,1,0,7.2,6.8,5.8,8.5,63.8
484,B,1,0,5.0,9.0,6.9,4.4,58.8
484,C,1,0,6.3,7.6,6.1,8.2,63.7
484,D,0,1,8.0,8.4,6.8,9.3,70.8
485,A,1,1,9.6,3.6,3.3,9.5,76.7
485,B,1,0,6.3,8.9,9.9,5.2,67.2
485,C,1,1,7.3,7.8,7.4,8.5,85.0
485,D,0,1,8.5,8.5,6.3,7.8,68.5
486,A,0,0,5.6,4.2,4.9,8.4,38.5
486,B,1,0,4.4,6.9,7.4,5.1,56.3
486,C,1,0,6.9,10.0,6.3,6.6,66.3
486,D,1,1,7.3,6.7,7.8,8.3,83.5
487,A,0,0,8.6,5.8,3.2,4.2,36.3
487,B,0,1,5.3,9.3,6.2,5.7,60.8
487,C,1,0,5.8,6.3,6.2,9.3,62.7
487,D,0,1,6.6,9.1,6.7,6.2,64.3
488,A,1,0,5.3,7.7,5.0,8.2,60.3
488,B,1,0,7.7,9.3,8.0,2.6,62.7
488,C,1,1,6.8,7.6,6.8,8.6,83.0
488,D,1,0,3.8,7.8,4.8,8.0,57.3
489,A,0,1,8.7,5.3,8.0,8.7,67.8
489,B,1,0,5.5,8.5,6.1,5.7,59.7
489,C,1,0,7.4,6.0,6.8,5.5,59.5
489,D,0,1,7.2,7.2,5.3,6.7,60.7
490,A,0,0,10,8.4,3.9,7.4,49.5
490,B,1,0,7.4,7.9,4.3,4.7,57.2
490,C,0,0,7.5,7.1,5.9,8.8,48.8
490,D,0,0,4.9,7.3,4.3,7.6,40.2
491,A,1,0,8.5,7.6,5.9,8.9,68.2
491,B,1,0,4.4,8.8,8.6,5.9,62.8
491,C,1,1,8.6,8.2,8.2,8.3,88.8
491,D,1,0,8.8,8.9,6.2,7.6,69.2
492,A,1,0,8.3,5.5,5.3,9.6,64.5
492,B,0,0,5.1,8.6,7.1,4.3,41.8
492,C,0,0,6.5,7.5,6.7,7.9,47.7
492,D,1,1,6.6,6.7,5.5,6.9,76.2
493,A,0,0,7.8,4.3,5.4,5.5,38.3
493,B,0,1,5.3,9.1,8.7,5.9,65.0
493,C,0,1,6.3,7.8,7.5,6.8,64.0
493,D,0,1,7.3,6.4,6.8,7.1,62.7
494,A,0,0,6.6,7.4,6.6,7.4,46.7
494,B,1,0,3.8,8.0,6.2,4.7,54.5
494,C,1,1,7.3,7.5,6.8,9.7,85.5
494,D,0,1,6.3,6.2,4.6,5.1,53.7
495,A,0,1,8.0,5.1,5.0,8.0,60.2
495,B,0,0,5.0,6.5,8.4,3.4,38.8
495,C,0,1,6.0,9.1,7.1,7.5,66.2
495,D,0,0,7.1,7.6,7.6,8.7,51.7
496,A,1,0,6.2,7.4,6.6,6.8,61.7
496,B,1,0,7.1,9.2,8.5,5.2,66.7
496,C,1,1,5.9,8.4,9.1,5.6,81.7
496,D,1,0,5.3,7.0,5.1,8.6,60.0
497,A,1,0,7.7,7.9,4.9,6.3,61.3
497,B,0,0,4.7,6.5,8.5,5.8,42.5
497,C,1,0,6.8,7.0,5.5,4.6,56.5
497,D,0,0,6.8,7.4,6.3,7.3,46.3
498,A,1,0,8.4,5.5,6.2,9.4,65.8
498,B,1,0,5.0,8.1,6.7,4.6,57.3
498,C,1,1,6.9,9.7,7.7,5.2,82.5
498,D,0,1,5.9,7.0,7.2,5.8,59.8
499,A,1,1,9.9,5.6,7.2,5.0,79.5
499,B,1,0,6.2,7.3,7.7,6.1,62.2
499,C,1,0,5.7,7.9,6.8,8.3,64.5
499,D,1,0,4.6,10,7.0,6.2,63.0
500,A,0,0,7.4,5.1,3.0,10,42.5
500,B,1,0,5.7,7.7,7.4,6.6,62.3
500,C,1,0,6.4,7.1,5.0,7.6,60.2
500,D,0,1,7.9,8.8,5.1,6.2,63.3
501,A,1,0,7.3,4.4,4.6,5.7,53.3
501,B,1,0,4.8,8.5,7.4,3.9,57.7
501,C,0,0,6.6,10,8.2,8.9,56.2
501,D,0,0,9.1,7.8,6.9,5.8,49.3
502,A,0,1,7.8,4.3,5.5,7.7,58.8
502,B,1,0,5.0,8.1,6.9,4.5,57.5
502,C,1,1,5.4,8.2,8.9,7.8,83.8
502,D,1,0,7.6,8.6,6.1,4.4,61.2
503,A,0,0,8.2,5.9,2.7,8.1,41.5
503,B,0,0,4.4,8.6,6.9,5.5,42.3
503,C,1,1,7.8,6.5,7.4,7.6,82.2
503,D,0,1,5.8,8.6,7.8,7.0,65.3
504,A,1,0,4.7,5.2,2.8,6.8,49.2
504,B,1,0,6.2,5.3,7.8,4.3,56.0
504,C,1,1,7.6,8.0,5.8,8.4,83.0
504,D,0,0,7.1,8.9,4.4,7.3,46.2
505,A,0,0,6.7,6.4,2.8,5.9,36.3
505,B,1,0,5.8,7.5,8.1,7.4,64.7
505,C,1,0,5.5,8.5,8.3,7.0,65.5
505,D,0,0,7.4,7.0,4.8,8.1,45.5
506,A,1,0,6.3,4.9,2.2,6.9,50.5
506,B,1,0,6.3,7.1,8.3,7.7,65.7
506,C,0,0,7.9,8.4,10,8.2,57.5
506,D,0,0,6.0,8.2,5.1,8.6,46.5
507,A,0,0,7.7,4.2,5.4,3.5,34.7
507,B,0,1,7.5,8.8,6.7,5.8,64.7
507,C,1,0,6.6,8.6,6.9,9.2,68.8
507,D,1,0,5.7,9.6,7.4,5.9,64.3
508,A,0,0,7.8,5.9,4.8,8.8,45.5
508,B,1,1,3.6,7.7,7.4,5.3,73.3
508,C,1,0,7.3,8.6,8.6,8.7,72.0
508,D,0,0,6.8,8.5,7.0,6.4,47.8
509,A,0,0,6.1,6.7,4.4,7.9,41.8
509,B,1,1,6.7,10,8.2,3.1,80.0
509,C,1,0,6.1,7.8,6.3,6.0,60.3
509,D,1,0,4.4,4.1,6.0,7.3,53.0
510,A,0,0,8.2,6.5,4.5,6.9,43.5
510,B,1,0,5.6,7.9,4.5,6.1,56.8
510,C,1,0,6.8,5.2,9.2,8.0,65.3
510,D,0,0,6.7,8.2,6.2,5.2,43.8
511,A,1,0,9.0,4.9,2.7,6.3,54.8
511,B,0,1,7.3,6.3,9.8,6.4,66.3
511,C,0,0,9.4,6.8,5.8,8.9,51.5
511,D,0,0,7.4,8.4,5.5,8.7,50.0
512,A,0,1,7.6,5.1,2.8,5.4,51.5
512,B,1,0,6.3,9.7,7.8,6.5,67.2
512,C,1,1,9.2,6.9,6.7,5.5,80.5
512,D,0,0,6.2,7.8,5.2,8.3,45.8
513,A,0,0,8.5,5.4,5.4,7.6,44.8
513,B,1,0,5.1,9.4,9.6,6.9,68.3
513,C,1,1,6.6,8.5,6.8,8.8,84.5
513,D,1,1,7.7,7.1,8.3,6.8,83.2
514,A,1,0,8.0,4.3,6.2,9.5,63.3
514,B,1,1,5.5,5.8,7.8,6.2,75.5
514,C,0,1,7.2,7.9,7.2,8.7,68.3
514,D,1,0,6.9,7.9,7.4,6.7,64.8
515,A,0,1,7.1,4.8,7.6,6.8,60.5
515,B,1,1,7.0,8.9,4.1,6.9,78.2
515,C,1,0,6.3,6.4,7.8,9.0,65.8
515,D,0,1,8.5,5.9,6.5,8.5,65.7
516,A,0,0,6.2,5.1,6.7,6.9,41.5
516,B,0,0,4.8,8.0,6.0,3.1,36.5
516,C,1,0,6.8,8.6,5.5,5.7,61.0
516,D,0,1,5.4,7.2,4.4,7.5,57.5
517,A,1,0,8.3,4.8,2.7,9.8,59.3
517,B,1,1,6.7,9.9,5.4,4.7,77.8
517,C,1,0,6.1,5.8,7.3,7.3,60.8
517,D,1,1,8.0,6.3,8.4,6.5,82.0
518,A,0,1,6.6,3.8,2.0,5.5,46.5
518,B,1,0,7.1,6.4,6.5,5.8,59.7
518,C,1,0,8.5,8.2,7.0,8.4,70.2
518,D,0,0,6.2,9.5,6.7,5.8,47.0
519,A,0,0,9.3,5.8,6.2,7.5,48.0
519,B,0,1,7.3,10,5.6,5.9,64.7
519,C,1,0,7.8,8.8,9.0,6.8,70.7
519,D,1,0,6.5,6.2,6.2,7.0,59.8
520,A,1,0,7.7,5.5,6.2,7.4,61.3
520,B,1,0,6.3,8.0,7.5,4.8,61.0
520,C,1,1,6.1,6.4,5.7,8.5,77.8
520,D,1,0,7.4,6.9,7.5,5.4,62.0
521,A,0,0,6.9,3.7,6.8,6.7,40.2
521,B,1,0,4.8,8.2,7.8,5.3,60.2
521,C,0,1,7.4,8.9,6.5,7.6,67.3
521,D,0,1,6.4,7.3,6.0,4.9,57.7
522,A,0,0,8.8,4.7,3.3,7.5,40.5
522,B,0,0,5.3,5.1,6.4,3.0,33.0
522,C,0,0,5.4,5.6,7.7,7.2,43.2
522,D,1,0,6.9,8.0,5.5,6.7,61.8
523,A,1,1,6.8,4.4,4.5,7.9,72.7
523,B,1,0,7.6,9.4,7.8,4.3,65.2
523,C,1,1,7.9,8.8,7.5,8.8,88.3
523,D,0,0,7.9,8.9,6.7,8.0,52.5
524,A,0,0,8.1,4.5,5.4,8.3,43.8
524,B,1,1,6.7,8.7,6.0,8.1,82.5
524,C,0,1,7.6,5.2,7.0,6.8,61.0
524,D,0,0,6.9,8.5,7.3,6.4,48.5
525,A,1,1,8.5,5.2,5.8,8.2,79.5
525,B,1,0,5.1,7.8,6.6,5.6,58.5
525,C,1,0,8.1,8.1,8.2,5.8,67.0
525,D,0,0,8.4,7.9,6.9,6.5,49.5
526,A,1,1,7.3,5.8,4.3,6.5,73.2
526,B,0,0,5.6,7.4,7.5,5.3,43.0
526,C,1,1,7.8,9.5,7.8,9.3,90.7
526,D,1,0,7.1,6.3,6.8,6.0,60.3
527,A,0,1,8.8,2.9,4.5,6.1,53.8
527,B,0,1,4.8,8.2,8.8,7.2,65.0
527,C,0,0,8.1,8.0,8.0,7.4,52.5
527,D,1,1,7.4,9.2,5.3,6.4,80.5
528,A,0,1,6.5,4.5,3.1,8.6,54.5
528,B,1,0,5.0,7.4,5.5,4.2,53.5
528,C,1,1,7.6,6.4,6.8,7.8,81.0
528,D,1,0,5.2,6.3,7.2,7.0,59.5
529,A,1,0,8.3,6.0,4.6,8.5,62.3
529,B,0,1,6.0,8.9,7.1,4.7,61.2
529,C,1,0,8.9,6.5,7.5,9.3,70.3
529,D,1,1,8.1,7.1,6.7,8.6,84.2
530,A,1,1,9.4,5.8,3.2,8.0,77.3
530,B,0,1,4.3,5.9,8.1,4.9,55.3
530,C,1,1,5.2,10,6.8,8.3,83.8
530,D,0,0,6.2,8.8,5.7,7.1,46.3
531,A,0,0,8.8,3.6,2.7,6.7,36.3
531,B,1,0,5.4,6.7,6.8,5.1,56.7
531,C,0,0,7.2,6.4,6.9,8.8,48.8
531,D,1,1,4.8,8.8,6.5,7.9,80.0
532,A,1,0,6.9,4.2,4.5,7.3,54.8
532,B,0,0,6.4,9.7,9.5,3.5,48.5
532,C,0,0,7.8,7.6,8.9,8.4,54.5
532,D,0,0,7.9,9.9,8.0,7.6,55.7
533,A,0,1,5.6,5.6,5.6,8.5,58.8
533,B,1,1,5.6,6.8,5.8,4.9,71.8
533,C,1,0,8.1,7.1,7.2,6.8,65.3
533,D,1,0,7.9,8.4,5.9,10,70.3
534,A,1,1,8.3,5.4,4.6,9.0,78.8
534,B,1,1,5.5,9.8,5.9,4.7,76.5
534,C,1,1,6.7,7.4,7.4,7.9,82.3
534,D,0,0,7.9,8.6,6.1,5.3,46.5
535,A,1,0,8.7,5.2,6.0,7.4,62.2
535,B,1,0,6.2,8.8,6.0,6.5,62.5
535,C,1,1,7.2,8.7,6.7,9.3,86.5
535,D,0,0,4.4,7.9,6.6,6.3,42.0
536,A,1,0,5.1,5.9,5.8,6.2,55.0
536,B,0,1,4.7,7.7,8.3,5.0,59.5
536,C,1,0,7.8,9.3,6.3,4.5,63.2
536,D,1,1,7.2,7.0,7.2,7.7,81.8
537,A,0,0,7.9,5.9,5.1,10,48.2
537,B,1,1,5.2,6.1,7.3,7.1,76.2
537,C,0,0,8.7,7.8,5.2,5.5,45.3
537,D,1,1,5.5,9.1,6.8,6.5,79.8
538,A,0,1,7.4,4.1,4.2,8.2,56.5
538,B,1,1,5.4,7.7,7.8,4.2,75.2
538,C,1,1,6.6,8.6,7.1,7.7,83.3
538,D,0,0,5.5,7.4,7.5,5.8,43.7
539,A,0,0,8.8,8.1,4.7,8.5,50.2
539,B,0,0,8.0,6.3,5.0,6.9,43.7
539,C,1,1,8.3,8.3,6.5,6.7,83.0
539,D,0,0,7.3,6.1,7.2,5.3,43.2
540,A,0,0,5.4,5.5,3.6,9.0,39.2
540,B,1,1,6.8,9.0,7.3,6.3,82.3
540,C,0,1,7.9,7.0,5.8,6.2,61.5
540,D,1,0,7.9,8.5,6.1,5.8,63.8
541,A,0,0,6.7,5.0,5.5,5.5,37.8
541,B,1,1,3.9,9.1,10,7.2,83.7
541,C,1,1,7.4,6.8,8.1,4.5,78.0
541,D,1,0,8.4,6.4,7.0,5.6,62.3
542,A,1,0,4.8,5.6,5.7,5.3,52.3
542,B,1,1,4.7,8.9,8.9,4.3,78.0
542,C,0,0,6.5,7.4,5.9,7.9,46.2
542,D,1,0,7.1,5.8,7.1,9.1,65.2
543,A,0,0,7.7,4.0,5.0,7.2,39.8
543,B,1,0,5.2,6.9,7.6,5.1,58.0
543,C,1,0,6.2,6.9,6.0,8.2,62.2
543,D,1,0,6.6,6.9,5.5,7.6,61.0
544,A,0,0,6.9,3.7,4.3,5.3,33.7
544,B,1,1,7.1,9.3,9.8,7.0,88.7
544,C,0,1,7.3,6.8,6.3,7.0,62.3
544,D,1,1,6.2,7.1,6.6,6.8,77.8
545,A,0,0,9.0,3.2,2.9,7.2,37.2
545,B,0,0,4.7,6.4,7.0,6.2,40.5
545,C,1,0,9.2,9.0,8.7,8.7,76.0
545,D,1,1,8.0,8.8,8.4,5.9,85.2
546,A,0,1,5.7,4.8,5.9,7.9,57.2
546,B,1,0,7.1,8.4,6.1,4.7,60.5
546,C,1,0,6.5,9.1,7.6,6.0,65.3
546,D,0,0,7.1,8.8,7.2,8.8,53.2
547,A,0,1,9.2,6.0,7.8,7.2,67.0
547,B,0,1,6.6,7.5,6.5,5.4,60.0
547,C,1,0,6.0,6.5,6.8,6.7,60.0
547,D,0,0,4.5,7.6,5.3,9.0,44.0
548,A,0,0,6.0,4.7,4.1,6.8,36.0
548,B,1,0,5.9,8.7,7.6,5.2,62.3
548,C,1,0,9.3,8.2,6.8,6.9,68.7
548,D,0,1,4.6,6.7,6.6,6.7,57.7
549,A,1,0,6.9,6.6,3.3,6.6,55.7
549,B,1,0,6.9,9.6,7.4,7.4,68.8
549,C,0,0,7.3,8.7,5.2,8.0,48.7
549,D,1,0,7.0,4.4,8.9,7.5,63.0
550,A,0,0,7.4,5.0,7.0,7.9,45.5
550,B,1,0,6.2,9.0,9.1,6.0,67.2
550,C,1,0,6.5,7.7,6.8,6.3,62.2
550,D,0,0,8.4,7.8,5.8,6.7,47.8
551,A,1,0,6.2,5.2,2.9,5.5,49.7
551,B,1,0,6.3,8.6,7.3,4.3,60.8
551,C,1,0,6.7,7.6,10,7.6,69.8
551,D,1,0,7.6,5.6,4.9,5.8,56.5
552,A,1,0,9.4,6.1,5.2,10,67.8
552,B,0,0,6.3,10,7.0,5.6,48.2
552,C,1,1,7.2,8.0,7.7,10.0,88.2
552,D,1,0,6.4,8.4,6.5,8.0,65.5
553,A,0,0,7.4,7.7,5.4,7.1,46.0
553,B,1,0,6.5,8.4,5.7,6.7,62.2
553,C,0,0,7.6,7.1,7.8,7.0,49.2
553,D,0,1,7.9,7.8,8.5,5.9,66.8
554,A,0,0,8.9,3.9,3.9,7.4,40.2
554,B,1,0,6.8,7.4,7.9,7.6,66.2
554,C,1,1,10.0,8.2,5.5,8.2,86.5
554,D,0,0,7.1,6.3,9.0,6.4,48.0
555,A,1,0,7.0,5.4,5.5,9.0,61.5
555,B,0,0,5.6,7.9,8.3,6.5,47.2
555,C,1,1,7.9,7.7,5.4,6.3,78.8
555,D,1,0,7.6,6.9,6.6,8.9,66.7
556,A,1,0,8.4,6.3,7.7,8.3,67.8
556,B,1,0,4.6,10,4.8,4.4,56.3
556,C,1,1,6.1,6.3,6.0,8.0,77.3
556,D,1,1,6.7,7.7,6.6,7.1,80.2
557,A,1,1,7.1,4.6,5.9,7.6,75.3
557,B,1,0,6.0,7.8,6.7,5.2,59.5
557,C,1,0,8.4,7.4,6.9,9.2,69.8
557,D,1,1,7.5,7.9,7.7,5.2,80.5
558,A,0,1,9.0,5.4,3.4,6.6,57.3
558,B,1,0,7.2,8.1,9.2,6.2,67.8
558,C,1,1,9.0,7.2,7.1,6.6,83.2
558,D,1,0,6.8,7.3,7.6,6.3,63.3
559,A,0,0,6.2,4.8,7.4,7.6,43.3
559,B,1,0,7.3,6.4,7.8,6.0,62.5
559,C,1,1,8.7,8.2,6.1,8.1,85.2
559,D,0,1,5.0,9.0,7.5,7.9,65.7
560,A,0,0,7.0,5.8,4.7,7.7,42.0
560,B,0,1,5.0,7.1,6.6,5.3,56.7
560,C,0,0,9.1,8.5,8.2,6.2,53.3
560,D,1,0,7.0,7.1,7.3,5.1,60.8
561,A,1,0,9.0,5.1,5.0,9.2,63.8
561,B,0,0,7.6,9.2,7.0,7.5,52.2
561,C,0,1,6.6,7.8,6.4,8.2,65.0
561,D,0,0,7.9,8.0,3.9,7.4,45.3
562,A,1,0,7.4,6.5,4.8,7.1,59.7
562,B,0,0,3.3,5.6,6.9,7.3,38.5
562,C,0,0,7.0,6.3,7.0,6.6,44.8
562,D,1,0,7.3,8.1,6.4,4.9,61.2
563,A,0,0,7.7,4.9,3.9,9.6,43.5
563,B,1,0,6.3,10,7.2,5.3,64.7
563,C,1,1,6.2,8.1,6.2,6.7,78.7
563,D,1,1,4.9,8.4,4.8,7.8,76.5
564,A,0,0,7.4,3.5,6.3,6.8,40.0
564,B,1,1,8.3,8.0,8.0,5.1,82.3
564,C,1,1,6.2,7.3,6.9,4.6,75.0
564,D,1,0,7.2,8.3,7.7,7.0,67.0
565,A,1,0,7.7,6.4,5.3,8.2,62.7
565,B,1,0,5.3,8.3,6.6,5.6,59.7
565,C,0,1,8.4,9.4,7.6,7.3,71.2
565,D,1,1,6.6,9.8,6.7,5.7,81.3
566,A,0,0,9.2,7.2,5.2,6.7,47.2
566,B,0,0,7.0,8.9,6.1,4.2,43.7
566,C,1,0,6.4,6.1,8.0,4.3,58.0
566,D,1,0,7.0,9.2,6.5,7.6,67.2
567,A,1,0,8.6,6.0,5.7,7.9,63.7
567,B,0,0,4.8,5.6,8.9,5.4,41.2
567,C,1,0,9.0,8.2,6.9,6.0,66.8
567,D,1,1,6.6,9.7,6.0,7.7,83.3
568,A,1,0,9.4,4.6,3.0,5.6,54.3
568,B,1,1,5.9,8.4,9.6,5.6,82.5
568,C,0,1,5.7,9.0,8.4,8.0,68.5
568,D,0,0,5.2,6.3,6.5,5.5,39.2
569,A,1,0,7.4,3.7,5.6,5.5,53.7
569,B,1,1,7.0,6.9,9.3,3.0,77.0
569,C,0,0,6.3,6.1,7.4,8.5,47.2
569,D,0,0,7.3,7.5,6.5,7.9,48.7
570,A,0,0,8.1,7.4,3.9,7.4,44.7
570,B,0,1,6.5,10,7.5,4.7,64.5
570,C,1,0,6.9,7.1,5.8,6.1,59.8
570,D,1,1,8.2,7.3,6.2,7.5,82.0
571,A,1,0,6.5,5.5,6.5,6.5,58.3
571,B,0,1,4.5,10,8.0,4.4,61.5
571,C,0,0,6.4,6.1,8.3,6.0,44.7
571,D,1,0,5.8,6.3,4.9,3.5,50.8
572,A,0,0,8.9,5.9,6.0,7.1,46.5
572,B,1,0,5.7,9.5,10,3.4,64.3
572,C,1,0,6.1,4.9,6.8,7.2,58.3
572,D,1,1,6.3,7.7,7.0,6.1,78.5
573,A,0,0,6.3,2.7,6.9,7.0,38.2
573,B,1,1,9.2,8.4,6.5,4.3,80.7
573,C,1,1,9.4,6.7,4.6,6.3,78.3
573,D,1,1,5.5,6.5,7.3,5.9,75.3
574,A,1,0,9.3,4.0,4.0,6.2,55.8
574,B,0,0,6.3,7.3,7.2,4.2,41.7
574,C,0,0,5.4,8.9,8.3,6.9,49.2
574,D,1,0,8.2,8.4,6.2,9.4,70.3
575,A,1,0,7.0,5.7,6.9,8.9,64.2
575,B,1,0,5.5,7.0,9.2,4.9,61.0
575,C,1,0,5.4,8.0,8.1,7.3,64.7
575,D,0,0,5.0,6.2,5.4,5.1,36.2
576,A,1,0,5.1,5.4,3.7,8.1,53.8
576,B,1,1,4.7,10,8.5,5.9,81.8
576,C,0,0,7.4,8.6,6.3,7.4,49.5
576,D,1,1,5.3,7.2,6.4,8.1,78.3
577,A,0,1,5.5,4.7,4.6,8.9,56.2
577,B,0,0,5.4,7.5,7.5,8.2,47.7
577,C,1,0,6.7,8.1,6.6,6.7,63.5
577,D,1,0,6.9,7.8,8.4,7.2,67.2
578,A,1,0,8.5,5.1,5.2,5.3,56.8
578,B,1,0,7.2,9.5,8.2,5.1,66.7
578,C,1,0,8.1,8.3,8.0,5.0,65.7
578,D,1,0,6.9,8.3,7.6,8.2,68.3
579,A,0,1,8.9,6.0,4.9,10.0,66.3
579,B,0,1,5.5,8.8,8.2,5.8,63.8
579,C,0,1,7.7,7.9,6.9,7.6,66.8
579,D,1,1,6.2,5.2,5.4,6.1,71.5
580,A,1,0,8.9,5.2,4.4,7.4,59.8
580,B,0,1,4.3,9.5,9.3,3.2,60.5
580,C,0,1,8.3,5.3,6.4,7.6,62.7
580,D,1,0,8.1,7.8,6.2,4.7,61.3
581,A,0,0,10,6.0,3.8,7.9,46.2
581,B,0,0,6.7,7.2,7.0,6.2,45.2
581,C,1,1,7.8,7.5,7.4,6.9,82.7
581,D,0,1,5.9,7.3,7.0,5.2,59.0
582,A,1,0,5.8,6.7,4.1,7.0,56.0
582,B,1,0,5.6,7.8,7.3,6.0,61.2
582,C,1,0,4.9,8.8,8.1,7.1,64.8
582,D,0,0,5.5,7.0,6.7,6.0,42.0
583,A,1,0,7.9,4.4,4.4,7.9,57.7
583,B,1,1,4.8,9.2,7.8,5.9,79.5
583,C,0,1,7.8,7.7,7.3,9.3,70.2
583,D,0,0,5.0,8.3,7.8,6.2,45.5
584,A,1,0,4.7,3.9,4.5,8.5,52.7
584,B,0,0,5.5,6.3,8.1,9.1,48.3
584,C,1,0,7.6,8.4,4.9,6.7,62.7
584,D,1,1,5.1,9.9,8.9,7.2,85.2
585,A,1,0,8.5,5.6,3.1,6.0,55.3
585,B,0,0,5.0,8.9,8.5,5.5,46.5
585,C,0,0,7.8,8.7,6.5,7.3,50.5
585,D,1,0,5.9,8.0,8.5,8.5,68.2
586,A,1,0,5.4,1.9,6.1,5.9,48.8
586,B,1,0,6.0,8.3,7.3,6.9,64.2
586,C,1,0,6.2,7.9,7.4,8.7,67.0
586,D,0,0,5.2,9.1,7.9,6.7,48.2
587,A,1,0,7.0,5.3,5.2,8.0,59.2
587,B,1,1,4.2,8.4,8.3,8.0,81.5
587,C,1,0,5.2,7.6,7.7,7.4,63.2
587,D,1,0,7.2,6.1,5.8,8.0,61.8
588,A,1,1,9.8,7.2,4.5,9.1,84.3
588,B,1,0,5.5,8.0,8.8,4.0,60.5
588,C,1,0,5.8,4.8,5.9,6.3,54.7
588,D,1,1,6.3,10.0,8.4,7.9,87.7
589,A,1,1,5.2,4.6,4.1,6.5,67.3
589,B,1,0,5.6,8.1,6.9,4.7,58.8
589,C,0,1,8.8,7.2,6.2,5.8,63.3
589,D,1,1,6.0,8.0,9.0,6.9,83.2
590,A,1,1,6.1,5.7,3.5,8.1,72.3
590,B,1,1,3.4,7.3,7.5,6.8,75.0
590,C,1,1,7.3,6.5,5.7,7.6,78.5
590,D,1,1,9.3,8.4,5.3,6.6,82.7
591,A,1,0,7.4,5.9,6.0,6.7,60.0
591,B,0,1,6.2,6.3,8.2,5.5,60.3
591,C,1,1,6.8,8.1,5.8,7.1,79.7
591,D,1,1,6.7,8.1,7.9,7.1,83.0
592,A,1,0,7.9,5.1,4.2,9.9,61.8
592,B,1,1,5.6,7.9,7.1,6.7,78.8
592,C,1,0,8.1,8.4,8.3,6.8,69.3
592,D,0,0,6.7,10,5.4,7.8,49.8
593,A,0,0,6.8,6.2,1,8.2,37.0
593,B,0,1,5.7,9.1,8.9,7.7,69.0
593,C,0,0,5.7,7.8,8.3,8.4,50.3
593,D,0,1,8.4,6.8,6.8,6.4,64.0
594,A,0,0,9.8,5.3,6.9,8.7,51.2
594,B,0,1,6.7,6.8,7.1,4.8,59.0
594,C,0,1,9.4,9.4,7.9,9.8,77.5
594,D,0,0,6.1,8.2,7.3,5.7,45.5
595,A,1,0,6.3,7.3,5.2,7.6,60.7
595,B,1,1,4.1,6.3,5.4,6.6,70.7
595,C,1,1,7.1,7.7,8.6,5.6,81.7
595,D,0,0,8.8,10,2.9,8.1,49.7
596,A,0,0,7.3,3.4,6.8,8.5,43.3
596,B,1,0,7.3,7.9,7.4,4.7,62.2
596,C,0,0,6.6,8.1,7.6,5.1,45.7
596,D,1,1,8.1,8.6,6.5,6.9,83.5
597,A,0,0,8.6,6.4,3.5,7.9,44.0
597,B,0,0,7.6,7.4,4.9,4.4,40.5
597,C,1,0,9.4,8.3,7.0,8.2,71.5
597,D,0,0,5.5,6.3,7.7,5.0,40.8
598,A,1,0,7.8,5.5,5.6,8.0,61.5
598,B,1,0,4.4,7.7,6.5,5.3,56.5
598,C,1,1,6.7,8.0,8.8,9.0,87.5
598,D,0,0,8.0,7.5,8.1,4.8,47.3
599,A,1,0,5.9,5.5,4.0,4.0,49.0
599,B,0,0,5.5,8.4,8.6,4.8,45.5
599,C,0,1,8.0,8.3,7.1,8.2,69.3
599,D,0,1,6.2,8.7,4.9,6.2,60.0
600,A,0,0,7.6,5.3,4.6,6.1,39.3
600,B,1,0,5.7,7.7,9.3,5.1,63.0
600,C,1,0,8.3,7.7,8.6,7.8,70.7
600,D,0,0,7.5,7.1,8.5,6.0,48.5
601,A,1,1,8.6,3.6,5.4,7.7,75.5
601,B,1,1,6.6,7.5,8.3,5.1,79.2
601,C,0,0,8.5,7.2,7.5,8.4,52.7
601,D,1,1,6.0,7.1,4.4,6.2,72.8
602,A,1,0,6.3,6.5,6.4,8.0,62.0
602,B,1,1,7.3,7.9,8.8,7.4,85.7
602,C,0,0,7.1,10,7.8,5.6,50.8
602,D,0,0,8.5,8.1,5.4,6.9,48.2
603,A,1,0,8.0,4.8,4.3,4.9,53.3
603,B,0,1,5.6,6.4,6.9,5.6,57.5
603,C,0,1,6.8,8.7,8.5,8.1,70.2
603,D,1,0,8.4,6.6,5.7,6.7,62.3
604,A,1,1,7.2,4.9,4.7,8.3,75.2
604,B,1,1,4.4,8.7,8.8,7.3,82.0
604,C,0,1,7.0,5.9,7.3,7.1,62.2
604,D,1,0,7.7,7.3,6.5,9.2,67.8
605,A,1,0,6.4,5.2,5.7,7.4,57.8
605,B,1,0,6.2,8.5,8.0,6.8,65.8
605,C,1,0,8.5,9.1,6.9,8.8,72.2
605,D,1,0,7.9,7.1,7.1,5.3,62.3
606,A,0,0,7.4,6.7,3.7,9.9,46.2
606,B,0,0,5.9,7.0,8.6,6.7,47.0
606,C,0,0,6.9,5.7,8.4,7.9,48.2
606,D,0,0,6.8,7.8,7.0,7.9,49.2
607,A,0,0,7.5,6.4,3.0,5.2,36.8
607,B,0,0,5.6,5.8,5.3,5.3,36.7
607,C,1,1,8.7,7.3,7.6,4.8,80.7
607,D,1,0,7.6,10,7.7,8.0,72.2
608,A,0,0,7.5,5.9,2.7,10,43.5
608,B,1,1,7.0,8.2,7.2,4.1,77.5
608,C,1,0,5.2,5.5,6.9,9.1,61.2
608,D,1,0,7.1,6.2,7.4,6.6,62.2
609,A,1,0,5.9,5.1,4.7,9.4,58.5
609,B,0,0,5.3,10,7.4,3.9,44.3
609,C,0,1,6.1,8.0,6.5,7.1,62.8
609,D,1,0,5.4,7.9,8.1,5.7,61.8
610,A,1,1,8.4,7.3,5.4,7.8,81.5
610,B,1,1,5.3,8.6,10,6.1,83.3
610,C,1,0,8.5,10,7.4,7.4,72.2
610,D,0,0,7.1,10,7.5,7.3,53.2
611,A,1,1,6.5,4.3,5.7,10.0,77.5
611,B,0,0,5.6,7.8,7.4,6.7,45.8
611,C,1,1,5.7,9.1,4.5,8.8,80.2
611,D,0,0,8.3,7.2,7.2,6.3,48.3
612,A,0,1,7.0,5.8,5.4,7.0,58.7
612,B,1,0,7.2,7.7,5.3,5.4,59.3
612,C,0,1,4.2,7.6,5.8,7.2,58.0
612,D,1,1,4.1,8.8,7.0,7.3,78.7
613,A,1,0,6.8,6.0,7.8,6.2,61.3
613,B,0,0,8.2,10,7.1,6.2,52.5
613,C,1,1,6.5,6.4,7.0,9.5,82.3
613,D,1,0,6.9,7.5,7.7,7.6,66.2
614,A,1,1,7.4,6.6,4.2,7.8,76.7
614,B,0,1,6.6,8.4,7.1,4.6,61.2
614,C,0,0,9.3,8.1,7.9,7.8,55.2
614,D,1,1,7.1,6.2,7.1,6.7,78.5
615,A,1,0,7.4,4.8,3.9,8.1,57.0
615,B,1,0,4.4,8.6,5.0,6.1,56.8
615,C,1,0,7.4,7.7,8.2,4.2,62.5
615,D,1,1,4.7,9.0,4.9,8.5,78.5
616,A,1,0,8.5,6.6,4.4,7.5,61.7
616,B,1,1,6.3,6.8,8.0,5.0,76.8
616,C,1,0,6.3,8.2,6.1,7.3,63.2
616,D,1,1,6.4,6.7,5.8,9.3,80.3
617,A,1,0,6.2,4.2,4.2,7.2,53.0
617,B,1,0,7.4,9.0,6.4,5.9,64.5
617,C,1,0,6.2,7.7,7.8,7.5,65.3
617,D,1,0,6.7,8.5,5.9,7.4,64.2
618,A,1,0,6.6,7.7,1.3,8.7,57.2
618,B,1,1,7.1,8.7,6.2,8.4,84.0
618,C,1,0,7.2,9.9,10,8.5,76.0
618,D,0,0,4.4,6.2,6.9,5.6,38.5
619,A,1,0,6.5,4.7,4.7,9.2,58.5
619,B,0,0,6.7,7.7,7.3,4.7,44.0
619,C,1,0,7.0,7.5,8.6,6.2,65.5
619,D,1,0,6.7,9.3,7.4,9.5,71.5
620,A,0,1,6.6,4.3,4.2,5.4,50.8
620,B,0,0,3.9,9.0,6.6,3.4,38.2
620,C,1,1,6.4,8.2,7.0,6.3,79.8
620,D,0,1,6.0,7.7,6.5,6.5,61.2
621,A,1,1,8.3,3.8,5.5,6.4,73.3
621,B,0,0,5.3,7.5,4.2,5.7,37.8
621,C,1,0,6.2,9.8,6.0,8.5,67.5
621,D,1,1,5.1,5.9,7.8,6.6,75.7
622,A,0,1,7.8,6.2,5.5,9.1,64.3
622,B,0,0,8.3,8.8,6.8,7.2,51.8
622,C,1,1,6.1,8.2,7.8,6.6,81.2
622,D,0,1,7.2,7.4,6.4,9.1,66.8
623,A,0,0,5.7,6.4,4.3,7.4,39.7
623,B,0,0,3.5,8.3,6.9,5.3,40.0
623,C,1,0,7.5,6.2,5.1,8.6,62.3
623,D,0,0,7.7,5.4,6.9,9.9,49.8
624,A,0,1,6.6,4.1,5.1,8.3,56.8
624,B,1,1,6.5,8.3,7.8,5.5,80.2
624,C,0,1,6.2,6.6,5.6,7.2,59.3
624,D,0,0,5.6,6.4,3.6,6.8,37.3
625,A,0,0,6.7,3.7,1.5,9.3,35.3
625,B,1,1,5.2,5.3,5.8,2.5,64.7
625,C,0,1,6.5,7.8,8.4,8.4,68.5
625,D,1,0,6.7,9.1,7.5,5.4,64.5
626,A,1,1,7.3,7.1,3.1,6.3,73.0
626,B,0,1,6.1,8.8,6.5,7.0,64.0
626,C,0,0,6.1,9.0,8.1,8.2,52.3
626,D,0,0,6.8,6.7,10,8.7,53.7
627,A,0,0,7.7,6.3,4.6,7.7,43.8
627,B,0,0,5.5,8.8,8.1,5.2,46.0
627,C,0,0,7.5,5.9,8.5,7.0,48.2
627,D,1,1,6.4,7.9,5.9,7.7,79.8
628,A,1,1,7.7,4.8,4.0,7.7,73.7
628,B,1,1,6.8,8.2,7.3,3.6,76.5
628,C,1,0,6.9,7.0,9.6,8.2,69.5
628,D,1,1,5.0,8.2,8.4,9.5,85.2
629,A,0,1,8.3,5.8,5.1,9.1,63.8
629,B,0,1,8.0,7.5,8.0,7.1,67.7
629,C,1,1,7.8,6.6,8.3,6.4,81.8
629,D,0,0,5.3,9.3,8.0,8.4,51.7
630,A,1,0,6.7,6.1,4.5,9.5,61.3
630,B,0,0,7.8,10,5.8,5.2,48.0
630,C,1,0,7.4,8.3,5.4,7.4,64.2
630,D,1,0,6.6,9.8,7.4,7.8,69.3
631,A,0,1,7.2,4.3,4.2,7.2,54.8
631,B,1,1,4.3,9.0,7.3,5.0,76.0
631,C,0,1,8.4,8.2,5.4,7.2,65.3
631,D,0,0,8.0,6.6,8.0,8.7,52.2
632,A,1,0,7.5,4.3,6.5,7.2,59.2
632,B,1,0,6.0,6.4,4.5,4.5,52.3
632,C,1,0,7.2,8.8,5.9,5.6,62.5
632,D,0,1,5.3,7.3,8.3,7.5,64.0
633,A,1,1,5.3,4.4,5.1,6.3,68.5
633,B,1,0,5.9,6.6,9.8,5.8,63.5
633,C,1,1,7.5,6.2,5.8,8.1,79.3
633,D,1,0,5.9,6.8,9.4,7.0,65.2
634,A,1,0,7.4,6.4,5.1,9.0,63.2
634,B,1,1,4.9,8.7,5.0,6.0,74.3
634,C,1,1,6.1,6.7,7.7,5.1,76.0
634,D,1,0,7.2,7.0,7.9,7.1,65.3
635,A,0,0,8.4,4.1,3.9,7.5,39.8
635,B,0,1,6.2,7.0,7.2,4.1,57.5
635,C,1,1,7.8,8.7,8.0,7.4,86.5
635,D,0,0,7.9,7.6,7.5,5.8,48.0
636,A,1,0,8.3,8.5,3.4,6.6,61.3
636,B,1,1,4.3,9.0,6.1,5.0,74.0
636,C,1,0,9.0,8.4,5.1,6.2,64.5
636,D,1,1,6.6,9.3,7.0,7.9,84.7
637,A,1,1,6.2,5.3,4.4,10.0,76.5
637,B,1,1,5.1,7.1,7.3,4.9,74.0
637,C,0,1,6.3,10,6.2,7.1,66.0
637,D,1,1,5.5,9.3,6.5,7.7,81.7
638,A,1,0,7.0,8.1,3.0,7.9,60.0
638,B,1,0,4.2,10,5.5,6.9,61.0
638,C,1,0,6.6,7.6,7.8,7.7,66.2
638,D,1,1,8.6,8.6,5.9,7.8,84.8
639,A,1,0,7.9,5.8,3.9,4.4,53.3
639,B,0,0,5.5,8.9,6.4,5.1,43.2
639,C,1,1,8.1,6.9,7.9,9.0,86.5
639,D,0,0,7.8,6.9,8.7,8.3,52.8
640,A,0,0,7.6,5.7,6.8,8.1,47.0
640,B,0,1,8.1,8.8,7.4,5.2,65.8
640,C,1,1,7.2,7.9,7.2,7.2,82.5
640,D,1,0,6.3,9.0,4.3,5.3,58.2
641,A,1,0,7.5,5.1,5.9,6.4,58.2
641,B,1,0,5.5,7.8,7.4,5.6,60.5
641,C,1,0,8.2,5.4,8.7,9.6,69.8
641,D,1,0,3.8,9.2,7.1,8.2,63.8
642,A,0,0,7.4,6.4,5.5,8.6,46.5
642,B,0,1,7.4,8.3,6.7,5.5,63.2
642,C,1,1,9.2,8.4,7.5,6.6,86.2
642,D,0,1,4.6,9.8,6.5,4.7,59.3
643,A,1,0,9.3,6.8,6.9,8.2,68.7
643,B,1,1,6.3,9.4,5.8,4.9,77.3
643,C,1,1,6.5,7.9,6.0,7.2,79.3
643,D,1,0,4.8,7.1,7.5,6.9,60.5
644,A,1,0,6.0,5.1,3.5,9.3,56.5
644,B,0,1,4.8,8.2,6.7,6.0,59.5
644,C,1,1,6.9,7.0,7.3,5.7,78.2
644,D,0,1,6.8,5.3,5.6,6.3,56.7
645,A,1,1,6.7,2.8,3.4,10,71.5
645,B,1,1,6.5,8.5,6.4,7.0,80.7
645,C,1,0,7.0,6.8,8.0,8.3,66.8
645,D,1,0,7.3,7.9,6.8,6.1,63.5
646,A,0,0,6.9,5.1,4.9,7.5,40.7
646,B,1,1,5.7,9.3,6.2,5.0,77.0
646,C,1,1,6.2,7.7,5.2,7.2,77.2
646,D,0,1,6.5,10.0,4.0,7.4,63.2
647,A,1,0,7.8,3.5,6.0,7.8,58.5
647,B,1,1,5.6,6.7,8.7,6.2,78.7
647,C,1,1,4.7,4.9,7.9,7.7,75.3
647,D,1,0,8.3,7.1,4.3,7.5,62.0
648,A,1,0,6.4,5.2,4.1,7.2,54.8
648,B,1,1,5.2,9.0,7.3,3.5,75.0
648,C,1,1,7.0,7.9,6.2,8.4,82.5
648,D,1,0,5.0,9.2,8.2,6.2,64.3
649,A,0,0,6.4,4.9,4.7,6.8,38.0
649,B,1,0,3.0,6.8,7.0,4.9,52.8
649,C,0,1,8.0,8.7,6.4,8.7,69.7
649,D,0,0,8.1,7.7,6.4,7.4,49.3
650,A,1,1,6.7,4.8,2.4,7.6,69.2
650,B,0,1,6.9,8.8,6.3,6.8,64.7
650,C,0,1,7.7,6.4,6.8,6.2,61.8
650,D,1,1,6.0,8.3,4.8,7.1,77.0
651,A,1,0,6.0,4.0,7.0,8.8,59.7
651,B,1,0,5.8,7.6,8.9,5.7,63.3
651,C,1,0,7.4,7.6,6.5,4.9,60.7
651,D,1,1,6.9,9.3,6.8,5.2,80.3
652,A,0,0,9.9,4.4,5.6,7.1,45.0
652,B,1,1,6.2,9.2,8.1,7.6,85.2
652,C,1,0,6.6,6.2,5.6,5.8,57.0
652,D,1,1,7.4,8.7,6.4,7.2,82.8
653,A,0,0,5.4,4.5,4.3,6.3,34.2
653,B,0,0,6.1,7.3,8.2,4.0,42.7
653,C,0,1,5.5,7.7,7.0,5.8,60.0
653,D,1,0,7.2,6.8,7.5,5.1,61.0
654,A,1,0,9.0,6.0,4.0,8.8,63.0
654,B,0,0,6.2,7.9,7.5,4.8,44.0
654,C,1,1,5.5,7.0,7.0,4.9,74.0
654,D,1,0,3.1,9.5,6.6,6.6,59.7
655,A,1,0,6.3,5.7,4.9,9.3,60.3
655,B,1,0,6.2,8.0,8.7,5.4,63.8
655,C,1,1,8.0,7.0,7.7,7.9,84.3
655,D,1,0,7.8,8.6,5.7,7.2,65.5
656,A,1,0,8.0,7.6,3.2,5.7,57.5
656,B,0,1,5.2,7.4,10,7.0,66.0
656,C,1,1,8.6,8.8,8.5,7.7,89.3
656,D,1,0,7.3,9.3,4.7,8.4,66.2
657,A,0,0,5.9,2.9,2.2,7.0,30.0
657,B,1,0,3.8,5.7,7.3,4.2,51.7
657,C,0,0,6.9,9.4,5.8,6.3,47.3
657,D,0,0,6.4,6.0,6.9,5.0,40.5
658,A,1,1,6.9,5.5,4.6,8.5,75.8
658,B,0,1,6.2,9.4,5.6,7.4,64.3
658,C,0,1,7.3,7.5,8.5,5.9,65.3
658,D,0,1,6.6,6.4,5.9,7.5,60.7
659,A,1,0,5.7,5.4,4.8,8.3,57.0
659,B,0,0,6.8,6.4,7.4,5.6,43.7
659,C,1,0,8.6,7.5,8.5,4.6,65.3
659,D,1,1,6.8,10,6.1,8.6,85.8
660,A,0,0,6.7,4.7,2.3,5.9,32.7
660,B,1,0,5.6,8.3,5.9,5.6,59.0
660,C,0,0,8.0,6.9,8.0,8.0,51.5
660,D,0,0,6.2,8.1,5.1,7.2,44.3
661,A,0,0,6.0,5.3,5.7,8.8,43.0
661,B,0,0,5.9,7.4,8.4,4.3,43.3
661,C,1,1,6.7,7.0,8.2,8.6,84.2
661,D,1,1,8.0,7.8,7.6,7.9,85.5
662,A,0,1,8.1,2.3,4.2,8.9,55.8
662,B,0,0,6.4,8.2,7.2,5.7,45.8
662,C,1,0,5.3,6.1,5.7,7.3,57.3
662,D,1,0,6.0,7.2,6.9,6.1,60.3
663,A,0,1,9.8,7.3,5.5,7.2,66.3
663,B,1,0,5.9,7.4,7.2,5.1,59.3
663,C,0,1,7.0,7.1,5.7,7.9,62.8
663,D,1,0,8.8,10,9.5,5.8,73.5
664,A,1,1,7.3,4.6,6.6,8.3,78.0
664,B,0,0,7.8,7.5,5.5,5.8,44.3
664,C,1,0,7.4,8.5,8.7,6.7,68.8
664,D,0,0,8.7,7.5,7.0,6.9,50.2
665,A,0,0,4.3,4.8,6.0,7.3,37.3
665,B,0,0,5.1,8.1,7.0,6.7,44.8
665,C,1,1,5.9,8.6,8.2,8.3,85.0
665,D,0,1,6.5,6.6,7.1,6.5,61.2
666,A,0,0,8.3,5.7,5.1,6.6,42.8
666,B,0,1,5.9,6.2,5.9,4.7,54.5
666,C,1,1,6.0,7.6,7.5,8.5,82.7
666,D,0,0,8.6,8.8,7.2,5.3,49.8
667,A,0,0,6.4,6.1,3.4,9.9,43.0
667,B,1,1,4.8,8.6,7.8,3.9,75.2
667,C,1,1,7.7,5.9,7.5,5.9,78.3
667,D,0,0,3.2,7.9,7.4,5.1,39.3
668,A,0,0,6.9,3.6,4.1,7.7,37.2
668,B,0,0,6.0,8.6,7.6,5.3,45.8
668,C,1,1,6.7,7.6,6.4,7.6,80.5
668,D,1,0,6.1,7.3,7.1,7.0,62.5
669,A,0,0,8.8,4.3,4.1,6.0,38.7
669,B,0,1,5.7,4.9,6.4,6.2,55.3
669,C,1,0,8.8,8.0,5.4,6.5,64.5
669,D,1,0,7.8,8.9,5.4,9.3,69.0
670,A,0,0,8.5,4.2,3.7,8.4,41.3
670,B,1,0,6.6,9.6,7.3,4.4,63.2
670,C,1,0,6.3,8.8,8.2,9.4,71.2
670,D,0,0,5.9,8.0,6.0,6.5,44.0
671,A,1,0,6.7,6.3,4.9,7.6,59.2
671,B,1,0,4.7,7.5,8.6,5.2,60.0
671,C,1,0,7.2,7.6,6.2,6.0,61.7
671,D,1,0,9.1,5.4,6.0,7.2,62.8
672,A,1,0,8.3,7.5,4.9,6.6,62.2
672,B,1,1,4.9,6.8,6.1,4.7,70.8
672,C,1,1,7.6,8.3,7.4,9.1,87.3
672,D,0,0,5.0,8.2,6.6,8.4,47.0
673,A,1,0,6.1,6.3,6.8,8.5,62.8
673,B,0,1,5.7,9.6,6.7,4.2,60.3
673,C,0,0,7.1,8.1,6.4,7.7,48.8
673,D,1,0,6.3,8.1,8.0,7.7,66.8
674,A,1,0,5.8,6.5,7.6,4.9,58.0
674,B,0,0,5.1,8.0,7.2,7.0,45.5
674,C,1,0,8.0,7.5,5.3,7.9,64.5
674,D,1,1,6.9,10,4.4,6.4,79.5
675,A,1,0,8.5,5.1,4.0,6.5,56.8
675,B,1,1,5.4,9.7,6.7,6.0,79.7
675,C,1,0,6.2,9.2,8.4,7.7,69.2
675,D,1,0,6.6,7.2,8.8,7.2,66.3
676,A,0,0,7.4,3.7,5.3,6.8,38.7
676,B,1,0,6.8,9.0,7.2,7.1,66.8
676,C,1,0,6.9,7.5,5.4,4.6,57.3
676,D,1,0,4.1,9.7,5.0,6.0,58.0
677,A,1,1,8.2,7.2,3.7,8.9,80.0
677,B,1,0,6.1,9.3,6.8,5.5,62.8
677,C,0,0,7.3,8.0,5.9,7.0,47.0
677,D,0,0,5.8,6.0,6.0,5.7,39.2
678,A,1,0,7.2,6.3,3.1,8.8,59.0
678,B,1,1,6.0,8.7,6.9,5.8,79.0
678,C,1,1,8.8,9.9,7.7,7.2,89.3
678,D,1,1,3.1,6.6,6.4,5.8,69.8
679,A,1,1,4.3,4.4,4.1,9.1,69.8
679,B,1,1,5.0,8.4,7.5,5.7,77.7
679,C,1,1,7.1,6.1,6.8,9.4,82.3
679,D,0,0,5.8,6.6,7.3,8.4,46.8
680,A,1,0,8.1,5.6,4.4,7.7,59.7
680,B,1,0,4.7,7.4,7.4,5.2,57.8
680,C,1,1,7.4,5.6,4.4,7.9,75.5
680,D,1,0,7.2,5.6,6.0,7.3,60.2
681,A,0,1,7.6,6.0,4.8,9.1,62.5
681,B,0,1,6.7,8.8,8.8,6.3,67.7
681,C,0,0,5.4,7.0,7.2,7.6,45.3
681,D,1,0,7.8,8.1,5.3,8.0,65.3
682,A,1,0,6.0,2.6,4.2,7.5,50.5
682,B,0,1,6.6,8.5,7.4,4.8,62.2
682,C,1,0,8.9,8.0,6.9,6.7,67.5
682,D,1,1,4.9,7.6,5.4,5.9,73.0
683,A,0,1,6.5,9.8,7.0,7.5,68.0
683,B,0,0,7.0,10,8.3,3.3,47.7
683,C,1,1,7.2,9.2,7.2,7.1,84.5
683,D,0,0,8.5,8.4,6.0,5.8,47.8
684,A,1,0,6.1,6.3,5.5,6.5,57.3
684,B,0,1,6.1,8.8,8.0,6.5,65.7
684,C,0,0,5.2,10,6.1,8.6,49.8
684,D,0,0,8.7,9.1,5.6,7.7,51.8
685,A,0,0,7.2,3.7,3.6,7.1,36.0
685,B,1,1,6.6,9.1,5.9,4.6,77.0
685,C,1,0,5.9,7.4,7.2,4.5,58.3
685,D,0,0,6.8,5.5,5.7,6.6,41.0
686,A,1,0,6.5,6.7,4.9,7.1,58.7
686,B,1,1,6.4,10,7.9,4.4,81.2
686,C,1,0,9.6,8.4,6.6,7.7,70.5
686,D,0,0,6.0,6.6,6.5,7.0,43.5
687,A,1,1,9.0,5.4,5.2,7.8,79.0
687,B,1,1,7.4,10,6.1,4.7,80.3
687,C,0,0,6.5,8.8,6.5,5.4,45.3
687,D,1,1,6.7,8.8,6.5,9.3,85.5
688,A,0,0,7.0,5.6,5.0,5.4,38.3
688,B,1,0,4.9,9.3,5.0,5.7,58.2
688,C,1,0,7.6,7.6,6.3,7.6,65.2
688,D,1,1,7.3,8.8,6.9,8.6,86.0
689,A,0,0,8.8,6.1,4.8,7.9,46.0
689,B,1,0,4.6,8.6,9.4,5.6,63.7
689,C,0,1,5.5,5.9,8.6,5.9,59.8
689,D,0,0,7.9,5.5,6.3,7.0,44.5
690,A,0,0,6.6,5.6,4.6,5.7,37.5
690,B,0,0,4.7,8.3,6.7,5.4,41.8
690,C,1,1,8.1,9.4,7.5,8.3,88.8
690,D,0,0,7.9,9.9,3.6,6.7,46.8
691,A,1,0,6.1,6.9,2.3,6.9,53.7
691,B,1,0,5.2,6.4,7.2,6.4,58.7
691,C,1,0,8.7,5.2,10,7.3,68.7
691,D,1,0,6.1,8.5,7.7,7.9,67.0
692,A,0,0,6.8,4.4,3.3,8.7,38.7
692,B,0,1,4.2,5.1,5.8,5.6,51.2
692,C,1,1,7.1,8.2,4.3,5.5,75.2
692,D,1,0,8.0,6.5,7.9,5.8,63.7
693,A,0,0,8.5,4.3,4.1,8.8,42.8
693,B,0,1,5.0,8.1,8.1,4.5,59.5
693,C,1,1,8.5,7.6,9.6,9.2,91.5
693,D,1,0,7.0,8.7,7.7,7.4,68.0
694,A,0,0,7.1,3.7,2.9,9.1,38.0
694,B,0,0,8.7,7.9,10,6.0,54.3
694,C,1,1,6.3,8.5,6.7,5.7,78.7
694,D,1,0,5.9,8.5,6.0,6.7,61.8
695,A,0,1,9.8,6.3,4.6,5.6,60.5
695,B,0,1,3.1,10,7.0,3.1,55.3
695,C,0,1,7.6,9.5,8.5,7.0,71.0
695,D,1,0,8.9,6.4,4.1,6.0,59.0
696,A,0,1,7.6,5.7,5.6,7.3,60.3
696,B,1,0,7.1,8.0,8.7,4.4,63.7
696,C,1,1,7.3,5.9,8.9,8.2,83.8
696,D,1,0,7.3,7.6,6.3,7.8,65.0
697,A,1,1,7.3,3.8,6.1,6.8,73.3
697,B,1,0,6.5,7.8,7.8,6.6,64.5
697,C,0,0,5.5,8.0,5.4,7.7,44.3
697,D,0,0,4.9,8.9,7.1,5.0,43.2
698,A,0,1,7.4,6.7,5.3,6.2,59.3
698,B,0,0,7.2,6.4,6.8,4.3,41.2
698,C,1,1,8.0,10,8.4,8.8,92.0
698,D,1,1,5.1,9.2,5.3,6.6,77.0
699,A,0,0,6.3,4.3,4.5,8.9,40.0
699,B,1,0,5.9,9.3,7.6,3.9,61.2
699,C,1,0,7.5,8.2,6.7,8.2,67.7
699,D,1,0,8.1,5.3,9.2,5.1,62.8
700,A,0,0,8.7,5.6,3.5,5.5,38.8
700,B,1,0,7.8,10,6.2,7.0,68.3
700,C,1,1,7.1,9.0,7.4,7.3,84.7
700,D,0,1,7.1,8.0,7.0,6.1,63.7
701,A,0,1,7.9,5.5,5.9,7.0,60.5
701,B,1,1,7.1,10,7.0,5.8,83.2
701,C,0,1,6.2,6.0,5.8,7.4,59.0
701,D,1,1,9.8,8.4,8.1,5.3,86.0
702,A,0,0,8.6,7.3,5.8,7.9,49.3
702,B,1,0,5.8,6.0,7.7,5.4,58.2
702,C,1,0,7.0,9.3,8.3,8.4,71.7
702,D,0,0,8.7,7.4,7.9,7.1,51.8
703,A,0,1,4.9,8.2,5.3,7.4,59.7
703,B,1,0,5.8,7.5,7.2,5.1,59.3
703,C,1,1,5.9,8.5,6.5,6.2,78.5
703,D,1,0,6.0,9.1,6.6,6.7,64.0
704,A,1,0,8.2,5.0,4.7,8.5,60.7
704,B,1,1,4.9,10,8.3,3.9,78.5
704,C,0,1,6.1,8.3,7.2,7.3,64.8
704,D,0,0,6.9,8.2,7.6,7.0,49.5
705,A,1,1,7.1,5.9,4.1,9.1,77.0
705,B,1,0,7.6,9.2,8.3,5.6,67.8
705,C,1,0,8.4,8.0,5.8,5.5,62.8
705,D,0,0,7.4,8.3,4.4,6.0,43.5
706,A,0,0,9.1,6.8,4.0,6.8,44.5
706,B,1,0,5.0,7.7,8.7,5.4,61.3
706,C,1,1,7.9,7.0,5.5,6.7,78.5
706,D,1,0,6.7,3.2,8.5,5.9,57.2
707,A,0,1,8.0,4.6,3.0,5.9,52.5
707,B,1,1,3.5,6.8,6.5,5.6,70.7
707,C,1,1,8.3,9.8,4.5,6.7,82.2
707,D,1,0,8.5,9.3,3.7,8.1,66.0
708,A,0,1,8.2,4.4,4.8,9.3,61.2
708,B,1,1,6.0,9.6,7.2,6.3,81.8
708,C,0,0,7.2,7.6,6.6,5.9,45.5
708,D,0,0,4.1,7.7,7.0,6.2,41.7
709,A,1,1,6.0,8.5,5.4,5.8,76.2
709,B,0,0,8.7,10,10,6.0,57.8
709,C,0,1,6.7,8.2,7.0,9.4,68.8
709,D,0,0,6.9,6.2,6.3,7.5,44.8
710,A,0,0,6.2,4.6,3.3,5.5,32.7
710,B,1,0,5.7,8.1,7.1,5.3,60.3
710,C,0,0,7.9,7.5,7.2,7.9,50.8
710,D,0,1,7.9,9.7,7.0,7.2,69.7
711,A,0,0,7.4,4.5,4.9,7.3,40.2
711,B,1,0,6.0,7.7,10,2.7,60.7
711,C,1,0,6.9,8.0,7.7,6.8,65.7
711,D,0,0,6.1,9.2,6.6,6.4,47.2
712,A,1,1,9.6,4.3,5.2,8.4,79.2
712,B,0,1,4.8,8.5,6.5,4.5,57.2
712,C,1,0,6.8,6.9,6.8,8.9,65.7
712,D,1,0,8.4,7.6,4.2,7.3,62.5
713,A,0,0,5.8,5.0,3.2,9.3,38.8
713,B,1,0,4.4,7.9,8.7,6.2,62.0
713,C,1,1,4.4,7.3,6.7,4.2,71.0
713,D,0,0,7.8,8.2,7.2,6.1,48.8
714,A,0,0,7.5,6.0,7.7,7.6,48.0
714,B,1,0,3.9,7.7,8.0,4.2,56.3
714,C,1,1,4.9,8.4,10.0,7.0,83.8
714,D,0,1,8.4,9.7,4.7,6.7,65.8
715,A,1,0,8.3,4.6,7.1,7.3,62.2
715,B,0,0,5.0,6.6,8.4,4.4,40.7
715,C,1,0,8.0,8.3,6.1,9.5,69.8
715,D,0,1,6.7,9.4,6.2,4.8,61.8
716,A,1,0,8.8,5.1,3.6,6.9,57.3
716,B,0,0,6.8,7.7,8.9,4.8,47.0
716,C,1,1,5.8,5.9,7.7,7.6,78.3
716,D,1,1,4.7,6.7,5.0,7.6,73.3
717,A,0,0,8.3,5.0,6.0,8.4,46.2
717,B,1,0,5.2,8.5,6.6,7.6,63.2
717,C,1,1,7.5,7.7,6.3,7.9,82.3
717,D,1,1,5.9,6.1,6.8,6.4,75.3
718,A,1,1,4.9,5.7,5.6,6.7,71.5
718,B,1,0,5.3,7.2,7.8,5.4,59.5
718,C,1,1,7.3,10,5.8,7.6,84.5
718,D,1,0,5.6,7.4,7.8,7.8,64.3
719,A,0,0,7.1,2.5,3.7,7.4,34.5
719,B,1,1,6.7,9.3,7.7,3.2,78.2
719,C,1,0,8.1,8.9,7.4,5.8,67.0
719,D,1,0,5.7,9.1,8.8,6.4,66.7
720,A,0,1,6.3,4.5,6.8,9.2,61.3
720,B,1,0,6.7,7.7,8.6,5.9,64.8
720,C,0,1,8.4,6.6,9.7,6.4,68.5
720,D,1,1,9.5,8.1,8.1,7.2,88.2
721,A,0,0,7.5,6.2,7.3,7.6,47.7
721,B,1,0,5.5,8.1,7.4,3.6,57.7
721,C,1,1,7.2,6.6,7.8,7.2,81.3
721,D,1,1,7.6,7.7,6.8,9.5,86.0
722,A,0,0,6.1,6.2,6.0,5.4,39.5
722,B,0,0,3.0,8.4,7.3,5.9,41.0
722,C,1,0,6.8,6.8,4.0,7.7,58.8
722,D,1,0,7.3,8.1,6.4,8.2,66.7
723,A,0,0,9.8,5.5,3.9,7.3,44.2
723,B,0,1,5.5,9.0,8.5,6.8,66.3
723,C,1,1,7.6,5.7,8.9,7.2,82.3
723,D,0,1,5.3,7.7,7.3,7.4,62.8
724,A,1,0,6.6,5.4,7.1,8.3,62.3
724,B,1,1,5.5,10,10,5.1,84.3
724,C,1,1,7.0,7.0,5.5,7.6,78.5
724,D,0,0,7.1,6.5,4.8,6.5,41.5
725,A,1,0,10,6.6,4.2,8.2,65.0
725,B,0,0,2.8,6.0,6.3,3.6,31.2
725,C,1,0,8.5,9.3,9.2,7.7,74.5
725,D,0,0,5.4,7.5,7.4,8.4,47.8
726,A,1,0,10,7.0,2.6,9.3,64.8
726,B,0,0,6.5,6.3,8.5,5.9,45.3
726,C,0,1,7.0,7.0,8.5,5.7,63.7
726,D,0,0,5.0,5.8,5.9,7.0,39.5
727,A,1,0,7.5,6.4,3.1,7.5,57.5
727,B,0,0,6.2,7.8,6.6,4.2,41.3
727,C,0,0,5.5,8.6,6.7,8.4,48.7
727,D,0,0,8.3,6.6,5.0,6.3,43.7
728,A,0,0,5.9,6.0,6.3,7.3,42.5
728,B,1,1,5.7,9.4,7.0,5.3,79.0
728,C,1,0,8.9,7.4,5.6,6.5,64.0
728,D,1,1,6.3,10.0,7.8,5.5,82.7
729,A,1,0,6.8,4.5,4.8,7.9,56.7
729,B,0,1,4.3,7.2,6.8,6.4,57.8
729,C,1,0,5.2,9.0,8.3,5.9,64.0
729,D,1,1,7.6,8.6,8.6,6.1,84.8
730,A,0,0,6.8,5.4,3.9,6.6,37.8
730,B,0,0,6.0,8.0,7.5,5.3,44.7
730,C,1,0,7.1,7.8,7.1,7.0,65.0
730,D,0,1,7.7,6.7,9.0,5.8,65.3
731,A,0,1,7.6,2.3,4.3,9.2,55.7
731,B,0,1,7.2,8.9,7.3,6.4,66.3
731,C,1,0,6.5,9.1,7.1,7.0,66.2
731,D,1,1,6.0,6.7,6.2,7.2,76.8
732,A,1,0,9.1,4.7,5.1,9.3,63.7
732,B,0,0,5.6,8.2,8.3,4.5,44.3
732,C,0,1,7.5,8.4,7.5,8.4,69.7
732,D,0,0,7.0,5.8,7.7,6.8,45.5
733,A,0,0,8.3,5.4,5.8,6.8,43.8
733,B,1,0,6.8,7.2,6.4,4.7,58.5
733,C,0,1,5.5,7.4,5.3,4.4,54.3
733,D,0,0,6.9,8.8,6.5,8.0,50.3
734,A,1,0,6.4,3.5,4.7,7.6,53.7
734,B,0,0,4.7,9.6,8.7,4.0,45.0
734,C,1,1,7.4,8.2,7.8,7.3,84.5
734,D,0,0,7.7,8.3,5.5,7.8,48.8
735,A,0,0,7.4,4.9,4.4,9.0,42.8
735,B,1,1,5.9,7.8,8.6,5.3,79.3
735,C,0,0,8.3,6.8,6.5,8.2,49.7
735,D,0,1,7.3,8.9,4.9,7.5,64.3
736,A,1,0,6.5,5.6,5.1,5.6,54.7
736,B,0,0,5.8,7.4,8.4,5.1,44.5
736,C,1,0,6.1,6.7,7.4,9.0,65.3
736,D,1,0,6.2,7.3,5.8,8.2,62.5
737,A,1,0,6.2,6.3,3.3,9.5,58.8
737,B,0,0,4.8,8.8,8.6,6.8,48.3
737,C,0,1,8.1,7.1,7.4,7.2,66.3
737,D,1,0,9.0,8.1,6.6,7.5,68.7
738,A,0,0,7.0,3.4,5.2,8.9,40.8
738,B,0,1,5.9,7.4,6.6,4.9,58.0
738,C,0,0,6.5,9.1,7.5,4.9,46.7
738,D,0,1,5.5,8.5,4.3,6.6,58.2
739,A,1,0,7.1,5.7,3.6,8.0,57.3
739,B,0,1,8.1,6.4,4.7,6.3,59.2
739,C,1,0,7.7,6.2,8.1,10,70.0
739,D,1,1,6.9,8.0,6.0,6.7,79.3
740,A,0,0,8.1,5.0,4.9,6.3,40.5
740,B,0,0,5.4,8.3,8.5,4.2,44.0
740,C,1,0,7.2,9.1,7.2,5.9,65.7
740,D,1,0,6.2,7.2,7.3,7.4,63.5
741,A,0,0,7.5,6.7,5.0,7.0,43.7
741,B,0,0,6.8,9.1,6.7,2.8,42.3
741,C,0,1,7.2,7.7,4.5,7.3,61.2
741,D,0,0,6.6,8.5,7.3,5.2,46.0
742,A,1,0,6.7,6.6,4.2,7.2,57.8
742,B,1,0,7.4,7.4,7.9,4.5,62.0
742,C,1,1,8.3,7.7,4.5,8.1,81.0
742,D,1,0,7.1,9.8,7.4,6.1,67.3
743,A,1,0,7.7,3.5,4.9,7.9,56.7
743,B,1,0,6.6,7.2,7.1,7.7,64.3
743,C,1,0,6.6,7.4,8.4,7.4,66.3
743,D,0,1,7.6,6.2,5.5,5.1,57.3
744,A,0,0,7.8,5.8,1,5.2,33.0
744,B,1,1,6.4,7.8,5.5,6.4,76.8
744,C,1,1,6.5,8.1,7.7,5.3,79.3
744,D,0,0,8.1,7.4,6.9,6.3,47.8
745,A,0,0,6.5,6.9,5.1,6.5,41.7
745,B,0,0,6.9,6.9,7.3,6.0,45.2
745,C,0,1,7.5,8.1,6.2,8.8,67.7
745,D,1,1,7.5,6.5,6.6,5.1,76.2
746,A,1,1,8.7,4.1,4.8,8.0,76.0
746,B,1,1,6.6,8.0,5.8,6.8,78.7
746,C,0,1,5.6,9.2,6.2,6.9,63.2
746,D,0,0,7.0,7.7,6.8,7.5,48.3
747,A,1,0,8.2,4.8,6.8,6.0,59.7
747,B,0,1,5.9,8.1,8.3,5.1,62.3
747,C,1,1,7.7,8.7,7.2,8.0,86.0
747,D,0,1,4.6,6.7,6.4,6.8,57.5
748,A,1,0,8.7,4.9,6.5,6.9,61.7
748,B,0,1,5.8,4.8,7.9,5.2,56.2
748,C,1,0,7.6,9.8,7.7,7.4,70.8
748,D,1,0,8.1,6.5,6.7,9.5,68.0
749,A,0,0,7.5,8.6,4.9,9.1,50.2
749,B,0,1,5.6,8.1,7.5,5.8,61.7
749,C,1,1,6.9,8.8,2.8,7.8,77.2
749,D,0,1,7.4,6.6,6.4,7.0,62.3
750,A,1,0,7.3,7.0,5.4,7.2,61.5
750,B,1,0,5.4,9.8,9.6,5.4,67.0
750,C,1,1,4.7,8.5,7.8,8.0,81.7
750,D,1,0,7.1,8.0,5.4,6.2,61.2
751,A,0,0,7.1,5.2,5.5,7.5,42.2
751,B,0,0,7.2,9.2,6.4,8.9,52.8
751,C,1,1,5.0,5.7,6.5,9.4,77.7
751,D,1,0,5.7,9.5,5.3,6.3,61.3
752,A,1,0,5.2,4.0,5.7,6.5,52.3
752,B,0,0,3.8,10,8.5,6.8,48.5
752,C,1,0,10,6.9,6.8,4.7,64.0
752,D,1,1,6.6,8.2,6.0,5.5,77.2
753,A,1,1,5.7,4.9,7.3,7.5,75.7
753,B,1,0,6.7,9.7,6.7,3.6,61.2
753,C,1,0,8.5,8.3,7.7,6.8,68.8
753,D,1,0,6.3,10,4.7,8.6,66.0
754,A,1,0,6.2,4.3,4.2,9.0,56.2
754,B,0,0,5.5,8.0,5.4,5.9,41.3
754,C,1,1,5.7,8.3,6.4,5.1,75.8
754,D,0,0,5.8,7.5,5.9,8.1,45.5
755,A,0,0,6.8,6.7,3.4,8.7,42.7
755,B,0,0,4.3,7.8,9.7,7.3,48.5
755,C,1,0,6.4,8.0,7.1,6.8,63.8
755,D,1,0,7.0,8.5,7.4,7.4,67.2
756,A,1,0,5.7,7.2,4.0,6.7,56.0
756,B,1,0,4.7,8.0,7.4,7.6,62.8
756,C,1,1,6.5,6.9,8.1,6.1,79.3
756,D,0,0,8.0,7.6,10.0,5.1,51.2
757,A,0,0,7.9,4.5,4.4,7.9,41.2
757,B,0,0,5.4,6.7,7.7,4.8,41.0
757,C,1,1,9.1,9.7,7.1,7.6,89.2
757,D,1,0,7.1,7.3,6.7,3.5,57.7
758,A,0,0,8.2,5.9,5.1,7.9,45.2
758,B,0,0,7.0,10,5.6,6.8,49.0
758,C,0,0,7.3,6.7,6.9,7.8,47.8
758,D,1,1,7.7,7.1,6.1,5.4,77.2
759,A,1,1,7.8,5.7,3.3,8.1,74.8
759,B,1,0,4.8,8.0,5.6,5.6,56.7
759,C,1,1,6.7,7.0,5.5,7.3,77.5
759,D,1,1,7.2,4.6,6.5,7.0,75.5
760,A,0,1,8.0,4.8,5.9,7.4,60.2
760,B,0,0,5.0,7.8,8.0,4.0,41.3
760,C,0,0,8.0,9.5,6.9,6.2,51.0
760,D,1,0,5.9,6.1,4.7,5.5,53.7
761,A,0,0,6.5,3.0,4.5,9.2,38.7
761,B,0,0,4.5,7.0,6.4,4.9,38.0
761,C,0,0,8.0,8.5,6.3,7.8,51.0
761,D,0,1,6.2,8.5,6.6,6.8,63.5
762,A,1,0,4.7,4.2,3.2,4.4,44.2
762,B,0,0,6.4,7.9,8.1,7.0,49.0
762,C,0,1,8.9,8.8,6.1,8.3,70.2
762,D,1,1,5.6,9.1,4.0,4.4,71.8
763,A,0,0,7.8,4.7,3.2,6.5,37.0
763,B,1,0,4.2,6.9,7.6,5.6,57.2
763,C,1,0,8.1,6.8,10,6.4,68.8
763,D,0,0,8.6,9.6,8.9,6.3,55.7
764,A,0,0,7.0,5.1,5.5,8.7,43.8
764,B,1,1,7.3,8.9,7.7,3.1,78.3
764,C,0,1,7.6,7.2,6.6,7.2,64.3
764,D,0,1,6.6,8.3,6.8,6.1,63.0
765,A,0,1,7.0,6.5,3.2,7.7,57.3
765,B,0,0,4.8,7.5,4.4,4.9,36.0
765,C,1,0,6.6,7.7,8.0,4.9,62.0
765,D,0,1,7.5,8.1,6.0,5.6,62.0
766,A,1,0,6.8,7.5,7.0,7.6,64.8
766,B,0,0,5.3,8.1,7.3,5.7,44.0
766,C,1,1,9.4,9.5,6.7,8.7,90.5
766,D,0,0,5.7,7.0,5.5,8.4,44.3
767,A,1,0,8.7,6.7,2.4,7.4,58.7
767,B,1,0,7.6,8.7,8.6,5.4,67.2
767,C,1,0,6.5,7.8,6.5,5.9,61.2
767,D,0,0,6.1,6.2,7.0,6.8,43.5
768,A,1,0,5.1,9.1,5.3,7.5,61.7
768,B,1,0,6.5,9.6,5.0,4.0,58.5
768,C,1,1,7.9,9.2,5.4,7.6,83.5
768,D,1,0,7.4,7.1,7.3,6.5,63.8
769,A,1,0,7.3,6.4,4.6,8.2,60.8
769,B,1,0,6.5,9.0,5.7,5.1,60.5
769,C,1,0,7.7,7.2,8.7,8.7,70.5
769,D,0,0,7.0,7.3,6.8,6.7,46.3
770,A,1,0,8.6,3.3,7.3,7.4,61.0
770,B,0,0,6.2,9.4,7.1,7.6,50.5
770,C,1,1,5.7,6.9,6.8,8.6,80.0
770,D,0,0,6.5,6.6,6.9,6.6,44.3
771,A,1,0,8.3,4.0,5.9,7.0,58.7
771,B,1,1,5.0,9.9,9.4,7.7,86.7
771,C,0,0,8.1,6.0,5.1,5.4,41.0
771,D,0,0,6.4,8.2,6.2,8.2,48.3
772,A,0,0,10,5.3,5.1,8.7,48.5
772,B,0,0,6.6,9.2,7.6,3.1,44.2
772,C,1,0,5.9,4.4,8.0,5.3,56.0
772,D,1,0,7.4,7.6,8.8,6.3,66.8
773,A,0,1,9.1,3.3,4.7,7.0,56.8
773,B,0,1,5.7,8.0,7.5,4.5,59.5
773,C,1,0,7.1,8.6,5.9,6.0,62.7
773,D,0,1,6.9,8.1,5.4,7.2,62.7
774,A,1,0,8.4,7.6,6.4,7.8,67.0
774,B,1,1,3.8,8.2,7.2,4.8,73.3
774,C,1,0,6.8,8.3,7.4,7.3,66.3
774,D,0,0,6.5,7.2,7.1,6.6,45.7
775,A,0,0,5.7,6.9,4.2,7.6,40.7
775,B,0,1,5.9,9.2,5.0,5.1,58.7
775,C,0,0,5.2,8.8,7.3,5.3,44.3
775,D,0,0,7.2,8.6,6.1,7.0,48.2
776,A,1,0,7.3,4.0,5.4,6.5,55.3
776,B,1,0,5.5,9.0,8.4,2.4,58.8
776,C,1,0,7.1,8.3,6.5,6.8,64.5
776,D,0,1,5.5,8.0,5.2,7.5,60.3
777,A,1,0,8.4,4.9,3.0,4.5,51.3
777,B,0,0,5.8,7.9,5.7,5.7,41.8
777,C,1,1,6.9,7.5,7.5,6.3,80.3
777,D,1,0,4.2,8.0,6.9,8.8,63.2
778,A,0,0,6.7,6.1,4.3,4.9,36.7
778,B,1,0,6.0,7.2,7.4,4.1,57.8
778,C,1,0,7.1,10,5.6,9.1,69.7
778,D,0,0,6.5,9.5,7.9,6.9,51.3
779,A,0,0,7.7,4.8,6.3,7.0,43.0
779,B,1,0,6.9,9.8,6.1,7.3,66.8
779,C,1,1,5.8,8.3,8.0,7.6,82.8
779,D,1,0,5.7,10,7.0,7.7,67.3
780,A,0,1,7.6,6.0,2.5,4.4,50.8
780,B,1,1,4.4,8.2,7.3,2.6,70.8
780,C,0,1,7.1,6.0,6.1,7.0,60.3
780,D,1,0,8.1,7.1,8.2,7.6,68.3
781,A,1,1,6.1,6.2,7.7,8.1,80.2
781,B,0,0,8.4,6.9,8.4,6.6,50.5
781,C,1,1,8.5,7.7,7.9,7.7,86.3
781,D,0,0,6.4,7.6,6.5,6.4,44.8
782,A,0,1,6.2,6.4,5.8,7.5,59.8
782,B,0,0,4.8,9.9,6.1,3.2,40.0
782,C,1,0,7.3,5.9,6.4,7.6,62.0
782,D,0,1,8.0,6.0,7.0,6.3,62.2
783,A,0,1,9.9,5.5,4.7,7.8,63.2
783,B,1,0,6.6,7.1,7.8,3.4,58.2
783,C,1,1,8.4,8.6,7.5,8.0,87.5
783,D,1,0,7.3,7.7,5.9,8.7,66.0
784,A,0,0,10,6.1,4.3,4.9,42.2
784,B,1,0,6.8,7.6,7.4,4.7,60.8
784,C,0,1,7.9,6.4,6.8,7.9,65.0
784,D,0,1,7.9,8.6,5.0,6.8,63.8
785,A,1,0,6.3,7.5,4.8,10,64.3
785,B,1,0,9.8,8.4,9.1,5.3,71.0
785,C,0,1,7.9,7.7,7.4,6.5,65.8
785,D,0,0,4.4,10,5.6,5.8,43.0
786,A,0,0,8.7,4.9,6.4,6.8,44.7
786,B,1,1,5.7,10,8.3,3.3,78.8
786,C,1,0,6.2,5.3,7.9,7.3,61.2
786,D,1,0,7.0,8.5,8.4,7.7,69.3
787,A,1,1,8.1,6.0,3.2,8.9,77.0
787,B,1,1,4.0,8.5,6.4,3.2,70.2
787,C,1,1,6.1,7.1,7.2,8.8,82.0
787,D,0,1,5.7,5.0,8.5,9.7,64.8
788,A,0,0,7.3,5.1,4.7,6.4,39.2
788,B,1,0,5.0,7.6,8.1,5.8,60.8
788,C,1,1,9.5,8.9,5.3,7.8,85.8
788,D,0,0,8.6,7.8,4.8,4.7,43.2
789,A,1,0,6.7,6.2,4.2,9.7,61.3
789,B,0,0,7.0,9.1,6.9,6.7,49.5
789,C,1,0,5.7,8.8,5.9,8.2,64.3
789,D,0,1,8.4,7.4,6.4,7.6,66.3
790,A,1,0,7.8,4.7,3.1,7.0,54.3
790,B,0,0,4.8,9.5,7.0,4.7,43.3
790,C,1,1,6.4,7.8,8.8,9.0,86.7
790,D,0,1,7.1,8.3,6.0,5.9,62.2
791,A,1,1,7.4,5.9,4.9,8.1,77.2
791,B,0,0,5.7,7.5,7.8,4.4,42.3
791,C,0,1,6.0,7.6,5.2,6.4,58.7
791,D,1,1,6.8,7.9,6.3,5.7,77.8
792,A,1,0,5.6,5.3,5.9,6.8,56.0
792,B,1,1,3.8,5.7,4.7,5.9,66.8
792,C,1,0,8.1,8.7,5.9,7.1,66.3
792,D,1,1,7.5,8.0,7.1,7.6,83.7
793,A,1,0,5.2,4.3,7.5,8.7,59.5
793,B,0,1,3.7,8.9,7.4,7.1,61.8
793,C,1,0,7.8,7.7,6.9,8.5,68.2
793,D,0,1,5.9,6.5,5.8,5.4,56.0
794,A,0,1,6.6,6.0,6.8,7.8,62.0
794,B,1,0,7.0,9.3,5.9,5.6,63.0
794,C,0,0,8.3,10,7.6,7.6,55.8
794,D,1,1,4.8,7.9,6.3,7.1,76.8
795,A,0,0,8.4,5.2,4.5,7.3,42.3
795,B,1,0,7.2,8.3,6.6,3.9,60.0
795,C,1,0,7.3,7.5,7.1,8.4,67.2
795,D,1,0,6.0,9.1,7.9,8.8,69.7
796,A,1,0,7.1,6.9,6.3,6.9,62.0
796,B,1,1,7.1,7.2,6.1,4.2,74.3
796,C,0,1,8.5,10,7.4,8.6,74.2
796,D,0,0,6.8,9.3,9.5,4.6,50.3
797,A,0,1,9.1,6.7,6.3,7.9,66.7
797,B,1,1,5.5,6.8,8.1,6.1,77.5
797,C,1,1,6.6,7.9,7.8,5.3,79.3
797,D,1,0,7.4,6.3,5.4,7.4,60.8
798,A,0,0,7.8,6.4,5.1,5.5,41.3
798,B,1,0,6.6,8.2,5.3,4.2,57.2
798,C,1,0,7.0,8.4,8.5,6.8,67.8
798,D,1,1,6.2,7.3,7.3,7.8,81.0
799,A,0,0,6.7,5.0,4.7,8.2,41.0
799,B,1,1,6.3,6.9,6.8,5.5,75.8
799,C,0,1,7.0,10,9.4,7.6,73.3
799,D,1,0,5.8,8.5,6.1,5.8,60.3
800,A,0,1,7.5,5.5,4.0,6.3,55.5
800,B,1,1,5.1,9.3,7.1,8.6,83.5
800,C,1,1,8.8,8.0,6.6,9.9,88.8
800,D,1,1,4.4,8.9,5.9,6.0,75.3
801,A,0,0,10,4.3,5.5,7.7,45.8
801,B,0,1,6.2,7.6,9.3,3.4,60.8
801,C,0,0,9.6,7.6,8.8,6.8,54.7
801,D,1,0,7.2,8.6,6.7,7.6,66.8
802,A,0,1,6.0,5.8,6.8,6.5,58.5
802,B,0,1,4.7,7.7,9.1,3.9,59.0
802,C,0,1,6.2,7.8,8.3,6.5,64.7
802,D,0,1,6.3,7.1,5.5,7.7,61.0
803,A,1,1,8.5,7.3,2.4,8.3,77.5
803,B,0,0,7.2,7.6,6.3,5.9,45.0
803,C,1,0,7.8,8.4,6.5,7.6,67.2
803,D,1,1,4.6,6.2,6.1,7.4,73.8
804,A,0,0,9.7,5.5,6.4,8.1,49.5
804,B,1,1,7.5,6.6,4.0,6.6,74.5
804,C,1,0,8.5,9.1,8.9,7.7,73.7
804,D,1,0,6.9,5.7,6.2,8.1,61.5
805,A,0,0,7.6,6.1,6.8,7.1,46.0
805,B,1,0,6.7,5.6,6.9,7.0,60.3
805,C,0,1,8.0,8.4,7.1,6.6,66.8
805,D,1,0,6.0,5.6,5.9,4.9,54.0
806,A,1,0,8.3,3.8,5.9,5.8,56.3
806,B,0,0,3.8,5.4,8.6,5.6,39.0
806,C,1,0,7.0,6.0,7.9,7.9,64.7
806,D,1,0,5.2,8.1,6.1,7.4,61.3
807,A,0,0,5.7,5.6,3.1,5.2,32.7
807,B,1,0,7.0,7.5,8.2,6.2,64.8
807,C,0,0,8.5,7.6,5.7,7.5,48.8
807,D,1,1,7.3,7.3,7.4,6.8,81.3
808,A,0,0,8.0,3.6,5.0,8.8,42.3
808,B,1,1,4.8,6.6,6.8,5.9,73.5
808,C,0,1,6.6,6.8,7.7,8.2,65.5
808,D,0,0,7.1,7.9,5.1,7.6,46.2
809,A,0,0,7.7,5.3,4.1,7.1,40.3
809,B,1,0,4.1,9.2,8.5,4.7,60.8
809,C,1,0,5.8,7.4,7.6,5.7,60.8
809,D,1,0,6.4,5.7,5.4,4.6,53.5
810,A,0,0,7.8,6.8,4.3,4.7,39.3
810,B,1,1,6.3,8.1,8.0,7.6,83.3
810,C,1,1,7.0,9.7,8.2,8.0,88.2
810,D,0,0,5.0,7.9,5.9,6.9,42.8
811,A,1,0,7.7,4.5,5.4,7.7,58.8
811,B,1,1,3.5,6.3,6.5,5.2,69.2
811,C,0,1,6.5,7.2,5.8,8.2,62.8
811,D,0,0,8.6,6.6,5.7,8.8,49.5
812,A,1,1,8.0,5.8,4.4,8.2,77.3
812,B,1,1,2.6,7.6,8.1,4.8,71.8
812,C,1,1,5.1,3.6,8.9,8.0,76.0
812,D,0,0,6.5,6.4,8.7,7.3,48.2
813,A,1,0,6.9,5.3,5.7,5.5,55.7
813,B,1,1,4.4,8.8,6.4,3.9,72.5
813,C,1,1,10,8.0,5.3,6.2,82.5
813,D,1,0,6.9,5.3,7.6,5.7,59.2
814,A,1,1,8.6,6.4,5.2,6.8,78.3
814,B,0,0,6.9,6.2,6.3,5.5,41.5
814,C,1,1,10,6.8,7.4,8.0,87.0
814,D,0,0,7.0,9.2,6.8,7.7,51.2
815,A,1,0,7.5,5.2,5.9,7.1,59.5
815,B,0,1,6.7,6.3,8.6,5.5,61.8
815,C,1,1,7.6,8.2,5.0,6.1,78.2
815,D,0,0,5.5,6.0,5.8,6.2,39.2
816,A,1,0,9.1,4.5,4.4,7.3,58.8
816,B,1,1,5.4,6.7,8.5,4.8,75.7
816,C,1,0,7.7,8.5,4.2,8.4,64.7
816,D,1,1,6.4,6.0,5.6,4.9,71.5
817,A,0,1,6.1,4.8,5.3,5.9,53.5
817,B,0,1,6.7,7.5,7.6,4.2,60.0
817,C,0,1,5.9,6.0,7.4,7.6,61.5
817,D,0,1,6.9,8.2,7.8,5.5,64.0
818,A,0,0,6.9,4.6,6.5,9.1,45.2
818,B,1,1,5.6,9.3,7.6,4.0,77.5
818,C,1,1,8.1,6.9,7.6,9.7,87.2
818,D,0,0,5.8,8.7,5.8,5.8,43.5
819,A,1,0,6.4,5.9,5.5,9.2,61.7
819,B,1,1,5.9,7.8,5.4,4.0,71.8
819,C,1,1,6.3,9.5,5.2,6.7,79.5
819,D,0,0,8.6,7.5,6.4,4.4,44.8
820,A,1,0,7.3,3.9,4.4,8.9,57.5
820,B,1,1,6.3,7.8,6.8,7.2,80.2
820,C,1,0,7.1,8.1,8.2,8.7,70.2
820,D,0,1,4.9,7.5,7.0,8.3,62.8
821,A,0,0,7.7,3.7,4.4,9.4,42.0
821,B,0,0,6.4,9.8,7.3,7.4,51.5
821,C,1,0,7.8,5.4,7.3,8.0,64.2
821,D,0,0,5.6,6.2,6.1,6.0,39.8
822,A,1,1,7.3,3.7,5.5,7.0,72.5
822,B,1,1,3.8,8.2,6.0,6.0,73.3
822,C,0,1,7.5,9.0,8.2,7.3,70.0
822,D,0,0,7.1,9.2,5.6,6.7,47.7
823,A,1,0,6.5,4.9,4.7,7.2,55.5
823,B,1,0,5.2,9.6,9.0,5.1,64.8
823,C,1,1,6.9,7.1,7.6,7.7,82.2
823,D,0,1,7.3,5.3,5.2,6.3,56.8
824,A,1,1,7.7,7.0,4.8,9.3,81.3
824,B,1,0,5.9,6.4,7.7,6.0,60.0
824,C,0,1,5.7,8.7,9.3,6.9,67.7
824,D,1,1,5.1,7.7,4.1,7.0,73.2
825,A,0,0,5.5,6.0,4.9,8.1,40.8
825,B,1,1,4.1,8.5,9.0,6.7,80.5
825,C,1,0,9.1,7.6,5.9,8.1,67.8
825,D,0,1,6.4,10,8.6,5.8,68.0
826,A,0,0,8.0,6.6,4.2,7.3,43.5
826,B,1,0,5.0,8.2,7.3,5.6,60.2
826,C,0,1,8.5,9.6,5.0,10,71.8
826,D,0,1,6.2,7.7,7.8,6.1,63.0
827,A,0,0,8.4,7.6,6.3,8.3,51.0
827,B,0,0,7.5,7.8,6.3,5.0,44.3
827,C,1,0,5.8,7.8,5.2,6.1,58.2
827,D,1,0,6.5,6.9,6.9,6.1,60.7
828,A,0,1,6.2,5.5,5.3,6.6,56.0
828,B,1,0,4.2,8.3,6.7,5.0,57.0
828,C,1,1,10,7.7,5.3,7.3,83.8
828,D,0,0,6.9,6.0,5.1,7.9,43.2
829,A,0,0,7.9,4.5,4.2,7.2,39.7
829,B,1,0,5.4,9.0,8.2,6.7,65.5
829,C,1,1,7.8,7.3,9.1,7.1,85.5
829,D,0,0,7.7,10.0,9.0,7.0,56.2
830,A,1,0,7.4,3.8,6.3,8.5,60.0
830,B,1,0,6.5,7.8,9.6,4.5,64.0
830,C,1,0,6.2,8.6,8.2,7.5,67.5
830,D,1,0,5.2,10,8.1,6.9,67.0
831,A,0,1,7.9,4.5,4.5,8.2,58.5
831,B,1,0,5.9,8.3,7.2,6.6,63.3
831,C,0,1,9.3,7.7,8.3,6.8,70.2
831,D,0,0,6.6,7.7,6.7,5.5,44.2
832,A,1,1,8.8,4.8,5.0,6.3,74.8
832,B,0,0,4.9,7.9,6.4,5.5,41.2
832,C,0,0,7.6,5.1,7.3,7.5,45.8
832,D,1,0,9.1,7.4,6.9,5.4,64.7
833,A,0,0,5.9,5.7,4.7,8.6,41.5
833,B,1,1,3.7,7.7,8.0,3.8,72.0
833,C,0,0,6.5,8.2,6.3,7.0,46.7
833,D,1,1,6.4,7.8,5.8,3.4,72.3
834,A,1,0,8.6,5.4,3.8,6.8,57.7
834,B,1,1,6.1,7.4,7.7,5.4,77.7
834,C,0,0,6.4,8.7,6.5,8.2,49.7
834,D,1,0,7.0,8.3,5.0,7.5,63.0
835,A,0,0,8.8,6.0,3.9,7.0,42.8
835,B,0,0,7.2,6.2,6.5,5.7,42.7
835,C,1,0,9.3,7.9,5.4,7.0,66.0
835,D,1,1,5.4,8.1,5.4,6.7,76.0
836,A,1,0,6.6,4.5,4.2,6.5,53.0
836,B,1,0,7.1,8.3,6.9,6.3,64.3
836,C,0,0,7.4,5.8,5.8,5.4,40.7
836,D,0,1,6.1,7.2,4.8,7.1,58.7
837,A,0,0,8.3,2.3,3.9,9.2,39.5
837,B,0,1,6.9,9.1,7.3,5.6,64.8
837,C,1,1,6.3,6.8,7.8,7.8,81.2
837,D,0,1,5.9,9.5,7.2,8.8,69.0
838,A,1,1,7.5,5.9,6.6,6.0,76.7
838,B,0,0,7.0,6.1,8.7,5.9,46.2
838,C,1,1,5.1,6.4,5.6,3.4,67.5
838,D,0,0,8.2,6.2,7.4,4.0,43.0
839,A,1,0,4.9,6.0,6.0,8.9,59.7
839,B,1,1,4.3,9.5,6.8,5.6,77.0
839,C,1,0,6.1,8.3,8.7,6.6,66.2
839,D,1,0,9.6,6.9,8.0,8.3,71.3
840,A,1,0,7.1,6.2,3.2,7.9,57.3
840,B,1,0,4.6,7.7,7.0,6.4,59.5
840,C,1,1,6.1,7.7,7.4,7.5,81.2
840,D,0,0,7.4,5.7,5.5,5.8,40.7
841,A,1,0,8.3,6.4,5.1,8.5,63.8
841,B,1,0,3.2,5.6,6.3,5.5,51.0
841,C,1,0,6.9,8.2,7.6,6.5,65.3
841,D,1,1,6.2,7.6,7.9,6.0,79.5
842,A,1,0,7.8,4.7,4.6,8.7,59.7
842,B,0,0,5.2,7.5,7.9,8.0,47.7
842,C,0,0,9.0,9.2,8.2,8.2,57.7
842,D,1,1,6.3,8.6,6.9,5.4,78.7
843,A,1,0,7.3,4.6,4.1,7.9,56.5
843,B,1,0,5.7,7.8,8.6,6.7,64.7
843,C,0,1,5.9,4.1,5.4,6.4,53.0
843,D,1,0,5.8,7.9,7.6,4.8,60.2
844,A,1,1,7.6,6.2,4.9,8.5,78.7
844,B,0,1,5.3,9.3,7.9,4.5,61.7
844,C,1,0,6.6,6.8,5.3,8.4,61.8
844,D,0,0,5.3,8.1,3.4,8.3,41.8
845,A,0,0,7.4,5.0,8.0,9.1,49.2
845,B,1,0,6.5,8.9,7.2,5.1,62.8
845,C,0,0,7.2,8.6,6.0,5.7,45.8
845,D,1,1,7.1,7.9,7.7,6.9,82.7
846,A,1,0,8.4,3.5,5.3,7.7,58.2
846,B,0,0,6.1,7.7,7.8,6.9,47.5
846,C,1,0,7.8,7.4,8.4,5.4,65.0
846,D,0,1,8.7,10,8.6,5.5,71.3
847,A,0,1,6.7,5.3,4.6,8.7,58.8
847,B,0,0,5.1,6.6,8.4,5.0,41.8
847,C,0,1,9.1,7.6,7.5,7.3,69.2
847,D,1,0,5.1,7.5,6.7,7.0,60.5
848,A,1,0,6.6,5.5,4.3,8.2,57.7
848,B,0,0,5.2,8.9,4.4,5.6,40.2
848,C,1,1,7.3,9.3,5.6,6.8,81.7
848,D,1,0,7.3,7.8,6.7,5.7,62.5
849,A,1,0,6.0,4.6,5.4,6.5,54.2
849,B,0,0,5.1,7.8,5.6,3.2,36.2
849,C,0,1,6.4,6.1,6.8,7.1,60.7
849,D,0,0,5.1,9.3,6.8,8.4,49.3
850,A,1,1,7.4,4.0,3.4,6.8,69.3
850,B,0,1,7.2,10,6.1,3.7,61.7
850,C,1,0,8.5,6.2,6.2,6.0,61.5
850,D,1,0,7.1,8.3,9.0,5.4,66.3
851,A,0,0,6.6,6.6,4.1,7.7,41.7
851,B,1,1,3.7,8.5,7.8,5.3,75.5
851,C,1,1,9.7,7.2,6.0,7.4,83.8
851,D,1,0,7.4,8.1,6.3,7.9,66.2
852,A,0,0,5.9,5.5,4.4,6.7,37.5
852,B,1,0,5.5,8.9,6.9,5.4,61.2
852,C,0,1,6.3,9.5,4.4,7.3,62.5
852,D,1,1,7.1,9.8,7.7,7.5,86.8
853,A,1,0,7.0,4.2,4.6,7.0,54.7
853,B,0,0,4.7,7.7,7.2,7.8,45.7
853,C,0,1,6.5,8.5,7.1,6.2,63.8
853,D,1,0,6.9,8.1,7.2,8.2,67.3
854,A,1,1,7.3,5.0,5.8,8.0,76.8
854,B,0,1,5.6,9.4,6.4,5.7,61.8
854,C,0,0,9.9,8.6,4.0,8.1,51.0
854,D,1,0,6.1,5.0,8.3,8.0,62.3
855,A,0,1,8.7,4.1,5.7,5.0,55.8
855,B,1,1,6.4,7.3,5.9,5.0,74.3
855,C,1,0,8.3,7.5,6.3,7.7,66.3
855,D,0,1,7.9,9.3,4.4,8.3,66.5
856,A,0,0,7.5,7.5,5.2,7.5,46.2
856,B,0,0,5.5,8.6,8.8,3.7,44.3
856,C,1,0,7.9,8.6,5.0,7.8,65.5
856,D,1,0,7.1,4.8,5.0,6.6,55.8
857,A,1,0,5.0,8.2,2.9,9.3,59.0
857,B,1,1,5.3,7.8,9.8,4.7,79.3
857,C,1,0,4.5,7.0,5.5,7.7,57.8
857,D,1,1,7.3,7.7,5.2,7.5,79.5
858,A,1,1,6.8,6.5,4.1,6.7,73.5
858,B,0,0,5.5,9.5,5.5,5.4,43.2
858,C,0,0,6.2,8.2,8.9,7.1,50.7
858,D,1,0,5.3,7.3,5.3,6.8,57.8
859,A,1,0,7.9,5.9,3.7,7.0,57.5
859,B,0,0,4.1,8.2,5.8,6.9,41.7
859,C,1,0,8.0,7.8,6.5,5.6,63.2
859,D,1,1,6.3,7.7,9.0,9.2,87.0
860,A,1,1,6.6,7.2,6.1,7.6,79.2
860,B,1,0,5.8,7.1,6.7,6.9,60.8
860,C,1,1,8.3,6.7,5.8,7.6,80.7
860,D,1,1,6.8,10,6.6,6.9,83.8
861,A,0,1,5.6,5.9,5.1,6.6,55.3
861,B,1,0,4.4,5.9,6.6,5.7,54.3
861,C,0,0,6.9,6.4,5.1,7.5,43.2
861,D,0,0,6.1,6.7,7.1,5.8,42.8
862,A,0,1,4.4,6.5,2.6,6.9,50.7
862,B,1,1,7.4,8.0,8.1,7.7,85.3
862,C,1,1,7.5,9.2,6.4,7.0,83.5
862,D,1,1,6.7,6.4,4.7,8.0,76.3
863,A,1,0,6.3,6.1,3.0,7.4,54.7
863,B,0,0,6.4,7.5,5.9,4.0,39.7
863,C,1,0,8.3,6.3,5.8,7.4,63.0
863,D,0,0,8.7,7.7,5.4,6.9,47.8
864,A,1,1,8.0,4.3,5.1,6.4,73.0
864,B,0,0,7.2,8.8,9.7,6.0,52.8
864,C,0,1,6.2,7.2,7.6,8.7,66.2
864,D,1,0,6.2,6.5,6.7,6.5,59.8
865,A,0,0,8.8,6.2,6.3,7.2,47.5
865,B,0,0,3.7,7.0,6.0,5.8,37.5
865,C,1,0,8.2,7.7,5.9,5.8,62.7
865,D,0,0,5.7,6.2,5.1,6.9,39.8
866,A,0,0,6.4,5.1,3.4,6.2,35.2
866,B,1,1,6.0,7.7,6.7,4.4,74.7
866,C,1,1,6.4,9.0,5.7,9.5,84.3
866,D,0,0,3.5,8.5,6.6,8.5,45.2
867,A,1,0,8.5,6.7,4.3,5.4,58.2
867,B,0,0,4.6,8.4,7.8,5.1,43.2
867,C,1,1,8.4,5.1,7.4,8.0,81.5
867,D,1,0,7.5,8.3,6.0,5.4,62.0
868,A,1,1,6.0,4.0,3.7,6.9,67.7
868,B,0,0,5.0,9.1,9.0,4.9,46.7
868,C,1,1,6.9,7.8,6.3,7.8,81.3
868,D,0,0,7.9,6.7,6.2,5.5,43.8
869,A,0,0,6.7,4.6,5.4,10,44.5
869,B,0,1,6.3,10.0,7.2,7.4,68.2
869,C,1,1,5.6,6.5,5.7,8.2,76.7
869,D,0,0,7.0,7.4,7.4,7.2,48.3
870,A,0,1,5.4,6.6,5.1,9.1,60.3
870,B,0,1,5.5,8.9,6.4,6.3,61.8
870,C,0,0,8.8,8.3,6.2,6.5,49.7
870,D,1,0,7.3,8.4,2.3,8.3,60.5
871,A,1,1,8.1,3.5,4.4,8.1,73.5
871,B,1,0,8.7,10,9.3,5.7,72.8
871,C,0,0,6.7,7.1,5.7,9.0,47.5
871,D,0,0,8.8,6.3,6.8,6.7,47.7
872,A,1,0,7.1,5.9,5.8,6.4,58.7
872,B,1,0,5.5,8.8,6.3,5.3,59.8
872,C,1,0,7.8,6.8,6.0,7.4,63.3
872,D,0,1,5.6,7.7,4.0,6.5,56.3
873,A,1,0,8.4,5.2,5.0,7.2,59.7
873,B,1,1,5.9,8.9,7.1,3.1,75.0
873,C,1,1,5.7,6.1,7.9,7.7,79.0
873,D,1,1,6.4,7.8,5.7,6.1,76.7
874,A,0,0,8.2,5.7,4.8,8.1,44.7
874,B,0,1,5.6,7.2,7.6,5.8,60.3
874,C,0,1,8.1,5.1,6.3,7.7,62.0
874,D,0,0,6.7,7.7,4.4,7.0,43.0
875,A,1,1,6.1,6.0,6.8,5.4,73.8
875,B,1,0,4.8,9.2,10,5.7,66.2
875,C,1,0,6.8,8.9,8.0,8.8,70.8
875,D,1,1,5.1,9.2,4.5,7.4,77.0
876,A,1,0,5.6,4.4,6.6,8.7,58.8
876,B,0,1,7.8,8.9,8.4,6.0,68.5
876,C,0,0,7.5,5.4,7.2,8.6,47.8
876,D,1,0,5.2,8.5,4.1,6.7,57.5
877,A,0,1,8.2,4.2,5.6,6.8,58.0
877,B,1,0,3.9,9.2,6.6,6.0,59.5
877,C,1,1,5.4,8.7,7.1,9.1,83.8
877,D,1,1,6.3,9.8,8.4,6.9,85.7
878,A,0,0,8.8,5.3,5.9,7.3,45.5
878,B,0,0,6.2,9.6,5.9,5.4,45.2
878,C,1,0,5.9,6.5,7.9,6.4,61.2
878,D,0,1,6.0,8.2,4.7,5.0,56.5
879,A,0,0,6.6,7.4,7.4,7.5,48.2
879,B,0,0,5.1,9.1,6.7,5.8,44.5
879,C,1,0,4.7,6.7,6.6,9.2,62.0
879,D,0,0,7.9,7.0,7.3,7.3,49.2
880,A,0,1,6.0,6.1,5.1,5.5,54.5
880,B,1,0,3.6,7.8,7.4,4.6,55.7
880,C,1,0,6.3,9.0,7.0,9.3,69.3
880,D,1,1,5.3,6.3,7.1,7.5,77.0
881,A,1,0,7.8,4.5,6.9,6.8,60.0
881,B,1,0,7.4,8.0,7.1,4.7,62.0
881,C,1,0,7.5,8.4,6.3,6.9,65.2
881,D,0,1,6.5,6.9,5.5,5.9,58.0
882,A,0,1,7.4,6.2,4.8,8.3,61.2
882,B,1,1,5.4,8.0,7.2,4.9,75.8
882,C,1,1,7.4,8.5,6.4,6.2,80.8
882,D,1,1,7.3,6.5,6.6,7.6,80.0
883,A,1,0,8.4,6.3,1.6,9.1,59.0
883,B,1,0,7.9,8.0,7.0,3.5,60.7
883,C,0,1,6.8,6.7,8.9,10,70.7
883,D,1,0,6.9,9.5,5.7,8.2,67.2
884,A,0,0,6.1,6.3,3.1,8.4,39.8
884,B,1,1,5.5,7.2,6.8,5.3,74.7
884,C,1,0,5.2,10,6.1,4.6,59.8
884,D,1,1,6.5,8.8,7.6,8.0,84.8
885,A,0,0,7.8,4.7,6.2,7.6,43.8
885,B,0,0,5.1,7.6,6.8,4.8,40.5
885,C,0,0,7.2,8.5,6.4,9.5,52.7
885,D,1,1,5.9,8.2,9.0,6.8,83.2
886,A,0,0,7.8,4.0,5.8,5.8,39.0
886,B,1,0,6.1,8.2,7.5,5.6,62.3
886,C,0,1,5.7,9.1,7.4,6.9,65.2
886,D,0,0,7.2,6.8,5.5,5.6,41.8
887,A,0,0,6.5,7.3,5.7,9.6,48.5
887,B,1,0,5.5,10,10,6.1,69.3
887,C,1,0,7.0,7.5,7.5,6.1,63.5
887,D,1,0,7.0,10,4.4,5.6,61.7
888,A,1,1,6.3,5.3,5.5,7.2,73.8
888,B,0,0,7.1,8.5,9.1,5.6,50.5
888,C,1,1,5.8,7.4,5.7,5.7,74.3
888,D,0,0,7.7,7.5,4.0,6.8,43.3
889,A,1,0,6.3,5.0,5.1,6.7,55.2
889,B,1,0,6.8,9.3,8.4,4.7,65.3
889,C,1,0,6.2,8.7,5.0,7.8,62.8
889,D,0,1,4.9,6.3,5.8,5.8,54.7
890,A,0,1,7.9,5.5,4.3,7.2,58.2
890,B,0,0,6.2,8.2,8.7,5.3,47.3
890,C,1,0,6.6,7.3,5.8,5.5,58.7
890,D,0,1,6.6,9.5,6.9,5.5,64.2
891,A,1,0,9.1,6.5,5.6,8.0,65.3
891,B,1,1,5.1,6.5,6.0,6.5,73.5
891,C,0,1,7.5,6.8,8.0,9.3,69.3
891,D,0,1,8.3,6.9,8.6,7.7,69.2
892,A,0,0,8.6,4.1,5.0,6.3,40.0
892,B,1,0,6.1,8.1,6.5,4.7,59.0
892,C,1,1,5.9,6.4,6.7,7.1,76.8
892,D,0,1,6.4,9.1,6.6,6.3,64.0
893,A,1,1,7.4,5.0,5.2,9.3,78.2
893,B,0,0,5.3,7.8,8.0,5.5,44.3
893,C,1,1,6.8,7.5,10,8.4,87.8
893,D,1,0,4.4,7.6,8.5,6.2,61.2
894,A,1,0,6.6,6.9,6.4,8.8,64.5
894,B,1,0,8.6,9.3,7.6,7.5,71.7
894,C,1,0,9.2,6.5,7.8,8.2,69.5
894,D,1,0,7.3,9.0,6.2,8.7,68.7
895,A,1,0,5.4,5.0,4.0,8.3,54.5
895,B,1,1,3.6,7.3,7.2,5.2,72.2
895,C,1,0,7.5,7.9,8.0,8.1,69.2
895,D,1,0,5.0,7.2,7.2,5.5,58.2
896,A,1,0,8.6,4.6,3.7,9.5,60.7
896,B,1,1,6.1,6.9,6.4,2.7,70.2
896,C,1,1,8.4,9.4,7.9,7.3,88.3
896,D,0,0,7.2,7.8,6.8,5.5,45.5
897,A,1,0,8.0,5.2,6.2,8.3,62.8
897,B,1,0,5.4,9.0,6.4,5.4,60.3
897,C,1,1,7.8,7.8,8.3,6.8,84.5
897,D,0,0,6.1,4.3,7.4,6.6,40.7
898,A,1,1,8.6,7.4,4.2,6.0,77.0
898,B,1,0,8.6,8.1,5.9,6.0,64.3
898,C,0,1,7.0,8.1,7.9,8.7,69.5
898,D,0,0,7.7,8.9,5.8,5.7,46.8
899,A,0,1,4.4,4.0,1.9,6.4,44.5
899,B,0,1,6.3,9.4,7.1,6.9,66.2
899,C,0,0,6.4,7.2,6.3,7.2,45.2
899,D,0,1,8.5,8.9,6.2,5.9,65.8
900,A,1,1,6.5,6.3,3.8,7.4,73.3
900,B,0,1,3.8,7.5,7.5,6.6,59.0
900,C,1,0,9.1,7.2,6.7,6.3,65.5
900,D,0,1,7.4,6.7,5.3,8.4,63.0
901,A,0,1,7.1,6.7,5.0,5.7,57.5
901,B,1,1,6.5,7.4,8.3,4.9,78.5
901,C,1,1,6.3,9.0,7.3,7.4,83.3
901,D,1,1,4.8,6.1,4.6,8.6,73.5
902,A,0,0,6.9,6.6,6.7,7.2,45.7
902,B,1,1,7.5,9.7,6.2,4.4,79.7
902,C,0,0,7.1,5.7,5.9,6.8,42.5
902,D,1,1,5.8,6.7,4.7,5.9,71.8
903,A,1,0,7.0,7.3,3.2,8.1,59.3
903,B,1,1,6.6,7.4,8.9,4.9,79.7
903,C,1,0,7.3,6.9,6.8,7.8,64.7
903,D,1,0,9.6,6.5,5.4,6.2,62.8
904,A,1,0,9.0,7.7,6.3,7.0,66.7
904,B,1,0,3.4,6.4,7.2,8.4,59.0
904,C,0,1,4.4,8.4,10,6.2,65.0
904,D,1,0,7.0,5.4,5.7,9.0,61.8
905,A,0,0,7.2,5.8,6.2,5.5,41.2
905,B,0,1,5.6,9.1,5.8,6.1,61.0
905,C,1,0,7.6,6.2,7.0,7.4,63.7
905,D,0,0,3.6,7.2,4.5,5.3,34.3
906,A,1,0,7.8,5.5,6.5,7.7,62.5
906,B,0,0,8.0,8.5,6.5,5.7,47.8
906,C,1,1,7.6,8.3,7.7,8.2,86.3
906,D,1,0,5.8,6.1,5.3,7.9,58.5
907,A,1,0,8.9,3.1,3.1,8.2,55.5
907,B,1,1,4.4,9.0,8.2,7.5,81.8
907,C,1,1,6.7,7.3,7.7,9.7,85.7
907,D,1,0,5.6,7.6,6.0,7.1,60.5
908,A,0,1,8.0,2.1,6.0,8.5,57.7
908,B,0,0,5.3,8.9,6.6,4.3,41.8
908,C,1,0,4.2,7.1,6.5,7.3,58.5
908,D,0,1,6.7,7.6,6.5,8.1,64.8
909,A,0,0,5.3,4.5,3.2,8.0,35.0
909,B,1,0,4.0,7.5,8.7,4.5,57.8
909,C,1,0,8.2,6.2,6.8,6.9,63.5
909,D,0,0,6.1,8.8,6.5,4.2,42.7
910,A,0,0,6.0,5.4,5.9,8.3,42.7
910,B,1,0,6.5,8.5,7.6,3.6,60.3
910,C,0,0,7.6,6.6,6.8,7.2,47.0
910,D,0,0,4.9,8.0,6.1,7.4,44.0
911,A,0,0,7.2,3.8,3.2,9.6,39.7
911,B,1,0,7.7,9.3,7.6,6.2,68.0
911,C,1,0,5.9,6.1,5.5,8.8,60.5
911,D,1,0,5.9,9.2,4.5,7.1,61.2
912,A,1,0,7.5,7.6,6.3,7.5,64.8
912,B,1,1,8.6,8.2,7.4,7.0,85.3
912,C,0,1,7.9,7.1,8.6,9.6,72.0
912,D,1,1,9.0,7.8,7.0,3.9,79.5
913,A,1,1,6.4,5.9,5.2,8.6,76.8
913,B,0,1,6.4,8.1,8.1,3.0,59.3
913,C,1,1,6.8,8.4,7.3,8.5,85.0
913,D,0,0,6.5,7.8,4.8,6.8,43.2
914,A,1,1,7.6,7.4,3.7,7.2,76.5
914,B,1,0,5.4,8.2,7.1,5.3,60.0
914,C,0,1,8.8,9.1,6.3,7.4,69.3
914,D,0,0,5.9,7.8,7.9,4.8,44.0
915,A,0,0,4.0,4.5,5.9,5.9,33.8
915,B,1,0,7.5,8.9,4.7,6.4,62.5
915,C,0,0,8.4,10,6.4,6.5,52.2
915,D,1,1,9.7,6.8,5.6,7.7,83.0
916,A,0,1,9.0,5.2,5.3,9.3,64.7
916,B,1,0,4.5,8.2,7.6,7.5,63.0
916,C,1,1,6.9,7.7,6.8,8.0,82.3
916,D,1,0,5.3,8.6,6.8,9.2,66.5
917,A,0,1,5.9,7.0,6.1,8.7,62.8
917,B,1,0,2.8,8.5,6.9,4.8,55.0
917,C,1,1,6.3,7.1,8.2,8.4,83.3
917,D,1,0,7.6,7.4,6.4,7.9,65.5
918,A,1,0,9.4,4.5,5.7,9.4,65.0
918,B,0,1,5.2,7.6,6.9,3.7,55.7
918,C,1,1,7.1,9.0,8.2,7.7,86.7
918,D,1,1,3.7,7.5,4.9,5.8,69.8
919,A,1,0,6.8,5.9,2.0,7.6,53.8
919,B,1,1,4.9,5.2,10,6.7,78.0
919,C,0,0,7.4,8.1,7.4,7.1,50.0
919,D,1,0,6.1,8.5,7.5,8.9,68.3
920,A,1,0,7.7,5.4,5.5,6.4,58.3
920,B,0,0,7.6,7.0,6.0,2.9,39.2
920,C,1,1,6.0,8.5,7.6,7.4,82.5
920,D,1,1,6.6,6.8,5.4,10,81.3
921,A,0,0,6.5,5.9,5.4,8.3,43.5
921,B,1,0,7.0,9.9,7.0,1.3,58.7
921,C,1,1,6.1,8.2,6.2,6.3,78.0
921,D,1,0,7.8,8.0,6.1,8.2,66.8
922,A,0,1,9.4,5.4,4.3,6.8,59.8
922,B,0,1,5.1,9.9,7.2,6.2,64.0
922,C,1,0,5.1,7.4,7.6,8.6,64.5
922,D,0,0,5.8,6.1,4.9,6.5,38.8
923,A,0,0,8.1,7.5,3.1,9.1,46.3
923,B,1,0,2.3,7.2,7.8,4.3,52.7
923,C,0,0,7.9,7.7,7.9,6.9,50.7
923,D,0,0,6.1,9.7,7.6,6.9,50.5
924,A,1,0,6.0,3.7,4.4,9.4,55.8
924,B,0,1,6.7,7.5,9.7,4.0,63.2
924,C,1,1,7.5,9.6,8.0,7.2,87.2
924,D,1,0,5.8,10,4.4,7.5,62.8
925,A,1,1,6.5,6.2,5.4,9.3,79.0
925,B,0,1,5.4,8.2,5.8,7.4,61.3
925,C,1,1,7.8,6.3,9.2,8.6,86.5
925,D,0,0,7.0,9.6,6.3,6.8,49.5
926,A,1,0,7.8,5.6,3.2,7.5,56.8
926,B,1,1,7.1,8.2,9.1,6.1,84.2
926,C,1,0,7.1,6.1,7.9,7.8,64.8
926,D,1,0,7.2,8.1,5.6,7.6,64.2
927,A,0,1,6.0,3.9,5.3,5.3,50.8
927,B,0,0,3.5,8.1,8.2,7.4,45.3
927,C,1,0,8.0,8.5,7.2,7.2,68.2
927,D,0,0,6.5,7.8,6.5,6.9,46.2
928,A,0,0,8.2,3.8,3.6,8.1,39.5
928,B,1,1,5.7,7.5,5.9,4.9,73.3
928,C,1,0,5.2,8.8,6.8,9.0,66.3
928,D,1,0,6.2,7.8,9.5,6.6,66.8
929,A,0,0,6.9,5.2,5.3,5.8,38.7
929,B,1,0,7.4,6.8,8.3,7.4,66.5
929,C,1,0,8.5,7.4,7.9,5.0,64.7
929,D,1,1,7.6,5.8,5.7,5.9,75.0
930,A,0,0,5.6,6.1,5.8,6.3,39.7
930,B,1,0,4.7,10,10,4.4,65.2
930,C,1,1,5.3,7.9,5.4,9.1,79.5
930,D,1,0,5.0,7.8,6.2,5.4,57.3
931,A,0,1,5.6,6.3,4.4,10,60.5
931,B,1,0,6.6,8.0,7.0,6.1,62.8
931,C,1,1,8.2,8.2,9.9,6.1,87.3
931,D,0,0,6.4,7.1,6.6,8.1,47.0
932,A,1,0,6.5,4.6,4.4,5.5,51.7
932,B,0,0,5.5,8.5,5.8,4.6,40.7
932,C,1,0,9.1,8.5,8.4,6.9,71.5
932,D,0,0,6.7,5.3,5.2,6.5,39.5
933,A,1,0,7.2,5.8,5.1,6.9,58.3
933,B,1,0,8.1,9.2,7.4,3.1,63.0
933,C,1,0,6.2,7.5,7.3,5.2,60.3
933,D,0,1,9.2,9.1,4.5,5.1,63.2
934,A,0,0,7.8,8.2,3.6,8.2,46.3
934,B,0,0,5.8,9.8,7.8,4.8,47.0
934,C,1,1,6.6,10,7.0,7.4,85.0
934,D,1,0,8.6,8.7,7.3,6.1,67.8
935,A,1,0,5.2,5.8,5.4,7.5,56.5
935,B,0,0,8.3,7.8,8.9,4.9,49.8
935,C,1,0,9.0,9.0,4.6,4.6,62.0
935,D,1,1,4.7,7.3,5.1,5.2,70.5
936,A,1,0,7.8,5.0,2.7,6.4,53.2
936,B,1,0,2.8,8.7,7.3,5.3,56.8
936,C,1,1,8.0,5.7,7.1,5.1,76.5
936,D,1,1,7.7,7.4,7.1,8.2,84.0
937,A,1,1,8.4,5.5,3.8,7.5,75.3
937,B,0,0,4.2,7.8,9.1,6.2,45.5
937,C,1,1,6.4,8.8,8.2,6.5,83.2
937,D,1,0,7.6,6.2,3.9,6.5,57.0
938,A,1,0,6.9,5.6,3.2,7.8,55.8
938,B,1,0,5.7,6.2,6.9,4.0,54.7
938,C,0,0,8.1,8.8,7.6,8.2,54.5
938,D,1,0,6.2,5.9,4.7,8.2,58.3
939,A,1,0,8.1,5.4,3.2,6.9,56.0
939,B,0,1,5.9,7.1,9.3,4.5,61.3
939,C,0,1,7.9,5.9,8.3,7.2,65.5
939,D,1,0,6.5,9.3,7.3,6.7,66.3
940,A,1,0,7.0,5.0,3.4,8.6,56.7
940,B,0,0,8.0,7.4,5.6,5.7,44.5
940,C,1,1,4.9,6.7,7.5,5.7,74.7
940,D,1,0,8.4,7.2,6.5,7.2,65.5
941,A,1,1,10,7.7,5.6,4.7,80.0
941,B,0,0,5.7,8.0,7.6,6.7,46.7
941,C,1,1,7.2,7.8,5.8,6.2,78.3
941,D,1,0,9.0,7.8,6.6,7.0,67.3
942,A,0,0,8.7,7.0,5.9,8.2,49.7
942,B,1,0,7.7,7.7,8.8,7.2,69.0
942,C,1,1,8.0,8.9,6.2,7.4,84.2
942,D,0,0,6.7,6.7,6.4,5.1,41.5
943,A,0,0,7.9,2.7,2.9,7.1,34.3
943,B,1,1,3.4,7.1,7.6,9.2,78.8
943,C,1,0,8.1,5.2,9.0,8.6,68.2
943,D,1,1,5.9,8.3,4.3,7.6,76.8
944,A,0,1,7.6,3.8,5.5,8.5,59.0
944,B,1,0,6.6,10,9.8,6.1,70.8
944,C,0,1,6.8,7.8,6.8,7.9,65.5
944,D,0,0,5.5,7.0,5.4,6.2,40.2
945,A,1,1,6.1,5.9,6.8,7.3,76.8
945,B,0,1,8.6,5.7,7.0,5.4,61.2
945,C,1,1,8.9,6.3,7.0,8.3,84.2
945,D,0,0,7.8,9.6,9.0,6.3,54.5
946,A,1,0,7.7,7.4,6.2,7.5,64.7
946,B,0,1,5.3,9.3,8.5,5.1,63.7
946,C,0,0,6.6,7.8,7.6,6.2,47.0
946,D,0,0,7.2,7.7,6.0,5.6,44.2
947,A,1,0,5.2,7.8,5.3,7.6,59.8
947,B,1,0,4.7,8.6,8.6,4.9,61.3
947,C,1,0,7.2,9.0,7.5,9.0,71.2
947,D,1,0,8.5,8.4,5.7,8.1,67.8
948,A,0,0,8.3,6.3,4.6,7.5,44.5
948,B,1,0,6.1,9.4,8.0,4.0,62.5
948,C,1,0,6.2,8.0,7.5,6.5,63.7
948,D,1,1,5.9,9.7,5.8,7.4,81.3
949,A,1,1,7.8,6.2,5.4,7.4,78.0
949,B,1,1,6.5,9.3,7.2,6.3,82.2
949,C,0,1,7.4,7.9,7.3,9.5,70.2
949,D,0,0,7.4,7.5,6.6,6.0,45.8
950,A,0,0,5.3,4.0,5.3,10.0,41.0
950,B,0,0,4.5,8.5,5.8,4.7,39.2
950,C,1,0,7.0,8.3,7.5,6.7,65.8
950,D,1,1,5.8,6.5,6.6,5.6,74.2
951,A,0,1,7.1,7.2,2.3,8.5,58.5
951,B,1,0,6.9,6.3,5.1,5.5,56.3
951,C,1,1,8.8,9.4,8.1,5.9,87.0
951,D,1,0,5.6,6.8,4.8,4.8,53.3
952,A,0,0,6.5,7.8,6.3,8.9,49.2
952,B,0,0,6.4,8.8,7.8,4.1,45.2
952,C,1,0,7.6,8.4,7.6,9.1,71.2
952,D,0,0,5.4,8.6,8.0,7.5,49.2
953,A,0,0,7.7,4.3,6.5,5.7,40.3
953,B,1,0,7.1,8.7,6.3,7.1,65.3
953,C,1,1,7.6,9.4,7.7,5.9,84.3
953,D,0,0,6.4,5.8,5.9,7.7,43.0
954,A,0,0,5.9,5.7,3.7,5.3,34.3
954,B,1,0,4.3,6.2,7.6,6.1,57.0
954,C,0,0,8.1,7.0,8.3,6.5,49.8
954,D,0,1,5.9,6.3,7.8,6.3,60.5
955,A,0,0,5.8,5.6,2.7,8.7,38.0
955,B,0,1,5.4,7.2,8.5,6.8,63.2
955,C,1,1,7.3,7.5,5.9,4.9,76.0
955,D,0,0,8.4,7.5,3.6,6.6,43.5
956,A,1,1,6.6,6.4,4.2,6.9,73.5
956,B,0,0,7.2,7.8,6.8,3.9,42.8
956,C,1,0,8.9,6.8,7.3,5.1,63.5
956,D,0,0,5.5,6.8,6.6,5.0,39.8
957,A,1,0,4.7,4.1,4.0,6.4,48.7
957,B,1,1,5.2,6.8,6.3,5.6,73.2
957,C,0,1,5.6,7.4,6.3,9.1,64.0
957,D,0,0,6.2,9.0,8.8,5.6,49.3
958,A,1,0,7.4,5.7,5.8,7.5,60.7
958,B,1,1,8.9,7.3,7.5,6.2,83.2
958,C,0,1,6.7,10,6.7,9.2,71.0
958,D,0,1,4.9,7.5,8.0,7.7,63.5
959,A,0,0,7.2,4.4,2.7,7.7,36.7
959,B,1,0,7.1,7.1,8.5,6.3,65.0
959,C,0,1,9.0,6.1,7.2,5.9,63.7
959,D,0,1,6.9,6.7,6.8,6.9,62.2
960,A,1,0,5.9,7.7,6.1,6.4,60.2
960,B,0,0,7.5,8.7,5.6,3.8,42.7
960,C,0,0,6.7,7.2,8.4,8.8,51.8
960,D,1,0,6.5,7.3,7.8,8.2,66.3
961,A,0,0,9.2,5.3,5.0,7.2,44.5
961,B,1,1,4.9,5.7,7.0,6.6,73.7
961,C,1,0,7.9,10,9.4,6.4,72.8
961,D,1,0,6.2,5.8,6.7,6.2,58.2
962,A,1,1,8.4,7.7,5.6,8.7,84.0
962,B,0,1,6.6,9.0,5.7,6.4,62.8
962,C,0,0,7.3,8.1,7.8,3.7,44.8
962,D,1,0,5.3,7.1,5.5,7.6,59.2
963,A,1,1,7.2,7.7,5.6,6.2,77.8
963,B,1,1,5.5,9.9,8.7,6.0,83.5
963,C,0,1,7.3,7.2,6.8,5.6,61.5
963,D,0,1,8.1,7.7,5.2,7.5,64.2
964,A,1,1,7.8,6.1,4.9,7.7,77.5
964,B,0,0,5.1,10,6.4,4.8,43.8
964,C,1,1,7.4,8.3,10,5.7,85.7
964,D,1,1,6.5,9.6,6.9,5.7,81.2
965,A,0,0,6.8,5.7,6.5,8.6,46.0
965,B,1,1,7.6,6.9,6.2,5.2,76.5
965,C,1,1,8.2,7.2,7.7,6.4,82.5
965,D,0,0,4.9,9.8,7.1,8.2,50.0
966,A,0,0,7.4,4.2,6.5,6.7,41.3
966,B,1,0,5.7,8.7,8.0,5.0,62.3
966,C,0,0,5.4,8.0,5.5,6.5,42.3
966,D,1,0,5.8,9.0,9.5,5.6,66.5
967,A,0,0,6.7,5.8,7.1,7.2,44.7
967,B,0,0,5.7,8.5,6.3,6.7,45.3
967,C,0,0,7.6,7.8,5.1,6.1,44.3
967,D,1,1,6.7,8.7,8.0,6.1,82.5
968,A,1,0,6.8,7.8,4.7,6.5,59.7
968,B,1,0,7.0,5.4,6.6,4.0,55.0
968,C,1,0,6.5,4.7,5.8,9.3,60.5
968,D,1,0,6.6,7.8,9.2,4.7,63.8
969,A,0,1,5.9,5.4,5.9,9.6,61.3
969,B,1,0,6.9,6.2,6.1,4.9,56.8
969,C,1,1,5.2,9.2,8.5,7.3,83.7
969,D,1,1,6.2,8.7,7.1,7.2,82.0
970,A,1,0,6.0,4.9,4.9,7.8,56.0
970,B,1,1,8.1,7.8,9.0,3.7,81.0
970,C,1,1,8.4,8.3,8.4,7.4,87.5
970,D,0,1,6.4,6.4,6.7,8.0,62.5
971,A,1,0,8.0,5.0,3.4,7.0,55.7
971,B,1,1,7.3,10,4.6,3.5,75.7
971,C,0,0,7.1,6.9,6.8,9.3,50.2
971,D,0,1,5.0,6.3,5.7,6.8,56.3
972,A,1,1,3.8,4.5,2.8,7.6,64.5
972,B,1,1,3.1,8.4,7.5,7.4,77.3
972,C,1,1,7.2,7.5,5.8,7.9,80.7
972,D,0,0,6.7,9.0,3.7,9.1,47.5
973,A,1,0,5.1,4.7,5.6,7.9,55.5
973,B,1,0,5.3,6.4,8.2,5.1,58.3
973,C,1,1,5.2,8.4,5.8,10,82.3
973,D,1,0,6.7,7.0,6.4,5.1,58.7
974,A,0,0,7.0,4.1,5.6,4.5,35.3
974,B,1,0,4.8,9.1,7.3,6.5,62.8
974,C,1,1,7.3,7.4,7.5,6.2,80.7
974,D,1,0,6.5,6.8,5.3,6.9,59.2
975,A,0,0,6.9,5.8,4.5,8.8,43.3
975,B,0,0,6.6,7.8,7.7,5.5,46.0
975,C,1,1,5.7,8.4,8.2,8.0,83.8
975,D,0,0,6.1,8.4,5.1,8.5,46.8
976,A,0,0,6.1,6.3,5.7,6.4,40.8
976,B,1,0,6.3,9.7,7.7,4.8,64.2
976,C,1,0,5.2,7.4,6.2,7.4,60.3
976,D,0,0,10,7.1,5.1,7.4,49.3
977,A,1,0,6.9,4.3,5.6,9.3,60.2
977,B,1,0,5.0,6.1,8.0,4.3,55.7
977,C,1,1,5.3,8.7,5.6,8.1,79.5
977,D,0,0,8.9,8.1,5.7,5.6,47.2
978,A,1,1,6.8,3.1,3.9,7.9,69.5
978,B,0,0,8.1,7.9,6.9,5.4,47.2
978,C,1,0,6.4,7.2,7.8,4.6,60.0
978,D,0,0,5.2,7.6,7.8,6.5,45.2
979,A,1,0,8.5,3.4,4.0,8.7,57.7
979,B,1,0,4.4,9.0,4.7,3.0,51.8
979,C,1,0,7.9,7.6,6.7,7.5,66.2
979,D,0,1,7.3,6.8,5.7,8.6,64.0
980,A,1,0,8.8,3.6,3.7,7.3,55.7
980,B,1,0,7.7,5.8,6.2,2.8,54.2
980,C,1,1,9.0,7.4,6.8,3.1,77.2
980,D,0,0,9.1,8.9,5.4,6.4,49.7
981,A,1,0,7.1,5.3,6.1,6.9,59.0
981,B,0,0,7.1,7.9,8.0,5.4,47.3
981,C,1,1,7.1,9.1,7.7,7.1,85.0
981,D,0,0,4.4,6.9,9.3,6.5,45.2
982,A,1,0,6.7,5.8,6.5,7.0,60.0
982,B,1,0,4.8,7.9,7.6,4.8,58.5
982,C,1,0,7.5,8.8,7.3,8.2,69.7
982,D,1,0,7.4,6.0,3.6,5.1,53.5
983,A,0,1,7.1,4.5,5.5,7.2,57.2
983,B,1,0,5.4,8.9,7.5,6.1,63.2
983,C,1,1,7.3,7.0,7.1,7.6,81.7
983,D,1,0,7.7,8.7,5.5,6.4,63.8
984,A,0,0,7.5,5.4,4.7,5.2,38.0
984,B,0,0,5.9,7.7,5.5,6.6,42.8
984,C,1,0,8.4,7.9,8.6,7.3,70.3
984,D,0,1,5.4,9.3,4.7,7.5,61.5
985,A,0,0,8.4,6.1,6.6,7.4,47.5
985,B,1,1,5.0,10,7.8,8.3,85.2
985,C,0,1,5.9,8.2,6.0,5.8,59.8
985,D,0,1,7.6,7.7,4.9,6.4,61.0
986,A,0,0,7.0,4.7,4.7,6.2,37.7
986,B,0,1,5.3,10,6.6,6.5,64.0
986,C,1,0,4.7,9.5,7.1,7.6,64.8
986,D,1,0,7.3,6.5,6.1,6.7,61.0
987,A,0,0,7.8,7.1,5.2,8.7,48.0
987,B,1,0,5.8,10.0,7.6,4.3,62.8
987,C,1,0,6.6,6.2,3.2,6.9,54.8
987,D,0,0,7.0,5.8,7.4,7.3,45.8
988,A,1,0,7.0,5.3,3.5,8.4,57.0
988,B,0,0,4.6,7.8,8.7,6.0,45.2
988,C,1,1,5.2,8.7,6.2,7.9,80.0
988,D,1,0,4.5,8.9,7.0,6.8,62.0
989,A,0,0,6.6,3.3,4.2,7.5,36.0
989,B,0,0,3.6,9.0,6.1,3.6,37.2
989,C,1,1,8.1,8.3,9.2,7.6,88.7
989,D,1,0,7.4,6.8,4.0,8.0,60.3
990,A,0,0,8.7,7.6,3.6,7.3,45.3
990,B,0,0,5.3,8.8,7.4,3.6,41.8
990,C,1,0,6.8,9.2,5.1,5.2,60.5
990,D,1,1,6.6,9.7,8.2,7.0,85.8
991,A,1,0,7.5,3.4,3.8,7.9,54.3
991,B,1,0,5.9,6.9,8.2,8.0,65.0
991,C,1,0,5.5,6.2,7.5,6.7,59.8
991,D,1,0,6.0,9.0,5.0,6.0,60.0
992,A,0,0,6.6,7.6,5.7,7.9,46.3
992,B,0,0,4.9,7.6,4.9,7.4,41.3
992,C,1,0,5.3,5.6,6.1,6.2,55.3
992,D,0,0,6.9,8.3,5.8,6.1,45.2
993,A,0,0,8.0,5.5,3.4,8.8,42.8
993,B,1,1,5.4,8.6,8.8,6.9,82.8
993,C,1,0,6.6,7.2,7.1,7.1,63.3
993,D,1,0,6.8,7.3,8.6,10,71.2
994,A,0,0,6.9,5.4,2.9,9.3,40.8
994,B,0,0,4.7,9.7,6.9,4.9,43.7
994,C,1,1,8.8,10,7.1,6.8,87.8
994,D,1,1,6.1,7.1,6.1,7.4,77.8
995,A,0,0,8.5,4.6,5.2,7.8,43.5
995,B,0,0,6.4,6.5,6.4,6.5,43.0
995,C,0,1,8.2,7.7,8.0,7.0,68.2
995,D,0,1,6.7,6.6,6.2,6.9,60.7
996,A,1,0,7.3,4.6,5.4,5.8,55.2
996,B,0,0,4.7,5.9,7.7,6.4,41.2
996,C,1,0,7.9,7.9,7.1,7.2,66.8
996,D,1,1,7.4,8.0,6.8,8.2,84.0
997,A,1,0,7.4,4.2,3.1,4.6,48.8
997,B,1,1,6.7,9.2,10,4.2,83.5
997,C,1,0,6.5,6.8,7.1,7.1,62.5
997,D,0,1,5.3,8.7,6.4,5.3,59.5
998,A,1,0,10,5.5,4.4,6.3,60.3
998,B,1,0,7.0,7.3,8.4,3.8,60.8
998,C,1,0,7.8,7.0,6.7,8.6,66.8
998,D,1,0,6.4,9.2,5.4,8.4,65.7
999,A,0,1,4.3,5.7,5.7,8.7,57.3
999,B,0,0,4.2,8.2,5.5,5.2,38.5
999,C,1,0,7.4,9.5,4.4,7.3,64.3
999,D,0,1,5.8,8.3,8.4,5.6,63.5
1000,A,0,0,7.7,5.5,2.9,7.2,38.8
1000,B,1,0,5.9,8.4,7.0,5.6,61.5
1000,C,1,0,5.2,7.2,5.0,7.0,57.3
1000,D,0,0,6.9,9.2,6.3,6.1,47.5
1001,A,0,0,5.8,4.6,3.9,8.0,37.2
1001,B,0,1,6.9,9.9,7.9,5.1,66.3
1001,C,1,1,7.2,6.8,6.8,9.3,83.5
1001,D,0,1,5.0,9.4,6.7,6.5,62.7
1002,A,1,0,6.3,3.4,2.9,7.4,50.0
1002,B,0,0,5.5,9.6,9.1,6.7,51.5
1002,C,1,1,6.3,7.1,8.9,6.1,80.7
1002,D,0,1,6.9,8.2,6.7,4.9,61.2
1003,A,1,1,5.8,5.7,6.0,8.4,76.5
1003,B,1,1,5.2,9.1,9.8,4.3,80.7
1003,C,0,1,8.3,6.1,8.1,8.8,68.8
1003,D,0,0,5.9,8.7,6.4,7.6,47.7
1004,A,1,0,4.0,5.1,6.3,6.7,53.5
1004,B,0,0,4.9,9.9,6.7,5.6,45.2
1004,C,1,0,7.7,8.4,6.2,8.7,68.3
1004,D,1,0,7.3,7.6,5.4,7.8,63.5
1005,A,1,1,5.2,5.2,2.9,6.8,66.8
1005,B,1,0,6.1,6.8,8.4,5.5,61.3
1005,C,1,1,6.5,7.0,6.4,7.9,79.7
1005,D,0,0,4.6,9.3,5.6,7.1,44.3
1006,A,0,1,6.5,5.0,4.9,7.6,56.7
1006,B,1,0,4.9,7.9,6.0,5.4,57.0
1006,C,1,1,7.8,7.8,7.3,8.1,85.0
1006,D,0,1,7.5,8.3,6.5,7.7,66.7
1007,A,0,1,8.8,4.8,6.1,7.9,62.7
1007,B,1,1,7.2,9.5,5.5,6.9,81.8
1007,C,1,0,5.5,8.7,5.5,8.1,63.0
1007,D,1,1,4.7,6.6,7.2,8.5,78.3
1008,A,0,1,5.9,3.8,5.6,7.7,55.0
1008,B,1,0,4.9,8.9,6.7,1.9,54.0
1008,C,0,0,6.2,6.5,6.0,9.5,47.0
1008,D,1,1,8.1,6.5,5.7,6.2,77.5
1009,A,1,1,4.4,5.6,5.0,7.5,70.8
1009,B,1,0,5.4,8.3,9.6,7.6,68.2
1009,C,0,1,6.3,7.9,7.7,6.7,64.3
1009,D,1,1,5.5,4.5,6.5,6.8,72.2
1010,A,1,1,6.9,5.3,4.9,7.6,74.5
1010,B,0,1,3.3,7.1,6.6,6.8,56.3
1010,C,0,0,5.6,8.0,6.9,10,50.8
1010,D,1,0,6.9,7.5,5.5,8.1,63.3
1011,A,0,0,7.9,3.6,4.8,8.8,41.8
1011,B,1,0,6.4,6.6,7.7,6.9,62.7
1011,C,1,0,6.4,6.4,6.5,6.1,59.0
1011,D,1,0,4.0,7.8,5.6,7.1,57.5
1012,A,0,0,7.7,4.9,5.9,7.2,42.8
1012,B,0,0,4.5,7.2,5.7,5.2,37.7
1012,C,1,0,6.8,8.4,9.3,8.4,71.5
1012,D,1,0,7.8,7.8,8.8,6.7,68.5
1013,A,1,0,8.1,4.2,5.1,7.4,58.0
1013,B,1,1,6.4,8.3,10,5.0,82.8
1013,C,0,1,8.9,9.0,8.0,6.6,70.8
1013,D,0,1,6.4,8.4,5.9,8.9,66.0
1014,A,1,1,8.0,4.5,4.2,9.2,76.5
1014,B,0,0,5.4,8.7,7.0,5.8,44.8
1014,C,1,1,7.5,7.8,6.4,6.4,80.2
1014,D,0,1,6.4,9.9,7.7,6.6,67.7
1015,A,0,0,6.4,7.0,7.0,5.2,42.7
1015,B,0,0,4.0,7.3,9.8,5.5,44.3
1015,C,0,0,6.2,8.0,5.8,7.0,45.0
1015,D,1,1,7.1,8.7,5.6,8.4,83.0
1016,A,1,0,5.6,4.8,5.3,4.1,49.7
1016,B,1,1,6.1,9.8,9.0,5.2,83.5
1016,C,1,0,6.4,9.1,5.7,5.0,60.3
1016,D,0,1,7.9,7.0,9.1,6.3,67.2
1017,A,0,0,8.9,7.6,3.6,7.0,45.2
1017,B,0,1,5.1,9.3,6.9,4.8,60.2
1017,C,0,1,5.6,7.9,6.1,6.8,60.7
1017,D,0,1,5.1,6.0,6.2,9.0,60.5
1018,A,1,0,7.1,5.9,6.8,7.0,61.3
1018,B,1,0,7.1,10,6.8,1.6,59.2
1018,C,1,0,7.9,6.6,7.4,8.2,66.8
1018,D,1,1,7.4,4.6,8.1,7.3,79.0
1019,A,0,0,6.5,7.3,5.3,8.9,46.7
1019,B,1,0,5.3,9.0,6.1,4.8,58.7
1019,C,1,1,8.9,7.1,7.0,8.7,86.2
1019,D,1,0,6.1,8.9,7.1,5.5,62.7
1020,A,1,0,8.2,7.3,6.2,7.7,65.7
1020,B,1,0,6.1,7.5,9.2,4.8,62.7
1020,C,1,0,7.1,8.8,6.1,7.0,65.0
1020,D,0,0,7.3,8.5,5.9,8.2,49.8
1021,A,0,0,7.8,4.7,5.5,8.8,44.7
1021,B,1,1,5.8,6.0,8.0,4.6,74.0
1021,C,1,0,7.0,5.7,5.7,9.0,62.3
1021,D,1,0,6.6,9.0,7.7,6.3,66.0
1022,A,0,0,6.8,5.6,6.1,8.7,45.3
1022,B,0,0,6.6,9.5,9.0,6.6,52.8
1022,C,0,0,7.0,9.2,8.0,5.1,48.8
1022,D,1,0,7.1,8.0,5.9,7.8,64.7
1023,A,1,1,5.1,6.9,3.7,8.4,73.5
1023,B,0,0,6.1,9.8,7.7,6.1,49.5
1023,C,0,0,8.6,10,7.1,8.1,56.3
1023,D,1,0,6.2,8.4,7.4,6.2,63.7
1024,A,0,1,7.7,5.7,5.0,7.5,59.8
1024,B,0,0,7.5,8.6,7.3,7.1,50.8
1024,C,1,0,8.9,6.6,7.5,6.5,65.8
1024,D,0,1,7.0,6.7,5.7,7.5,61.5
1025,A,1,1,10,5.9,5.8,9.0,84.5
1025,B,1,0,6.2,9.7,6.0,3.9,59.7
1025,C,0,0,9.8,8.9,5.3,6.5,50.8
1025,D,1,0,6.2,6.8,6.1,4.5,56.0
1026,A,1,0,7.2,6.0,3.2,7.6,56.7
1026,B,0,0,4.6,8.7,5.9,4.7,39.8
1026,C,1,0,5.9,9.7,8.2,10.0,73.0
1026,D,1,1,7.0,7.5,7.1,6.6,80.3
1027,A,0,0,8.7,4.4,6.1,7.2,44.0
1027,B,1,1,4.9,9.4,8.3,5.5,80.2
1027,C,1,0,7.8,8.4,6.3,6.7,65.3
1027,D,1,1,8.3,7.7,6.1,6.1,80.3
1028,A,0,0,6.3,3.9,6.5,7.8,40.8
1028,B,0,0,6.1,7.4,7.0,6.8,45.5
1028,C,0,0,8.0,7.0,7.7,10,54.5
1028,D,0,0,6.4,7.5,7.1,5.9,44.8
1029,A,0,0,8.2,6.3,3.9,7.5,43.2
1029,B,0,1,6.1,6.9,6.7,6.2,59.8
1029,C,0,1,7.3,7.5,5.2,4.9,58.2
1029,D,1,0,8.9,8.7,7.9,6.3,69.7
1030,A,0,0,8.4,4.9,3.2,5.3,36.3
1030,B,1,0,6.3,7.4,7.0,3.9,57.7
1030,C,1,0,5.5,8.9,10,8.1,70.8
1030,D,1,0,6.8,8.4,4.7,8.3,63.7
1031,A,0,0,6.1,3.4,5.0,8.2,37.8
1031,B,1,0,5.8,9.8,8.3,4.5,64.0
1031,C,1,0,7.5,9.4,5.5,6.5,64.8
1031,D,0,1,6.7,7.6,8.0,5.1,62.3
1032,A,0,1,6.3,6.0,5.1,7.6,58.3
1032,B,1,1,5.5,8.0,7.3,4.1,74.8
1032,C,1,1,8.1,6.8,5.2,7.0,78.5
1032,D,1,0,7.6,7.4,7.7,6.4,65.2
1033,A,1,0,8.5,4.6,4.7,6.3,56.8
1033,B,0,0,3.2,9.6,8.4,5.8,45.0
1033,C,0,0,8.5,6.2,8.6,7.2,50.8
1033,D,0,0,5.0,7.8,6.6,6.6,43.3
1034,A,1,0,7.7,6.0,5.2,6.8,59.5
1034,B,0,1,8.1,6.2,8.9,6.0,65.3
1034,C,1,0,7.0,5.3,5.8,8.8,61.5
1034,D,0,1,6.7,8.3,7.8,5.3,63.5
1035,A,1,0,6.9,5.8,4.3,7.6,57.7
1035,B,0,0,3.6,7.4,6.3,5.6,38.2
1035,C,1,0,7.6,6.9,6.3,7.7,64.2
1035,D,1,0,6.4,5.4,7.1,5.7,57.7
1036,A,1,1,6.8,6.1,5.3,6.3,74.2
1036,B,1,0,4.4,9.2,4.9,6.2,57.8
1036,C,1,0,5.1,9.5,7.5,6.6,64.5
1036,D,0,0,6.7,7.1,6.0,4.6,40.7
1037,A,1,1,8.4,5.3,3.9,5.7,72.2
1037,B,1,0,6.2,6.1,8.1,6.0,60.7
1037,C,1,1,7.6,6.2,6.3,7.2,78.8
1037,D,0,0,5.9,7.4,7.8,9.1,50.3
1038,A,0,0,9.9,5.8,4.6,5.0,42.2
1038,B,1,0,5.5,8.5,5.7,3.9,56.0
1038,C,1,0,6.7,9.8,7.5,8.3,70.5
1038,D,0,1,8.1,6.9,7.7,5.4,63.5
1039,A,0,0,6.7,4.2,5.4,7.3,39.3
1039,B,1,0,4.9,10,9.3,4.5,64.5
1039,C,0,1,5.9,8.2,6.0,8.2,63.8
1039,D,0,1,6.6,9.6,6.3,8.2,67.8
1040,A,0,0,7.3,4.3,5.2,7.0,39.7
1040,B,1,0,9.0,8.3,6.8,6.3,67.3
1040,C,0,0,7.5,8.1,7.3,6.3,48.7
1040,D,1,0,6.1,9.8,7.9,5.1,64.8
1041,A,0,1,8.8,4.9,2.2,7.1,55.0
1041,B,0,1,6.3,8.4,5.5,4.7,58.2
1041,C,1,0,8.5,7.3,8.1,7.8,69.5
1041,D,1,0,7.8,7.4,6.7,10,69.8
1042,A,1,1,7.0,3.8,5.2,5.4,69.0
1042,B,0,0,4.0,8.7,9.7,6.2,47.7
1042,C,0,1,7.5,4.9,7.7,4.7,58.0
1042,D,0,1,7.0,9.4,6.5,4.5,62.3
1043,A,1,0,6.4,5.0,4.0,5.9,52.2
1043,B,1,0,5.3,8.1,8.9,3.1,59.0
1043,C,0,1,5.0,8.0,6.7,7.5,62.0
1043,D,0,1,8.6,6.3,4.6,9.0,64.2
1044,A,1,0,8.1,3.0,6.3,5.5,54.8
1044,B,0,1,6.3,9.0,6.6,4.3,60.3
1044,C,1,0,9.5,6.1,7.6,6.6,66.3
1044,D,1,0,6.6,7.1,7.9,4.0,59.3
1045,A,1,0,5.8,6.0,4.7,6.2,54.5
1045,B,1,0,5.3,9.1,9.3,7.4,68.5
1045,C,0,0,5.1,7.6,5.6,5.1,39.0
1045,D,1,1,4.5,6.7,5.6,6.1,71.5
1046,A,0,0,6.7,4.3,5.0,8.1,40.2
1046,B,0,0,4.8,6.9,9.0,5.0,42.8
1046,C,0,0,9.3,7.1,7.8,4.9,48.5
1046,D,0,1,9.1,9.7,7.4,6.6,71.3
1047,A,0,0,7.1,5.8,4.8,7.4,41.8
1047,B,0,1,6.5,8.4,8.0,4.0,61.5
1047,C,1,0,7.2,9.2,5.3,7.3,65.0
1047,D,1,0,6.6,6.4,5.3,7.0,58.8
1048,A,1,0,7.9,6.5,5.7,7.1,62.0
1048,B,1,1,5.0,8.2,7.1,7.5,79.7
1048,C,1,1,7.1,8.4,8.1,9.6,88.7
1048,D,0,0,4.2,9.1,7.5,8.3,48.5
1049,A,0,0,8.9,2.9,3.8,7.6,38.7
1049,B,1,0,5.1,10,7.6,6.3,65.0
1049,C,0,1,6.8,7.5,7.9,7.2,65.7
1049,D,0,0,5.9,7.3,5.7,6.9,43.0
1050,A,0,0,7.1,6.1,3.7,8.9,43.0
1050,B,1,0,3.8,5.9,7.1,6.8,56.0
1050,C,1,0,5.2,6.5,5.1,6.2,55.0
1050,D,0,1,6.5,8.3,6.6,5.7,61.8
1051,A,0,0,7.4,7.1,4.2,8.9,46.0
1051,B,0,0,3.6,7.0,6.3,6.4,38.8
1051,C,1,1,9.0,10,7.3,7.0,88.8
1051,D,1,0,4.1,6.7,7.8,8.4,61.7
1052,A,1,1,7.3,4.7,3.3,9.5,74.7
1052,B,1,0,5.4,9.4,8.4,6.9,66.8
1052,C,1,1,6.1,7.2,8.4,6.5,80.3
1052,D,1,0,6.7,8.5,5.9,4.7,59.7
1053,A,1,0,6.7,4.8,4.5,6.0,53.3
1053,B,1,1,4.6,6.7,6.4,6.3,73.3
1053,C,0,1,10,9.1,6.4,7.6,71.8
1053,D,1,1,8.2,6.3,6.5,7.6,81.0
1054,A,1,1,6.1,6.4,3.6,8.3,74.0
1054,B,0,0,2.7,8.1,8.0,5.0,39.7
1054,C,1,0,6.5,8.8,7.0,8.5,68.0
1054,D,1,0,7.1,8.2,6.6,5.7,62.7
1055,A,0,1,7.2,7.4,4.0,7.9,60.8
1055,B,1,1,7.7,9.7,6.6,6.2,83.7
1055,C,0,0,7.9,8.3,6.1,6.9,48.7
1055,D,1,0,5.9,6.9,7.4,7.6,63.0
1056,A,0,1,7.7,5.7,2.2,9.2,58.0
1056,B,0,0,2.3,9.5,8.4,5.8,43.3
1056,C,1,1,6.2,8.5,9.1,8.7,87.5
1056,D,1,0,8.3,7.1,6.9,6.4,64.5
1057,A,0,0,8.0,5.8,4.7,7.2,42.8
1057,B,1,0,6.4,9.2,5.8,7.7,65.2
1057,C,0,0,8.1,6.8,4.6,7.7,45.3
1057,D,0,1,5.4,6.8,5.5,6.9,57.7
1058,A,1,0,6.4,6.7,6.2,6.7,60.0
1058,B,0,0,4.6,9.2,6.0,2.2,36.7
1058,C,1,0,5.7,7.1,5.2,7.2,58.7
1058,D,1,1,7.1,6.8,6.3,5.2,75.7
1059,A,0,0,6.4,5.9,2.4,6.8,35.8
1059,B,0,0,6.6,7.2,6.7,4.4,41.5
1059,C,1,1,9.8,7.1,5.6,9.3,86.3
1059,D,0,1,6.1,7.7,7.4,6.1,62.2
1060,A,0,0,7.7,3.6,4.8,5.6,36.2
1060,B,0,0,3.8,7.8,3.9,5.5,35.0
1060,C,1,1,8.5,8.3,6.4,6.7,83.2
1060,D,1,0,6.8,7.3,6.3,6.5,61.5
1061,A,0,0,7.4,5.5,5.7,6.2,41.3
1061,B,1,1,4.7,8.2,7.9,5.5,77.2
1061,C,1,1,5.9,7.0,6.5,5.5,74.8
1061,D,0,0,6.6,7.5,7.9,5.4,45.7
1062,A,1,0,6.0,4.9,4.6,8.3,56.3
1062,B,1,1,5.5,9.4,8.0,6.3,82.0
1062,C,1,0,7.8,6.8,7.4,5.4,62.3
1062,D,1,0,6.7,6.1,6.4,6.3,59.2
1063,A,0,0,6.6,5.4,4.5,8.2,41.2
1063,B,1,0,8.2,7.4,9.5,4.3,65.7
1063,C,1,1,7.1,7.8,8.1,8.3,85.5
1063,D,0,0,7.6,8.0,6.8,5.5,46.5
1064,A,0,0,10,5.1,6.1,9.0,50.3
1064,B,1,0,7.0,6.9,6.6,7.0,62.5
1064,C,0,0,9.8,8.1,6.6,7.6,53.5
1064,D,1,0,8.1,7.3,5.7,5.1,60.3
1065,A,0,0,5.9,7.8,5.6,6.6,43.2
1065,B,1,1,6.2,7.9,8.0,6.0,80.2
1065,C,1,0,4.2,7.0,6.6,8.6,60.7
1065,D,0,0,6.4,8.9,6.5,7.0,48.0
1066,A,1,0,6.6,7.2,4.5,7.0,58.8
1066,B,1,0,4.7,6.2,6.0,3.4,50.5
1066,C,0,0,6.9,9.1,6.5,9.0,52.5
1066,D,1,0,6.6,8.7,4.9,5.8,60.0
1067,A,0,0,9.1,5.0,6.2,8.2,47.5
1067,B,1,0,6.4,10,7.5,6.4,67.2
1067,C,1,0,6.5,8.5,8.5,5.6,65.2
1067,D,0,1,8.2,7.9,8.8,6.2,68.5
1068,A,0,0,4.8,5.1,3.7,7.5,35.2
1068,B,1,0,4.7,6.8,6.9,6.7,58.5
1068,C,0,0,6.4,8.0,6.3,7.9,47.7
1068,D,0,1,5.9,9.4,5.4,9.0,66.2
1069,A,0,0,7.8,1.8,5.2,8.9,39.5
1069,B,1,1,5.1,8.3,7.8,6.0,78.7
1069,C,1,1,5.5,7.5,7.8,6.9,79.5
1069,D,1,1,5.1,6.8,5.8,8.3,76.7
1070,A,0,1,7.4,5.8,5.6,7.3,60.2
1070,B,0,1,6.0,7.3,8.5,4.6,60.7
1070,C,0,1,4.7,8.7,7.8,8.6,66.3
1070,D,0,0,5.2,8.4,6.7,6.8,45.2
1071,A,1,0,8.0,4.4,2.5,6.5,52.3
1071,B,1,1,8.4,8.4,7.5,5.7,83.3
1071,C,1,1,4.5,7.3,6.9,8.3,78.3
1071,D,1,1,7.2,9.7,6.0,7.4,83.8
1072,A,1,0,5.9,3.1,6.2,7.5,54.5
1072,B,0,1,6.1,9.6,8.6,6.0,67.2
1072,C,1,0,5.8,7.1,7.2,7.7,63.0
1072,D,0,0,6.8,8.2,5.6,5.3,43.2
1073,A,0,1,7.2,2.8,5.4,7.1,54.2
1073,B,1,0,3.9,6.4,9.5,6.3,60.2
1073,C,0,0,7.7,7.7,8.1,6.3,49.7
1073,D,1,0,6.1,8.3,5.7,7.2,62.2
1074,A,1,0,8.0,5.3,4.8,5.2,55.5
1074,B,1,0,4.9,8.6,6.4,5.8,59.5
1074,C,1,0,6.7,4.9,9.6,7.7,64.8
1074,D,1,0,7.2,8.5,4.4,5.4,59.2
1075,A,0,0,8.2,4.6,5.1,9.5,45.7
1075,B,1,0,5.3,5.9,6.9,5.0,55.2
1075,C,0,1,5.4,6.0,8.0,5.6,58.3
1075,D,1,0,8.9,7.6,5.0,7.3,64.7
1076,A,1,0,7.4,5.6,5.1,8.2,60.5
1076,B,1,0,5.7,7.2,9.2,4.8,61.5
1076,C,1,0,6.9,6.9,6.5,7.6,63.2
1076,D,0,0,6.4,9.3,6.4,6.8,48.2
1077,A,0,0,6.8,7.8,5.6,8.3,47.5
1077,B,1,0,8.1,8.5,8.6,2.5,62.8
1077,C,1,0,6.6,8.2,7.5,8.3,67.7
1077,D,0,1,5.5,7.5,7.0,6.2,60.3
1078,A,0,1,8.9,2.6,4.9,6.5,54.8
1078,B,0,0,5.4,8.0,6.1,5.3,41.3
1078,C,0,1,6.1,5.9,8.7,8.9,66.0
1078,D,1,1,5.4,5.5,6.1,8.8,76.3
1079,A,1,1,7.2,5.5,6.1,5.2,73.3
1079,B,1,0,5.0,5.5,9.2,4.8,57.5
1079,C,0,1,8.5,10,5.6,5.0,65.2
1079,D,1,1,5.1,5.7,6.5,7.5,74.7
1080,A,1,0,7.8,3.9,6.5,9.6,63.0
1080,B,0,0,5.0,9.3,7.9,4.9,45.2
1080,C,0,1,7.7,7.1,6.8,7.0,64.3
1080,D,0,0,7.8,7.4,6.4,6.6,47.0
1081,A,1,0,6.3,5.3,5.3,7.0,56.5
1081,B,0,0,4.0,5.8,9.6,4.5,39.8
1081,C,0,0,8.3,7.5,5.3,7.5,47.7
1081,D,1,1,7.3,8.7,6.2,5.0,78.7
1082,A,1,0,6.1,5.5,2.0,8.3,53.2
1082,B,1,0,5.9,7.6,7.8,4.8,60.2
1082,C,1,0,7.9,7.2,7.0,7.7,66.3
1082,D,1,0,3.1,6.1,4.1,7.7,51.7
1083,A,1,0,8.4,4.3,3.5,7.0,55.3
1083,B,0,1,7.0,8.5,6.3,5.3,61.8
1083,C,0,0,7.5,8.7,7.4,9.2,54.7
1083,D,0,0,8.9,8.2,5.0,4.4,44.2
1084,A,0,1,7.5,5.4,5.3,8.9,61.8
1084,B,0,0,5.9,8.0,6.0,5.1,41.7
1084,C,1,1,8.1,8.0,5.6,10,86.2
1084,D,1,1,6.9,5.8,4.8,8.3,76.3
1085,A,0,0,10,6.6,5.0,6.9,47.5
1085,B,1,0,5.9,9.1,9.8,6.0,68.0
1085,C,1,1,6.4,9.0,5.4,7.7,80.8
1085,D,1,1,6.3,7.5,4.7,6.6,75.2
1086,A,0,1,4.6,8.6,3.4,7.8,57.3
1086,B,1,1,6.4,8.6,7.0,4.7,77.8
1086,C,1,1,7.4,8.2,8.7,7.7,86.7
1086,D,1,1,4.9,7.9,5.7,5.6,73.5
1087,A,1,0,6.4,6.0,5.0,6.7,56.8
1087,B,1,1,6.7,8.5,7.1,7.8,83.5
1087,C,1,0,5.8,6.7,7.4,8.8,64.5
1087,D,1,0,6.2,7.6,7.4,6.8,63.3
1088,A,0,0,7.2,6.1,7.1,5.6,43.3
1088,B,1,0,5.9,7.8,6.1,5.7,59.2
1088,C,1,1,5.8,6.1,7.8,7.3,78.3
1088,D,0,0,6.9,7.4,6.3,8.8,49.0
1089,A,0,0,7.1,5.1,3.5,9.8,42.5
1089,B,0,0,7.5,9.4,7.5,5.5,49.8
1089,C,0,1,6.9,5.7,8.6,7.0,63.7
1089,D,1,0,6.0,10,8.2,5.5,66.2
1090,A,0,1,9.2,3.5,1.6,10,57.2
1090,B,1,1,5.0,7.6,7.9,7.0,79.2
1090,C,0,0,6.2,5.3,8.7,7.1,45.5
1090,D,1,1,8.2,4.9,7.1,7.2,79.0
1091,A,1,1,8.2,5.6,4.7,6.2,74.5
1091,B,0,1,4.8,9.2,8.5,5.3,63.0
1091,C,1,1,5.0,8.3,7.5,7.1,79.8
1091,D,1,1,8.0,6.5,6.0,7.7,80.3
1092,A,0,0,8.1,5.9,5.0,8.6,46.0
1092,B,1,1,6.3,7.8,6.7,6.2,78.3
1092,C,1,1,8.8,7.3,6.0,8.5,84.3
1092,D,0,1,5.1,10.0,4.5,6.1,59.5
1093,A,0,0,9.2,6.0,4.4,7.4,45.0
1093,B,0,1,4.8,9.5,4.4,4.0,54.5
1093,C,1,0,7.9,7.8,9.0,6.5,68.7
1093,D,0,0,6.6,8.0,6.5,7.3,47.3
1094,A,0,0,7.7,4.2,4.1,8.0,40.0
1094,B,1,0,5.0,7.1,8.1,5.0,58.7
1094,C,1,0,6.8,8.3,5.3,4.9,58.8
1094,D,0,1,7.7,8.7,7.4,6.0,66.3
1095,A,1,0,8.2,4.6,5.4,5.3,55.8
1095,B,1,1,5.5,6.4,7.8,4.6,73.8
1095,C,1,0,6.8,6.8,6.4,8.3,63.8
1095,D,0,0,6.2,7.6,6.3,9.5,49.3
1096,A,1,0,8.9,2.8,5.1,9.8,61.0
1096,B,1,0,7.1,8.0,6.8,5.8,62.8
1096,C,1,0,6.6,9.5,8.8,5.7,67.7
1096,D,1,0,9.8,9.5,5.0,6.7,68.3
1097,A,0,0,7.1,5.3,3.7,9.2,42.2
1097,B,0,0,7.0,7.9,9.1,4.6,47.7
1097,C,0,1,6.8,8.2,9.1,8.5,71.0
1097,D,1,0,5.6,6.8,7.7,8.9,65.0
1098,A,0,0,7.9,5.6,8.2,5.8,45.8
1098,B,0,1,5.6,6.2,6.8,4.3,54.8
1098,C,1,1,7.4,6.0,8.2,6.9,80.8
1098,D,0,0,6.8,8.0,7.3,7.8,49.8
1099,A,1,0,7.0,5.8,4.4,7.6,58.0
1099,B,0,1,7.3,4.3,8.2,5.4,58.7
1099,C,1,1,7.7,7.9,6.6,8.5,84.5
1099,D,1,0,6.3,7.8,8.7,3.8,61.0
1100,A,1,0,6.8,3.8,2.1,6.7,49.0
1100,B,1,0,5.4,8.4,6.5,5.6,59.8
1100,C,1,0,6.7,5.7,8.0,6.9,62.2
1100,D,0,1,4.9,8.6,7.7,6.0,62.0
1101,A,0,0,5.9,3.9,4.7,7.5,36.7
1101,B,1,0,4.4,9.5,7.6,5.2,61.2
1101,C,1,1,7.9,7.6,9.2,7.4,86.8
1101,D,1,0,6.6,7.2,4.9,5.9,57.7
1102,A,1,0,7.8,4.6,3.6,4.4,50.7
1102,B,1,0,6.1,10,8.8,4.2,65.2
1102,C,1,0,6.5,9.6,7.5,7.1,67.8
1102,D,0,0,6.7,7.3,7.2,4.6,43.0
1103,A,1,0,9.6,4.9,3.9,8.9,62.2
1103,B,0,0,7.8,7.8,8.2,6.8,51.0
1103,C,0,1,7.3,7.2,5.8,9.0,65.5
1103,D,0,0,7.7,6.2,5.4,6.5,43.0
1104,A,0,1,7.1,3.3,4.3,6.4,51.8
1104,B,1,1,3.6,8.1,8.5,4.1,73.8
1104,C,1,1,7.5,8.2,5.7,5.6,78.3
1104,D,1,0,8.1,7.6,5.1,6.6,62.3
1105,A,1,0,7.4,3.8,3.1,7.5,53.0
1105,B,0,0,6.7,10,7.2,4.3,47.0
1105,C,1,0,5.9,9.3,5.1,8.7,65.0
1105,D,0,1,8.3,9.1,9.2,8.3,74.8
1106,A,1,0,6.8,4.6,5.9,5.8,55.2
1106,B,0,1,6.1,7.8,7.0,3.4,57.2
1106,C,1,0,5.6,7.0,7.7,8.6,64.8
1106,D,1,1,7.8,8.1,6.7,7.0,82.7
1107,A,0,0,7.4,5.7,5.1,6.8,41.7
1107,B,0,1,5.3,8.8,9.0,4.4,62.5
1107,C,1,0,7.4,7.7,4.1,6.7,59.8
1107,D,1,1,8.1,5.3,5.4,7.1,76.5
1108,A,0,0,8.2,5.3,5.1,7.2,43.0
1108,B,0,0,5.8,9.2,7.4,4.6,45.0
1108,C,1,0,8.8,7.9,6.0,7.4,66.8
1108,D,1,0,5.3,8.4,8.1,8.7,67.5
1109,A,0,0,6.9,5.0,4.3,8.2,40.7
1109,B,1,0,5.2,8.2,7.5,4.9,59.7
1109,C,1,0,6.6,7.4,7.2,9.6,68.0
1109,D,0,0,5.3,7.1,6.1,5.2,39.5
1110,A,1,1,7.5,7.5,4.6,6.3,76.5
1110,B,0,1,6.3,8.0,7.6,6.0,63.2
1110,C,0,1,5.0,7.5,7.0,6.7,60.3
1110,D,0,1,5.9,6.7,6.7,7.5,61.3
1111,A,1,0,6.2,2.6,4.0,7.5,50.5
1111,B,1,1,7.3,7.9,8.1,7.6,84.8
1111,C,1,1,5.8,8.3,8.2,7.1,82.3
1111,D,1,0,5.9,7.1,5.7,5.4,56.8
1112,A,0,1,4.5,4.9,4.6,6.1,50.2
1112,B,0,1,5.8,6.8,7.4,4.3,57.2
1112,C,0,0,6.9,7.7,7.6,8.0,50.3
1112,D,1,1,7.2,7.7,5.7,7.0,79.3
1113,A,0,0,10,6.8,5.3,7.7,49.7
1113,B,1,0,4.3,4.7,7.5,4.8,52.2
1113,C,1,0,5.7,7.7,6.1,6.7,60.3
1113,D,1,0,7.2,8.3,6.1,5.8,62.3
1114,A,1,0,6.6,3.1,2.1,6.1,46.5
1114,B,1,0,5.9,7.8,7.8,4.6,60.2
1114,C,0,1,8.8,5.3,6.5,7.5,63.5
1114,D,1,0,6.9,9.2,7.9,7.1,68.5
1115,A,1,1,6.3,5.6,5.4,6.8,73.5
1115,B,1,0,5.2,9.6,5.7,5.6,60.2
1115,C,1,1,6.9,7.7,9.1,7.9,86.0
1115,D,1,1,8.0,6.2,7.2,7.3,81.2
1116,A,1,0,7.1,4.1,5.5,7.3,56.7
1116,B,1,0,5.0,7.5,7.8,6.5,61.3
1116,C,0,1,9.8,6.6,7.5,5.7,66.0
1116,D,1,1,7.9,7.3,6.6,6.0,79.7
1117,A,0,1,8.0,5.4,5.0,8.1,60.8
1117,B,1,0,6.1,9.5,6.2,5.8,62.7
1117,C,1,0,7.5,8.3,6.6,6.4,64.7
1117,D,1,0,8.7,9.3,7.1,8.6,72.8
1118,A,1,0,7.4,4.8,6.2,7.7,60.2
1118,B,1,1,5.9,7.2,10,5.2,80.5
1118,C,1,0,7.0,6.2,7.8,7.1,63.5
1118,D,1,1,5.3,6.6,5.8,8.7,77.3
1119,A,1,1,7.7,5.6,3.0,6.9,72.0
1119,B,0,0,6.2,7.9,6.7,5.5,43.8
1119,C,1,0,7.1,5.9,9.1,5.8,63.2
1119,D,1,0,6.0,7.9,8.0,7.5,65.7
1120,A,1,1,7.5,3.8,4.6,8.5,74.0
1120,B,0,1,7.9,8.5,6.0,7.1,65.8
1120,C,1,0,4.8,7.5,8.4,7.2,63.2
1120,D,0,0,8.6,9.5,8.1,7.9,56.8
1121,A,0,0,6.4,4.0,6.4,4.9,36.2
1121,B,1,1,4.5,6.7,6.1,3.9,68.7
1121,C,0,1,7.5,7.2,6.2,7.4,63.8
1121,D,1,0,6.8,8.8,7.6,7.5,67.8
1122,A,1,0,6.4,4.0,4.2,7.7,53.8
1122,B,1,0,4.7,7.7,8.9,6.3,62.7
1122,C,1,1,4.6,8.2,5.8,7.0,76.0
1122,D,1,1,6.4,6.4,6.7,9.4,81.5
1123,A,0,1,3.8,5.0,4.7,6.4,49.8
1123,B,0,1,4.5,10,5.5,4.8,58.0
1123,C,1,0,6.8,5.3,6.8,5.4,57.2
1123,D,0,1,5.3,7.2,5.9,8.0,60.7
1124,A,1,0,7.1,7.3,3.5,8.4,60.5
1124,B,0,0,5.3,9.9,8.5,5.4,48.5
1124,C,1,1,6.2,8.2,8.5,5.6,80.8
1124,D,1,0,5.1,6.6,7.8,7.6,61.8
1125,A,1,1,8.4,5.7,4.3,8.5,78.2
1125,B,1,1,5.0,7.7,7.3,5.1,75.2
1125,C,1,0,3.9,9.7,4.1,7.9,59.3
1125,D,0,0,6.0,6.0,6.3,6.6,41.5
1126,A,1,1,6.8,4.3,6.7,7.7,75.8
1126,B,1,1,7.7,9.8,5.9,4.8,80.3
1126,C,1,0,6.2,8.2,6.6,8.7,66.2
1126,D,1,1,7.6,10,5.2,6.9,82.8
1127,A,0,0,10,6.4,4.4,6.6,45.7
1127,B,1,1,4.8,8.0,9.4,6.0,80.3
1127,C,1,0,6.7,9.9,7.0,7.3,68.2
1127,D,1,0,5.9,7.3,7.5,7.8,64.2
1128,A,1,1,7.7,6.4,8.0,7.3,82.3
1128,B,1,0,5.2,7.7,7.0,7.4,62.2
1128,C,1,1,6.3,8.1,6.5,8.3,82.0
1128,D,1,1,5.7,6.3,6.1,7.0,75.2
1129,A,0,1,4.8,5.3,3.2,7.8,51.8
1129,B,1,0,5.3,8.5,8.3,5.1,62.0
1129,C,1,0,8.4,6.7,7.0,6.4,64.2
1129,D,0,1,6.9,7.1,6.8,7.6,64.0
1130,A,1,0,4.5,6.6,3.6,7.9,54.3
1130,B,1,1,5.4,5.4,7.5,3.8,70.2
1130,C,0,0,7.5,6.6,6.9,7.2,47.0
1130,D,1,0,7.3,8.2,6.9,6.3,64.5
1131,A,1,0,6.7,7.4,3.2,6.3,56.0
1131,B,1,0,8.6,8.6,7.9,7.4,70.8
1131,C,1,1,7.7,8.2,4.2,7.9,80.0
1131,D,0,1,5.4,7.8,7.6,7.1,63.2
1132,A,1,0,5.2,5.0,4.3,8.3,54.7
1132,B,1,0,5.1,6.9,5.8,7.2,58.3
1132,C,1,1,6.6,7.8,8.7,7.8,84.8
1132,D,1,1,7.3,5.7,8.9,8.2,83.5
1133,A,1,0,5.3,4.9,5.3,6.5,53.3
1133,B,0,0,5.6,8.3,7.6,4.6,43.5
1133,C,0,0,8.8,8.5,6.8,8.6,54.5
1133,D,1,0,8.2,8.4,6.3,8.2,68.5
1134,A,0,0,7.0,5.0,4.4,8.5,41.5
1134,B,0,1,2.0,6.8,8.7,6.0,55.8
1134,C,1,0,7.1,6.6,7.2,6.2,61.8
1134,D,1,0,6.4,9.5,5.0,7.1,63.3
1135,A,1,0,6.8,5.9,4.4,7.1,57.0
1135,B,1,1,9.1,9.7,6.9,6.9,87.7
1135,C,1,0,6.6,7.9,6.7,7.2,64.0
1135,D,1,0,6.7,8.5,5.0,6.3,60.8
1136,A,0,1,9.0,5.9,5.8,7.6,63.8
1136,B,0,0,8.3,7.2,7.2,3.7,44.0
1136,C,0,1,6.4,6.0,9.0,5.8,62.0
1136,D,1,1,7.2,6.2,7.9,5.8,78.5
1137,A,0,0,7.3,3.7,5.0,6.3,37.2
1137,B,0,1,6.1,6.8,6.7,4.2,56.3
1137,C,1,1,5.6,9.3,7.9,7.3,83.5
1137,D,1,0,8.9,5.8,4.5,4.3,55.8
1138,A,0,0,5.6,5.2,6.6,7.4,41.3
1138,B,1,0,3.6,6.6,7.5,4.5,53.7
1138,C,1,0,5.7,7.3,5.1,7.7,59.7
1138,D,0,1,5.0,7.3,7.2,10,65.8
1139,A,1,0,8.3,4.8,5.1,6.2,57.3
1139,B,1,0,7.7,9.3,7.5,8.2,71.2
1139,C,1,0,4.9,6.5,6.7,7.6,59.5
1139,D,0,0,4.6,6.4,7.4,5.9,40.5
1140,A,1,0,7.6,5.1,3.9,8.1,57.8
1140,B,1,1,6.3,7.5,9.1,4.5,79.0
1140,C,1,0,4.2,7.8,4.8,7.5,57.2
1140,D,0,1,5.8,8.3,6.2,5.9,60.3
1141,A,1,0,7.0,4.7,4.7,6.7,55.2
1141,B,1,0,5.9,9.6,7.5,5.2,63.7
1141,C,0,0,7.6,8.1,5.0,6.7,45.7
1141,D,0,0,6.4,9.7,5.5,6.8,47.3
1142,A,0,0,7.1,6.5,5.4,6.1,41.8
1142,B,1,0,6.4,8.8,8.0,3.8,61.7
1142,C,0,0,8.5,7.1,5.0,6.1,44.5
1142,D,1,0,7.0,7.1,6.3,7.2,62.7
1143,A,0,0,5.0,1.8,4.0,8.8,32.7
1143,B,0,0,5.7,6.7,7.1,5.1,41.0
1143,C,1,0,8.3,7.6,9.1,6.3,68.8
1143,D,0,0,7.5,7.5,6.1,5.4,44.2
1144,A,0,1,8.7,7.4,2.9,6.8,59.7
1144,B,0,1,5.1,7.8,10,3.9,61.3
1144,C,0,1,7.2,7.4,6.7,7.0,63.8
1144,D,0,1,4.4,7.2,5.6,6.0,55.3
1145,A,1,0,6.3,5.6,4.7,9.1,59.5
1145,B,1,1,4.2,6.5,7.1,4.2,70.0
1145,C,1,1,7.5,7.7,7.0,4.9,78.5
1145,D,0,1,5.8,8.0,6.8,7.1,62.8
1146,A,0,0,6.5,8.2,5.1,7.7,45.8
1146,B,1,0,8.0,9.8,6.9,5.4,66.8
1146,C,1,0,7.3,9.8,7.1,7.0,68.7
1146,D,1,0,6.5,5.8,8.8,6.9,63.3
1147,A,0,1,6.5,5.9,4.8,7.4,57.7
1147,B,0,1,4.4,9.5,9.9,4.5,63.8
1147,C,1,0,9.1,7.6,5.9,7.5,66.8
1147,D,1,0,6.6,7.1,4.7,7.7,60.2
1148,A,0,0,7.6,6.6,4.5,8.0,44.5
1148,B,1,0,4.3,7.9,6.3,4.8,55.5
1148,C,1,0,6.4,6.3,4.1,7.3,56.8
1148,D,0,0,7.5,8.3,5.8,6.9,47.5
1149,A,0,1,3.8,5.1,6.1,7.4,54.0
1149,B,1,0,3.2,8.8,9.2,3.9,58.5
1149,C,0,1,7.3,7.8,9.4,6.1,67.7
1149,D,0,1,7.0,9.1,7.5,8.3,69.8
1150,A,0,0,6.2,4.3,6.2,7.4,40.2
1150,B,0,0,6.1,8.6,8.7,6.6,50.0
1150,C,1,0,7.6,7.1,6.2,6.8,62.8
1150,D,1,0,3.7,9.8,5.5,5.6,57.7
1151,A,0,0,8.0,3.7,4.1,6.4,37.0
1151,B,0,1,4.9,9.4,9.0,5.6,64.8
1151,C,0,0,8.1,7.8,8.0,7.1,51.7
1151,D,1,0,5.9,7.2,7.2,8.6,64.8
1152,A,0,0,7.3,5.1,5.6,6.8,41.3
1152,B,0,0,5.4,6.6,9.6,6.3,46.5
1152,C,0,0,8.2,8.5,8.7,7.7,55.2
1152,D,0,0,6.9,8.8,4.0,4.5,40.3
1153,A,1,0,6.4,5.6,3.2,7.5,54.5
1153,B,1,1,4.7,8.4,8.7,6.2,80.0
1153,C,1,1,8.0,5.8,6.9,7.0,79.5
1153,D,1,0,5.8,10,7.5,7.9,68.7
1154,A,1,0,5.6,5.4,3.8,8.0,54.7
1154,B,1,1,6.7,7.0,6.4,2.8,71.5
1154,C,1,1,8.3,7.3,4.5,9.0,81.8
1154,D,1,0,7.1,8.7,7.1,6.7,66.0
1155,A,1,1,7.3,4.8,5.9,7.1,75.2
1155,B,0,0,5.8,8.9,6.9,6.4,46.7
1155,C,1,0,7.0,6.2,4.8,5.0,55.0
1155,D,0,0,6.8,8.9,6.5,6.5,47.8
1156,A,1,1,8.4,4.6,5.0,9.0,78.3
1156,B,1,0,4.4,9.6,7.3,5.9,62.0
1156,C,1,0,6.4,6.0,7.3,7.5,62.0
1156,D,0,0,5.9,6.1,5.4,8.1,42.5
1157,A,1,0,5.5,3.4,6.7,7.1,54.5
1157,B,0,0,6.6,9.6,8.0,6.1,50.5
1157,C,1,0,6.8,7.5,9.4,5.8,65.8
1157,D,0,1,7.6,6.9,7.7,7.0,65.3
1158,A,1,0,8.4,6.1,3.8,5.5,56.3
1158,B,1,0,5.4,9.6,8.7,4.4,63.5
1158,C,1,0,6.9,8.5,6.7,5.8,63.2
1158,D,1,0,8.2,7.3,5.0,7.9,64.0
1159,A,0,0,6.5,5.0,2.5,7.2,35.3
1159,B,1,1,6.9,8.2,7.7,4.8,79.3
1159,C,1,1,7.5,9.7,5.9,8.7,86.3
1159,D,1,0,5.8,5.1,6.7,4.1,52.8
1160,A,0,0,8.1,5.3,4.4,4.7,37.5
1160,B,0,1,6.4,6.3,7.1,2.2,53.3
1160,C,1,1,8.6,5.7,7.2,7.3,81.3
1160,D,1,1,7.8,7.4,9.6,7.8,87.7
1161,A,1,0,9.7,6.5,7.1,7.0,67.2
1161,B,1,1,4.1,5.8,7.5,5.1,70.8
1161,C,1,1,8.8,8.4,4.2,4.9,77.2
1161,D,0,1,5.4,10,5.4,7.3,63.5
1162,A,0,1,6.1,5.3,5.3,7.1,56.3
1162,B,1,1,6.7,8.4,6.5,5.8,79.0
1162,C,0,1,6.0,6.2,5.3,8.2,59.5
1162,D,0,0,6.4,7.8,6.9,6.0,45.2
1163,A,1,0,7.8,5.8,4.9,10,64.2
1163,B,0,0,5.4,8.4,9.1,4.6,45.8
1163,C,0,1,7.8,9.1,6.1,8.1,68.5
1163,D,0,0,7.1,7.8,5.7,7.9,47.5
1164,A,0,0,9.0,4.3,3.2,7.1,39.3
1164,B,1,1,4.8,8.1,8.8,4.4,76.8
1164,C,0,0,9.6,8.0,9.0,7.2,56.3
1164,D,1,0,5.5,9.9,4.8,6.8,61.7
1165,A,1,0,6.7,3.7,4.7,8.2,55.5
1165,B,1,1,6.9,8.2,7.6,6.1,81.3
1165,C,1,0,6.9,7.4,6.7,6.9,63.2
1165,D,1,0,6.3,6.3,5.8,7.9,60.5
1166,A,1,0,6.9,5.9,2.4,7.4,54.3
1166,B,1,0,5.0,7.2,5.4,3.5,51.8
1166,C,1,0,9.3,8.3,7.9,9.9,75.7
1166,D,1,1,7.2,8.1,5.5,7.1,79.8
1167,A,0,1,5.3,5.1,3.6,6.4,50.7
1167,B,0,0,6.5,10,7.6,4.3,47.3
1167,C,1,0,6.7,6.8,6.2,7.9,62.7
1167,D,1,0,6.7,9.1,9.1,6.9,69.7
1168,A,1,0,9.0,4.9,5.7,5.7,58.8
1168,B,1,0,5.9,8.2,9.8,5.6,65.8
1168,C,1,0,5.9,7.9,8.2,8.3,67.2
1168,D,0,0,6.5,7.0,6.7,7.0,45.3
1169,A,0,0,6.0,5.8,4.2,6.9,38.2
1169,B,1,1,4.2,8.5,6.4,4.8,73.2
1169,C,1,0,5.6,8.0,5.3,6.5,59.0
1169,D,1,0,8.6,8.5,7.6,6.0,67.8
1170,A,1,1,6.3,7.2,4.2,6.2,73.2
1170,B,0,0,1.9,9.3,7.7,4.9,39.7
1170,C,1,1,6.6,7.2,7.4,6.9,80.2
1170,D,1,1,7.7,10,6.0,8.1,86.3
1171,A,1,0,9.6,5.4,5.4,7.0,62.3
1171,B,0,0,3.0,9.2,8.3,6.1,44.3
1171,C,0,1,7.6,8.4,5.0,6.5,62.5
1171,D,0,1,5.5,7.5,7.3,7.7,63.3
1172,A,0,1,8.2,5.1,4.7,7.4,59.0
1172,B,1,0,4.7,8.8,9.4,5.5,64.0
1172,C,1,0,6.9,7.6,8.7,7.8,68.3
1172,D,1,0,6.5,7.8,8.8,7.4,67.5
1173,A,0,0,5.1,4.1,5.8,6.2,35.3
1173,B,0,1,6.9,8.8,6.1,6.0,63.0
1173,C,1,0,7.3,7.4,9.3,7.9,69.8
1173,D,1,0,7.1,9.7,7.9,7.7,70.7
1174,A,0,0,5.1,4.6,4.9,7.1,36.2
1174,B,1,0,4.7,7.3,9.6,5.2,61.3
1174,C,0,0,7.3,10.0,8.0,7.1,54.0
1174,D,0,1,8.1,8.1,5.4,7.6,65.3
1175,A,0,0,7.9,4.2,4.5,7.7,40.5
1175,B,1,0,8.7,6.8,8.7,7.1,68.8
1175,C,0,1,6.8,7.9,7.1,6.6,64.0
1175,D,1,1,7.4,7.7,6.4,8.2,82.8
1176,A,1,0,6.6,7.4,4.2,7.0,58.7
1176,B,1,0,6.6,6.4,9.5,5.4,63.2
1176,C,1,0,6.8,4.6,6.0,7.2,57.7
1176,D,0,0,6.0,9.3,4.1,5.5,41.5
1177,A,0,0,7.8,3.9,5.2,7.5,40.7
1177,B,1,0,8.1,4.8,7.1,6.0,60.0
1177,C,1,0,8.7,7.2,6.0,7.1,65.0
1177,D,1,0,6.2,7.2,5.7,7.6,61.2
1178,A,1,0,6.3,8.0,4.7,9.1,63.5
1178,B,1,0,6.8,7.6,8.7,5.5,64.3
1178,C,1,0,6.0,8.6,6.0,7.3,63.2
1178,D,0,1,7.9,10,5.8,7.3,68.3
1179,A,0,0,10,8.5,3.9,7.3,49.5
1179,B,1,1,6.6,9.0,9.8,5.7,85.2
1179,C,0,1,8.4,8.3,8.9,8.4,73.3
1179,D,0,1,8.5,8.7,7.3,7.2,69.5
1180,A,0,0,7.5,7.2,6.5,7.7,48.2
1180,B,1,0,3.7,8.9,7.0,3.7,55.5
1180,C,1,0,8.2,7.6,7.6,8.6,70.0
1180,D,1,1,7.1,5.5,4.4,5.4,70.7
1181,A,1,1,6.6,4.3,5.2,4.1,67.0
1181,B,0,1,4.7,7.5,8.4,4.9,59.2
1181,C,1,0,6.9,6.3,7.9,6.4,62.5
1181,D,0,0,7.8,7.7,4.1,7.0,44.3
1182,A,1,1,6.7,3.7,4.1,8.2,71.2
1182,B,1,0,6.8,7.0,8.8,4.6,62.0
1182,C,1,0,8.4,9.1,5.8,8.3,69.3
1182,D,0,0,5.8,9.7,8.6,4.5,47.7
1183,A,1,0,5.1,6.4,3.1,7.9,54.2
1183,B,1,0,5.6,10,8.1,4.7,64.0
1183,C,0,1,6.4,7.6,6.5,8.0,64.2
1183,D,1,0,5.2,6.3,6.3,5.5,55.5
1184,A,1,1,7.9,3.7,5.3,6.9,73.0
1184,B,1,0,5.1,8.7,6.3,5.6,59.5
1184,C,0,0,6.8,8.3,7.3,5.7,46.8
1184,D,1,0,5.8,8.6,5.7,5.5,59.3
1185,A,1,1,6.5,4.2,5.4,6.6,71.2
1185,B,1,0,5.4,10,7.5,4.3,62.0
1185,C,1,0,5.4,8.4,7.5,9.6,68.2
1185,D,1,0,5.7,7.0,6.7,8.2,62.7
1186,A,1,0,6.8,3.7,3.0,7.2,51.2
1186,B,0,0,5.9,9.2,5.8,6.8,46.2
1186,C,1,0,8.6,5.9,7.7,5.7,63.2
1186,D,1,1,6.5,8.7,6.6,6.2,80.0
1187,A,1,0,8.4,3.8,5.1,9.3,61.0
1187,B,0,1,2.8,7.4,7.4,4.7,53.8
1187,C,0,0,6.9,8.9,7.9,6.8,50.8
1187,D,1,1,5.3,8.1,5.5,6.4,75.5
1188,A,1,0,6.1,2.8,3.1,8.2,50.3
1188,B,0,0,6.0,6.2,7.5,4.7,40.7
1188,C,1,1,7.5,7.8,8.9,6.3,84.2
1188,D,0,0,7.1,6.0,5.6,9.2,46.5
1189,A,0,1,8.1,4.6,6.0,8.7,62.3
1189,B,1,1,6.7,9.2,7.6,4.9,80.7
1189,C,1,0,7.9,8.9,6.6,8.0,69.0
1189,D,0,1,8.0,9.1,4.9,10,70.0
1190,A,0,0,9.7,5.0,6.8,7.1,47.7
1190,B,1,1,7.7,7.8,6.8,3.3,76.0
1190,C,0,1,7.2,8.4,6.9,8.5,68.3
1190,D,1,0,7.2,8.5,5.7,6.6,63.3
1191,A,1,0,6.7,6.1,5.0,6.0,56.3
1191,B,1,1,4.2,7.1,7.7,5.4,74.0
1191,C,1,1,6.5,9.5,7.6,8.7,87.2
1191,D,0,0,5.9,8.0,7.3,4.7,43.2
1192,A,1,0,6.7,4.8,6.5,6.2,57.0
1192,B,1,1,5.6,8.6,8.2,4.1,77.5
1192,C,1,0,8.2,8.0,7.1,9.4,71.2
1192,D,0,0,6.7,7.2,5.3,7.4,44.3
1193,A,0,0,5.5,5.0,5.1,6.4,36.7
1193,B,1,0,3.3,6.6,8.9,6.4,58.7
1193,C,1,0,8.3,5.3,8.4,9.9,69.8
1193,D,0,0,6.5,7.6,4.1,6.3,40.8
1194,A,0,0,7.1,5.1,4.5,9.2,43.2
1194,B,0,1,4.5,7.8,5.9,6.4,57.7
1194,C,0,0,6.9,7.2,7.4,5.5,45.0
1194,D,1,1,6.4,10,7.5,6.9,84.7
1195,A,1,0,6.6,6.0,4.7,7.7,58.3
1195,B,0,1,4.7,7.3,8.8,6.6,62.3
1195,C,1,0,8.1,9.1,5.6,7.4,67.0
1195,D,0,0,7.7,6.2,6.7,5.3,43.2
1196,A,0,1,6.4,4.8,5.4,6.2,54.7
1196,B,0,0,5.7,8.1,8.1,5.7,46.0
1196,C,1,1,8.3,8.2,6.9,6.2,82.7
1196,D,1,0,7.7,9.5,7.6,7.3,70.2
1197,A,0,0,7.4,7.0,4.7,5.7,41.3
1197,B,1,0,6.5,7.2,6.4,7.1,62.0
1197,C,1,0,6.6,7.0,8.0,8.4,66.7
1197,D,0,0,5.9,7.6,5.5,7.6,44.3
1198,A,0,1,8.3,2.4,3.2,7.5,52.3
1198,B,1,0,5.2,8.7,8.1,4.2,60.3
1198,C,0,0,8.1,10,8.4,7.5,56.7
1198,D,0,0,5.8,8.0,5.8,6.0,42.7
1199,A,0,1,7.6,5.7,4.4,6.7,57.3
1199,B,1,0,5.5,8.6,5.3,3.0,54.0
1199,C,1,1,6.6,6.2,9.0,5.5,78.8
1199,D,0,1,6.3,8.5,10,7.4,70.3
1200,A,1,1,8.5,4.1,6.2,6.1,74.8
1200,B,1,0,6.6,8.4,6.7,5.6,62.2
1200,C,1,0,8.1,7.4,4.1,4.1,56.2
1200,D,1,1,6.7,8.9,7.6,8.8,86.7
1201,A,1,0,7.7,6.2,3.7,6.7,57.2
1201,B,1,1,8.1,8.8,9.0,8.2,90.2
1201,C,1,1,8.8,6.2,6.9,7.7,82.7
1201,D,1,0,6.8,8.6,6.0,8.0,65.7
1202,A,0,1,8.5,5.4,4.7,6.9,59.2
1202,B,1,0,5.7,6.9,9.2,5.8,62.7
1202,C,1,0,5.8,5.7,5.1,10,61.0
1202,D,1,0,8.7,7.3,8.6,5.2,66.3
1203,A,1,0,7.9,4.6,4.0,10,60.8
1203,B,0,0,6.5,10,6.3,5.2,46.7
1203,C,1,0,6.2,8.0,8.2,7.7,66.8
1203,D,1,0,6.1,9.9,6.3,9.6,69.8
1204,A,0,0,6.9,6.3,1,6.1,33.8
1204,B,0,0,5.8,8.8,6.2,5.9,44.5
1204,C,1,0,7.1,7.9,7.3,6.8,65.2
1204,D,0,0,5.5,7.0,6.2,7.0,42.8
1205,A,1,0,9.2,4.8,4.5,6.8,58.8
1205,B,0,0,4.7,8.4,5.7,4.3,38.5
1205,C,0,1,7.6,10,6.8,8.4,71.3
1205,D,1,0,8.7,9.6,8.4,8.0,74.5
1206,A,0,1,9.5,6.5,6.0,9.2,68.7
1206,B,1,0,5.5,6.4,6.7,5.4,56.7
1206,C,1,0,7.8,8.4,6.5,6.8,65.8
1206,D,1,1,7.1,6.6,5.9,6.7,77.2
1207,A,0,0,5.5,4.3,4.1,8.8,37.8
1207,B,0,1,5.0,8.9,7.9,5.9,62.8
1207,C,0,0,7.0,7.2,8.7,7.3,50.3
1207,D,0,0,7.4,7.6,5.5,7.6,46.8
1208,A,0,1,7.3,4.2,4.9,7.5,56.5
1208,B,1,0,5.3,10,7.8,3.5,61.0
1208,C,1,0,7.9,7.1,6.6,6.1,62.8
1208,D,1,0,7.9,8.2,9.1,8.3,72.5
1209,A,1,0,6.5,6.4,4.3,7.6,58.0
1209,B,0,1,3.4,7.1,5.8,4.6,51.5
1209,C,1,1,6.1,7.7,7.0,6.2,78.3
1209,D,1,0,7.9,6.5,7.7,4.3,60.7
1210,A,1,0,8.9,5.4,4.7,6.0,58.3
1210,B,1,1,7.2,8.3,8.1,6.2,83.0
1210,C,1,0,8.7,7.6,5.6,7.4,65.5
1210,D,1,1,6.1,4.1,8.3,8.0,77.5
1211,A,0,1,7.6,6.4,5.0,7.9,61.5
1211,B,1,0,4.9,8.0,10,5.8,64.5
1211,C,1,0,6.6,8.2,8.5,6.7,66.7
1211,D,0,1,8.2,8.6,4.7,7.6,65.2
1212,A,1,0,7.0,6.7,3.2,6.3,55.3
1212,B,0,0,7.4,6.3,7.0,4.0,41.2
1212,C,1,0,9.3,7.4,6.6,7.9,68.7
1212,D,0,1,8.0,9.5,5.5,6.5,65.8
1213,A,0,1,6.0,5.8,6.6,7.6,60.0
1213,B,1,0,4.6,7.4,6.4,4.0,54.0
1213,C,0,1,7.6,8.5,6.2,6.2,64.2
1213,D,1,1,7.5,9.9,7.8,8.7,89.8
1214,A,0,1,7.7,4.6,6.4,9.3,63.3
1214,B,1,1,4.4,5.9,6.8,5.7,71.3
1214,C,0,1,8.6,6.7,6.0,10,68.8
1214,D,1,0,8.8,10,7.5,8.4,74.5
1215,A,1,0,6.4,5.6,2.5,4.8,48.8
1215,B,1,0,7.2,7.3,6.6,5.1,60.3
1215,C,1,0,6.3,8.0,7.3,6.0,62.7
1215,D,1,1,6.0,7.1,6.9,8.4,80.7
1216,A,1,0,8.2,6.5,4.5,6.8,60.0
1216,B,1,0,6.8,7.4,7.1,7.6,64.8
1216,C,0,0,8.8,9.4,6.3,8.6,55.2
1216,D,1,0,7.0,7.5,6.5,7.2,63.7
1217,A,0,0,8.5,6.3,6.2,8.2,48.7
1217,B,0,0,5.1,5.9,5.1,4.7,34.7
1217,C,1,0,7.4,6.2,7.8,7.4,64.7
1217,D,0,1,6.0,6.6,7.9,5.8,60.5
1218,A,0,0,9.4,5.3,5.8,8.0,47.5
1218,B,0,0,5.8,9.1,9.5,4.7,48.5
1218,C,1,1,7.0,8.0,8.3,8.1,85.7
1218,D,0,0,8.2,9.1,7.8,6.6,52.8
1219,A,1,0,6.3,3.1,4.4,5.5,48.8
1219,B,1,1,6.7,8.9,7.0,3.8,77.3
1219,C,0,0,7.6,6.8,6.4,6.3,45.2
1219,D,0,0,8.1,6.5,8.0,6.8,49.0
1220,A,0,1,6.5,7.7,5.0,8.4,62.7
1220,B,1,0,6.1,6.6,6.2,5.9,58.0
1220,C,1,1,5.7,7.8,6.3,7.3,78.5
1220,D,1,0,5.7,7.6,8.2,7.6,65.2
1221,A,0,1,8.3,6.3,6.5,8.2,65.5
1221,B,1,0,3.6,7.0,4.3,7.1,53.3
1221,C,1,1,7.7,7.9,7.5,7.3,84.0
1221,D,1,0,8.2,8.6,7.1,6.8,67.8
1222,A,1,0,8.0,6.4,3.1,5.6,55.2
1222,B,0,1,5.9,6.8,10.0,4.9,62.7
1222,C,1,0,6.8,9.7,6.7,6.9,66.8
1222,D,1,1,5.9,8.4,6.6,6.6,79.2
1223,A,1,0,7.1,3.7,5.3,6.4,54.2
1223,B,1,0,3.4,7.4,6.9,3.2,51.5
1223,C,1,0,8.9,6.0,7.3,7.1,65.5
1223,D,0,1,6.1,6.9,6.2,6.9,60.2
1224,A,0,1,7.0,7.7,5.6,7.7,63.3
1224,B,0,0,5.4,7.8,7.7,4.6,42.5
1224,C,1,1,6.5,6.9,7.2,8.4,81.7
1224,D,1,0,5.7,7.2,7.1,5.6,59.3
1225,A,0,0,6.6,4.6,6.0,6.8,40.0
1225,B,1,1,8.0,9.6,7.6,5.0,83.7
1225,C,1,0,7.6,10,4.8,7.8,67.0
1225,D,1,1,6.3,5.5,4.5,8.8,75.2
1226,A,1,0,6.0,5.0,6.4,5.6,55.0
1226,B,1,0,7.0,9.9,8.8,7.5,72.0
1226,C,1,1,6.6,8.6,7.1,7.4,82.8
1226,D,0,0,4.4,6.4,6.3,4.2,35.5
1227,A,1,1,6.7,6.2,4.0,9.1,76.7
1227,B,0,1,5.9,7.6,7.1,4.3,58.2
1227,C,0,0,6.7,10,6.1,10,54.7
1227,D,0,1,7.3,6.5,6.2,6.9,61.5
1228,A,1,0,5.9,6.6,1.4,7.9,53.0
1228,B,1,1,6.8,7.1,6.2,7.4,79.2
1228,C,0,0,8.6,8.3,8.5,7.0,54.0
1228,D,1,0,5.9,5.4,6.0,7.0,57.2
1229,A,0,0,5.0,6.3,6.5,6.7,40.8
1229,B,0,0,5.5,8.1,7.9,4.7,43.7
1229,C,1,1,6.8,8.5,5.2,5.9,77.3
1229,D,0,1,4.5,7.5,2.4,6.6,51.7
1230,A,1,1,9.2,5.6,4.7,8.3,79.7
1230,B,1,1,4.3,9.9,6.1,5.9,77.0
1230,C,0,0,6.0,7.6,5.2,7.5,43.8
1230,D,1,0,6.9,6.7,7.9,7.3,64.7
1231,A,1,0,7.9,4.1,3.1,6.0,51.8
1231,B,0,0,7.0,7.9,7.7,5.5,46.8
1231,C,1,1,6.1,8.1,7.7,8.5,84.0
1231,D,1,1,5.4,9.0,7.3,5.4,78.5
1232,A,1,0,5.1,5.1,7.0,7.4,57.7
1232,B,0,0,3.8,6.5,8.2,5.8,40.5
1232,C,1,1,4.9,9.8,8.2,6.5,82.3
1232,D,1,1,6.8,8.0,5.3,7.7,79.7
1233,A,0,0,7.5,6.4,3.4,7.7,41.7
1233,B,0,0,6.2,7.6,6.8,6.7,45.5
1233,C,1,0,8.2,7.0,9.8,9.2,73.7
1233,D,0,0,6.8,10,6.5,6.6,49.8
1234,A,1,1,8.5,7.0,4.8,7.2,79.2
1234,B,1,1,5.3,8.3,7.4,6.2,78.7
1234,C,0,1,8.1,9.7,6.6,7.1,69.2
1234,D,0,1,5.1,6.4,4.2,7.2,54.8
1235,A,1,0,5.3,5.4,5.0,8.5,57.0
1235,B,1,1,4.8,7.7,7.3,6.4,77.0
1235,C,0,1,5.8,7.8,6.8,8.6,65.0
1235,D,1,1,7.1,9.6,6.8,7.5,85.0
1236,A,0,0,7.6,6.4,4.7,8.5,45.3
1236,B,1,0,5.4,8.9,8.6,8.0,68.2
1236,C,1,0,6.5,7.2,7.0,9.8,67.5
1236,D,1,1,4.7,8.9,6.1,8.0,79.5
1237,A,0,1,6.9,6.1,5.7,10,64.5
1237,B,1,0,5.3,8.5,5.9,5.8,59.2
1237,C,1,0,8.5,9.1,7.4,7.0,70.0
1237,D,0,1,6.7,8.4,7.3,8.7,68.5
1238,A,0,0,6.9,7.9,4.1,5.7,41.0
1238,B,1,0,7.8,8.8,6.3,5.1,63.3
1238,C,1,1,10,6.6,9.4,9.5,92.5
1238,D,1,0,7.3,8.4,6.4,5.1,62.0
1239,A,1,0,8.6,6.1,6.5,8.8,66.7
1239,B,1,0,7.5,7.7,6.8,4.6,61.0
1239,C,0,0,8.2,8.5,6.5,8.2,52.3
1239,D,1,1,6.2,7.9,7.1,8.4,82.7
1240,A,1,1,8.5,5.6,4.8,10,81.5
1240,B,0,0,5.3,10,8.4,4.3,46.7
1240,C,0,0,7.7,6.7,6.7,9.5,51.0
1240,D,0,0,7.6,8.6,6.8,5.3,47.2
1241,A,0,0,6.2,2.8,6.3,8.4,39.5
1241,B,0,0,6.6,8.5,6.9,5.8,46.3
1241,C,1,1,7.0,7.5,6.3,5.4,77.0
1241,D,0,1,4.7,8.9,5.8,8.1,62.5
1242,A,0,0,8.7,3.4,4.1,8.1,40.5
1242,B,1,0,4.5,9.0,7.8,5.2,60.8
1242,C,1,0,4.9,7.2,8.5,6.9,62.5
1242,D,0,1,4.4,8.1,9.0,8.5,66.7
1243,A,0,0,5.4,5.7,7.5,7.3,43.2
1243,B,1,1,5.6,8.6,6.7,2.9,73.0
1243,C,1,0,5.6,6.0,7.7,7.0,60.5
1243,D,1,1,8.0,7.4,6.0,7.1,80.8
1244,A,1,0,6.4,2.9,4.2,6.2,49.5
1244,B,1,0,6.9,9.3,6.6,7.7,67.5
1244,C,1,1,8.9,9.0,6.8,8.5,88.7
1244,D,1,0,6.8,9.6,6.2,8.5,68.5
1245,A,1,0,10,7.5,4.8,7.5,66.3
1245,B,0,0,5.9,5.9,7.0,4.5,38.8
1245,C,1,1,6.1,8.0,8.7,6.8,82.7
1245,D,0,1,6.1,7.5,5.8,5.1,57.5
1246,A,0,0,7.7,3.1,4.4,5.6,34.7
1246,B,1,0,5.7,6.0,4.6,5.1,52.3
1246,C,1,0,9.2,6.7,8.0,9.1,71.7
1246,D,0,0,6.0,9.6,7.8,6.9,50.5
1247,A,1,0,8.5,5.5,6.0,8.9,64.8
1247,B,1,1,6.1,9.9,6.0,4.5,77.5
1247,C,0,0,5.7,10,5.6,6.5,46.3
1247,D,0,0,5.0,9.1,7.2,7.8,48.5
1248,A,1,1,6.7,5.0,3.5,8.6,73.0
1248,B,1,0,7.1,5.0,7.4,3.1,54.3
1248,C,0,0,8.3,7.9,7.3,7.8,52.2
1248,D,0,1,6.8,8.1,7.6,6.5,65.0
1249,A,1,0,4.4,5.5,4.5,7.2,52.7
1249,B,1,0,4.1,8.1,7.6,6.7,60.8
1249,C,1,1,7.5,10,6.9,6.6,85.0
1249,D,0,0,7.0,8.3,7.1,10,54.0
1250,A,1,1,8.3,6.2,5.4,8.3,80.3
1250,B,0,0,7.7,8.8,6.1,5.5,46.8
1250,C,1,1,7.0,7.5,8.1,6.8,82.3
1250,D,0,0,5.2,6.0,7.8,3.9,38.2
1251,A,0,0,6.7,5.8,4.2,8.8,42.5
1251,B,1,1,6.6,7.8,8.1,6.2,81.2
1251,C,1,0,8.2,8.2,5.7,8.1,67.0
1251,D,0,0,6.7,8.1,6.5,5.7,45.0
1252,A,1,0,8.8,4.3,3.2,8.1,57.3
1252,B,0,1,7.8,7.8,6.1,5.2,61.5
1252,C,0,0,6.2,7.6,6.9,6.5,45.3
1252,D,1,1,8.4,9.5,7.2,4.6,82.8
1253,A,1,0,5.9,6.9,4.8,7.7,58.8
1253,B,1,1,6.0,9.7,6.0,5.0,77.8
1253,C,0,0,8.1,8.1,8.0,8.2,54.0
1253,D,0,0,6.4,6.7,6.9,8.7,47.8
1254,A,1,0,8.6,5.1,4.1,8.0,59.7
1254,B,0,0,4.4,7.5,8.4,6.4,44.5
1254,C,1,0,5.5,6.9,4.9,7.6,58.2
1254,D,1,0,8.1,6.4,6.7,5.4,61.0
1255,A,0,0,6.9,5.0,7.0,9.0,46.5
1255,B,0,1,7.4,7.8,7.4,3.2,59.7
1255,C,1,0,6.0,9.2,7.4,6.7,65.5
1255,D,1,1,7.0,7.1,5.6,5.1,74.7
1256,A,1,0,6.6,5.6,5.7,7.3,58.7
1256,B,0,0,6.4,8.2,6.4,6.3,45.5
1256,C,1,1,6.1,7.9,8.9,8.6,85.8
1256,D,0,0,6.5,7.6,6.7,5.6,44.0
1257,A,0,0,6.1,4.7,2.4,5.2,30.7
1257,B,1,0,4.3,9.4,6.4,4.7,58.0
1257,C,0,1,9.0,5.3,8.7,9.3,70.5
1257,D,1,0,9.2,10,6.9,7.0,71.8
1258,A,0,0,5.9,4.9,3.1,6.9,34.7
1258,B,1,0,4.7,8.4,5.8,3.0,53.2
1258,C,0,0,6.8,7.6,8.3,8.0,51.2
1258,D,1,0,7.1,6.8,6.4,6.9,62.0
1259,A,0,0,6.9,4.5,5.1,9.5,43.3
1259,B,1,0,3.9,2.6,7.4,2.8,44.5
1259,C,1,1,7.6,6.8,6.5,6.0,78.2
1259,D,1,1,7.6,9.7,8.2,7.6,88.5
1260,A,1,0,6.3,6.6,3.3,5.4,52.7
1260,B,1,0,1.8,9.1,6.0,5.2,53.5
1260,C,0,1,6.0,8.6,5.6,7.1,62.2
1260,D,1,0,5.3,8.5,5.2,6.8,59.7
1261,A,0,0,7.9,4.4,2.0,6.6,34.8
1261,B,1,0,8.6,8.9,8.0,4.6,66.8
1261,C,1,0,7.0,7.2,7.8,9.1,68.5
1261,D,0,1,6.8,5.5,4.1,8.0,57.3
1262,A,0,1,6.5,5.6,4.0,8.5,57.7
1262,B,1,1,6.5,10,8.1,7.1,86.2
1262,C,1,1,8.9,9.2,7.1,7.2,87.3
1262,D,0,0,7.6,8.2,9.0,6.2,51.7
1263,A,1,1,8.2,6.0,2.6,6.9,72.8
1263,B,1,1,7.3,9.3,8.5,5.2,83.8
1263,C,0,1,7.2,6.9,9.0,7.3,67.3
1263,D,0,0,7.0,7.1,4.3,8.4,44.7
1264,A,0,1,7.4,3.8,6.4,9.0,61.0
1264,B,1,0,5.0,7.5,7.1,6.5,60.2
1264,C,1,1,8.5,6.4,4.4,7.6,78.2
1264,D,0,0,5.9,9.0,6.6,8.0,49.2
1265,A,1,0,7.2,4.0,3.9,6.8,53.2
1265,B,1,0,5.3,9.4,7.0,6.1,63.0
1265,C,0,0,7.0,9.8,8.7,6.6,53.5
1265,D,0,1,6.4,9.4,6.9,5.6,63.8
1266,A,0,0,6.8,3.9,2.6,7.2,34.2
1266,B,0,0,4.4,6.3,7.6,3.1,35.7
1266,C,1,1,8.9,7.1,6.4,8.9,85.5
1266,D,1,0,5.6,7.2,7.8,6.4,61.7
1267,A,1,0,9.4,6.4,3.1,8.3,62.0
1267,B,1,0,4.9,10,5.1,3.3,55.5
1267,C,0,1,8.8,7.5,6.3,6.9,65.8
1267,D,1,0,6.0,7.7,5.5,7.0,60.3
1268,A,1,0,7.3,4.1,5.0,6.9,55.5
1268,B,0,0,6.2,7.4,5.5,5.2,40.5
1268,C,1,1,10,8.2,9.4,7.6,92.0
1268,D,1,1,3.6,6.8,6.7,6.8,73.2
1269,A,1,1,7.5,3.6,5.1,6.8,71.7
1269,B,0,0,6.6,9.0,5.3,5.9,44.7
1269,C,1,0,7.3,9.6,6.5,7.4,68.0
1269,D,0,0,5.4,7.8,7.5,6.3,45.0
1270,A,0,1,6.9,2.9,5.6,7.4,54.7
1270,B,1,0,3.4,9.1,6.0,4.7,55.3
1270,C,1,0,7.5,7.2,7.7,8.8,68.7
1270,D,0,0,7.1,8.5,6.2,8.9,51.2
1271,A,0,0,10,5.7,4.4,6.2,43.8
1271,B,1,1,5.9,8.7,7.4,5.8,79.7
1271,C,1,0,10,7.0,6.6,6.3,66.5
1271,D,0,0,6.2,6.9,8.1,7.0,47.0
1272,A,1,1,7.2,6.2,2.9,6.1,70.7
1272,B,0,0,5.6,9.1,8.1,4.6,45.7
1272,C,1,0,6.3,7.2,4.8,6.1,57.3
1272,D,1,1,7.1,8.1,8.0,7.1,83.8
1273,A,1,0,7.0,4.7,3.1,8.6,55.7
1273,B,1,0,2.9,7.9,8.8,5.2,58.0
1273,C,1,0,6.8,6.5,5.3,7.8,60.7
1273,D,0,0,9.0,7.5,5.7,6.9,48.5
1274,A,1,1,8.3,4.2,5.1,7.1,74.5
1274,B,1,0,9.1,8.3,8.3,3.4,65.2
1274,C,1,0,7.9,7.2,5.3,6.7,61.8
1274,D,1,0,6.0,9.4,6.1,7.6,65.2
1275,A,1,0,5.9,5.3,3.9,5.6,51.2
1275,B,1,0,5.3,8.1,6.6,4.0,56.7
1275,C,1,1,7.2,7.6,6.0,7.0,79.7
1275,D,0,1,6.6,9.1,5.9,6.9,64.2
1276,A,0,0,6.7,3.8,4.7,7.1,37.2
1276,B,1,0,8.0,9.9,8.8,5.2,69.8
1276,C,1,1,5.3,8.2,6.8,6.3,77.7
1276,D,1,1,6.7,9.1,5.0,7.8,81.0
1277,A,1,0,8.8,4.6,5.4,8.9,62.8
1277,B,1,0,5.7,8.5,6.5,4.9,59.3
1277,C,1,0,6.6,10,6.8,7.7,68.5
1277,D,0,0,6.0,7.1,7.4,3.6,40.2
1278,A,1,1,7.3,5.3,5.5,9.6,79.5
1278,B,1,1,7.6,9.8,8.0,7.2,87.7
1278,C,1,1,8.8,7.0,8.3,6.8,84.8
1278,D,1,1,5.1,7.9,6.2,6.7,76.5
1279,A,1,0,6.3,3.5,4.8,6.5,51.8
1279,B,0,0,5.7,9.7,7.6,5.3,47.2
1279,C,1,0,9.0,8.0,7.2,6.7,68.2
1279,D,1,0,5.6,10,7.9,8.4,69.8
1280,A,1,1,7.2,7.0,3.7,4.8,71.2
1280,B,1,0,5.8,6.6,5.7,6.5,57.7
1280,C,1,1,5.2,9.2,6.3,8.6,82.2
1280,D,0,1,6.0,5.8,5.2,7.9,58.2
1281,A,0,0,7.1,5.5,7.6,6.5,44.5
1281,B,1,1,6.6,5.5,8.3,5.5,76.5
1281,C,1,0,6.9,4.1,6.5,7.4,58.2
1281,D,0,1,6.1,6.6,6.5,5.2,57.3
1282,A,0,0,7.3,3.5,6.3,9.5,44.3
1282,B,1,0,4.4,8.5,8.8,3.3,58.3
1282,C,1,0,9.1,7.7,7.7,8.2,71.2
1282,D,0,1,7.3,8.3,4.8,6.4,61.3
1283,A,0,1,7.9,5.2,4.7,8.2,60.0
1283,B,1,0,6.4,7.9,5.0,5.3,57.7
1283,C,1,1,7.7,8.8,7.1,8.6,87.0
1283,D,1,0,8.2,8.2,5.8,5.8,63.3
1284,A,0,0,8.2,6.4,3.9,8.9,45.7
1284,B,0,1,6.9,10,5.8,6.5,65.3
1284,C,1,1,5.9,6.6,7.3,8.3,80.2
1284,D,0,0,8.1,8.2,6.4,6.8,49.2
1285,A,0,1,5.7,5.7,2.2,6.9,50.8
1285,B,1,0,6.4,8.0,7.9,5.4,62.8
1285,C,1,0,8.5,7.8,7.9,7.3,69.2
1285,D,1,0,6.5,7.6,6.1,8.5,64.5
1286,A,1,0,8.9,6.9,4.5,5.9,60.3
1286,B,1,1,4.5,8.1,8.5,5.1,77.0
1286,C,0,1,7.7,10,7.1,9.3,73.5
1286,D,1,1,4.4,9.4,8.4,5.7,79.8
1287,A,1,1,8.9,6.7,4.1,4.9,74.3
1287,B,1,1,6.4,5.4,6.4,6.3,74.2
1287,C,1,1,7.3,7.4,7.8,6.1,81.0
1287,D,0,0,7.3,10,5.1,8.1,50.8
1288,A,0,0,6.2,5.0,6.1,8.1,42.3
1288,B,0,0,6.6,7.2,6.5,3.4,39.5
1288,C,1,1,8.1,8.2,6.7,8.0,85.0
1288,D,1,0,6.1,9.2,8.3,9.0,71.0
1289,A,0,0,7.1,4.4,2.6,6.4,34.2
1289,B,1,0,6.4,9.1,7.4,6.7,66.0
1289,C,1,0,8.8,7.3,7.1,6.6,66.3
1289,D,1,0,5.8,7.9,6.0,5.9,59.3
1290,A,1,0,7.0,4.4,4.4,6.5,53.8
1290,B,0,1,6.5,5.4,8.9,6.4,62.0
1290,C,1,1,5.4,7.3,6.4,6.8,76.5
1290,D,0,1,5.6,10,8.6,7.0,68.7
1291,A,0,0,7.1,6.1,5.6,6.1,41.5
1291,B,1,0,8.2,8.1,5.2,5.9,62.3
1291,C,1,1,7.6,8.8,6.1,9.9,87.3
1291,D,1,0,8.1,7.1,6.1,7.3,64.3
1292,A,0,1,7.4,4.9,4.2,7.8,57.2
1292,B,1,1,6.1,7.4,8.1,6.9,80.8
1292,C,1,0,8.5,7.1,6.8,8.4,68.0
1292,D,1,0,5.3,7.4,5.9,8.9,62.5
1293,A,1,1,6.5,4.4,5.3,5.6,69.7
1293,B,0,0,2.7,10,6.3,7.0,43.3
1293,C,1,0,6.3,7.6,7.3,9.6,68.0
1293,D,1,0,5.0,7.0,5.7,8.1,59.7
1294,A,0,0,7.0,4.6,5.3,6.4,38.8
1294,B,0,1,5.8,8.6,5.9,6.4,61.2
1294,C,1,0,6.4,8.8,6.7,7.1,65.0
1294,D,0,0,6.9,7.4,7.4,5.2,44.8
1295,A,1,1,7.9,3.8,5.8,7.3,74.7
1295,B,0,1,4.1,7.6,5.7,6.4,56.3
1295,C,1,0,7.9,8.5,8.8,6.0,68.7
1295,D,0,1,8.2,8.2,5.1,7.1,64.3
1296,A,0,1,6.1,5.9,5.1,6.2,55.5
1296,B,1,0,8.3,8.5,6.7,4.2,62.8
1296,C,1,0,6.7,7.5,5.4,5.9,59.2
1296,D,1,0,5.2,7.4,5.1,7.4,58.5
1297,A,0,0,9.3,5.9,5.8,5.2,43.7
1297,B,0,0,6.0,7.6,5.5,4.4,39.2
1297,C,1,0,6.8,10,6.9,8.2,69.8
1297,D,1,0,4.4,7.7,6.8,6.4,58.8
1298,A,0,0,6.7,4.5,5.8,10,45.0
1298,B,1,1,6.6,8.3,7.8,7.0,82.8
1298,C,0,0,7.0,9.4,6.6,8.1,51.8
1298,D,1,0,7.1,8.4,8.3,7.3,68.5
1299,A,1,0,5.0,5.1,5.9,8.0,56.7
1299,B,1,0,6.1,8.6,8.5,6.5,66.2
1299,C,1,0,6.8,6.1,8.2,7.1,63.7
1299,D,1,1,5.4,6.6,6.0,6.9,74.8
1300,A,1,1,6.1,10,2.6,8.3,78.3
1300,B,0,0,5.4,8.7,7.2,4.2,42.5
1300,C,1,1,8.9,9.0,8.3,6.9,88.5
1300,D,1,0,10,7.2,6.5,6.4,66.8
1301,A,0,1,8.0,6.2,5.8,6.9,61.5
1301,B,1,1,6.1,7.2,6.9,7.0,78.7
1301,C,1,1,8.1,8.3,6.5,10,88.2
1301,D,1,1,7.3,7.2,5.2,6.9,77.7
1302,A,1,0,5.7,5.0,6.7,7.5,58.2
1302,B,1,1,6.1,8.5,4.8,6.0,75.7
1302,C,1,0,6.7,8.3,5.5,5.8,60.5
1302,D,1,1,5.8,6.9,8.9,6.2,79.7
1303,A,1,1,5.7,7.3,3.8,7.8,74.3
1303,B,0,0,5.5,8.1,8.8,5.3,46.2
1303,C,0,0,5.6,6.8,6.3,7.7,44.0
1303,D,1,0,8.9,5.8,7.7,5.1,62.5
1304,A,1,0,6.4,5.4,4.1,5.4,52.2
1304,B,1,0,5.8,8.3,7.2,6.4,62.8
1304,C,1,1,6.6,6.2,9.6,8.6,85.0
1304,D,1,1,7.7,6.7,6.0,6.4,78.0
1305,A,1,0,8.1,5.1,3.8,7.6,57.7
1305,B,0,1,6.6,5.7,8.8,4.7,59.7
1305,C,1,0,7.1,6.8,7.8,8.8,67.5
1305,D,1,0,6.0,7.9,4.9,7.5,60.5
1306,A,1,0,7.5,4.4,5.6,7.0,57.5
1306,B,1,1,4.6,5.8,8.4,4.4,72.0
1306,C,1,1,7.3,7.8,7.2,9.8,86.8
1306,D,0,0,6.1,7.6,7.5,7.1,47.2
1307,A,1,0,6.6,6.5,5.1,8.4,61.0
1307,B,0,0,6.6,8.9,5.7,5.8,45.0
1307,C,0,1,7.7,8.3,9.7,5.5,68.7
1307,D,0,0,4.2,8.8,7.1,7.6,46.2
1308,A,1,0,6.0,4.5,5.1,7.7,55.5
1308,B,0,1,6.4,9.3,8.2,6.0,66.5
1308,C,1,1,7.1,8.7,5.3,5.9,78.3
1308,D,1,0,6.1,8.3,6.7,4.0,58.5
1309,A,1,0,8.1,3.1,4.2,7.8,55.3
1309,B,1,1,7.0,9.6,7.7,6.2,84.2
1309,C,0,0,6.7,7.9,7.9,6.9,49.0
1309,D,0,0,5.5,9.1,3.3,6.0,39.8
1310,A,1,1,8.1,3.3,4.8,7.8,73.3
1310,B,1,0,5.0,8.2,7.9,6.7,63.0
1310,C,1,0,7.1,9.0,10,7.4,72.5
1310,D,1,1,7.5,7.4,6.2,7.3,80.7
1311,A,0,0,5.4,7.4,5.8,7.3,43.2
1311,B,1,1,8.3,9.7,5.7,5.5,82.0
1311,C,1,0,6.4,9.2,7.5,8.6,69.5
1311,D,1,1,7.5,6.6,8.1,6.8,81.7
1312,A,0,0,8.2,5.7,6.2,7.8,46.5
1312,B,1,1,4.9,6.8,6.7,7.5,76.5
1312,C,1,0,6.3,7.6,8.0,7.0,64.8
1312,D,1,1,3.6,7.9,6.2,6.9,74.3
1313,A,1,0,7.7,3.4,4.1,8.7,56.5
1313,B,0,1,4.5,9.0,10,8.6,70.2
1313,C,1,1,6.4,8.3,5.8,10,84.2
1313,D,1,1,8.6,5.9,6.8,9.3,84.3
1314,A,1,0,5.2,6.9,2.8,6.9,53.0
1314,B,1,1,6.2,9.1,8.5,4.6,80.7
1314,C,1,1,9.2,8.8,8.9,8.6,92.5
1314,D,0,1,7.0,6.6,6.3,7.5,62.3
1315,A,1,0,9.8,5.9,4.6,6.8,61.8
1315,B,1,0,4.6,9.6,7.3,2.8,57.2
1315,C,1,0,4.0,6.6,6.6,9.3,60.8
1315,D,1,0,6.7,6.8,6.1,9.2,64.7
1316,A,1,0,7.6,5.2,5.3,5.2,55.5
1316,B,0,1,5.6,8.6,8.4,6.5,65.2
1316,C,1,0,7.7,7.6,5.3,9.1,66.2
1316,D,1,0,6.3,7.6,7.0,7.3,63.7
1317,A,1,0,5.4,6.3,2.8,8.7,55.3
1317,B,1,1,7.4,7.2,5.5,6.8,78.2
1317,C,1,0,6.6,7.2,5.7,8.7,63.7
1317,D,1,0,6.8,8.5,6.8,4.8,61.5
1318,A,0,0,5.9,7.4,3.2,8.7,42.0
1318,B,0,1,4.5,8.2,7.1,3.0,54.7
1318,C,0,0,6.2,9.2,8.6,4.9,48.2
1318,D,1,0,7.2,8.0,5.9,4.7,59.7
1319,A,1,0,7.5,3.4,5.2,5.8,53.2
1319,B,1,0,5.5,8.6,7.3,5.2,61.0
1319,C,0,1,6.7,8.0,7.1,8.1,66.5
1319,D,1,1,6.9,10,5.0,6.1,80.0
1320,A,0,0,5.8,7.2,3.6,9.9,44.2
1320,B,0,1,3.9,7.5,7.8,5.6,58.0
1320,C,1,1,7.8,7.0,7.6,7.6,83.3
1320,D,1,0,8.1,7.6,6.9,9.1,69.5
1321,A,0,0,8.2,6.1,4.7,6.9,43.2
1321,B,1,0,7.2,8.9,7.6,6.2,66.5
1321,C,0,0,7.7,6.8,7.6,8.4,50.8
1321,D,0,1,6.0,7.9,5.5,8.4,63.0
1322,A,0,1,8.5,5.3,4.2,8.3,60.5
1322,B,1,0,4.5,6.9,7.5,5.7,57.7
1322,C,1,1,8.9,5.9,8.2,5.4,80.7
1322,D,0,0,6.5,9.7,6.7,7.2,50.2
1323,A,1,0,5.7,8.1,4.1,8.1,60.0
1323,B,0,0,6.6,8.6,8.1,3.8,45.2
1323,C,0,1,7.7,8.7,8.1,7.2,69.5
1323,D,0,1,7.5,5.7,8.4,7.9,65.8
1324,A,1,0,8.8,5.9,3.8,9.7,63.7
1324,B,1,1,5.8,7.7,6.7,1.0,68.7
1324,C,0,0,7.3,7.5,6.8,6.3,46.5
1324,D,1,1,8.6,7.0,5.7,7.1,80.7
1325,A,0,0,8.3,5.0,4.9,8.1,43.8
1325,B,1,0,6.3,9.7,5.9,6.6,64.2
1325,C,1,0,10,7.9,5.8,6.2,66.5
1325,D,1,0,7.2,6.4,5.9,6.5,60.0
1326,A,0,0,7.7,5.3,3.7,4.5,35.3
1326,B,0,0,6.1,7.9,8.4,6.4,48.0
1326,C,1,1,8.6,7.1,8.9,10,91.0
1326,D,1,1,6.5,6.2,6.8,5.8,75.5
1327,A,0,0,7.1,4.9,2.9,6.6,35.8
1327,B,0,1,8.1,9.6,4.6,5.9,63.7
1327,C,1,1,6.0,8.6,7.6,8.2,84.0
1327,D,1,1,6.0,6.8,5.2,6.7,74.5
1328,A,1,0,5.8,3.6,4.5,9.1,55.0
1328,B,1,0,4.3,8.8,5.5,5.4,56.7
1328,C,1,1,6.6,9.0,8.0,7.1,84.5
1328,D,0,1,6.0,7.6,7.3,6.3,62.0
1329,A,1,0,8.5,9.9,3.5,7.3,65.3
1329,B,0,1,6.8,7.0,6.5,5.3,59.3
1329,C,0,1,7.3,7.1,6.2,6.5,61.8
1329,D,1,0,5.0,8.3,6.1,6.7,60.2
1330,A,1,0,7.0,6.4,6.2,8.7,63.8
1330,B,1,1,5.8,7.7,6.7,7.5,79.5
1330,C,1,0,6.6,5.8,7.8,5.6,59.7
1330,D,1,1,7.3,8.9,5.1,7.4,81.2
1331,A,0,0,7.0,6.1,4.9,5.7,39.5
1331,B,1,1,5.5,7.1,7.9,6.3,78.0
1331,C,0,0,5.9,9.6,8.6,6.2,50.5
1331,D,0,0,8.6,7.1,7.1,5.5,47.2
1332,A,0,1,6.6,3.9,1.7,8.8,51.7
1332,B,0,0,8.4,7.9,8.3,3.3,46.5
1332,C,1,1,6.4,5.8,7.0,6.4,76.0
1332,D,1,1,8.2,8.2,6.7,7.0,83.5
1333,A,1,0,8.0,5.8,3.6,10.0,62.3
1333,B,0,1,8.0,9.6,7.9,5.1,67.7
1333,C,0,0,6.2,6.8,7.8,5.9,44.5
1333,D,0,0,6.2,7.0,7.3,8.2,47.8
1334,A,0,1,5.7,6.9,5.4,5.8,56.3
1334,B,1,1,6.8,10,5.1,5.8,79.5
1334,C,1,0,7.1,8.0,6.6,7.5,65.3
1334,D,1,0,8.6,9.4,5.1,7.2,67.2
1335,A,0,0,6.7,5.7,4.1,6.8,38.8
1335,B,1,1,5.9,7.6,5.8,5.7,75.0
1335,C,0,0,9.0,4.9,5.9,5.9,42.8
1335,D,1,0,6.6,9.8,8.5,5.6,67.5
1336,A,0,1,6.4,4.9,5.0,6.6,54.8
1336,B,1,1,6.5,7.0,6.2,5.3,75.0
1336,C,0,0,7.5,7.1,8.6,7.6,51.3
1336,D,0,0,6.1,7.3,6.3,6.6,43.8
1337,A,0,0,7.1,4.5,5.5,9.6,44.5
1337,B,0,1,5.3,9.3,10.0,4.2,64.7
1337,C,0,0,5.3,7.7,6.5,4.2,39.5
1337,D,0,1,6.3,8.4,4.9,5.7,58.8
1338,A,1,1,2.6,8.4,6.0,5.0,70.0
1338,B,1,0,5.7,8.5,5.8,5.4,59.0
1338,C,1,0,6.5,6.3,8.3,8.2,65.5
1338,D,1,0,6.6,6.3,7.1,7.5,62.5
1339,A,0,1,6.1,7.6,5.6,5.1,57.3
1339,B,1,0,6.6,8.9,8.2,5.0,64.5
1339,C,0,1,6.4,9.4,6.7,7.6,66.8
1339,D,1,0,7.9,7.8,7.6,6.1,65.7
1340,A,0,0,8.7,5.8,7.4,5.6,45.8
1340,B,0,1,6.2,7.8,8.0,5.9,63.2
1340,C,1,1,7.1,9.1,4.8,8.2,82.0
1340,D,1,1,7.2,7.9,6.0,5.8,78.2
1341,A,1,1,9.1,5.8,3.7,6.6,75.3
1341,B,1,0,3.4,8.6,7.0,4.4,55.7
1341,C,1,1,5.7,8.4,7.8,6.6,80.8
1341,D,1,1,8.4,8.3,8.3,6.3,85.5
1342,A,0,0,8.1,6.9,5.6,7.7,47.2
1342,B,0,1,7.2,8.3,6.9,5.1,62.5
1342,C,0,1,7.1,8.7,5.1,8.1,65.0
1342,D,1,1,6.8,8.5,5.1,9.4,83.0
1343,A,1,0,5.5,7.2,3.8,8.1,57.7
1343,B,1,1,4.4,9.7,6.5,4.8,75.7
1343,C,1,1,5.9,8.0,7.5,5.5,78.2
1343,D,0,1,6.9,8.0,9.1,7.0,68.3
1344,A,1,1,5.6,9.5,2.7,7.4,75.3
1344,B,0,0,5.3,9.5,6.0,6.1,44.8
1344,C,1,0,5.4,5.1,8.7,5.4,57.7
1344,D,1,0,8.3,8.3,7.5,8.7,71.3
1345,A,0,0,7.6,4.9,5.3,9.2,45.0
1345,B,0,0,6.4,8.4,6.6,8.0,49.0
1345,C,0,1,7.2,7.3,5.0,7.3,61.3
1345,D,0,1,6.0,8.0,5.7,8.0,62.8
1346,A,1,0,7.1,4.2,4.0,7.0,53.8
1346,B,0,0,3.5,9.8,7.1,4.7,41.8
1346,C,0,1,8.3,8.4,7.6,6.7,68.3
1346,D,1,0,5.8,7.6,5.9,5.0,57.2
1347,A,0,1,9.4,5.6,5.6,8.2,64.7
1347,B,0,1,4.3,8.8,7.9,4.8,59.7
1347,C,0,1,7.7,8.4,7.0,4.5,62.7
1347,D,0,0,4.4,7.6,8.2,7.2,45.7
1348,A,0,0,8.3,7.5,5.4,6.4,46.0
1348,B,1,0,6.1,8.7,7.2,6.8,64.7
1348,C,1,0,7.3,8.1,6.8,7.9,66.8
1348,D,1,0,7.1,7.3,7.3,6.8,64.2
1349,A,0,1,6.4,5.3,3.4,7.1,53.7
1349,B,0,0,5.7,7.4,8.6,3.8,42.5
1349,C,1,0,10,6.8,5.8,7.5,66.8
1349,D,1,1,6.0,8.0,5.1,7.1,77.0
1350,A,1,1,5.9,2.6,3.9,6.7,65.2
1350,B,1,1,6.7,6.9,7.2,4.3,75.2
1350,C,0,1,5.2,8.7,6.6,9.2,66.2
1350,D,1,0,6.8,6.4,6.8,7.0,61.7
1351,A,0,0,6.9,4.3,6.0,7.6,41.3
1351,B,1,0,6.6,6.4,7.2,7.3,62.5
1351,C,1,0,6.1,7.2,6.2,8.6,63.5
1351,D,1,0,7.6,5.4,7.0,6.7,61.2
1352,A,0,0,5.5,6.7,2.2,9.5,39.8
1352,B,0,0,5.4,7.7,8.4,5.0,44.2
1352,C,1,1,6.0,5.4,6.5,6.0,73.2
1352,D,1,1,6.7,8.6,7.3,8.6,85.3
1353,A,0,0,7.1,5.8,4.5,8.2,42.7
1353,B,1,0,6.5,10.0,6.3,5.7,64.2
1353,C,1,0,7.9,7.2,6.6,9.6,68.8
1353,D,1,1,6.8,7.9,6.1,8.0,81.3
1354,A,1,0,6.7,5.6,4.3,8.9,59.2
1354,B,0,1,3.4,7.8,5.1,6.4,54.5
1354,C,1,1,6.0,6.4,5.6,7.2,75.3
1354,D,1,0,6.3,7.8,6.8,6.5,62.3
1355,A,1,0,9.5,4.1,3.8,6.2,56.0
1355,B,1,0,6.6,6.9,8.2,5.9,62.7
1355,C,1,1,6.9,6.8,8.0,6.3,80.0
1355,D,1,0,6.0,10,4.1,6.1,60.3
1356,A,0,1,6.9,7.6,8.2,6.7,65.7
1356,B,0,0,5.3,9.1,9.5,4.2,46.8
1356,C,0,0,5.4,7.2,8.1,7.9,47.7
1356,D,0,0,5.6,6.6,6.9,7.3,44.0
1357,A,0,0,5.8,2.4,5.2,7.4,34.7
1357,B,0,0,5.6,7.6,8.4,5.9,45.8
1357,C,1,0,5.0,6.9,8.1,5.8,59.7
1357,D,1,0,8.3,8.1,5.4,6.5,63.8
1358,A,0,0,7.6,6.6,4.5,7.3,43.3
1358,B,1,0,5.7,9.4,10,4.6,66.2
1358,C,1,1,7.5,8.3,8.5,4.9,82.0
1358,D,1,0,7.7,9.2,6.6,5.5,65.0
1359,A,1,1,7.1,4.4,6.5,5.5,72.5
1359,B,0,0,5.2,8.2,7.6,5.7,44.5
1359,C,1,1,7.5,8.4,6.8,8.2,84.8
1359,D,0,0,8.2,7.9,4.9,6.8,46.3
1360,A,1,0,6.1,5.7,4.1,9.8,59.5
1360,B,1,0,4.8,9.0,8.1,4.6,60.8
1360,C,1,0,5.5,8.4,6.1,6.2,60.3
1360,D,1,1,6.6,7.8,7.5,6.2,80.2
1361,A,1,0,6.6,3.5,3.9,7.7,52.8
1361,B,1,0,7.0,6.8,6.3,6.6,61.2
1361,C,0,1,6.9,4.9,7.9,7.1,61.3
1361,D,0,1,7.1,9.1,5.2,7.5,64.8
1362,A,1,1,7.9,5.5,4.9,8.3,77.7
1362,B,0,0,7.3,8.7,9.0,5.9,51.5
1362,C,0,0,7.3,10,9.9,8.8,60.0
1362,D,0,0,6.7,7.7,7.8,6.5,47.8
1363,A,0,0,7.3,7.5,3.6,8.6,45.0
1363,B,1,0,5.3,7.8,7.9,7.3,63.8
1363,C,0,0,5.3,7.5,6.5,5.0,40.5
1363,D,1,0,4.8,6.3,5.4,6.8,55.5
1364,A,0,0,5.9,5.1,3.9,6.1,35.0
1364,B,1,1,5.7,9.8,8.4,5.2,81.8
1364,C,1,0,8.3,6.1,5.2,8.8,64.0
1364,D,0,0,7.6,7.6,4.1,6.3,42.7
1365,A,0,1,8.7,8.7,4.5,6.5,64.0
1365,B,1,0,6.5,6.6,7.9,4.6,59.3
1365,C,0,1,6.0,8.3,7.2,7.1,64.3
1365,D,1,1,5.8,7.3,5.1,6.1,73.8
1366,A,0,1,8.9,5.2,3.4,8.0,59.2
1366,B,1,1,6.7,8.3,6.6,4.4,76.7
1366,C,0,1,8.9,6.4,5.3,6.7,62.2
1366,D,1,0,6.9,6.7,6.2,5.8,59.3
1367,A,0,0,7.5,7.1,3.9,9.3,46.3
1367,B,0,1,6.6,7.7,7.8,4.5,61.0
1367,C,0,0,6.6,8.3,7.6,6.3,48.0
1367,D,1,0,4.4,8.7,8.7,7.6,65.7
1368,A,0,1,4.6,7.5,5.4,9.4,61.5
1368,B,0,0,5.6,7.8,8.7,5.6,46.2
1368,C,0,1,5.3,8.1,8.4,7.9,66.2
1368,D,1,1,6.9,6.8,7.4,5.2,77.2
1369,A,1,1,5.5,5.7,4.2,7.9,72.2
1369,B,1,0,5.2,7.8,9.8,4.0,61.3
1369,C,1,0,7.4,7.0,8.3,6.0,64.5
1369,D,1,1,7.1,8.4,6.9,5.6,80.0
1370,A,1,0,10,5.0,5.1,8.2,63.8
1370,B,1,0,5.1,6.1,6.7,4.5,54.0
1370,C,1,0,5.9,8.8,6.1,7.0,63.0
1370,D,1,0,6.2,8.5,7.2,8.4,67.2
1371,A,1,0,4.6,6.5,2.6,8.4,53.5
1371,B,0,0,4.4,7.9,8.7,7.9,48.2
1371,C,1,0,6.3,10,8.5,10,74.7
1371,D,1,0,7.5,8.4,6.5,8.6,68.3
1372,A,1,0,7.4,6.1,4.2,8.1,59.7
1372,B,0,0,4.9,8.1,5.1,6.2,40.5
1372,C,0,0,5.3,8.9,7.8,7.6,49.3
1372,D,0,1,5.0,7.3,6.3,7.2,59.7
1373,A,1,1,6.0,4.3,7.3,9.8,79.0
1373,B,0,0,6.5,7.2,7.3,6.8,46.3
1373,C,1,1,7.3,5.5,8.9,7.3,81.7
1373,D,0,0,6.8,7.2,6.7,7.6,47.2
1374,A,1,1,7.8,6.8,3.0,5.6,72.0
1374,B,1,0,5.9,6.4,4.9,5.6,54.7
1374,C,1,1,5.5,9.3,10,7.9,87.8
1374,D,0,1,4.7,7.7,6.6,7.6,61.0
1375,A,1,1,8.1,6.9,5.0,7.2,78.7
1375,B,1,0,5.6,8.5,9.1,4.6,63.0
1375,C,0,0,6.3,9.0,6.5,5.9,46.2
1375,D,0,0,5.0,7.3,8.3,8.1,47.8
1376,A,1,0,6.9,1.9,4.9,7.8,52.5
1376,B,1,0,7.7,8.0,6.3,4.8,61.3
1376,C,1,1,7.8,9.0,9.1,6.6,87.5
1376,D,1,0,3.3,7.7,7.4,7.9,60.5
1377,A,0,0,7.2,5.9,5.3,7.6,43.3
1377,B,1,0,6.5,3.9,8.1,7.0,59.2
1377,C,0,0,6.3,6.5,6.6,8.1,45.8
1377,D,1,0,6.4,8.2,5.6,5.8,60.0
1378,A,1,0,8.6,7.8,3.3,7.8,62.5
1378,B,0,1,5.8,10,6.0,6.5,63.8
1378,C,1,0,6.5,7.6,8.7,7.9,67.8
1378,D,1,1,6.4,7.7,7.3,5.4,78.0
1379,A,0,1,7.3,4.0,4.9,7.5,56.2
1379,B,0,1,3.7,6.9,8.8,4.6,56.7
1379,C,1,0,8.7,9.9,5.8,8.7,71.8
1379,D,0,0,5.8,6.0,5.2,7.9,41.5
1380,A,1,1,6.6,4.7,5.3,6.5,71.8
1380,B,1,0,5.3,8.8,6.7,5.7,60.8
1380,C,0,1,7.0,9.5,7.0,6.8,67.2
1380,D,1,0,6.0,7.7,7.8,5.5,61.7
1381,A,1,0,8.5,7.8,5.3,8.5,66.8
1381,B,1,0,4.9,8.0,9.3,5.5,62.8
1381,C,0,1,8.0,7.5,7.4,7.9,68.0
1381,D,1,0,6.6,9.6,7.9,7.3,69.0
1382,A,0,0,5.7,4.8,5.1,9.4,41.7
1382,B,0,0,6.1,7.9,7.6,5.9,45.8
1382,C,1,0,10,8.5,7.1,6.6,70.3
1382,D,0,1,6.2,7.4,5.9,8.3,63.0
1383,A,0,0,7.0,2.2,4.1,5.7,31.7
1383,B,1,1,6.0,7.6,5.7,5.8,75.2
1383,C,1,1,7.8,5.8,8.8,8.9,85.5
1383,D,1,0,5.8,7.1,7.5,6.6,61.7
1384,A,1,0,6.1,5.6,7.0,7.9,61.0
1384,B,1,1,6.4,9.3,7.5,5.6,81.3
1384,C,1,0,7.6,6.2,6.3,8.3,64.0
1384,D,0,0,5.6,7.8,6.4,7.5,45.5
1385,A,1,1,9.3,4.9,4.8,6.1,75.2
1385,B,1,1,4.6,5.4,5.5,6.0,69.2
1385,C,0,1,7.5,6.2,2.8,8.3,58.0
1385,D,1,1,7.2,6.8,7.6,7.9,82.5
1386,A,1,0,9.5,7.3,6.0,7.8,67.7
1386,B,0,1,6.7,8.3,8.0,6.4,65.7
1386,C,1,0,8.3,3.5,4.9,3.7,50.7
1386,D,1,1,6.5,8.9,9.5,5.6,84.2
1387,A,1,0,7.6,4.9,5.0,9.1,61.0
1387,B,1,1,5.4,8.3,7.1,6.6,79.0
1387,C,0,1,7.4,7.6,6.1,5.2,60.5
1387,D,1,0,5.9,8.2,5.2,6.2,59.2
1388,A,0,0,5.7,3.9,5.9,8.7,40.3
1388,B,0,0,6.1,8.7,7.1,5.6,45.8
1388,C,0,1,7.3,7.1,7.4,8.0,66.3
1388,D,1,1,8.2,6.5,5.5,5.8,76.7
1389,A,1,1,6.2,5.5,4.6,7.4,72.8
1389,B,1,1,7.4,8.4,8.8,5.2,83.0
1389,C,1,1,7.1,4.0,8.3,5.8,75.3
1389,D,1,0,8.1,6.4,5.9,6.6,61.7
1390,A,0,0,8.4,6.4,2.4,7.8,41.7
1390,B,1,0,4.5,7.7,6.7,5.2,56.8
1390,C,1,0,7.7,6.8,6.7,6.7,63.2
1390,D,1,0,6.0,10,5.8,7.6,65.7
1391,A,1,0,7.7,5.1,5.0,10,63.0
1391,B,0,0,5.8,8.6,8.0,8.5,51.5
1391,C,1,0,7.6,6.2,8.1,7.5,65.7
1391,D,0,0,6.1,8.5,7.9,7.9,50.7
1392,A,0,0,5.7,4.2,5.9,8.8,41.0
1392,B,0,0,4.6,6.9,10.0,5.0,44.2
1392,C,0,1,6.6,8.6,9.2,6.5,68.2
1392,D,0,1,6.1,7.5,8.0,5.8,62.3
1393,A,0,0,8.2,4.1,4.5,6.5,38.8
1393,B,1,0,7.0,8.5,7.5,4.0,61.7
1393,C,1,0,4.8,8.1,8.3,5.8,61.7
1393,D,1,1,7.2,9.8,5.1,6.4,80.8
1394,A,0,1,9.0,6.0,3.8,8.7,62.5
1394,B,1,0,3.8,8.3,7.4,5.2,57.8
1394,C,0,1,8.0,7.4,6.9,5.7,63.3
1394,D,0,0,6.3,6.0,7.9,5.8,43.3
1395,A,0,0,7.6,5.4,5.4,6.7,41.8
1395,B,1,0,6.8,7.8,5.9,5.8,60.5
1395,C,1,1,6.7,8.8,8.3,7.6,85.7
1395,D,1,1,5.9,8.6,5.4,7.3,78.7
1396,A,0,0,4.1,6.6,3.2,8.0,36.5
1396,B,0,1,5.4,8.1,5.2,4.8,55.8
1396,C,1,1,6.8,7.3,6.2,8.1,80.7
1396,D,1,1,6.1,9.0,4.3,9.0,80.7
1397,A,0,0,8.7,7.5,5.6,9.1,51.5
1397,B,1,0,4.6,7.8,7.6,4.8,58.0
1397,C,0,0,7.8,8.9,8.5,7.6,54.7
1397,D,1,0,7.0,6.6,5.9,6.7,60.3
1398,A,0,0,8.5,5.2,5.0,7.5,43.7
1398,B,1,0,5.8,8.1,6.0,5.8,59.5
1398,C,1,1,7.4,7.5,7.2,6.4,80.8
1398,D,0,0,6.5,7.9,4.1,5.6,40.2
1399,A,1,0,8.6,6.0,2.3,8.0,58.2
1399,B,1,1,5.1,6.5,5.5,3.7,68.0
1399,C,0,0,8.0,5.8,6.3,9.6,49.5
1399,D,1,0,6.6,7.1,9.7,6.3,66.2
1400,A,0,0,8.9,7.8,5.3,6.8,48.0
1400,B,1,1,6.1,10,8.4,6.7,85.3
1400,C,0,1,8.2,6.7,7.3,5.6,63.0
1400,D,0,1,6.7,9.9,6.0,5.8,64.0
