respondent_id,variant_id,watch_intent_pct,trust_pct,fairness,information_value,clarity,engagement,respondent_composite_0_100
1,A,0,0,7.1,7.1,7.9,6.8,48.2
1,B,0,0,9.7,9.1,6.4,7.4,54.3
1,C,0,0,6.1,7.4,7.3,9.1,49.8
1,D,1,0,9.7,6.4,6.9,5.1,63.5
2,A,1,1,3.2,6.5,6.0,4.7,67.3
2,B,0,1,6.4,8.9,4.9,5.2,59.0
2,C,1,0,8.7,6.4,7.2,5.5,63.0
2,D,1,1,6.3,5.0,7.2,7.2,76.2
3,A,1,0,7.4,4.8,7.5,5.3,58.3
3,B,1,0,9.1,8.3,8.8,7.1,72.2
3,C,0,0,7.3,5.0,2.7,7.7,37.8
3,D,1,0,8.0,9.8,7.0,9.3,73.5
4,A,1,0,4.8,7.7,7.8,8.4,64.5
4,B,1,1,7.3,7.7,7.2,5.7,79.8
4,C,1,1,7.5,5.9,6.4,6.6,77.3
4,D,0,0,8.3,7.9,7.2,6.0,49.0
5,A,0,0,6.5,7.1,5.9,4.6,40.2
5,B,1,0,7.8,7.6,6.4,6.6,64.0
5,C,1,1,4.5,5.3,6.2,8.3,73.8
5,D,0,0,4.5,6.5,6.1,6.5,39.3
6,A,0,1,5.1,5.6,7.6,4.3,54.3
6,B,0,1,8.6,8.9,8.9,6.5,71.5
6,C,0,0,9.1,7.7,5.9,7.2,49.8
6,D,0,1,7.1,5.5,5.0,5.8,55.7
7,A,0,1,6.4,6.6,8.6,4.6,60.3
7,B,0,0,6.9,7.6,9.5,9.3,55.5
7,C,1,0,5.5,6.4,8.4,8.3,64.3
7,D,1,1,6.8,8.8,7.0,5.9,80.8
8,A,1,1,5.7,5.8,7.5,2.6,69.3
8,B,1,1,8.0,6.7,6.9,4.8,77.3
8,C,1,0,8.0,4.7,5.2,8.2,60.2
8,D,0,0,6.2,9.4,7.4,7.9,51.5
9,A,0,0,4.1,6.8,9.0,4.8,41.2
9,B,1,1,7.5,5.8,7.4,7.9,81.0
9,C,1,0,6.8,8.0,6.3,6.7,63.0
9,D,0,1,5.1,8.2,10,7.2,67.5
10,A,0,1,7.4,5.3,6.8,7.9,62.3
10,B,1,0,9.7,5.5,8.7,4.5,64.0
10,C,1,1,5.9,7.4,6.4,4.5,73.7
10,D,0,1,7.1,7.1,5.8,7.7,62.8
11,A,0,0,6.0,5.0,6.8,8.6,44.0
11,B,1,0,7.7,7.2,7.6,5.8,63.8
11,C,1,1,7.4,8.9,5.6,6.5,80.7
11,D,1,1,8.4,9.9,8.2,7.6,90.2
12,A,0,0,7.6,5.2,6.7,7.8,45.5
12,B,1,1,6.4,8.0,4.5,5.7,74.3
12,C,0,0,6.3,6.9,6.7,10,49.8
12,D,0,1,6.5,7.2,5.8,6.6,60.2
13,A,1,0,5.3,8.4,6.3,8.0,63.3
13,B,0,0,5.9,4.2,5.3,5.8,35.3
13,C,1,1,6.7,8.0,3.7,7.2,76.0
13,D,0,1,7.3,5.7,6.6,4.5,56.8
14,A,1,0,3.3,3.8,5.8,9.1,53.3
14,B,0,0,6.6,6.8,7.1,7.6,46.8
14,C,0,0,8.2,6.6,4.6,6.6,43.3
14,D,1,0,4.4,7.3,8.1,6.3,60.2
15,A,1,1,7.3,3.7,5.3,7.4,72.8
15,B,0,1,7.6,5.4,6.4,6.9,60.5
15,C,1,1,8.1,5.3,5.9,7.8,78.5
15,D,1,1,5.7,9.5,9.1,5.9,83.7
16,A,0,0,7.1,4.8,8.4,6.3,44.3
16,B,1,1,6.7,5.9,5.9,7.9,77.3
16,C,1,1,5.6,8.3,5.9,6.2,76.7
16,D,0,1,7.3,10,7.1,7.1,69.2
17,A,1,1,6.5,4.3,7.1,8.3,77.0
17,B,1,0,8.5,6.6,7.7,5.8,64.3
17,C,0,1,5.3,5.9,6.0,8.4,59.3
17,D,0,1,7.1,7.0,7.8,6.1,63.3
18,A,1,0,8.0,5.7,5.6,7.6,61.5
18,B,1,1,6.1,4.0,7.4,7.0,74.2
18,C,1,0,7.8,5.5,5.5,7.3,60.2
18,D,1,1,4.3,6.6,4.4,4.8,66.8
19,A,1,1,7.1,9.1,8.7,7.3,87.0
19,B,1,0,5.0,6.6,7.1,5.0,56.2
19,C,0,1,5.9,8.0,5.4,6.0,58.8
19,D,1,0,8.2,6.6,4.4,5.4,57.7
20,A,1,0,5.0,6.2,5.5,5.9,54.3
20,B,0,1,10,6.0,7.9,5.7,66.0
20,C,1,0,6.7,6.2,6.2,9.0,63.5
20,D,1,1,4.5,6.2,7.9,5.2,73.0
21,A,1,0,6.0,5.0,6.2,7.6,58.0
21,B,1,1,6.7,5.3,8.6,6.9,79.2
21,C,1,1,6.9,6.0,7.6,5.0,75.8
21,D,1,0,8.6,8.5,8.3,6.1,69.2
22,A,0,0,5.3,6.6,6.5,7.0,42.3
22,B,1,1,8.0,6.0,8.1,7.8,83.2
22,C,1,1,7.0,7.7,5.4,7.9,80.0
22,D,0,1,4.1,7.1,6.7,7.6,59.2
23,A,1,1,7.6,7.7,6.7,6.0,80.0
23,B,1,0,8.2,5.9,8.7,8.5,68.8
23,C,0,1,6.7,7.0,2.4,8.2,57.2
23,D,0,1,6.5,7.7,5.8,4.4,57.3
24,A,1,1,5.9,5.8,6.4,5.7,73.0
24,B,1,0,7.5,7.3,6.1,7.2,63.5
24,C,1,1,8.4,6.7,4.5,7.8,79.0
24,D,0,1,6.1,8.8,5.7,7.6,63.7
25,A,1,1,6.8,4.4,8.5,5.0,74.5
25,B,0,0,9.2,7.5,3.9,6.9,45.8
25,C,1,0,6.4,7.4,7.5,6.3,62.7
25,D,0,0,10,8.3,6.3,5.2,49.7
26,A,1,1,6.4,6.4,5.0,5.0,71.3
26,B,1,1,9.6,7.4,5.7,6.3,81.7
26,C,1,1,8.4,6.8,6.8,7.2,82.0
26,D,1,1,7.8,8.5,5.0,7.3,81.0
27,A,1,0,6.2,4.9,6.4,6.2,56.2
27,B,0,0,10,6.5,7.6,4.9,48.3
27,C,1,0,7.0,6.6,7.5,9.9,68.3
27,D,0,1,8.2,8.1,6.5,4.4,62.0
28,A,1,0,6.1,5.7,7.8,8.3,63.2
28,B,1,0,6.8,7.5,6.4,5.0,59.5
28,C,1,0,5.1,6.9,9.3,7.1,64.0
28,D,0,0,8.2,6.4,7.0,4.6,43.7
29,A,1,1,5.7,8.0,8.9,6.6,82.0
29,B,0,0,8.6,4.8,7.6,7.4,47.3
29,C,0,0,9.3,7.9,6.9,7.9,53.3
29,D,0,0,5.9,7.8,4.5,3.7,36.5
30,A,1,0,5.9,6.7,8.0,6.7,62.2
30,B,1,1,8.9,8.4,8.7,8.0,90.0
30,C,0,1,6.2,6.1,5.7,8.8,61.3
30,D,1,1,7.0,7.4,5.2,4.5,73.5
31,A,1,1,6.9,7.5,6.5,6.5,79.0
31,B,1,0,7.8,6.5,7.5,8.0,66.3
31,C,0,1,9.4,7.1,5.7,6.0,63.7
31,D,1,1,6.0,5.6,6.3,5.4,72.2
32,A,0,0,6.8,6.2,6.3,4.3,39.3
32,B,1,1,7.7,7.5,6.9,9.7,86.3
32,C,0,0,7.3,9.1,7.1,6.2,49.5
32,D,0,0,7.0,8.4,9.5,6.6,52.5
33,A,0,0,6.8,5.8,6.7,5.8,41.8
33,B,0,1,8.4,4.9,6.4,8.3,63.3
33,C,0,1,7.0,9.2,6.6,6.6,65.7
33,D,1,1,7.7,8.6,6.4,3.5,77.0
34,A,1,0,5.3,8.2,6.5,5.2,58.7
34,B,1,1,7.1,6.5,8.8,6.8,82.0
34,C,1,0,6.4,5.4,5.3,6.4,55.8
34,D,0,0,8.7,6.2,7.8,4.1,44.7
35,A,1,1,5.5,4.1,6.0,7.3,71.5
35,B,1,0,8.1,9.8,7.9,6.0,69.7
35,C,1,1,10,8.4,7.5,8.1,90.0
35,D,0,1,7.0,7.1,8.0,6.1,63.7
36,A,1,0,8.8,6.0,6.1,5.7,61.0
36,B,1,0,6.1,8.6,5.0,5.7,59.0
36,C,0,1,5.6,6.7,6.0,7.0,58.8
36,D,1,1,7.9,8.8,5.6,5.4,79.5
37,A,0,1,6.8,8.5,6.3,5.9,62.5
37,B,0,1,9.7,9.5,6.8,4.6,67.7
37,C,1,0,7.0,5.9,8.4,7.8,65.2
37,D,1,0,6.2,7.5,4.6,6.5,58.0
38,A,1,1,6.2,4.5,7.8,8.0,77.5
38,B,1,0,7.4,10,7.6,4.7,66.2
38,C,1,1,7.5,6.6,6.6,6.4,78.5
38,D,0,0,8.2,6.2,7.8,6.5,47.8
39,A,1,0,5.3,4.2,4.3,7.0,51.3
39,B,1,0,7.9,6.7,7.4,5.3,62.2
39,C,1,0,7.4,8.8,4.7,6.1,61.7
39,D,0,1,5.3,8.5,7.7,5.5,61.7
40,A,1,0,6.5,7.4,9.1,7.7,67.8
40,B,0,0,7.6,6.5,6.2,7.0,45.5
40,C,0,1,8.4,7.3,7.8,5.9,65.7
40,D,1,0,4.7,8.9,4.8,4.0,54.0
41,A,1,0,8.1,5.3,4.7,7.1,58.7
41,B,1,1,10,6.3,5.5,6.1,79.8
41,C,1,0,9.0,8.3,5.4,6.8,65.8
41,D,1,1,6.8,9.7,5.9,9.0,85.7
42,A,0,1,6.9,5.5,4.9,5.0,53.8
42,B,0,1,7.7,7.0,6.6,8.0,65.5
42,C,1,1,6.7,8.5,7.8,4.8,79.7
42,D,0,1,6.4,8.9,7.5,4.9,62.8
43,A,0,1,5.8,7.6,7.8,6.8,63.3
43,B,0,1,6.7,9.2,7.3,5.9,65.2
43,C,0,0,6.4,7.4,6.0,8.7,47.5
43,D,1,1,8.3,10,6.5,5.7,84.2
44,A,1,0,7.5,4.2,6.5,5.7,56.5
44,B,1,0,6.2,8.4,7.7,6.7,65.0
44,C,1,1,7.3,8.4,6.5,7.5,82.8
44,D,0,1,8.9,9.8,7.9,7.0,72.7
45,A,0,1,6.3,7.1,8.5,4.9,61.3
45,B,1,1,8.9,6.5,6.0,7.1,80.8
45,C,1,0,6.7,5.4,6.6,8.7,62.3
45,D,1,0,8.2,6.4,7.5,5.1,62.0
46,A,0,0,6.0,5.9,6.0,5.5,39.0
46,B,0,0,7.3,9.0,6.6,5.5,47.3
46,C,1,1,7.6,5.6,3.7,7.6,74.2
46,D,0,1,7.5,8.0,7.3,6.4,65.3
47,A,0,0,6.3,5.9,8.2,7.0,45.7
47,B,1,1,6.2,6.8,5.6,7.1,76.2
47,C,1,1,6.4,5.8,5.2,8.2,76.0
47,D,1,0,6.2,8.9,3.1,5.5,56.2
48,A,1,0,6.3,6.9,5.3,4.7,55.3
48,B,1,0,9.8,10,9.0,8.0,78.0
48,C,1,1,6.2,6.2,6.5,6.6,75.8
48,D,1,1,8.2,8.7,4.6,8.8,83.8
49,A,1,0,7.7,5.4,8.1,6.3,62.5
49,B,0,1,5.3,8.9,5.5,5.8,59.2
49,C,0,0,7.4,7.3,6.3,6.7,46.2
49,D,1,1,6.0,7.9,6.0,6.6,77.5
50,A,1,1,6.1,2.6,6.8,6.1,69.3
50,B,1,1,6.5,5.6,7.0,7.2,77.2
50,C,1,1,6.1,6.9,6.3,6.5,76.3
50,D,0,1,7.6,8.5,8.3,4.2,64.3
51,A,1,0,8.7,5.3,7.7,5.2,61.5
51,B,1,0,6.0,6.8,6.1,7.1,60.0
51,C,1,0,5.1,7.4,5.2,5.9,56.0
51,D,0,1,8.1,6.6,5.8,4.6,58.5
52,A,0,1,8.0,4.6,6.5,6.2,58.8
52,B,1,0,7.0,8.6,6.1,5.8,62.5
52,C,1,1,8.2,6.1,5.3,8.2,79.7
52,D,1,1,10,8.9,8.7,5.1,87.8
53,A,0,0,5.2,5.7,5.7,5.5,36.8
53,B,1,0,8.3,8.3,9.1,7.9,72.7
53,C,1,1,7.8,8.5,4.3,9.4,83.3
53,D,1,0,5.7,8.0,8.8,5.8,63.8
54,A,0,1,5.7,5.9,6.9,5.3,56.3
54,B,1,0,9.1,10,6.3,5.7,68.5
54,C,1,1,5.0,7.6,7.1,7.3,78.3
54,D,1,0,5.9,6.5,7.8,4.3,57.5
55,A,1,0,5.9,5.9,5.7,6.6,56.8
55,B,0,0,4.9,8.1,7.4,6.6,45.0
55,C,1,1,6.2,7.1,8.5,7.2,81.7
55,D,1,1,6.6,7.1,7.0,6.2,78.2
56,A,1,0,6.7,6.4,8.2,7.2,64.2
56,B,1,1,7.7,5.9,5.4,8.7,79.5
56,C,1,0,5.8,6.9,6.3,5.5,57.5
56,D,1,1,6.3,8.7,9.9,5.4,83.8
57,A,1,0,6.3,4.2,4.3,8.0,54.7
57,B,1,0,8.3,9.0,7.2,7.3,69.7
57,C,1,0,5.5,6.9,6.3,5.2,56.5
57,D,1,1,8.0,6.7,7.9,3.4,76.7
58,A,1,0,6.4,7.5,6.4,5.5,59.7
58,B,0,0,7.9,7.1,6.3,6.6,46.5
58,C,0,1,7.8,7.3,4.2,5.1,57.3
58,D,0,0,6.3,6.8,7.8,4.3,42.0
59,A,1,1,5.7,5.3,6.0,7.9,74.8
59,B,1,0,7.8,8.1,7.8,7.7,69.0
59,C,0,1,10,4.9,4.3,6.3,59.2
59,D,1,0,7.5,7.6,6.3,7.5,64.8
60,A,0,1,5.6,6.6,6.8,8.4,62.3
60,B,1,1,5.9,7.2,7.3,5.9,77.2
60,C,1,0,7.0,7.2,5.9,8.0,63.5
60,D,1,0,5.6,6.5,6.9,5.7,57.8
61,A,0,0,7.3,5.0,7.8,7.6,46.2
61,B,1,1,8.5,7.3,5.1,5.9,78.0
61,C,1,1,6.7,5.8,5.4,6.2,73.5
61,D,0,1,7.8,9.4,7.2,7.0,69.0
62,A,0,0,8.0,7.3,5.6,6.2,45.2
62,B,0,0,10,7.2,6.8,7.1,51.8
62,C,0,1,7.5,5.1,4.9,6.1,56.0
62,D,0,1,6.0,10,6.7,6.1,64.7
63,A,0,0,7.9,8.5,4.6,7.9,48.2
63,B,1,1,5.6,6.4,6.9,2.9,69.7
63,C,0,1,6.2,6.4,4.2,4.8,52.7
63,D,1,1,8.2,9.9,5.4,5.7,82.0
64,A,1,1,6.9,4.9,7.2,5.2,73.7
64,B,1,1,7.9,7.2,6.9,6.6,81.0
64,C,1,0,6.2,8.0,6.3,7.9,64.0
64,D,0,1,5.6,7.6,6.9,3.3,55.7
65,A,1,1,5.1,5.6,8.4,9.7,81.3
65,B,0,1,8.4,7.8,6.8,6.7,66.2
65,C,1,1,5.6,8.3,6.6,3.9,74.0
65,D,0,0,7.4,6.8,6.7,5.0,43.2
66,A,1,0,8.0,7.9,5.9,8.8,67.7
66,B,1,1,8.7,7.5,5.2,7.1,80.8
66,C,1,1,6.8,7.9,6.5,7.5,81.2
66,D,0,1,5.6,6.0,7.0,7.2,59.7
67,A,0,1,4.9,6.1,6.3,3.8,51.8
67,B,1,0,7.1,7.2,5.4,4.9,57.7
67,C,1,1,8.9,6.5,6.8,5.9,80.2
67,D,1,0,8.7,6.6,7.0,6.3,64.3
68,A,0,0,5.4,6.3,7.2,6.4,42.2
68,B,1,1,7.3,7.7,8.2,7.6,84.7
68,C,1,1,6.7,9.6,7.9,8.1,87.2
68,D,1,0,6.2,6.0,7.7,6.5,60.7
69,A,1,0,8.8,5.0,7.7,7.4,64.8
69,B,0,1,7.7,7.0,7.9,8.2,68.0
69,C,1,0,8.6,8.2,6.4,8.1,68.8
69,D,1,1,9.7,9.6,7.7,5.8,88.0
70,A,1,0,6.3,6.2,8.1,7.2,63.0
70,B,0,0,8.6,8.4,7.9,6.7,52.7
70,C,0,1,8.6,6.9,7.1,7.8,67.3
70,D,1,1,6.9,7.4,2.6,4.2,68.5
71,A,1,0,6.7,4.9,6.2,6.4,57.0
71,B,1,0,7.8,7.4,7.6,6.6,65.7
71,C,0,1,7.3,7.6,4.8,8.3,63.3
71,D,1,1,6.7,8.4,8.2,5.0,80.5
72,A,1,0,5.7,4.9,10,4.2,58.0
72,B,0,1,8.3,7.3,9.9,8.5,73.3
72,C,1,0,9.2,7.2,8.0,6.7,68.5
72,D,0,0,4.5,7.7,8.5,6.0,44.5
73,A,0,1,6.4,4.8,7.0,5.9,56.8
73,B,0,1,9.5,6.9,5.8,7.2,65.7
73,C,1,1,9.0,4.3,3.9,5.6,71.3
73,D,0,1,4.7,7.3,8.1,7.0,61.8
74,A,1,1,6.0,7.8,6.9,8.6,82.2
74,B,1,1,8.1,6.3,5.0,6.8,77.0
74,C,1,1,7.8,5.6,6.3,6.3,76.7
74,D,0,1,5.8,5.5,7.6,7.1,60.0
75,A,0,1,6.8,5.0,8.1,6.9,61.3
75,B,0,1,6.4,9.1,4.6,6.1,60.3
75,C,0,1,5.8,9.0,8.3,5.9,65.0
75,D,1,1,7.7,6.1,4.5,7.6,76.5
76,A,0,1,7.4,5.8,9.7,5.4,63.8
76,B,0,1,7.0,7.3,4.9,8.6,63.0
76,C,1,1,9.1,6.5,6.1,6.9,81.0
76,D,0,1,6.9,5.7,8.1,6.5,62.0
77,A,1,1,6.9,4.7,5.5,7.7,74.7
77,B,1,1,8.0,7.7,7.1,8.9,86.2
77,C,0,0,6.5,6.2,6.5,8.9,46.8
77,D,1,1,9.4,7.3,4.7,6.4,79.7
78,A,0,1,7.1,3.8,6.9,4.9,54.5
78,B,0,1,6.3,9.2,7.2,6.8,65.8
78,C,1,0,7.9,7.2,4.7,8.3,63.5
78,D,0,0,9.0,9.7,7.4,5.8,53.2
79,A,1,0,4.8,3.5,8.6,7.1,56.7
79,B,0,1,7.7,7.9,6.9,4.7,62.0
79,C,0,1,8.4,7.5,6.3,6.6,64.7
79,D,1,1,8.2,7.2,7.1,6.3,81.3
80,A,1,0,7.5,5.5,6.2,6.5,59.5
80,B,1,1,6.8,6.3,9.3,4.1,77.5
80,C,0,0,6.9,8.3,6.8,9.4,52.3
80,D,0,0,5.3,7.9,3.4,8.4,41.7
81,A,1,1,7.4,7.9,7.0,7.7,83.3
81,B,1,0,7.7,8.5,7.8,10,73.3
81,C,1,0,10,7.2,6.1,6.8,66.8
81,D,1,0,8.0,5.7,6.1,6.1,59.8
82,A,1,0,4.9,6.0,6.9,6.1,56.5
82,B,1,1,5.1,8.8,6.2,4.9,75.0
82,C,0,1,6.4,6.6,5.6,6.3,58.2
82,D,1,1,4.7,9.1,5.7,5.2,74.5
83,A,1,0,7.3,6.0,8.8,6.2,63.8
83,B,1,1,7.6,7.8,7.9,6.1,82.3
83,C,0,1,6.3,8.0,6.9,9.5,67.8
83,D,1,0,2.6,7.8,5.1,4.7,50.3
84,A,0,0,5.7,4.7,9.7,7.5,46.0
84,B,1,0,8.9,8.1,7.6,4.2,64.7
84,C,1,1,6.9,10,6.1,8.5,85.8
84,D,0,1,8.9,7.6,5.6,4.7,61.3
85,A,0,1,6.0,6.6,4.4,5.8,54.7
85,B,1,1,7.3,6.8,7.1,6.3,79.2
85,C,0,1,6.4,4.6,5.9,7.5,57.3
85,D,0,1,8.0,7.3,6.9,5.4,62.7
86,A,1,0,8.1,4.5,6.8,6.0,59.0
86,B,1,1,8.3,8.9,6.5,6.2,83.2
86,C,1,0,8.1,6.3,7.0,8.1,65.8
86,D,1,1,8.0,9.2,3.9,4.8,76.5
87,A,1,0,6.4,3.4,6.9,6.1,54.7
87,B,0,0,6.2,9.4,4.5,7.6,46.2
87,C,0,1,5.6,6.6,6.2,7.7,60.2
87,D,0,0,8.5,6.4,5.9,6.1,44.8
88,A,1,1,7.1,6.8,7.4,6.5,79.7
88,B,1,0,6.7,8.8,6.4,8.7,67.7
88,C,0,0,6.4,6.8,7.3,8.6,48.5
88,D,0,0,6.9,7.5,5.0,5.0,40.7
89,A,0,1,8.8,4.4,6.6,8.3,63.5
89,B,1,1,7.8,9.6,7.6,5.5,84.2
89,C,1,1,7.8,6.5,6.8,7.1,80.3
89,D,0,1,9.3,7.4,7.1,6.3,66.8
90,A,1,1,5.7,6.8,7.1,6.8,77.3
90,B,0,0,8.3,6.1,9.0,5.6,48.3
90,C,1,1,8.2,6.4,6.5,5.2,77.2
90,D,0,1,7.7,6.7,7.7,5.9,63.3
91,A,1,0,8.1,6.1,6.6,9.6,67.3
91,B,1,1,7.6,9.4,6.8,7.3,85.2
91,C,1,1,8.5,5.9,9.2,5.7,82.2
91,D,1,0,6.8,5.7,7.3,5.9,59.5
92,A,1,0,6.1,6.7,5.2,7.9,59.8
92,B,1,0,6.6,8.0,5.6,5.9,60.2
92,C,1,0,6.9,7.6,6.9,6.6,63.3
92,D,1,1,7.3,6.9,6.0,5.3,75.8
93,A,0,1,7.4,6.0,6.4,7.1,61.5
93,B,1,0,9.5,9.1,9.0,6.0,72.7
93,C,1,1,8.8,9.5,3.1,6.4,79.7
93,D,0,0,8.0,7.3,7.3,7.9,50.8
94,A,1,0,4.2,3.4,6.0,5.7,48.8
94,B,1,1,8.7,7.9,7.5,4.9,81.7
94,C,0,1,5.5,8.3,6.2,8.4,64.0
94,D,0,1,4.4,8.8,6.9,5.3,59.0
95,A,1,1,8.2,7.0,6.1,6.1,79.0
95,B,0,0,5.7,7.4,10,8.8,53.2
95,C,1,0,6.2,4.3,6.7,6.6,56.3
95,D,1,0,8.0,9.4,8.1,4.2,66.2
96,A,0,0,7.8,5.5,6.1,6.6,43.3
96,B,1,0,6.4,8.3,7.8,7.3,66.3
96,C,0,0,7.7,6.3,5.5,6.6,43.5
96,D,1,0,7.5,6.9,7.7,6.9,65.0
97,A,1,1,6.5,5.8,7.8,7.0,78.5
97,B,1,1,8.0,8.0,7.6,5.7,82.2
97,C,1,1,7.1,6.9,6.5,9.0,82.5
97,D,1,1,6.6,6.3,7.1,7.9,79.8
98,A,1,0,7.2,4.2,9.7,5.7,61.3
98,B,1,1,7.0,7.2,8.5,5.1,79.7
98,C,1,1,8.2,7.1,7.1,7.5,83.2
98,D,1,1,8.9,7.2,7.5,6.1,82.8
99,A,1,0,8.2,4.4,7.9,8.7,65.3
99,B,0,1,7.7,7.2,6.9,5.2,61.7
99,C,1,0,9.8,6.6,6.2,4.6,62.0
99,D,0,1,6.3,6.9,7.1,7.8,63.5
100,A,0,0,8.2,5.3,6.4,6.5,44.0
100,B,1,1,7.1,8.7,5.5,7.0,80.5
100,C,0,0,7.4,7.3,5.0,9.2,48.2
100,D,1,1,6.5,9.2,9.1,4.7,82.5
101,A,1,0,4.2,7.3,4.9,5.7,53.5
101,B,0,1,6.1,6.5,6.4,7.0,60.0
101,C,1,1,7.9,10,7.4,6.7,86.7
101,D,0,0,6.9,8.7,6.3,4.9,44.7
102,A,1,1,9.8,6.7,9.2,5.4,85.2
102,B,0,0,6.2,7.7,8.3,5.6,46.3
102,C,0,1,6.9,6.2,6.7,7.3,61.8
102,D,0,1,6.8,8.2,7.5,7.5,66.7
103,A,1,0,4.3,6.5,5.9,5.2,53.2
103,B,0,1,7.1,9.6,6.6,9.3,71.0
103,C,1,1,6.2,5.8,5.8,5.8,72.7
103,D,0,1,6.2,6.3,4.6,5.5,54.3
104,A,1,1,5.9,6.2,5.9,6.3,73.8
104,B,0,1,8.4,10,9.2,7.4,75.0
104,C,1,1,7.7,5.7,7.4,5.4,77.0
104,D,1,1,8.7,9.5,5.7,8.6,87.5
105,A,1,1,7.4,4.2,5.9,8.1,76.0
105,B,0,0,6.4,6.7,8.4,6.8,47.2
105,C,1,1,9.0,7.7,4.7,6.8,80.3
105,D,1,0,5.8,7.3,5.4,7.0,59.2
106,A,0,1,9.2,5.6,6.6,3.9,58.8
106,B,1,1,9.4,8.4,5.5,3.3,77.7
106,C,0,0,5.8,7.2,5.1,6.2,40.5
106,D,1,1,8.5,7.9,5.5,5.7,79.3
107,A,0,1,8.3,6.8,4.0,6.7,59.7
107,B,0,1,8.3,7.7,6.2,6.6,64.7
107,C,0,0,8.1,5.3,6.1,6.7,43.7
107,D,1,1,9.3,7.6,8.3,9.5,91.2
108,A,0,1,6.0,9.1,6.9,5.6,62.7
108,B,1,0,7.7,7.3,7.6,6.0,64.3
108,C,1,0,7.1,5.0,7.7,7.8,62.7
108,D,0,0,7.0,6.9,5.5,5.6,41.7
109,A,1,1,5.8,6.4,5.9,7.1,75.3
109,B,1,1,8.5,10,8.5,1.1,80.2
109,C,1,1,5.6,7.4,7.6,7.2,79.7
109,D,1,1,9.6,8.4,7.2,4.2,82.3
110,A,0,0,6.6,3.8,5.7,6.8,38.2
110,B,1,0,8.0,7.1,8.3,7.6,68.3
110,C,1,0,8.3,8.5,4.8,4.3,59.8
110,D,1,1,8.2,7.2,6.9,7.6,83.2
111,A,1,0,5.8,8.5,6.8,6.4,62.5
111,B,1,0,7.4,8.8,4.7,5.3,60.3
111,C,1,1,8.4,4.6,7.1,6.2,77.2
111,D,1,0,6.6,7.8,7.4,6.0,63.0
112,A,1,0,5.2,8.2,8.0,8.2,66.0
112,B,0,1,7.5,7.4,7.8,7.3,66.7
112,C,0,1,6.9,6.3,6.4,7.9,62.5
112,D,1,1,8.5,6.6,7.8,5.0,79.8
113,A,0,1,6.5,6.9,4.8,6.0,57.0
113,B,0,1,8.0,10,7.5,7.1,71.0
113,C,1,0,7.5,4.8,8.1,6.9,62.2
113,D,0,1,8.3,5.4,7.0,4.2,58.2
114,A,1,1,6.3,5.9,7.6,5.5,75.5
114,B,1,0,5.4,9.7,9.7,6.3,68.5
114,C,1,1,8.8,7.4,7.2,6.4,83.0
114,D,0,1,8.7,7.2,7.8,4.3,63.3
115,A,1,1,6.6,5.5,7.3,5.3,74.5
115,B,1,0,9.1,7.9,7.8,8.5,72.2
115,C,1,1,7.5,5.1,7.2,7.0,78.0
115,D,1,1,5.7,7.2,5.2,6.2,73.8
116,A,0,0,6.5,3.0,5.2,7.7,37.3
116,B,0,1,7.2,9.9,6.6,7.6,68.8
116,C,0,0,5.6,6.7,3.5,8.1,39.8
116,D,1,0,8.6,6.2,8.3,5.9,65.0
117,A,0,0,3.2,4.1,4.6,7.3,32.0
117,B,1,0,8.2,7.2,9.7,5.0,66.8
117,C,0,0,4.8,5.5,5.5,6.7,37.5
117,D,0,1,9.2,5.6,7.9,4.5,62.0
118,A,1,1,5.7,6.4,6.1,5.5,72.8
118,B,1,0,7.7,10,7.7,5.4,68.0
118,C,0,1,7.3,5.9,3.0,9.3,59.2
118,D,1,0,5.3,8.2,7.1,5.8,60.7
119,A,1,1,8.0,6.9,6.7,7.0,81.0
119,B,1,0,7.7,8.9,7.5,6.0,66.8
119,C,1,1,7.1,8.7,4.7,7.8,80.5
119,D,1,0,9.4,8.5,4.7,7.7,67.2
120,A,1,1,5.2,7.3,6.4,5.5,74.0
120,B,1,0,7.5,6.9,4.8,8.2,62.3
120,C,1,0,5.5,7.9,7.4,7.4,63.7
120,D,1,0,8.8,6.5,6.5,6.2,63.3
121,A,0,1,4.9,6.4,8.0,7.8,61.8
121,B,1,0,6.5,7.1,8.5,6.8,64.8
121,C,1,1,6.3,5.3,7.3,7.4,77.2
121,D,0,0,8.4,6.8,4.7,6.9,44.7
122,A,1,1,10,6.7,7.3,7.4,85.7
122,B,1,1,8.6,7.4,6.4,6.6,81.7
122,C,0,1,6.8,6.3,5.3,8.8,62.0
122,D,1,0,8.5,8.5,5.0,7.2,65.3
123,A,1,1,4.6,5.9,6.9,5.6,71.7
123,B,1,0,6.3,7.1,6.8,5.5,59.5
123,C,1,1,10,9.7,7.1,7.9,91.2
123,D,0,1,7.9,9.0,7.9,5.6,67.3
124,A,1,0,5.1,5.2,5.0,6.6,53.2
124,B,0,1,8.7,7.2,4.4,6.3,61.0
124,C,1,1,7.4,6.0,8.5,5.0,78.2
124,D,1,1,5.5,7.3,7.1,4.5,74.0
125,A,0,0,6.6,5.8,6.1,9.2,46.2
125,B,1,1,5.6,7.7,7.3,9.2,83.0
125,C,1,0,6.9,5.1,6.4,6.0,57.3
125,D,0,1,8.9,7.5,8.3,6.2,68.2
126,A,1,1,9.0,7.5,7.0,7.1,84.3
126,B,0,0,6.8,7.9,5.2,4.4,40.5
126,C,0,1,5.9,6.3,6.4,7.6,60.3
126,D,0,0,7.4,9.5,5.6,7.5,50.0
127,A,1,0,9.2,4.8,6.1,5.7,59.7
127,B,1,1,7.2,8.5,8.5,5.8,83.3
127,C,1,0,7.6,6.8,8.3,9.1,69.7
127,D,0,0,6.6,8.7,8.0,4.9,47.0
128,A,1,1,5.7,6.0,6.1,5.7,72.5
128,B,0,1,6.3,6.5,7.6,7.9,63.8
128,C,0,0,7.2,5.9,5.1,7.9,43.5
128,D,1,1,6.7,6.5,8.8,5.1,78.5
129,A,1,1,6.7,4.9,8.2,4.7,74.2
129,B,1,0,4.2,8.1,7.1,6.9,60.5
129,C,1,0,6.2,7.4,6.3,6.8,61.2
129,D,1,1,7.1,8.6,5.2,5.8,77.8
130,A,1,1,8.1,6.0,9.2,9.1,87.3
130,B,1,0,7.3,5.0,7.6,5.8,59.5
130,C,1,0,7.6,6.9,7.0,7.6,65.2
130,D,0,1,8.1,10,9.6,6.1,73.0
131,A,1,1,7.1,4.0,7.7,5.9,74.5
131,B,1,1,7.2,6.2,7.5,5.4,77.2
131,C,0,1,6.6,5.1,5.0,6.6,55.5
131,D,1,0,5.9,7.3,8.8,5.0,61.7
132,A,1,0,5.9,8.4,6.9,6.0,62.0
132,B,0,0,8.7,8.7,8.0,7.6,55.0
132,C,1,0,7.0,7.9,7.6,6.5,65.0
132,D,1,0,6.8,5.6,6.8,5.6,58.0
133,A,1,1,8.7,6.8,7.2,7.2,83.2
133,B,0,1,8.1,6.9,6.4,6.9,63.8
133,C,0,0,6.0,8.5,5.4,9.5,49.0
133,D,0,0,7.5,7.7,8.8,7.7,52.8
134,A,1,0,7.6,6.7,5.0,5.4,57.8
134,B,0,0,5.9,8.8,6.4,4.9,43.3
134,C,1,1,7.1,7.2,4.3,7.8,77.3
134,D,1,1,5.8,6.0,7.5,6.2,75.8
135,A,1,0,5.3,7.7,6.7,6.5,60.3
135,B,0,0,7.5,7.8,8.1,6.7,50.2
135,C,1,0,6.8,7.8,7.2,6.8,64.3
135,D,0,0,5.2,7.5,7.6,4.3,41.0
136,A,1,1,7.5,5.8,8.1,5.0,77.3
136,B,1,1,7.8,10,6.6,3.6,80.0
136,C,1,1,6.5,5.7,6.0,8.7,78.2
136,D,1,1,8.7,5.7,6.7,4.8,76.5
137,A,1,1,6.4,5.7,6.1,6.2,74.0
137,B,0,0,8.9,6.7,7.8,6.2,49.3
137,C,1,1,5.3,7.1,7.4,6.0,76.3
137,D,0,1,4.5,7.8,3.8,6.6,54.5
138,A,1,0,5.5,5.6,7.1,8.1,60.5
138,B,0,1,5.7,4.9,6.7,6.7,56.7
138,C,0,0,7.2,6.2,4.5,7.5,42.3
138,D,1,1,7.4,6.5,7.7,6.3,79.8
139,A,1,1,5.8,7.6,5.6,7.4,77.3
139,B,0,1,8.8,7.1,7.1,6.4,65.7
139,C,1,0,9.3,7.3,6.6,8.7,69.8
139,D,1,0,6.7,7.0,8.4,6.7,64.7
140,A,0,0,8.0,7.0,5.7,5.1,43.0
140,B,1,1,9.2,7.3,4.5,6.0,78.3
140,C,0,0,7.5,6.1,5.2,10,48.0
140,D,1,0,5.5,10,7.5,6.1,65.2
141,A,1,1,6.8,9.0,8.6,5.3,82.8
141,B,0,1,6.3,7.4,5.8,6.6,60.2
141,C,1,0,9.2,5.9,8.0,6.5,66.0
141,D,1,0,7.8,8.9,7.8,5.5,66.7
142,A,0,1,6.8,7.6,7.6,6.1,63.5
142,B,1,0,8.0,8.8,5.9,5.7,64.0
142,C,1,1,5.5,6.0,6.1,5.3,71.5
142,D,0,1,6.8,8.9,6.5,4.4,61.0
143,A,1,1,5.7,6.2,8.3,7.1,78.8
143,B,1,1,6.4,8.0,6.3,4.7,75.7
143,C,0,1,7.6,9.5,4.4,5.9,62.3
143,D,1,1,7.1,7.1,7.0,7.3,80.8
144,A,0,1,7.7,6.4,7.3,4.6,60.0
144,B,1,1,8.2,8.4,7.1,3.9,79.3
144,C,1,0,7.9,9.7,8.0,6.6,70.3
144,D,1,1,7.2,7.6,7.4,5.2,79.0
145,A,1,1,7.3,8.3,7.8,8.5,86.5
145,B,1,1,8.2,6.5,6.6,7.4,81.2
145,C,0,1,6.4,8.0,6.6,8.6,66.0
145,D,1,0,8.2,8.6,5.4,6.1,63.8
146,A,1,0,5.9,7.3,6.6,6.5,60.5
146,B,1,1,8.6,7.3,3.8,5.4,75.2
146,C,1,0,7.3,6.9,4.3,8.9,62.3
146,D,1,1,8.5,8.8,7.4,5.4,83.5
147,A,1,0,8.2,7.8,5.8,7.1,64.8
147,B,0,1,8.8,7.3,9.4,4.9,67.3
147,C,1,0,6.7,9.1,8.0,7.3,68.5
147,D,0,0,9.1,7.8,4.6,4.7,43.7
148,A,0,1,6.1,6.4,5.9,7.3,59.5
148,B,1,0,6.2,8.2,7.6,6.3,63.8
148,C,1,0,7.4,7.3,6.5,5.6,61.3
148,D,1,1,6.6,9.7,8.0,6.5,84.7
149,A,1,0,5.5,7.5,7.0,7.1,61.8
149,B,1,0,8.2,9.4,7.8,3.7,65.2
149,C,1,0,7.1,9.0,5.4,6.6,63.5
149,D,1,1,7.3,6.9,5.2,2.5,69.8
150,A,1,0,6.6,3.9,7.1,4.0,52.7
150,B,1,0,8.1,7.5,5.9,6.2,62.8
150,C,1,1,6.8,6.9,6.8,5.8,77.2
150,D,1,1,8.2,6.8,6.4,4.9,77.2
151,A,1,0,7.7,6.9,4.7,7.6,61.5
151,B,1,1,8.5,6.8,6.4,4.7,77.3
151,C,1,1,8.4,6.4,6.4,7.9,81.8
151,D,1,1,7.9,7.0,7.6,7.2,82.8
152,A,0,1,4.3,7.6,7.6,8.1,62.7
152,B,0,0,8.0,6.1,7.0,8.0,48.5
152,C,0,0,6.6,8.5,5.9,7.6,47.7
152,D,1,1,6.4,10,7.0,8.0,85.7
153,A,0,1,8.8,7.0,6.9,3.9,61.0
153,B,0,1,10,8.2,6.9,6.1,68.7
153,C,0,1,7.3,5.4,7.8,4.7,58.7
153,D,1,0,6.9,8.1,5.2,5.4,59.3
154,A,0,1,7.1,7.1,7.0,4.0,58.7
154,B,1,1,7.1,5.0,7.6,3.4,71.8
154,C,0,0,8.7,4.6,5.0,8.4,44.5
154,D,0,1,7.8,7.4,7.2,5.5,63.2
155,A,1,1,10,5.0,6.0,5.8,78.0
155,B,1,1,5.8,8.2,9.0,6.3,82.2
155,C,1,1,6.9,10,6.6,6.9,84.0
155,D,1,1,10,7.4,7.2,4.0,81.0
156,A,1,0,6.7,6.5,7.9,7.4,64.2
156,B,1,1,10,6.7,6.6,6.8,83.5
156,C,1,1,7.1,7.0,8.6,8.8,85.8
156,D,1,1,7.6,9.9,7.3,4.6,82.3
157,A,1,0,7.9,6.4,6.2,6.3,61.3
157,B,1,1,8.7,9.2,5.8,6.7,84.0
157,C,0,1,6.6,6.6,6.0,9.6,64.7
157,D,1,0,7.5,9.5,8.3,5.5,68.0
158,A,1,1,7.1,4.6,5.0,5.8,70.8
158,B,1,0,7.1,7.6,6.3,5.5,60.8
158,C,1,1,4.6,8.8,3.9,6.6,73.2
158,D,1,0,6.6,6.3,8.0,6.4,62.2
159,A,1,1,7.5,6.7,8.2,8.8,85.3
159,B,0,1,7.6,6.8,7.6,7.6,66.0
159,C,1,1,6.8,7.8,7.3,6.4,80.5
159,D,1,1,6.6,7.3,5.0,7.7,77.7
160,A,0,1,6.3,6.7,3.9,6.2,55.2
160,B,0,1,8.5,6.7,5.2,7.8,63.7
160,C,0,1,8.0,8.5,7.2,7.0,67.8
160,D,1,0,6.0,6.1,8.3,6.7,61.8
161,A,0,1,4.7,6.3,5.8,5.9,54.5
161,B,1,0,7.6,6.2,7.7,6.8,63.8
161,C,1,0,5.5,6.5,2.9,7.4,53.8
161,D,1,0,8.0,7.0,8.5,6.5,66.7
162,A,0,1,6.8,4.6,9.3,6.7,62.3
162,B,1,1,8.1,6.5,9.0,6.2,83.0
162,C,1,0,6.7,5.5,5.7,6.7,57.7
162,D,1,1,6.9,7.7,5.2,5.6,75.7
163,A,1,0,4.9,6.4,6.4,7.9,59.3
163,B,1,1,7.8,7.2,6.2,7.0,80.3
163,C,1,1,6.6,9.1,6.4,7.8,83.2
163,D,0,0,6.1,7.6,5.7,8.9,47.2
164,A,0,1,7.5,7.1,8.3,5.0,63.2
164,B,1,1,8.6,9.4,5.8,6.5,83.8
164,C,1,1,7.0,5.7,6.4,5.6,74.5
164,D,0,0,9.7,6.8,7.1,7.6,52.0
165,A,0,0,5.5,6.5,8.4,5.5,43.2
165,B,1,1,8.9,7.3,6.3,6.2,81.2
165,C,1,1,6.8,5.0,5.3,9.8,78.2
165,D,1,1,5.9,9.2,5.6,5.2,76.5
166,A,0,1,6.0,5.7,6.6,7.3,59.3
166,B,0,0,7.9,8.9,5.2,5.5,45.8
166,C,1,1,7.9,6.6,6.6,5.6,77.8
166,D,1,1,8.7,9.9,7.0,4.8,84.0
167,A,1,1,6.8,4.9,6.7,6.4,74.7
167,B,0,1,6.2,6.6,8.4,5.2,60.7
167,C,1,0,8.5,5.7,6.6,7.1,63.2
167,D,0,1,9.4,5.5,7.2,5.5,62.7
168,A,0,0,4.8,4.5,6.1,4.5,33.2
168,B,1,1,6.2,8.4,6.6,7.5,81.2
168,C,0,0,5.9,5.9,5.9,6.7,40.7
168,D,1,0,7.9,8.0,8.5,4.1,64.2
169,A,1,0,6.7,7.6,4.9,7.5,61.2
169,B,0,0,6.5,10,5.1,8.2,49.7
169,C,1,1,3.9,5.8,6.5,7.5,72.8
169,D,0,1,7.3,7.5,10,6.7,69.2
170,A,1,1,4.8,3.4,9.7,6.5,74.0
170,B,1,1,8.7,7.1,5.5,5.4,77.8
170,C,1,1,7.8,9.2,4.3,9.1,84.0
170,D,1,0,5.5,8.3,7.0,5.7,60.8
171,A,1,1,8.3,5.9,7.2,6.5,79.8
171,B,1,1,6.1,6.9,7.9,6.5,79.0
171,C,1,1,8.5,8.7,4.8,6.8,81.3
171,D,1,1,7.7,8.2,7.5,4.9,80.5
172,A,0,0,6.7,5.2,10,6.8,47.8
172,B,1,1,5.8,6.8,6.2,5.4,73.7
172,C,0,1,6.5,5.3,7.7,9.9,65.7
172,D,0,0,7.5,8.6,8.1,7.5,52.8
173,A,0,0,4.3,4.5,6.6,7.3,37.8
173,B,1,1,8.9,9.1,8.9,9.1,93.3
173,C,1,0,5.6,6.5,7.3,10,65.7
173,D,0,1,7.2,8.1,7.7,7.4,67.3
174,A,1,0,6.6,4.8,6.1,5.7,55.3
174,B,1,1,8.6,7.4,9.5,7.2,87.8
174,C,0,1,7.0,6.0,5.2,7.5,59.5
174,D,0,0,7.8,7.6,7.5,7.4,50.5
175,A,1,0,5.9,7.4,5.4,5.9,57.7
175,B,1,0,5.9,6.6,6.1,7.0,59.3
175,C,1,1,4.2,7.2,4.6,6.4,70.7
175,D,1,1,6.7,9.6,6.9,6.3,82.5
176,A,0,1,6.3,4.3,8.8,4.3,56.2
176,B,1,1,7.5,8.4,6.5,7.4,83.0
176,C,0,1,6.7,7.9,5.5,7.2,62.2
176,D,0,1,7.0,4.9,8.1,5.5,59.2
177,A,1,1,6.1,5.5,6.6,8.0,77.0
177,B,1,1,8.7,7.8,5.3,5.8,79.3
177,C,1,0,6.6,5.5,7.2,4.9,57.0
177,D,1,0,6.7,7.6,6.3,5.1,59.5
178,A,1,0,9.0,5.5,7.0,6.1,62.7
178,B,0,1,5.3,8.2,8.4,7.6,65.8
178,C,0,1,6.3,4.4,6.2,7.2,56.8
178,D,0,1,5.4,4.8,9.1,5.6,58.2
179,A,1,1,8.2,5.5,7.1,6.6,79.0
179,B,0,1,4.6,9.6,6.1,5.3,59.3
179,C,0,0,7.6,9.5,3.9,8.5,49.2
179,D,1,1,8.7,9.1,7.2,4.3,82.2
180,A,1,0,7.1,5.7,7.4,7.1,62.2
180,B,0,1,7.6,7.7,9.6,6.5,69.0
180,C,1,1,6.1,8.6,4.8,7.3,78.0
180,D,0,1,8.8,5.8,7.6,6.4,64.3
181,A,1,1,6.9,4.5,6.5,8.2,76.8
181,B,1,1,6.9,7.0,5.8,7.9,79.3
181,C,1,0,5.3,7.3,6.3,7.5,60.7
181,D,0,1,6.9,7.7,4.9,6.7,60.3
182,A,0,1,6.8,3.5,5.1,4.4,49.7
182,B,1,1,6.1,7.6,9.1,5.5,80.5
182,C,1,1,6.9,7.3,7.1,7.6,81.5
182,D,0,0,5.1,7.4,5.1,6.4,40.0
183,A,0,0,6.0,6.9,5.6,5.7,40.3
183,B,0,1,8.5,7.0,6.3,6.1,63.2
183,C,1,1,6.5,5.5,7.1,7.6,77.8
183,D,1,1,7.0,7.9,7.2,6.3,80.7
184,A,1,1,5.4,7.5,6.2,7.6,77.8
184,B,0,1,7.8,7.5,6.6,4.7,61.0
184,C,0,0,7.6,8.2,5.9,8.5,50.3
184,D,1,1,7.9,7.1,7.0,5.9,79.8
185,A,1,1,4.7,7.8,8.0,5.5,76.7
185,B,1,0,6.0,7.6,8.2,8.3,66.8
185,C,1,0,9.0,6.1,7.4,8.6,68.5
185,D,0,1,7.6,7.5,6.5,5.4,61.7
186,A,0,0,3.0,5.9,7.1,6.2,37.0
186,B,1,1,7.8,8.2,6.2,5.4,79.3
186,C,1,0,7.1,7.7,9.6,9.5,73.2
186,D,0,1,6.6,7.5,3.1,3.7,51.5
187,A,1,1,4.7,8.0,9.5,7.1,82.2
187,B,1,0,7.7,6.3,7.1,7.7,64.7
187,C,1,0,6.0,8.5,7.1,7.3,64.8
187,D,0,1,6.7,7.1,6.0,5.4,58.7
188,A,0,0,5.6,6.1,6.0,7.2,41.5
188,B,1,1,7.3,6.5,5.5,6.5,76.3
188,C,0,1,7.9,6.8,5.5,6.4,61.0
188,D,1,1,5.7,7.6,7.9,5.3,77.5
189,A,1,0,5.8,6.6,8.3,3.7,57.3
189,B,1,1,8.7,9.7,6.8,5.5,84.5
189,C,1,1,4.6,7.2,5.8,6.3,73.2
189,D,1,1,6.6,7.8,2.7,5.8,71.5
190,A,0,1,8.2,7.4,6.0,7.4,65.0
190,B,1,1,6.2,8.5,8.3,8.1,85.2
190,C,1,0,5.7,6.4,6.7,9.2,63.3
190,D,0,0,7.3,8.1,6.7,4.0,43.5
191,A,1,0,6.7,5.4,5.8,8.0,59.8
191,B,0,1,5.8,9.5,6.1,5.9,62.2
191,C,1,1,5.6,7.5,8.8,8.9,84.7
191,D,1,1,7.7,9.2,6.3,4.9,80.2
192,A,1,0,6.1,4.6,5.9,6.1,54.5
192,B,1,1,5.9,10,6.2,4.8,78.2
192,C,0,1,9.5,5.8,5.1,7.0,62.3
192,D,1,1,7.3,8.1,5.4,5.6,77.3
193,A,1,0,7.7,6.0,5.8,9.1,64.3
193,B,1,1,7.2,5.9,8.7,7.2,81.7
193,C,1,1,8.2,5.9,6.3,7.1,79.2
193,D,0,1,6.3,6.9,7.9,6.0,61.8
194,A,0,1,4.8,4.1,5.4,7.5,53.0
194,B,1,1,7.3,7.7,8.0,4.7,79.5
194,C,0,0,6.5,6.5,2.8,6.2,36.7
194,D,1,1,7.1,8.7,7.8,4.6,80.3
195,A,0,1,7.2,4.7,6.3,7.6,59.7
195,B,1,0,8.4,8.1,7.0,6.5,66.7
195,C,0,0,9.4,6.6,6.4,6.2,47.7
195,D,1,1,8.1,6.5,6.7,6.3,79.3
196,A,1,0,8.7,5.6,6.6,5.1,60.0
196,B,1,0,7.1,7.1,8.6,8.0,68.0
196,C,1,1,6.4,6.8,6.5,7.9,79.3
196,D,1,1,9.3,7.0,9.3,7.3,88.2
197,A,1,1,5.3,5.4,8.6,6.7,76.7
197,B,0,0,7.8,9.3,6.9,7.0,51.7
197,C,1,1,7.4,8.2,5.2,7.1,79.8
197,D,0,0,7.6,6.1,5.8,4.0,39.2
198,A,0,0,7.4,6.7,7.3,6.6,46.7
198,B,1,1,7.1,8.9,5.9,5.9,79.7
198,C,1,0,7.5,5.8,5.7,7.7,61.2
198,D,0,0,7.3,6.5,5.1,7.2,43.5
199,A,0,0,4.1,4.3,5.3,5.5,32.0
199,B,1,1,8.9,9.6,7.1,10,92.7
199,C,0,1,5.7,5.2,6.4,8.3,59.3
199,D,0,1,7.7,10,7.5,6.2,69.0
200,A,1,0,7.5,5.3,7.8,5.5,60.2
200,B,1,1,8.4,5.5,10,4.3,80.3
200,C,1,0,7.8,6.6,6.6,7.1,63.5
200,D,0,1,8.6,6.0,6.3,8.6,65.8
201,A,1,1,6.5,7.0,6.2,4.0,72.8
201,B,1,0,7.2,8.9,7.0,5.0,63.5
201,C,0,1,7.9,5.1,6.6,7.0,61.0
201,D,0,0,7.0,8.7,6.3,6.8,48.0
202,A,0,0,8.1,7.5,8.5,6.9,51.7
202,B,0,0,8.9,7.3,5.3,5.6,45.2
202,C,1,1,5.6,6.3,7.4,9.9,82.0
202,D,1,1,5.4,7.6,5.3,6.9,75.3
203,A,0,1,4.4,7.1,8.4,5.8,59.5
203,B,1,1,5.5,5.5,7.0,5.8,73.0
203,C,0,1,6.8,8.3,6.4,7.5,65.0
203,D,1,1,4.7,7.0,6.6,4.5,71.3
204,A,1,0,6.8,6.0,7.9,5.0,59.5
204,B,0,0,6.1,8.4,6.8,5.7,45.0
204,C,1,0,6.5,5.4,6.8,6.9,59.3
204,D,0,1,8.0,8.5,7.5,5.1,65.2
205,A,1,1,7.5,6.6,7.5,6.6,80.3
205,B,0,0,9.1,9.3,6.3,8.1,54.7
205,C,0,1,7.6,10,6.4,8.7,71.2
205,D,1,1,6.4,7.2,8.2,8.7,84.2
206,A,1,1,7.1,3.8,6.2,7.3,74.0
206,B,1,1,9.1,9.9,7.6,7.1,89.5
206,C,0,0,6.3,6.0,5.1,8.2,42.7
206,D,1,1,6.7,6.7,4.5,6.8,74.5
207,A,1,0,6.6,6.4,7.4,6.5,61.5
207,B,1,0,9.9,8.0,8.9,5.6,70.7
207,C,1,1,6.7,9.4,6.1,6.6,81.3
207,D,0,0,7.0,6.5,7.3,5.2,43.3
208,A,0,1,6.2,4.2,6.5,6.0,54.8
208,B,1,1,7.5,8.4,6.8,6.8,82.5
208,C,0,0,7.3,7.4,9.9,8.9,55.8
208,D,0,1,8.0,7.0,8.3,5.5,64.7
209,A,1,1,5.0,3.8,7.4,5.4,69.3
209,B,1,0,8.2,8.7,6.8,5.2,64.8
209,C,1,1,6.1,8.2,5.5,5.3,75.2
209,D,1,0,5.5,8.8,6.4,6.8,62.5
210,A,1,0,5.3,5.8,4.7,5.6,52.3
210,B,0,1,9.0,8.5,8.3,7.7,72.5
210,C,0,1,6.4,7.6,6.6,9.3,66.5
210,D,1,1,7.2,5.1,6.9,7.1,77.2
211,A,0,0,7.0,7.2,6.6,9.0,49.7
211,B,1,1,7.7,6.1,7.7,6.6,80.2
211,C,0,0,4.8,7.3,6.4,7.4,43.2
211,D,1,0,7.1,9.2,6.7,5.8,64.7
212,A,1,1,6.8,8.0,4.7,6.9,77.3
212,B,1,1,9.2,8.6,7.0,6.3,85.2
212,C,1,1,7.2,5.3,7.1,5.6,75.3
212,D,0,0,7.8,4.9,7.2,7.4,45.5
213,A,1,0,4.5,5.5,7.1,4.3,52.3
213,B,1,1,8.4,6.8,7.1,7.0,82.2
213,C,0,1,6.2,8.0,8.9,6.7,66.3
213,D,1,0,8.9,6.0,7.3,6.5,64.5
214,A,0,1,6.0,5.7,7.2,7.9,61.3
214,B,1,1,7.6,8.1,7.0,7.8,84.2
214,C,0,1,6.9,6.3,5.5,5.1,56.3
214,D,0,1,6.1,5.8,7.4,6.7,60.0
215,A,1,0,7.7,8.3,4.8,7.3,63.5
215,B,1,1,5.9,8.4,5.0,6.0,75.5
215,C,1,1,8.6,8.3,5.7,7.6,83.7
215,D,1,1,10,6.9,7.6,5.6,83.5
216,A,1,0,4.5,4.9,4.4,6.1,49.8
216,B,1,1,6.5,8.8,6.7,6.2,80.3
216,C,1,1,5.3,6.5,3.6,8.9,73.8
216,D,1,1,7.7,8.8,7.0,8.7,87.0
217,A,0,1,5.8,7.2,5.2,6.3,57.5
217,B,0,1,9.0,5.8,7.5,4.8,61.8
217,C,0,1,6.6,3.9,4.3,6.7,52.5
217,D,0,0,8.4,6.9,6.5,2.7,40.8
218,A,1,0,6.0,5.4,6.8,5.6,56.3
218,B,1,1,7.4,6.9,6.5,6.2,78.3
218,C,1,0,7.8,9.2,6.8,5.0,64.7
218,D,0,1,8.1,7.7,6.7,7.0,65.8
219,A,1,1,6.9,6.8,7.3,6.5,79.2
219,B,1,0,6.7,6.7,7.6,7.7,64.5
219,C,1,0,7.3,6.9,5.8,6.8,61.3
219,D,1,1,7.2,7.7,6.5,9.2,84.3
220,A,0,1,6.5,7.2,6.5,4.2,57.3
220,B,1,1,7.6,7.6,6.3,6.1,79.3
220,C,1,0,4.1,7.5,4.4,7.2,55.3
220,D,1,0,7.9,10,7.3,4.3,65.8
221,A,1,1,7.7,5.5,7.7,4.8,76.2
221,B,0,1,7.1,7.2,6.2,6.5,61.7
221,C,0,1,6.9,5.1,5.2,4.6,53.0
221,D,0,0,5.4,7.6,6.3,4.4,39.5
222,A,1,0,8.6,6.9,4.8,8.2,64.2
222,B,1,1,8.8,5.7,6.6,8.4,82.5
222,C,0,0,6.2,7.8,6.8,5.7,44.2
222,D,1,1,5.8,7.8,5.6,5.7,74.8
223,A,0,1,5.5,5.2,6.1,5.6,54.0
223,B,1,1,6.3,8.8,7.4,5.4,79.8
223,C,1,0,9.1,7.6,5.1,6.2,63.3
223,D,1,0,8.0,9.3,8.0,5.7,68.3
224,A,0,1,8.7,5.2,5.7,6.3,59.8
224,B,1,0,6.7,7.7,6.4,4.0,58.0
224,C,1,1,5.9,6.3,6.1,6.4,74.5
224,D,1,1,6.8,6.0,5.6,6.2,74.3
225,A,1,0,6.9,4.4,4.1,7.1,54.2
225,B,0,0,7.8,10,8.2,6.5,54.2
225,C,1,1,6.9,5.8,8.4,8.0,81.8
225,D,0,1,7.2,8.0,9.1,5.2,65.8
226,A,1,1,8.3,5.9,7.2,6.3,79.5
226,B,1,1,8.5,8.5,7.1,4.4,80.8
226,C,0,1,6.6,5.4,6.2,5.9,56.8
226,D,0,0,9.7,10,9.0,4.8,55.8
227,A,1,0,6.6,5.6,8.3,6.6,61.8
227,B,0,0,6.2,8.7,9.2,6.3,50.7
227,C,1,1,6.7,7.8,4.8,7.3,77.7
227,D,1,0,6.5,4.7,6.7,6.2,56.8
228,A,0,0,6.3,5.7,6.6,7.3,43.2
228,B,1,0,6.9,8.1,5.9,4.9,59.7
228,C,1,0,5.1,6.5,7.1,6.2,58.2
228,D,1,0,6.7,6.6,6.0,3.8,55.2
229,A,1,0,9.3,8.2,6.9,6.5,68.2
229,B,1,0,3.8,9.0,7.5,7.2,62.5
229,C,0,1,8.5,6.2,4.3,6.8,59.7
229,D,0,1,8.7,8.1,7.6,5.5,66.5
230,A,1,1,6.2,6.3,6.2,4.5,72.0
230,B,1,1,7.0,6.6,6.4,4.8,74.7
230,C,0,0,8.5,5.7,6.4,7.8,47.3
230,D,0,0,7.4,6.4,6.4,8.2,47.3
231,A,1,1,6.4,6.7,5.6,6.6,75.5
231,B,1,1,6.5,6.1,7.7,5.9,77.0
231,C,0,0,6.3,5.2,7.3,5.3,40.2
231,D,1,1,6.0,8.4,7.4,6.6,80.7
232,A,0,0,7.0,5.6,8.3,6.6,45.8
232,B,1,0,8.8,6.2,6.6,3.0,57.7
232,C,1,1,6.6,8.1,6.7,10,85.7
232,D,0,1,6.9,8.2,6.9,6.7,64.5
233,A,0,1,8.9,5.5,6.6,5.2,60.3
233,B,1,0,8.2,8.5,8.8,6.9,70.7
233,C,1,1,7.3,4.8,4.9,6.4,72.3
233,D,1,1,9.1,6.9,9.3,4.8,83.5
234,A,0,0,4.7,5.3,8.1,4.8,38.2
234,B,1,0,7.0,10,9.2,6.7,71.5
234,C,1,1,6.1,8.1,5.1,5.8,75.2
234,D,1,0,7.2,5.7,6.7,6.2,59.7
235,A,1,0,5.5,6.5,8.3,6.9,62.0
235,B,1,0,6.8,8.6,7.0,6.4,64.7
235,C,1,0,6.1,7.0,9.9,7.7,67.8
235,D,1,0,8.4,7.5,4.9,5.3,60.2
236,A,1,1,7.1,5.4,5.5,6.1,73.5
236,B,0,1,5.2,7.1,8.7,4.7,59.5
236,C,0,1,7.2,5.3,4.6,5.8,54.8
236,D,1,1,5.8,8.0,4.1,4.6,70.8
237,A,1,0,9.3,6.2,6.6,7.2,65.5
237,B,1,1,8.8,5.7,6.6,6.5,79.3
237,C,1,1,4.2,9.0,6.9,6.5,77.7
237,D,0,1,7.1,5.1,5.9,4.9,55.0
238,A,0,0,8.3,6.5,8.7,7.2,51.2
238,B,1,0,8.7,8.7,10,5.6,71.7
238,C,0,1,7.9,9.3,6.2,8.5,69.8
238,D,0,0,5.1,4.7,9.8,4.9,40.8
239,A,0,1,3.8,7.1,6.1,6.1,55.2
239,B,0,0,6.4,9.9,7.3,7.0,51.0
239,C,1,0,8.2,5.5,7.7,7.8,65.3
239,D,1,1,5.2,7.5,6.1,5.8,74.3
240,A,0,0,5.0,4.9,6.7,7.0,39.3
240,B,1,1,7.8,7.6,8.1,8.3,86.3
240,C,1,0,6.4,6.8,7.6,7.4,63.7
240,D,1,0,7.6,5.8,7.8,8.7,66.5
241,A,1,0,6.8,5.7,4.6,8.6,59.5
241,B,1,1,7.2,5.7,7.9,6.7,79.2
241,C,1,1,7.1,7.0,4.6,6.7,75.7
241,D,1,1,6.1,8.1,7.0,7.3,80.8
242,A,0,0,8.3,5.6,8.3,4.9,45.2
242,B,1,1,6.7,8.1,8.5,6.3,82.7
242,C,1,0,6.1,6.1,4.5,8.2,58.2
242,D,0,0,5.3,5.8,8.0,4.2,38.8
243,A,1,0,6.9,4.8,6.8,8.9,62.3
243,B,1,0,8.6,6.9,6.7,4.8,61.7
243,C,1,0,7.5,7.5,7.5,7.4,66.5
243,D,0,0,8.0,7.6,7.2,7.2,50.0
244,A,1,0,6.8,7.1,8.3,6.9,65.2
244,B,1,1,8.1,8.6,8.9,7.7,88.8
244,C,0,0,7.6,7.2,6.2,5.6,44.3
244,D,0,0,5.9,7.1,9.3,7.5,49.7
245,A,0,0,6.6,6.8,9.6,7.0,50.0
245,B,0,0,7.6,8.1,6.4,6.7,48.0
245,C,1,0,9.4,3.8,4.6,6.0,56.3
245,D,1,0,8.8,7.0,6.9,6.1,64.7
246,A,1,0,6.7,7.4,7.5,6.1,62.8
246,B,0,1,5.9,9.1,5.5,7.9,64.0
246,C,1,0,6.0,4.4,7.2,8.0,59.3
246,D,1,1,6.9,8.6,7.0,5.2,79.5
247,A,1,0,6.1,6.6,8.7,7.2,64.3
247,B,1,1,6.7,7.3,6.5,4.6,75.2
247,C,1,0,5.0,8.7,6.3,8.8,64.7
247,D,1,1,6.3,9.9,6.2,5.1,79.2
248,A,1,0,6.4,4.2,7.5,6.1,57.0
248,B,1,1,8.6,8.1,8.7,5.9,85.5
248,C,1,0,8.0,7.2,4.2,7.2,61.0
248,D,0,1,7.9,9.4,7.6,7.7,71.0
249,A,0,0,7.1,5.3,5.6,5.1,38.5
249,B,1,0,8.2,9.3,8.5,5.8,69.7
249,C,1,1,8.9,7.3,5.8,7.1,81.8
249,D,0,1,8.0,6.1,5.3,5.5,58.2
250,A,1,0,5.9,5.6,6.5,5.5,55.8
250,B,1,1,8.8,8.7,7.3,7.4,87.0
250,C,1,0,7.9,5.9,5.7,8.5,63.3
250,D,1,0,7.4,7.6,7.2,6.4,64.3
251,A,1,0,8.8,7.8,6.8,5.2,64.3
251,B,1,1,8.2,7.7,6.7,8.5,85.2
251,C,1,1,8.7,7.3,5.4,5.9,78.8
251,D,0,0,5.5,7.3,7.0,6.5,43.8
252,A,0,0,3.8,6.0,6.6,9.3,42.8
252,B,1,1,8.3,5.6,6.7,8.9,82.5
252,C,0,1,7.3,6.0,4.6,7.6,59.2
252,D,0,1,7.2,8.9,7.7,5.9,66.2
253,A,0,0,6.2,6.6,6.2,6.9,43.2
253,B,1,1,9.0,8.4,6.4,6.8,84.3
253,C,0,0,7.4,5.4,6.2,5.6,41.0
253,D,1,1,6.4,8.8,5.3,6.4,78.2
254,A,1,1,7.4,7.0,5.4,7.5,78.8
254,B,1,0,8.5,7.9,6.5,4.2,61.8
254,C,1,1,8.5,7.0,7.4,6.9,83.0
254,D,1,0,4.3,6.8,6.9,5.6,56.0
255,A,0,1,6.4,7.5,7.1,4.7,59.5
255,B,1,1,7.1,7.9,8.4,3.7,78.5
255,C,1,1,9.0,4.5,6.2,5.4,75.2
255,D,1,1,6.1,7.3,5.6,7.7,77.8
256,A,1,0,5.6,6.8,5.4,8.0,59.7
256,B,1,1,7.4,7.5,6.4,7.7,81.7
256,C,1,0,5.5,7.0,5.7,5.2,55.7
256,D,1,1,7.9,5.0,6.7,6.9,77.5
257,A,1,1,7.2,6.5,5.2,7.1,76.7
257,B,1,1,7.9,5.8,7.6,3.6,74.8
257,C,0,1,5.3,8.3,6.8,7.5,63.2
257,D,1,0,5.5,6.5,6.5,7.0,59.2
258,A,0,0,8.3,5.9,6.0,4.6,41.3
258,B,1,0,9.9,8.5,5.6,5.7,66.2
258,C,1,0,6.7,6.8,7.5,7.1,63.5
258,D,1,0,7.4,6.2,7.8,4.7,60.2
259,A,1,1,8.4,7.4,5.3,8.3,82.3
259,B,0,1,7.8,7.2,6.6,7.7,65.5
259,C,0,0,5.2,7.1,5.6,8.2,43.5
259,D,0,1,5.8,6.7,7.8,7.4,62.8
260,A,1,1,9.4,5.4,7.2,5.4,79.0
260,B,0,1,4.9,8.4,8.6,5.4,62.2
260,C,1,1,5.3,6.8,6.4,4.3,71.3
260,D,0,1,8.2,7.4,4.5,7.8,63.2
261,A,1,0,5.8,5.6,6.7,5.3,55.7
261,B,1,0,7.7,6.2,7.4,9.1,67.3
261,C,0,1,6.6,5.2,5.2,5.9,54.8
261,D,0,1,5.1,8.5,6.6,5.9,60.2
262,A,1,1,7.3,7.6,6.8,6.5,80.3
262,B,1,0,6.6,8.5,7.2,6.4,64.5
262,C,1,0,9.6,5.7,6.1,6.5,63.2
262,D,0,1,9.1,8.1,7.5,5.7,67.3
263,A,1,0,7.7,3.6,4.8,7.0,55.2
263,B,1,1,8.6,7.5,6.3,5.3,79.5
263,C,1,1,6.4,8.3,4.9,6.8,77.3
263,D,1,1,5.1,7.0,7.6,7.9,79.3
264,A,0,0,5.4,4.7,3.8,6.9,34.7
264,B,1,0,8.7,8.5,7.9,5.9,68.3
264,C,1,1,6.5,6.5,6.2,7.5,77.8
264,D,1,1,7.3,8.0,6.5,5.2,78.3
265,A,1,0,7.3,6.8,8.6,6.9,66.0
265,B,1,1,4.4,6.2,9.4,2.2,70.3
265,C,1,1,5.1,6.9,6.3,8.6,78.2
265,D,1,1,8.0,7.5,6.7,4.3,77.5
266,A,0,1,7.7,4.5,5.9,5.4,55.8
266,B,1,1,5.8,8.7,6.1,5.3,76.5
266,C,0,0,9.1,8.0,8.4,7.4,54.8
266,D,0,0,9.7,8.5,6.2,7.1,52.5
267,A,0,0,7.2,6.2,7.0,7.1,45.8
267,B,1,1,5.3,8.6,4.2,6.7,74.7
267,C,1,1,6.8,6.7,5.2,7.6,77.2
267,D,1,0,8.4,5.3,6.7,5.3,59.5
268,A,1,1,3.6,6.9,2.5,5.7,64.5
268,B,1,1,7.4,6.6,8.8,6.3,81.8
268,C,1,1,7.2,7.1,6.4,6.8,79.2
268,D,0,1,6.6,7.2,9.2,4.8,63.0
269,A,1,0,4.1,7.9,5.3,6.8,56.8
269,B,1,1,6.1,7.3,5.0,7.2,76.0
269,C,1,1,8.2,6.1,8.2,8.0,84.2
269,D,1,1,9.4,6.6,4.8,8.2,81.7
270,A,1,1,7.6,6.0,6.6,4.9,75.2
270,B,1,1,8.0,6.8,7.1,5.9,79.7
270,C,1,1,8.0,7.7,5.9,6.3,79.8
270,D,0,0,8.9,7.4,6.9,5.3,47.5
271,A,1,1,6.3,3.7,7.5,7.7,75.3
271,B,1,0,9.0,5.5,7.6,5.3,62.3
271,C,1,1,6.8,5.7,6.7,8.2,79.0
271,D,0,0,6.0,7.3,6.3,5.5,41.8
272,A,1,1,5.8,5.5,7.1,5.9,73.8
272,B,0,1,7.9,6.5,9.7,8.3,70.7
272,C,1,0,8.4,5.8,5.9,5.1,58.7
272,D,1,1,7.8,7.2,7.2,7.0,82.0
273,A,0,0,6.0,6.9,9.1,7.8,49.7
273,B,0,1,4.8,2.9,8.1,7.8,56.0
273,C,1,0,7.2,5.9,4.0,7.4,57.5
273,D,1,0,7.0,6.3,6.2,4.0,55.8
274,A,1,0,6.3,5.4,8.5,8.1,63.8
274,B,1,0,6.4,10.0,6.7,4.8,63.2
274,C,1,0,6.5,5.4,7.5,6.9,60.5
274,D,0,1,5.0,7.6,8.0,6.0,61.0
275,A,0,1,5.7,4.6,5.3,6.3,53.2
275,B,1,0,5.5,5.7,6.8,7.2,58.7
275,C,1,1,7.0,6.9,5.5,5.5,74.8
275,D,1,1,6.1,10,5.2,4.6,76.5
276,A,1,1,6.2,6.6,7.9,7.0,79.5
276,B,1,1,6.7,8.6,7.5,5.1,79.8
276,C,1,1,6.0,5.2,6.9,8.1,77.0
276,D,0,1,9.1,7.2,6.0,8.0,67.2
277,A,0,0,6.0,5.0,4.9,8.9,41.3
277,B,1,1,6.6,7.2,5.7,6.1,76.0
277,C,1,0,5.6,7.1,6.9,7.8,62.3
277,D,0,0,5.5,10.0,5.5,7.0,46.7
278,A,0,1,5.1,6.7,6.4,8.2,60.7
278,B,1,1,6.9,8.8,5.8,4.8,77.2
278,C,0,1,6.9,6.7,5.4,8.3,62.2
278,D,1,0,7.2,5.3,8.3,6.0,61.3
279,A,0,0,6.6,5.6,6.4,5.6,40.3
279,B,0,1,7.6,6.9,5.7,5.5,59.5
279,C,0,0,6.8,5.4,4.4,7.7,40.5
279,D,0,1,6.3,6.3,7.9,5.3,59.7
280,A,1,0,6.6,4.5,7.7,6.7,59.2
280,B,0,0,9.5,7.0,5.0,5.9,45.7
280,C,1,1,7.5,6.6,4.8,7.0,76.5
280,D,0,0,8.1,8.6,7.3,6.8,51.3
281,A,0,0,6.4,5.8,6.6,8.1,44.8
281,B,1,1,9.8,7.2,7.3,7.4,86.2
281,C,1,0,5.7,8.9,3.5,5.7,56.3
281,D,1,1,3.5,8.5,4.7,6.1,71.3
282,A,1,1,5.7,6.7,7.5,6.7,77.7
282,B,0,1,8.1,7.7,7.8,6.4,66.7
282,C,1,0,7.5,6.6,8.1,5.5,62.8
282,D,0,1,6.4,8.4,7.7,5.2,62.8
283,A,1,0,6.6,5.2,8.8,6.6,62.0
283,B,0,1,7.7,8.1,8.2,4.3,63.8
283,C,1,1,6.7,9.9,4.4,4.9,76.5
283,D,0,1,3.5,7.0,6.4,5.9,54.7
284,A,1,1,5.9,5.8,7.8,5.6,75.2
284,B,1,1,6.2,8.1,6.6,4.2,75.2
284,C,1,1,8.0,7.4,7.0,7.4,83.0
284,D,0,1,8.0,7.5,6.9,7.7,66.8
285,A,1,0,5.5,4.4,5.4,4.6,49.8
285,B,1,1,8.1,8.4,5.4,7.5,82.3
285,C,1,0,7.6,7.3,3.5,7.8,60.3
285,D,0,0,7.8,8.1,7.4,6.1,49.0
286,A,1,1,5.8,5.9,7.8,6.3,76.3
286,B,1,1,6.8,7.1,7.4,8.0,82.2
286,C,1,1,6.6,6.6,7.5,7.9,81.0
286,D,0,1,8.3,10,7.5,4.6,67.3
287,A,1,1,5.3,5.9,8.4,5.2,74.7
287,B,0,0,7.0,9.8,4.9,6.5,47.0
287,C,1,0,9.4,6.0,5.3,6.5,62.0
287,D,1,1,8.4,7.7,6.0,4.1,77.0
288,A,0,1,6.6,6.2,8.0,7.7,64.2
288,B,1,1,7.5,6.6,9.0,5.7,81.3
288,C,1,1,5.5,8.0,6.7,6.9,78.5
288,D,0,1,8.3,8.5,8.7,6.4,69.8
289,A,0,0,6.5,6.5,6.9,5.5,42.3
289,B,0,0,6.8,9.0,5.4,6.7,46.5
289,C,1,0,7.0,8.1,5.4,6.8,62.2
289,D,1,0,6.5,6.3,8.6,4.6,60.0
290,A,1,0,4.3,5.9,6.7,5.8,54.5
290,B,0,0,7.3,7.7,6.9,6.8,47.8
290,C,0,1,7.9,6.6,6.0,4.7,58.7
290,D,0,0,7.9,9.1,5.3,6.6,48.2
291,A,0,1,8.4,5.9,4.5,2.7,52.5
291,B,1,0,8.4,7.4,8.2,5.3,65.5
291,C,1,1,7.8,7.7,6.3,9.2,85.0
291,D,1,1,8.2,7.6,5.7,4.7,77.0
292,A,0,1,5.8,5.2,7.0,6.6,57.7
292,B,1,1,5.1,4.5,8.2,4.6,70.7
292,C,0,1,7.7,4.3,7.3,6.4,59.5
292,D,1,1,6.9,8.1,6.9,8.3,83.7
293,A,1,0,4.9,4.9,4.7,6.4,51.5
293,B,1,1,7.0,9.0,5.1,6.3,79.0
293,C,1,1,7.1,5.7,4.7,7.8,75.5
293,D,1,1,9.7,6.1,7.9,5.8,82.5
294,A,0,1,5.4,6.9,7.8,8.0,63.5
294,B,1,1,7.6,8.7,5.5,5.2,78.3
294,C,1,1,6.4,5.9,5.9,5.8,73.3
294,D,1,0,9.4,6.9,5.1,3.3,57.8
295,A,0,1,7.6,5.4,6.8,4.6,57.3
295,B,0,1,9.1,6.6,5.9,4.5,60.2
295,C,1,0,5.1,5.5,3.7,8.3,54.3
295,D,0,1,7.3,8.9,6.5,6.3,65.0
296,A,1,1,9.0,8.2,6.3,4.4,79.8
296,B,1,1,8.6,5.9,6.4,5.3,77.0
296,C,1,1,8.4,6.3,1.7,6.3,71.2
296,D,0,0,7.6,8.0,6.4,6.5,47.5
297,A,1,0,5.4,5.5,7.1,6.7,57.8
297,B,1,1,7.7,9.1,6.5,4.9,80.3
297,C,1,1,6.7,7.5,6.6,7.4,80.3
297,D,0,1,8.4,8.3,8.0,6.7,69.0
298,A,1,1,6.3,5.6,5.9,6.9,74.5
298,B,0,1,8.8,8.4,7.1,7.0,68.8
298,C,1,0,9.9,7.1,4.4,6.3,62.8
298,D,0,1,6.3,8.6,6.8,3.4,58.5
299,A,1,0,7.6,6.5,7.4,8.1,66.0
299,B,1,0,7.9,9.4,6.7,6.6,67.7
299,C,1,1,5.8,6.1,6.6,6.0,74.2
299,D,0,1,6.3,5.6,10,5.5,62.3
300,A,1,1,9.3,4.2,7.1,4.7,75.5
300,B,0,1,6.2,7.8,7.2,6.8,63.3
300,C,1,0,7.8,5.6,7.0,5.9,60.5
300,D,0,1,7.4,7.4,7.3,5.3,62.3
301,A,1,0,7.5,3.1,6.1,6.0,54.5
301,B,0,0,8.0,8.3,6.6,5.5,47.3
301,C,1,1,7.2,6.6,9.2,9.7,87.8
301,D,1,0,5.5,6.3,8.6,4.6,58.3
302,A,1,1,9.3,6.8,6.9,7.4,84.0
302,B,1,1,7.3,8.9,9.2,7.0,87.3
302,C,1,0,6.8,7.7,6.7,6.9,63.5
302,D,1,1,7.9,4.5,5.1,5.5,71.7
303,A,1,1,8.7,3.9,6.6,6.1,75.5
303,B,1,1,8.1,9.2,9.5,7.7,90.8
303,C,1,1,5.9,3.4,7.1,6.7,71.8
303,D,1,1,6.4,8.4,9.1,6.3,83.7
304,A,1,1,5.9,5.2,5.1,6.3,70.8
304,B,1,1,7.6,7.8,6.7,4.2,77.2
304,C,0,0,7.1,7.0,6.1,5.5,42.8
304,D,0,1,7.7,9.4,6.5,5.0,64.3
305,A,1,0,8.2,3.9,6.4,7.4,59.8
305,B,1,1,6.7,7.3,7.8,6.6,80.7
305,C,0,0,5.0,6.6,7.2,7.8,44.3
305,D,0,0,4.3,6.5,4.7,4.3,33.0
306,A,1,1,5.5,4.0,4.3,5.8,66.0
306,B,1,1,5.9,8.9,9.8,7.3,86.5
306,C,1,0,5.3,6.6,6.1,7.3,58.8
306,D,0,0,5.8,6.0,5.5,6.4,39.5
307,A,1,1,6.0,5.8,5.7,7.6,75.2
307,B,1,1,6.2,9.4,5.6,5.1,77.2
307,C,1,1,8.2,7.2,5.2,7.0,79.3
307,D,1,1,5.9,7.8,7.2,4.1,75.0
308,A,1,1,5.7,6.7,8.2,6.9,79.2
308,B,1,1,8.2,8.3,6.0,9.4,86.5
308,C,1,1,8.7,5.8,5.1,7.8,79.0
308,D,1,0,6.4,8.3,7.5,9.4,69.3
309,A,1,1,7.3,6.9,8.0,7.8,83.3
309,B,1,1,6.1,9.4,8.9,7.0,85.7
309,C,1,0,5.9,7.1,6.9,8.2,63.5
309,D,0,1,9.8,7.6,6.6,5.8,66.3
310,A,1,1,5.8,8.1,7.2,9.0,83.5
310,B,1,1,7.2,6.7,6.3,5.5,76.2
310,C,1,0,8.1,6.3,7.5,7.6,65.8
310,D,1,1,8.1,4.8,5.3,4.5,71.2
311,A,1,0,8.1,7.6,6.9,6.3,64.8
311,B,0,0,7.8,5.4,7.3,6.0,44.2
311,C,1,1,7.1,6.4,5.3,7.7,77.5
311,D,1,0,5.6,6.1,5.7,5.0,54.0
312,A,1,1,5.0,6.2,7.6,7.1,76.5
312,B,0,1,7.1,9.5,5.7,5.8,63.5
312,C,1,0,8.6,5.8,6.8,8.5,66.2
312,D,1,0,6.5,6.8,5.6,7.1,60.0
313,A,0,0,6.3,6.6,6.2,3.5,37.7
313,B,0,1,9.4,7.6,6.2,8.1,68.8
313,C,1,0,8.0,7.1,8.2,8.1,69.0
313,D,1,0,8.6,7.3,4.0,7.2,61.8
314,A,1,0,5.4,4.5,6.2,7.8,56.5
314,B,0,0,6.7,7.8,10,7.5,53.3
314,C,1,1,6.9,7.9,6.0,6.3,78.5
314,D,1,1,8.1,9.7,7.1,8.8,89.5
315,A,0,0,6.7,5.8,6.7,5.0,40.3
315,B,1,0,6.6,9.0,7.5,7.3,67.3
315,C,0,0,7.6,9.3,7.7,7.2,53.0
315,D,1,0,8.3,8.7,6.3,7.1,67.3
316,A,1,0,4.8,6.4,4.7,5.3,52.0
316,B,0,0,7.1,7.9,6.9,5.5,45.7
316,C,1,0,7.0,4.7,5.1,5.9,54.5
316,D,1,0,7.4,7.6,5.4,7.5,63.2
317,A,0,0,8.1,5.5,6.3,7.8,46.2
317,B,1,1,6.5,9.5,7.9,6.8,84.5
317,C,1,1,7.2,6.8,6.1,4.7,74.7
317,D,0,0,8.2,9.8,7.6,5.0,51.0
318,A,1,0,5.1,6.3,7.7,6.2,58.8
318,B,1,1,9.2,8.0,7.1,7.1,85.7
318,C,1,1,5.9,6.5,6.9,5.2,74.2
318,D,0,1,6.0,6.1,4.7,4.3,51.8
319,A,1,0,7.9,8.2,5.5,6.1,62.8
319,B,1,1,6.1,5.8,6.1,7.7,76.2
319,C,1,1,8.0,7.7,5.3,7.0,80.0
319,D,0,0,7.0,6.9,6.1,4.7,41.2
320,A,0,0,5.4,5.6,9.0,2.5,37.5
320,B,0,1,7.4,5.6,7.2,7.5,62.8
320,C,0,1,7.0,8.3,7.6,7.6,67.5
320,D,1,0,7.6,7.5,8.2,4.6,63.2
321,A,1,1,5.8,5.9,7.7,5.9,75.5
321,B,1,0,6.8,8.0,5.4,5.3,59.2
321,C,1,0,6.7,7.2,5.4,6.7,60.0
321,D,0,1,7.5,7.6,5.5,5.5,60.2
322,A,0,1,6.2,4.4,4.6,7.1,53.8
322,B,1,1,9.7,8.4,6.0,6.9,85.0
322,C,0,0,6.8,5.4,6.9,6.9,43.3
322,D,0,0,5.5,7.8,7.2,5.0,42.5
323,A,1,0,6.8,6.2,6.1,10,65.2
323,B,1,0,6.8,9.2,6.1,6.8,64.8
323,C,1,0,8.1,7.7,6.0,7.4,65.3
323,D,1,0,8.5,7.1,6.2,3.9,59.5
324,A,1,0,5.9,6.9,6.6,5.6,58.3
324,B,1,1,9.5,6.7,7.6,5.2,81.7
324,C,1,0,7.3,7.3,6.4,8.3,65.5
324,D,1,1,6.2,5.5,5.4,4.7,69.7
325,A,1,0,7.3,6.0,9.0,8.0,67.2
325,B,0,1,9.9,6.8,5.4,5.8,63.2
325,C,1,0,7.4,8.3,7.7,7.0,67.3
325,D,0,1,9.3,9.5,7.2,4.4,67.3
326,A,0,0,7.6,5.3,6.3,6.3,42.5
326,B,0,1,8.0,7.8,8.3,6.5,67.7
326,C,1,0,6.6,6.3,6.4,9.4,64.5
326,D,1,0,7.7,7.7,5.1,5.6,60.2
327,A,0,1,6.2,5.1,7.7,4.7,56.2
327,B,1,1,8.3,6.7,6.6,7.3,81.5
327,C,0,0,8.3,8.2,8.0,4.5,48.3
327,D,1,1,9.4,5.6,6.4,6.4,79.7
328,A,0,0,6.1,4.4,6.9,7.2,41.0
328,B,1,1,7.2,6.8,6.5,6.8,78.8
328,C,0,1,7.9,6.2,6.5,8.4,65.0
328,D,1,0,6.9,7.9,6.2,6.8,63.0
329,A,1,1,3.4,6.3,7.6,5.7,71.7
329,B,1,0,8.2,7.9,7.7,4.9,64.5
329,C,0,1,7.0,6.5,6.4,7.4,62.2
329,D,1,1,9.4,6.5,6.5,9.4,86.3
330,A,1,1,7.5,6.4,6.6,4.6,75.2
330,B,0,1,9.4,8.7,6.3,5.2,66.0
330,C,1,0,3.4,6.0,3.8,8.2,52.3
330,D,0,1,7.8,5.8,4.7,5.9,57.0
331,A,0,0,5.5,6.5,9.2,5.9,45.2
331,B,1,1,5.7,7.7,7.5,6.4,78.8
331,C,1,1,7.2,6.5,5.2,7.8,77.8
331,D,1,1,6.4,8.8,7.3,5.6,80.2
332,A,0,1,4.7,4.5,7.0,5.7,53.2
332,B,1,0,6.6,5.4,7.9,7.2,61.8
332,C,1,1,8.1,7.0,4.2,6.9,77.0
332,D,1,1,7.0,6.9,6.6,5.0,75.8
333,A,0,0,8.2,5.2,7.9,5.9,45.3
333,B,1,1,8.7,6.0,7.1,4.4,77.0
333,C,1,0,8.3,6.3,6.8,7.5,64.8
333,D,0,0,6.8,8.1,9.0,5.5,49.0
334,A,1,1,7.1,5.7,5.9,7.1,76.3
334,B,1,1,7.6,7.5,6.8,7.6,82.5
334,C,1,1,5.3,7.0,6.9,5.9,75.2
334,D,1,0,5.1,7.3,8.5,6.5,62.3
335,A,1,0,6.5,3.6,7.5,7.2,58.0
335,B,1,1,7.7,10,7.1,6.0,84.7
335,C,1,1,6.0,7.7,6.3,7.2,78.7
335,D,0,1,8.0,7.7,9.7,4.9,67.2
336,A,0,1,5.9,5.2,6.2,5.8,55.2
336,B,1,0,6.9,6.9,8.3,4.2,60.5
336,C,1,0,7.3,7.2,6.1,8.6,65.3
336,D,1,0,8.3,9.8,6.3,3.8,63.7
337,A,1,1,9.7,9.5,5.6,7.9,87.8
337,B,1,1,5.9,8.2,7.9,7.6,82.7
337,C,1,1,4.2,6.1,5.8,5.5,69.3
337,D,1,1,6.7,6.2,5.9,5.7,74.2
338,A,1,1,6.5,5.8,6.1,6.9,75.5
338,B,0,0,8.3,6.0,6.6,6.8,46.2
338,C,0,1,8.0,8.0,4.2,5.3,59.2
338,D,0,1,6.3,7.1,8.1,6.2,62.8
339,A,1,1,5.8,6.2,6.7,6.4,75.2
339,B,1,0,6.3,7.8,7.2,5.0,60.5
339,C,1,1,6.1,5.2,6.6,9.5,79.0
339,D,0,1,7.5,6.5,6.8,5.6,60.7
340,A,1,0,7.5,5.6,4.7,7.3,58.5
340,B,0,1,8.8,7.6,8.8,5.4,67.7
340,C,0,1,4.3,9.5,5.5,7.7,61.7
340,D,1,1,5.1,7.4,5.8,6.7,75.0
341,A,1,1,7.2,5.1,5.5,7.7,75.8
341,B,1,0,5.6,7.5,8.7,9.0,68.0
341,C,1,0,7.6,5.6,8.0,5.9,61.8
341,D,1,1,6.0,7.1,8.1,4.7,76.5
342,A,0,1,6.0,8.8,6.7,5.1,61.0
342,B,1,0,7.6,7.8,8.1,6.3,66.3
342,C,1,1,5.9,9.9,4.7,7.5,80.0
342,D,0,0,7.7,7.1,5.2,5.6,42.7
343,A,0,1,5.3,5.0,6.6,8.2,58.5
343,B,0,1,8.9,7.9,6.3,5.8,64.8
343,C,1,1,5.2,7.5,6.0,7.8,77.5
343,D,0,0,8.6,6.1,5.4,6.6,44.5
344,A,1,0,6.9,8.8,4.5,7.6,63.0
344,B,1,0,8.8,7.8,5.6,6.2,64.0
344,C,1,1,7.9,7.6,5.0,7.8,80.5
344,D,1,0,6.4,6.2,7.4,5.0,58.3
345,A,1,0,7.1,4.3,6.7,7.1,58.7
345,B,0,1,9.0,7.6,8.7,8.0,72.2
345,C,1,0,6.5,7.7,5.8,7.7,62.8
345,D,0,0,9.4,7.7,7.3,6.8,52.0
346,A,0,0,5.3,5.4,7.5,5.3,39.2
346,B,1,0,5.7,5.8,8.6,5.4,59.2
346,C,0,0,8.7,7.0,6.4,7.6,49.5
346,D,1,1,6.7,9.0,6.3,7.6,82.7
347,A,0,0,6.6,9.0,7.5,5.5,47.7
347,B,1,1,6.1,6.8,6.9,5.4,75.3
347,C,1,0,7.6,7.3,7.4,6.0,63.8
347,D,1,1,7.2,7.7,7.3,7.6,83.0
348,A,1,1,8.0,4.5,6.8,7.1,77.3
348,B,0,1,7.9,8.2,5.0,6.7,63.0
348,C,1,0,7.1,5.3,5.1,8.9,60.7
348,D,1,1,8.4,7.4,6.2,6.7,81.2
349,A,0,1,7.8,7.1,5.8,5.0,59.5
349,B,1,0,8.3,8.2,8.2,7.4,70.2
349,C,1,0,7.6,7.6,6.8,7.3,65.5
349,D,1,1,7.2,3.4,4.8,3.3,64.5
350,A,0,0,6.7,6.6,7.8,9.5,51.0
350,B,1,1,7.5,7.8,6.0,7.9,82.0
350,C,1,0,5.7,8.6,8.4,7.2,66.5
350,D,0,1,7.4,4.0,6.6,6.8,58.0
351,A,1,0,5.5,6.6,8.1,5.8,60.0
351,B,1,1,6.3,7.9,6.2,7.0,79.0
351,C,1,0,6.7,7.0,5.0,9.3,63.3
351,D,1,1,4.8,6.8,6.5,7.5,76.0
352,A,0,1,6.4,4.9,6.0,7.0,57.2
352,B,0,1,7.8,8.4,5.7,6.3,63.7
352,C,1,0,7.9,7.9,4.8,8.7,65.5
352,D,1,1,5.6,7.2,8.7,6.0,79.2
353,A,1,0,5.4,5.8,7.8,7.6,61.0
353,B,1,0,9.1,9.6,8.6,6.9,73.7
353,C,0,1,5.8,6.2,8.5,7.0,62.5
353,D,1,0,6.0,7.5,8.7,7.3,65.8
354,A,0,0,8.4,5.5,7.4,7.1,47.3
354,B,1,1,6.3,6.7,7.4,6.4,78.0
354,C,1,0,8.2,10,7.0,6.1,68.8
354,D,1,1,6.5,6.6,5.4,4.6,71.8
355,A,0,0,7.2,7.3,6.0,7.3,46.3
355,B,1,0,6.7,6.7,7.0,7.1,62.5
355,C,0,1,7.8,7.9,4.3,6.2,60.3
355,D,1,1,5.9,9.8,6.4,5.9,80.0
356,A,0,0,5.1,7.8,7.0,7.6,45.8
356,B,1,1,7.4,5.4,9.3,5.8,79.8
356,C,1,1,7.7,5.7,3.8,6.8,73.3
356,D,0,1,5.8,7.9,5.4,3.9,55.0
357,A,1,1,6.0,4.4,4.6,7.5,70.8
357,B,1,1,9.3,6.1,7.5,6.4,82.2
357,C,0,0,6.4,6.9,7.3,6.8,45.7
357,D,0,1,6.3,6.2,10.0,5.9,64.0
358,A,1,1,5.8,6.2,7.4,6.5,76.5
358,B,0,1,6.7,6.8,7.4,7.6,64.2
358,C,0,1,9.5,5.3,7.6,8.8,68.7
358,D,1,1,6.0,8.3,7.9,4.8,78.3
359,A,1,0,8.2,4.3,4.5,5.4,54.0
359,B,1,1,9.2,6.4,6.8,8.2,84.3
359,C,1,1,7.2,7.1,5.6,7.9,79.7
359,D,1,0,8.4,7.5,7.8,6.5,67.0
360,A,1,0,7.1,4.7,9.2,7.5,64.2
360,B,0,1,8.7,7.4,6.1,6.6,64.7
360,C,1,0,8.1,7.5,8.5,6.5,67.7
360,D,0,1,6.4,8.7,5.6,7.3,63.3
361,A,1,0,6.4,6.6,5.3,8.1,60.7
361,B,1,1,6.6,8.4,5.5,5.7,77.0
361,C,1,0,7.9,6.5,2.9,7.8,58.5
361,D,0,1,8.1,5.9,8.7,8.4,68.5
362,A,1,0,6.0,6.3,6.8,7.1,60.3
362,B,0,0,6.0,8.4,7.6,7.8,49.7
362,C,1,0,10,6.8,5.5,6.8,65.2
362,D,0,0,7.9,7.8,5.8,8.6,50.2
363,A,1,1,5.4,7.0,7.1,6.3,76.3
363,B,0,0,9.4,9.4,5.6,6.2,51.0
363,C,1,1,7.7,6.6,6.5,8.8,82.7
363,D,1,0,10,8.2,8.1,5.1,69.0
364,A,1,1,7.9,7.4,7.0,7.7,83.3
364,B,1,1,7.0,7.7,6.2,5.9,78.0
364,C,1,1,8.4,4.0,5.4,7.4,75.3
364,D,1,0,9.0,7.2,8.7,5.3,67.0
365,A,1,1,7.3,6.2,7.0,5.1,76.0
365,B,1,1,6.9,4.8,8.0,7.5,78.7
365,C,0,1,5.2,9.0,7.1,9.6,68.2
365,D,1,0,6.9,7.6,6.4,5.0,59.8
366,A,1,1,7.7,3.7,7.1,5.7,73.7
366,B,0,0,7.4,5.1,6.0,6.6,41.8
366,C,1,0,5.3,8.7,7.0,6.8,63.0
366,D,0,1,6.4,8.4,7.7,8.1,67.7
367,A,1,0,5.4,5.8,7.0,5.2,55.7
367,B,1,1,6.5,5.8,9.8,5.1,78.7
367,C,1,0,7.4,4.0,6.2,5.9,55.8
367,D,0,1,6.8,8.6,7.9,4.3,62.7
368,A,0,0,3.8,5.6,7.6,6.7,39.5
368,B,0,0,6.9,8.2,6.8,6.3,47.0
368,C,1,1,8.2,6.3,7.6,7.3,82.3
368,D,1,1,6.9,8.2,2.1,5.7,71.5
369,A,0,1,4.2,3.6,6.0,5.8,49.3
369,B,1,0,8.3,7.2,8.1,6.5,66.8
369,C,1,1,7.6,5.6,7.8,8.2,82.0
369,D,0,1,6.6,7.2,7.1,6.3,62.0
370,A,1,0,7.0,5.8,5.8,9.0,62.7
370,B,1,0,5.9,8.3,6.4,5.1,59.5
370,C,1,0,5.8,5.4,6.4,8.1,59.5
370,D,0,1,6.2,9.9,7.1,5.2,64.0
371,A,1,0,6.4,7.7,7.4,8.2,66.2
371,B,1,1,8.2,7.8,6.9,8.2,85.2
371,C,1,0,7.6,6.5,5.9,5.2,58.7
371,D,0,1,7.2,8.7,4.6,6.0,60.8
372,A,1,1,7.5,6.3,6.4,5.4,76.0
372,B,1,1,8.0,7.6,6.7,6.4,81.2
372,C,1,1,6.1,6.9,8.3,9.3,84.3
372,D,0,0,7.0,7.9,6.4,4.4,42.8
373,A,1,0,8.1,7.4,6.4,6.4,63.8
373,B,1,1,6.7,8.6,8.8,7.5,86.0
373,C,1,1,5.3,6.7,7.0,5.8,74.7
373,D,1,0,6.5,7.1,5.6,5.5,57.8
374,A,1,0,6.0,5.6,7.1,5.9,57.7
374,B,1,1,6.6,7.3,6.2,4.8,74.8
374,C,1,1,8.0,6.7,3.7,7.7,76.8
374,D,1,1,4.9,7.7,5.6,3.4,69.3
375,A,1,0,8.0,5.4,7.4,6.7,62.5
375,B,1,0,6.7,6.5,7.5,4.0,57.8
375,C,1,0,7.0,6.3,7.2,7.3,63.0
375,D,1,0,9.2,8.1,7.2,4.9,65.7
376,A,0,1,5.7,5.8,6.1,8.8,60.7
376,B,0,0,8.3,6.4,7.2,6.1,46.7
376,C,0,1,6.1,4.1,6.2,8.0,57.3
376,D,1,1,7.2,6.3,5.4,5.2,73.5
377,A,1,0,5.4,7.2,7.7,7.2,62.5
377,B,0,1,7.8,4.8,8.6,7.0,63.7
377,C,1,0,5.6,5.1,6.9,7.0,57.7
377,D,1,1,8.0,7.9,5.9,4.5,77.2
378,A,0,0,6.5,7.3,5.8,6.4,43.3
378,B,0,1,6.6,7.2,8.3,7.1,65.3
378,C,1,1,7.3,4.7,7.5,6.8,77.2
378,D,0,1,8.0,8.4,7.5,5.5,65.7
379,A,1,1,3.4,8.2,7.2,5.8,74.3
379,B,1,1,8.3,8.0,9.5,6.0,86.3
379,C,0,0,7.6,5.7,6.5,7.7,45.8
379,D,0,0,6.2,6.4,6.2,5.7,40.8
380,A,1,0,6.2,7.5,7.1,2.9,56.2
380,B,1,1,8.8,7.4,7.7,5.7,82.7
380,C,1,0,6.3,7.2,6.5,9.4,65.7
380,D,1,0,5.8,7.7,8.0,5.9,62.3
381,A,0,0,6.3,8.3,6.0,6.5,45.2
381,B,0,0,8.3,7.3,7.9,5.6,48.5
381,C,0,1,5.6,5.8,6.7,6.9,58.3
381,D,0,1,9.1,9.2,8.4,7.0,72.8
382,A,0,1,6.9,5.9,7.6,7.6,63.3
382,B,0,1,9.4,7.4,7.5,1.6,59.8
382,C,1,0,8.1,6.4,5.3,4.4,57.0
382,D,0,1,5.7,7.4,5.4,7.3,59.7
383,A,1,0,6.5,9.2,7.5,5.7,64.8
383,B,0,1,9.2,8.1,6.9,5.9,66.8
383,C,1,1,7.6,7.5,7.1,7.4,82.7
383,D,1,1,6.0,7.5,5.6,6.1,75.3
384,A,0,0,4.0,4.9,8.3,5.5,37.8
384,B,0,0,9.8,7.3,8.6,7.7,55.7
384,C,1,0,4.8,8.7,2.9,7.1,55.8
384,D,0,0,5.8,7.1,5.1,6.8,41.3
385,A,0,0,6.2,6.7,7.0,6.6,44.2
385,B,1,1,7.7,6.6,6.4,5.8,77.5
385,C,0,0,6.6,8.6,6.0,4.6,43.0
385,D,0,1,7.8,7.6,6.7,5.9,63.3
386,A,0,1,8.6,5.7,4.9,8.8,63.3
386,B,0,1,7.6,6.7,7.5,5.4,62.0
386,C,1,1,7.9,7.1,8.4,5.0,80.7
386,D,0,0,7.9,6.1,6.7,3.0,39.5
387,A,0,0,5.0,1.2,8.5,6.2,34.8
387,B,1,0,6.8,7.2,6.2,5.8,60.0
387,C,0,1,7.8,7.1,6.7,7.6,65.3
387,D,0,1,5.9,7.7,7.0,4.8,59.0
388,A,0,1,7.3,8.7,7.3,5.7,65.0
388,B,0,0,9.8,8.1,6.4,7.9,53.7
388,C,1,0,6.6,5.9,5.5,6.5,57.5
388,D,1,0,7.4,5.6,6.1,2.1,52.0
389,A,1,1,5.3,4.5,4.7,5.8,67.2
389,B,1,0,10,7.7,6.7,5.3,66.2
389,C,0,1,5.7,7.2,4.2,5.9,55.0
389,D,1,0,5.3,10,8.8,5.8,66.5
390,A,1,1,7.1,5.4,6.1,5.9,74.2
390,B,0,1,8.3,7.4,6.4,4.7,61.3
390,C,0,1,4.5,5.4,4.0,10,56.5
390,D,1,1,6.5,7.4,7.3,5.7,78.2
391,A,1,0,3.9,4.3,6.3,5.9,50.7
391,B,0,1,9.5,8.4,6.3,7.9,70.2
391,C,1,1,7.1,4.8,6.6,7.0,75.8
391,D,1,1,6.1,9.4,6.7,6.6,81.3
392,A,1,1,5.8,5.5,8.5,7.0,78.0
392,B,1,1,9.2,6.3,8.5,5.1,81.8
392,C,1,1,4.8,6.0,5.5,5.3,69.3
392,D,1,1,6.7,6.8,9.3,4.6,79.0
393,A,0,0,5.1,6.5,7.0,7.6,43.7
393,B,0,1,6.4,7.5,5.7,6.1,59.5
393,C,1,1,6.5,6.5,6.5,8.5,80.0
393,D,0,0,7.1,8.6,8.8,4.1,47.7
394,A,1,0,7.2,5.3,8.2,7.5,63.7
394,B,1,0,6.4,6.2,8.3,6.9,63.0
394,C,1,1,7.8,5.4,6.1,6.6,76.5
394,D,0,0,5.7,7.8,7.3,4.2,41.7
395,A,0,1,7.5,7.5,7.3,7.6,66.5
395,B,0,0,6.4,6.9,6.1,7.9,45.5
395,C,0,0,5.8,7.2,6.3,8.3,46.0
395,D,0,1,7.8,4.8,9.2,8.2,66.7
396,A,1,1,7.2,6.2,7.3,5.2,76.5
396,B,1,1,6.8,7.0,8.1,6.6,80.8
396,C,1,1,7.9,5.4,6.8,8.0,80.2
396,D,0,1,7.8,6.8,7.3,6.0,63.2
397,A,1,0,5.3,3.8,5.6,6.8,52.5
397,B,1,0,5.6,8.3,7.2,5.0,60.2
397,C,0,1,7.1,8.4,8.3,8.0,69.7
397,D,1,1,6.6,6.9,7.5,5.1,76.8
398,A,1,1,8.0,5.1,7.5,5.5,76.8
398,B,1,1,7.5,7.7,8.2,8.6,86.7
398,C,1,1,5.6,6.6,6.1,7.2,75.8
398,D,0,1,7.1,7.0,7.0,5.8,61.5
399,A,0,0,3.5,3.7,7.8,7.2,37.0
399,B,1,1,6.5,9.1,7.7,7.9,85.3
399,C,1,1,8.4,6.6,6.8,6.5,80.5
399,D,1,1,8.1,7.6,6.2,5.9,79.7
400,A,1,1,5.8,4.0,5.8,5.9,69.2
400,B,1,1,7.7,7.9,8.2,5.4,82.0
400,C,1,1,6.5,6.2,6.1,6.8,76.0
400,D,1,0,7.2,9.6,5.9,7.9,67.7
401,A,1,0,7.1,3.5,6.2,5.7,54.2
401,B,1,1,7.6,7.4,5.8,5.7,77.5
401,C,1,0,6.6,8.7,6.5,6.8,64.3
401,D,0,0,8.4,7.7,6.6,6.2,48.2
402,A,1,0,4.1,5.2,6.2,7.2,54.5
402,B,1,0,8.7,5.7,8.1,7.9,67.3
402,C,0,0,7.7,6.1,6.9,7.9,47.7
402,D,0,1,7.6,7.8,8.2,4.4,63.3
403,A,0,0,7.5,5.6,6.0,8.3,45.7
403,B,0,1,6.3,9.1,8.4,5.7,65.8
403,C,1,1,7.7,5.9,7.0,7.5,80.2
403,D,0,0,7.8,8.0,5.9,5.1,44.7
404,A,1,0,7.8,3.0,6.2,5.3,53.8
404,B,1,1,6.8,6.5,7.0,6.4,77.8
404,C,0,1,7.9,7.9,7.5,8.4,69.5
404,D,0,1,8.6,6.3,8.0,5.9,64.7
405,A,0,1,4.4,6.1,6.1,5.5,53.5
405,B,1,1,5.3,5.9,3.6,4.6,65.7
405,C,1,1,6.3,4.4,8.4,6.3,75.7
405,D,1,0,9.0,9.5,6.7,6.1,68.8
406,A,0,1,7.2,6.6,5.2,7.3,60.5
406,B,1,1,9.5,9.4,9.4,5.7,90.0
406,C,1,0,5.8,8.3,5.6,6.7,60.7
406,D,1,0,7.4,7.7,5.0,5.4,59.2
407,A,1,0,8.0,6.8,8.3,7.5,67.7
407,B,1,1,8.0,5.9,6.7,8.2,81.3
407,C,0,1,8.6,6.9,7.1,4.3,61.5
407,D,1,0,6.3,4.3,6.2,7.3,56.8
408,A,0,1,5.7,4.6,4.9,7.3,54.2
408,B,1,0,8.9,6.2,8.0,5.9,65.0
408,C,1,0,6.9,6.8,6.6,9.1,65.7
408,D,0,1,7.5,7.8,6.4,7.8,65.8
409,A,0,1,6.6,6.4,7.1,8.2,63.8
409,B,0,0,7.9,6.9,5.8,6.3,44.8
409,C,1,1,8.0,9.0,6.6,8.7,87.2
409,D,1,0,7.2,8.6,9.0,6.1,68.2
410,A,1,1,6.5,6.9,8.7,7.9,83.3
410,B,0,1,6.6,8.9,6.3,5.6,62.3
410,C,0,1,4.8,6.6,6.7,6.9,58.3
410,D,0,1,6.6,4.9,9.1,6.6,62.0
411,A,1,0,6.4,5.1,7.1,6.9,59.2
411,B,1,0,6.8,8.3,7.0,7.2,65.5
411,C,1,0,8.6,6.0,5.1,8.5,63.7
411,D,1,1,8.2,5.6,6.4,4.8,75.0
412,A,1,1,6.3,8.0,7.0,6.2,79.2
412,B,1,1,8.4,9.4,6.7,5.2,82.8
412,C,1,1,7.3,4.1,5.6,6.7,72.8
412,D,0,0,8.2,6.6,5.5,7.0,45.5
413,A,1,0,6.6,4.8,7.1,5.1,56.0
413,B,1,1,7.6,7.3,6.9,5.9,79.5
413,C,1,1,8.9,5.3,6.3,7.2,79.5
413,D,1,1,6.2,8.4,5.7,4.9,75.3
414,A,1,0,5.4,6.1,7.6,7.1,60.3
414,B,0,1,5.8,9.1,4.4,7.3,61.0
414,C,1,1,6.6,6.0,6.4,5.9,74.8
414,D,1,0,7.8,8.4,5.5,3.7,59.0
415,A,1,1,7.1,4.8,5.7,6.6,73.7
415,B,0,1,8.1,5.1,7.5,6.9,62.7
415,C,0,1,7.1,8.2,6.3,8.1,66.2
415,D,1,0,7.9,7.0,7.0,6.9,64.7
416,A,1,0,6.7,5.3,7.0,7.8,61.3
416,B,0,0,6.8,9.7,7.6,5.1,48.7
416,C,1,1,7.4,7.5,8.2,7.6,84.5
416,D,0,1,5.4,6.3,6.6,6.3,57.7
417,A,0,0,8.4,4.8,8.0,7.0,47.0
417,B,1,0,8.4,7.6,6.3,6.6,64.8
417,C,1,1,10,8.2,6.6,9.9,91.2
417,D,0,0,10,8.1,6.8,6.6,52.5
418,A,0,0,6.4,6.0,4.3,6.0,37.8
418,B,1,1,4.9,7.2,6.9,7.1,76.8
418,C,1,1,8.2,6.8,5.0,7.9,79.8
418,D,1,1,7.4,6.5,8.1,6.3,80.5
419,A,0,1,6.8,5.8,7.1,7.8,62.5
419,B,1,1,7.2,8.1,6.5,6.7,80.8
419,C,1,0,5.8,6.5,3.2,6.8,53.8
419,D,1,0,6.0,6.8,7.9,5.1,59.7
420,A,1,0,7.3,5.6,5.4,6.1,57.3
420,B,1,0,9.5,8.2,6.0,9.3,71.7
420,C,0,1,6.6,9.1,6.5,5.3,62.5
420,D,1,1,5.8,6.4,4.7,6.5,72.3
421,A,0,1,6.1,7.4,8.2,6.7,64.0
421,B,1,0,7.6,7.3,5.9,7.4,63.7
421,C,1,1,6.8,7.4,5.1,7.4,77.8
421,D,1,1,4.6,7.9,3.8,7.0,72.2
422,A,1,0,5.9,6.2,6.6,6.4,58.5
422,B,0,0,7.2,9.4,6.1,7.4,50.2
422,C,1,1,6.8,9.1,5.7,6.0,79.3
422,D,1,1,6.0,6.7,7.1,6.6,77.3
423,A,1,1,8.2,6.7,7.2,5.1,78.7
423,B,0,1,7.0,9.1,7.3,5.4,64.7
423,C,1,1,6.2,6.7,6.7,5.6,75.3
423,D,0,1,5.1,8.6,3.3,5.2,53.7
424,A,0,1,7.8,3.7,6.2,7.8,59.2
424,B,1,1,6.8,9.9,8.6,7.2,87.5
424,C,1,1,6.9,8.4,2.4,6.2,73.2
424,D,1,1,5.7,8.5,7.2,4.2,76.0
425,A,1,0,6.2,5.9,5.9,6.5,57.5
425,B,0,1,6.0,6.5,7.9,7.3,62.8
425,C,0,1,7.2,7.4,5.7,5.4,59.5
425,D,0,0,5.7,10,5.2,9.2,50.2
426,A,1,1,5.5,6.6,7.7,6.1,76.5
426,B,1,1,6.0,7.8,8.2,6.6,81.0
426,C,1,1,8.0,10,5.7,7.5,85.3
426,D,1,1,8.2,8.0,4.8,6.6,79.3
427,A,1,0,8.7,4.1,8.9,5.6,62.2
427,B,0,1,6.2,6.9,8.8,6.9,64.7
427,C,1,1,7.1,5.8,7.2,8.4,80.8
427,D,1,1,5.9,8.5,6.9,5.7,78.3
428,A,1,0,7.0,8.0,6.7,6.9,64.3
428,B,1,0,9.6,5.8,5.1,7.9,64.0
428,C,1,0,7.4,6.9,6.8,6.6,62.8
428,D,1,1,6.8,7.6,6.4,7.5,80.5
429,A,0,1,3.9,6.3,4.5,6.6,52.2
429,B,1,0,6.6,8.0,6.8,5.8,62.0
429,C,1,0,8.3,7.1,6.9,5.2,62.5
429,D,1,1,8.0,9.1,6.8,3.2,78.5
430,A,0,1,6.8,4.1,8.7,4.6,57.0
430,B,1,1,8.7,7.1,7.6,5.9,82.2
430,C,1,0,6.8,6.9,8.2,5.4,62.2
430,D,0,1,7.0,5.8,4.6,7.4,58.0
431,A,0,0,9.4,6.3,6.9,5.8,47.3
431,B,0,1,5.9,8.6,7.2,6.1,63.0
431,C,0,1,6.4,8.1,3.1,6.7,57.2
431,D,1,1,7.8,8.4,6.8,5.0,80.0
432,A,0,1,5.5,7.8,7.7,4.5,59.2
432,B,0,0,6.4,10,6.4,5.9,47.8
432,C,1,1,7.2,6.2,7.4,6.2,78.3
432,D,1,1,6.7,7.5,5.1,8.7,80.0
433,A,0,0,6.1,5.7,8.8,2.4,38.3
433,B,0,0,6.6,6.7,5.8,6.7,43.0
433,C,1,0,6.5,7.3,5.8,5.3,58.2
433,D,1,1,7.2,5.2,6.0,4.2,71.0
434,A,0,1,7.6,5.1,6.0,7.0,59.5
434,B,1,1,6.3,7.6,7.5,8.1,82.5
434,C,0,1,6.7,9.2,6.7,9.2,69.7
434,D,1,0,5.8,8.0,8.2,7.5,65.8
435,A,0,1,7.3,7.6,6.6,6.5,63.3
435,B,1,1,6.8,7.6,8.2,7.2,83.0
435,C,1,0,7.4,6.3,7.1,7.6,64.0
435,D,1,1,7.1,5.6,7.9,7.4,80.0
436,A,0,0,5.3,5.0,4.3,5.7,33.8
436,B,1,1,7.1,7.5,6.9,6.5,80.0
436,C,1,0,7.6,8.3,5.9,7.7,65.8
436,D,0,1,8.6,7.0,7.8,7.4,68.0
437,A,1,1,3.6,4.1,5.8,7.0,67.5
437,B,0,1,5.2,9.8,8.8,5.5,65.5
437,C,1,1,8.8,7.9,6.1,6.5,82.2
437,D,0,1,9.1,7.7,5.3,6.2,63.8
438,A,1,1,7.9,4.8,8.4,6.5,79.3
438,B,0,1,6.4,7.9,7.1,7.2,64.3
438,C,1,0,7.0,7.4,5.5,8.3,63.7
438,D,0,1,5.8,6.5,5.6,7.0,58.2
439,A,0,1,5.1,4.8,6.3,6.0,53.7
439,B,1,1,9.1,6.7,6.9,6.3,81.7
439,C,1,1,8.5,7.9,5.8,7.4,82.7
439,D,1,1,7.0,8.5,5.5,5.8,78.0
440,A,1,0,6.6,5.6,4.0,6.2,54.0
440,B,1,1,6.0,6.7,6.4,7.1,77.0
440,C,1,0,7.5,9.2,4.7,7.4,64.7
440,D,0,0,7.9,8.8,6.4,5.3,47.3
441,A,1,1,7.7,5.0,7.0,6.8,77.5
441,B,0,0,8.6,8.2,6.3,6.4,49.2
441,C,1,0,8.8,4.5,5.7,9.1,63.5
441,D,1,1,5.6,7.2,8.0,4.9,76.2
442,A,1,1,6.8,3.7,6.5,6.2,72.0
442,B,1,0,7.4,7.4,8.2,7.2,67.0
442,C,1,1,6.5,8.0,6.0,7.3,79.7
442,D,1,1,8.7,6.4,6.2,4.7,76.7
443,A,1,0,6.3,5.8,5.7,5.7,55.8
443,B,0,0,7.6,7.7,6.5,6.1,46.5
443,C,1,1,5.6,7.3,6.9,8.2,80.0
443,D,1,1,6.6,8.5,5.5,4.9,75.8
444,A,0,0,5.2,8.7,6.2,7.1,45.3
444,B,1,0,8.9,9.5,5.5,5.5,65.7
444,C,1,0,8.3,6.2,6.3,7.1,63.2
444,D,0,0,7.8,7.8,7.3,5.9,48.0
445,A,1,0,5.4,5.6,4.9,7.4,55.5
445,B,1,1,7.5,4.1,9.0,3.9,74.2
445,C,1,1,6.1,7.4,5.5,5.6,74.3
445,D,0,0,8.3,5.1,7.2,6.3,44.8
446,A,0,1,5.3,5.2,6.5,6.8,56.3
446,B,1,1,7.2,8.6,8.6,6.2,84.3
446,C,1,0,5.0,6.7,5.4,7.0,56.8
446,D,1,1,7.2,4.8,6.9,7.3,77.0
447,A,1,0,7.5,3.3,4.7,6.6,53.5
447,B,1,0,7.1,6.8,6.8,7.2,63.2
447,C,0,0,8.1,5.4,6.0,7.0,44.2
447,D,1,1,5.0,7.7,4.8,5.8,72.2
448,A,1,0,8.3,2.7,7.5,5.8,57.2
448,B,0,1,8.3,6.4,7.9,5.8,64.0
448,C,1,0,4.2,7.5,8.3,5.9,59.8
448,D,1,1,8.1,7.0,5.3,5.6,76.7
449,A,0,0,5.8,7.4,6.4,7.2,44.7
449,B,1,1,9.0,9.4,7.9,10,93.8
449,C,1,0,7.7,6.1,6.7,8.6,65.2
449,D,1,0,6.0,5.0,5.0,8.3,57.2
450,A,1,0,6.3,5.1,5.6,9.1,60.2
450,B,1,1,5.7,6.1,7.4,7.0,77.0
450,C,1,1,6.8,7.4,7.6,7.0,81.3
450,D,1,0,10,8.3,4.6,4.9,63.0
451,A,1,0,5.7,5.4,5.7,6.5,55.5
451,B,1,1,8.8,6.3,7.2,6.2,80.8
451,C,0,0,7.5,7.2,5.4,8.3,47.3
451,D,0,1,5.5,7.0,7.6,4.4,57.5
452,A,1,0,9.8,7.3,7.7,6.4,68.7
452,B,0,0,8.2,8.7,7.4,6.1,50.7
452,C,1,1,8.1,5.9,6.0,6.4,77.3
452,D,1,0,7.2,7.8,7.9,4.6,62.5
453,A,1,1,8.8,4.8,5.0,7.5,76.8
453,B,1,1,7.3,6.7,5.5,7.9,79.0
453,C,0,0,6.7,5.5,8.1,9.3,49.3
453,D,0,1,8.3,5.7,3.3,4.1,52.3
454,A,1,1,7.5,3.4,5.8,3.8,67.5
454,B,1,1,5.3,7.7,8.1,3.9,75.0
454,C,1,1,6.5,6.1,6.2,7.2,76.7
454,D,1,1,8.5,5.8,6.7,6.7,79.5
455,A,0,0,5.6,6.1,7.4,5.6,41.2
455,B,1,1,9.4,7.1,8.7,7.0,87.0
455,C,1,1,6.4,7.8,8.0,6.3,80.8
455,D,1,0,6.7,6.7,5.4,8.2,61.7
456,A,1,0,5.5,6.7,8.6,6.9,62.8
456,B,0,1,5.1,8.4,7.4,6.9,63.0
456,C,0,1,5.2,6.2,6.8,6.8,58.3
456,D,0,1,7.9,6.8,8.4,5.9,65.0
457,A,1,1,4.9,6.4,7.3,6.1,74.5
457,B,1,1,7.0,7.7,8.7,4.9,80.5
457,C,0,1,7.4,9.9,6.7,8.3,70.5
457,D,0,0,7.2,8.8,7.5,5.9,49.0
458,A,1,1,6.0,6.4,5.9,6.9,75.3
458,B,0,0,7.4,7.8,8.5,6.0,49.5
458,C,0,0,9.4,7.6,4.9,8.5,50.7
458,D,1,0,9.2,8.7,8.3,5.2,69.0
459,A,1,1,7.4,3.4,4.8,7.1,71.2
459,B,0,1,6.6,7.4,7.0,5.8,61.3
459,C,1,1,7.9,8.4,6.3,7.0,82.7
459,D,1,0,6.5,7.1,6.9,5.4,59.8
460,A,1,0,6.7,6.2,8.6,4.8,60.5
460,B,1,1,8.0,8.0,7.1,6.3,82.3
460,C,1,1,8.4,9.1,4.2,7.8,82.5
460,D,1,1,8.2,6.8,5.7,3.2,73.2
461,A,1,1,6.4,8.1,7.1,7.3,81.5
461,B,1,1,7.0,7.9,6.4,6.5,79.7
461,C,1,1,8.4,6.5,6.2,8.9,83.3
461,D,0,0,5.7,9.9,6.2,6.0,46.3
462,A,1,1,7.1,4.9,4.3,7.7,73.3
462,B,0,0,9.5,10,6.1,6.2,53.0
462,C,1,0,7.3,6.0,6.1,9.0,64.0
462,D,1,1,5.1,8.5,8.7,6.7,81.7
463,A,1,1,6.3,6.9,7.0,5.0,75.3
463,B,1,1,7.3,6.6,8.6,6.4,81.5
463,C,1,1,7.4,6.0,6.9,7.1,79.0
463,D,0,1,8.3,6.8,6.6,4.2,59.8
464,A,1,1,6.2,4.0,8.6,5.4,73.7
464,B,1,1,6.7,7.9,4.3,6.8,76.2
464,C,0,1,8.3,9.2,6.7,5.4,66.0
464,D,1,1,3.8,7.6,7.3,5.6,73.8
465,A,1,0,5.6,4.5,7.9,9.4,62.3
465,B,1,1,9.0,10,7.7,6.2,88.2
465,C,1,0,6.7,8.0,5.4,8.3,64.0
465,D,1,1,7.5,9.4,6.3,5.1,80.5
466,A,1,0,9.3,7.3,6.8,7.9,68.8
466,B,0,0,7.8,8.1,7.2,5.9,48.3
466,C,0,1,8.4,7.7,4.9,6.9,63.2
466,D,0,1,6.3,6.6,6.4,4.2,55.8
467,A,0,0,9.1,4.2,7.3,5.4,43.3
467,B,0,1,9.2,6.8,6.4,6.2,64.3
467,C,1,0,5.9,5.7,5.5,8.2,58.8
467,D,1,1,10,4.7,5.8,6.7,78.7
468,A,1,1,4.8,4.8,4.8,6.3,67.8
468,B,1,0,8.4,7.1,7.6,6.2,65.5
468,C,1,1,6.9,7.8,8.6,5.3,81.0
468,D,1,0,6.3,7.2,6.5,5.8,59.7
469,A,0,1,7.6,4.7,6.7,9.7,64.5
469,B,0,0,6.5,6.4,6.0,6.3,42.0
469,C,0,0,7.5,4.4,6.2,7.1,42.0
469,D,1,1,7.9,8.8,6.1,5.8,81.0
470,A,1,0,4.5,4.6,5.8,6.8,52.8
470,B,1,0,8.2,5.1,10,6.7,66.7
470,C,1,0,8.2,6.6,7.5,9.1,69.0
470,D,1,1,8.1,7.8,6.6,7.9,84.0
471,A,0,1,8.1,8.6,7.7,8.2,71.0
471,B,0,1,5.8,8.5,8.6,8.4,68.8
471,C,1,0,7.1,4.8,4.7,9.2,59.7
471,D,1,0,7.5,7.8,6.0,6.5,63.0
472,A,1,0,5.0,5.4,7.3,8.3,60.0
472,B,1,1,7.3,8.1,5.9,7.1,80.7
472,C,0,0,8.2,7.3,6.2,8.0,49.5
472,D,0,1,7.8,8.0,6.1,6.3,63.7
473,A,1,1,7.9,6.9,7.4,6.9,81.8
473,B,1,1,7.0,6.9,6.4,5.0,75.5
473,C,0,1,5.5,6.0,3.9,8.9,57.2
473,D,1,1,5.6,5.9,6.3,5.2,71.7
474,A,1,1,4.1,8.2,7.1,4.2,72.7
474,B,1,0,6.6,8.3,6.5,6.3,62.8
474,C,1,1,7.0,8.1,7.1,6.6,81.3
474,D,0,1,5.3,8.9,5.9,6.3,60.7
475,A,1,0,5.9,6.6,8.7,6.4,62.7
475,B,1,1,7.7,9.0,8.4,7.7,88.0
475,C,0,1,7.3,7.7,4.9,6.8,61.2
475,D,1,0,8.2,5.0,6.3,5.6,58.5
476,A,0,1,7.2,6.1,6.4,6.4,60.2
476,B,1,1,8.5,6.3,8.1,5.7,81.0
476,C,1,1,6.8,6.2,5.6,7.6,77.0
476,D,1,1,6.0,7.1,6.8,7.5,79.0
477,A,0,1,6.8,4.4,7.8,5.6,57.7
477,B,0,1,7.6,7.9,8.8,4.9,65.3
477,C,1,0,8.0,6.9,6.4,7.0,63.8
477,D,0,0,6.7,7.5,5.4,6.5,43.5
478,A,1,0,4.3,9.2,7.1,3.4,56.7
478,B,0,0,8.2,6.7,6.8,3.6,42.2
478,C,1,0,5.4,7.2,4.9,7.9,59.0
478,D,0,0,8.0,7.0,7.7,4.4,45.2
479,A,1,1,6.6,5.1,6.8,6.7,75.3
479,B,0,0,9.7,10,9.7,4.9,57.2
479,C,1,1,7.9,8.2,6.5,5.1,79.5
479,D,0,1,8.1,7.6,7.9,4.4,63.3
480,A,0,1,8.0,7.7,7.4,5.7,64.7
480,B,1,1,9.1,8.7,5.4,6.0,82.0
480,C,1,0,7.2,6.1,7.7,7.2,63.7
480,D,1,1,6.0,9.0,6.7,2.8,74.2
481,A,1,1,6.5,3.9,8.1,7.6,76.8
481,B,1,1,6.5,7.8,8.6,7.8,84.5
481,C,0,1,6.0,7.7,3.6,7.3,57.7
481,D,0,1,8.2,5.1,6.9,6.5,61.2
482,A,1,1,6.7,6.0,6.5,8.1,78.8
482,B,1,1,9.5,6.1,7.6,7.2,84.0
482,C,0,1,6.6,8.8,6.3,6.3,63.3
482,D,0,1,5.9,8.7,6.6,5.0,60.3
483,A,1,0,6.3,7.4,5.4,5.6,57.8
483,B,1,0,6.1,8.2,8.2,7.5,66.7
483,C,1,0,6.7,6.4,7.2,6.4,61.2
483,D,1,1,7.5,7.3,7.1,5.1,78.3
484,A,1,0,4.4,7.6,7.0,6.2,58.7
484,B,0,0,5.9,8.3,7.9,7.2,48.8
484,C,1,0,7.1,8.4,6.6,7.3,65.7
484,D,0,1,9.3,6.7,4.4,4.1,57.5
485,A,0,1,6.6,4.5,7.5,6.8,59.0
485,B,1,0,7.4,7.0,6.5,6.1,61.7
485,C,0,1,5.5,8.3,4.9,7.7,60.7
485,D,0,0,8.7,7.0,7.1,7.3,50.2
486,A,0,0,6.7,6.9,4.9,6.7,42.0
486,B,1,1,5.9,9.4,5.8,5.9,78.3
486,C,1,1,7.3,4.6,6.7,9.4,80.0
486,D,1,1,6.8,9.9,6.2,7.0,83.2
487,A,1,1,6.1,4.7,5.1,5.9,69.7
487,B,1,0,8.5,8.9,6.9,7.1,69.0
487,C,0,1,8.1,5.3,3.3,6.2,54.8
487,D,0,0,7.5,9.3,6.3,6.4,49.2
488,A,1,1,8.1,6.4,8.3,4.8,79.3
488,B,1,1,7.4,9.5,9.4,6.2,87.5
488,C,1,1,9.0,6.3,5.0,6.4,77.8
488,D,1,0,5.0,5.8,6.4,8.1,58.8
489,A,1,1,7.0,3.8,3.1,6.6,67.5
489,B,1,1,8.0,7.2,7.5,6.8,82.5
489,C,1,1,6.1,8.2,5.7,6.5,77.5
489,D,1,0,6.6,8.8,6.2,5.6,62.0
490,A,0,0,6.5,4.8,7.8,7.2,43.8
490,B,1,0,8.1,10,7.4,4.8,67.2
490,C,0,0,6.3,4.4,4.0,6.1,34.7
490,D,0,0,6.2,5.5,6.2,4.8,37.8
491,A,1,0,8.1,7.3,6.9,6.6,64.8
491,B,1,1,9.5,7.4,8.2,6.5,86.0
491,C,1,0,7.0,8.1,5.1,8.0,63.7
491,D,0,1,6.4,7.3,4.1,7.3,58.5
492,A,1,0,6.0,4.6,6.0,5.5,53.5
492,B,1,1,7.2,6.5,4.7,7.7,76.8
492,C,1,1,7.0,8.4,8.5,8.4,87.2
492,D,0,0,5.8,8.0,6.3,3.2,38.8
493,A,1,0,7.2,5.1,6.4,9.1,63.0
493,B,1,1,7.2,10,6.4,4.5,80.2
493,C,1,1,8.5,7.8,7.3,8.2,86.3
493,D,1,0,8.0,4.9,6.6,6.8,60.5
494,A,1,1,5.9,5.5,6.9,4.7,71.7
494,B,0,1,7.3,7.9,3.7,5.4,57.2
494,C,1,0,8.2,5.6,5.5,4.9,57.0
494,D,1,1,7.7,7.8,7.5,5.5,80.8
495,A,0,0,6.3,7.5,5.9,6.9,44.3
495,B,0,0,7.1,8.8,3.9,7.3,45.2
495,C,0,0,7.6,9.0,4.6,8.1,48.8
495,D,0,1,7.9,8.5,7.1,6.1,66.0
496,A,0,1,6.1,6.1,7.3,6.8,60.5
496,B,1,1,7.5,9.2,6.7,5.8,82.0
496,C,0,1,5.7,8.1,4.4,6.5,57.8
496,D,1,1,6.4,7.3,7.3,7.2,80.3
497,A,0,0,6.8,6.6,8.5,7.6,49.2
497,B,0,0,9.0,7.1,7.0,6.2,48.8
497,C,0,0,6.3,6.2,5.8,7.4,42.8
497,D,1,0,7.4,6.4,5.8,5.7,58.8
498,A,0,0,4.9,3.4,6.1,7.0,35.7
498,B,1,0,6.0,6.1,7.2,6.0,58.8
498,C,1,1,6.8,6.0,7.3,7.8,79.8
498,D,0,1,8.1,6.6,6.4,4.7,59.7
499,A,1,0,8.5,6.7,4.9,6.4,60.8
499,B,1,1,9.3,7.3,7.1,6.3,83.3
499,C,1,0,6.7,7.1,7.3,8.9,66.7
499,D,0,0,8.4,8.9,5.9,5.9,48.5
500,A,0,0,6.1,7.5,6.0,4.2,39.7
500,B,1,0,7.1,8.4,7.3,8.3,68.5
500,C,1,0,6.9,6.1,5.3,6.6,58.2
500,D,0,1,8.5,6.0,7.8,7.4,66.2
501,A,0,1,5.0,6.5,6.4,6.8,57.8
501,B,1,1,7.9,7.4,4.9,4.5,74.5
501,C,1,0,4.8,5.7,8.1,5.7,57.2
501,D,0,1,9.1,8.1,6.4,4.8,64.0
502,A,1,0,7.5,6.3,7.3,4.4,59.2
502,B,1,0,7.1,7.6,6.2,6.6,62.5
502,C,1,0,7.6,8.4,7.4,6.1,65.8
502,D,1,1,6.2,6.7,5.2,6.6,74.5
503,A,0,1,7.6,4.1,7.6,6.3,59.3
503,B,0,1,6.9,9.2,7.4,6.7,67.0
503,C,0,0,6.1,7.6,6.0,9.9,49.3
503,D,1,0,7.7,8.2,5.2,5.5,61.0
504,A,1,0,8.5,3.8,7.4,7.8,62.5
504,B,1,0,10,6.1,8.9,4.6,66.0
504,C,0,0,5.8,5.9,5.9,7.1,41.2
504,D,1,1,6.7,8.6,8.0,6.1,82.3
505,A,1,1,6.2,5.5,5.0,6.2,71.5
505,B,1,0,6.8,8.5,6.0,5.7,61.7
505,C,1,0,7.7,7.7,6.8,8.2,67.3
505,D,1,0,8.3,7.6,8.8,8.9,72.7
506,A,0,1,4.1,7.8,5.0,9.0,59.8
506,B,1,1,6.9,6.8,8.5,6.6,81.3
506,C,1,1,7.6,5.1,6.4,7.4,77.5
506,D,1,1,8.4,5.5,6.4,4.8,75.2
507,A,1,0,5.3,3.7,5.5,5.9,50.7
507,B,1,1,6.5,6.6,6.7,5.4,75.3
507,C,0,0,9.0,3.4,5.7,8.6,44.5
507,D,1,0,7.7,10,6.6,7.5,69.7
508,A,1,0,5.8,4.8,7.4,5.2,55.3
508,B,1,1,9.1,7.3,7.1,7.9,85.7
508,C,1,0,8.2,7.9,5.5,5.5,61.8
508,D,0,0,7.6,8.6,5.4,5.4,45.0
509,A,1,0,7.3,6.3,8.0,5.6,62.0
509,B,1,0,10,8.1,6.7,6.6,69.0
509,C,1,0,7.0,4.3,7.4,8.9,62.7
509,D,0,1,6.9,6.6,4.8,6.5,58.0
510,A,1,0,4.4,6.9,6.0,8.0,58.8
510,B,1,1,8.1,7.8,5.5,3.7,75.2
510,C,1,1,8.1,8.4,6.1,7.0,82.7
510,D,0,1,6.8,6.4,5.1,5.2,55.8
511,A,0,0,8.4,6.6,5.6,5.8,44.0
511,B,1,0,7.6,8.6,7.2,6.7,66.8
511,C,1,1,5.5,6.8,7.5,8.2,80.0
511,D,1,1,6.1,6.8,5.8,7.6,77.2
512,A,0,1,6.5,5.2,6.2,4.7,54.3
512,B,1,0,8.5,8.1,5.2,6.4,63.7
512,C,1,1,5.7,4.7,7.1,7.0,74.2
512,D,0,1,7.8,6.7,5.8,7.3,62.7
513,A,0,0,7.7,5.3,7.1,6.4,44.2
513,B,1,0,7.9,8.7,6.1,7.0,66.2
513,C,1,1,5.9,6.3,5.8,4.0,70.0
513,D,0,0,7.0,8.4,7.3,6.3,48.3
514,A,1,1,7.5,6.9,6.8,7.4,81.0
514,B,0,1,7.1,10,6.3,5.6,65.0
514,C,1,1,8.7,6.1,7.9,7.7,84.0
514,D,1,0,6.4,6.7,5.8,5.2,56.8
515,A,0,0,8.2,6.6,8.8,6.3,49.8
515,B,1,0,8.3,7.5,6.2,4.0,60.0
515,C,1,1,6.1,6.8,7.0,6.3,77.0
515,D,1,1,8.9,8.2,7.2,4.2,80.8
516,A,1,0,5.5,6.7,7.2,5.7,58.5
516,B,1,0,5.5,5.4,7.6,4.4,54.8
516,C,1,1,5.4,6.0,7.0,7.2,76.0
516,D,1,1,7.7,9.5,5.1,5.2,79.2
517,A,0,0,4.3,6.7,8.8,6.2,43.3
517,B,1,0,6.0,9.7,7.1,7.2,66.7
517,C,1,0,7.7,5.7,7.0,5.6,60.0
517,D,0,1,6.1,6.6,5.7,5.4,56.3
518,A,1,0,7.5,6.3,6.6,6.0,60.7
518,B,1,1,6.8,7.7,7.7,6.0,80.3
518,C,1,1,6.9,7.2,4.3,8.0,77.3
518,D,1,1,7.8,7.3,7.5,7.2,83.0
519,A,1,0,7.1,6.1,6.6,5.2,58.3
519,B,0,0,8.4,7.6,8.2,7.2,52.3
519,C,1,1,8.2,9.6,5.3,6.8,83.2
519,D,0,0,7.0,8.5,5.4,5.7,44.3
520,A,1,0,8.1,7.8,8.2,6.3,67.3
520,B,1,1,7.2,7.2,7.6,4.3,77.2
520,C,0,1,7.8,8.2,7.2,8.0,68.7
520,D,0,0,7.0,9.1,3.4,5.5,41.7
521,A,1,0,5.2,7.7,8.0,6.2,61.8
521,B,0,1,6.9,10,7.9,6.3,68.5
521,C,1,0,5.9,7.1,7.3,9.1,65.7
521,D,0,1,6.8,8.5,5.2,5.8,60.5
522,A,1,0,5.7,8.4,8.2,7.8,66.8
522,B,1,1,7.1,5.9,6.4,6.5,76.5
522,C,0,1,7.1,7.8,7.6,7.7,67.0
522,D,1,0,8.6,8.3,6.8,4.3,63.3
523,A,1,1,7.2,7.8,6.4,6.3,79.5
523,B,1,0,5.9,8.1,8.4,6.3,64.5
523,C,1,1,8.8,6.2,6.1,7.3,80.7
523,D,1,1,6.9,7.4,7.7,8.2,83.7
524,A,1,1,6.4,5.4,6.5,8.0,77.2
524,B,1,0,6.2,8.6,7.0,6.2,63.3
524,C,1,0,8.1,5.9,7.4,7.7,65.2
524,D,1,0,6.2,7.0,7.8,7.0,63.3
525,A,1,1,6.6,4.9,6.3,7.1,74.8
525,B,1,1,6.9,7.7,8.5,7.6,84.5
525,C,0,0,7.6,6.1,7.6,8.3,49.3
525,D,0,1,6.2,6.5,7.8,6.1,61.0
526,A,1,1,7.3,4.6,8.2,6.5,77.7
526,B,1,1,5.3,7.3,6.1,5.5,73.7
526,C,1,1,8.0,5.8,7.6,8.3,82.8
526,D,1,0,8.6,8.0,3.6,5.5,59.5
527,A,1,1,5.9,5.3,5.4,5.6,70.3
527,B,1,1,6.4,8.8,8.9,7.0,85.2
527,C,1,0,6.8,7.2,6.1,7.1,62.0
527,D,0,1,8.5,6.8,6.9,3.0,58.7
528,A,0,1,6.4,5.5,7.3,6.4,59.3
528,B,0,0,6.9,6.7,9.1,4.8,45.8
528,C,1,0,9.4,6.1,6.3,8.1,66.5
528,D,1,1,9.7,7.3,7.3,4.1,80.7
529,A,0,0,6.2,3.6,6.9,5.2,36.5
529,B,0,1,9.0,6.4,7.8,7.0,67.0
529,C,1,1,5.6,5.9,6.1,5.9,72.5
529,D,0,0,5.7,6.9,7.5,9.3,49.0
530,A,0,0,7.1,4.7,8.2,5.5,42.5
530,B,0,0,8.3,8.5,7.4,7.3,52.5
530,C,1,1,5.3,4.8,5.6,10,76.2
530,D,1,1,6.7,6.6,7.9,8.2,82.3
531,A,0,0,8.6,8.2,6.4,5.1,47.2
531,B,0,1,5.0,7.2,7.8,4.5,57.5
531,C,1,1,6.7,7.5,5.8,6.7,77.8
531,D,0,1,8.3,7.8,6.4,4.6,61.8
532,A,0,0,7.9,7.2,8.6,5.5,48.7
532,B,1,0,10,8.7,6.8,6.4,69.8
532,C,1,0,6.7,6.1,6.9,7.3,61.7
532,D,1,1,7.2,8.2,6.3,6.5,80.3
533,A,1,1,6.2,5.5,6.4,7.8,76.5
533,B,1,1,9.7,8.8,6.6,5.2,83.8
533,C,0,0,7.3,7.3,5.8,7.6,46.7
533,D,0,1,8.7,9.0,6.4,6.2,67.2
534,A,1,0,5.0,5.3,5.2,7.6,55.2
534,B,0,1,6.2,6.8,5.8,5.4,57.0
534,C,1,1,6.7,5.8,4.3,8.4,75.3
534,D,1,0,8.4,8.1,7.0,6.0,65.8
535,A,1,0,6.2,4.7,5.7,9.9,60.8
535,B,1,0,8.9,7.1,8.3,7.2,69.2
535,C,1,0,8.8,9.2,4.2,7.4,66.0
535,D,1,1,8.2,7.1,7.4,5.6,80.5
536,A,0,0,4.7,6.5,5.8,6.6,39.3
536,B,1,1,6.8,6.8,7.4,5.7,77.8
536,C,0,0,6.6,8.2,5.9,8.9,49.3
536,D,0,1,7.9,10,5.9,6.4,67.0
537,A,1,0,6.6,5.9,7.0,6.6,60.2
537,B,0,0,7.3,7.0,6.9,7.0,47.0
537,C,1,1,6.0,6.8,7.7,8.7,82.0
537,D,1,0,7.3,7.8,5.4,6.3,61.3
538,A,1,0,6.4,6.3,9.0,5.8,62.5
538,B,0,1,5.1,10,8.9,8.2,70.3
538,C,1,1,6.4,7.7,8.2,8.5,84.7
538,D,1,1,5.5,7.1,6.7,4.5,73.0
539,A,1,0,4.4,5.4,5.8,4.5,50.2
539,B,1,1,7.7,7.6,5.8,7.1,80.3
539,C,1,1,7.1,5.5,6.2,8.0,78.0
539,D,1,1,7.1,8.8,7.1,6.1,81.8
540,A,1,1,6.0,5.0,5.3,7.2,72.5
540,B,0,0,6.3,7.6,8.6,5.3,46.3
540,C,0,0,8.4,6.3,5.9,9.0,49.3
540,D,0,1,6.1,7.7,5.5,4.9,57.0
541,A,1,1,7.5,4.5,7.1,7.3,77.3
541,B,1,0,7.6,8.6,6.3,5.8,63.8
541,C,0,0,5.5,6.5,5.2,6.4,39.3
541,D,1,0,8.3,8.7,6.0,6.4,65.7
542,A,0,0,7.5,5.1,8.0,8.2,48.0
542,B,0,0,7.3,6.3,6.2,6.3,43.5
542,C,0,0,2.7,6.7,6.9,9.0,42.2
542,D,1,1,6.4,7.8,7.3,2.5,73.3
543,A,0,0,4.8,1.6,7.9,6.2,34.2
543,B,1,1,6.9,7.4,6.0,5.8,76.8
543,C,0,1,6.0,5.7,4.9,7.2,56.3
543,D,1,1,7.9,9.4,7.4,5.1,83.0
544,A,1,1,6.5,5.9,6.2,7.8,77.3
544,B,1,0,5.8,9.4,9.2,6.0,67.3
544,C,1,0,6.2,7.4,6.7,6.5,61.3
544,D,1,0,6.1,7.5,5.3,6.0,58.2
545,A,1,1,7.5,5.0,8.5,5.5,77.5
545,B,0,1,6.8,8.3,7.3,5.0,62.3
545,C,1,0,5.8,7.5,5.5,7.5,60.5
545,D,1,0,9.1,6.9,8.6,6.2,68.0
546,A,1,0,4.2,5.2,7.3,6.5,55.3
546,B,1,1,6.3,8.1,5.4,7.9,79.5
546,C,1,1,9.1,7.8,7.4,5.9,83.7
546,D,1,0,9.1,5.8,6.6,5.0,60.8
547,A,1,0,8.6,6.0,7.6,3.7,59.8
547,B,1,0,8.1,8.0,6.4,4.6,61.8
547,C,0,0,8.1,5.8,8.2,6.6,47.8
547,D,0,0,8.3,7.5,9.1,5.9,51.3
548,A,1,1,7.0,5.6,8.4,5.9,78.2
548,B,1,1,7.7,8.9,6.5,5.9,81.7
548,C,1,1,7.3,6.1,4.5,6.7,74.3
548,D,0,0,8.1,7.0,8.1,7.6,51.3
549,A,1,1,7.0,7.3,6.2,8.1,81.0
549,B,1,0,5.7,9.4,6.0,6.9,63.3
549,C,1,1,7.0,7.1,4.8,8.3,78.7
549,D,1,1,5.6,9.8,7.3,7.0,82.8
550,A,1,1,5.8,3.4,8.1,8.1,75.7
550,B,0,1,8.2,6.7,7.8,5.9,64.3
550,C,1,0,8.6,6.8,6.4,7.2,65.0
550,D,1,1,7.3,6.0,8.4,6.9,81.0
551,A,1,1,8.5,3.4,6.9,7.7,77.5
551,B,0,1,6.3,8.2,5.7,6.5,61.2
551,C,1,1,7.4,6.4,5.6,6.8,77.0
551,D,0,0,3.8,8.2,6.0,6.3,40.5
552,A,1,0,5.9,3.5,5.5,7.3,53.7
552,B,0,1,7.8,8.0,4.4,6.0,60.3
552,C,1,1,7.8,8.2,6.2,5.5,79.5
552,D,1,1,6.9,7.8,8.1,4.9,79.5
553,A,1,1,4.7,7.5,6.5,5.9,74.3
553,B,1,0,6.6,8.3,8.9,7.3,68.5
553,C,1,1,5.2,4.6,5.5,6.2,69.2
553,D,1,1,8.3,6.6,7.0,5.5,79.0
554,A,1,0,4.9,3.2,5.7,7.1,51.5
554,B,0,0,6.3,7.0,7.4,7.8,47.5
554,C,1,0,9.8,7.1,6.5,6.2,66.0
554,D,0,1,4.4,5.7,7.9,5.3,55.5
555,A,0,0,9.0,5.6,6.3,5.9,44.7
555,B,1,1,7.8,7.7,8.3,6.9,84.5
555,C,1,0,4.0,7.8,4.8,5.7,53.8
555,D,0,1,8.2,8.5,7.2,5.3,65.3
556,A,1,1,8.2,4.9,7.1,7.2,79.0
556,B,1,1,6.0,6.3,6.7,6.0,75.0
556,C,0,0,6.7,4.1,6.4,7.7,41.5
556,D,0,1,9.7,8.0,7.9,5.0,67.7
557,A,1,1,6.4,5.7,7.9,6.7,77.8
557,B,1,1,7.0,8.1,9.3,7.4,86.3
557,C,1,1,6.4,9.3,3.4,6.8,76.5
557,D,0,1,7.6,7.1,6.8,6.5,63.3
558,A,1,0,6.4,4.1,6.1,7.6,57.0
558,B,1,1,8.4,6.3,8.2,4.9,79.7
558,C,1,1,9.1,6.6,6.2,9.5,85.7
558,D,0,1,7.6,9.8,6.0,6.5,66.5
559,A,1,1,6.2,7.1,5.0,5.2,72.5
559,B,1,1,5.9,7.3,7.0,7.6,79.7
559,C,1,1,6.8,5.8,5.6,7.1,75.5
559,D,0,1,9.0,6.1,6.2,7.6,64.8
560,A,0,1,7.2,6.3,7.4,4.7,59.3
560,B,1,1,9.5,9.3,7.8,7.2,89.7
560,C,1,0,8.3,5.8,6.9,5.7,61.2
560,D,1,1,9.1,7.5,6.4,5.5,80.8
561,A,0,0,7.7,5.3,6.0,7.3,43.8
561,B,1,0,6.5,5.3,6.2,6.7,57.8
561,C,0,1,6.1,5.3,7.1,6.6,58.5
561,D,0,1,5.5,8.3,8.6,6.2,64.3
562,A,0,0,8.7,7.9,6.8,4.6,46.7
562,B,1,0,6.9,6.6,8.3,4.3,60.2
562,C,1,0,9.4,9.3,6.2,8.2,71.8
562,D,0,1,7.0,6.4,5.7,7.0,60.2
563,A,1,0,7.0,6.1,6.5,5.8,59.0
563,B,0,0,6.9,7.7,6.4,6.7,46.2
563,C,1,0,7.9,6.0,6.7,6.7,62.2
563,D,0,0,7.2,7.0,7.0,6.7,46.5
564,A,1,1,7.4,5.4,5.4,7.0,75.3
564,B,0,0,7.2,7.6,8.4,5.8,48.3
564,C,0,0,8.0,5.0,8.0,5.6,44.3
564,D,1,0,6.1,7.9,8.4,8.7,68.5
565,A,1,0,3.0,10,8.1,6.5,62.7
565,B,1,1,7.7,8.5,9.1,5.3,84.3
565,C,0,1,7.1,6.7,5.0,6.5,58.8
565,D,1,1,8.2,6.3,8.4,7.8,84.5
566,A,0,0,6.1,3.9,8.6,6.8,42.3
566,B,1,1,8.7,7.0,4.8,5.7,77.0
566,C,1,1,6.6,6.5,6.0,6.4,75.8
566,D,1,1,5.6,7.8,6.3,5.8,75.8
567,A,0,1,4.6,5.3,6.1,6.2,53.7
567,B,1,1,8.3,6.8,8.3,5.8,82.0
567,C,0,1,7.7,4.9,5.4,7.6,59.3
567,D,1,0,6.6,6.8,6.7,3.4,55.8
568,A,1,0,7.4,5.5,4.6,8.0,59.2
568,B,1,0,6.8,8.5,6.6,6.1,63.3
568,C,1,0,6.6,6.3,8.0,7.2,63.5
568,D,1,1,8.1,7.7,5.3,7.3,80.7
569,A,0,1,5.0,3.1,6.4,4.6,48.5
569,B,1,0,4.4,6.9,8.4,7.2,61.5
569,C,1,1,6.8,5.7,5.8,6.3,74.3
569,D,1,1,7.5,7.6,8.7,6.8,84.3
570,A,1,1,6.3,4.4,7.9,5.8,74.0
570,B,1,1,6.5,8.4,6.8,6.5,80.3
570,C,1,1,8.9,6.3,7.5,7.8,84.2
570,D,0,0,8.6,9.0,6.5,8.0,53.5
571,A,0,1,6.1,6.6,8.4,9.6,67.8
571,B,1,1,8.6,8.0,7.0,6.9,84.2
571,C,1,1,8.0,7.1,6.8,9.4,85.5
571,D,1,1,6.2,7.8,7.4,4.9,77.2
572,A,1,0,5.4,5.9,5.5,4.7,52.5
572,B,1,1,8.3,7.9,8.5,5.4,83.5
572,C,0,1,7.6,5.7,10.0,5.7,65.0
572,D,1,1,7.4,5.4,5.2,6.5,74.2
573,A,1,0,7.6,6.9,6.8,7.9,65.3
573,B,1,1,8.4,8.4,7.6,5.7,83.5
573,C,0,1,7.6,5.4,7.4,8.5,64.8
573,D,1,1,6.5,6.4,7.7,6.1,77.8
574,A,1,1,5.3,4.4,7.1,7.8,74.3
574,B,1,0,10,5.9,5.0,8.0,64.8
574,C,0,1,6.6,6.2,6.5,8.4,62.8
574,D,0,0,8.1,5.6,7.0,4.2,41.5
575,A,0,1,6.5,7.1,6.8,3.6,56.7
575,B,1,0,8.1,10,8.3,5.2,69.3
575,C,1,0,6.0,6.8,6.0,8.9,62.8
575,D,1,1,6.1,6.5,6.0,5.2,73.0
576,A,0,1,7.2,6.1,5.7,6.3,58.8
576,B,1,1,8.2,10.0,8.3,6.2,87.8
576,C,1,0,5.7,9.4,6.2,7.0,63.8
576,D,0,1,9.1,7.3,8.3,3.6,63.8
577,A,1,1,6.5,6.3,9.9,7.3,83.3
577,B,1,0,7.6,10,9.1,7.2,73.2
577,C,1,1,7.8,6.6,6.9,9.6,84.8
577,D,0,1,7.5,7.5,7.1,3.7,59.7
578,A,1,0,7.3,4.7,6.0,8.8,61.3
578,B,1,1,7.3,8.7,6.5,6.0,80.8
578,C,1,1,6.8,4.7,3.2,10,74.5
578,D,0,1,8.3,8.2,6.2,8.6,68.8
579,A,1,0,4.2,4.8,8.6,4.2,53.0
579,B,1,1,7.8,8.0,5.3,5.4,77.5
579,C,1,0,7.3,7.1,7.8,7.4,66.0
579,D,1,1,4.6,9.1,7.4,3.9,75.0
580,A,0,0,7.1,4.8,7.9,10,49.7
580,B,1,1,9.2,8.3,5.0,3.3,76.3
580,C,1,1,6.6,7.5,5.8,6.7,77.7
580,D,1,0,6.0,7.9,5.2,5.9,58.3
581,A,1,0,6.0,6.0,7.7,5.0,57.8
581,B,1,1,8.8,7.6,8.4,7.0,86.3
581,C,1,0,6.5,7.6,5.8,5.6,59.2
581,D,1,0,7.1,6.9,7.9,1.4,55.5
582,A,1,1,5.9,5.7,6.9,5.7,73.7
582,B,1,1,6.9,9.2,7.7,6.3,83.5
582,C,1,1,7.3,5.4,6.8,10,82.5
582,D,1,1,5.8,6.9,6.5,8.0,78.7
583,A,0,0,7.0,6.0,7.7,7.9,47.7
583,B,0,0,9.5,8.2,7.3,7.8,54.7
583,C,1,0,7.3,7.9,5.2,7.0,62.3
583,D,0,0,6.9,9.1,5.4,6.5,46.5
584,A,1,0,7.3,3.8,8.7,4.4,57.0
584,B,1,1,8.5,7.6,8.0,7.4,85.8
584,C,0,1,7.2,5.9,5.7,6.7,59.2
584,D,0,1,8.4,7.4,6.4,5.9,63.5
585,A,1,1,6.6,2.6,5.2,6.5,68.2
585,B,1,0,5.5,9.8,5.6,6.0,61.5
585,C,1,1,7.0,8.1,6.6,6.4,80.2
585,D,0,0,5.7,7.0,4.3,7.2,40.3
586,A,0,1,7.2,7.0,7.7,6.0,63.2
586,B,0,0,9.8,7.1,6.9,5.2,48.3
586,C,1,0,8.3,6.3,4.5,8.3,62.3
586,D,1,1,7.6,4.4,7.5,6.4,76.5
587,A,0,0,8.7,4.9,10,6.8,50.7
587,B,0,1,5.2,8.1,7.0,7.8,63.5
587,C,0,1,5.7,6.7,4.5,7.4,57.2
587,D,0,1,7.4,9.8,6.4,6.9,67.5
588,A,1,0,5.2,6.7,8.9,4.5,58.8
588,B,1,1,9.1,9.2,7.8,6.1,87.0
588,C,1,0,7.1,6.4,5.0,9.9,64.0
588,D,0,1,8.5,5.8,7.0,6.4,62.8
589,A,1,0,5.4,7.3,6.9,3.8,55.7
589,B,1,1,9.0,5.6,6.5,5.7,78.0
589,C,1,1,9.3,6.1,6.4,7.0,81.3
589,D,1,1,6.1,8.0,6.4,6.3,78.0
590,A,1,0,5.6,6.7,6.9,7.9,61.8
590,B,0,1,7.2,9.8,5.9,5.5,64.0
590,C,1,0,6.4,5.7,6.9,10,65.0
590,D,0,1,7.0,6.1,6.1,5.1,57.2
591,A,0,1,8.5,7.5,8.2,7.2,69.0
591,B,1,1,5.1,7.8,8.9,8.3,83.5
591,C,1,1,5.3,5.6,7.1,7.0,75.0
591,D,1,1,6.6,7.5,4.4,8.2,77.8
592,A,0,0,6.8,7.0,4.9,6.9,42.7
592,B,1,0,7.3,10,6.0,8.1,69.0
592,C,1,0,7.2,7.4,6.0,5.5,60.2
592,D,0,0,8.2,6.9,7.9,4.5,45.8
593,A,0,0,7.4,6.6,5.5,6.3,43.0
593,B,1,1,8.3,8.5,7.6,7.0,85.7
593,C,1,1,9.0,4.2,4.7,6.0,73.2
593,D,1,0,7.3,8.0,7.9,3.5,61.2
594,A,1,1,6.0,5.7,4.4,5.9,70.0
594,B,0,1,7.2,9.1,5.4,6.0,62.8
594,C,0,0,7.3,6.8,7.0,8.7,49.7
594,D,0,1,8.7,8.9,6.7,7.7,70.0
595,A,0,0,7.2,5.5,7.5,8.2,47.3
595,B,1,1,9.3,8.9,6.9,9.7,91.3
595,C,1,1,6.2,6.8,6.0,7.2,77.0
595,D,1,0,7.7,6.5,6.0,6.2,60.7
596,A,1,1,7.5,8.0,5.8,5.3,77.7
596,B,0,1,7.7,9.3,7.9,6.8,69.5
596,C,1,0,7.8,6.0,6.3,9.1,65.3
596,D,1,0,6.4,7.2,7.4,6.0,61.7
597,A,1,1,7.9,7.2,8.9,7.0,85.0
597,B,0,1,8.6,8.7,7.4,6.5,68.7
597,C,1,1,6.3,7.6,5.1,7.8,78.0
597,D,1,1,7.5,8.7,5.0,3.0,73.7
598,A,1,0,4.7,4.6,4.4,5.8,49.2
598,B,1,1,9.7,10,6.5,6.2,87.3
598,C,0,0,7.3,8.2,7.8,7.0,50.5
598,D,0,1,5.6,7.5,8.1,4.2,59.0
599,A,0,0,5.4,4.1,6.1,8.6,40.3
599,B,1,0,6.8,6.8,7.7,5.4,61.2
599,C,1,1,6.9,6.2,6.8,8.2,80.2
599,D,0,1,7.0,10,7.4,5.3,66.2
600,A,1,0,6.4,6.0,5.8,7.0,58.7
600,B,1,0,8.3,6.6,7.3,5.9,63.5
600,C,0,0,7.4,5.9,6.5,7.1,44.8
600,D,1,1,7.4,8.6,6.3,6.7,81.7
601,A,1,0,5.9,6.2,7.2,7.6,61.5
601,B,1,0,7.2,10,8.3,6.0,69.2
601,C,1,0,8.1,5.6,5.1,8.6,62.3
601,D,1,0,9.3,5.3,4.5,5.3,57.3
602,A,1,1,8.1,6.2,7.4,5.3,78.3
602,B,0,1,5.5,7.2,7.9,6.9,62.5
602,C,1,1,5.5,5.7,7.0,7.6,76.3
602,D,1,1,5.7,8.6,6.5,7.5,80.5
603,A,0,1,8.9,5.7,8.0,7.5,66.8
603,B,1,1,6.1,5.1,8.7,5.3,75.3
603,C,1,1,9.5,9.7,4.7,7.7,86.0
603,D,1,1,7.8,6.6,7.3,6.3,80.0
604,A,1,0,6.9,7.5,6.7,7.5,64.3
604,B,0,1,6.7,8.0,7.1,6.9,64.5
604,C,0,1,6.6,6.7,7.2,7.4,63.2
604,D,0,1,5.3,6.8,6.7,3.9,54.5
605,A,1,0,5.9,6.1,5.5,8.0,59.2
605,B,0,1,6.7,8.4,8.3,6.8,67.0
605,C,0,0,7.2,7.2,6.6,8.3,48.8
605,D,0,0,5.9,6.1,5.5,5.6,38.5
606,A,1,0,6.5,8.2,8.2,5.4,63.8
606,B,1,1,5.1,8.0,4.9,4.0,70.0
606,C,1,1,5.5,6.7,4.0,5.0,68.7
606,D,1,1,9.0,7.9,7.1,6.3,83.8
607,A,1,1,8.4,5.0,6.2,5.7,75.5
607,B,1,0,6.2,7.1,6.7,5.9,59.8
607,C,1,0,6.3,3.9,7.1,8.2,59.2
607,D,1,0,7.2,6.1,5.3,6.3,58.2
608,A,0,1,6.9,5.5,5.9,9.3,62.7
608,B,1,0,6.0,8.0,6.1,5.8,59.8
608,C,0,1,5.8,6.6,5.9,7.0,58.8
608,D,1,1,7.0,7.4,6.1,4.9,75.7
609,A,1,0,5.4,8.5,7.8,7.9,66.0
609,B,0,1,5.7,8.5,6.7,6.0,61.5
609,C,0,1,5.3,6.6,6.5,8.7,61.8
609,D,1,1,6.5,7.6,7.9,6.0,80.0
610,A,0,0,6.3,7.4,7.0,6.7,45.7
610,B,1,1,7.5,9.4,7.8,5.0,82.8
610,C,1,1,8.1,6.1,3.7,6.8,74.5
610,D,1,1,6.6,8.6,6.2,6.8,80.3
611,A,0,1,6.0,5.8,7.1,7.1,60.0
611,B,1,1,7.7,7.7,7.3,4.9,79.3
611,C,1,0,6.2,6.3,7.5,7.9,63.2
611,D,1,1,3.9,7.9,4.4,5.1,68.8
612,A,1,0,8.3,7.3,3.9,6.2,59.5
612,B,1,1,7.8,8.6,7.2,6.2,83.0
612,C,1,1,6.4,8.4,5.4,7.4,79.3
612,D,0,1,5.7,6.6,7.1,6.0,59.0
613,A,1,1,4.0,3.3,5.1,4.9,62.2
613,B,0,1,8.2,6.9,6.0,6.3,62.3
613,C,1,1,7.6,6.7,4.3,7.5,76.8
613,D,1,1,7.2,7.3,7.4,6.3,80.3
614,A,0,0,5.3,5.9,6.4,3.9,35.8
614,B,0,1,8.2,6.6,5.9,4.9,59.3
614,C,1,0,6.7,8.3,8.4,7.6,68.3
614,D,0,1,7.9,10,6.1,3.7,62.8
615,A,1,0,6.5,7.7,5.7,7.1,61.7
615,B,1,0,6.6,7.4,7.9,6.6,64.2
615,C,1,0,4.0,5.5,7.3,7.9,57.8
615,D,1,0,7.9,8.5,5.2,3.0,57.7
616,A,1,1,6.4,4.6,9.9,5.3,77.0
616,B,1,1,8.1,6.1,5.0,7.0,77.0
616,C,1,0,6.9,6.2,7.8,4.9,59.7
616,D,1,1,7.1,8.5,4.8,7.2,79.3
617,A,0,1,6.8,7.5,3.1,8.5,59.8
617,B,1,1,7.9,6.6,6.6,8.0,81.8
617,C,0,0,6.1,7.7,7.5,6.4,46.2
617,D,1,1,5.5,6.8,8.5,7.1,79.8
618,A,1,0,6.8,5.4,7.6,4.1,56.5
618,B,1,1,7.9,10,9.0,7.7,91.0
618,C,0,1,6.1,8.4,4.6,9.9,65.0
618,D,1,1,6.4,7.6,8.5,7.0,82.5
619,A,0,0,6.0,6.6,6.2,7.1,43.2
619,B,1,1,7.3,7.9,8.0,6.2,82.3
619,C,1,1,8.5,5.6,6.8,5.3,77.0
619,D,1,1,7.5,5.8,4.9,6.4,74.3
620,A,1,1,8.3,5.5,6.3,5.0,75.2
620,B,1,1,7.2,7.4,7.7,4.9,78.7
620,C,0,1,6.5,5.8,4.0,9.2,59.2
620,D,0,0,8.1,8.5,4.1,5.2,43.2
621,A,0,1,7.7,5.4,7.9,7.3,63.8
621,B,1,0,7.5,7.6,6.9,7.0,65.0
621,C,0,0,7.2,6.7,4.8,6.4,41.8
621,D,1,0,6.5,9.6,8.6,4.4,65.2
622,A,1,1,6.7,6.8,6.4,5.2,75.2
622,B,1,0,8.9,7.1,8.1,4.9,65.0
622,C,1,1,6.1,4.6,5.5,5.7,69.8
622,D,1,1,8.5,7.6,7.2,4.9,80.3
623,A,1,1,6.1,5.3,6.7,3.6,69.5
623,B,1,1,6.5,6.1,5.6,5.9,73.5
623,C,1,0,9.4,6.3,5.9,8.8,67.3
623,D,1,0,8.1,8.3,7.1,5.9,65.7
624,A,0,1,7.1,6.4,5.8,8.1,62.3
624,B,0,0,8.3,6.9,7.0,10,53.7
624,C,1,1,7.7,5.5,6.2,7.4,78.0
624,D,0,1,6.3,7.6,7.3,8.4,66.0
625,A,0,1,5.5,4.9,4.8,6.3,52.5
625,B,1,1,6.9,8.8,7.5,8.0,85.3
625,C,0,0,8.8,7.1,4.9,5.4,43.7
625,D,0,1,6.0,7.6,6.9,6.8,62.2
626,A,1,1,7.1,3.9,4.9,6.4,70.5
626,B,1,1,6.2,7.3,7.6,8.4,82.5
626,C,0,1,7.9,8.3,6.9,8.5,69.3
626,D,0,0,5.4,5.3,6.3,6.5,39.2
627,A,0,0,5.3,5.7,4.4,6.3,36.2
627,B,0,0,8.1,5.9,8.7,7.8,50.8
627,C,1,1,7.0,8.0,5.2,6.5,77.8
627,D,1,0,8.1,6.7,5.1,6.0,59.8
628,A,1,1,6.4,6.1,5.3,5.7,72.5
628,B,1,1,8.0,8.6,7.8,7.4,86.3
628,C,1,1,8.4,6.3,6.1,9.5,83.8
628,D,0,0,8.7,7.9,5.7,7.0,48.8
629,A,0,0,5.3,5.8,8.2,2.2,35.8
629,B,1,0,6.7,7.4,6.3,7.3,62.8
629,C,1,1,6.3,8.1,8.0,4.9,78.8
629,D,0,1,5.5,7.4,5.3,3.4,52.7
630,A,1,1,4.3,6.5,6.2,5.5,70.8
630,B,1,0,6.1,7.0,6.9,5.1,58.5
630,C,1,1,6.3,7.4,3.8,6.0,72.5
630,D,1,0,5.9,7.1,7.8,3.6,57.3
631,A,0,0,5.9,7.7,6.3,6.5,44.0
631,B,0,0,7.4,10,5.7,7.3,50.7
631,C,1,0,6.2,7.6,7.0,6.5,62.2
631,D,1,0,7.2,9.3,5.9,4.8,62.0
632,A,0,1,7.2,5.4,5.8,5.2,56.0
632,B,0,1,7.4,8.4,6.6,6.2,64.3
632,C,1,1,6.8,7.8,7.1,7.6,82.2
632,D,0,0,8.6,7.4,5.5,6.4,46.5
633,A,0,1,7.7,8.6,7.0,7.8,68.5
633,B,1,0,7.4,8.5,7.2,8.9,70.0
633,C,1,0,9.6,5.3,5.8,7.7,64.0
633,D,1,0,7.2,8.2,7.2,7.0,66.0
634,A,1,0,6.1,8.3,7.8,8.7,68.2
634,B,0,1,5.6,8.5,4.5,5.8,57.3
634,C,1,0,6.2,7.3,4.7,9.1,62.2
634,D,1,0,6.0,8.2,8.2,4.9,62.2
635,A,0,0,8.4,4.0,4.8,8.4,42.7
635,B,1,1,8.3,8.5,6.7,5.3,81.3
635,C,1,0,9.9,6.2,5.5,6.8,64.0
635,D,1,1,8.0,6.2,6.5,5.4,76.8
636,A,0,0,6.4,6.1,6.2,5.5,40.3
636,B,1,1,6.5,8.0,5.1,6.6,77.0
636,C,1,0,7.4,8.6,5.9,8.7,67.7
636,D,1,0,7.1,8.7,6.6,6.4,64.7
637,A,1,1,5.8,6.7,8.2,7.5,80.3
637,B,0,0,6.4,6.0,9.7,9.4,52.5
637,C,1,1,7.6,6.8,7.4,6.3,80.2
637,D,0,0,8.0,5.0,7.3,5.5,43.0
638,A,0,1,6.2,5.9,5.7,7.0,58.0
638,B,0,1,6.9,7.9,6.6,8.3,66.2
638,C,1,0,8.8,10,6.0,8.4,72.0
638,D,0,1,7.3,7.8,7.1,7.4,66.0
639,A,1,0,5.9,5.7,9.5,6.0,61.8
639,B,0,0,9.2,8.4,7.6,4.7,49.8
639,C,1,1,7.1,6.7,4.2,5.2,72.0
639,D,1,1,6.5,6.7,5.7,5.7,74.3
640,A,0,0,8.1,8.4,6.4,6.2,48.5
640,B,1,0,5.8,9.8,6.3,4.8,61.2
640,C,1,0,8.2,9.0,7.7,8.5,72.3
640,D,0,0,6.3,6.7,6.2,4.3,39.2
641,A,1,0,8.4,5.7,6.7,6.3,61.8
641,B,1,0,7.4,7.0,8.9,6.7,66.7
641,C,0,1,6.6,5.4,4.4,8.2,57.7
641,D,1,0,8.4,6.6,8.3,5.2,64.2
642,A,0,1,5.9,5.2,7.3,7.0,59.0
642,B,1,0,8.0,7.3,8.3,7.8,69.0
642,C,1,1,6.3,9.0,6.9,6.1,80.5
642,D,1,1,5.9,5.8,8.9,5.7,77.2
643,A,0,1,5.6,5.9,7.0,5.4,56.5
643,B,1,1,6.5,7.0,8.3,6.6,80.7
643,C,0,0,6.2,8.0,7.3,7.7,48.7
643,D,1,1,6.6,8.7,5.6,5.3,77.0
644,A,1,1,5.0,7.0,5.5,7.3,74.7
644,B,1,0,6.7,9.5,6.2,3.6,60.0
644,C,1,0,7.7,6.3,7.0,7.8,64.7
644,D,1,1,5.3,8.0,8.2,4.4,76.5
645,A,0,1,6.8,5.5,6.8,5.0,56.8
645,B,1,1,7.0,7.7,7.7,5.8,80.3
645,C,0,0,5.7,8.8,6.6,5.6,44.5
645,D,1,1,7.3,7.2,3.9,6.3,74.5
646,A,1,0,7.9,7.0,6.9,5.0,61.3
646,B,0,0,7.8,8.2,7.6,7.2,51.3
646,C,1,0,7.8,6.8,7.7,6.3,64.3
646,D,1,1,7.2,8.8,7.0,6.6,82.7
647,A,0,1,6.9,5.4,8.1,7.2,62.7
647,B,1,0,8.1,8.1,9.0,6.3,69.2
647,C,1,1,8.6,5.4,7.3,4.9,77.0
647,D,1,0,7.4,7.3,7.6,6.1,64.0
648,A,0,0,4.0,6.2,6.0,7.2,39.0
648,B,0,1,6.8,8.8,6.2,5.7,62.5
648,C,1,0,6.1,8.4,4.6,8.2,62.2
648,D,1,0,6.5,8.2,5.5,7.0,62.0
649,A,0,1,6.3,4.5,6.3,7.3,57.3
649,B,1,1,7.1,6.9,5.3,5.1,74.0
649,C,0,1,4.4,6.2,9.4,9.1,65.2
649,D,1,1,6.9,7.0,7.0,5.7,77.7
650,A,0,0,8.3,3.8,7.0,6.0,41.8
650,B,0,0,7.9,6.3,6.3,8.4,48.2
650,C,1,1,6.9,5.4,4.4,6.5,72.0
650,D,0,1,7.8,8.7,6.1,6.2,64.7
651,A,0,1,7.0,7.0,6.7,6.2,61.5
651,B,0,0,7.3,7.4,5.5,8.1,47.2
651,C,1,0,6.5,4.3,6.7,8.2,59.5
651,D,1,1,9.0,7.9,6.1,6.8,83.0
652,A,0,0,5.6,4.6,7.2,6.1,39.2
652,B,0,1,8.7,7.1,6.2,5.8,63.0
652,C,1,1,9.7,8.3,8.0,7.7,89.5
652,D,1,0,6.4,7.6,8.4,6.2,64.3
653,A,1,0,7.8,6.3,7.1,7.6,64.7
653,B,1,1,9.4,6.7,7.6,7.9,86.0
653,C,1,0,6.8,6.1,7.5,9.4,66.3
653,D,1,1,7.6,7.5,4.6,6.1,76.3
654,A,1,0,6.2,4.7,6.0,5.2,53.5
654,B,0,0,8.6,9.3,8.9,5.0,53.0
654,C,1,0,7.6,8.2,5.1,6.2,61.8
654,D,1,1,7.8,6.1,6.8,4.1,74.7
655,A,1,0,7.2,5.1,6.1,6.9,58.8
655,B,1,1,6.6,8.6,8.3,4.3,79.7
655,C,0,1,6.2,7.5,4.6,6.9,58.7
655,D,1,1,6.9,7.1,5.8,4.2,73.3
656,A,0,1,7.5,5.9,7.5,5.2,60.2
656,B,1,1,9.8,7.8,5.9,4.7,80.3
656,C,1,0,8.6,6.3,6.4,6.5,63.0
656,D,0,0,7.4,7.0,7.0,6.1,45.8
657,A,1,1,5.7,6.1,9.3,5.1,77.0
657,B,1,1,8.2,4.6,6.1,5.8,74.5
657,C,0,1,6.9,6.6,6.2,7.8,62.5
657,D,0,1,7.3,7.1,6.3,6.0,61.2
658,A,0,1,6.2,4.3,7.0,6.7,57.0
658,B,1,1,7.9,7.0,10,7.0,86.5
658,C,1,1,7.3,7.2,6.3,9.2,83.3
658,D,0,1,9.3,8.2,7.0,7.4,69.8
659,A,1,1,5.5,8.6,6.8,7.0,79.8
659,B,0,1,8.6,5.8,6.4,7.8,64.3
659,C,1,1,8.1,5.8,5.4,8.3,79.3
659,D,0,0,7.9,8.7,5.8,6.0,47.3
660,A,0,1,8.4,3.2,7.3,6.0,58.2
660,B,1,0,8.9,6.3,8.1,6.5,66.3
660,C,0,1,6.9,6.6,4.7,7.2,59.0
660,D,0,1,4.9,7.9,6.4,5.7,58.2
661,A,0,1,6.7,6.5,7.1,6.8,61.8
661,B,1,0,8.8,7.0,7.9,5.1,64.7
661,C,1,1,8.1,7.5,6.1,6.6,80.5
661,D,1,1,7.9,6.1,5.8,6.0,76.3
662,A,1,0,5.7,5.1,7.8,4.0,54.3
662,B,0,0,6.9,8.1,5.0,8.2,47.0
662,C,0,1,7.8,8.1,8.9,7.6,70.7
662,D,1,0,6.7,9.1,8.7,5.4,66.5
663,A,0,0,7.5,7.3,6.0,5.2,43.3
663,B,1,0,8.0,9.3,7.2,6.8,68.8
663,C,0,0,5.4,5.5,4.0,7.4,37.2
663,D,1,0,5.6,9.6,7.3,6.2,64.5
664,A,1,0,6.5,7.1,7.3,5.7,61.0
664,B,0,0,8.6,8.2,6.5,6.2,49.2
664,C,1,1,7.6,7.1,6.0,4.3,75.0
664,D,1,0,7.3,6.2,4.5,4.7,54.5
665,A,0,0,7.0,6.7,6.3,5.1,41.8
665,B,1,0,9.6,6.3,7.4,5.7,65.0
665,C,1,0,5.6,7.7,3.7,7.7,57.8
665,D,0,1,8.4,7.4,7.4,3.7,61.5
666,A,0,0,5.8,5.6,2.8,6.0,33.7
666,B,1,1,6.5,5.9,7.6,3.9,73.2
666,C,1,1,7.4,7.4,5.7,8.0,80.8
666,D,0,1,7.9,9.4,6.7,5.0,65.0
667,A,0,1,7.8,6.7,8.3,6.7,65.8
667,B,0,0,6.2,8.6,7.1,5.7,46.0
667,C,1,1,6.6,7.5,5.2,7.6,78.2
667,D,1,0,7.4,9.8,5.7,3.4,60.5
668,A,1,0,6.2,6.0,6.0,7.1,58.8
668,B,0,1,7.6,8.6,7.2,6.4,66.3
668,C,0,1,7.3,9.4,9.0,9.6,75.5
668,D,1,0,6.8,6.5,3.8,5.2,53.8
669,A,1,1,6.6,5.9,8.0,7.5,80.0
669,B,1,1,9.0,9.2,8.6,4.9,86.2
669,C,1,0,8.3,6.2,4.9,7.5,61.5
669,D,1,1,6.6,6.2,6.9,5.9,76.0
670,A,1,0,5.7,6.3,7.3,8.1,62.3
670,B,0,0,5.5,7.8,6.7,6.8,44.7
670,C,1,1,6.6,6.6,5.7,8.1,78.3
670,D,0,1,5.8,7.0,6.3,5.7,58.0
671,A,1,0,8.3,7.0,7.0,5.3,62.7
671,B,0,0,9.4,8.5,6.7,7.2,53.0
671,C,1,0,8.6,6.0,6.2,7.0,63.0
671,D,0,1,8.0,9.0,5.3,4.7,61.7
672,A,0,0,6.8,7.8,4.1,7.5,43.7
672,B,1,0,8.0,7.3,8.4,8.0,69.5
672,C,0,1,6.2,6.9,6.9,5.4,59.0
672,D,0,1,5.5,7.4,6.6,5.5,58.3
673,A,1,1,6.9,4.4,6.7,6.4,74.0
673,B,1,1,10,7.0,7.0,5.0,81.7
673,C,0,1,8.3,9.0,7.3,8.4,71.7
673,D,1,1,9.4,7.1,5.1,6.3,79.8
674,A,0,1,6.7,6.5,5.0,7.3,59.2
674,B,0,0,8.9,8.4,7.5,5.9,51.2
674,C,0,0,6.8,8.1,6.3,8.8,50.0
674,D,1,1,10,7.8,7.5,6.1,85.7
675,A,1,0,6.4,3.6,6.4,6.2,54.3
675,B,1,0,7.6,7.1,7.8,6.7,65.3
675,C,0,1,7.2,8.9,6.9,8.2,68.7
675,D,0,0,7.5,5.6,6.1,5.0,40.3
676,A,1,1,6.4,6.2,7.2,6.3,76.8
676,B,1,1,8.8,8.9,7.8,6.9,87.3
676,C,1,1,9.1,5.7,7.1,8.3,83.7
676,D,0,0,5.7,7.7,6.5,6.1,43.3
677,A,1,1,6.4,6.7,5.3,6.1,74.2
677,B,0,0,6.6,7.6,7.6,6.5,47.2
677,C,1,0,7.4,8.8,3.0,8.3,62.5
677,D,1,1,7.9,8.4,7.6,5.0,81.5
678,A,1,0,6.6,4.6,5.9,6.3,55.7
678,B,1,1,5.7,8.2,9.0,8.1,85.0
678,C,1,0,4.9,6.9,5.4,8.7,59.8
678,D,1,0,7.5,7.1,4.8,4.4,56.3
679,A,1,1,5.2,7.3,7.1,6.5,76.8
679,B,1,0,8.4,6.9,6.0,6.3,62.7
679,C,0,0,8.4,5.0,6.0,7.4,44.7
679,D,1,0,6.1,6.0,7.1,4.6,56.3
680,A,1,0,8.1,6.3,5.4,6.5,60.5
680,B,0,1,7.2,5.7,5.2,7.4,59.2
680,C,1,0,7.3,5.1,6.2,6.3,58.2
680,D,1,0,5.8,6.7,5.8,6.3,57.7
681,A,0,1,5.3,7.1,8.1,7.7,63.7
681,B,1,1,6.9,8.4,5.9,5.6,78.0
681,C,1,0,7.7,4.8,6.1,5.7,57.2
681,D,0,1,7.8,9.4,6.5,5.7,65.7
682,A,1,0,7.0,6.1,8.4,6.9,64.0
682,B,1,1,7.7,7.0,7.7,6.0,80.7
682,C,1,0,5.1,9.1,5.4,5.8,59.0
682,D,0,1,8.0,8.7,6.0,6.9,66.0
683,A,1,0,5.3,7.2,6.8,6.0,58.8
683,B,1,1,7.9,7.9,6.7,6.6,81.8
683,C,1,1,9.6,5.2,5.6,5.8,77.0
683,D,1,1,7.8,8.5,8.3,6.2,84.7
684,A,0,1,4.6,7.3,7.8,6.7,60.7
684,B,1,1,9.9,8.1,8.3,7.0,88.8
684,C,1,1,5.1,5.9,7.6,8.4,78.3
684,D,0,1,6.1,6.9,8.1,6.4,62.5
685,A,0,0,6.3,4.1,6.3,7.5,40.3
685,B,0,1,8.9,8.5,8.1,6.9,70.7
685,C,1,1,4.7,5.4,7.5,6.2,73.0
685,D,0,0,6.9,8.9,4.9,6.6,45.5
686,A,1,0,5.3,4.4,5.6,4.7,50.0
686,B,0,1,8.6,7.3,7.4,5.8,65.2
686,C,0,0,7.4,5.8,7.7,6.9,46.3
686,D,1,1,9.0,8.3,8.0,5.8,85.2
687,A,1,0,7.1,5.4,5.9,6.0,57.3
687,B,0,1,7.2,6.3,6.4,8.2,63.5
687,C,1,1,7.5,8.9,6.6,6.4,82.3
687,D,1,1,9.9,7.8,6.4,5.0,81.8
688,A,1,1,4.7,4.4,4.4,4.9,64.0
688,B,1,1,8.9,9.9,8.0,8.1,91.5
688,C,1,1,6.2,5.8,6.6,7.8,77.3
688,D,0,1,7.7,6.3,6.2,6.6,61.3
689,A,1,0,7.6,7.2,6.7,6.7,63.7
689,B,1,0,6.5,4.8,6.6,6.9,58.0
689,C,0,0,5.3,5.8,6.2,5.3,37.7
689,D,0,1,8.2,8.3,4.9,6.8,63.7
690,A,1,0,7.2,4.6,6.5,5.7,56.7
690,B,1,1,9.1,8.8,7.7,6.3,86.5
690,C,1,1,8.3,7.5,4.8,6.9,79.2
690,D,0,1,6.9,8.4,7.9,5.1,63.8
691,A,1,0,5.0,6.1,5.5,7.2,56.3
691,B,0,0,6.3,8.2,6.2,7.6,47.2
691,C,1,1,5.9,7.7,5.6,6.7,76.5
691,D,1,0,8.3,7.2,6.1,5.0,61.0
692,A,1,1,5.3,6.1,6.2,7.8,75.7
692,B,1,1,5.5,6.4,6.8,5.7,74.0
692,C,0,1,6.3,5.2,5.9,5.7,55.2
692,D,0,1,6.6,7.0,4.8,4.9,55.5
693,A,1,0,7.9,6.8,6.6,7.6,64.8
693,B,1,1,7.7,7.2,6.9,4.2,76.7
693,C,0,0,5.6,8.6,6.5,8.5,48.7
693,D,1,1,8.2,6.8,5.8,8.6,82.3
694,A,0,1,5.8,4.3,7.4,7.8,58.8
694,B,1,1,9.3,7.4,8.4,6.6,86.2
694,C,1,1,6.9,7.7,8.0,7.9,84.2
694,D,1,0,9.2,9.1,6.3,6.7,68.8
695,A,0,1,6.5,6.4,5.8,5.5,57.0
695,B,1,1,9.7,8.7,8.5,4.4,85.5
695,C,0,1,7.3,6.8,8.2,4.7,61.7
695,D,0,1,8.6,6.8,8.6,5.6,66.0
696,A,1,0,5.6,5.1,5.8,7.5,56.7
696,B,1,0,6.5,10,5.6,7.0,65.2
696,C,1,0,7.2,7.0,3.3,6.5,56.7
696,D,0,1,7.8,7.6,5.8,3.9,58.5
697,A,0,1,8.3,6.0,7.5,6.9,64.5
697,B,0,1,8.5,8.2,6.2,7.1,66.7
697,C,0,1,7.9,7.0,5.8,5.2,59.8
697,D,1,0,8.5,7.5,6.1,7.5,66.0
698,A,0,0,7.5,5.7,6.8,7.8,46.3
698,B,1,1,7.0,7.7,7.2,5.5,79.0
698,C,0,1,7.8,8.0,4.8,7.6,63.7
698,D,1,1,6.1,6.6,4.7,5.6,71.7
699,A,1,1,6.4,4.8,5.1,6.6,71.5
699,B,1,1,7.4,6.7,6.1,5.4,76.0
699,C,1,0,7.5,7.4,7.6,7.4,66.5
699,D,1,1,7.4,9.4,5.7,5.7,80.3
700,A,1,0,6.4,4.3,6.5,6.5,56.2
700,B,1,1,8.0,7.3,4.6,8.1,80.0
700,C,1,1,6.6,7.3,5.3,6.0,75.3
700,D,1,0,8.9,6.7,6.2,9.3,68.5
701,A,0,1,7.4,4.4,7.5,5.9,58.7
701,B,0,1,5.6,7.0,6.6,5.9,58.5
701,C,1,1,7.5,6.9,5.0,7.4,78.0
701,D,1,1,6.1,7.2,6.4,7.3,78.3
702,A,0,1,7.0,5.5,6.8,6.1,59.0
702,B,1,1,8.1,6.9,7.3,6.0,80.5
702,C,1,1,5.6,9.2,6.6,10,85.7
702,D,0,1,7.8,8.3,6.7,5.6,64.0
703,A,0,1,6.8,6.2,8.8,7.3,65.2
703,B,0,0,8.4,8.2,5.8,4.9,45.5
703,C,0,0,8.2,6.5,7.5,7.3,49.2
703,D,0,1,7.3,7.2,5.7,4.4,57.7
704,A,1,1,5.4,5.7,5.8,6.8,72.8
704,B,1,1,4.6,7.5,5.2,6.7,73.3
704,C,0,1,6.8,7.9,4.7,8.5,63.2
704,D,1,1,7.2,7.1,7.0,2.2,72.5
705,A,1,1,5.2,4.7,6.6,8.8,75.5
705,B,0,0,6.7,8.8,5.4,6.4,45.5
705,C,1,0,7.7,6.1,7.0,7.5,63.8
705,D,1,1,7.6,9.7,6.8,3.6,79.5
706,A,0,1,5.3,6.8,6.8,5.1,56.7
706,B,1,0,8.3,9.6,5.8,5.9,66.0
706,C,0,1,6.3,6.4,3.5,7.6,56.3
706,D,0,0,6.9,7.8,6.9,6.2,46.3
707,A,1,0,7.4,5.2,6.7,5.4,57.8
707,B,1,1,7.7,6.6,8.1,5.2,79.3
707,C,1,0,6.0,6.7,7.8,9.7,67.0
707,D,0,1,6.1,8.0,7.0,3.1,57.0
708,A,1,0,9.6,5.4,6.0,5.6,61.0
708,B,1,1,9.0,8.0,5.6,7.9,84.2
708,C,1,0,6.1,8.0,5.8,8.1,63.3
708,D,1,0,7.9,10,7.9,4.1,66.5
709,A,1,0,6.0,7.0,7.3,9.0,65.5
709,B,1,1,6.2,5.9,6.4,6.3,74.7
709,C,1,0,7.7,3.4,5.9,5.5,54.2
709,D,1,1,6.6,6.8,6.0,6.0,75.7
710,A,0,0,7.7,5.7,5.7,7.8,44.8
710,B,0,1,9.0,7.1,6.2,6.0,63.8
710,C,0,0,7.6,7.4,6.0,5.2,43.7
710,D,0,0,8.7,9.4,6.0,5.2,48.8
711,A,1,1,6.2,7.1,8.1,5.7,78.5
711,B,1,1,10,7.5,8.7,4.5,84.5
711,C,1,1,6.7,8.7,4.4,8.0,79.7
711,D,1,0,6.8,6.6,6.7,5.5,59.3
712,A,1,1,6.3,5.6,6.8,7.2,76.5
712,B,1,1,6.0,6.3,7.2,7.7,78.7
712,C,1,0,7.4,6.5,5.7,8.5,63.5
712,D,1,1,7.2,9.9,6.7,5.7,82.5
713,A,1,0,6.4,5.5,7.0,6.3,58.7
713,B,1,1,7.8,6.3,6.7,6.2,78.3
713,C,1,0,6.8,7.3,5.3,4.6,56.7
713,D,1,0,8.2,7.6,8.4,5.7,66.5
714,A,1,0,6.4,5.3,7.3,9.3,63.8
714,B,0,1,5.8,6.4,7.5,5.6,58.8
714,C,1,1,6.6,6.7,3.6,8.8,76.2
714,D,0,0,7.7,9.0,7.4,5.9,50.0
715,A,1,1,7.1,6.2,5.4,7.3,76.7
715,B,1,1,7.6,7.9,4.1,6.9,77.5
715,C,1,0,9.6,5.0,6.0,5.9,60.8
715,D,1,0,6.5,6.8,6.0,4.3,56.0
716,A,0,0,8.4,3.9,6.7,9.9,48.2
716,B,0,1,9.3,8.1,6.3,4.6,63.8
716,C,0,0,8.2,6.6,4.8,7.3,44.8
716,D,0,1,5.5,6.7,7.5,5.0,57.8
717,A,1,1,3.2,6.7,6.9,8.9,76.2
717,B,0,1,7.2,6.6,4.4,7.3,59.2
717,C,0,0,4.4,7.8,5.8,8.9,44.8
717,D,0,0,9.3,9.0,4.6,6.2,48.5
718,A,1,0,6.5,5.3,10,7.1,64.8
718,B,0,1,6.7,9.5,7.4,6.2,66.3
718,C,0,1,6.1,7.8,6.9,5.7,60.8
718,D,0,1,7.1,6.0,5.2,6.4,57.8
719,A,0,1,6.9,7.5,6.3,7.7,64.0
719,B,1,1,6.9,7.8,7.9,6.5,81.8
719,C,1,1,6.7,6.8,7.3,5.6,77.3
719,D,1,1,6.2,5.5,6.4,6.0,73.5
720,A,0,0,7.2,6.9,6.5,5.9,44.2
720,B,1,1,6.0,7.0,7.4,6.2,77.7
720,C,1,1,7.5,6.1,4.7,9.3,79.3
720,D,1,0,8.6,7.9,5.9,5.3,62.8
721,A,1,1,4.0,5.5,8.2,6.3,73.3
721,B,1,0,7.9,7.9,6.0,5.4,62.0
721,C,0,1,7.9,7.0,5.8,6.8,62.5
721,D,1,0,7.8,5.9,6.9,6.6,62.0
722,A,1,0,6.8,4.7,5.5,7.5,57.5
722,B,1,1,8.4,7.7,9.1,6.5,86.2
722,C,0,0,5.2,7.5,6.9,6.2,43.0
722,D,1,1,5.0,7.5,8.7,5.1,77.2
723,A,0,1,4.8,2.9,5.9,7.3,51.5
723,B,1,1,6.0,9.5,5.7,7.5,81.2
723,C,1,1,7.4,6.4,6.9,6.6,78.8
723,D,0,0,6.3,7.0,3.7,8.2,42.0
724,A,1,0,7.7,7.0,6.6,5.7,61.7
724,B,1,1,7.2,9.3,7.4,6.6,84.2
724,C,0,1,8.3,6.4,5.2,6.6,60.8
724,D,1,0,7.0,7.0,8.1,6.2,63.8
725,A,1,0,4.0,5.6,4.6,4.7,48.2
725,B,0,1,8.7,6.6,6.8,6.4,64.2
725,C,0,1,6.6,7.0,4.6,8.3,60.8
725,D,1,0,8.0,6.2,8.2,5.3,62.8
726,A,1,1,6.5,4.8,7.5,6.8,76.0
726,B,1,1,8.3,9.2,7.3,4.5,82.2
726,C,1,1,6.5,6.9,4.3,8.4,76.8
726,D,0,1,7.9,6.8,7.0,5.4,61.8
727,A,1,1,6.0,5.1,6.9,7.2,75.3
727,B,0,0,7.1,9.8,7.0,6.2,50.2
727,C,1,1,6.2,8.2,7.1,5.5,78.3
727,D,1,0,8.1,8.6,7.3,4.8,64.7
728,A,1,1,5.4,4.3,6.7,6.0,70.7
728,B,0,1,6.2,5.2,9.3,5.3,60.0
728,C,1,1,6.2,6.1,5.1,8.1,75.8
728,D,0,0,6.6,6.7,6.3,5.1,41.2
729,A,1,1,8.8,2.9,6.2,6.7,74.3
729,B,1,1,7.4,8.3,7.9,5.5,81.8
729,C,1,1,7.1,7.0,5.2,5.8,75.2
729,D,1,0,8.2,9.3,5.7,6.0,65.3
730,A,0,0,7.3,9.1,5.8,6.3,47.5
730,B,1,0,8.4,5.5,5.8,7.0,61.2
730,C,1,0,7.9,7.7,7.1,6.6,65.5
730,D,0,1,7.6,7.3,6.9,6.4,63.7
731,A,1,0,7.6,5.3,5.7,7.4,60.0
731,B,0,0,5.3,9.2,7.7,6.1,47.2
731,C,1,0,8.1,6.2,4.0,6.4,57.8
731,D,1,1,10,4.2,6.8,6.3,78.8
732,A,0,0,5.4,6.6,5.2,7.3,40.8
732,B,1,1,5.7,7.7,8.3,6.0,79.5
732,C,0,1,8.1,5.8,6.5,5.5,59.8
732,D,1,1,9.7,8.0,7.5,7.4,87.7
733,A,1,1,6.6,5.6,7.7,6.1,76.7
733,B,1,1,5.4,6.9,7.8,4.3,74.0
733,C,1,0,7.9,6.1,5.5,8.4,63.2
733,D,0,1,7.3,8.1,5.1,5.6,60.2
734,A,0,1,5.2,6.7,6.5,6.0,57.3
734,B,0,0,8.9,8.0,8.0,6.8,52.8
734,C,1,1,6.4,5.4,5.6,6.7,73.5
734,D,0,1,8.2,8.1,6.6,5.4,63.8
735,A,0,0,7.3,4.5,6.4,6.1,40.5
735,B,1,1,8.2,8.6,7.3,6.5,84.3
735,C,1,1,9.5,7.2,8.5,7.8,88.3
735,D,1,1,8.4,6.3,7.5,6.0,80.3
736,A,1,0,7.4,6.0,3.6,8.1,58.5
736,B,0,1,8.4,8.2,4.7,6.0,62.2
736,C,0,0,8.2,4.1,5.9,7.5,42.8
736,D,0,1,6.2,10,4.9,6.1,62.0
737,A,0,0,5.5,7.0,5.7,6.4,41.0
737,B,0,1,7.3,5.9,10,6.7,66.5
737,C,1,0,6.6,7.0,5.4,6.9,59.8
737,D,1,1,7.8,5.9,7.7,5.1,77.5
738,A,0,0,6.5,6.2,5.3,6.2,40.3
738,B,1,1,8.6,9.8,7.2,8.0,89.3
738,C,1,1,8.0,6.5,7.2,7.3,81.7
738,D,0,1,6.0,8.3,6.8,6.1,62.0
739,A,0,1,6.4,7.1,7.2,6.1,61.3
739,B,0,0,8.3,6.0,7.6,6.6,47.5
739,C,0,1,8.3,5.5,5.4,8.9,63.5
739,D,0,0,8.1,9.2,8.7,8.0,56.7
740,A,0,1,4.7,4.3,7.9,6.4,55.5
740,B,0,1,6.8,7.8,5.7,4.4,57.8
740,C,1,1,8.6,5.8,5.6,6.4,77.3
740,D,1,1,7.7,6.8,6.4,4.5,75.7
741,A,0,0,6.8,5.1,8.6,5.2,42.8
741,B,1,1,5.0,6.4,7.4,6.7,75.8
741,C,1,1,6.4,7.8,6.4,7.5,80.2
741,D,1,0,6.3,7.3,7.5,7.7,64.7
742,A,1,1,7.2,8.7,8.4,5.6,83.2
742,B,1,0,7.7,7.4,5.5,6.7,62.2
742,C,0,1,5.8,7.8,7.9,6.1,62.7
742,D,0,1,9.0,7.2,7.0,6.0,65.3
743,A,1,0,7.8,5.0,5.3,7.7,59.7
743,B,1,0,5.9,9.9,9.0,6.9,69.5
743,C,1,0,8.3,7.8,7.4,7.5,68.3
743,D,0,0,4.7,7.5,5.4,3.8,35.7
744,A,0,1,5.0,7.3,5.7,6.5,57.5
744,B,1,1,7.5,7.1,8.2,5.1,79.8
744,C,1,1,8.3,5.0,6.1,7.9,78.8
744,D,1,0,6.3,7.4,4.9,5.3,56.5
745,A,1,1,8.6,7.7,9.7,8.9,91.5
745,B,1,0,9.9,7.3,9.1,8.0,73.8
745,C,1,0,5.3,7.6,3.9,7.1,56.5
745,D,0,1,10,9.1,5.9,5.2,67.0
746,A,1,1,5.8,6.9,6.7,4.8,73.7
746,B,1,0,8.2,4.7,8.5,6.1,62.5
746,C,1,0,3.3,6.3,5.8,8.3,56.2
746,D,0,0,7.1,7.1,7.5,7.1,48.0
747,A,1,1,7.9,4.1,7.3,5.8,75.2
747,B,1,1,7.0,7.5,6.7,3.6,74.7
747,C,1,1,6.2,7.7,7.2,6.6,79.5
747,D,1,0,5.8,8.0,5.8,6.8,60.7
748,A,1,0,7.3,5.7,6.4,7.6,61.7
748,B,1,1,6.8,7.7,8.4,7.1,83.3
748,C,1,1,8.3,7.7,4.2,9.6,83.0
748,D,1,0,7.7,6.6,6.3,6.5,61.8
749,A,0,0,6.3,7.8,5.1,6.9,43.5
749,B,1,0,5.1,9.7,6.1,6.3,62.0
749,C,0,1,8.9,4.3,4.8,8.0,60.0
749,D,1,0,8.3,7.4,6.0,6.2,63.2
750,A,1,0,5.8,4.7,7.5,5.9,56.5
750,B,0,1,7.7,7.4,9.0,7.3,69.0
750,C,1,1,9.2,8.4,5.1,8.7,85.7
750,D,1,0,8.3,7.0,6.8,6.1,63.7
751,A,1,1,5.1,4.6,6.7,5.0,69.0
751,B,1,1,6.0,7.6,8.4,5.4,79.0
751,C,1,0,8.1,8.9,3.4,6.2,61.0
751,D,1,0,7.9,8.8,3.7,6.9,62.2
752,A,0,1,7.2,3.8,6.8,6.7,57.5
752,B,1,1,7.3,8.5,6.0,5.5,78.8
752,C,1,1,7.3,7.6,8.3,6.1,82.2
752,D,0,0,9.7,6.6,6.2,7.1,49.3
753,A,0,0,5.7,4.2,6.7,5.6,37.0
753,B,0,0,7.3,7.6,6.3,5.4,44.3
753,C,0,1,5.9,7.1,6.7,4.1,56.3
753,D,0,1,6.6,9.1,7.5,5.7,64.8
754,A,1,0,8.9,9.6,6.1,6.2,68.0
754,B,0,0,7.3,6.1,8.1,7.0,47.5
754,C,1,0,5.8,8.5,4.8,8.3,62.3
754,D,0,0,7.7,5.4,7.1,3.5,39.5
755,A,1,0,4.4,5.5,8.2,6.5,57.7
755,B,1,0,7.9,8.9,6.5,7.4,67.8
755,C,1,1,7.2,6.2,6.6,7.9,79.8
755,D,0,1,4.6,5.7,6.2,5.6,53.5
756,A,1,0,5.0,4.6,5.6,7.4,54.3
756,B,1,0,7.7,8.4,7.1,7.1,67.2
756,C,0,0,5.3,8.4,5.7,5.8,42.0
756,D,1,1,8.4,5.1,6.1,3.6,72.0
757,A,1,0,6.4,9.4,5.4,5.7,61.5
757,B,1,1,6.5,9.7,4.2,5.6,76.7
757,C,1,1,6.6,7.1,6.7,7.6,80.0
757,D,1,1,5.9,6.9,6.4,6.5,76.2
758,A,1,0,6.9,6.6,8.7,6.5,64.5
758,B,0,0,8.1,5.2,8.1,6.4,46.3
758,C,1,1,4.3,6.1,5.9,8.0,73.8
758,D,0,1,6.6,7.0,9.1,5.0,62.8
759,A,1,0,4.2,6.1,7.0,6.6,56.5
759,B,1,1,7.4,7.1,7.5,4.0,76.7
759,C,1,1,8.4,4.5,7.5,7.2,79.3
759,D,1,1,7.8,9.4,7.7,5.7,84.3
760,A,1,1,9.2,7.1,6.4,7.0,82.8
760,B,1,1,8.5,8.0,5.8,6.7,81.7
760,C,1,0,5.5,7.3,6.6,7.0,60.7
760,D,0,0,5.9,8.4,7.7,6.7,47.8
761,A,1,0,7.3,7.8,5.3,5.0,59.0
761,B,0,1,6.3,7.8,7.8,5.4,62.2
761,C,0,1,5.5,6.8,5.8,9.4,62.5
761,D,0,0,6.1,8.9,7.0,7.5,49.2
762,A,0,0,7.0,7.7,6.8,6.8,47.2
762,B,0,0,9.0,5.7,6.3,6.9,46.5
762,C,1,0,7.0,7.3,5.2,4.9,57.3
762,D,0,1,8.4,8.3,6.0,5.2,63.2
763,A,0,1,4.8,5.6,6.1,5.8,53.8
763,B,1,0,7.3,7.1,6.8,3.7,58.2
763,C,1,1,6.4,8.5,8.1,7.3,83.8
763,D,1,0,7.7,7.5,7.6,6.8,66.0
764,A,0,1,7.5,6.4,6.3,5.9,60.2
764,B,0,0,6.5,7.2,7.3,7.4,47.3
764,C,0,0,7.0,6.0,6.9,8.9,48.0
764,D,1,1,5.6,7.4,6.2,6.8,76.7
765,A,1,0,6.4,6.8,7.7,6.3,62.0
765,B,0,1,5.6,7.6,7.7,4.2,58.5
765,C,1,0,6.5,7.1,5.7,5.6,58.2
765,D,0,1,7.9,6.0,4.9,6.4,58.7
766,A,1,1,5.7,4.6,7.5,8.2,76.7
766,B,0,1,5.1,6.1,5.4,6.1,54.5
766,C,1,1,7.9,7.0,6.0,9.5,84.0
766,D,1,1,7.0,6.6,6.2,2.8,71.0
767,A,1,1,6.9,6.2,6.9,5.2,75.3
767,B,0,1,7.3,8.1,7.7,4.1,62.0
767,C,1,1,6.1,6.6,7.5,7.6,79.7
767,D,1,1,6.8,8.5,6.7,8.2,83.7
768,A,0,0,5.6,6.3,8.6,7.2,46.2
768,B,1,1,6.5,8.6,8.4,8.3,86.3
768,C,0,0,6.1,7.7,7.9,6.6,47.2
768,D,1,1,6.2,7.7,4.9,4.4,72.0
769,A,0,1,7.0,4.7,7.7,6.1,59.2
769,B,1,0,7.5,6.4,6.8,4.8,59.2
769,C,1,1,6.1,4.6,6.7,5.3,71.2
769,D,1,1,7.6,10,6.4,5.3,82.2
770,A,0,0,6.8,7.1,7.6,5.9,45.7
770,B,1,0,6.3,7.9,6.3,7.8,63.8
770,C,0,0,8.0,7.4,5.7,7.4,47.5
770,D,0,1,7.2,9.6,5.4,5.5,62.8
771,A,1,1,5.8,6.7,7.7,7.3,79.2
771,B,1,0,8.3,8.8,8.6,4.5,67.0
771,C,1,0,9.0,5.5,4.6,7.1,60.3
771,D,1,0,9.1,9.0,6.7,7.2,70.0
772,A,0,1,5.5,6.3,6.1,6.4,57.2
772,B,1,1,7.4,5.5,7.8,5.6,77.2
772,C,1,0,6.8,6.1,5.4,5.0,55.5
772,D,1,0,5.8,6.1,6.2,3.4,52.5
773,A,1,1,6.1,6.8,6.1,8.2,78.7
773,B,1,1,7.3,8.5,9.5,7.3,87.7
773,C,1,1,8.5,7.5,4.6,7.2,79.7
773,D,0,1,7.8,8.5,6.0,7.1,65.7
774,A,1,1,8.0,4.9,8.6,5.8,78.8
774,B,0,1,7.7,9.2,8.6,6.9,70.7
774,C,1,0,7.0,9.4,4.8,6.9,63.5
774,D,0,0,7.5,8.7,7.3,6.8,50.5
775,A,1,0,7.0,7.4,5.6,6.3,60.5
775,B,1,0,6.3,7.1,6.8,8.0,63.7
775,C,0,1,7.8,6.9,6.3,6.2,62.0
775,D,1,0,5.9,7.2,7.1,7.0,62.0
776,A,1,0,6.6,5.4,6.2,7.3,59.2
776,B,1,1,8.2,7.6,6.4,7.3,82.5
776,C,1,0,6.7,6.3,5.9,6.1,58.3
776,D,0,0,6.8,8.6,6.8,4.4,44.3
777,A,1,1,5.5,6.4,7.4,6.3,76.0
777,B,1,0,7.8,6.7,4.6,6.1,58.7
777,C,1,1,8.1,5.3,6.5,7.5,79.0
777,D,0,0,8.2,6.1,6.8,5.5,44.3
778,A,1,1,6.3,6.6,8.3,3.8,75.0
778,B,1,0,7.6,7.1,8.0,5.3,63.3
778,C,1,1,7.2,5.8,6.4,6.9,77.2
778,D,1,1,6.2,7.2,4.7,5.4,72.5
779,A,1,1,6.9,4.8,7.3,7.4,77.3
779,B,1,0,9.9,7.9,8.7,5.2,69.5
779,C,1,0,7.3,6.2,5.5,7.0,60.0
779,D,1,0,6.2,8.1,3.9,3.8,53.3
780,A,1,1,8.3,7.3,6.0,3.6,75.3
780,B,0,1,7.9,7.7,6.6,7.6,66.3
780,C,1,0,8.7,7.5,7.1,7.5,68.0
780,D,0,0,6.5,8.9,6.8,5.3,45.8
781,A,0,0,5.6,9.8,6.0,5.5,44.8
781,B,1,0,9.0,9.7,6.1,4.3,65.2
781,C,0,1,7.8,5.3,5.4,9.1,62.7
781,D,1,1,5.6,7.7,5.5,7.9,77.8
782,A,1,0,6.1,4.5,8.5,5.9,58.3
782,B,0,1,9.6,8.4,6.7,6.5,68.7
782,C,1,1,5.4,4.8,5.2,8.4,73.0
782,D,1,1,4.5,8.2,5.9,5.5,73.5
783,A,0,1,4.7,4.6,7.8,6.3,55.7
783,B,1,1,7.5,8.5,7.3,5.7,81.7
783,C,0,0,7.0,6.1,7.0,6.1,43.7
783,D,1,0,9.6,7.8,6.4,6.0,66.3
784,A,1,0,7.8,6.6,7.7,5.8,63.2
784,B,1,1,8.1,6.3,5.1,7.3,78.0
784,C,0,0,4.0,6.5,6.4,8.6,42.5
784,D,1,1,9.0,9.5,5.4,4.5,80.7
785,A,1,0,8.5,6.6,7.1,7.1,65.5
785,B,1,1,5.9,7.0,6.8,6.5,77.0
785,C,0,0,4.4,4.3,5.1,6.6,34.0
785,D,1,0,4.6,7.2,6.9,6.7,59.0
786,A,1,0,7.2,6.6,7.4,6.8,63.3
786,B,1,1,6.3,5.6,5.2,7.3,74.0
786,C,0,1,7.6,8.7,7.4,8.0,69.5
786,D,0,0,7.7,7.4,7.4,6.2,47.8
787,A,1,0,8.5,7.4,7.1,6.9,66.5
787,B,1,1,9.1,7.4,6.8,7.8,85.2
787,C,0,1,6.7,8.5,6.3,6.5,63.3
787,D,0,0,6.9,8.1,7.7,5.8,47.5
788,A,0,0,8.2,3.9,5.9,3.2,35.3
788,B,1,0,7.2,8.2,6.3,6.7,64.0
788,C,0,1,5.8,5.2,5.9,6.7,56.0
788,D,1,1,7.1,7.3,5.8,8.2,80.7
789,A,1,1,4.4,6.9,5.3,6.5,71.8
789,B,1,0,7.5,8.1,6.2,5.6,62.3
789,C,1,0,7.7,6.9,7.9,6.3,64.7
789,D,1,1,6.4,7.8,7.4,7.1,81.2
790,A,1,1,8.0,6.1,7.6,5.8,79.2
790,B,1,0,7.8,8.8,5.7,5.7,63.3
790,C,1,0,7.6,6.1,6.8,8.1,64.3
790,D,0,0,7.1,6.6,7.4,9.5,51.0
791,A,1,0,8.2,4.0,8.6,6.6,62.3
791,B,1,1,6.8,6.3,6.3,7.2,77.7
791,C,1,1,6.8,6.1,5.3,9.6,79.7
791,D,0,1,7.7,6.4,6.9,6.2,62.0
792,A,0,1,5.8,4.5,7.1,4.8,53.7
792,B,1,1,10,9.8,5.7,7.6,88.5
792,C,0,1,8.0,7.2,8.5,7.6,68.8
792,D,1,1,5.5,8.8,5.9,8.4,81.0
793,A,0,0,4.4,5.9,8.8,7.5,44.3
793,B,1,1,6.9,8.0,5.7,4.5,75.2
793,C,1,0,5.4,7.2,7.4,8.6,64.3
793,D,1,1,5.0,9.6,5.0,4.4,73.3
794,A,0,0,5.3,6.4,9.6,8.0,48.8
794,B,1,0,7.9,7.7,6.6,6.6,64.7
794,C,1,1,6.9,8.0,9.0,5.4,82.2
794,D,0,0,7.4,7.8,6.8,8.1,50.2
795,A,1,0,5.3,3.9,6.9,7.0,55.2
795,B,1,1,7.6,7.3,5.2,6.1,77.0
795,C,1,0,8.5,7.0,6.7,8.1,67.2
795,D,0,0,8.1,6.5,7.3,6.0,46.5
796,A,1,1,5.2,6.2,6.6,7.8,76.3
796,B,1,1,8.3,5.8,8.2,6.0,80.5
796,C,0,0,6.7,6.6,6.5,6.1,43.2
796,D,1,1,5.9,7.8,7.8,4.6,76.8
797,A,0,1,4.6,7.4,6.0,7.6,59.3
797,B,1,1,7.3,8.0,6.7,6.9,81.5
797,C,1,1,7.7,6.1,7.2,6.2,78.7
797,D,1,1,8.9,8.7,9.4,4.9,86.5
798,A,1,1,6.3,5.5,7.6,5.7,75.2
798,B,0,0,6.0,6.6,7.0,3.8,39.0
798,C,1,1,6.6,9.0,5.8,7.1,80.8
798,D,1,0,8.8,9.1,6.9,3.6,64.0
799,A,1,0,8.6,3.6,8.1,6.6,61.5
799,B,1,1,8.9,9.7,7.5,6.3,87.3
799,C,1,1,8.2,7.5,5.3,7.1,80.2
799,D,1,0,7.1,7.5,7.6,6.3,64.2
800,A,1,1,7.1,5.0,5.4,5.5,71.7
800,B,1,1,8.4,9.3,7.6,7.1,87.3
800,C,1,1,5.3,6.1,6.1,9.1,77.7
800,D,0,1,6.3,7.2,5.1,6.4,58.3
801,A,0,0,8.0,5.6,6.7,5.2,42.5
801,B,0,1,5.5,6.7,7.0,6.5,59.5
801,C,0,1,5.0,8.3,6.3,7.8,62.3
801,D,0,1,7.8,6.9,7.6,8.2,67.5
802,A,1,0,5.9,5.0,6.0,5.2,53.5
802,B,1,0,7.2,9.6,7.8,6.7,68.8
802,C,1,1,7.4,7.1,6.8,7.6,81.5
802,D,1,0,6.9,6.4,7.2,5.7,60.3
803,A,1,0,7.3,6.3,6.3,8.7,64.3
803,B,1,1,9.7,6.8,7.8,7.4,86.2
803,C,1,0,5.9,6.8,5.9,9.2,63.0
803,D,1,0,7.4,6.3,9.3,6.6,66.0
804,A,0,0,4.9,3.1,5.1,6.7,33.0
804,B,1,1,6.9,7.5,7.4,5.7,79.2
804,C,1,1,6.7,8.9,7.1,8.3,85.0
804,D,1,1,8.1,7.2,7.7,7.1,83.5
805,A,1,0,7.4,3.8,7.1,5.3,56.0
805,B,1,1,8.3,8.6,10,5.9,88.0
805,C,0,1,8.2,7.7,6.5,7.2,66.0
805,D,1,0,6.5,7.3,6.8,7.6,63.7
806,A,1,0,6.8,4.9,8.4,6.1,60.3
806,B,0,0,9.1,5.6,6.2,9.1,50.0
806,C,1,1,8.2,9.1,4.7,6.5,80.8
806,D,0,1,6.2,8.6,7.6,9.0,69.0
807,A,0,0,6.4,7.4,5.6,8.0,45.7
807,B,0,1,6.1,7.6,5.3,7.7,61.2
807,C,0,0,6.1,8.0,4.8,7.3,43.7
807,D,1,0,9.6,5.9,7.4,5.8,64.5
808,A,0,0,7.2,4.7,9.1,7.4,47.3
808,B,1,0,6.8,6.6,5.5,5.6,57.5
808,C,1,1,6.2,7.3,6.3,3.2,71.7
808,D,0,0,7.6,9.5,7.0,8.0,53.5
809,A,0,0,5.2,4.9,8.6,9.0,46.2
809,B,1,1,7.9,6.3,8.7,6.2,81.8
809,C,1,1,5.1,8.5,6.5,7.2,78.8
809,D,1,1,8.9,8.9,6.2,5.0,81.7
810,A,0,1,6.3,6.1,3.5,6.0,53.2
810,B,1,1,7.4,7.5,6.2,6.6,79.5
810,C,1,0,7.2,6.8,4.0,8.5,60.8
810,D,1,1,8.9,7.6,5.7,5.8,80.0
811,A,0,0,5.5,7.1,7.3,5.2,41.8
811,B,1,1,7.0,6.7,9.3,8.0,85.0
811,C,1,0,7.1,5.1,4.3,7.1,56.0
811,D,1,1,6.8,5.7,7.4,6.3,77.0
812,A,1,0,8.3,6.7,6.7,6.8,64.2
812,B,0,1,5.8,10,8.1,8.2,70.2
812,C,1,1,8.2,5.2,7.4,5.7,77.5
812,D,1,0,8.3,8.1,6.7,4.2,62.2
813,A,1,1,8.0,4.2,5.3,7.9,75.7
813,B,1,0,6.6,6.2,6.7,4.9,57.3
813,C,1,1,9.4,8.3,5.2,6.8,82.8
813,D,1,1,7.2,7.9,5.5,7.7,80.5
814,A,1,0,5.0,6.1,6.6,4.6,53.8
814,B,0,1,8.6,8.6,5.3,7.2,66.2
814,C,0,1,6.2,9.1,7.9,7.4,67.7
814,D,0,0,5.6,8.7,7.5,4.1,43.2
815,A,1,0,6.3,7.3,4.6,7.0,58.7
815,B,1,0,6.6,8.0,6.9,5.4,61.5
815,C,0,1,8.4,9.0,6.8,7.8,70.0
815,D,1,1,8.7,6.0,5.6,4.9,75.3
816,A,0,1,8.2,4.3,7.0,6.5,60.0
816,B,1,0,7.6,5.8,5.9,5.4,57.8
816,C,0,0,8.4,10,3.9,5.7,46.7
816,D,1,1,6.9,8.0,7.6,6.1,81.0
817,A,0,1,5.8,3.4,6.1,6.9,53.7
817,B,1,1,5.8,7.7,9.1,5.3,79.8
817,C,1,0,7.8,6.9,7.4,7.8,66.5
817,D,1,1,9.5,7.9,7.7,5.9,85.0
818,A,1,0,6.6,5.7,6.9,4.8,56.7
818,B,1,0,4.6,7.3,5.7,6.0,56.0
818,C,1,1,7.4,7.5,5.4,7.2,79.2
818,D,1,0,7.4,5.4,8.2,3.2,57.0
819,A,1,0,7.7,5.1,6.4,5.2,57.3
819,B,1,1,7.9,7.2,7.1,6.8,81.7
819,C,0,0,7.6,5.7,6.3,6.8,44.0
819,D,1,1,6.8,6.6,5.5,7.5,77.3
820,A,0,1,4.9,6.4,6.0,4.3,52.7
820,B,1,1,7.8,6.1,7.7,6.2,79.7
820,C,1,0,7.0,6.0,5.2,6.9,58.5
820,D,1,1,7.7,6.9,5.6,5.9,76.8
821,A,1,1,7.6,6.4,7.0,5.4,77.3
821,B,1,0,9.6,9.7,7.0,5.2,69.2
821,C,1,1,9.7,7.2,5.3,9.9,86.8
821,D,0,1,5.9,6.7,6.4,6.8,59.7
822,A,1,0,5.3,4.4,6.4,5.1,52.0
822,B,1,0,6.8,6.6,7.6,6.1,61.8
822,C,1,0,9.1,9.4,6.7,8.6,73.0
822,D,1,1,6.2,5.8,6.5,5.8,73.8
823,A,0,1,7.7,8.4,4.8,9.5,67.3
823,B,1,1,6.9,5.3,6.8,4.5,72.5
823,C,1,1,6.0,6.4,6.1,6.9,75.7
823,D,1,1,8.3,5.5,5.7,6.4,76.5
824,A,1,1,5.9,4.3,5.9,5.6,69.5
824,B,1,1,7.2,5.1,7.1,4.8,73.7
824,C,0,0,6.8,7.3,5.2,5.0,40.5
824,D,1,1,7.5,8.1,6.5,5.8,79.8
825,A,1,0,6.3,6.6,4.9,5.2,55.0
825,B,1,1,8.1,9.2,7.2,6.6,85.2
825,C,1,1,7.6,7.2,6.5,8.8,83.5
825,D,1,0,5.7,8.7,7.4,6.1,63.2
826,A,1,0,5.7,7.2,7.0,4.0,56.5
826,B,1,1,7.4,7.5,5.9,7.1,79.8
826,C,1,1,6.0,6.8,5.7,8.4,78.2
826,D,1,1,8.5,7.8,7.7,4.5,80.8
827,A,1,1,7.2,6.1,5.8,6.2,75.5
827,B,0,0,6.5,8.8,7.8,7.3,50.7
827,C,1,0,9.3,5.6,6.3,5.4,61.0
827,D,0,1,7.5,8.9,7.6,5.8,66.3
828,A,0,0,8.3,4.1,6.3,6.1,41.3
828,B,0,0,8.2,9.9,10,6.8,58.2
828,C,0,0,6.3,6.7,6.5,6.3,43.0
828,D,1,1,7.8,6.8,6.1,4.8,75.8
829,A,0,1,5.7,5.1,6.4,6.9,56.8
829,B,0,0,5.5,8.3,6.1,6.3,43.7
829,C,1,1,5.7,6.7,7.3,8.0,79.5
829,D,1,1,7.4,6.6,5.8,5.0,74.7
830,A,1,1,7.6,6.8,6.0,7.4,79.7
830,B,1,1,8.8,9.7,5.4,6.0,83.2
830,C,1,0,10.0,7.7,8.3,6.2,70.3
830,D,1,0,5.6,5.2,5.8,5.9,54.2
831,A,1,0,4.8,7.3,8.5,7.0,62.7
831,B,1,1,7.6,6.4,8.2,7.0,82.0
831,C,1,1,8.0,8.4,3.1,8.5,80.0
831,D,1,1,6.1,6.9,7.0,5.3,75.5
832,A,1,1,4.5,6.7,8.2,7.2,77.7
832,B,1,1,8.6,8.0,7.1,6.9,84.3
832,C,0,1,7.4,5.7,6.5,5.9,59.2
832,D,1,1,6.7,8.4,7.2,7.8,83.5
833,A,1,0,7.1,5.4,7.1,5.2,58.0
833,B,1,0,5.8,8.8,5.8,4.6,58.3
833,C,1,0,8.0,5.0,5.5,6.8,58.8
833,D,1,0,6.0,8.2,7.1,4.4,59.5
834,A,0,0,8.0,8.3,7.5,5.8,49.3
834,B,1,0,7.5,8.2,7.8,3.3,61.3
834,C,0,0,8.5,4.0,7.3,7.4,45.3
834,D,0,1,4.6,6.0,6.1,4.5,52.0
835,A,1,1,6.9,5.9,6.2,4.4,72.3
835,B,0,1,6.8,8.0,6.5,5.7,61.7
835,C,1,1,5.6,6.5,8.0,6.9,78.3
835,D,0,1,8.0,10,7.8,7.3,71.8
836,A,1,1,7.6,6.4,7.8,6.8,81.0
836,B,1,1,8.4,7.7,9.0,8.0,88.5
836,C,1,1,4.8,5.5,6.5,7.0,73.0
836,D,0,1,9.4,7.1,8.5,6.2,68.7
837,A,0,1,6.1,5.0,5.9,2.7,49.5
837,B,1,1,10,7.5,7.6,6.8,86.5
837,C,1,1,8.6,7.0,6.6,6.4,81.0
837,D,0,1,5.1,6.3,7.8,7.3,60.8
838,A,1,0,8.3,5.4,7.9,7.0,64.3
838,B,1,0,4.8,6.4,8.0,5.0,57.0
838,C,1,0,7.4,7.9,5.2,7.1,62.7
838,D,1,0,8.5,9.6,6.4,7.2,69.5
839,A,1,1,6.7,7.7,7.1,6.1,79.3
839,B,1,1,7.5,10,5.4,6.4,82.2
839,C,0,1,4.4,5.9,6.8,7.2,57.2
839,D,1,1,6.5,4.1,6.0,5.6,70.3
840,A,0,1,8.2,8.8,6.1,6.3,65.7
840,B,1,0,6.5,7.8,7.6,9.5,69.0
840,C,1,0,7.9,4.3,5.8,6.5,57.5
840,D,1,1,8.7,6.9,4.9,3.8,73.8
841,A,1,0,6.3,5.0,6.2,5.4,54.8
841,B,1,1,6.3,9.2,6.1,3.9,75.8
841,C,1,1,6.4,8.2,3.9,4.7,72.0
841,D,1,1,7.3,7.5,6.8,7.2,81.3
842,A,1,0,7.6,4.6,9.0,6.5,62.8
842,B,1,0,6.1,7.6,6.6,5.1,59.0
842,C,1,1,8.6,5.1,7.0,5.8,77.5
842,D,1,1,7.6,8.6,5.2,7.3,81.2
843,A,0,0,7.2,7.0,5.6,6.7,44.2
843,B,1,1,7.9,7.0,3.9,7.0,76.3
843,C,1,1,6.4,7.4,7.1,9.2,83.5
843,D,1,1,9.3,6.1,5.4,7.0,79.7
844,A,1,1,4.5,7.2,8.0,5.7,75.7
844,B,1,1,8.9,8.3,8.5,5.7,85.7
844,C,1,1,5.8,6.2,9.1,7.0,80.2
844,D,1,1,6.7,8.1,8.3,4.2,78.8
845,A,0,1,6.2,6.3,7.1,7.1,61.2
845,B,1,0,7.7,8.8,8.0,6.9,69.0
845,C,1,0,5.7,6.5,7.4,4.8,57.3
845,D,0,1,7.5,8.8,6.5,5.1,63.2
846,A,1,0,5.3,5.2,7.9,4.9,55.5
846,B,1,1,7.3,7.4,7.1,6.0,79.7
846,C,1,0,9.3,5.6,7.8,6.5,65.3
846,D,1,0,6.6,7.4,6.0,5.0,58.3
847,A,1,1,7.2,5.0,7.6,6.8,77.7
847,B,0,1,9.0,7.3,6.5,4.4,62.0
847,C,1,1,5.1,3.1,6.0,5.6,66.3
847,D,1,0,8.9,8.4,6.0,6.0,65.5
848,A,0,0,7.7,7.8,5.2,8.3,48.3
848,B,1,0,6.4,9.9,8.2,5.4,66.5
848,C,0,0,7.6,4.4,5.4,7.3,41.2
848,D,1,0,6.5,4.8,8.9,5.2,59.0
849,A,0,1,6.4,7.0,7.3,8.1,64.7
849,B,0,0,7.1,7.3,9.3,3.7,45.7
849,C,1,1,6.3,6.1,6.9,6.9,77.0
849,D,1,1,7.3,7.3,5.5,7.0,78.5
850,A,1,0,5.4,6.0,5.5,6.9,56.3
850,B,1,0,6.2,9.0,6.3,8.2,66.2
850,C,0,0,5.5,8.8,6.4,5.6,43.8
850,D,0,0,8.3,8.2,8.2,6.4,51.8
851,A,0,0,5.2,5.4,5.3,6.3,37.0
851,B,0,1,6.7,5.7,6.7,6.5,59.3
851,C,1,1,5.9,8.0,5.7,9.6,82.0
851,D,1,1,6.4,8.1,6.8,5.8,78.5
852,A,1,0,7.5,6.3,6.2,7.5,62.5
852,B,1,1,8.4,8.8,8.4,6.3,86.5
852,C,1,0,7.7,6.2,7.1,9.5,67.5
852,D,1,1,6.9,8.1,8.1,6.7,83.0
853,A,0,1,7.3,5.2,7.2,7.5,62.0
853,B,1,1,5.5,7.3,6.7,8.5,80.0
853,C,0,1,6.6,9.3,7.2,3.8,61.5
853,D,0,0,6.9,7.4,6.0,7.9,47.0
854,A,1,1,5.5,4.3,4.8,7.4,70.0
854,B,0,1,6.5,8.2,7.0,8.1,66.3
854,C,1,0,7.2,6.5,3.4,5.9,55.0
854,D,0,1,4.4,7.5,5.6,3.0,50.8
855,A,0,1,8.2,7.4,8.0,8.2,69.7
855,B,1,1,7.5,6.1,7.8,7.4,81.3
855,C,1,1,5.5,7.2,5.3,6.9,74.8
855,D,0,1,7.2,8.0,6.9,4.2,60.5
856,A,1,0,5.9,6.0,8.0,6.4,60.5
856,B,1,1,6.1,9.1,8.8,6.2,83.7
856,C,1,1,6.7,6.6,6.6,6.8,77.8
856,D,1,0,6.2,6.7,5.2,7.0,58.5
857,A,1,0,6.9,5.7,7.1,7.5,62.0
857,B,1,0,8.3,9.8,8.7,5.3,70.2
857,C,1,0,9.8,9.7,4.2,8.5,70.3
857,D,0,1,6.0,6.3,7.3,4.9,57.5
858,A,1,1,7.9,7.5,7.2,5.7,80.5
858,B,1,1,8.9,7.5,7.9,8.0,87.2
858,C,1,0,4.0,7.3,5.4,8.3,58.3
858,D,0,0,7.3,8.8,8.1,4.1,47.2
859,A,1,0,8.2,6.3,6.0,6.5,61.7
859,B,1,0,7.5,9.2,6.3,7.1,66.8
859,C,0,1,6.8,7.3,6.5,7.5,63.5
859,D,1,0,6.3,9.2,6.0,4.1,59.3
860,A,0,0,6.8,5.6,6.6,7.7,44.5
860,B,1,1,6.7,6.1,7.2,6.3,77.2
860,C,1,0,8.0,6.3,7.8,7.5,66.0
860,D,1,1,6.2,8.3,5.2,7.7,79.0
861,A,0,1,6.3,7.5,5.8,8.1,62.8
861,B,0,0,7.9,9.2,6.4,7.3,51.3
861,C,1,1,7.4,7.2,7.3,4.6,77.5
861,D,1,0,8.7,8.2,5.8,7.2,66.5
862,A,1,1,3.3,5.4,7.3,5.9,69.8
862,B,0,1,7.8,9.1,7.8,6.8,69.2
862,C,1,0,6.4,6.2,6.0,7.4,60.0
862,D,0,0,6.5,6.6,8.5,5.8,45.7
863,A,1,0,7.1,7.1,6.0,7.0,62.0
863,B,0,1,7.5,8.0,8.4,7.1,68.3
863,C,1,1,7.7,5.2,5.2,6.9,75.0
863,D,1,1,7.8,7.1,7.6,7.6,83.5
864,A,1,1,5.2,7.5,7.3,5.8,76.3
864,B,1,1,7.2,8.6,7.5,5.7,81.7
864,C,0,1,8.9,5.7,5.9,9.4,66.5
864,D,1,1,9.4,6.8,4.7,4.7,76.0
865,A,0,0,5.6,6.3,8.0,8.4,47.2
865,B,1,1,7.3,10,7.9,5.7,84.8
865,C,1,0,6.3,6.4,5.7,5.7,56.8
865,D,1,1,7.6,6.9,7.8,3.8,76.8
866,A,0,1,7.6,4.9,6.1,8.2,61.3
866,B,1,1,5.8,8.5,7.5,4.6,77.3
866,C,1,1,6.6,8.0,5.6,9.0,82.0
866,D,1,1,6.2,6.4,6.6,4.2,72.3
867,A,1,0,6.9,6.4,5.2,7.5,60.0
867,B,1,0,7.0,8.3,7.1,6.4,64.7
867,C,1,1,7.0,5.2,6.0,7.1,75.5
867,D,1,1,8.7,6.7,6.8,5.1,78.8
868,A,0,0,7.0,7.9,8.2,6.1,48.7
868,B,1,1,6.9,6.0,5.9,6.7,75.8
868,C,0,1,8.4,8.0,8.8,6.5,69.5
868,D,0,0,6.5,6.3,6.5,4.8,40.2
869,A,1,1,6.3,6.7,5.8,7.1,76.5
869,B,0,1,6.5,7.7,6.2,4.6,58.3
869,C,1,0,3.9,6.4,6.9,6.7,56.5
869,D,0,1,7.3,8.3,6.7,5.6,63.2
870,A,0,1,6.4,4.8,5.3,6.0,54.2
870,B,1,0,7.9,10,5.7,8.9,70.8
870,C,1,1,9.4,6.4,6.3,9.0,85.2
870,D,0,0,7.6,5.9,6.8,6.5,44.7
871,A,1,0,7.6,5.3,7.4,6.4,61.2
871,B,1,1,6.5,8.5,5.2,4.4,74.3
871,C,1,1,7.3,5.1,5.3,8.8,77.5
871,D,0,0,7.5,10,6.4,6.2,50.2
872,A,1,0,7.8,4.6,6.3,5.3,56.7
872,B,1,0,7.2,7.2,6.1,4.1,57.7
872,C,1,1,8.1,6.4,7.7,7.4,82.7
872,D,0,0,4.6,7.1,7.6,5.8,41.8
873,A,1,1,6.6,6.0,7.1,5.0,74.5
873,B,1,0,5.8,9.6,7.1,6.8,65.5
873,C,1,0,6.7,8.8,2.5,8.0,60.0
873,D,0,0,4.8,7.1,8.3,3.4,39.3
874,A,0,0,5.6,5.7,7.3,8.1,44.5
874,B,0,1,8.8,8.6,7.6,7.3,70.5
874,C,1,0,8.1,6.6,5.8,4.6,58.5
874,D,0,1,8.3,9.4,5.7,6.0,65.7
875,A,1,0,8.4,7.8,5.9,6.0,63.5
875,B,0,1,6.1,8.1,4.9,5.8,58.2
875,C,1,1,7.8,7.2,6.3,6.2,79.2
875,D,1,1,7.0,8.2,8.5,6.0,82.8
876,A,1,1,9.8,5.4,6.8,5.9,79.8
876,B,1,1,8.3,7.4,5.3,6.4,79.0
876,C,1,1,6.8,6.2,5.9,6.9,76.3
876,D,1,0,6.8,5.1,6.6,5.6,56.8
877,A,1,1,7.0,5.1,7.7,8.3,80.2
877,B,1,1,9.2,8.5,6.9,6.3,84.8
877,C,1,1,6.9,7.1,5.5,7.1,77.7
877,D,0,1,4.9,7.1,6.3,6.4,57.8
878,A,0,1,6.0,5.0,7.6,7.6,60.3
878,B,0,0,4.5,6.3,5.9,5.9,37.7
878,C,0,1,10,5.4,6.4,8.9,67.8
878,D,1,0,7.0,7.7,6.8,4.6,60.2
879,A,1,1,4.9,5.2,5.1,8.4,72.7
879,B,0,1,7.4,8.5,8.1,7.1,68.5
879,C,1,0,7.4,7.4,4.1,6.9,59.7
879,D,1,0,5.0,7.5,5.7,5.2,55.7
880,A,1,1,7.9,4.7,8.5,6.5,79.3
880,B,1,0,8.3,8.1,5.6,7.9,66.5
880,C,1,0,6.6,7.4,7.6,6.6,63.7
880,D,0,1,6.7,7.8,5.3,3.8,56.0
881,A,0,0,6.8,6.5,6.7,6.4,44.0
881,B,1,1,8.0,8.4,6.7,6.8,83.2
881,C,0,0,7.7,6.4,3.5,7.3,41.5
881,D,1,0,5.8,7.9,7.5,5.7,61.5
882,A,1,1,6.3,6.8,7.3,7.3,79.5
882,B,1,0,5.9,7.7,8.4,7.3,65.5
882,C,1,0,5.6,6.4,7.3,6.2,59.2
882,D,0,0,9.0,7.6,7.8,4.3,47.8
883,A,0,1,8.5,6.1,6.9,6.3,63.0
883,B,1,0,9.0,8.2,6.1,5.3,64.3
883,C,1,1,6.9,8.7,7.9,5.0,80.8
883,D,0,0,6.8,8.9,6.9,1.7,40.5
884,A,0,0,7.7,5.1,7.4,7.9,46.8
884,B,0,1,6.1,6.3,8.4,6.3,61.8
884,C,0,1,7.6,6.3,4.6,7.5,60.0
884,D,0,1,8.8,7.2,5.0,5.7,61.2
885,A,1,0,10,6.3,8.9,8.5,72.8
885,B,1,0,8.1,8.6,7.4,5.4,65.8
885,C,0,0,7.0,7.0,4.6,9.8,47.3
885,D,1,0,6.3,7.0,7.4,6.3,61.7
886,A,1,0,7.0,7.5,8.0,6.9,65.7
886,B,1,0,8.7,6.1,7.5,5.5,63.0
886,C,0,0,4.5,7.9,4.8,5.3,37.5
886,D,1,0,6.9,6.6,5.9,8.1,62.5
887,A,1,1,7.9,5.4,6.6,7.8,79.5
887,B,1,0,8.7,6.4,6.8,6.8,64.5
887,C,1,1,8.2,7.4,6.9,6.3,81.3
887,D,1,1,8.9,6.0,6.5,6.9,80.5
888,A,1,1,8.2,5.5,3.9,4.4,70.0
888,B,1,1,5.6,7.1,7.9,7.5,80.2
888,C,1,1,7.9,7.3,6.7,6.4,80.5
888,D,0,0,8.8,6.9,7.4,6.7,49.7
889,A,1,0,6.6,5.1,5.3,5.7,54.5
889,B,0,0,7.8,7.5,6.0,7.1,47.3
889,C,1,1,7.6,6.2,8.1,5.6,79.2
889,D,1,1,6.3,6.9,8.2,3.2,74.3
890,A,0,1,9.1,7.3,5.1,6.4,63.2
890,B,1,1,5.5,7.2,6.6,6.8,76.8
890,C,0,0,5.8,4.9,5.4,8.1,40.3
890,D,0,0,8.2,6.6,7.4,7.0,48.7
891,A,1,0,8.3,6.0,7.1,6.4,63.0
891,B,1,1,5.9,6.4,8.6,7.6,80.8
891,C,1,1,7.8,10,4.3,7.9,83.3
891,D,1,0,4.3,9.0,9.5,4.3,61.8
892,A,1,1,7.2,5.2,6.8,5.2,74.0
892,B,1,0,6.3,6.8,7.7,6.0,61.3
892,C,1,1,5.9,5.5,5.4,6.8,72.7
892,D,1,0,6.8,9.6,7.6,4.2,63.7
893,A,1,0,6.7,5.9,8.4,5.1,60.2
893,B,1,0,8.2,6.8,8.3,4.3,62.7
893,C,1,1,5.3,5.8,4.8,6.1,70.0
893,D,0,0,7.7,10,4.6,6.7,48.3
894,A,1,0,7.8,6.1,6.9,7.0,63.0
894,B,1,1,8.9,8.1,5.0,7.2,82.0
894,C,0,1,7.9,7.1,8.2,6.2,65.7
894,D,1,1,7.5,6.9,6.9,2.9,73.7
895,A,1,0,6.1,2.9,5.3,1.0,42.2
895,B,0,1,8.0,9.0,8.2,7.9,71.8
895,C,0,0,6.6,6.7,7.2,6.0,44.2
895,D,1,1,7.8,8.0,6.5,4.7,78.3
896,A,1,1,8.6,8.8,4.5,5.7,79.3
896,B,1,1,9.4,7.7,8.7,6.5,87.2
896,C,0,1,7.1,5.3,5.3,5.8,55.8
896,D,0,1,6.7,5.6,5.0,7.5,58.0
897,A,1,1,6.7,7.7,6.7,4.9,76.7
897,B,0,1,6.0,7.9,8.8,7.0,66.2
897,C,1,0,8.4,5.3,5.9,6.8,60.7
897,D,1,1,8.2,6.5,5.0,6.2,76.5
898,A,1,1,4.7,5.7,6.0,6.0,70.7
898,B,1,1,7.5,7.8,6.3,7.4,81.7
898,C,1,0,7.7,6.5,5.1,9.2,64.2
898,D,0,1,4.0,8.3,8.3,4.6,58.7
899,A,1,0,7.1,4.5,6.9,8.5,61.7
899,B,1,1,8.6,6.3,6.2,4.4,75.8
899,C,0,1,5.2,8.1,5.9,9.1,63.8
899,D,1,0,6.9,6.6,2.4,6.2,53.5
900,A,0,1,8.5,6.4,6.5,5.5,61.5
900,B,1,1,8.8,8.6,6.4,6.6,84.0
900,C,1,1,9.1,9.8,5.7,8.3,88.2
900,D,1,1,5.8,6.0,7.1,6.1,75.0
901,A,0,1,5.0,5.8,5.7,6.7,55.3
901,B,1,1,7.8,7.3,7.6,6.2,81.5
901,C,1,1,7.8,7.3,8.2,8.4,86.2
901,D,1,0,7.9,9.7,7.4,7.3,70.5
902,A,0,1,6.7,6.9,7.8,5.9,62.2
902,B,1,1,6.1,5.9,6.4,8.2,77.7
902,C,1,1,6.9,8.3,6.4,8.0,82.7
902,D,1,1,8.4,7.6,7.6,6.0,82.7
903,A,1,1,4.0,6.1,7.5,7.7,75.5
903,B,0,1,5.1,8.1,7.2,6.5,61.5
903,C,1,0,5.9,7.5,6.2,6.6,60.3
903,D,1,0,6.2,7.5,7.2,6.3,62.0
904,A,1,0,7.7,6.1,5.7,6.1,59.3
904,B,0,1,9.3,7.9,6.2,6.5,66.5
904,C,0,1,6.1,8.2,6.3,7.4,63.3
904,D,0,0,8.3,7.1,5.7,6.6,46.2
905,A,0,0,8.0,7.7,7.1,6.5,48.8
905,B,0,1,5.7,7.1,8.8,3.5,58.5
905,C,1,0,7.2,5.5,4.5,6.9,56.8
905,D,0,1,6.7,7.2,5.6,5.6,58.5
906,A,1,0,6.8,6.5,4.2,7.3,58.0
906,B,1,0,7.6,8.1,6.5,5.5,62.8
906,C,1,1,5.0,4.5,6.1,6.6,70.3
906,D,1,1,7.2,8.2,7.7,7.3,84.0
907,A,1,1,6.8,2.7,7.7,5.2,70.7
907,B,0,0,6.9,7.5,7.5,8.7,51.0
907,C,1,0,6.9,7.5,6.1,6.7,62.0
907,D,1,1,8.2,5.6,6.8,8.6,82.0
908,A,1,0,8.1,7.7,7.8,5.1,64.5
908,B,1,0,8.7,8.2,7.9,5.9,67.8
908,C,1,0,6.8,6.1,5.0,7.3,58.7
908,D,1,1,7.7,6.3,8.5,6.1,81.0
909,A,0,1,6.8,5.8,5.1,7.1,58.0
909,B,1,1,7.8,8.1,6.0,8.2,83.5
909,C,1,1,8.2,8.0,5.5,8.4,83.5
909,D,1,1,6.2,8.3,6.3,5.9,77.8
910,A,0,1,6.1,5.5,6.6,5.4,56.0
910,B,1,1,9.2,6.2,6.9,4.8,78.5
910,C,1,0,8.6,8.2,8.9,9.5,75.3
910,D,1,0,6.2,7.4,9.3,7.5,67.3
911,A,1,0,5.7,5.7,6.3,9.0,61.2
911,B,1,1,5.8,8.1,7.1,4.7,76.2
911,C,1,1,5.1,8.4,2.5,6.6,71.0
911,D,1,0,5.4,4.5,7.3,4.3,52.5
912,A,1,1,6.2,4.6,7.6,4.9,72.2
912,B,0,1,7.3,10,7.7,4.2,65.3
912,C,1,1,8.4,7.5,7.5,6.3,82.8
912,D,0,0,8.7,8.5,6.4,3.7,45.5
913,A,1,1,8.6,7.8,8.5,6.1,85.0
913,B,1,1,7.4,8.6,6.9,7.5,84.0
913,C,0,1,9.1,7.7,5.3,6.5,64.3
913,D,0,0,6.5,9.5,6.2,5.9,46.8
914,A,1,1,6.5,4.7,6.6,6.1,73.2
914,B,0,0,8.7,7.8,7.7,5.8,50.0
914,C,1,0,6.5,5.1,6.2,5.9,56.2
914,D,1,1,6.7,8.2,6.9,7.3,81.8
915,A,1,0,5.9,6.9,6.9,5.8,59.2
915,B,1,0,6.3,10,8.4,6.5,68.7
915,C,0,1,7.4,7.6,6.4,6.8,63.7
915,D,1,0,8.9,7.0,7.2,7.1,67.0
916,A,0,1,3.6,5.5,6.1,6.6,53.0
916,B,1,0,6.2,5.3,7.6,3.9,55.0
916,C,1,1,3.1,6.6,8.3,7.5,75.8
916,D,0,0,6.4,9.0,5.0,5.7,43.5
917,A,1,1,7.7,8.3,5.5,5.2,77.8
917,B,1,1,6.9,7.5,7.9,5.4,79.5
917,C,1,0,7.3,8.2,6.8,8.3,67.7
917,D,1,1,6.2,5.4,5.4,4.5,69.2
918,A,1,1,6.8,5.0,6.5,6.4,74.5
918,B,1,0,5.3,7.3,8.3,4.3,58.7
918,C,1,1,8.9,7.4,3.4,8.7,80.7
918,D,0,0,7.2,6.7,7.9,6.8,47.7
919,A,0,0,7.5,7.1,8.3,6.8,49.5
919,B,1,1,8.3,8.3,6.3,6.8,82.8
919,C,1,0,7.8,9.1,6.4,6.2,65.8
919,D,1,0,7.3,7.0,5.6,6.0,59.8
920,A,0,0,7.2,5.0,7.3,6.6,43.5
920,B,0,0,6.6,6.0,6.9,7.3,44.7
920,C,1,0,8.4,7.9,7.1,7.7,68.5
920,D,0,0,6.5,5.7,7.9,6.4,44.2
921,A,1,1,9.4,5.6,9.0,5.3,82.2
921,B,1,0,9.0,6.4,7.0,5.7,63.5
921,C,0,0,7.2,7.7,7.1,7.5,49.2
921,D,0,0,10,7.1,7.4,6.3,51.3
922,A,1,0,5.5,6.1,6.7,6.2,57.5
922,B,1,1,9.0,6.1,7.5,5.2,79.7
922,C,1,0,5.0,6.4,6.3,7.8,59.2
922,D,0,0,10,6.4,4.6,5.6,44.3
923,A,0,0,4.2,4.8,4.9,6.0,33.2
923,B,1,1,7.8,6.7,5.8,8.1,80.7
923,C,1,1,8.2,5.3,7.1,5.5,76.8
923,D,0,1,7.6,10,6.8,6.7,68.5
924,A,0,1,6.5,4.0,6.3,6.5,55.5
924,B,1,0,9.5,7.8,5.9,5.2,64.0
924,C,1,0,7.3,8.0,7.3,5.7,63.8
924,D,0,1,4.5,7.8,5.7,6.3,57.2
925,A,1,1,7.7,8.3,5.1,5.5,77.7
925,B,1,1,6.6,10,6.8,7.4,84.7
925,C,1,1,6.4,5.1,3.5,8.2,72.0
925,D,0,1,8.9,9.9,4.0,4.6,62.3
926,A,1,0,6.8,5.4,7.4,5.4,58.3
926,B,1,1,6.3,9.0,5.3,6.4,78.3
926,C,1,0,7.1,5.4,6.5,7.7,61.2
926,D,0,1,8.6,5.2,7.7,7.7,65.3
927,A,1,1,7.4,5.0,6.5,8.7,79.3
927,B,0,1,6.4,6.6,7.7,6.3,61.7
927,C,1,0,6.4,7.8,5.6,7.8,62.7
927,D,1,1,7.2,8.3,5.1,4.3,74.8
928,A,1,1,6.8,6.0,9.0,6.6,80.7
928,B,0,1,6.6,8.8,6.0,6.1,62.5
928,C,0,1,6.9,7.5,6.2,9.0,66.0
928,D,0,1,6.7,5.6,6.4,6.2,58.2
929,A,1,0,9.3,8.5,4.8,6.2,64.7
929,B,0,1,5.3,4.3,9.2,6.1,58.2
929,C,1,0,8.8,5.9,7.3,8.3,67.2
929,D,1,0,5.8,7.7,5.3,4.2,55.0
930,A,1,1,7.3,6.7,6.7,6.6,78.8
930,B,0,0,8.7,7.9,7.9,5.0,49.2
930,C,1,0,7.4,7.1,4.7,6.1,58.8
930,D,1,0,8.4,7.3,6.1,5.9,62.8
931,A,1,0,9.1,5.4,7.1,8.4,66.7
931,B,1,1,6.0,5.4,7.7,5.7,74.7
931,C,1,0,7.0,8.7,5.8,7.9,65.7
931,D,0,1,8.4,7.0,7.2,4.9,62.5
932,A,1,0,5.5,5.6,5.6,4.8,52.5
932,B,0,0,6.8,7.5,7.8,4.8,44.8
932,C,1,1,6.6,4.4,6.8,5.7,72.5
932,D,1,1,9.0,7.0,5.2,5.3,77.5
933,A,1,0,6.0,7.4,6.9,5.9,60.3
933,B,1,0,8.1,8.1,7.9,5.3,65.7
933,C,0,1,6.7,6.9,5.0,6.4,58.3
933,D,0,1,9.1,6.9,5.9,6.4,63.8
934,A,1,0,7.7,5.7,8.4,7.1,64.8
934,B,0,0,8.1,8.6,7.3,6.4,50.7
934,C,1,1,8.0,6.5,6.9,7.3,81.2
934,D,0,1,9.4,6.3,5.9,6.5,63.5
935,A,1,0,5.2,5.5,4.8,8.0,55.8
935,B,1,0,7.6,6.4,7.8,8.1,66.5
935,C,0,1,9.9,6.9,5.7,6.4,64.8
935,D,1,0,6.9,7.4,7.6,3.9,59.7
936,A,1,0,3.9,5.5,7.5,6.6,55.8
936,B,1,0,9.1,6.6,7.1,5.5,63.8
936,C,0,0,5.1,7.5,6.2,6.3,41.8
936,D,0,1,5.2,7.5,6.9,4.8,57.3
937,A,0,0,7.0,4.8,6.4,6.4,41.0
937,B,1,1,7.7,7.5,5.9,5.9,78.3
937,C,0,0,7.9,7.5,6.5,7.4,48.8
937,D,0,1,7.1,5.8,8.6,7.2,64.5
938,A,1,1,6.7,6.5,6.2,4.8,73.7
938,B,0,1,8.5,8.4,6.7,7.0,67.7
938,C,1,1,8.2,7.0,6.6,6.8,81.0
938,D,0,1,7.9,8.0,7.3,8.1,68.8
939,A,0,0,5.2,6.9,6.8,5.7,41.0
939,B,0,1,7.1,9.9,7.1,4.7,64.7
939,C,1,1,6.9,7.0,6.6,8.4,81.5
939,D,1,0,6.2,5.1,8.3,4.7,57.2
940,A,1,1,7.3,7.9,6.0,3.5,74.5
940,B,0,1,8.6,8.3,5.4,7.1,65.7
940,C,1,0,7.8,4.7,4.9,8.4,59.7
940,D,1,0,6.9,7.6,5.8,6.1,60.7
941,A,1,1,7.1,4.2,8.4,5.1,74.7
941,B,1,1,7.4,7.7,6.9,6.5,80.8
941,C,0,1,7.8,8.6,8.2,7.7,70.5
941,D,0,1,8.5,7.8,7.4,7.7,69.0
942,A,1,1,6.0,6.4,7.0,3.4,71.3
942,B,1,0,10,8.5,8.7,6.3,72.5
942,C,1,0,6.5,5.7,4.6,4.0,51.3
942,D,0,0,7.6,10,5.1,4.9,46.0
943,A,0,1,6.8,8.5,9.6,7.3,70.3
943,B,1,0,8.7,6.6,8.1,6.3,66.2
943,C,1,0,6.2,6.8,7.3,8.2,64.2
943,D,0,1,6.2,9.2,6.7,6.8,64.8
944,A,1,1,5.1,4.7,4.3,8.0,70.2
944,B,1,0,7.8,8.1,7.6,5.3,64.7
944,C,1,0,7.1,7.2,5.7,7.5,62.5
944,D,1,0,8.9,7.0,6.2,6.2,63.8
945,A,1,0,6.0,6.2,5.8,6.1,56.8
945,B,1,0,6.7,6.5,7.3,8.0,64.2
945,C,0,1,8.2,7.5,5.9,7.6,65.3
945,D,1,1,5.8,6.4,6.0,3.8,70.0
946,A,1,1,6.8,5.2,7.5,3.9,72.3
946,B,1,1,5.7,6.8,7.6,4.6,74.5
946,C,1,1,8.3,7.7,4.7,8.2,81.5
946,D,1,1,6.1,5.6,6.5,6.3,74.2
947,A,0,1,6.5,6.7,6.1,7.4,61.2
947,B,0,0,6.1,6.9,6.6,5.8,42.3
947,C,0,0,8.3,8.8,7.3,8.2,54.3
947,D,1,0,6.9,7.7,7.9,8.7,68.7
948,A,1,1,5.9,7.7,3.3,6.1,71.7
948,B,1,1,7.3,8.8,6.7,8.0,84.7
948,C,1,1,6.5,7.6,7.9,7.7,82.8
948,D,1,1,7.1,6.4,6.8,6.9,78.7
949,A,1,1,7.1,8.1,6.8,6.7,81.2
949,B,1,0,5.8,10,8.7,5.0,65.8
949,C,1,1,8.9,5.0,6.1,8.6,81.0
949,D,0,1,6.5,6.8,7.9,6.8,63.3
950,A,0,1,7.0,6.3,6.5,5.1,58.2
950,B,0,1,9.0,6.7,7.4,6.0,65.2
950,C,1,0,4.7,7.1,6.3,8.0,60.2
950,D,1,1,8.2,5.7,5.7,6.1,76.2
951,A,1,0,5.3,3.4,9.0,7.2,58.2
951,B,1,1,8.6,8.3,7.8,8.9,89.3
951,C,1,1,8.9,6.9,5.3,6.5,79.3
951,D,0,1,7.9,7.4,6.0,6.4,62.8
952,A,1,0,6.8,4.7,7.7,6.2,59.0
952,B,1,1,8.3,8.6,8.2,7.4,87.5
952,C,1,1,8.9,6.8,4.7,6.2,77.7
952,D,0,0,7.8,5.9,4.3,5.8,39.7
953,A,0,1,8.1,6.1,5.4,5.2,58.0
953,B,1,1,9.4,10,3.7,5.4,80.8
953,C,1,0,6.4,6.7,7.1,7.3,62.5
953,D,1,0,10,4.9,4.6,5.9,59.0
954,A,0,1,5.2,5.8,7.1,7.1,58.7
954,B,1,0,7.4,8.1,7.2,4.6,62.2
954,C,1,0,4.3,6.2,6.8,8.1,59.0
954,D,0,1,7.0,8.7,6.0,7.8,65.8
955,A,1,0,6.0,6.4,6.5,6.6,59.2
955,B,0,1,8.6,7.2,8.1,5.7,66.0
955,C,0,0,7.1,6.6,4.9,8.1,44.5
955,D,1,0,6.0,6.9,7.3,6.3,60.8
956,A,1,0,7.7,6.2,5.0,8.9,63.0
956,B,1,0,7.5,5.6,6.7,8.2,63.3
956,C,0,1,5.8,6.0,5.2,8.9,59.8
956,D,1,0,6.9,6.2,8.3,5.3,61.2
957,A,0,1,7.5,5.6,5.3,5.8,57.0
957,B,1,1,9.6,8.3,9.6,5.0,87.5
957,C,0,1,8.3,4.9,6.7,5.5,59.0
957,D,1,0,8.4,5.2,6.3,6.2,60.2
958,A,1,0,5.1,5.2,7.0,5.5,54.7
958,B,0,1,7.8,6.0,5.9,5.6,58.8
958,C,1,1,5.5,6.7,4.2,4.4,68.0
958,D,1,0,6.9,5.8,6.9,6.9,60.8
959,A,1,0,7.8,5.2,8.1,5.3,60.7
959,B,0,1,7.4,8.4,6.3,6.6,64.5
959,C,1,0,6.8,8.3,6.9,7.1,65.2
959,D,0,1,7.5,7.0,7.4,7.2,65.2
960,A,1,1,6.2,6.6,5.8,7.1,76.2
960,B,1,0,6.6,8.9,6.9,8.8,68.7
960,C,1,0,5.4,7.6,7.3,7.7,63.3
960,D,0,0,8.1,7.2,8.7,6.2,50.3
961,A,1,0,5.7,5.3,8.3,7.1,60.7
961,B,1,0,7.9,10,8.8,7.7,74.0
961,C,1,0,8.2,4.7,8.1,6.7,62.8
961,D,0,1,5.2,7.5,5.3,8.3,60.5
962,A,1,0,6.4,5.1,7.7,7.2,60.7
962,B,1,0,7.4,7.8,8.5,5.7,65.7
962,C,1,1,4.4,9.0,6.4,7.7,79.2
962,D,1,1,7.9,8.0,4.8,5.5,77.0
963,A,1,1,8.0,8.1,7.2,5.1,80.7
963,B,1,1,8.4,7.6,7.7,5.3,81.7
963,C,0,0,7.7,9.3,9.3,7.4,56.2
963,D,1,0,5.9,8.1,5.4,4.5,56.5
964,A,0,0,4.4,7.2,7.9,7.8,45.5
964,B,1,1,8.0,6.9,7.1,5.6,79.3
964,C,0,0,5.4,6.2,7.3,6.6,42.5
964,D,1,0,7.9,9.0,6.2,5.2,63.8
965,A,1,1,5.4,6.3,6.8,6.1,74.3
965,B,1,1,8.5,10,9.5,4.8,88.0
965,C,1,0,7.2,6.9,8.8,7.8,67.8
965,D,0,1,7.5,6.8,8.7,7.0,66.7
966,A,0,1,5.8,5.3,5.6,5.5,53.7
966,B,1,0,6.4,7.0,8.4,7.4,65.3
966,C,1,0,9.1,6.2,4.9,7.9,63.5
966,D,0,0,6.4,9.0,6.8,7.8,50.0
967,A,1,0,6.9,5.9,5.6,8.5,61.5
967,B,1,1,5.7,7.0,7.8,5.9,77.3
967,C,1,1,6.9,6.8,5.4,7.3,77.3
967,D,1,1,8.8,7.3,8.4,7.2,86.2
968,A,0,0,9.2,6.9,5.8,6.3,47.0
968,B,0,0,7.5,9.6,7.2,7.2,52.5
968,C,1,1,5.9,8.4,8.2,6.8,82.2
968,D,0,0,7.7,7.5,6.5,5.7,45.7
969,A,1,0,6.6,7.0,6.9,6.6,61.8
969,B,0,0,9.7,8.4,10.0,6.1,57.0
969,C,0,1,7.6,9.0,6.2,7.1,66.5
969,D,0,1,7.4,8.7,8.6,5.9,67.7
970,A,1,1,6.0,4.7,5.7,4.7,68.5
970,B,1,1,5.8,8.3,6.9,6.2,78.7
970,C,1,0,4.2,5.7,6.8,8.3,58.3
970,D,1,0,6.1,7.9,9.3,4.9,63.7
971,A,1,1,9.4,5.5,6.5,6.2,79.3
971,B,1,0,7.5,8.9,6.8,3.9,61.8
971,C,0,1,6.6,8.3,6.7,7.8,65.7
971,D,1,0,6.9,8.5,7.8,4.8,63.3
972,A,1,0,6.3,6.9,6.8,5.4,59.0
972,B,0,1,9.9,8.1,5.9,7.3,68.7
972,C,1,0,8.0,7.2,5.4,7.2,63.0
972,D,0,0,8.0,7.5,8.7,4.9,48.5
973,A,1,1,5.1,3.5,5.1,6.1,66.3
973,B,1,1,7.4,7.5,7.0,6.5,80.7
973,C,1,1,6.7,5.5,7.7,10,83.2
973,D,1,0,7.3,8.0,9.5,6.4,68.7
974,A,1,0,6.7,5.3,6.5,9.2,62.8
974,B,0,1,6.0,7.7,7.9,5.5,61.8
974,C,1,1,7.7,5.5,9.0,9.2,85.7
974,D,1,0,6.0,7.2,6.5,4.6,57.2
975,A,1,0,3.9,9.5,6.6,5.8,59.7
975,B,0,1,7.3,8.8,7.4,8.0,69.2
975,C,0,0,5.4,5.5,5.2,10,43.5
975,D,1,1,6.5,10,6.4,3.8,77.8
976,A,0,0,6.4,4.7,7.6,6.3,41.7
976,B,1,0,7.7,6.2,4.7,7.0,59.3
976,C,1,1,5.4,6.2,6.0,6.0,72.7
976,D,0,0,7.9,7.8,5.5,4.3,42.5
977,A,0,0,9.2,5.3,9.6,7.5,52.7
977,B,0,1,6.5,8.0,6.7,6.2,62.3
977,C,1,0,10,7.2,8.0,7.6,71.3
977,D,1,0,9.1,9.3,7.1,6.8,70.5
978,A,0,1,6.3,7.6,6.4,7.3,62.7
978,B,0,0,7.5,5.2,8.5,4.4,42.7
978,C,0,0,8.0,7.8,6.5,8.4,51.2
978,D,1,1,6.6,8.3,7.5,6.5,81.5
979,A,1,1,6.4,5.3,6.7,5.6,73.3
979,B,1,1,7.2,4.6,7.8,5.8,75.7
979,C,1,1,5.7,7.8,6.5,7.0,78.3
979,D,0,0,8.0,8.6,8.1,7.2,53.2
980,A,0,1,5.2,3.9,4.7,6.6,50.7
980,B,1,1,8.0,7.1,7.4,3.2,76.2
980,C,1,0,5.5,8.0,4.0,7.2,57.8
980,D,1,1,6.9,8.2,6.8,4.5,77.3
981,A,1,0,7.1,6.4,7.2,3.9,57.7
981,B,0,0,5.8,7.7,6.6,4.8,41.5
981,C,1,0,8.7,6.8,5.4,5.8,61.2
981,D,0,1,7.7,6.5,6.5,8.8,65.8
982,A,0,0,5.7,5.1,7.1,5.5,39.0
982,B,1,1,6.2,5.9,6.5,6.0,74.3
982,C,1,0,6.9,5.8,5.3,9.0,61.7
982,D,0,1,7.1,7.5,8.9,5.7,65.3
983,A,1,0,6.2,9.0,6.2,8.1,65.8
983,B,0,1,7.7,6.7,7.6,6.2,63.7
983,C,1,1,6.1,7.8,5.9,7.5,78.8
983,D,1,0,6.7,5.4,7.2,6.9,60.3
984,A,1,1,6.2,5.8,6.2,7.5,76.2
984,B,1,1,7.4,7.5,8.8,6.9,84.3
984,C,1,1,6.4,5.0,6.2,8.3,76.5
984,D,1,0,4.8,6.3,5.8,5.1,53.3
985,A,1,1,9.7,6.4,8.1,6.5,84.5
985,B,1,1,6.3,8.5,9.4,6.3,84.2
985,C,1,1,7.7,5.2,6.6,6.7,77.0
985,D,1,0,6.3,9.7,5.5,5.7,62.0
986,A,1,1,4.4,6.4,5.6,6.8,72.0
986,B,1,1,6.6,7.3,8.8,6.2,81.5
986,C,0,0,6.9,8.1,6.6,4.8,44.0
986,D,1,1,7.0,7.4,5.1,6.3,76.3
987,A,0,1,5.0,4.0,7.5,5.0,52.5
987,B,1,1,8.0,8.1,5.5,6.6,80.3
987,C,1,0,6.4,6.0,6.1,7.6,60.2
987,D,0,1,6.1,7.2,7.8,6.0,61.8
988,A,0,1,6.7,5.4,8.1,7.6,63.0
988,B,1,0,8.0,8.2,7.3,5.4,64.8
988,C,1,0,6.0,6.3,6.9,6.5,59.5
988,D,0,0,9.3,8.2,6.4,7.8,52.8
989,A,0,0,6.0,4.9,7.3,9.5,46.2
989,B,0,0,5.8,8.7,7.5,6.0,46.7
989,C,1,0,6.4,7.6,6.4,7.5,63.2
989,D,0,1,8.7,7.1,9.8,4.9,67.5
990,A,0,1,6.8,6.5,6.0,6.2,59.2
990,B,1,0,6.7,6.8,6.4,6.9,61.3
990,C,0,0,7.9,7.9,5.5,8.4,49.5
990,D,1,0,6.0,7.8,6.1,6.0,59.8
991,A,0,0,5.5,7.8,5.5,4.4,38.7
991,B,1,1,6.5,8.7,8.9,7.2,85.5
991,C,1,0,6.9,6.0,5.8,5.8,57.5
991,D,0,0,6.2,7.7,4.9,7.2,43.3
992,A,1,1,7.0,5.7,7.5,8.0,80.3
992,B,1,1,7.5,8.2,3.7,6.9,77.2
992,C,0,0,4.8,6.1,6.4,9.3,44.3
992,D,0,1,8.3,7.7,6.6,5.9,64.2
993,A,0,0,7.7,6.2,7.1,4.5,42.5
993,B,1,1,6.9,9.1,6.9,5.8,81.2
993,C,1,0,8.1,7.0,3.9,7.3,60.5
993,D,1,1,8.4,7.9,6.1,4.0,77.3
994,A,1,1,8.2,5.1,8.8,6.1,80.3
994,B,1,1,9.0,8.4,6.6,6.5,84.2
994,C,0,1,6.8,5.0,5.0,6.5,55.5
994,D,1,1,5.6,8.2,6.7,5.1,76.0
995,A,1,0,7.5,6.2,7.5,7.5,64.5
995,B,1,1,7.5,8.4,8.2,9.0,88.5
995,C,1,1,5.9,6.8,7.4,8.9,81.7
995,D,1,1,7.0,6.4,8.0,4.8,77.0
996,A,1,1,6.8,4.3,7.6,6.9,76.0
996,B,1,1,6.6,6.2,9.0,4.0,76.3
996,C,1,1,5.7,7.2,4.2,7.2,73.8
996,D,1,1,6.9,6.4,7.5,6.0,78.0
997,A,0,0,6.4,5.3,8.1,8.7,47.5
997,B,0,0,5.6,7.8,8.3,3.5,42.0
997,C,1,0,6.7,6.4,4.1,8.7,59.8
997,D,1,1,8.8,9.5,6.3,6.2,84.7
998,A,0,0,8.3,7.2,5.1,6.8,45.7
998,B,1,1,9.5,7.4,7.1,7.8,86.3
998,C,1,0,6.0,5.5,5.9,8.9,60.5
998,D,1,0,7.1,7.8,6.5,7.8,65.3
999,A,1,0,6.5,5.6,6.5,5.4,56.7
999,B,0,0,5.3,6.9,5.5,5.4,38.5
999,C,0,1,5.4,5.8,6.9,4.4,54.2
999,D,1,1,6.9,6.0,6.7,5.8,75.7
1000,A,0,0,5.1,5.3,5.9,7.3,39.3
1000,B,1,1,9.5,8.7,7.9,6.4,87.5
1000,C,1,1,5.0,5.5,6.0,8.3,74.7
1000,D,0,1,7.1,6.8,4.6,4.8,55.5
1001,A,1,0,5.5,7.4,5.9,7.4,60.3
1001,B,1,1,7.7,8.6,7.7,5.8,83.0
1001,C,0,0,7.0,9.1,6.2,7.8,50.2
1001,D,0,0,7.7,7.3,6.7,6.3,46.7
1002,A,0,0,5.5,7.8,4.9,6.9,41.8
1002,B,1,1,4.6,7.4,6.8,6.4,75.3
1002,C,1,0,6.9,7.4,8.0,7.8,66.8
1002,D,1,1,8.8,7.3,7.8,6.3,83.7
1003,A,1,1,6.4,8.9,6.8,6.1,80.3
1003,B,1,1,6.5,7.3,5.9,4.4,73.5
1003,C,1,0,5.5,4.8,6.5,8.0,58.0
1003,D,0,1,6.5,6.4,5.7,6.1,57.8
1004,A,1,0,5.1,6.1,5.4,2.6,48.7
1004,B,0,1,7.3,9.2,7.5,6.1,66.8
1004,C,1,0,8.1,8.2,5.9,8.8,68.3
1004,D,1,0,8.3,5.5,8.2,4.4,60.7
1005,A,1,1,7.2,6.8,5.7,8.2,79.8
1005,B,1,1,5.9,7.5,6.9,6.2,77.5
1005,C,1,1,9.0,6.8,6.0,6.0,79.7
1005,D,0,1,7.8,8.6,6.7,8.0,68.5
1006,A,1,0,6.6,6.7,7.7,5.1,60.2
1006,B,1,1,8.9,6.9,9.3,6.4,85.8
1006,C,0,1,7.2,6.6,8.3,7.7,66.3
1006,D,0,1,6.7,9.4,6.4,7.6,66.8
1007,A,1,0,9.4,4.6,6.6,6.2,61.3
1007,B,1,0,6.1,6.7,7.7,6.3,61.3
1007,C,1,0,4.9,6.6,4.6,4.7,51.3
1007,D,1,1,8.4,7.8,7.8,3.5,79.2
1008,A,1,1,8.3,7.0,6.6,6.2,80.2
1008,B,1,0,8.4,6.2,6.5,5.7,61.3
1008,C,1,1,6.6,6.9,5.5,7.1,76.8
1008,D,0,1,6.7,6.5,6.6,7.0,61.3
1009,A,1,1,7.5,6.7,5.6,6.7,77.5
1009,B,0,1,9.0,8.8,9.6,6.6,73.3
1009,C,1,0,7.8,7.0,6.0,7.6,64.0
1009,D,0,0,8.0,7.8,5.0,3.7,40.8
1010,A,0,0,4.3,2.7,8.0,5.9,34.8
1010,B,1,0,5.8,8.3,5.3,7.2,61.0
1010,C,0,1,8.2,7.2,6.0,6.3,62.8
1010,D,1,0,6.6,7.2,9.4,6.5,66.2
1011,A,1,0,5.6,6.6,6.1,8.0,60.5
1011,B,1,1,7.4,5.2,8.1,6.9,79.3
1011,C,1,0,9.6,5.2,4.9,7.4,61.8
1011,D,0,0,8.2,8.7,6.0,5.3,47.0
1012,A,1,0,6.7,5.5,6.4,8.6,62.0
1012,B,1,0,7.0,6.2,6.8,7.3,62.2
1012,C,0,0,9.1,8.4,5.8,6.3,49.3
1012,D,1,1,7.2,9.2,5.4,7.7,82.5
1013,A,1,0,7.2,7.3,5.4,7.3,62.0
1013,B,1,1,5.7,9.0,3.9,7.4,76.7
1013,C,1,0,9.7,6.3,5.2,8.0,65.3
1013,D,0,0,6.0,9.0,5.5,5.8,43.8
1014,A,0,0,7.6,4.4,6.9,6.3,42.0
1014,B,1,0,9.0,5.7,8.3,8.6,69.3
1014,C,0,1,8.2,7.2,3.8,5.2,57.3
1014,D,0,1,6.9,6.6,6.2,7.3,61.7
1015,A,1,1,4.6,7.0,8.4,5.1,75.2
1015,B,1,0,6.7,6.1,5.8,5.3,56.5
1015,C,1,1,9.6,5.1,8.4,8.8,86.5
1015,D,1,1,7.2,7.0,8.2,7.1,82.5
1016,A,0,0,7.1,5.1,7.7,5.3,42.0
1016,B,0,0,7.9,7.4,7.6,5.2,46.8
1016,C,1,1,7.9,7.0,4.5,6.9,77.2
1016,D,0,0,6.8,8.5,6.5,5.3,45.2
1017,A,1,0,7.0,6.3,4.3,4.8,54.0
1017,B,1,1,6.6,6.2,4.7,5.8,72.2
1017,C,1,0,7.3,5.4,6.2,7.0,59.8
1017,D,1,0,4.9,7.6,7.1,7.9,62.5
1018,A,1,0,7.3,7.2,6.0,6.0,60.8
1018,B,1,1,4.7,8.7,8.7,7.0,81.8
1018,C,1,0,9.4,8.5,6.0,9.0,71.5
1018,D,1,0,7.0,7.5,7.1,6.2,63.0
1019,A,1,1,7.7,7.1,6.4,5.5,77.8
1019,B,1,1,7.2,7.9,6.1,5.9,78.5
1019,C,1,1,7.7,7.9,7.5,8.2,85.5
1019,D,0,1,9.1,8.1,6.0,5.1,63.8
1020,A,1,1,6.1,4.3,6.9,7.9,75.3
1020,B,0,1,6.8,7.9,7.6,6.4,64.5
1020,C,1,1,8.0,4.5,5.1,8.4,76.7
1020,D,1,0,7.5,8.0,7.1,7.5,66.8
1021,A,1,1,6.3,5.9,5.8,6.4,74.0
1021,B,0,0,7.0,6.1,8.3,5.7,45.2
1021,C,1,1,9.4,6.1,5.7,4.7,76.5
1021,D,1,0,8.8,8.0,4.5,5.8,61.8
1022,A,1,0,4.1,5.5,7.6,6.7,56.5
1022,B,1,0,6.6,9.6,7.9,7.9,70.0
1022,C,1,1,9.5,6.9,4.9,8.0,82.2
1022,D,0,1,6.9,8.4,7.2,8.5,68.3
1023,A,1,0,6.9,8.6,5.5,6.7,62.8
1023,B,1,0,3.8,7.8,6.5,6.3,57.3
1023,C,0,1,7.1,7.2,6.7,6.7,62.8
1023,D,1,0,6.9,7.0,6.8,4.1,58.0
1024,A,0,1,5.5,5.4,5.1,7.1,55.2
1024,B,1,1,6.7,7.8,8.1,6.5,81.8
1024,C,1,1,7.3,6.6,6.6,7.5,80.0
1024,D,0,1,7.2,7.3,7.0,5.3,61.3
1025,A,1,0,5.6,7.3,7.1,5.2,58.7
1025,B,0,1,5.8,8.0,7.5,7.1,64.0
1025,C,1,1,6.8,8.2,7.0,8.0,83.3
1025,D,1,1,6.1,8.0,9.1,6.2,82.3
1026,A,1,0,6.9,7.2,6.8,7.2,63.5
1026,B,0,1,7.7,10,9.9,6.9,74.2
1026,C,1,1,6.7,6.5,6.6,9.4,82.0
1026,D,1,1,5.5,8.8,6.2,8.2,81.2
1027,A,0,1,7.3,4.6,6.3,7.3,59.2
1027,B,0,0,5.5,8.4,7.9,8.1,49.8
1027,C,1,0,7.8,6.1,5.8,7.6,62.2
1027,D,0,0,7.9,7.6,5.2,3.3,40.0
1028,A,1,1,5.0,4.7,6.7,7.4,73.0
1028,B,1,0,8.7,9.1,4.7,9.2,69.5
1028,C,0,0,7.9,7.0,4.6,6.8,43.8
1028,D,1,0,7.5,6.8,7.4,6.8,64.2
1029,A,1,1,7.8,6.2,6.2,8.4,81.0
1029,B,0,1,6.9,7.9,8.4,7.2,67.3
1029,C,1,1,3.5,6.3,7.0,6.4,72.0
1029,D,1,1,9.0,7.9,7.8,8.0,87.8
1030,A,0,0,5.3,5.9,4.8,4.1,33.5
1030,B,1,0,6.0,8.0,5.7,7.9,62.7
1030,C,1,1,7.1,5.4,6.7,6.6,76.3
1030,D,0,0,7.3,7.8,7.2,4.6,44.8
1031,A,1,0,7.6,6.7,5.2,6.9,60.7
1031,B,1,1,7.6,8.3,7.4,6.4,82.8
1031,C,1,0,9.0,6.5,5.7,8.3,65.8
1031,D,0,1,8.1,8.0,5.4,6.1,62.7
1032,A,1,0,7.4,3.5,7.5,6.6,58.3
1032,B,1,1,7.1,8.2,8.3,6.3,83.2
1032,C,1,0,5.8,8.0,6.2,5.8,59.7
1032,D,1,1,8.3,8.9,6.1,5.5,81.3
1033,A,1,0,7.8,5.7,6.6,7.3,62.3
1033,B,1,0,9.2,7.4,6.8,7.5,68.2
1033,C,0,1,8.6,6.5,7.9,7.9,68.2
1033,D,1,1,8.2,7.2,7.5,3.4,77.2
1034,A,1,0,4.5,5.0,6.4,5.7,52.7
1034,B,0,0,5.7,8.0,10,5.6,48.8
1034,C,1,0,7.3,8.8,7.2,10,72.2
1034,D,1,1,7.0,8.3,6.3,5.9,79.2
1035,A,1,0,6.6,7.8,7.9,7.1,65.7
1035,B,1,1,9.8,7.8,7.0,5.3,83.2
1035,C,0,1,3.9,7.4,5.6,7.4,57.2
1035,D,0,1,9.6,8.2,6.2,5.2,65.3
1036,A,0,1,6.1,6.3,5.6,8.3,60.5
1036,B,0,0,9.9,6.9,8.1,7.4,53.8
1036,C,1,1,7.2,4.6,5.7,6.9,74.0
1036,D,1,1,6.4,6.9,8.4,5.2,78.2
1037,A,1,0,7.1,4.5,8.0,7.5,61.8
1037,B,1,1,6.8,7.1,4.9,6.3,75.2
1037,C,1,0,7.4,6.5,6.8,8.0,64.5
1037,D,1,0,4.8,6.6,6.3,3.5,52.0
1038,A,1,0,8.0,4.6,7.3,7.0,61.5
1038,B,1,1,6.6,7.4,7.8,5.6,79.0
1038,C,1,0,7.5,7.5,7.6,6.8,65.7
1038,D,1,0,10,6.2,8.2,8.7,71.8
1039,A,1,0,6.5,6.3,8.7,6.5,63.3
1039,B,0,0,10,8.7,7.4,7.4,55.8
1039,C,0,0,6.5,6.3,6.4,6.9,43.5
1039,D,1,0,8.6,5.9,4.7,6.1,58.8
1040,A,0,1,7.4,6.2,7.7,5.2,60.8
1040,B,1,0,7.3,9.2,9.5,6.8,71.3
1040,C,1,0,6.5,8.8,7.2,7.4,66.5
1040,D,0,1,7.9,6.7,5.8,3.3,56.2
1041,A,0,1,5.2,5.5,7.9,6.9,59.2
1041,B,1,0,8.9,7.8,7.6,4.9,65.3
1041,C,1,1,7.6,8.1,5.2,8.3,82.0
1041,D,1,1,7.1,7.3,8.6,7.3,83.8
1042,A,0,1,7.3,7.6,7.3,6.1,63.8
1042,B,1,0,6.0,6.5,7.8,6.7,61.7
1042,C,0,0,7.1,6.3,7.5,8.3,48.7
1042,D,0,0,4.7,9.6,8.1,3.2,42.7
1043,A,1,1,6.8,5.4,5.5,5.2,71.5
1043,B,0,0,7.0,9.3,10,10,60.5
1043,C,0,1,6.4,7.5,7.1,7.2,63.7
1043,D,1,1,5.6,7.5,6.3,5.8,75.3
1044,A,0,1,6.6,6.7,6.8,7.4,62.5
1044,B,0,0,7.5,8.1,7.9,7.1,51.0
1044,C,0,0,8.8,5.9,5.7,7.7,46.8
1044,D,0,1,8.4,8.6,5.8,5.1,63.2
1045,A,1,0,6.6,5.0,7.5,7.1,60.3
1045,B,1,0,8.3,8.3,7.5,5.3,65.7
1045,C,0,1,6.5,4.5,6.3,7.0,57.2
1045,D,0,0,7.2,7.1,6.5,4.8,42.7
1046,A,1,1,8.6,6.9,5.3,5.9,77.8
1046,B,1,1,9.1,6.7,8.1,7.8,86.2
1046,C,1,1,4.9,5.7,3.1,7.3,68.3
1046,D,1,0,8.1,9.9,7.0,4.2,65.3
1047,A,1,1,5.6,3.9,5.7,6.2,69.0
1047,B,1,0,7.4,6.6,5.7,7.0,61.2
1047,C,1,1,5.7,7.0,5.6,7.5,76.3
1047,D,1,0,8.4,6.5,5.7,5.3,59.8
1048,A,0,0,6.8,4.3,4.3,6.0,35.7
1048,B,1,1,8.8,6.9,6.8,10,87.5
1048,C,0,1,7.0,6.6,7.2,8.2,65.0
1048,D,1,1,8.4,6.4,7.2,6.5,80.8
1049,A,0,0,7.8,4.5,7.2,4.8,40.5
1049,B,1,0,9.6,6.0,6.1,7.4,65.2
1049,C,1,1,5.1,6.8,4.2,5.5,69.3
1049,D,1,1,6.0,9.3,6.5,5.3,78.5
1050,A,1,0,8.4,5.8,5.9,7.4,62.5
1050,B,1,0,8.5,7.7,8.4,6.1,67.8
1050,C,1,0,7.0,9.5,7.9,5.9,67.2
1050,D,1,0,4.9,6.9,6.8,6.0,57.7
1051,A,1,1,4.2,5.1,7.4,5.4,70.2
1051,B,1,0,6.2,6.0,6.3,5.4,56.5
1051,C,1,1,6.2,7.4,5.8,7.3,77.8
1051,D,1,0,5.4,6.8,6.6,5.8,57.7
1052,A,0,1,6.7,3.9,8.7,5.1,57.3
1052,B,1,0,7.7,8.1,6.5,6.6,64.8
1052,C,0,1,7.9,6.0,7.3,6.3,62.5
1052,D,1,1,7.0,4.7,6.8,7.3,76.3
1053,A,0,0,4.1,4.5,5.3,6.2,33.5
1053,B,1,0,7.0,8.2,8.2,6.0,65.7
1053,C,0,0,7.5,7.8,6.4,5.2,44.8
1053,D,0,0,5.6,5.9,7.4,5.5,40.7
1054,A,0,1,7.7,4.4,4.8,6.3,55.3
1054,B,0,0,7.5,7.9,7.3,6.2,48.2
1054,C,1,0,7.8,6.7,4.2,6.8,59.2
1054,D,0,1,4.6,6.0,7.0,5.8,55.7
1055,A,0,0,5.2,4.5,6.5,7.1,38.8
1055,B,1,1,9.4,7.0,6.3,7.0,82.8
1055,C,1,1,6.9,7.5,7.6,10,86.7
1055,D,0,0,7.5,5.8,7.1,5.9,43.8
1056,A,1,0,6.9,7.1,7.3,9.5,68.0
1056,B,1,1,6.4,5.7,6.7,7.5,77.2
1056,C,1,1,9.3,6.8,7.5,6.9,84.2
1056,D,1,1,5.3,6.1,5.3,5.1,69.7
1057,A,1,0,7.3,6.1,5.4,7.2,60.0
1057,B,1,1,8.7,6.6,7.2,7.1,82.7
1057,C,0,0,6.8,5.2,6.3,4.8,38.5
1057,D,1,0,6.6,4.5,6.3,6.7,56.8
1058,A,0,0,7.8,5.3,7.8,7.7,47.7
1058,B,1,1,8.2,6.7,7.7,3.7,77.2
1058,C,1,0,6.1,5.7,5.9,6.9,57.7
1058,D,1,0,6.0,7.5,8.2,7.9,66.0
1059,A,0,1,5.8,8.0,5.8,6.5,60.2
1059,B,1,1,6.6,8.1,6.8,7.9,82.3
1059,C,0,1,6.8,8.6,3.4,6.9,59.5
1059,D,0,1,7.1,4.9,6.4,4.7,55.2
1060,A,0,1,6.6,4.5,5.8,7.3,57.0
1060,B,0,1,7.8,9.0,5.9,6.9,66.0
1060,C,1,1,8.7,5.3,4.2,6.5,74.5
1060,D,1,1,9.2,9.1,9.5,5.3,88.5
1061,A,1,0,8.1,6.2,6.8,6.4,62.5
1061,B,1,1,10,7.0,6.0,5.3,80.5
1061,C,0,1,8.0,8.5,8.5,5.8,68.0
1061,D,0,1,6.0,5.9,9.0,5.7,61.0
1062,A,1,1,7.2,6.3,7.7,7.1,80.5
1062,B,0,0,7.2,9.3,7.2,4.2,46.5
1062,C,0,1,7.4,6.0,9.2,7.5,66.8
1062,D,1,1,6.5,5.9,4.7,7.4,74.2
1063,A,1,1,5.7,7.1,4.9,6.6,73.8
1063,B,1,1,6.9,8.9,8.8,7.2,86.3
1063,C,1,1,6.6,7.5,8.3,8.0,84.0
1063,D,1,1,8.4,7.7,6.3,6.4,81.3
1064,A,0,0,6.4,5.0,7.5,8.9,46.3
1064,B,1,0,5.5,7.5,6.7,6.8,60.8
1064,C,1,1,8.4,6.8,7.2,8.0,84.0
1064,D,1,0,8.1,6.8,7.2,6.5,64.3
1065,A,0,0,4.0,7.3,7.2,5.8,40.5
1065,B,1,1,6.2,5.2,9.0,5.1,75.8
1065,C,1,1,7.3,6.0,4.3,8.2,76.3
1065,D,0,0,8.4,8.4,6.3,5.8,48.2
1066,A,1,0,5.0,6.3,5.7,6.9,56.5
1066,B,1,0,7.8,10,9.5,5.1,70.7
1066,C,1,1,9.1,8.1,6.2,8.5,86.5
1066,D,1,1,8.3,10,5.3,4.7,80.5
1067,A,0,1,4.8,6.6,9.4,5.2,60.0
1067,B,0,0,7.7,9.2,6.9,6.0,49.7
1067,C,0,0,5.4,10,6.1,6.4,46.5
1067,D,1,1,5.2,6.1,7.3,5.1,72.8
1068,A,1,0,6.0,3.2,6.2,8.0,55.7
1068,B,1,0,7.7,7.0,6.8,6.3,63.0
1068,C,1,0,8.3,7.5,7.9,7.0,67.8
1068,D,1,1,7.5,9.7,8.7,6.2,86.8
1069,A,0,1,4.7,7.2,7.0,7.3,60.3
1069,B,0,1,8.5,6.9,8.2,7.2,68.0
1069,C,1,0,7.5,6.7,8.1,6.8,65.2
1069,D,0,0,6.1,8.1,8.8,4.3,45.5
1070,A,1,1,9.2,6.5,9.3,8.7,89.5
1070,B,1,1,8.0,8.0,6.9,6.1,81.7
1070,C,0,1,8.2,8.0,5.3,8.3,66.3
1070,D,1,1,7.5,8.9,7.6,3.5,79.2
1071,A,0,1,7.5,6.5,5.6,5.9,59.2
1071,B,0,1,10,6.6,7.2,5.0,64.7
1071,C,1,1,6.2,5.9,6.1,4.4,71.0
1071,D,1,1,9.3,6.2,8.8,6.6,84.8
1072,A,1,0,6.8,7.4,8.5,5.1,63.0
1072,B,1,1,8.4,8.0,7.8,5.8,83.3
1072,C,1,1,8.7,6.8,5.7,7.7,81.5
1072,D,0,0,5.7,7.6,3.3,5.6,37.0
1073,A,0,0,5.9,7.4,6.1,5.6,41.7
1073,B,0,0,7.3,8.2,7.5,6.0,48.3
1073,C,1,1,8.6,8.0,7.1,6.1,83.0
1073,D,0,0,6.3,6.3,5.7,7.2,42.5
1074,A,1,0,6.4,4.7,7.6,5.9,57.7
1074,B,0,0,5.5,5.6,7.1,8.2,44.0
1074,C,0,0,7.4,7.8,5.0,6.9,45.2
1074,D,1,1,7.5,7.1,9.4,5.1,81.8
1075,A,0,1,6.9,4.7,6.7,8.4,61.2
1075,B,1,0,8.4,9.2,9.1,6.3,71.7
1075,C,1,0,5.4,6.5,6.7,5.5,56.8
1075,D,0,0,5.0,4.7,5.7,7.9,38.8
1076,A,1,1,7.0,5.2,7.3,9.5,81.7
1076,B,1,1,6.2,6.9,6.6,6.7,77.3
1076,C,1,0,6.4,7.0,6.8,7.5,62.8
1076,D,0,0,7.7,7.2,5.7,6.3,44.8
1077,A,1,1,5.2,5.9,7.5,7.1,76.2
1077,B,0,1,8.2,6.1,6.8,5.9,61.7
1077,C,1,1,5.8,7.2,5.7,7.2,76.5
1077,D,0,1,4.6,7.2,6.4,3.2,52.3
1078,A,0,0,4.9,5.3,7.0,6.3,39.2
1078,B,0,1,6.3,10,8.8,8.1,72.0
1078,C,1,0,7.9,6.8,5.9,7.1,62.8
1078,D,0,0,5.5,8.4,5.5,6.1,42.5
1079,A,0,0,8.2,5.5,4.9,4.3,38.2
1079,B,1,1,7.3,9.5,7.2,6.6,84.3
1079,C,0,0,7.5,7.0,4.3,7.5,43.8
1079,D,1,1,7.8,7.1,6.1,5.0,76.7
1080,A,1,0,6.5,6.0,6.7,4.7,56.5
1080,B,1,1,7.4,10,9.0,6.7,88.5
1080,C,1,1,6.3,6.6,5.8,7.5,77.0
1080,D,1,1,6.7,8.1,5.1,5.4,75.5
1081,A,1,0,7.2,7.0,7.0,5.4,61.0
1081,B,1,0,5.3,9.8,7.1,6.9,65.2
1081,C,1,0,7.5,9.0,6.9,7.7,68.5
1081,D,1,1,7.0,7.1,7.3,4.9,77.2
1082,A,0,0,5.8,6.3,8.2,7.7,46.7
1082,B,1,1,7.9,8.7,4.9,7.3,81.3
1082,C,1,1,7.8,4.0,6.9,7.9,77.7
1082,D,0,0,6.6,8.0,5.5,5.1,42.0
1083,A,0,0,7.9,6.6,5.3,5.8,42.7
1083,B,0,1,8.2,7.6,7.7,4.5,63.3
1083,C,1,1,6.9,8.7,8.7,4.1,80.7
1083,D,1,1,6.2,8.8,4.5,4.4,73.2
1084,A,1,1,5.4,3.9,8.8,5.2,72.2
1084,B,0,1,6.9,5.5,5.3,5.5,55.3
1084,C,0,0,6.9,7.4,5.7,6.2,43.7
1084,D,1,1,8.9,6.0,6.9,6.2,80.0
1085,A,1,1,7.5,5.1,4.8,7.9,75.5
1085,B,1,1,5.9,8.0,4.9,4.1,71.5
1085,C,1,1,7.6,5.9,5.0,7.0,75.8
1085,D,1,1,8.8,5.1,4.5,6.0,74.0
1086,A,1,1,9.1,6.4,5.7,7.8,81.7
1086,B,0,1,7.5,8.5,6.7,7.7,67.3
1086,C,1,1,6.4,8.0,7.9,7.8,83.5
1086,D,0,0,8.1,8.8,8.1,4.9,49.8
1087,A,1,0,7.5,7.7,9.5,5.7,67.3
1087,B,1,0,4.8,7.9,7.8,8.1,64.3
1087,C,1,0,6.6,7.8,4.9,5.2,57.5
1087,D,1,1,9.0,8.5,6.0,7.2,84.5
1088,A,1,0,6.0,5.4,7.2,8.0,61.0
1088,B,1,1,4.9,9.2,5.8,8.6,80.8
1088,C,1,0,7.3,6.1,5.5,6.9,59.7
1088,D,1,1,7.1,8.2,6.4,3.2,74.8
1089,A,1,1,6.3,4.2,9.1,4.2,73.0
1089,B,1,0,7.9,6.1,7.0,8.8,66.3
1089,C,1,1,6.9,8.0,4.1,5.2,73.7
1089,D,1,1,8.2,5.9,9.7,4.7,80.8
1090,A,0,1,8.8,5.3,6.8,5.1,60.0
1090,B,1,1,5.5,6.8,7.9,6.4,77.7
1090,C,0,0,7.8,8.2,7.8,8.3,53.5
1090,D,1,0,5.2,9.8,8.2,7.0,67.0
1091,A,0,0,7.7,5.3,4.4,4.8,37.0
1091,B,1,1,5.8,6.7,7.4,5.9,76.3
1091,C,0,1,8.4,6.0,6.6,7.3,63.8
1091,D,0,0,8.3,8.7,6.1,7.1,50.3
1092,A,1,1,8.7,7.2,6.4,5.7,80.0
1092,B,0,1,8.5,7.4,7.2,8.4,69.2
1092,C,0,0,7.7,5.7,4.6,7.1,41.8
1092,D,0,0,7.4,8.4,7.0,7.5,50.5
1093,A,1,0,6.1,5.8,5.6,6.3,56.3
1093,B,1,0,4.8,5.6,8.6,6.3,58.8
1093,C,0,1,9.3,4.5,7.9,6.8,64.2
1093,D,1,1,5.7,7.9,7.8,5.5,78.2
1094,A,1,1,4.6,6.5,10,5.9,78.3
1094,B,0,0,10,7.9,7.4,6.5,53.0
1094,C,1,1,8.1,5.3,6.6,6.5,77.5
1094,D,0,1,7.1,7.8,7.2,6.5,64.3
1095,A,1,1,7.9,3.5,6.7,5.3,72.3
1095,B,0,0,7.2,8.1,6.2,4.5,43.3
1095,C,1,1,8.5,6.9,6.1,7.8,82.2
1095,D,0,0,7.7,7.2,5.5,6.7,45.2
1096,A,0,0,6.1,4.9,7.9,6.0,41.5
1096,B,0,0,8.0,7.5,6.7,8.0,50.3
1096,C,1,0,6.1,6.3,5.7,4.3,54.0
1096,D,0,0,6.1,8.0,7.1,4.8,43.3
1097,A,1,0,5.4,5.8,5.6,7.0,56.3
1097,B,1,1,8.5,7.0,8.0,6.6,83.5
1097,C,1,0,8.9,6.2,5.5,5.9,60.8
1097,D,0,1,10,6.9,5.4,5.7,63.3
1098,A,0,0,6.8,4.7,6.3,5.9,39.5
1098,B,0,1,8.1,8.2,6.8,4.9,63.3
1098,C,0,1,8.7,6.0,7.3,6.4,64.0
1098,D,0,1,8.7,7.7,7.2,7.1,67.8
1099,A,1,0,7.4,3.9,5.9,6.2,55.7
1099,B,1,1,7.9,9.3,8.4,7.9,89.2
1099,C,1,1,8.0,8.6,5.0,6.3,79.8
1099,D,0,0,8.1,7.1,6.2,5.5,44.8
1100,A,1,0,7.2,4.9,7.2,7.7,61.7
1100,B,1,1,6.6,9.9,8.5,6.5,85.8
1100,C,1,0,5.9,5.5,7.1,7.6,60.2
1100,D,0,0,5.4,9.7,6.6,4.4,43.5
1101,A,1,1,4.6,2.4,8.8,6.7,70.8
1101,B,1,1,8.9,8.9,6.8,8.4,88.3
1101,C,1,1,6.0,7.2,6.8,8.4,80.7
1101,D,0,1,8.2,7.2,6.1,7.4,64.8
1102,A,1,0,7.3,5.9,6.7,6.4,60.5
1102,B,1,1,8.6,7.7,8.0,6.5,84.7
1102,C,1,1,5.4,5.1,5.2,7.5,72.0
1102,D,1,1,7.6,8.9,5.7,4.4,77.7
1103,A,1,0,5.3,7.0,6.6,4.5,55.7
1103,B,1,1,5.8,5.5,7.0,6.7,75.0
1103,C,0,1,7.2,7.5,6.4,8.9,66.7
1103,D,1,0,8.2,9.0,8.1,5.6,68.2
1104,A,1,1,8.8,6.6,6.6,7.5,82.5
1104,B,0,0,6.2,7.9,8.7,4.8,46.0
1104,C,1,0,3.8,5.5,6.5,9.3,58.5
1104,D,1,1,8.1,9.4,6.5,6.2,83.7
1105,A,1,0,8.5,6.8,7.2,6.6,65.2
1105,B,1,0,8.0,7.8,5.2,4.6,59.3
1105,C,0,1,6.2,6.7,5.0,4.9,54.7
1105,D,1,1,8.5,8.0,5.0,6.7,80.3
1106,A,0,0,8.1,5.1,4.5,6.0,39.5
1106,B,1,0,7.0,9.5,5.7,5.2,62.3
1106,C,0,0,8.0,7.0,9.0,7.9,53.2
1106,D,1,1,4.5,7.6,5.0,5.0,70.2
1107,A,0,0,7.9,5.3,6.8,6.5,44.2
1107,B,1,0,7.2,7.5,5.8,4.6,58.5
1107,C,0,0,7.3,6.9,4.1,7.0,42.2
1107,D,1,1,8.8,9.4,7.6,6.1,86.5
1108,A,1,1,5.7,5.8,8.3,5.2,75.0
1108,B,1,1,7.1,8.0,6.6,4.8,77.5
1108,C,1,1,5.6,6.0,7.5,8.6,79.5
1108,D,0,0,8.5,7.0,6.3,4.6,44.0
1109,A,1,1,6.7,6.1,7.2,7.4,79.0
1109,B,1,0,8.1,8.3,5.8,7.2,65.7
1109,C,1,1,8.3,7.3,5.5,6.9,80.0
1109,D,0,0,6.0,6.1,4.0,7.8,39.8
1110,A,0,0,5.6,5.1,7.1,7.8,42.7
1110,B,1,0,6.1,7.0,8.3,4.8,60.3
1110,C,1,1,6.8,4.0,6.8,6.8,74.0
1110,D,0,1,7.6,6.3,5.6,7.2,61.2
1111,A,1,0,8.7,6.7,7.9,5.4,64.5
1111,B,1,1,9.0,7.0,5.8,6.3,80.2
1111,C,1,1,7.5,8.2,5.8,8.0,82.5
1111,D,1,0,6.9,5.8,6.2,6.9,59.7
1112,A,1,0,6.8,5.8,7.3,5.4,58.8
1112,B,0,0,7.6,8.5,8.7,4.3,48.5
1112,C,1,0,7.2,8.7,6.2,8.1,67.0
1112,D,0,0,6.4,5.7,7.1,5.2,40.7
1113,A,1,1,6.5,4.2,6.4,6.3,72.3
1113,B,1,1,7.6,8.7,9.0,5.7,85.0
1113,C,1,0,7.2,5.8,6.3,8.3,62.7
1113,D,0,0,9.1,5.8,6.4,3.4,41.2
1114,A,1,1,7.6,3.8,6.8,9.7,79.8
1114,B,1,1,7.5,5.4,6.8,5.4,75.2
1114,C,1,0,8.6,6.0,6.7,8.4,66.2
1114,D,1,0,5.2,8.8,7.6,8.5,66.8
1115,A,0,1,6.5,6.9,7.6,6.7,62.8
1115,B,1,1,8.2,8.5,6.9,6.1,82.8
1115,C,1,0,8.1,6.5,5.5,7.0,61.8
1115,D,1,0,8.6,8.3,7.1,5.5,65.8
1116,A,1,1,7.3,4.8,8.1,6.1,77.2
1116,B,1,1,8.1,5.1,6.6,6.6,77.3
1116,C,1,0,7.2,7.4,4.1,8.9,62.7
1116,D,1,0,6.6,5.5,8.6,3.0,56.2
1117,A,1,1,7.7,6.9,7.4,8.4,84.0
1117,B,1,1,9.9,9.1,6.2,5.8,85.0
1117,C,1,0,6.7,7.3,5.7,4.3,56.7
1117,D,0,1,7.1,9.2,7.9,3.4,62.7
1118,A,0,1,5.3,5.8,9.5,3.9,57.5
1118,B,1,0,9.0,7.8,4.9,5.8,62.5
1118,C,1,0,7.6,7.8,4.9,4.2,57.5
1118,D,0,1,5.1,9.9,8.2,7.3,67.5
1119,A,0,0,6.2,5.8,5.5,4.8,37.2
1119,B,0,1,10,7.6,8.3,5.0,68.2
1119,C,1,1,6.3,7.2,4.8,7.8,76.8
1119,D,0,0,8.2,7.6,7.9,7.2,51.5
1120,A,1,0,6.3,4.8,6.5,6.2,56.3
1120,B,1,1,8.6,6.5,6.8,5.8,79.5
1120,C,1,1,7.1,4.7,4.0,6.5,70.5
1120,D,1,0,6.8,5.9,8.8,7.0,64.2
1121,A,1,1,4.9,6.9,4.8,8.4,75.0
1121,B,1,0,7.7,8.4,6.7,6.8,66.0
1121,C,0,0,8.8,6.7,6.2,8.7,50.7
1121,D,1,1,9.9,9.5,8.4,5.1,88.2
1122,A,0,1,7.7,7.2,9.0,9.5,72.3
1122,B,1,1,6.6,7.9,7.5,8.0,83.3
1122,C,1,1,6.7,7.1,8.5,6.1,80.7
1122,D,0,1,8.4,8.2,9.4,6.0,70.0
1123,A,0,0,5.9,4.8,8.6,8.1,45.7
1123,B,1,1,7.5,7.0,6.0,3.9,74.0
1123,C,1,0,5.9,3.8,7.2,9.2,60.2
1123,D,1,0,8.2,3.8,7.8,5.9,59.5
1124,A,0,1,5.9,6.8,6.0,5.9,57.7
1124,B,1,1,8.1,8.7,4.1,6.4,78.8
1124,C,1,1,6.5,7.5,8.4,5.8,80.3
1124,D,1,1,6.0,7.2,6.6,5.6,75.7
1125,A,1,1,6.7,6.3,5.8,6.8,76.0
1125,B,1,1,6.1,7.8,8.0,6.4,80.5
1125,C,1,0,7.8,6.2,7.3,7.3,64.3
1125,D,0,1,7.0,6.2,7.6,7.6,64.0
1126,A,1,0,7.0,7.8,3.8,7.1,59.5
1126,B,0,1,7.9,7.2,4.2,4.7,56.7
1126,C,1,1,5.8,4.3,5.6,7.0,71.2
1126,D,0,1,8.2,6.4,8.2,2.9,59.5
1127,A,1,1,7.4,6.4,7.0,4.2,75.0
1127,B,0,0,8.5,7.3,6.1,7.7,49.3
1127,C,1,0,7.2,5.3,5.8,5.1,55.7
1127,D,1,1,8.0,7.5,7.5,7.0,83.3
1128,A,0,0,6.1,4.6,7.1,4.6,37.3
1128,B,1,0,4.5,7.2,5.4,3.8,51.5
1128,C,1,0,7.1,6.8,6.2,7.2,62.2
1128,D,1,1,8.5,5.8,5.2,5.6,75.2
1129,A,1,0,8.2,5.0,7.6,8.4,65.3
1129,B,1,1,8.2,8.2,7.9,5.9,83.7
1129,C,1,0,8.0,6.7,5.8,7.2,62.8
1129,D,0,0,9.5,8.1,6.4,9.5,55.8
1130,A,1,1,5.5,5.6,7.0,4.8,71.5
1130,B,1,1,8.3,7.0,6.2,6.2,79.5
1130,C,0,1,6.4,7.3,5.9,8.4,63.3
1130,D,1,1,6.5,7.6,5.0,4.3,72.3
1131,A,0,0,6.0,5.1,7.4,5.8,40.5
1131,B,1,1,7.7,7.8,8.2,5.3,81.7
1131,C,1,1,7.7,7.0,4.7,6.2,76.0
1131,D,0,1,6.5,6.9,7.2,5.1,59.5
1132,A,0,0,5.0,5.5,7.2,7.1,41.3
1132,B,1,1,5.1,6.2,6.4,8.9,77.7
1132,C,0,1,7.3,5.9,5.4,6.9,59.2
1132,D,1,1,6.5,7.1,7.6,5.6,78.0
1133,A,1,0,6.1,6.9,7.4,4.6,58.3
1133,B,1,0,10,8.0,4.9,5.1,63.3
1133,C,1,1,6.3,5.0,6.3,6.7,73.8
1133,D,1,1,7.8,7.9,7.2,6.1,81.7
1134,A,1,1,8.7,6.8,5.8,6.7,80.0
1134,B,1,0,8.4,8.2,6.2,6.2,65.0
1134,C,1,0,9.4,8.4,5.1,5.1,63.3
1134,D,1,1,8.6,7.1,8.2,7.0,84.8
1135,A,0,0,6.5,6.1,5.0,8.6,43.7
1135,B,0,0,7.6,6.3,8.7,5.5,46.8
1135,C,1,1,7.0,6.4,6.8,5.9,76.8
1135,D,1,1,6.6,5.6,6.9,6.0,75.2
1136,A,1,1,5.1,7.0,7.6,6.5,77.0
1136,B,1,0,6.8,8.0,7.2,4.7,61.2
1136,C,1,1,8.3,7.9,8.3,5.6,83.5
1136,D,0,1,6.9,6.8,6.4,7.6,62.8
1137,A,1,1,5.2,5.7,6.3,5.9,71.8
1137,B,1,1,7.9,8.0,10,6.3,87.0
1137,C,1,1,8.0,5.8,6.4,9.4,82.7
1137,D,1,0,8.9,7.8,8.9,6.3,69.8
1138,A,0,0,5.3,5.6,8.4,6.4,42.8
1138,B,0,0,8.3,10,4.9,7.7,51.5
1138,C,1,0,8.0,6.9,5.7,5.2,59.7
1138,D,1,1,6.0,7.7,6.1,4.0,73.0
1139,A,1,0,7.7,6.0,7.2,7.9,64.7
1139,B,0,0,6.1,6.5,8.6,3.1,40.5
1139,C,0,1,7.1,6.0,4.2,5.7,55.0
1139,D,1,0,6.7,6.8,9.1,6.2,64.7
1140,A,0,1,6.7,8.5,7.7,4.8,62.8
1140,B,1,1,7.3,9.4,6.6,5.5,81.3
1140,C,1,0,9.5,8.2,7.4,6.2,68.8
1140,D,0,0,4.2,5.3,7.5,4.8,36.3
1141,A,0,0,4.1,5.9,7.1,7.5,41.0
1141,B,0,0,7.3,10,8.3,7.2,54.7
1141,C,0,1,8.1,9.3,5.4,5.8,64.3
1141,D,0,0,9.6,6.7,6.7,5.5,47.5
1142,A,1,1,5.4,6.6,7.2,7.4,77.7
1142,B,1,0,7.0,7.3,5.8,6.2,60.5
1142,C,0,0,8.1,7.4,5.4,5.2,43.5
1142,D,0,1,5.8,6.8,8.0,5.8,60.7
1143,A,1,0,5.9,7.2,5.5,7.6,60.3
1143,B,1,0,8.1,9.7,6.1,3.7,62.7
1143,C,1,1,8.5,5.5,7.5,5.9,79.0
1143,D,0,1,7.0,5.8,8.9,5.8,62.5
1144,A,1,1,4.7,6.4,8.0,7.1,77.0
1144,B,1,1,8.2,6.7,6.7,6.6,80.3
1144,C,1,1,7.0,6.3,6.1,7.5,78.2
1144,D,1,0,6.4,7.0,7.2,7.1,62.8
1145,A,1,1,8.4,4.6,4.4,5.5,71.5
1145,B,1,1,8.4,10,8.3,4.6,85.5
1145,C,1,1,7.7,10,4.9,7.2,83.0
1145,D,0,1,7.4,9.3,5.5,5.9,63.5
1146,A,1,0,7.1,4.5,7.5,6.8,59.8
1146,B,1,1,6.2,6.2,8.4,7.7,80.8
1146,C,1,0,6.2,6.9,5.8,7.0,59.8
1146,D,0,1,7.4,8.0,5.6,6.3,62.2
1147,A,1,0,4.2,6.1,5.9,4.8,51.7
1147,B,1,1,8.5,9.0,6.5,6.3,83.8
1147,C,1,1,6.9,7.6,6.8,7.1,80.7
1147,D,0,0,5.8,8.2,6.5,7.7,47.0
1148,A,0,0,7.2,6.9,7.1,5.3,44.2
1148,B,1,1,7.2,7.9,7.2,9.2,85.8
1148,C,1,0,8.5,6.7,6.0,6.5,62.8
1148,D,1,0,9.9,6.8,8.0,5.3,66.7
1149,A,1,1,6.8,5.1,6.9,7.2,76.7
1149,B,0,1,3.9,8.3,6.1,6.8,58.5
1149,C,1,0,4.8,8.9,7.2,6.0,61.5
1149,D,1,1,6.1,8.8,5.7,5.3,76.5
1150,A,1,0,6.1,4.4,7.8,5.7,56.7
1150,B,1,1,7.5,6.9,6.6,9.1,83.5
1150,C,1,1,5.4,6.8,8.0,6.7,78.2
1150,D,0,1,6.3,10,5.0,4.4,59.5
1151,A,1,0,5.1,5.3,6.6,5.5,54.2
1151,B,1,0,10,10,3.9,5.1,65.0
1151,C,1,1,9.0,7.5,5.1,8.7,83.8
1151,D,0,0,7.4,7.6,8.2,6.0,48.7
1152,A,0,1,5.8,6.7,5.2,5.0,54.5
1152,B,1,1,7.5,8.2,6.8,4.5,78.3
1152,C,1,1,6.2,4.6,4.3,7.2,70.5
1152,D,0,1,6.6,8.2,6.3,6.4,62.5
1153,A,0,0,6.3,5.9,7.9,6.9,45.0
1153,B,1,1,7.0,8.8,9.5,6.1,85.7
1153,C,0,1,7.9,5.5,5.6,8.4,62.3
1153,D,0,1,7.4,5.4,5.2,4.6,54.3
1154,A,0,0,6.0,5.8,5.4,5.5,37.8
1154,B,1,0,7.4,8.7,7.4,7.3,68.0
1154,C,1,0,8.6,7.2,5.3,5.4,60.8
1154,D,1,1,8.4,8.8,9.4,5.4,86.7
1155,A,0,1,8.4,4.9,6.8,5.1,58.7
1155,B,1,1,8.6,7.5,6.7,8.1,84.8
1155,C,1,1,5.2,7.1,8.7,4.0,75.0
1155,D,1,1,7.1,7.0,4.7,5.8,74.3
1156,A,0,0,5.9,7.0,6.5,7.3,44.5
1156,B,1,1,7.6,7.3,6.5,7.3,81.2
1156,C,0,1,8.3,6.1,6.3,6.6,62.2
1156,D,0,1,9.3,8.0,6.4,7.1,68.0
1157,A,1,1,7.0,6.6,7.6,6.1,78.8
1157,B,1,0,9.0,7.7,8.0,6.5,68.7
1157,C,1,1,8.3,6.4,5.3,5.7,76.2
1157,D,0,1,6.2,6.9,6.3,4.8,57.0
1158,A,0,1,4.0,7.3,7.3,9.0,62.7
1158,B,1,1,6.8,9.6,8.3,8.2,88.2
1158,C,1,1,7.8,7.1,6.7,8.3,83.2
1158,D,0,1,5.6,6.4,7.0,3.5,54.2
1159,A,1,1,5.7,5.4,6.2,6.4,72.8
1159,B,1,1,8.5,10,8.6,7.5,91.0
1159,C,1,1,7.8,7.3,4.5,8.3,79.8
1159,D,0,1,7.7,8.2,8.5,4.5,64.8
1160,A,1,1,7.6,5.5,8.7,8.3,83.5
1160,B,1,1,8.3,8.5,5.2,8.3,83.8
1160,C,1,0,7.8,9.7,6.1,6.2,66.3
1160,D,1,0,8.3,7.3,7.4,6.0,65.0
1161,A,0,0,7.9,3.9,6.6,6.2,41.0
1161,B,1,0,5.8,8.4,4.8,6.0,58.3
1161,C,1,0,6.4,6.5,6.6,8.4,63.2
1161,D,1,0,5.5,9.4,9.3,5.8,66.7
1162,A,0,0,5.8,2.3,6.6,6.3,35.0
1162,B,1,1,8.5,7.5,7.6,6.4,83.3
1162,C,1,0,6.0,8.5,7.7,7.5,66.2
1162,D,1,1,7.1,6.7,9.0,6.2,81.7
1163,A,0,1,6.2,4.5,8.5,4.5,56.2
1163,B,1,1,6.5,7.9,8.5,8.3,85.3
1163,C,1,0,6.8,6.8,6.1,8.2,63.2
1163,D,1,0,8.1,7.0,10,6.4,69.2
1164,A,1,0,6.8,5.4,6.2,6.2,57.7
1164,B,1,1,6.0,9.5,9.7,6.2,85.7
1164,C,1,0,8.0,8.5,7.0,7.0,67.5
1164,D,1,1,7.7,7.3,7.5,4.4,78.2
1165,A,0,0,7.8,7.8,6.2,6.4,47.0
1165,B,1,0,7.1,9.1,7.4,8.7,70.5
1165,C,1,1,7.3,8.1,7.1,8.3,84.7
1165,D,0,0,4.2,6.6,8.9,5.4,41.8
1166,A,1,0,4.6,4.7,7.8,5.1,53.7
1166,B,0,0,5.2,8.3,7.7,6.5,46.2
1166,C,1,0,5.0,7.0,4.8,8.2,58.3
1166,D,1,0,7.9,8.1,6.0,7.1,65.2
1167,A,1,0,4.7,8.1,5.4,7.0,58.7
1167,B,1,0,6.9,7.4,7.3,7.1,64.5
1167,C,0,1,6.8,7.4,5.7,7.3,62.0
1167,D,1,1,6.8,8.9,5.6,6.6,79.8
1168,A,0,1,6.6,6.8,6.1,7.2,61.2
1168,B,1,0,7.6,8.6,8.2,6.1,67.5
1168,C,1,1,8.6,6.0,6.3,7.1,80.0
1168,D,0,1,7.5,6.3,3.6,5.5,54.8
1169,A,1,0,7.4,6.0,5.7,6.5,59.3
1169,B,0,1,7.5,7.7,6.4,7.5,65.2
1169,C,0,1,7.4,8.9,6.5,5.8,64.3
1169,D,1,0,8.6,7.6,6.8,5.3,63.8
1170,A,0,0,7.8,4.5,6.7,5.3,40.5
1170,B,1,0,9.3,6.5,6.6,8.0,67.3
1170,C,0,1,7.2,6.0,6.1,7.5,61.3
1170,D,1,0,4.8,6.8,5.2,6.3,55.2
1171,A,0,1,7.4,8.2,6.7,6.3,64.3
1171,B,1,0,7.9,4.7,7.4,5.7,59.5
1171,C,1,0,8.7,6.9,6.6,6.1,63.8
1171,D,0,1,8.3,7.7,8.2,7.1,68.8
1172,A,0,0,7.4,5.2,4.4,6.5,39.2
1172,B,1,1,7.4,5.8,8.5,6.6,80.5
1172,C,1,0,7.5,8.8,7.4,8.0,69.5
1172,D,1,1,8.5,8.1,5.3,4.2,76.8
1173,A,1,0,8.0,4.8,9.4,6.6,64.7
1173,B,1,1,6.3,6.3,6.7,5.2,74.2
1173,C,1,0,5.1,8.5,6.0,6.8,60.7
1173,D,1,0,6.1,6.4,6.9,7.0,60.7
1174,A,0,0,6.3,6.2,6.6,5.0,40.2
1174,B,0,0,8.1,7.2,8.9,6.5,51.2
1174,C,0,1,4.9,8.4,6.2,7.6,61.8
1174,D,1,0,7.2,8.7,8.0,5.2,65.2
1175,A,0,1,4.9,7.9,6.8,7.0,61.0
1175,B,0,0,8.0,5.6,6.8,7.0,45.7
1175,C,0,0,8.0,6.6,7.0,9.0,51.0
1175,D,1,1,9.6,5.2,4.3,4.0,71.8
1176,A,0,0,5.5,6.0,6.4,6.0,39.8
1176,B,1,0,7.6,6.3,8.8,8.6,68.8
1176,C,0,0,6.3,7.7,7.5,7.4,48.2
1176,D,0,0,6.6,8.6,7.4,4.7,45.5
1177,A,1,0,8.5,7.2,5.9,7.7,65.5
1177,B,1,0,9.2,6.5,7.2,6.3,65.3
1177,C,0,0,8.2,7.6,7.6,7.5,51.5
1177,D,0,1,8.4,5.4,6.6,5.8,60.3
1178,A,0,1,6.1,5.4,6.2,6.7,57.3
1178,B,1,0,8.7,8.2,7.0,4.9,64.7
1178,C,0,0,5.9,6.9,7.7,5.0,42.5
1178,D,1,1,8.8,7.1,5.3,7.4,81.0
1179,A,1,0,7.2,7.4,7.4,4.7,61.2
1179,B,1,1,9.1,5.0,7.2,7.5,81.3
1179,C,1,1,8.8,7.9,4.2,6.5,79.0
1179,D,0,1,5.0,8.2,7.5,6.7,62.3
1180,A,1,1,5.9,7.3,6.8,5.3,75.5
1180,B,1,0,5.4,7.2,5.2,6.3,56.8
1180,C,0,1,8.1,7.0,5.5,6.8,62.3
1180,D,1,1,6.5,8.2,5.6,3.9,73.7
1181,A,1,0,7.7,5.8,4.0,6.7,57.0
1181,B,1,1,5.5,8.5,7.2,8.5,82.8
1181,C,1,0,5.6,8.0,4.9,8.4,61.5
1181,D,0,0,9.1,7.0,7.0,5.8,48.2
1182,A,1,0,7.1,7.3,7.3,5.9,62.7
1182,B,1,1,6.7,4.6,6.6,7.1,75.0
1182,C,1,1,7.6,9.1,10.0,7.2,89.8
1182,D,0,1,5.9,6.9,5.7,7.0,59.2
1183,A,1,1,7.4,6.2,7.4,4.6,76.0
1183,B,1,1,6.1,9.4,10,5.2,84.5
1183,C,1,1,6.2,7.0,6.3,7.3,78.0
1183,D,1,0,6.3,7.1,8.2,6.2,63.0
1184,A,1,0,5.3,3.5,7.1,6.9,54.7
1184,B,1,0,7.2,6.0,6.7,9.1,65.0
1184,C,0,1,5.4,6.8,5.4,7.1,57.8
1184,D,1,1,7.0,5.3,6.3,5.4,73.3
1185,A,0,0,8.9,5.4,6.9,5.7,44.8
1185,B,1,1,8.2,7.5,6.7,7.2,82.7
1185,C,1,0,8.6,5.5,8.6,8.2,68.2
1185,D,1,0,6.8,8.3,6.8,6.7,64.3
1186,A,0,0,5.5,5.4,6.0,5.8,37.8
1186,B,1,1,8.5,7.8,6.2,7.0,82.5
1186,C,0,1,6.4,7.4,6.6,9.9,67.2
1186,D,0,0,6.4,9.2,6.4,5.4,45.7
1187,A,0,1,6.3,4.3,7.5,5.5,56.0
1187,B,1,1,7.1,9.4,7.6,7.2,85.5
1187,C,0,0,7.8,6.9,7.5,7.4,49.3
1187,D,1,1,6.5,8.7,7.1,4.3,77.7
1188,A,1,1,5.0,5.7,5.5,6.3,70.8
1188,B,1,0,8.0,7.6,7.4,6.2,65.3
1188,C,1,1,7.8,6.2,7.1,6.7,79.7
1188,D,1,0,8.6,7.8,8.1,5.8,67.2
1189,A,1,0,5.8,4.4,6.4,8.0,57.7
1189,B,1,1,4.9,6.0,6.3,7.0,73.7
1189,C,0,1,5.1,5.1,3.9,6.6,51.2
1189,D,1,1,5.8,6.5,5.3,5.7,72.2
1190,A,1,1,7.5,9.0,6.1,6.5,81.8
1190,B,0,1,7.4,7.5,6.3,3.4,57.7
1190,C,1,0,4.9,7.4,6.6,6.6,59.2
1190,D,0,1,8.9,6.7,4.9,4.8,58.8
1191,A,1,1,6.9,5.1,7.5,7.5,78.3
1191,B,1,0,8.9,6.1,8.4,4.4,63.0
1191,C,1,1,7.1,6.9,7.6,5.2,78.0
1191,D,0,1,8.1,7.0,4.8,7.7,62.7
1192,A,1,1,7.2,4.7,8.5,8.1,80.8
1192,B,1,0,8.0,5.3,8.5,5.6,62.3
1192,C,0,0,6.6,7.6,5.7,9.4,48.8
1192,D,0,1,6.9,8.2,8.6,6.0,66.2
1193,A,0,0,7.3,6.6,6.7,7.5,46.8
1193,B,1,1,5.1,7.8,5.7,6.0,74.3
1193,C,1,0,8.2,7.4,6.0,7.9,65.8
1193,D,1,0,7.6,7.0,6.8,6.4,63.0
1194,A,1,1,7.7,4.8,7.5,5.8,76.3
1194,B,1,0,5.5,7.8,5.6,6.0,58.2
1194,C,1,1,8.3,5.8,7.0,6.8,79.8
1194,D,1,0,6.1,6.4,5.3,4.6,54.0
1195,A,1,1,7.4,5.1,4.4,5.3,70.3
1195,B,1,1,5.9,4.5,4.6,5.1,66.8
1195,C,1,0,8.6,7.1,6.0,3.4,58.5
1195,D,1,1,7.4,8.9,8.1,7.7,86.8
1196,A,1,0,5.8,6.5,7.4,3.9,56.0
1196,B,1,1,7.2,8.4,5.7,8.0,82.2
1196,C,1,1,7.4,7.8,7.3,6.3,81.3
1196,D,0,0,6.5,5.8,7.4,4.7,40.7
1197,A,0,0,5.9,4.7,7.3,7.0,41.5
1197,B,1,1,5.4,8.5,6.7,7.2,79.7
1197,C,1,1,7.6,6.7,6.1,7.0,79.0
1197,D,0,0,4.5,7.6,8.0,6.2,43.8
1198,A,0,0,8.1,5.9,8.3,7.1,49.0
1198,B,1,1,5.9,6.0,6.8,4.9,72.7
1198,C,1,1,6.5,6.5,5.8,7.2,76.7
1198,D,1,1,7.9,7.7,7.7,6.8,83.5
1199,A,1,0,4.7,6.5,8.8,8.4,64.0
1199,B,0,1,6.8,7.8,5.4,7.1,61.8
1199,C,1,1,6.8,6.9,5.8,7.0,77.5
1199,D,1,1,9.3,7.0,5.2,4.7,77.0
1200,A,1,0,4.5,3.4,7.0,8.3,55.3
1200,B,1,1,7.8,10,6.2,6.3,83.8
1200,C,1,1,7.6,6.7,5.9,7.9,80.2
1200,D,0,1,8.0,6.6,5.5,4.8,58.2
1201,A,0,1,5.3,6.5,4.7,5.3,53.0
1201,B,1,1,5.9,7.1,5.4,4.2,71.0
1201,C,1,1,7.2,7.9,6.9,6.7,81.2
1201,D,1,1,4.3,7.8,6.7,5.6,74.0
1202,A,1,0,5.5,6.9,6.5,7.2,60.2
1202,B,1,0,7.0,5.8,6.9,5.3,58.3
1202,C,1,1,6.4,10,9.2,7.9,89.2
1202,D,1,1,4.8,7.3,7.6,6.5,77.0
1203,A,1,1,7.1,5.2,7.3,7.1,77.8
1203,B,1,1,8.9,9.1,6.4,4.9,82.2
1203,C,1,1,7.1,8.0,5.5,7.8,80.7
1203,D,1,1,7.3,7.5,4.5,6.0,75.5
1204,A,1,0,7.7,4.3,8.3,3.8,56.8
1204,B,1,1,7.0,7.2,7.2,6.6,80.0
1204,C,1,1,6.5,8.0,6.6,7.0,80.2
1204,D,1,0,8.3,7.6,3.6,3.9,55.7
1205,A,1,0,5.5,8.2,5.0,6.2,58.2
1205,B,1,0,8.5,7.9,7.6,6.0,66.7
1205,C,0,0,7.4,4.4,6.7,6.7,42.0
1205,D,1,1,6.9,9.6,7.5,5.8,83.0
1206,A,0,1,7.3,7.0,3.5,7.0,58.0
1206,B,1,0,6.4,7.4,8.2,7.4,65.7
1206,C,1,1,9.7,9.2,5.7,8.4,88.3
1206,D,0,1,8.0,8.9,6.6,7.1,67.7
1207,A,0,0,7.6,7.1,9.3,7.5,52.5
1207,B,0,1,6.9,8.8,6.4,5.1,62.0
1207,C,1,0,7.9,7.6,5.6,7.6,64.5
1207,D,1,0,8.3,7.9,5.7,6.3,63.7
1208,A,0,1,6.8,5.8,7.9,8.7,65.3
1208,B,1,1,7.5,9.4,7.4,6.8,85.2
1208,C,0,1,7.4,8.4,7.1,7.4,67.2
1208,D,1,1,6.2,8.5,9.5,7.1,85.5
1209,A,0,1,4.2,4.6,5.7,6.0,50.8
1209,B,1,0,6.4,8.0,7.1,6.1,62.7
1209,C,0,0,6.7,8.1,5.6,5.4,43.0
1209,D,0,0,8.0,7.4,4.8,8.0,47.0
1210,A,0,1,6.6,3.7,5.9,5.5,52.8
1210,B,1,1,6.7,9.1,8.2,6.5,84.2
1210,C,1,1,7.5,6.7,5.7,9.6,82.5
1210,D,1,1,7.0,6.8,7.4,5.7,78.2
1211,A,1,1,6.6,6.6,6.3,7.9,79.0
1211,B,1,1,10,6.6,9.1,6.4,86.8
1211,C,1,0,8.0,6.3,5.8,8.0,63.5
1211,D,0,1,5.9,5.6,5.6,7.8,58.2
1212,A,1,1,6.9,6.1,5.4,4.3,71.2
1212,B,1,1,8.9,8.6,6.3,5.9,82.8
1212,C,0,1,5.4,8.3,4.1,6.6,57.3
1212,D,0,0,10,8.1,4.4,5.4,46.5
1213,A,1,1,8.9,5.7,6.8,7.6,81.7
1213,B,1,0,8.5,10,6.3,4.0,64.7
1213,C,0,1,6.8,6.6,5.7,5.2,57.2
1213,D,1,0,9.3,7.0,8.2,6.4,68.2
1214,A,0,0,6.0,7.7,6.2,6.3,43.7
1214,B,1,1,7.8,7.9,8.1,6.7,84.2
1214,C,1,1,4.9,7.9,6.6,4.6,73.3
1214,D,1,0,6.5,6.8,5.5,6.5,58.8
1215,A,0,1,7.2,5.5,8.5,5.2,60.7
1215,B,0,1,6.1,9.3,7.5,5.0,63.2
1215,C,1,0,6.2,7.2,6.2,7.8,62.3
1215,D,1,1,7.7,10,6.8,5.7,83.7
1216,A,0,1,8.3,3.9,7.3,5.6,58.5
1216,B,1,0,8.6,6.3,5.1,5.3,58.8
1216,C,1,1,7.7,8.0,2.8,8.2,77.8
1216,D,1,1,4.0,5.7,6.7,5.0,69.0
1217,A,1,1,7.7,8.3,6.7,7.8,84.2
1217,B,1,1,5.9,7.2,5.3,6.8,75.3
1217,C,1,0,8.7,6.5,5.7,8.0,64.8
1217,D,1,1,5.5,8.9,6.5,3.6,74.2
1218,A,1,0,4.6,8.1,7.7,6.4,61.3
1218,B,1,0,7.6,7.4,4.9,6.2,60.2
1218,C,1,1,6.7,7.9,3.9,5.3,73.0
1218,D,1,1,8.1,5.5,6.6,2.4,71.0
1219,A,1,0,5.7,5.7,6.6,6.2,57.0
1219,B,1,1,7.9,8.9,7.1,5.1,81.7
1219,C,0,1,8.3,7.7,5.2,7.4,64.3
1219,D,1,1,7.3,9.1,8.9,3.5,81.3
1220,A,1,0,6.7,5.1,7.8,6.1,59.5
1220,B,1,1,8.7,7.7,5.4,6.5,80.5
1220,C,1,1,6.9,5.0,7.0,8.1,78.3
1220,D,1,1,8.2,6.5,6.2,7.2,80.2
1221,A,0,0,7.6,5.5,5.5,8.3,44.8
1221,B,1,1,9.6,8.7,8.9,6.1,88.8
1221,C,0,0,8.0,6.5,6.1,6.0,44.3
1221,D,1,0,7.8,6.1,6.6,8.2,64.5
1222,A,1,0,6.1,4.9,7.2,6.4,57.7
1222,B,1,1,5.2,4.9,7.2,4.6,69.8
1222,C,1,1,6.5,6.2,4.8,7.8,75.5
1222,D,0,1,6.9,6.8,7.8,5.9,62.3
1223,A,1,1,9.2,4.3,6.9,7.1,79.2
1223,B,0,0,8.5,8.0,8.5,8.4,55.7
1223,C,1,1,5.4,7.4,7.0,5.3,75.2
1223,D,1,1,7.0,7.5,6.1,5.7,77.2
1224,A,0,1,6.7,7.3,5.7,8.1,63.0
1224,B,1,0,6.2,6.8,7.6,4.4,58.3
1224,C,0,1,8.2,6.0,7.4,7.1,64.5
1224,D,1,1,5.8,7.8,5.5,5.3,74.0
1225,A,1,0,7.4,6.2,5.8,5.9,58.8
1225,B,0,0,8.7,6.6,8.2,5.5,48.3
1225,C,1,0,10,8.0,6.0,6.9,68.2
1225,D,1,0,5.8,9.5,5.1,7.1,62.5
1226,A,0,0,6.9,4.3,6.9,5.1,38.7
1226,B,1,1,8.6,8.6,7.2,7.3,86.2
1226,C,0,1,7.2,6.9,5.2,9.2,64.2
1226,D,0,1,6.1,7.5,7.1,5.3,60.0
1227,A,0,0,8.6,4.1,6.8,6.9,44.0
1227,B,1,1,9.5,8.9,6.0,7.7,86.8
1227,C,1,0,6.4,7.1,6.3,8.0,63.0
1227,D,1,0,7.3,7.7,8.3,6.5,66.3
1228,A,1,0,7.8,7.4,4.9,7.3,62.3
1228,B,0,1,6.7,6.5,5.6,7.2,60.0
1228,C,1,0,8.2,8.0,7.2,5.0,64.0
1228,D,0,1,8.0,7.0,8.5,8.8,70.5
1229,A,0,0,4.6,4.3,7.1,6.3,37.2
1229,B,1,0,7.5,9.0,8.3,6.1,68.2
1229,C,1,1,7.3,7.2,7.6,6.7,81.3
1229,D,1,0,8.7,5.9,5.1,5.3,58.3
1230,A,1,1,8.3,4.1,6.8,4.0,72.0
1230,B,1,1,5.4,7.6,7.0,5.7,76.2
1230,C,0,0,4.0,6.0,5.6,7.8,39.0
1230,D,0,1,7.3,5.5,5.8,5.6,57.0
1231,A,1,0,7.5,8.2,5.5,6.0,62.0
1231,B,0,0,7.9,9.0,6.6,5.3,48.0
1231,C,1,0,9.4,7.8,7.3,6.1,67.7
1231,D,1,1,7.5,7.1,6.1,5.2,76.5
1232,A,1,0,8.0,7.4,6.5,8.3,67.0
1232,B,0,1,8.0,4.7,7.8,5.3,59.7
1232,C,1,1,8.6,7.1,8.7,6.6,85.0
1232,D,1,1,8.0,6.8,7.4,5.8,80.0
1233,A,0,1,6.7,6.1,6.4,4.5,56.2
1233,B,1,1,8.1,7.1,7.1,5.3,79.3
1233,C,0,1,8.9,7.5,7.0,9.0,70.7
1233,D,0,0,8.1,6.7,7.9,7.9,51.0
1234,A,1,1,8.4,4.2,5.6,7.4,76.0
1234,B,1,0,6.7,6.5,7.7,6.2,61.8
1234,C,1,0,7.2,8.1,7.4,8.0,67.8
1234,D,0,1,7.8,7.3,6.5,4.9,60.8
1235,A,0,1,5.0,4.4,7.8,5.7,54.8
1235,B,1,1,7.1,7.2,8.1,5.8,80.3
1235,C,1,1,6.2,8.5,5.6,4.8,75.2
1235,D,0,1,9.5,6.9,8.3,7.5,70.3
1236,A,0,0,6.0,7.3,5.9,5.9,41.8
1236,B,0,1,6.5,6.8,7.7,4.9,59.8
1236,C,0,1,8.2,8.2,5.7,7.9,66.7
1236,D,1,1,8.1,7.7,5.9,7.4,81.8
1237,A,0,0,6.1,7.4,5.6,6.4,42.5
1237,B,1,0,9.7,7.7,8.4,5.2,68.3
1237,C,1,0,6.3,6.3,6.8,7.3,61.2
1237,D,0,1,6.9,6.9,3.2,4.6,52.7
1238,A,0,0,4.4,5.5,7.6,6.6,40.2
1238,B,1,1,8.8,6.6,6.6,7.2,82.0
1238,C,1,0,7.8,7.1,6.9,7.7,65.8
1238,D,0,1,8.3,9.3,9.1,5.6,70.5
1239,A,1,0,8.5,4.0,4.3,6.2,55.0
1239,B,1,1,5.9,6.4,6.1,6.9,75.5
1239,C,1,1,8.7,8.5,5.8,8.7,86.2
1239,D,0,1,6.4,8.1,4.6,6.0,58.5
1240,A,1,1,6.5,7.2,7.4,6.1,78.7
1240,B,1,1,5.5,8.8,6.8,4.2,75.5
1240,C,1,0,5.4,7.4,4.9,6.7,57.3
1240,D,0,1,7.7,7.2,8.5,6.7,66.8
1241,A,1,0,8.7,5.4,4.1,5.7,56.5
1241,B,1,0,6.2,8.8,5.7,5.9,61.0
1241,C,1,1,7.9,5.9,7.0,7.8,81.0
1241,D,1,1,8.2,8.4,7.4,7.9,86.5
1242,A,1,1,5.7,5.0,5.8,6.8,72.2
1242,B,1,1,6.9,9.5,6.2,7.0,82.7
1242,C,1,1,7.2,7.4,6.8,6.7,80.2
1242,D,1,0,9.5,7.5,8.6,3.9,65.8
1243,A,0,0,5.9,5.5,4.8,5.1,35.5
1243,B,0,1,7.8,7.4,4.6,4.8,57.7
1243,C,0,1,8.2,6.6,5.2,7.0,61.7
1243,D,0,1,7.1,10,7.1,5.5,66.2
1244,A,1,0,7.0,4.4,5.4,5.2,53.3
1244,B,1,1,7.3,5.4,4.2,7.4,73.8
1244,C,0,1,6.7,6.9,6.4,9.2,65.3
1244,D,1,1,7.8,5.9,6.5,6.5,77.8
1245,A,0,0,7.4,6.5,6.5,7.0,45.7
1245,B,1,1,6.1,7.6,5.3,4.4,72.3
1245,C,0,1,7.9,7.2,3.9,6.0,58.3
1245,D,0,1,5.8,8.0,6.3,4.7,58.0
1246,A,1,1,5.9,5.2,8.8,6.0,76.5
1246,B,0,0,6.2,6.8,8.3,7.0,47.2
1246,C,0,1,6.9,6.8,4.9,7.7,60.5
1246,D,0,1,9.3,8.2,10,4.4,69.8
1247,A,1,1,5.4,4.0,7.3,7.6,73.8
1247,B,1,0,5.8,10,9.7,5.5,68.3
1247,C,0,1,5.3,7.9,4.9,6.7,58.0
1247,D,0,0,4.3,6.4,5.3,4.8,34.7
1248,A,0,0,7.7,5.7,7.8,7.1,47.2
1248,B,1,0,7.9,8.9,7.4,5.8,66.7
1248,C,1,1,9.3,7.1,6.7,7.6,84.5
1248,D,0,0,7.5,6.7,5.8,5.9,43.2
1249,A,1,1,6.7,5.7,6.3,6.5,75.3
1249,B,0,1,8.4,8.0,6.8,5.1,63.8
1249,C,1,0,7.4,5.3,4.9,6.6,57.0
1249,D,0,0,8.2,7.0,6.5,5.6,45.5
1250,A,1,0,6.6,6.4,7.8,5.3,60.2
1250,B,0,1,6.9,5.9,6.1,6.9,59.7
1250,C,1,1,8.6,6.5,6.0,7.5,81.0
1250,D,1,0,9.0,6.7,5.6,5.5,61.3
1251,A,1,0,5.7,6.1,7.4,6.6,59.7
1251,B,0,1,6.9,8.9,7.2,4.6,62.7
1251,C,1,0,6.3,6.4,5.1,5.6,55.7
1251,D,1,1,7.1,7.0,6.1,5.2,75.7
1252,A,0,1,6.1,7.0,7.3,7.9,63.8
1252,B,0,0,7.5,5.4,4.4,7.8,41.8
1252,C,1,0,6.4,7.4,4.7,7.7,60.3
1252,D,0,1,9.6,5.9,4.3,7.4,62.0
1253,A,1,0,8.1,7.9,6.3,8.0,67.2
1253,B,1,0,5.6,9.7,6.9,6.4,64.3
1253,C,1,1,7.0,6.9,4.8,8.3,78.3
1253,D,1,1,8.4,6.3,9.2,7.6,85.8
1254,A,1,1,5.4,5.6,7.3,6.8,75.2
1254,B,1,0,8.7,7.0,8.4,4.9,65.0
1254,C,1,1,7.7,7.4,5.3,7.8,80.3
1254,D,0,1,8.1,7.6,5.9,5.5,61.8
1255,A,1,0,7.9,6.0,7.3,7.7,64.8
1255,B,1,1,7.8,7.7,9.5,7.4,87.3
1255,C,0,0,7.9,8.4,8.6,8.3,55.3
1255,D,1,1,5.1,7.3,6.9,6.2,75.8
1256,A,1,0,7.8,4.7,7.5,6.6,61.0
1256,B,0,1,9.5,9.7,6.6,8.6,74.0
1256,C,1,1,8.3,8.8,5.8,7.7,84.3
1256,D,1,0,5.3,5.7,8.8,7.0,61.3
1257,A,1,0,7.1,3.7,6.5,6.9,57.0
1257,B,1,1,8.4,9.2,7.9,5.1,84.3
1257,C,0,0,6.3,8.3,6.7,7.4,47.8
1257,D,0,0,4.7,7.3,8.1,5.7,43.0
1258,A,1,0,7.7,9.3,6.9,6.8,67.8
1258,B,1,0,6.1,7.7,5.8,6.2,59.7
1258,C,1,1,8.5,7.8,6.8,5.5,81.0
1258,D,0,1,4.3,8.7,4.9,6.4,57.2
1259,A,0,1,6.9,6.1,7.1,6.0,60.2
1259,B,1,0,7.4,7.3,8.1,6.6,65.7
1259,C,0,1,9.2,5.8,5.3,8.7,65.0
1259,D,0,1,6.8,6.4,6.8,4.1,56.8
1260,A,1,0,6.7,6.1,5.6,7.6,60.0
1260,B,1,1,7.3,7.3,8.2,2.2,75.0
1260,C,0,0,7.2,5.3,4.8,9.1,44.0
1260,D,0,0,6.5,7.8,4.5,5.3,40.2
1261,A,1,1,5.4,4.3,6.0,8.4,73.5
1261,B,1,1,8.6,8.7,7.5,7.3,86.8
1261,C,0,0,7.9,7.8,4.9,9.7,50.5
1261,D,0,1,8.9,8.9,7.4,6.4,69.3
1262,A,1,0,5.9,5.7,7.5,8.9,63.3
1262,B,0,0,8.3,7.8,6.9,6.9,49.8
1262,C,1,0,5.6,6.3,5.3,5.9,55.2
1262,D,0,1,7.9,7.9,8.5,5.0,65.5
1263,A,1,0,6.7,6.0,9.0,5.4,61.8
1263,B,1,1,7.7,9.3,7.6,4.2,81.3
1263,C,1,1,6.9,7.1,7.0,10,85.0
1263,D,0,0,7.8,6.8,7.8,5.6,46.7
1264,A,0,0,7.5,5.7,5.9,5.8,41.5
1264,B,1,0,4.3,7.5,7.5,5.8,58.5
1264,C,1,0,7.2,8.5,6.8,8.1,67.7
1264,D,1,0,10,8.0,7.5,5.7,68.7
1265,A,0,0,6.0,4.9,6.6,4.6,36.8
1265,B,1,1,6.2,7.9,6.7,5.9,77.8
1265,C,1,0,8.8,5.4,6.7,8.2,65.2
1265,D,1,0,9.1,7.2,5.2,6.3,63.0
1266,A,1,0,7.8,6.8,8.4,6.0,65.0
1266,B,1,1,5.6,8.6,5.4,6.9,77.5
1266,C,0,1,6.2,3.8,6.3,5.7,53.3
1266,D,1,0,7.9,7.3,8.5,5.7,65.7
1267,A,1,1,5.7,4.6,8.1,6.7,75.2
1267,B,0,1,8.8,9.3,8.6,7.1,73.0
1267,C,0,1,5.9,6.6,5.9,8.5,61.5
1267,D,0,0,5.7,5.2,5.8,7.4,40.2
1268,A,1,0,5.8,5.9,5.2,6.0,54.8
1268,B,1,0,9.7,7.1,5.1,5.9,63.0
1268,C,0,0,9.4,6.4,5.2,6.0,45.0
1268,D,0,1,8.1,7.1,5.6,5.9,61.2
1269,A,1,0,7.8,6.4,7.2,6.9,63.8
1269,B,0,1,7.5,6.1,6.6,4.2,57.3
1269,C,1,0,4.6,6.0,7.3,4.6,54.2
1269,D,0,0,6.7,7.3,6.2,5.1,42.2
1270,A,1,0,6.7,6.0,6.6,8.3,62.7
1270,B,1,0,7.0,6.9,5.2,7.6,61.2
1270,C,0,1,6.6,7.2,5.8,6.9,60.8
1270,D,0,0,5.4,7.4,5.3,6.1,40.3
1271,A,1,0,6.6,6.9,7.2,7.8,64.2
1271,B,0,1,4.9,7.3,7.1,7.4,61.2
1271,C,1,1,5.8,6.8,8.6,6.9,80.2
1271,D,1,1,9.5,5.6,4.7,6.2,76.7
1272,A,1,0,6.2,5.8,7.9,7.8,62.8
1272,B,1,0,7.3,9.9,7.8,7.2,70.3
1272,C,1,0,10,5.6,5.5,6.3,62.3
1272,D,1,1,9.7,6.3,6.3,5.7,80.0
1273,A,1,1,6.4,4.2,7.6,4.1,70.5
1273,B,1,0,8.1,6.0,6.2,6.8,61.8
1273,C,1,1,7.0,7.8,5.8,9.3,83.2
1273,D,1,1,4.7,7.9,7.6,4.5,74.5
1274,A,1,0,9.4,4.9,7.6,5.6,62.5
1274,B,1,1,7.7,6.5,4.9,6.8,76.5
1274,C,1,1,6.2,6.4,4.7,7.5,74.7
1274,D,1,1,7.5,7.7,6.7,6.3,80.3
1275,A,1,0,7.1,4.2,6.9,6.6,58.0
1275,B,1,1,8.2,6.9,6.9,8.4,84.0
1275,C,1,0,7.1,7.2,5.6,8.1,63.3
1275,D,1,1,6.9,7.9,6.6,6.0,79.0
1276,A,0,0,7.0,7.0,7.6,7.6,48.7
1276,B,0,1,7.4,9.0,8.9,7.3,71.0
1276,C,1,1,6.3,5.4,6.7,7.8,77.0
1276,D,1,0,7.9,9.0,6.6,6.3,66.3
1277,A,1,1,5.4,8.2,7.2,5.9,77.8
1277,B,1,1,7.1,8.3,6.8,7.7,83.2
1277,C,1,0,6.8,8.3,5.8,6.0,61.5
1277,D,0,0,6.8,6.9,6.2,4.4,40.5
1278,A,1,1,6.3,6.2,10,7.1,82.7
1278,B,0,1,10,8.0,6.9,5.0,66.5
1278,C,1,1,7.8,6.1,5.7,6.2,76.3
1278,D,0,1,9.6,7.3,5.0,7.5,65.7
1279,A,1,1,5.5,6.7,6.8,5.6,74.3
1279,B,1,1,8.0,9.3,8.9,5.7,86.5
1279,C,1,1,7.7,9.8,6.7,9.1,88.8
1279,D,0,1,6.0,9.5,5.0,6.0,60.8
1280,A,1,1,6.7,7.1,7.1,5.2,76.8
1280,B,0,1,8.0,7.8,6.4,5.9,63.5
1280,C,1,0,7.8,6.7,6.2,7.3,63.3
1280,D,1,1,8.5,8.5,6.1,6.3,82.3
1281,A,1,1,7.8,6.3,7.8,6.5,80.7
1281,B,1,1,8.2,5.8,7.0,7.0,80.0
1281,C,1,0,8.5,6.5,3.8,7.7,60.8
1281,D,0,0,7.7,7.8,6.0,7.1,47.7
1282,A,1,1,6.4,6.0,6.4,7.9,77.8
1282,B,1,1,8.6,6.7,6.7,5.3,78.8
1282,C,1,0,4.1,5.2,6.2,6.0,52.5
1282,D,1,0,5.6,7.6,6.4,5.9,59.2
1283,A,1,0,9.4,5.8,6.2,6.6,63.3
1283,B,0,1,7.1,8.0,6.0,8.3,65.7
1283,C,1,1,6.6,8.2,7.2,9.5,85.8
1283,D,0,0,7.5,6.8,6.7,4.1,41.8
1284,A,1,1,4.3,4.3,6.4,5.9,68.2
1284,B,0,0,7.0,9.7,6.6,5.9,48.7
1284,C,1,1,6.7,7.2,7.9,8.5,83.8
1284,D,1,1,8.2,8.1,4.6,5.8,77.8
1285,A,0,1,9.1,5.0,4.7,5.5,57.2
1285,B,1,1,5.8,8.3,6.9,6.3,78.8
1285,C,0,1,5.9,7.1,8.2,7.7,64.8
1285,D,1,0,7.4,9.5,8.5,6.2,69.3
1286,A,0,0,8.5,6.2,5.7,6.1,44.2
1286,B,1,1,10,9.7,6.2,5.9,86.3
1286,C,0,0,7.8,8.6,7.7,4.6,47.8
1286,D,0,1,5.4,7.5,4.7,6.9,57.5
1287,A,1,0,6.0,5.1,6.6,6.6,57.2
1287,B,1,0,9.0,6.8,7.2,7.8,68.0
1287,C,0,0,5.6,9.9,6.6,4.1,43.7
1287,D,0,1,7.4,6.6,6.1,6.0,60.2
1288,A,1,0,6.4,5.3,9.4,6.4,62.5
1288,B,1,1,6.1,5.4,7.2,7.9,77.7
1288,C,1,0,8.1,4.3,4.3,7.1,56.3
1288,D,1,1,8.7,7.0,6.5,5.0,78.7
1289,A,1,0,7.0,5.3,6.4,4.4,55.2
1289,B,1,1,5.8,6.1,5.7,5.6,72.0
1289,C,1,1,6.7,6.5,5.7,7.9,78.0
1289,D,0,1,7.9,7.4,6.2,7.4,64.8
1290,A,1,0,6.0,4.4,5.8,6.8,55.0
1290,B,1,1,8.8,7.4,8.0,6.1,83.8
1290,C,1,1,6.3,6.9,6.4,8.0,79.3
1290,D,1,0,7.1,9.1,6.3,6.8,65.5
1291,A,1,0,7.2,3.4,5.4,5.0,51.7
1291,B,0,0,8.2,5.8,7.5,3.4,41.5
1291,C,1,0,7.2,6.8,6.8,8.0,64.7
1291,D,0,0,9.0,7.1,7.6,5.7,49.0
1292,A,1,0,7.7,6.4,6.4,5.1,59.3
1292,B,0,1,8.7,8.1,7.6,3.4,63.0
1292,C,0,1,6.4,6.1,6.3,9.2,63.3
1292,D,1,1,10,7.4,6.7,8.4,87.5
1293,A,0,0,7.2,6.1,7.1,6.1,44.2
1293,B,0,1,7.2,7.6,8.0,7.3,66.8
1293,C,1,1,5.0,8.0,5.4,8.4,78.0
1293,D,1,1,6.3,6.8,5.5,4.9,72.5
1294,A,1,1,5.3,6.0,8.9,6.2,77.3
1294,B,0,0,6.1,7.2,10,6.0,48.8
1294,C,1,0,7.3,7.0,6.2,6.5,61.7
1294,D,0,0,5.9,8.9,6.0,6.0,44.7
1295,A,0,0,8.4,6.0,6.3,6.7,45.7
1295,B,1,0,8.8,6.6,6.9,3.2,59.2
1295,C,0,1,6.5,6.9,7.9,6.7,63.3
1295,D,0,0,9.7,7.0,4.7,6.7,46.8
1296,A,1,1,7.0,6.9,5.5,5.2,74.3
1296,B,1,1,7.5,8.7,9.5,4.8,84.2
1296,C,1,1,8.2,6.5,6.7,8.6,83.3
1296,D,0,1,8.2,6.2,5.7,3.7,56.3
1297,A,0,0,6.7,5.5,4.7,3.5,34.0
1297,B,1,1,9.5,7.5,8.3,6.6,86.5
1297,C,1,1,6.2,6.0,4.6,7.4,73.7
1297,D,1,0,9.1,7.4,6.1,7.0,66.0
1298,A,1,0,5.0,5.1,9.8,7.6,62.5
1298,B,1,0,7.3,7.7,5.9,6.6,62.5
1298,C,0,0,6.9,8.4,4.7,8.8,48.0
1298,D,1,0,7.9,8.2,6.9,6.6,66.0
1299,A,0,0,6.3,5.1,6.3,6.0,39.5
1299,B,1,0,7.8,7.6,6.7,6.1,63.7
1299,C,0,0,8.0,7.6,6.1,4.8,44.2
1299,D,0,1,9.5,9.2,6.9,7.2,71.3
1300,A,1,0,7.5,5.5,7.5,7.9,64.0
1300,B,0,0,8.7,6.9,7.9,6.5,50.0
1300,C,1,1,9.8,6.6,5.6,6.0,80.0
1300,D,0,1,7.0,6.8,6.8,4.8,59.0
1301,A,1,1,6.7,4.5,6.6,4.8,71.0
1301,B,1,1,6.9,6.5,8.7,4.8,78.2
1301,C,1,0,6.9,7.2,7.4,5.2,61.2
1301,D,1,0,8.3,8.7,6.8,6.7,67.5
1302,A,1,0,7.2,5.2,7.5,7.2,61.8
1302,B,0,0,7.4,7.8,6.8,6.5,47.5
1302,C,1,0,7.4,7.6,5.8,10,68.0
1302,D,1,0,10,5.6,4.9,5.9,60.7
1303,A,1,0,8.5,3.5,6.2,7.1,58.8
1303,B,1,1,8.1,10,7.3,5.6,85.0
1303,C,0,1,6.1,7.2,7.5,6.2,61.7
1303,D,1,1,7.2,8.2,4.3,3.8,72.5
1304,A,0,0,6.1,6.2,9.6,8.2,50.2
1304,B,0,0,6.4,7.5,6.5,8.8,48.7
1304,C,0,1,6.9,6.1,5.7,7.9,61.0
1304,D,1,1,6.4,7.4,6.2,6.1,76.8
1305,A,1,1,7.1,5.0,8.3,7.6,80.0
1305,B,1,0,7.3,7.0,7.0,5.1,60.7
1305,C,1,1,8.5,4.8,5.8,7.4,77.5
1305,D,0,0,7.4,7.1,4.6,6.2,42.2
1306,A,1,1,4.3,6.7,6.6,5.0,71.0
1306,B,1,1,8.6,5.8,6.6,6.3,78.8
1306,C,1,1,5.9,6.5,6.3,9.5,80.3
1306,D,1,0,7.1,8.2,6.4,4.6,60.5
1307,A,1,0,5.4,6.6,6.8,7.2,60.0
1307,B,1,1,8.2,5.6,7.6,6.9,80.5
1307,C,1,0,9.9,6.4,5.8,7.0,65.2
1307,D,0,1,7.9,7.7,5.6,5.7,61.5
1308,A,1,0,6.2,6.0,8.6,5.7,60.8
1308,B,1,1,9.2,8.1,7.6,4.3,82.0
1308,C,1,0,7.2,6.4,7.0,8.0,64.3
1308,D,0,1,6.2,4.8,9.5,7.8,63.8
1309,A,1,1,7.5,6.3,5.3,7.6,77.8
1309,B,1,0,7.3,7.6,6.9,7.2,65.0
1309,C,1,0,5.3,7.3,7.7,6.5,61.3
1309,D,1,0,7.6,8.4,4.6,6.9,62.5
1310,A,1,0,5.7,5.5,6.5,7.2,58.2
1310,B,1,0,8.7,9.4,5.3,6.4,66.3
1310,C,1,0,7.6,4.6,6.7,6.4,58.8
1310,D,1,1,8.2,7.4,7.3,6.1,81.7
1311,A,1,0,5.6,5.6,9.9,8.2,65.5
1311,B,0,1,8.5,9.8,8.3,5.1,69.5
1311,C,1,1,7.0,3.9,8.3,6.7,76.5
1311,D,1,1,7.1,6.8,8.9,4.8,79.3
1312,A,1,1,7.1,6.7,6.8,6.7,78.8
1312,B,0,1,7.2,7.8,7.7,7.2,66.5
1312,C,1,1,6.3,10,6.3,6.4,81.7
1312,D,0,1,6.8,7.8,5.9,4.3,58.0
1313,A,1,1,6.8,5.3,2.8,8.7,72.7
1313,B,1,1,8.6,9.8,8.1,7.6,90.2
1313,C,1,0,8.7,6.6,7.3,7.2,66.3
1313,D,1,1,5.1,8.8,7.5,7.0,80.7
1314,A,1,0,5.9,6.4,6.9,6.5,59.5
1314,B,0,0,8.3,7.5,7.6,5.2,47.7
1314,C,1,0,7.5,5.3,4.9,6.3,56.7
1314,D,0,0,9.2,6.0,8.5,5.6,48.8
1315,A,1,0,5.0,5.5,4.2,5.7,50.7
1315,B,1,1,7.7,7.3,8.6,7.7,85.5
1315,C,1,1,7.4,4.7,7.8,8.1,80.0
1315,D,1,0,8.6,9.0,6.8,7.4,69.7
1316,A,1,0,9.9,5.2,8.7,8.4,70.3
1316,B,1,1,9.0,5.3,7.5,5.5,78.8
1316,C,1,0,4.3,5.5,6.4,7.4,56.0
1316,D,1,0,6.2,5.5,5.9,5.1,54.5
1317,A,0,1,7.5,5.5,7.0,7.2,62.0
1317,B,1,1,10,5.6,6.9,5.3,79.7
1317,C,1,1,7.8,8.0,5.7,7.4,81.5
1317,D,1,1,6.4,4.9,5.0,5.6,69.8
1318,A,1,1,6.6,7.6,7.4,3.6,75.3
1318,B,1,1,7.6,6.8,7.3,6.5,80.3
1318,C,1,1,6.9,6.7,6.5,5.0,75.2
1318,D,0,0,7.1,7.1,5.2,8.2,46.0
1319,A,1,0,5.3,3.6,4.5,5.8,48.7
1319,B,1,1,7.3,7.7,5.5,8.5,81.7
1319,C,1,1,7.1,6.4,4.8,7.3,76.0
1319,D,0,1,5.2,6.9,7.1,3.7,54.8
1320,A,1,1,6.5,6.7,7.3,5.1,76.0
1320,B,0,1,8.2,8.3,4.2,5.3,60.0
1320,C,1,0,6.9,7.9,6.1,9.8,67.8
1320,D,1,1,7.0,5.9,4.7,7.1,74.5
1321,A,1,1,6.1,8.9,5.7,4.7,75.7
1321,B,0,0,7.6,7.8,3.1,5.9,40.7
1321,C,0,1,6.5,8.8,5.5,9.8,67.7
1321,D,0,1,6.9,7.9,6.3,8.8,66.5
1322,A,1,0,8.1,5.4,6.2,8.0,62.8
1322,B,1,1,7.1,7.1,8.2,6.1,80.8
1322,C,1,1,7.0,8.1,3.3,6.3,74.5
1322,D,0,1,5.5,7.2,7.5,6.7,61.5
1323,A,1,1,4.8,6.1,7.2,4.9,71.7
1323,B,0,0,5.2,8.8,7.6,5.9,45.8
1323,C,0,1,7.1,4.1,5.8,9.6,61.0
1323,D,1,0,7.6,6.6,8.1,5.7,63.3
1324,A,1,1,3.2,3.7,6.8,7.2,68.2
1324,B,1,1,10,8.2,7.5,9.8,92.5
1324,C,0,1,6.8,7.3,4.3,9.1,62.5
1324,D,0,0,6.1,8.8,5.8,6.5,45.3
1325,A,0,1,6.5,4.9,8.1,7.6,61.8
1325,B,0,1,6.7,9.7,6.8,2.8,60.0
1325,C,1,1,6.5,8.2,7.0,10,86.2
1325,D,1,1,6.0,7.2,7.6,4.2,75.0
1326,A,1,0,6.7,6.8,7.1,6.4,61.7
1326,B,0,1,8.7,8.9,8.0,6.2,69.7
1326,C,1,1,9.2,5.8,8.0,6.0,81.7
1326,D,1,1,6.9,7.7,7.8,5.8,80.3
1327,A,1,1,6.3,5.0,6.8,5.4,72.5
1327,B,1,1,9.8,8.8,8.1,9.3,93.3
1327,C,0,0,8.6,8.1,5.6,4.3,44.3
1327,D,1,1,6.9,7.5,7.6,6.1,80.2
1328,A,1,1,4.8,7.6,8.1,5.3,76.3
1328,B,1,1,7.2,8.0,7.2,6.7,81.8
1328,C,1,1,7.0,6.3,7.7,7.7,81.2
1328,D,1,0,7.4,6.5,6.3,5.7,59.8
1329,A,0,0,5.3,6.1,8.2,8.1,46.2
1329,B,1,0,6.6,8.8,5.9,6.4,62.8
1329,C,1,1,6.5,6.9,8.4,5.1,78.2
1329,D,0,0,8.0,8.0,8.7,2.1,44.7
1330,A,1,0,6.9,5.1,7.3,7.8,61.8
1330,B,1,0,5.5,6.8,8.2,6.9,62.3
1330,C,1,1,7.4,4.2,7.4,7.2,77.0
1330,D,1,0,8.9,6.1,8.4,7.6,68.3
1331,A,1,0,4.5,5.3,7.8,5.4,55.0
1331,B,1,1,8.6,6.3,3.8,4.8,72.5
1331,C,1,1,8.2,6.5,4.8,7.7,78.7
1331,D,0,1,6.7,7.0,6.7,6.3,61.2
1332,A,1,0,5.4,4.9,6.8,7.4,57.5
1332,B,1,1,8.3,8.7,6.2,4.8,80.0
1332,C,1,0,8.9,7.8,5.6,7.7,66.7
1332,D,1,0,4.4,6.8,7.8,5.8,58.0
1333,A,0,1,6.0,6.0,5.6,6.5,56.8
1333,B,1,1,7.5,6.7,6.4,7.6,80.3
1333,C,1,1,5.9,6.5,5.7,6.4,74.2
1333,D,1,0,7.2,6.3,6.4,7.2,61.8
1334,A,0,0,4.8,6.2,7.3,6.6,41.5
1334,B,0,0,5.3,6.8,8.1,8.3,47.5
1334,C,0,0,6.1,6.4,5.2,6.6,40.5
1334,D,1,1,7.9,6.5,5.9,8.0,80.5
1335,A,1,1,5.9,7.1,5.3,7.0,75.5
1335,B,1,1,7.5,6.7,8.1,6.0,80.5
1335,C,1,1,6.6,7.4,5.9,9.5,82.3
1335,D,1,0,8.7,7.0,7.5,5.4,64.3
1336,A,1,1,5.2,6.5,3.8,5.6,68.5
1336,B,0,0,8.1,6.2,4.2,7.8,43.8
1336,C,1,0,6.1,8.6,7.4,7.5,66.0
1336,D,1,0,5.5,8.1,9.6,4.5,62.8
1337,A,1,0,6.3,5.7,7.6,5.8,59.0
1337,B,0,0,6.7,6.6,7.9,4.1,42.2
1337,C,0,1,5.7,7.4,4.1,5.6,54.7
1337,D,1,1,7.5,7.9,5.6,5.7,77.8
1338,A,1,0,5.7,6.8,5.7,6.1,57.2
1338,B,1,1,6.1,8.1,7.7,4.8,77.8
1338,C,1,0,5.9,7.2,6.2,4.7,56.7
1338,D,1,1,9.8,5.7,5.9,6.7,80.2
1339,A,1,1,4.6,5.5,7.7,5.4,72.0
1339,B,1,1,9.7,5.8,6.9,7.3,82.8
1339,C,1,1,8.2,8.7,7.3,8.6,88.0
1339,D,1,0,5.6,7.0,6.3,5.8,57.8
1340,A,0,1,5.0,6.6,5.1,7.5,57.0
1340,B,1,1,6.9,8.1,8.7,6.8,84.2
1340,C,1,1,7.5,8.0,5.2,6.8,79.2
1340,D,1,1,6.0,7.2,8.2,5.2,77.7
1341,A,1,1,7.0,7.8,3.5,6.8,75.2
1341,B,1,1,8.2,7.5,6.1,7.1,81.5
1341,C,1,0,6.5,8.0,6.1,7.6,63.7
1341,D,1,1,5.3,6.0,6.6,6.8,74.5
1342,A,1,0,10,4.2,6.8,6.0,61.7
1342,B,1,1,9.6,6.5,8.5,7.2,86.3
1342,C,0,1,8.2,5.0,8.7,6.3,63.7
1342,D,0,0,9.2,7.3,6.0,7.0,49.2
1343,A,0,1,7.6,7.8,7.1,6.3,64.7
1343,B,1,1,6.2,6.9,6.5,5.3,74.8
1343,C,1,0,7.6,6.9,5.8,6.3,61.0
1343,D,0,1,5.9,9.6,5.9,7.7,65.2
1344,A,1,1,5.9,4.0,5.7,7.7,72.2
1344,B,1,1,8.3,8.8,7.5,5.9,84.2
1344,C,1,1,7.6,5.1,7.3,9.3,82.2
1344,D,1,1,6.8,7.4,6.3,6.4,78.2
1345,A,1,0,5.7,5.8,7.5,8.3,62.2
1345,B,0,1,9.8,7.8,6.5,5.8,66.5
1345,C,1,1,8.2,5.5,6.1,6.8,77.7
1345,D,1,1,7.6,8.7,7.4,5.8,82.5
1346,A,1,0,5.9,5.8,7.7,7.0,60.7
1346,B,1,1,8.1,8.3,8.4,5.5,83.8
1346,C,1,1,9.4,6.3,3.7,4.3,72.8
1346,D,0,1,7.8,10,7.0,7.8,71.0
1347,A,1,0,6.5,5.6,7.6,9.6,65.5
1347,B,0,1,8.5,6.8,7.6,6.5,65.7
1347,C,0,0,7.5,6.9,5.6,6.5,44.2
1347,D,1,0,8.1,7.2,6.3,4.9,60.8
1348,A,1,1,6.8,4.0,8.1,8.8,79.5
1348,B,1,1,5.8,9.4,6.3,7.2,81.2
1348,C,0,0,8.3,7.6,7.0,8.7,52.7
1348,D,1,1,6.6,7.1,5.7,4.7,73.5
1349,A,1,1,7.7,5.7,6.8,6.6,78.0
1349,B,0,1,8.9,7.1,8.0,4.2,63.7
1349,C,0,0,6.4,6.6,7.7,8.9,49.3
1349,D,1,1,7.8,8.1,8.6,6.3,84.7
1350,A,0,0,7.3,5.1,5.0,4.7,36.8
1350,B,1,1,8.0,9.2,5.9,6.5,82.7
1350,C,1,1,8.5,5.6,4.5,9.4,80.0
1350,D,0,0,9.1,7.0,5.5,6.4,46.7
1351,A,1,1,7.1,6.3,7.0,6.9,78.8
1351,B,1,0,10,7.6,7.2,6.2,68.3
1351,C,1,1,6.1,6.6,8.0,8.1,81.3
1351,D,1,1,9.2,8.5,8.2,4.8,84.5
1352,A,1,0,6.0,6.7,8.2,6.4,62.2
1352,B,1,1,6.4,8.5,8.0,4.9,79.7
1352,C,1,1,6.7,6.2,5.5,9.1,79.2
1352,D,0,1,7.4,5.4,6.9,7.3,61.7
1353,A,1,0,6.3,5.5,4.1,6.7,54.3
1353,B,0,0,8.4,6.2,8.9,6.2,49.5
1353,C,1,1,6.7,7.6,3.5,8.1,76.5
1353,D,1,1,8.3,7.0,6.7,5.8,79.7
1354,A,1,0,5.4,6.6,6.0,9.4,62.3
1354,B,1,1,6.2,7.1,7.4,3.6,73.8
1354,C,1,1,5.1,9.5,4.9,8.4,79.8
1354,D,0,1,9.0,8.1,7.1,4.9,65.2
1355,A,1,1,6.7,6.3,5.5,5.3,73.0
1355,B,0,1,7.2,7.7,6.5,6.3,62.8
1355,C,1,1,6.9,6.4,5.3,7.0,76.0
1355,D,0,1,8.6,10,6.6,4.0,65.3
1356,A,1,0,6.4,5.2,6.4,7.3,58.8
1356,B,1,0,5.5,4.5,8.8,6.0,58.0
1356,C,1,1,7.3,7.3,8.5,6.5,82.7
1356,D,0,0,8.5,5.0,6.0,6.1,42.7
1357,A,1,1,6.9,4.8,8.3,5.3,75.5
1357,B,1,1,6.6,7.4,9.0,7.0,83.3
1357,C,0,0,10,8.1,7.1,4.6,49.7
1357,D,0,1,6.8,5.2,6.9,7.1,60.0
1358,A,1,0,6.2,5.2,4.5,5.5,52.3
1358,B,0,1,8.5,7.1,7.5,4.2,62.2
1358,C,0,1,7.8,6.6,7.8,9.1,68.8
1358,D,1,1,3.3,7.1,6.0,5.1,69.2
1359,A,1,0,7.7,6.5,7.9,6.9,65.0
1359,B,1,0,10,7.0,6.9,6.3,67.0
1359,C,0,0,6.5,7.5,2.7,5.7,37.3
1359,D,1,0,8.4,10,5.9,4.7,65.0
1360,A,1,1,5.6,7.7,5.6,5.9,74.7
1360,B,0,0,8.1,8.2,6.8,5.3,47.3
1360,C,0,0,6.4,6.7,6.1,5.6,41.3
1360,D,1,1,7.8,7.6,8.8,6.5,84.5
1361,A,1,1,6.9,8.2,7.9,6.2,82.0
1361,B,1,1,6.9,8.0,7.5,3.4,76.3
1361,C,0,0,6.8,4.1,8.1,7.8,44.7
1361,D,1,0,6.7,9.2,5.3,5.8,61.7
1362,A,1,1,7.1,8.3,6.2,6.0,79.3
1362,B,1,1,7.9,9.2,7.5,4.5,81.8
1362,C,1,0,6.7,5.0,6.3,6.2,57.0
1362,D,1,1,6.7,8.1,6.4,5.5,77.8
1363,A,0,0,7.4,6.3,6.4,7.2,45.5
1363,B,0,0,5.9,8.4,8.4,4.4,45.2
1363,C,1,0,5.6,7.3,7.1,9.5,65.8
1363,D,0,0,6.7,7.6,6.0,4.7,41.7
1364,A,1,1,6.3,7.7,8.5,9.6,86.8
1364,B,1,1,7.9,6.4,5.2,7.0,77.5
1364,C,1,1,6.8,7.2,5.2,7.3,77.5
1364,D,0,0,8.7,7.3,6.3,4.4,44.5
1365,A,1,0,6.4,4.9,7.0,6.1,57.3
1365,B,1,0,9.9,9.6,7.3,6.3,71.8
1365,C,1,0,4.2,7.1,4.5,7.0,54.7
1365,D,1,0,7.3,6.6,7.8,6.3,63.3
1366,A,1,0,8.0,5.6,3.5,6.5,56.0
1366,B,1,0,8.4,8.2,5.0,5.3,61.5
1366,C,1,1,6.2,5.5,7.1,6.2,75.0
1366,D,0,1,7.0,8.1,8.5,5.5,65.2
1367,A,0,0,5.8,5.0,6.9,7.1,41.3
1367,B,0,1,6.7,5.2,8.8,6.0,61.2
1367,C,1,1,8.7,5.4,5.8,7.3,78.7
1367,D,1,0,8.1,9.3,6.6,5.2,65.3
1368,A,1,0,6.6,7.1,6.0,7.2,61.5
1368,B,1,0,8.5,10,7.6,6.4,70.8
1368,C,1,0,5.9,6.5,5.1,8.3,59.7
1368,D,1,0,8.9,6.1,7.9,6.8,66.2
1369,A,0,0,5.4,6.8,5.5,6.5,40.3
1369,B,1,0,5.3,5.5,6.4,6.9,56.8
1369,C,1,0,9.2,8.1,8.3,7.5,71.8
1369,D,1,0,6.3,9.9,8.0,4.4,64.3
1370,A,1,0,6.8,4.1,8.3,5.9,58.5
1370,B,1,1,7.2,7.8,7.0,6.3,80.5
1370,C,1,1,7.4,7.8,5.9,8.3,82.3
1370,D,0,1,7.1,6.8,4.0,6.2,56.8
1371,A,1,0,5.6,5.6,6.4,6.7,57.2
1371,B,1,1,7.8,9.1,8.1,6.5,85.8
1371,C,1,0,6.7,7.7,7.8,6.2,64.0
1371,D,0,1,6.9,4.1,5.9,7.6,57.5
1372,A,1,1,5.7,5.2,6.9,5.5,72.2
1372,B,1,1,8.5,7.0,8.8,9.5,89.7
1372,C,1,0,7.0,6.6,7.3,7.7,64.3
1372,D,0,0,8.7,6.4,6.5,6.2,46.3
1373,A,0,1,6.1,3.2,8.4,5.9,56.0
1373,B,0,1,9.1,6.0,8.2,5.3,64.3
1373,C,1,0,6.9,6.9,6.7,7.8,63.8
1373,D,1,1,7.2,9.2,6.3,6.7,82.3
1374,A,1,0,8.0,5.4,5.9,7.1,60.7
1374,B,1,1,6.4,6.4,8.2,5.5,77.5
1374,C,1,0,5.5,7.3,7.0,5.7,59.2
1374,D,0,0,7.4,8.3,5.7,7.1,47.5
1375,A,1,0,8.3,6.4,5.3,5.5,59.2
1375,B,1,1,7.0,7.2,7.6,5.5,78.8
1375,C,1,0,8.5,7.3,6.3,6.5,64.3
1375,D,1,1,7.8,7.5,7.4,3.6,77.2
1376,A,0,1,4.0,5.5,6.3,7.1,54.8
1376,B,1,1,7.4,9.5,8.1,6.3,85.5
1376,C,1,1,8.6,5.5,5.6,7.8,79.2
1376,D,1,1,6.3,6.9,6.3,6.2,76.2
1377,A,0,0,4.6,7.4,6.8,4.5,38.8
1377,B,1,1,7.1,6.9,8.7,7.4,83.5
1377,C,0,1,8.1,7.4,4.8,8.4,64.5
1377,D,0,1,7.2,7.3,4.3,5.9,57.8
1378,A,1,0,5.6,5.8,6.9,5.9,57.0
1378,B,1,1,8.6,8.0,7.3,6.8,84.5
1378,C,1,1,5.5,7.3,4.9,7.2,74.8
1378,D,1,1,6.7,7.6,4.5,4.9,72.8
1379,A,1,1,6.1,5.5,6.4,7.3,75.5
1379,B,1,0,6.7,10,6.1,6.1,64.8
1379,C,0,0,5.4,7.6,5.6,7.4,43.3
1379,D,1,1,5.6,7.2,5.9,7.5,77.0
1380,A,1,0,6.7,4.1,6.2,5.0,53.3
1380,B,0,1,6.8,6.9,8.0,6.5,63.7
1380,C,0,0,6.2,6.6,8.5,6.3,46.0
1380,D,1,1,5.5,6.4,5.1,3.2,67.0
1381,A,1,1,8.3,5.8,7.2,7.7,81.7
1381,B,1,1,6.8,8.2,6.9,8.4,83.8
1381,C,0,1,6.2,6.0,4.9,8.6,59.5
1381,D,1,1,6.0,7.3,7.6,5.2,76.8
1382,A,0,0,8.2,6.5,7.5,5.2,45.7
1382,B,1,1,8.5,8.6,6.6,4.5,80.3
1382,C,1,0,6.6,7.4,7.5,6.4,63.2
1382,D,1,0,6.8,6.5,7.5,7.2,63.3
1383,A,1,0,9.7,6.1,5.4,7.3,64.2
1383,B,1,0,8.7,7.5,7.8,5.5,65.8
1383,C,0,1,5.3,6.8,6.7,5.8,57.7
1383,D,1,0,6.9,7.9,6.7,7.8,65.5
1384,A,1,0,5.9,7.0,7.1,7.2,62.0
1384,B,1,1,7.6,7.8,8.4,5.1,81.5
1384,C,0,1,9.0,6.6,7.5,7.4,67.5
1384,D,0,1,7.2,9.8,9.1,7.2,72.2
1385,A,1,1,6.9,7.8,7.2,5.1,78.3
1385,B,1,0,5.8,8.0,9.3,4.6,62.8
1385,C,1,1,7.3,7.2,6.5,6.8,79.7
1385,D,0,0,7.2,6.7,6.3,5.5,42.8
1386,A,1,0,8.9,5.9,5.0,6.4,60.3
1386,B,0,1,7.1,5.8,9.4,6.5,64.7
1386,C,1,1,3.6,6.1,6.6,5.6,69.8
1386,D,1,0,6.2,7.8,5.7,6.7,60.7
1387,A,1,1,5.7,5.8,6.9,9.0,79.0
1387,B,1,0,10,7.3,7.0,5.6,66.5
1387,C,1,1,7.6,5.1,5.4,6.2,73.8
1387,D,0,0,9.5,8.8,6.5,4.9,49.5
1388,A,0,0,6.7,4.2,7.9,7.1,43.2
1388,B,1,1,7.9,5.6,7.7,5.7,78.2
1388,C,0,0,8.9,7.4,6.9,8.0,52.0
1388,D,1,0,4.9,8.0,5.8,7.4,60.2
1389,A,1,1,4.9,7.1,6.7,6.2,74.8
1389,B,1,0,9.0,6.1,6.5,4.4,60.0
1389,C,1,1,7.2,7.8,5.2,7.6,79.7
1389,D,0,0,8.1,10,5.8,5.6,49.2
1390,A,1,1,5.9,3.9,5.1,3.9,64.7
1390,B,1,1,8.8,5.7,5.5,8.1,80.2
1390,C,1,1,8.1,7.8,7.2,8.5,86.0
1390,D,0,1,7.9,6.7,5.3,7.5,62.3
1391,A,1,0,5.6,8.0,5.7,6.9,60.3
1391,B,1,1,10,7.3,7.9,7.2,87.3
1391,C,1,0,6.8,6.6,4.1,4.7,53.7
1391,D,0,1,7.6,6.0,5.7,5.0,57.2
1392,A,1,1,7.2,6.0,5.4,6.5,75.2
1392,B,1,1,7.2,6.0,7.3,9.8,83.8
1392,C,1,1,5.2,7.2,6.5,8.4,78.8
1392,D,1,0,6.5,7.8,5.4,7.3,61.7
1393,A,1,0,6.1,5.6,7.4,6.4,59.2
1393,B,1,1,7.8,6.7,5.8,6.2,77.5
1393,C,0,1,6.2,5.3,4.3,7.2,55.0
1393,D,1,0,9.3,8.9,5.5,7.6,68.8
1394,A,1,1,7.4,7.5,8.1,7.3,83.8
1394,B,1,1,8.2,9.7,7.9,6.9,87.8
1394,C,1,0,4.5,5.9,4.8,7.3,54.2
1394,D,1,1,7.0,9.4,7.7,6.4,84.2
1395,A,1,0,5.0,6.4,6.9,5.0,55.5
1395,B,1,0,8.8,8.0,4.6,5.8,62.0
1395,C,1,0,8.3,4.5,6.2,7.4,60.7
1395,D,0,1,8.3,7.5,5.3,6.4,62.5
1396,A,1,0,6.1,5.8,4.9,6.4,55.3
1396,B,1,0,8.8,8.3,7.1,7.6,69.7
1396,C,1,1,5.9,8.7,2.9,10,79.2
1396,D,0,1,7.6,9.5,8.4,7.6,71.8
1397,A,1,0,5.9,4.8,9.4,5.0,58.5
1397,B,1,1,8.2,4.5,7.2,4.4,73.8
1397,C,0,0,7.0,4.9,7.0,8.9,46.3
1397,D,0,1,5.8,6.7,8.3,6.5,62.2
1398,A,1,0,7.5,8.0,9.0,5.9,67.3
1398,B,0,0,5.9,5.6,8.9,5.8,43.7
1398,C,0,0,6.3,6.3,6.5,7.4,44.2
1398,D,0,1,6.9,8.4,7.5,6.7,65.8
1399,A,0,1,5.7,5.9,5.0,7.3,56.5
1399,B,1,1,6.1,6.3,5.5,6.0,73.2
1399,C,1,0,8.1,6.5,5.1,8.0,62.8
1399,D,1,1,8.0,6.9,6.1,4.3,75.5
1400,A,0,1,8.5,7.7,4.6,6.6,62.3
1400,B,1,1,7.6,7.7,9.5,7.0,86.3
1400,C,1,1,8.6,8.1,5.2,7.2,81.8
1400,D,1,1,5.7,6.6,6.2,7.7,77.0
1401,A,0,0,3.6,6.0,6.1,5.6,35.5
1401,B,1,1,7.1,9.1,5.5,5.5,78.7
1401,C,1,0,9.5,8.3,3.8,6.3,63.2
1401,D,1,0,5.0,8.7,6.6,5.2,59.2
1402,A,1,1,8.1,4.0,6.2,7.6,76.5
1402,B,1,1,8.9,7.6,5.9,6.0,80.7
1402,C,1,1,8.5,6.1,4.9,7.9,79.0
1402,D,1,0,8.4,9.1,3.9,4.1,59.2
1403,A,0,0,3.5,6.2,5.7,7.3,37.8
1403,B,1,1,7.9,7.7,5.9,7.9,82.3
1403,C,0,0,7.2,8.0,5.3,8.7,48.7
1403,D,0,1,8.0,7.0,6.7,7.1,64.7
1404,A,1,1,6.8,5.8,7.4,5.3,75.5
1404,B,1,0,9.4,7.0,7.9,7.5,69.7
1404,C,1,1,5.3,6.9,6.8,7.8,78.0
1404,D,1,1,5.4,6.7,6.8,6.6,75.8
1405,A,1,0,7.4,5.0,8.0,6.6,61.7
1405,B,1,1,10,7.8,5.4,6.6,83.0
1405,C,1,1,6.8,7.6,4.9,8.1,79.0
1405,D,0,0,5.1,9.2,5.5,8.8,47.7
1406,A,0,1,5.8,5.0,5.9,5.9,54.3
1406,B,1,0,6.4,7.7,8.6,6.0,64.5
1406,C,1,1,7.6,6.3,6.3,5.6,76.3
1406,D,0,0,8.4,7.2,9.2,5.5,50.5
1407,A,0,1,8.9,6.2,4.9,5.0,58.3
1407,B,1,1,7.7,10,8.5,5.1,85.5
1407,C,1,0,5.4,7.4,7.3,6.9,61.7
1407,D,1,1,5.5,8.1,7.9,5.0,77.5
1408,A,1,0,5.3,6.3,7.4,7.1,60.2
1408,B,1,0,6.6,8.3,5.8,7.6,63.8
1408,C,0,0,6.9,9.0,7.0,5.3,47.0
1408,D,1,1,9.5,5.3,7.8,4.9,79.2
1409,A,1,0,6.9,3.6,8.1,6.1,57.8
1409,B,1,1,7.2,7.6,8.7,6.5,83.3
1409,C,0,1,10,5.4,5.3,6.8,62.5
1409,D,1,1,7.7,8.6,7.0,6.3,82.7
1410,A,1,1,6.4,4.9,7.4,7.0,76.2
1410,B,0,1,7.2,8.2,8.3,6.6,67.2
1410,C,0,1,9.2,5.2,5.3,7.3,61.7
1410,D,0,1,6.4,6.7,7.3,6.4,61.3
1411,A,1,0,4.0,5.2,6.0,7.1,53.8
1411,B,1,1,5.7,9.0,9.6,5.5,83.0
1411,C,1,0,9.8,7.6,5.9,8.0,68.8
1411,D,0,0,7.1,8.3,6.9,4.9,45.3
1412,A,1,0,7.9,2.9,4.7,7.5,55.0
1412,B,1,0,9.9,7.9,9.1,6.0,71.5
1412,C,1,1,7.3,8.7,6.7,6.9,82.7
1412,D,1,1,8.0,6.0,7.8,5.4,78.7
1413,A,0,1,6.1,5.3,8.8,7.9,63.5
1413,B,1,0,9.6,7.3,7.4,5.2,65.8
1413,C,0,0,6.9,8.3,5.8,8.2,48.7
1413,D,0,0,6.8,4.6,5.9,8.0,42.2
1414,A,1,0,4.7,4.8,7.5,7.1,56.8
1414,B,1,1,7.0,7.9,8.4,7.6,84.8
1414,C,1,1,7.7,6.4,8.7,4.8,79.3
1414,D,1,0,6.1,7.2,6.9,8.8,65.0
1415,A,0,0,7.0,3.1,8.4,5.9,40.7
1415,B,0,1,6.0,7.6,6.1,7.1,61.3
1415,C,1,1,5.6,7.6,7.1,6.5,78.0
1415,D,0,0,7.2,8.0,6.6,4.5,43.8
1416,A,0,0,7.2,5.8,6.1,6.8,43.2
1416,B,1,1,8.1,6.6,7.2,7.4,82.2
1416,C,0,0,6.9,6.5,6.7,5.3,42.3
1416,D,1,1,6.5,7.3,7.2,5.0,76.7
1417,A,0,0,4.5,3.9,5.2,6.6,33.7
1417,B,1,0,8.8,7.5,9.4,6.1,69.7
1417,C,0,0,6.7,6.3,7.8,6.1,44.8
1417,D,1,1,7.6,6.9,8.5,5.6,81.0
1418,A,0,0,4.8,5.0,5.2,8.8,39.7
1418,B,1,1,7.9,9.9,6.4,5.5,82.8
1418,C,1,1,6.5,7.2,5.9,9.5,81.8
1418,D,1,1,8.6,8.5,6.9,8.0,86.7
1419,A,0,1,5.9,5.9,4.8,6.0,54.3
1419,B,0,1,8.2,7.6,6.4,6.0,63.7
1419,C,1,1,6.5,7.1,7.4,7.3,80.5
1419,D,0,0,6.7,7.6,9.3,4.4,46.7
1420,A,0,0,4.6,3.5,7.6,6.2,36.5
1420,B,1,1,8.3,8.1,6.1,3.3,76.3
1420,C,1,1,6.6,10,6.3,7.1,83.3
1420,D,1,1,6.5,7.0,5.2,8.0,77.8
1421,A,1,0,6.9,9.0,8.9,4.8,66.0
1421,B,1,0,7.6,10,6.6,7.9,70.2
1421,C,0,1,9.7,7.8,3.1,8.2,64.7
1421,D,1,1,8.2,8.3,9.2,5.0,84.5
1422,A,1,1,6.0,7.2,9.0,6.4,81.0
1422,B,1,0,8.6,7.6,5.9,5.0,61.8
1422,C,1,1,6.8,7.0,6.2,7.0,78.3
1422,D,1,1,7.1,5.8,6.1,7.6,77.7
1423,A,1,0,6.6,8.0,6.0,5.9,60.8
1423,B,0,0,7.9,7.3,6.5,8.4,50.2
1423,C,1,0,5.1,4.7,6.0,7.0,54.7
1423,D,0,1,7.7,7.8,6.8,5.9,63.7
1424,A,0,1,6.9,5.3,5.5,8.3,60.0
1424,B,1,1,6.3,6.6,8.7,6.5,80.2
1424,C,0,0,7.1,7.7,5.5,9.4,49.5
1424,D,0,1,5.6,7.8,7.1,6.6,61.8
1425,A,0,0,5.0,6.9,4.6,8.3,41.3
1425,B,0,1,6.1,7.4,6.4,8.1,63.3
1425,C,1,1,8.2,5.9,6.2,7.8,80.2
1425,D,1,1,7.9,7.5,4.6,6.5,77.5
1426,A,1,1,5.8,5.7,5.2,7.4,73.5
1426,B,1,0,7.6,6.7,8.4,6.3,65.0
1426,C,1,0,10,5.6,6.5,7.3,65.7
1426,D,1,0,7.6,7.1,5.2,4.8,57.8
1427,A,0,0,7.6,7.6,7.4,8.4,51.7
1427,B,0,1,6.5,8.8,7.8,8.9,70.0
1427,C,1,1,5.5,6.4,5.1,8.1,75.2
1427,D,0,1,4.5,9.0,9.4,6.3,65.3
1428,A,1,0,4.5,6.6,5.8,7.1,56.7
1428,B,1,1,8.5,10,5.9,3.9,80.5
1428,C,1,1,7.3,5.5,6.1,6.6,75.8
1428,D,0,1,6.1,6.7,6.3,6.1,58.7
1429,A,0,0,5.7,6.4,6.6,6.4,41.8
1429,B,1,0,8.7,7.5,4.6,6.6,62.3
1429,C,1,0,8.8,7.5,5.4,6.6,63.8
1429,D,0,1,6.7,7.3,7.0,7.9,64.8
1430,A,1,0,6.2,6.2,5.6,5.7,56.2
1430,B,0,1,7.5,7.5,5.8,4.8,59.3
1430,C,1,0,7.8,8.6,7.2,5.7,65.5
1430,D,1,1,7.3,10,7.1,4.5,81.5
1431,A,1,1,5.8,5.5,4.0,6.0,68.8
1431,B,1,1,7.1,6.4,8.6,7.5,82.7
1431,C,1,1,6.9,5.9,5.4,7.7,76.5
1431,D,1,0,8.1,8.8,4.8,3.5,58.7
1432,A,1,1,7.5,6.9,8.0,5.7,80.2
1432,B,0,1,5.4,5.1,6.9,7.3,57.8
1432,C,1,1,6.4,5.8,5.9,7.9,76.7
1432,D,1,1,5.3,8.0,4.6,5.8,72.8
1433,A,1,1,7.5,6.8,7.4,6.3,80.0
1433,B,0,0,9.2,9.8,8.2,6.1,55.5
1433,C,1,0,5.6,6.6,5.9,7.1,58.7
1433,D,1,1,7.5,4.9,4.6,4.7,69.5
1434,A,1,1,6.3,4.9,5.6,4.5,68.8
1434,B,0,0,6.6,7.0,6.3,5.1,41.7
1434,C,1,0,6.1,7.3,5.6,7.5,60.8
1434,D,1,0,6.8,9.5,6.2,5.4,63.2
1435,A,0,0,6.0,4.5,6.8,6.6,39.8
1435,B,0,1,9.6,7.6,6.4,5.0,64.3
1435,C,1,1,8.7,6.2,3.3,5.8,73.3
1435,D,1,0,6.4,8.8,5.6,6.5,62.2
1436,A,1,1,9.5,4.7,4.9,5.2,73.8
1436,B,1,0,8.9,7.9,7.4,6.5,67.8
1436,C,0,1,6.9,7.0,5.9,9.1,64.8
1436,D,0,0,5.3,5.2,8.4,4.1,38.3
1437,A,0,0,5.7,5.1,6.7,6.5,40.0
1437,B,1,1,8.9,7.8,6.9,7.2,84.7
1437,C,1,0,6.6,7.0,6.4,7.9,63.2
1437,D,1,1,7.3,6.1,6.7,6.9,78.3
1438,A,1,0,6.7,5.5,8.1,4.9,58.7
1438,B,0,1,6.9,9.5,7.3,6.7,67.3
1438,C,0,0,6.9,6.2,7.6,8.3,48.3
1438,D,1,1,8.5,8.4,6.2,4.8,79.8
1439,A,1,1,6.1,8.1,5.2,5.9,75.5
1439,B,1,1,5.0,7.0,6.6,6.0,74.3
1439,C,0,1,6.2,6.6,6.6,7.3,61.2
1439,D,0,0,7.7,6.4,9.6,7.0,51.2
1440,A,1,1,5.1,6.0,4.7,6.0,69.7
1440,B,1,1,6.6,7.0,6.9,8.9,82.3
1440,C,1,0,8.9,7.7,6.1,8.5,68.7
1440,D,0,1,7.8,7.6,6.4,6.6,64.0
1441,A,1,0,5.2,6.4,7.3,6.9,59.7
1441,B,1,1,5.6,10,5.5,5.7,78.0
1441,C,1,0,7.5,7.0,4.7,7.6,61.3
1441,D,0,0,9.4,7.1,6.2,6.8,49.2
1442,A,1,0,6.6,6.2,8.3,6.8,63.2
1442,B,1,1,9.2,8.3,7.0,7.8,87.2
1442,C,0,0,6.8,5.4,8.0,6.6,44.7
1442,D,1,1,8.8,9.8,7.3,6.1,86.7
1443,A,1,0,8.3,5.1,9.3,10,71.2
1443,B,1,1,7.6,6.3,6.0,8.1,80.0
1443,C,1,0,7.8,7.2,7.0,7.2,65.3
1443,D,0,0,5.3,5.7,5.4,5.8,37.0
1444,A,1,1,5.9,5.9,6.3,7.8,76.5
1444,B,1,1,9.0,6.8,8.6,5.5,83.2
1444,C,0,0,5.7,6.1,5.8,4.8,37.3
1444,D,0,1,6.5,7.8,3.8,4.8,54.8
1445,A,1,1,4.3,7.5,7.2,4.6,72.7
1445,B,1,1,5.7,7.5,5.7,6.9,76.3
1445,C,1,0,8.0,5.7,7.8,7.5,65.0
1445,D,0,1,8.6,7.1,8.5,6.8,68.3
1446,A,1,1,5.5,6.6,7.6,5.9,76.0
1446,B,1,1,7.5,7.1,6.8,6.0,79.0
1446,C,1,0,8.0,7.0,8.7,8.4,70.2
1446,D,0,1,7.6,7.6,3.7,5.9,58.0
1447,A,0,0,5.7,5.7,5.2,6.6,38.7
1447,B,1,1,8.6,6.7,9.2,7.0,85.8
1447,C,0,1,7.3,5.8,5.4,9.7,63.7
1447,D,1,1,7.2,6.4,5.7,5.5,74.7
1448,A,1,1,7.0,6.8,8.3,8.6,84.5
1448,B,0,0,7.1,8.8,6.5,6.3,47.8
1448,C,1,1,7.1,3.9,4.9,6.6,70.8
1448,D,1,0,8.8,8.3,6.0,3.9,61.7
1449,A,1,1,7.8,5.0,4.2,7.2,73.7
1449,B,1,0,6.5,8.1,9.3,7.3,68.7
1449,C,1,1,6.4,4.5,4.4,8.5,73.0
1449,D,1,1,8.4,6.7,6.6,4.2,76.5
1450,A,1,0,3.8,6.9,5.3,7.8,56.3
1450,B,1,1,5.7,5.6,7.1,4.8,72.0
1450,C,1,1,6.6,6.9,6.8,7.7,80.0
1450,D,0,0,5.1,6.4,5.4,6.3,38.7
1451,A,0,1,8.9,6.0,7.3,6.2,64.0
1451,B,1,1,6.0,8.0,4.8,6.0,74.7
1451,C,0,0,6.2,5.8,7.5,7.8,45.5
1451,D,0,1,8.0,7.9,7.6,2.5,60.0
1452,A,0,0,6.9,6.3,5.7,7.2,43.5
1452,B,0,1,10,9.4,7.2,5.7,70.5
1452,C,1,0,3.5,6.6,7.1,5.7,54.8
1452,D,1,1,7.4,5.6,4.5,7.1,74.3
1453,A,0,1,6.4,7.7,7.1,7.0,63.7
1453,B,1,1,6.4,7.7,5.0,6.3,75.7
1453,C,1,0,7.6,3.9,5.8,7.4,57.8
1453,D,1,1,7.9,7.9,9.1,5.6,84.2
1454,A,1,1,6.9,6.7,6.9,6.0,77.5
1454,B,0,0,7.2,4.8,5.3,5.0,37.2
1454,C,1,1,8.3,5.3,5.6,6.3,75.8
1454,D,0,1,9.4,10,9.0,7.0,75.7
1455,A,1,1,4.9,8.4,5.6,5.9,74.7
1455,B,1,0,7.6,8.9,8.3,5.4,67.0
1455,C,0,1,5.6,5.2,5.2,6.8,54.7
1455,D,0,1,7.8,5.2,4.9,6.3,57.0
1456,A,0,1,6.3,4.2,5.9,5.7,53.5
1456,B,0,1,6.1,8.6,7.0,6.7,64.0
1456,C,1,0,7.9,5.5,8.0,7.1,64.2
1456,D,1,0,5.9,8.4,5.8,2.9,55.0
1457,A,1,1,6.4,6.6,6.7,5.2,74.8
1457,B,1,1,9.8,7.3,7.2,6.5,84.7
1457,C,1,1,6.5,6.6,6.3,6.6,76.7
1457,D,0,0,6.7,7.1,6.6,6.4,44.7
1458,A,0,1,5.7,3.9,7.8,6.6,56.7
1458,B,0,1,7.8,6.3,10,7.2,68.8
1458,C,1,1,6.5,7.1,6.7,5.8,76.8
1458,D,0,0,7.3,9.7,6.9,5.8,49.5
1459,A,0,0,6.9,6.7,4.5,6.7,41.3
1459,B,1,0,8.4,6.9,7.2,6.5,65.0
1459,C,1,1,9.2,7.7,5.6,6.8,82.2
1459,D,0,1,6.7,8.0,6.0,5.1,59.7
1460,A,1,1,6.2,6.6,5.1,7.8,76.2
1460,B,1,0,7.8,7.6,9.7,7.4,70.8
1460,C,1,0,7.3,5.7,5.7,8.3,61.7
1460,D,1,0,7.1,8.9,7.4,6.2,66.0
1461,A,0,0,4.8,5.9,4.9,4.9,34.2
1461,B,1,1,8.3,8.6,9.2,5.3,85.7
1461,C,1,0,5.7,8.5,5.3,7.2,61.2
1461,D,1,1,7.2,6.9,5.5,4.6,73.7
1462,A,1,0,8.6,3.9,8.8,8.6,66.5
1462,B,1,1,7.8,6.4,7.8,5.8,79.7
1462,C,1,1,8.1,6.2,6.0,8.1,80.7
1462,D,1,1,8.2,4.8,7.9,7.1,80.0
1463,A,1,0,6.8,5.7,4.2,7.6,57.2
1463,B,1,0,6.4,9.2,5.4,6.1,61.8
1463,C,1,1,7.1,5.7,8.1,6.4,78.8
1463,D,1,1,8.0,9.4,9.5,6.5,89.0
1464,A,0,0,5.9,3.7,6.9,5.3,36.3
1464,B,0,1,8.8,4.9,7.4,8.1,65.3
1464,C,1,0,5.0,8.8,6.7,6.5,61.7
1464,D,1,1,6.7,10,5.1,7.4,82.0
1465,A,1,1,6.7,6.7,7.7,8.0,81.8
1465,B,1,1,8.0,6.4,8.4,6.0,81.3
1465,C,1,1,7.5,6.3,7.9,7.1,81.3
1465,D,1,1,9.2,8.4,8.5,4.8,84.8
1466,A,1,0,6.2,5.3,6.9,8.7,61.8
1466,B,1,1,6.6,10,5.4,6.8,81.3
1466,C,1,1,5.9,5.0,5.6,8.6,75.2
1466,D,0,1,9.4,6.6,8.2,8.0,70.3
1467,A,0,0,7.4,6.4,5.3,7.8,44.8
1467,B,1,1,7.6,7.0,7.8,6.7,81.8
1467,C,1,0,6.7,10,6.4,8.4,69.2
1467,D,0,1,7.2,6.3,6.8,4.7,58.3
1468,A,1,1,5.1,5.9,5.3,8.9,75.3
1468,B,1,0,9.8,10,5.8,7.4,71.7
1468,C,0,1,7.7,7.9,4.8,6.1,60.8
1468,D,1,1,7.4,9.7,7.2,7.0,85.5
1469,A,1,1,8.1,4.5,6.2,7.2,76.7
1469,B,0,1,6.4,8.4,4.9,2.7,54.0
1469,C,1,1,7.8,5.9,6.9,4.8,75.7
1469,D,0,1,7.0,6.8,5.7,7.7,62.0
1470,A,0,0,5.8,6.1,5.3,6.5,39.5
1470,B,1,1,6.9,6.0,7.5,6.9,78.8
1470,C,1,0,6.7,6.8,6.4,7.8,62.8
1470,D,0,1,7.5,7.8,6.7,6.1,63.5
1471,A,1,1,5.7,7.0,6.4,5.6,74.5
1471,B,1,1,4.7,6.7,6.0,8.2,76.0
1471,C,0,1,7.3,7.2,5.1,7.2,61.3
1471,D,1,1,9.3,8.9,5.9,6.3,84.0
1472,A,1,0,8.0,6.7,7.0,6.7,64.0
1472,B,1,1,7.9,8.2,4.3,5.6,76.7
1472,C,1,0,7.3,5.3,6.6,7.5,61.2
1472,D,1,0,6.7,6.0,4.7,5.4,54.7
1473,A,1,1,4.3,8.8,5.4,6.9,75.7
1473,B,0,1,7.6,7.1,6.1,6.9,62.8
1473,C,1,0,8.2,6.8,6.4,6.6,63.3
1473,D,1,0,6.1,8.6,5.2,5.3,58.7
1474,A,1,1,5.5,6.8,6.1,8.1,77.5
1474,B,1,1,7.3,4.9,7.8,5.9,76.5
1474,C,1,0,6.3,6.8,6.8,8.2,63.5
1474,D,1,1,4.4,5.4,6.9,4.0,67.8
1475,A,1,0,5.7,7.9,6.6,6.1,60.5
1475,B,1,1,8.9,8.3,6.1,6.5,83.0
1475,C,1,0,7.4,8.5,4.6,7.9,64.0
1475,D,1,1,7.7,6.0,6.1,4.5,73.8
1476,A,1,0,5.7,6.8,5.6,6.1,57.0
1476,B,0,1,8.7,7.8,7.0,6.5,66.7
1476,C,1,1,4.7,8.6,7.3,8.3,81.5
1476,D,1,1,8.0,8.1,7.0,4.6,79.5
1477,A,1,1,8.7,5.2,8.1,6.3,80.5
1477,B,0,0,5.5,8.3,6.4,6.7,44.8
1477,C,1,0,6.4,6.0,6.3,6.8,59.2
1477,D,0,0,7.1,7.5,8.2,4.2,45.0
1478,A,1,0,7.2,4.2,6.8,6.4,57.7
1478,B,1,0,6.5,9.1,6.3,5.4,62.2
1478,C,1,1,5.9,6.9,4.8,8.3,76.5
1478,D,1,1,6.8,7.8,4.3,5.3,73.7
1479,A,0,0,6.2,3.6,6.5,5.0,35.5
1479,B,0,0,7.9,6.7,8.0,7.2,49.7
1479,C,1,0,6.1,5.9,4.9,9.1,60.0
1479,D,1,0,6.2,9.5,10,4.9,67.7
1480,A,0,0,6.3,6.4,5.3,5.8,39.7
1480,B,0,0,7.0,7.9,6.0,6.9,46.3
1480,C,1,1,4.0,7.6,6.9,7.9,77.3
1480,D,0,0,7.9,5.5,6.3,4.7,40.7
1481,A,0,0,7.1,5.8,8.2,5.8,44.8
1481,B,0,1,5.7,7.3,6.1,3.8,54.8
1481,C,1,0,5.0,6.4,4.5,6.2,53.5
1481,D,1,1,5.1,8.2,5.7,3.3,70.5
1482,A,0,1,6.5,7.1,8.4,5.4,62.3
1482,B,1,0,8.9,8.3,7.0,3.0,62.0
1482,C,0,0,5.0,6.8,6.2,7.0,41.7
1482,D,1,1,6.3,5.8,5.6,6.0,72.8
1483,A,1,1,4.4,5.0,6.1,5.6,68.5
1483,B,1,1,6.9,8.6,5.9,7.6,81.7
1483,C,1,1,5.8,6.8,5.7,6.6,74.8
1483,D,0,0,8.8,7.6,6.1,4.8,45.5
1484,A,1,0,6.5,8.0,8.3,7.5,67.2
1484,B,0,1,5.9,7.9,6.0,6.7,60.8
1484,C,0,1,10,7.1,5.2,5.0,62.2
1484,D,0,1,9.9,8.1,7.6,6.4,70.0
1485,A,1,0,6.9,6.7,7.3,6.2,61.8
1485,B,1,0,7.5,9.3,6.8,5.1,64.5
1485,C,0,0,6.5,7.0,3.9,7.2,41.0
1485,D,0,0,8.8,7.2,5.7,5.5,45.3
1486,A,1,1,7.3,5.6,8.4,5.8,78.5
1486,B,1,1,6.1,10,5.1,6.9,80.2
1486,C,1,0,9.5,8.3,6.1,4.3,63.7
1486,D,1,0,7.8,8.5,8.0,5.7,66.7
1487,A,0,1,8.6,5.9,7.0,5.8,62.2
1487,B,0,1,8.2,9.4,7.3,5.7,67.7
1487,C,1,1,5.6,7.5,6.4,7.5,78.3
1487,D,0,1,6.0,8.4,7.6,4.3,60.5
1488,A,1,1,5.5,6.2,8.0,8.4,80.2
1488,B,1,1,8.3,8.9,7.0,6.7,84.8
1488,C,1,0,6.7,6.3,7.1,7.6,62.8
1488,D,0,1,7.5,6.6,8.4,6.0,64.2
1489,A,1,0,6.5,4.1,8.0,6.6,58.7
1489,B,1,0,7.3,5.2,5.1,5.2,54.7
1489,C,0,1,8.1,7.5,5.7,7.9,65.3
1489,D,1,1,8.0,7.1,6.2,5.1,77.3
1490,A,0,1,5.9,5.2,5.8,4.9,53.0
1490,B,1,0,7.7,8.5,6.7,5.3,63.7
1490,C,1,0,6.6,9.7,6.4,6.0,64.5
1490,D,1,1,7.9,7.8,5.5,7.1,80.5
1491,A,1,0,7.2,5.5,5.8,8.6,61.8
1491,B,1,0,8.6,6.4,6.7,6.5,63.7
1491,C,0,0,5.4,6.9,7.9,6.3,44.2
1491,D,1,1,6.3,6.6,6.7,5.3,74.8
1492,A,1,0,8.1,5.9,5.8,5.1,58.2
1492,B,0,1,7.2,9.8,9.8,5.4,70.3
1492,C,1,1,8.0,5.8,4.9,6.6,75.5
1492,D,0,1,3.8,7.7,7.7,6.9,60.2
1493,A,1,0,7.7,5.3,8.1,6.3,62.3
1493,B,1,0,5.9,7.8,4.9,5.0,56.0
1493,C,1,1,7.5,5.7,5.6,8.4,78.7
1493,D,1,1,6.3,6.7,7.1,7.4,79.2
1494,A,0,0,6.0,6.6,3.3,5.4,35.5
1494,B,1,1,9.9,6.8,7.5,6.6,84.7
1494,C,0,1,5.7,5.0,3.1,5.2,48.3
1494,D,1,1,5.5,8.0,8.9,5.6,80.0
1495,A,1,1,7.9,6.4,7.6,4.6,77.5
1495,B,0,1,8.6,8.9,7.3,6.0,68.0
1495,C,1,0,8.2,7.2,6.9,9.3,69.3
1495,D,0,1,5.9,5.6,6.5,5.5,55.8
1496,A,1,0,7.9,8.8,6.3,7.8,68.0
1496,B,0,1,8.4,9.7,6.2,5.0,65.5
1496,C,1,1,7.9,4.7,6.9,6.6,76.8
1496,D,0,1,4.2,6.7,6.5,5.7,55.2
1497,A,0,0,6.2,5.7,6.7,5.5,40.2
1497,B,0,0,5.6,8.4,4.6,5.4,40.0
1497,C,1,0,9.0,7.2,5.3,8.3,66.3
1497,D,0,1,5.2,8.0,6.9,5.9,60.0
1498,A,0,1,4.7,5.8,4.3,7.3,53.5
1498,B,0,1,9.1,7.5,6.7,5.4,64.5
1498,C,1,1,6.1,6.2,4.7,8.4,75.7
1498,D,1,1,8.1,4.2,8.3,4.6,75.3
1499,A,1,1,7.0,5.7,6.1,8.5,78.8
1499,B,0,0,6.5,7.1,7.3,4.0,41.5
1499,C,1,0,8.4,6.4,6.1,5.7,61.0
1499,D,0,1,7.1,6.8,8.3,5.9,63.5
1500,A,0,0,8.7,5.5,7.8,3.4,42.3
1500,B,0,1,5.2,6.3,5.9,4.0,52.3
1500,C,1,0,8.4,6.1,5.7,7.1,62.2
1500,D,1,1,6.9,6.4,9.5,6.1,81.5
1501,A,1,0,7.4,5.6,7.2,6.7,61.5
1501,B,0,1,9.2,7.8,7.2,5.4,66.0
1501,C,1,0,6.0,6.5,8.0,5.1,59.3
1501,D,0,1,7.4,8.0,6.9,7.4,66.2
1502,A,0,1,5.5,5.7,6.6,8.3,60.2
1502,B,0,1,9.3,9.3,7.6,6.0,70.3
1502,C,0,1,6.5,8.8,9.1,5.9,67.2
1502,D,1,0,7.6,8.4,6.7,5.8,64.2
1503,A,1,1,4.5,6.0,5.7,5.2,69.0
1503,B,1,1,8.2,8.5,7.5,4.8,81.7
1503,C,0,1,6.4,4.2,7.3,4.1,53.3
1503,D,1,0,5.6,8.9,6.0,4.3,58.0
1504,A,1,0,5.5,7.0,5.9,7.9,60.5
1504,B,0,1,8.2,8.4,5.5,7.0,65.2
1504,C,0,0,9.3,7.1,6.4,5.3,46.8
1504,D,1,1,4.9,7.9,5.5,6.7,75.0
1505,A,1,1,4.8,4.5,4.3,6.3,66.5
1505,B,1,0,8.2,8.5,6.3,6.4,65.7
1505,C,0,1,7.4,7.5,7.8,5.0,62.8
1505,D,1,0,10,7.3,7.1,5.7,66.8
1506,A,0,0,6.1,4.9,7.0,6.1,40.2
1506,B,1,0,8.8,8.1,8.8,7.6,72.2
1506,C,1,0,6.8,9.4,2.9,7.7,61.3
1506,D,0,0,5.9,9.1,5.3,7.3,46.0
1507,A,0,0,6.8,7.7,5.9,8.4,48.0
1507,B,0,0,6.4,8.1,7.8,7.1,49.0
1507,C,1,1,7.2,6.2,6.1,4.5,73.3
1507,D,1,1,7.3,9.2,7.9,6.0,84.0
1508,A,1,1,4.7,6.3,2.7,7.1,68.0
1508,B,0,0,6.3,10,8.5,7.6,54.0
1508,C,1,1,4.9,5.3,6.4,6.0,71.0
1508,D,1,1,5.5,5.2,5.4,6.0,70.2
1509,A,1,1,2.7,6.7,8.3,6.4,73.5
1509,B,1,1,7.7,7.6,7.2,6.0,80.8
1509,C,1,1,6.4,5.7,7.5,8.9,80.8
1509,D,0,1,8.1,8.8,5.7,5.6,63.7
1510,A,1,0,4.7,5.3,6.9,6.0,54.8
1510,B,1,1,5.7,7.3,9.1,4.6,77.8
1510,C,1,1,5.8,5.1,6.6,7.2,74.5
1510,D,1,1,7.0,8.8,7.0,4.9,79.5
1511,A,0,0,6.6,6.0,5.6,6.0,40.3
1511,B,1,0,5.8,9.1,9.0,5.3,65.3
1511,C,1,0,5.5,6.3,6.8,8.0,61.0
1511,D,0,0,8.5,9.1,7.3,5.8,51.2
1512,A,1,1,8.2,6.5,6.1,4.8,76.0
1512,B,1,1,9.0,7.2,9.1,5.9,85.3
1512,C,0,1,5.7,5.9,5.6,6.1,55.5
1512,D,1,0,6.9,6.9,5.7,4.2,56.2
1513,A,0,1,5.9,7.2,4.2,8.1,59.0
1513,B,1,0,8.4,6.7,5.1,4.1,57.2
1513,C,1,0,9.4,8.6,7.0,8.9,73.2
1513,D,0,0,4.2,6.8,8.1,5.0,40.2
1514,A,1,1,5.6,3.9,5.5,5.9,68.2
1514,B,1,1,8.0,9.0,9.6,3.8,84.0
1514,C,1,1,6.4,7.4,5.6,8.1,79.2
1514,D,0,1,7.2,6.6,5.9,3.7,55.7
1515,A,1,0,5.5,7.0,8.0,8.5,65.0
1515,B,1,1,7.1,7.3,7.9,7.8,83.5
1515,C,1,0,5.3,6.5,5.0,5.3,53.5
1515,D,1,1,6.2,8.3,7.4,6.7,81.0
1516,A,0,1,6.5,4.6,8.2,5.5,58.0
1516,B,1,0,7.6,8.2,7.7,7.2,67.8
1516,C,0,1,7.0,6.1,7.7,5.7,60.8
1516,D,1,0,5.8,7.2,6.8,4.3,56.8
1517,A,0,1,5.3,5.0,7.1,5.5,54.8
1517,B,1,0,7.4,6.1,7.5,6.4,62.3
1517,C,1,1,7.2,5.1,8.0,5.5,76.3
1517,D,0,0,6.8,7.9,8.3,6.5,49.2
1518,A,0,1,7.0,4.0,8.0,8.2,62.0
1518,B,0,0,8.2,7.9,8.0,8.1,53.7
1518,C,1,0,5.6,7.3,5.8,6.6,58.8
1518,D,1,0,6.9,8.0,4.9,4.9,57.8
1519,A,0,0,5.1,9.2,6.6,7.5,47.3
1519,B,1,0,6.7,8.6,7.0,4.6,61.5
1519,C,0,1,5.6,5.9,7.8,8.4,62.8
1519,D,0,1,6.8,7.6,7.8,6.1,63.8
1520,A,0,1,4.9,5.2,6.8,6.7,56.0
1520,B,1,1,9.3,9.1,9.5,5.4,88.8
1520,C,1,0,9.3,8.1,7.8,6.2,69.0
1520,D,1,1,9.5,8.5,6.4,5.1,82.5
1521,A,0,0,7.7,5.2,6.3,7.0,43.7
1521,B,1,0,9.1,8.3,7.2,6.3,68.2
1521,C,0,0,7.3,7.4,6.6,9.4,51.2
1521,D,1,1,7.6,7.0,4.4,4.4,72.3
1522,A,1,1,6.1,5.8,6.2,7.2,75.5
1522,B,1,1,8.4,7.9,7.5,6.8,84.3
1522,C,0,0,7.7,9.0,6.3,5.9,48.2
1522,D,1,1,6.8,7.8,5.8,5.7,76.8
1523,A,1,1,8.0,4.3,7.0,6.0,75.5
1523,B,0,1,8.8,7.3,6.6,8.4,68.5
1523,C,0,0,6.7,7.9,5.7,7.0,45.5
1523,D,1,1,7.5,8.3,6.3,6.0,80.2
1524,A,1,1,4.6,5.8,5.8,6.0,70.3
1524,B,1,1,8.6,10,7.9,8.5,91.7
1524,C,1,1,6.4,5.7,7.6,5.3,75.0
1524,D,1,0,7.0,8.5,7.3,6.1,64.8
1525,A,1,0,5.6,7.2,8.4,5.5,61.2
1525,B,1,1,8.1,8.9,6.4,7.6,85.0
1525,C,1,0,7.2,5.9,3.7,8.2,58.3
1525,D,0,0,7.4,8.5,5.0,5.2,43.5
1526,A,0,1,6.6,6.5,7.7,6.7,62.5
1526,B,0,1,6.6,7.2,6.2,3.3,55.5
1526,C,1,0,4.1,8.3,6.2,7.7,60.5
1526,D,1,1,5.8,5.6,6.9,5.7,73.3
1527,A,1,0,6.4,8.0,6.3,7.8,64.2
1527,B,0,1,6.8,7.4,8.9,5.2,63.8
1527,C,1,0,7.9,7.7,7.0,8.4,68.3
1527,D,0,1,5.7,8.7,7.7,4.6,61.2
1528,A,1,0,5.9,5.4,6.4,7.2,58.2
1528,B,1,0,8.1,5.2,7.1,6.0,60.7
1528,C,0,1,7.1,5.6,5.8,5.6,56.8
1528,D,0,1,6.6,7.1,5.7,6.9,60.5
1529,A,1,1,6.2,7.2,6.1,5.4,74.8
1529,B,0,1,9.2,7.2,8.0,6.3,67.8
1529,C,0,1,6.9,6.9,4.4,7.1,58.8
1529,D,0,0,8.1,7.0,8.1,5.5,47.8
1530,A,0,0,5.9,6.6,3.4,5.1,35.0
1530,B,1,1,7.9,8.7,7.4,4.6,81.0
1530,C,1,0,6.0,5.9,8.1,7.1,61.8
1530,D,1,0,7.8,8.4,7.5,4.6,63.8
1531,A,1,0,7.9,6.3,7.6,6.6,64.0
1531,B,1,1,6.7,7.4,7.6,7.0,81.2
1531,C,1,0,6.1,5.0,6.0,8.4,59.2
1531,D,1,0,7.3,5.7,8.9,4.0,59.8
1532,A,1,1,5.1,5.8,7.7,5.6,73.7
1532,B,0,0,9.5,7.4,7.6,5.9,50.7
1532,C,1,1,8.1,7.4,5.6,6.3,79.0
1532,D,1,1,6.9,6.0,6.1,7.0,76.7
1533,A,0,0,7.0,5.8,6.2,5.8,41.3
1533,B,1,0,7.2,9.1,6.1,3.8,60.3
1533,C,1,1,6.5,7.1,5.5,6.2,75.5
1533,D,0,0,5.0,8.2,8.8,6.7,47.8
1534,A,1,0,6.3,5.0,6.4,8.1,59.7
1534,B,1,0,7.5,9.0,8.4,4.7,66.0
1534,C,1,0,8.6,6.7,3.8,5.0,56.8
1534,D,1,1,10.0,7.9,8.0,6.1,86.7
1535,A,1,0,6.2,5.0,5.7,6.9,56.3
1535,B,1,1,7.4,6.9,8.4,7.4,83.5
1535,C,1,0,7.0,6.8,5.8,7.9,62.5
1535,D,1,1,5.9,5.9,6.6,4.6,71.7
1536,A,1,1,5.3,4.4,6.3,7.4,72.3
1536,B,1,1,8.5,7.0,7.4,7.7,84.3
1536,C,1,1,6.1,8.1,5.1,6.5,76.3
1536,D,0,0,6.0,8.3,6.2,5.0,42.5
1537,A,1,0,7.6,6.3,6.3,3.9,56.8
1537,B,1,0,8.1,8.0,9.7,7.1,71.5
1537,C,1,1,7.8,4.1,6.1,8.9,78.2
1537,D,0,1,6.8,6.0,6.1,5.5,57.3
1538,A,0,0,8.1,4.5,7.6,5.2,42.3
1538,B,1,1,7.7,6.2,7.0,6.7,79.3
1538,C,1,0,7.5,6.8,4.4,7.0,59.5
1538,D,0,1,8.3,8.3,6.3,4.4,62.2
1539,A,0,1,7.6,5.0,10,6.5,65.2
1539,B,1,0,7.9,8.6,8.3,6.5,68.8
1539,C,0,0,5.0,8.5,4.8,6.5,41.3
1539,D,1,0,8.5,6.1,5.8,4.7,58.5
1540,A,1,1,4.6,7.1,6.2,3.5,69.0
1540,B,1,1,7.9,7.9,8.9,7.8,87.5
1540,C,0,1,7.6,7.4,7.1,8.0,66.8
1540,D,1,1,8.3,5.7,8.4,4.7,78.5
1541,A,1,1,7.7,6.0,6.8,8.6,81.8
1541,B,1,1,5.2,8.1,6.9,6.8,78.3
1541,C,1,0,6.6,7.6,6.5,8.2,64.8
1541,D,1,0,9.0,8.6,6.0,5.5,65.2
1542,A,1,0,6.5,6.4,5.8,9.0,62.8
1542,B,1,0,7.3,9.0,8.8,6.2,68.8
1542,C,1,0,6.8,6.8,4.1,8.8,60.8
1542,D,0,1,8.6,8.4,4.7,7.3,65.0
1543,A,1,1,6.8,4.7,5.2,6.1,71.3
1543,B,0,0,7.6,8.4,5.4,5.7,45.2
1543,C,1,0,7.4,5.9,4.5,5.3,55.2
1543,D,1,1,6.9,8.8,6.1,5.9,79.5
1544,A,0,0,6.9,7.5,6.7,7.4,47.5
1544,B,0,1,6.9,7.9,7.3,6.7,64.7
1544,C,1,0,6.1,8.3,5.9,8.6,64.8
1544,D,0,0,7.0,7.4,5.1,4.5,40.0
1545,A,1,1,5.8,4.9,5.3,5.8,69.7
1545,B,0,1,7.4,6.7,6.7,5.5,60.5
1545,C,0,0,5.1,3.5,3.7,8.5,34.7
1545,D,0,0,8.0,7.0,6.0,4.8,43.0
1546,A,1,1,7.2,4.9,6.4,4.3,71.3
1546,B,0,1,8.0,6.7,8.5,7.4,67.7
1546,C,1,0,9.2,7.0,7.8,8.6,71.0
1546,D,1,0,9.5,5.6,10,4.7,66.3
1547,A,0,0,7.6,4.8,6.0,4.7,38.5
1547,B,0,1,4.2,6.9,8.7,8.2,63.3
1547,C,1,1,6.4,8.9,5.2,9.0,82.5
1547,D,1,1,5.3,9.4,2.7,7.7,75.2
1548,A,1,0,7.6,4.7,5.2,7.3,58.0
1548,B,1,0,6.9,8.3,10.0,5.3,67.5
1548,C,1,1,8.1,6.4,7.7,6.3,80.8
1548,D,1,0,6.5,7.3,8.9,3.3,60.0
1549,A,1,1,8.0,6.1,9.6,4.6,80.5
1549,B,1,0,7.5,7.0,6.7,8.3,65.8
1549,C,1,1,6.7,4.9,8.2,8.4,80.3
1549,D,1,1,8.5,7.7,3.6,4.8,74.3
1550,A,0,0,7.2,4.9,7.5,8.0,46.0
1550,B,1,1,5.2,6.5,5.8,8.7,77.0
1550,C,1,1,6.2,7.2,5.6,8.5,79.2
1550,D,0,0,5.1,7.9,6.5,3.6,38.5
1551,A,0,1,6.0,5.2,6.5,5.0,54.5
1551,B,1,1,6.9,5.8,7.0,6.5,77.0
1551,C,1,1,8.8,6.9,7.4,6.3,82.3
1551,D,1,0,5.9,6.8,6.5,5.3,57.5
1552,A,0,0,5.5,4.2,6.9,5.1,36.2
1552,B,1,0,9.2,6.5,7.8,6.8,67.2
1552,C,1,0,7.3,7.4,6.8,6.3,63.0
1552,D,1,1,6.1,7.7,8.4,6.6,81.3
1553,A,1,1,6.0,4.5,5.9,7.2,72.7
1553,B,1,1,6.9,7.6,5.4,7.5,79.0
1553,C,0,1,7.7,5.7,4.9,7.8,60.2
1553,D,1,1,8.3,4.6,6.3,7.2,77.3
1554,A,0,0,5.5,4.6,6.0,5.1,35.3
1554,B,0,1,6.4,7.6,6.0,6.4,60.7
1554,C,0,0,5.8,6.3,6.5,8.9,45.8
1554,D,1,1,3.6,7.8,5.9,8.0,75.5
1555,A,1,0,8.3,5.2,4.2,5.0,54.5
1555,B,1,1,7.2,4.6,6.7,8.1,77.7
1555,C,1,1,7.1,6.4,4.9,6.1,74.2
1555,D,0,1,8.9,6.0,7.1,5.8,63.0
1556,A,1,1,8.4,6.7,7.5,7.0,82.7
1556,B,0,0,6.8,8.4,9.0,5.9,50.2
1556,C,0,0,8.6,7.1,2.1,7.3,41.8
1556,D,0,0,8.1,6.9,8.3,7.7,51.7
1557,A,1,1,6.6,7.5,6.8,8.2,81.8
1557,B,1,0,6.7,6.9,7.2,4.5,58.8
1557,C,1,1,6.5,9.5,7.5,4.3,79.7
1557,D,1,1,6.5,7.9,7.1,3.7,75.3
1558,A,0,1,7.7,7.1,7.9,5.8,64.2
1558,B,0,1,7.6,7.4,8.1,6.3,65.7
1558,C,0,1,7.6,7.5,7.5,5.8,64.0
1558,D,1,0,7.9,6.4,5.8,8.4,64.2
1559,A,1,0,9.2,5.6,6.4,8.5,66.2
1559,B,1,1,8.5,5.5,6.2,4.7,74.8
1559,C,1,0,7.4,5.7,5.3,7.3,59.5
1559,D,0,0,6.2,7.0,7.1,7.7,46.7
1560,A,1,0,7.7,5.5,5.8,9.2,63.7
1560,B,0,1,8.5,8.4,6.8,6.9,67.7
1560,C,0,1,7.4,6.3,5.4,7.2,60.5
1560,D,1,1,9.4,8.1,4.2,6.1,79.7
1561,A,1,1,4.2,4.5,7.5,5.6,69.7
1561,B,1,1,8.4,8.5,5.8,4.6,78.8
1561,C,0,1,8.9,5.0,8.9,5.2,63.3
1561,D,0,1,5.1,7.2,9.0,5.6,61.5
1562,A,1,0,6.6,5.6,6.5,5.5,57.0
1562,B,1,1,9.1,7.9,6.7,8.1,86.3
1562,C,1,1,7.4,7.9,5.4,9.1,83.0
1562,D,1,0,8.1,7.1,5.4,8.9,65.8
1563,A,1,0,6.9,7.0,6.8,6.9,62.7
1563,B,1,1,7.0,6.1,6.3,5.6,75.0
1563,C,1,0,6.1,6.3,6.4,9.1,63.2
1563,D,0,0,3.8,7.1,6.3,8.4,42.7
1564,A,1,0,4.3,5.1,7.1,7.1,56.0
1564,B,1,1,3.2,7.7,7.4,6.5,74.7
1564,C,1,0,4.3,6.9,6.3,5.4,54.8
1564,D,0,1,10,5.4,6.5,6.3,63.7
1565,A,1,1,5.7,3.6,8.0,4.5,69.7
1565,B,1,0,8.5,7.4,8.3,6.6,68.0
1565,C,1,1,6.7,5.6,5.8,8.0,76.8
1565,D,0,1,7.0,7.8,6.4,4.6,59.7
1566,A,1,0,5.0,8.0,5.8,5.7,57.5
1566,B,1,0,8.7,5.8,6.4,4.6,59.2
1566,C,1,1,5.4,4.6,6.4,6.2,71.0
1566,D,0,1,7.3,4.0,6.5,6.5,57.2
1567,A,1,1,6.0,6.0,7.0,7.7,77.8
1567,B,1,1,10,8.3,7.8,5.4,85.8
1567,C,1,1,5.6,9.0,4.9,6.0,75.8
1567,D,1,0,7.6,7.9,4.2,5.8,59.2
1568,A,0,0,5.1,5.2,7.4,7.4,41.8
1568,B,1,1,8.8,6.1,8.0,6.4,82.2
1568,C,1,0,5.9,6.2,6.1,7.1,58.8
1568,D,0,0,6.2,6.1,6.5,6.9,42.8
1569,A,1,1,7.1,5.5,6.3,6.9,76.3
1569,B,0,1,7.3,6.9,7.2,8.1,65.8
1569,C,1,0,9.6,6.8,5.3,6.8,64.2
1569,D,0,0,6.7,7.0,8.6,7.0,48.8
1570,A,1,0,7.5,6.2,6.2,8.8,64.5
1570,B,0,1,7.0,5.7,6.2,5.5,57.3
1570,C,0,1,5.1,6.6,7.9,5.9,59.2
1570,D,1,1,8.3,7.1,8.1,6.3,83.0
1571,A,1,0,8.4,5.0,5.8,7.0,60.3
1571,B,0,0,7.3,10,4.1,7.4,48.0
1571,C,1,1,8.5,5.8,7.7,7.6,82.7
1571,D,1,0,6.8,7.0,3.2,7.7,57.8
1572,A,0,1,6.6,6.2,7.5,6.2,60.8
1572,B,1,1,7.0,7.4,8.2,4.1,77.8
1572,C,1,0,6.1,4.9,4.7,7.9,56.0
1572,D,1,1,7.6,9.9,7.2,7.9,87.7
1573,A,0,0,4.9,5.0,6.9,6.1,38.2
1573,B,1,1,7.5,8.4,6.5,6.1,80.8
1573,C,1,1,6.9,7.4,5.4,8.2,79.8
1573,D,0,1,7.2,7.2,7.5,7.2,65.2
1574,A,0,0,5.6,6.3,4.5,6.6,38.3
1574,B,0,1,8.0,6.2,7.5,7.1,64.7
1574,C,0,0,7.8,9.3,5.9,6.0,48.3
1574,D,1,1,8.3,6.8,6.2,6.9,80.3
1575,A,1,0,6.0,8.3,6.1,8.3,64.5
1575,B,1,1,6.7,6.5,8.4,7.4,81.7
1575,C,0,1,6.7,7.5,5.7,4.5,57.3
1575,D,0,1,8.2,8.6,6.2,6.7,66.2
1576,A,1,1,6.6,4.2,10,7.6,80.7
1576,B,1,0,6.5,6.1,9.3,2.9,58.0
1576,C,1,1,7.7,5.6,7.4,7.0,79.5
1576,D,1,1,8.0,6.4,7.1,7.0,80.8
1577,A,1,1,5.7,5.5,7.9,5.4,74.2
1577,B,1,1,6.4,9.3,8.8,5.3,83.0
1577,C,1,0,6.3,4.9,4.7,9.6,59.2
1577,D,1,0,7.6,7.9,6.7,4.7,61.5
1578,A,0,1,4.9,4.2,5.8,5.5,50.7
1578,B,1,0,5.9,8.6,7.2,5.1,61.3
1578,C,0,1,5.5,6.8,5.0,7.6,58.2
1578,D,1,0,6.7,7.4,9.7,7.5,68.8
1579,A,0,1,7.4,4.3,8.2,5.1,58.3
1579,B,1,0,8.5,8.1,6.9,7.7,68.7
1579,C,1,0,5.4,6.3,5.1,5.7,54.2
1579,D,0,0,7.7,7.6,7.0,4.8,45.2
1580,A,1,1,4.9,6.2,6.5,7.4,75.0
1580,B,1,1,5.1,7.9,7.2,6.1,77.2
1580,C,0,0,9.0,7.9,5.8,6.8,49.2
1580,D,0,0,8.1,8.0,6.7,6.3,48.5
1581,A,1,0,4.9,4.8,5.0,5.0,49.5
1581,B,1,0,5.4,7.8,7.1,5.6,59.8
1581,C,1,0,5.9,7.4,4.3,7.6,58.7
1581,D,0,0,6.7,7.7,6.7,5.6,44.5
1582,A,1,1,6.3,4.6,7.9,7.8,77.7
1582,B,1,0,6.4,7.5,8.0,6.0,63.2
1582,C,0,0,6.0,8.2,5.8,7.5,45.8
1582,D,1,1,6.5,7.7,6.1,6.0,77.2
1583,A,0,1,7.3,7.2,6.5,6.2,62.0
1583,B,1,0,9.9,8.6,7.1,6.6,70.3
1583,C,1,0,7.1,8.2,5.6,7.8,64.5
1583,D,1,0,7.0,9.0,7.5,5.9,65.7
1584,A,1,1,8.2,5.2,6.5,4.3,73.7
1584,B,1,0,7.0,5.9,5.1,6.7,57.8
1584,C,1,0,7.3,4.9,5.1,5.1,54.0
1584,D,1,1,4.6,9.4,9.0,5.9,81.5
1585,A,1,1,7.1,5.2,5.8,6.6,74.5
1585,B,1,0,10,5.7,7.4,7.5,67.7
1585,C,1,0,10,7.7,8.1,5.9,69.5
1585,D,0,1,7.2,5.8,7.0,7.1,61.8
1586,A,1,0,5.5,6.6,8.8,6.8,62.8
1586,B,1,1,5.4,7.2,9.6,7.6,83.0
1586,C,0,0,9.4,6.1,5.6,5.6,44.5
1586,D,1,1,4.6,6.4,7.8,6.0,74.7
1587,A,1,0,7.7,7.9,4.9,5.0,59.2
1587,B,0,1,6.8,5.9,6.6,7.1,60.7
1587,C,1,0,7.7,6.5,7.2,5.3,61.2
1587,D,1,1,7.9,7.2,4.5,6.5,76.8
1588,A,0,0,7.7,4.9,6.3,6.6,42.5
1588,B,1,1,6.3,8.6,5.9,7.5,80.5
1588,C,0,0,6.8,6.0,6.7,7.8,45.5
1588,D,1,1,5.6,7.1,6.7,4.1,72.5
1589,A,1,1,7.4,6.9,4.9,8.4,79.3
1589,B,1,0,7.2,7.4,6.1,5.9,61.0
1589,C,1,1,8.1,6.1,6.0,7.1,78.8
1589,D,1,1,8.2,8.0,7.2,7.6,85.0
1590,A,0,1,4.3,6.6,6.2,6.5,56.0
1590,B,1,1,7.3,8.0,5.3,7.5,80.2
1590,C,1,1,7.8,7.2,9.2,7.4,86.0
1590,D,1,0,5.9,8.1,3.0,6.6,56.0
1591,A,1,1,6.7,7.1,6.6,5.3,76.2
1591,B,1,0,9.6,6.5,7.4,6.2,66.2
1591,C,0,1,5.5,8.5,7.2,6.9,63.5
1591,D,1,1,6.2,8.3,9.0,6.8,83.8
1592,A,1,1,7.0,4.8,5.3,7.1,73.7
1592,B,1,1,7.6,7.5,5.8,8.3,82.0
1592,C,1,0,7.5,4.7,6.0,5.1,55.5
1592,D,0,0,5.9,7.5,7.5,7.8,47.8
1593,A,1,1,4.8,5.3,5.9,7.7,72.8
1593,B,1,1,8.3,6.7,7.9,7.2,83.5
1593,C,1,1,7.2,4.1,7.8,5.0,73.5
1593,D,1,0,7.6,8.9,7.4,6.7,67.7
1594,A,1,0,4.8,6.6,5.4,7.2,56.7
1594,B,1,1,8.5,8.3,7.2,5.1,81.8
1594,C,1,1,9.2,7.9,4.5,7.8,82.3
1594,D,0,1,6.1,5.8,5.8,4.0,52.8
1595,A,1,1,6.6,7.3,8.1,6.4,80.7
1595,B,1,1,6.7,8.7,8.3,5.0,81.2
1595,C,1,0,6.6,9.1,6.0,6.7,64.0
1595,D,1,0,7.8,6.5,6.0,5.7,60.0
1596,A,0,1,7.7,5.7,5.9,5.2,57.5
1596,B,1,0,8.5,8.6,6.0,6.2,65.5
1596,C,0,0,6.3,6.0,5.5,7.6,42.3
1596,D,1,0,6.4,8.6,8.2,4.8,63.3
1597,A,0,0,7.5,5.1,5.8,5.5,39.8
1597,B,0,0,8.3,6.8,9.7,5.7,50.8
1597,C,1,1,6.4,4.9,8.3,6.3,76.5
1597,D,1,0,8.1,8.4,7.1,6.2,66.3
1598,A,1,0,6.6,6.0,8.9,6.9,64.0
1598,B,1,1,8.4,4.9,7.4,4.0,74.5
1598,C,0,0,6.9,8.1,6.1,7.3,47.3
1598,D,1,0,9.0,9.0,5.4,5.3,64.5
1599,A,1,0,7.3,5.4,9.7,5.7,63.5
1599,B,1,1,8.7,8.3,4.5,7.3,81.3
1599,C,1,0,8.1,7.2,7.0,6.7,65.0
1599,D,1,1,6.3,7.1,7.0,3.5,73.2
1600,A,1,1,5.9,6.1,7.1,7.0,76.8
1600,B,1,0,6.9,8.5,6.2,6.9,64.2
1600,C,1,1,6.2,8.6,4.7,7.8,78.8
1600,D,1,0,7.1,8.0,7.0,5.6,62.8
