respondent_id,age_group,sex,region,segment,preferred_object,primary_metric,trust,clarity,appeal,overall,weight,demo
R0001,30–44,muž,Praha,Hybrid Commuters,FlexPass,29,59,73,35,49,1.133,TRUE
R0002,18–29,muž,Praha,Weekend Explorers,FlexPass,45,85,54,72,64,0.904,TRUE
R0003,45–64,muž,Střední Čechy,Hybrid Commuters,FlexPass,29,64,45,37,44,0.797,TRUE
R0004,45–64,muž,Střední Morava,Hybrid Commuters,FlexPass,26,73,69,66,58,0.803,TRUE
R0005,30–44,muž,Severovýchod,Comfort Members,Membership Plus,52,85,81,76,74,1.024,TRUE
R0006,18–29,muž,Severozápad,Weekend Explorers,FlexPass,53,51,57,72,58,0.833,TRUE
R0007,18–29,muž,Jihovýchod,Hybrid Commuters,FlexPass,31,89,45,40,51,1.033,TRUE
R0008,18–29,muž,Moravskoslezsko,Daily Commuters,Commuter Pass,41,47,70,40,50,1.198,TRUE
R0009,45–64,muž,Moravskoslezsko,Daily Commuters,Commuter Pass,46,69,48,50,53,0.836,TRUE
R0010,18–29,muž,Střední Čechy,Hybrid Commuters,FlexPass,55,83,59,71,67,1.075,TRUE
R0011,65+,žena,Severovýchod,Hybrid Commuters,FlexPass,55,45,58,52,52,0.88,TRUE
R0012,18–29,muž,Praha,Daily Commuters,Commuter Pass,59,52,56,60,57,0.776,TRUE
R0013,30–44,muž,Severovýchod,Weekend Explorers,FlexPass,50,79,86,44,65,0.79,TRUE
R0014,18–29,žena,Střední Morava,Weekend Explorers,FlexPass,49,46,79,82,64,1.146,TRUE
R0015,65+,žena,Severozápad,Comfort Members,Membership Plus,46,61,69,57,58,1.069,TRUE
R0016,45–64,žena,Praha,Weekend Explorers,FlexPass,26,86,87,88,72,1.216,TRUE
R0017,30–44,muž,Jihovýchod,Weekend Explorers,FlexPass,51,53,61,84,62,1.118,TRUE
R0018,45–64,žena,Jihozápad,Price Planners,FlexPass,57,50,51,47,51,1.22,TRUE
R0019,45–64,žena,Severovýchod,Daily Commuters,Commuter Pass,28,85,81,60,64,0.933,TRUE
R0020,45–64,žena,Severovýchod,Daily Commuters,Commuter Pass,61,50,58,75,61,0.979,TRUE
R0021,18–29,muž,Jihovýchod,Daily Commuters,Commuter Pass,50,74,79,78,70,1.085,TRUE
R0022,65+,žena,Střední Morava,Weekend Explorers,FlexPass,55,76,80,38,62,0.768,TRUE
R0023,45–64,žena,Severovýchod,Weekend Explorers,FlexPass,50,78,85,80,73,0.955,TRUE
R0024,45–64,muž,Jihozápad,Weekend Explorers,FlexPass,52,74,90,89,76,0.825,TRUE
R0025,65+,muž,Jihozápad,Hybrid Commuters,FlexPass,38,77,49,37,50,1.224,TRUE
R0026,45–64,žena,Jihozápad,Price Planners,FlexPass,42,52,50,44,47,1.085,TRUE
R0027,30–44,muž,Střední Morava,Daily Commuters,Commuter Pass,39,88,88,77,73,0.751,TRUE
R0028,65+,muž,Praha,Daily Commuters,Commuter Pass,30,57,82,48,54,1.244,TRUE
R0029,18–29,muž,Severozápad,Weekend Explorers,FlexPass,50,65,77,75,67,0.994,TRUE
R0030,18–29,muž,Jihozápad,Weekend Explorers,FlexPass,61,49,60,41,53,0.797,TRUE
R0031,65+,muž,Střední Morava,Price Planners,FlexPass,36,90,74,67,67,1.099,TRUE
R0032,45–64,žena,Střední Čechy,Hybrid Commuters,FlexPass,52,55,77,45,57,1.198,TRUE
R0033,45–64,žena,Jihozápad,Price Planners,FlexPass,36,79,53,67,59,1.105,TRUE
R0034,65+,žena,Severozápad,Daily Commuters,Commuter Pass,62,68,70,59,65,1.199,TRUE
R0035,65+,žena,Praha,Comfort Members,Membership Plus,56,51,90,35,58,0.983,TRUE
R0036,65+,žena,Jihovýchod,Price Planners,FlexPass,58,46,87,72,66,1.025,TRUE
R0037,30–44,muž,Severovýchod,Price Planners,FlexPass,62,89,62,45,64,1.086,TRUE
R0038,18–29,žena,Střední Čechy,Daily Commuters,Commuter Pass,57,88,57,67,67,1.053,TRUE
R0039,45–64,žena,Moravskoslezsko,Hybrid Commuters,FlexPass,53,85,76,77,73,1.132,TRUE
R0040,30–44,žena,Střední Morava,Price Planners,FlexPass,47,55,71,81,64,1.101,TRUE
R0041,65+,muž,Střední Morava,Price Planners,FlexPass,30,81,78,39,57,1.233,TRUE
R0042,30–44,muž,Jihovýchod,Hybrid Commuters,FlexPass,46,77,64,40,57,1.085,TRUE
R0043,30–44,muž,Střední Morava,Daily Commuters,Commuter Pass,56,83,69,89,74,1.225,TRUE
R0044,30–44,žena,Severozápad,Daily Commuters,Commuter Pass,55,55,87,55,63,1.124,TRUE
R0045,18–29,muž,Střední Morava,Hybrid Commuters,FlexPass,56,89,72,74,73,1.245,TRUE
R0046,45–64,muž,Střední Morava,Price Planners,FlexPass,50,46,46,56,50,0.867,TRUE
R0047,30–44,muž,Střední Morava,Comfort Members,Membership Plus,29,49,71,86,59,1.162,TRUE
R0048,45–64,žena,Jihovýchod,Weekend Explorers,FlexPass,43,73,54,35,51,0.773,TRUE
R0049,65+,muž,Praha,Hybrid Commuters,FlexPass,58,71,77,59,66,1.098,TRUE
R0050,65+,muž,Střední Morava,Hybrid Commuters,FlexPass,51,84,53,67,64,0.885,TRUE
R0051,18–29,žena,Severozápad,Comfort Members,Membership Plus,57,79,73,51,65,1.233,TRUE
R0052,30–44,muž,Jihovýchod,Hybrid Commuters,FlexPass,33,76,87,68,66,0.766,TRUE
R0053,30–44,žena,Praha,Hybrid Commuters,FlexPass,46,90,63,66,66,1.128,TRUE
R0054,18–29,muž,Severozápad,Weekend Explorers,FlexPass,29,52,87,61,57,0.816,TRUE
R0055,45–64,žena,Praha,Hybrid Commuters,FlexPass,57,66,67,67,64,1.088,TRUE
R0056,65+,žena,Praha,Comfort Members,Membership Plus,35,47,78,55,54,1.202,TRUE
R0057,45–64,žena,Jihovýchod,Comfort Members,Membership Plus,50,68,74,40,58,1.043,TRUE
R0058,45–64,žena,Střední Čechy,Comfort Members,Membership Plus,31,51,88,89,65,1.006,TRUE
R0059,65+,žena,Střední Morava,Weekend Explorers,FlexPass,26,75,88,74,66,1.007,TRUE
R0060,18–29,muž,Severovýchod,Hybrid Commuters,FlexPass,49,89,80,41,65,0.981,TRUE
R0061,65+,žena,Severovýchod,Weekend Explorers,FlexPass,38,82,51,45,54,0.789,TRUE
R0062,30–44,muž,Praha,Comfort Members,Membership Plus,34,74,73,80,65,0.912,TRUE
R0063,65+,žena,Severovýchod,Price Planners,FlexPass,34,61,56,84,59,1.183,TRUE
R0064,18–29,muž,Jihovýchod,Daily Commuters,Commuter Pass,41,70,90,70,68,0.927,TRUE
R0065,18–29,žena,Severozápad,Comfort Members,Membership Plus,55,67,68,90,70,1.153,TRUE
R0066,30–44,žena,Střední Morava,Weekend Explorers,FlexPass,46,63,63,46,54,0.772,TRUE
R0067,65+,muž,Severozápad,Weekend Explorers,FlexPass,50,81,58,88,69,1.1,TRUE
R0068,30–44,žena,Severozápad,Weekend Explorers,FlexPass,49,78,85,77,72,1.241,TRUE
R0069,45–64,muž,Praha,Daily Commuters,Commuter Pass,39,77,66,66,62,1.23,TRUE
R0070,18–29,muž,Střední Morava,Daily Commuters,Commuter Pass,56,85,62,84,72,0.927,TRUE
R0071,18–29,žena,Moravskoslezsko,Daily Commuters,Commuter Pass,39,58,51,67,54,1.077,TRUE
R0072,30–44,žena,Moravskoslezsko,Daily Commuters,Commuter Pass,31,59,69,89,62,1.242,TRUE
R0073,65+,žena,Střední Čechy,Hybrid Commuters,FlexPass,33,57,87,65,60,1.093,TRUE
R0074,65+,žena,Jihozápad,Weekend Explorers,FlexPass,32,61,60,72,56,1.15,TRUE
R0075,45–64,muž,Střední Čechy,Comfort Members,Membership Plus,43,86,77,51,64,1.005,TRUE
R0076,30–44,muž,Střední Morava,Weekend Explorers,FlexPass,58,47,49,81,59,0.899,TRUE
R0077,18–29,žena,Střední Morava,Price Planners,FlexPass,30,53,61,52,49,0.945,TRUE
R0078,45–64,žena,Severozápad,Weekend Explorers,FlexPass,48,75,57,76,64,1.003,TRUE
R0079,18–29,žena,Střední Morava,Comfort Members,Membership Plus,62,70,47,90,67,0.88,TRUE
R0080,65+,muž,Severovýchod,Daily Commuters,Commuter Pass,44,55,83,51,58,1.217,TRUE
R0081,30–44,muž,Severovýchod,Comfort Members,Membership Plus,53,74,51,42,55,0.87,TRUE
R0082,45–64,muž,Střední Morava,Daily Commuters,Commuter Pass,61,72,82,50,66,0.865,TRUE
R0083,18–29,muž,Jihozápad,Comfort Members,Membership Plus,34,48,59,43,46,1.021,TRUE
R0084,45–64,muž,Severozápad,Price Planners,FlexPass,33,88,72,66,65,1.019,TRUE
R0085,45–64,muž,Severozápad,Hybrid Commuters,FlexPass,37,51,46,88,56,1.125,TRUE
R0086,45–64,žena,Severovýchod,Comfort Members,Membership Plus,44,50,49,90,58,1.206,TRUE
R0087,18–29,žena,Severovýchod,Daily Commuters,Commuter Pass,43,82,59,84,67,1.238,TRUE
R0088,30–44,žena,Praha,Price Planners,FlexPass,32,49,87,55,56,0.776,TRUE
R0089,30–44,muž,Jihozápad,Daily Commuters,Commuter Pass,39,74,54,42,52,1.198,TRUE
R0090,18–29,žena,Střední Čechy,Weekend Explorers,FlexPass,27,50,70,36,46,1.15,TRUE
R0091,30–44,muž,Praha,Hybrid Commuters,FlexPass,33,46,45,77,50,0.883,TRUE
R0092,45–64,žena,Jihozápad,Hybrid Commuters,FlexPass,44,89,86,48,67,1.033,TRUE
R0093,65+,žena,Moravskoslezsko,Daily Commuters,Commuter Pass,59,67,46,35,52,0.822,TRUE
R0094,65+,muž,Střední Čechy,Weekend Explorers,FlexPass,39,52,50,46,47,0.921,TRUE
R0095,65+,žena,Střední Čechy,Hybrid Commuters,FlexPass,27,74,89,42,58,1.149,TRUE
R0096,65+,žena,Moravskoslezsko,Comfort Members,Membership Plus,33,89,72,70,66,1.123,TRUE
R0097,30–44,žena,Střední Morava,Daily Commuters,Commuter Pass,33,68,67,80,62,0.86,TRUE
R0098,18–29,muž,Jihozápad,Price Planners,FlexPass,42,45,52,59,50,1.224,TRUE
R0099,18–29,muž,Jihozápad,Price Planners,FlexPass,35,66,84,66,63,0.851,TRUE
R0100,45–64,žena,Jihovýchod,Price Planners,FlexPass,34,82,72,48,59,0.94,TRUE
R0101,30–44,žena,Střední Čechy,Weekend Explorers,FlexPass,44,73,66,70,63,1.058,TRUE
R0102,30–44,žena,Praha,Hybrid Commuters,FlexPass,58,66,65,73,66,0.754,TRUE
R0103,65+,žena,Jihovýchod,Price Planners,FlexPass,30,67,85,42,56,0.979,TRUE
R0104,18–29,muž,Severozápad,Comfort Members,Membership Plus,51,82,58,67,64,0.85,TRUE
R0105,65+,žena,Moravskoslezsko,Hybrid Commuters,FlexPass,29,80,72,55,59,1.08,TRUE
R0106,45–64,žena,Severozápad,Daily Commuters,Commuter Pass,27,73,64,37,50,1.12,TRUE
R0107,18–29,muž,Praha,Daily Commuters,Commuter Pass,47,55,84,50,59,1.145,TRUE
R0108,65+,žena,Praha,Comfort Members,Membership Plus,37,72,48,43,50,1.083,TRUE
R0109,45–64,žena,Jihovýchod,Hybrid Commuters,FlexPass,38,74,75,83,68,0.925,TRUE
R0110,65+,žena,Jihozápad,Hybrid Commuters,FlexPass,33,76,66,76,63,1.118,TRUE
R0111,18–29,žena,Střední Morava,Weekend Explorers,FlexPass,27,59,88,83,64,0.911,TRUE
R0112,65+,muž,Jihovýchod,Price Planners,FlexPass,46,67,70,59,60,0.868,TRUE
R0113,30–44,muž,Moravskoslezsko,Hybrid Commuters,FlexPass,58,88,60,59,66,1.024,TRUE
R0114,65+,muž,Střední Morava,Daily Commuters,Commuter Pass,53,47,59,57,54,0.8,TRUE
R0115,65+,muž,Jihovýchod,Hybrid Commuters,FlexPass,28,59,69,75,58,0.821,TRUE
R0116,65+,žena,Jihozápad,Price Planners,FlexPass,26,82,80,75,66,0.876,TRUE
R0117,45–64,žena,Moravskoslezsko,Hybrid Commuters,FlexPass,31,67,63,85,62,0.984,TRUE
R0118,30–44,žena,Střední Morava,Daily Commuters,Commuter Pass,58,77,88,52,69,1.145,TRUE
R0119,18–29,žena,Střední Morava,Price Planners,FlexPass,54,83,88,82,77,0.787,TRUE
R0120,18–29,muž,Jihovýchod,Hybrid Commuters,FlexPass,53,69,49,62,58,0.954,TRUE
R0121,45–64,žena,Střední Morava,Comfort Members,Membership Plus,60,90,77,63,72,1.161,TRUE
R0122,65+,žena,Střední Morava,Daily Commuters,Commuter Pass,60,77,54,65,64,0.753,TRUE
R0123,45–64,žena,Střední Čechy,Weekend Explorers,FlexPass,39,71,82,80,68,1.003,TRUE
R0124,30–44,muž,Jihovýchod,Hybrid Commuters,FlexPass,53,63,64,73,63,0.848,TRUE
R0125,65+,žena,Jihozápad,Hybrid Commuters,FlexPass,46,61,76,71,64,0.892,TRUE
R0126,30–44,žena,Severozápad,Daily Commuters,Commuter Pass,57,71,45,54,57,0.847,TRUE
R0127,30–44,žena,Severozápad,Hybrid Commuters,FlexPass,60,78,72,45,64,1.22,TRUE
R0128,45–64,žena,Střední Čechy,Comfort Members,Membership Plus,62,74,72,56,66,0.984,TRUE
R0129,18–29,muž,Praha,Weekend Explorers,FlexPass,54,90,67,63,68,1.224,TRUE
R0130,45–64,muž,Moravskoslezsko,Price Planners,FlexPass,54,64,60,77,64,1.007,TRUE
R0131,18–29,žena,Moravskoslezsko,Daily Commuters,Commuter Pass,59,87,56,43,61,1.134,TRUE
R0132,65+,muž,Praha,Weekend Explorers,FlexPass,31,70,54,48,51,1.196,TRUE
R0133,65+,muž,Střední Čechy,Hybrid Commuters,FlexPass,38,50,62,51,50,0.992,TRUE
R0134,65+,muž,Střední Čechy,Hybrid Commuters,FlexPass,40,63,48,54,51,0.799,TRUE
R0135,45–64,muž,Střední Čechy,Hybrid Commuters,FlexPass,58,57,84,83,70,0.955,TRUE
R0136,30–44,žena,Moravskoslezsko,Daily Commuters,Commuter Pass,39,68,56,69,58,0.84,TRUE
R0137,45–64,žena,Střední Morava,Daily Commuters,Commuter Pass,53,53,58,75,60,0.801,TRUE
R0138,18–29,žena,Moravskoslezsko,Daily Commuters,Commuter Pass,35,45,87,88,64,1.153,TRUE
R0139,65+,muž,Severozápad,Hybrid Commuters,FlexPass,26,50,88,56,55,1.147,TRUE
R0140,18–29,muž,Moravskoslezsko,Daily Commuters,Commuter Pass,50,80,65,89,71,0.755,TRUE
R0141,18–29,žena,Jihovýchod,Daily Commuters,Commuter Pass,61,65,65,48,60,0.973,TRUE
R0142,65+,muž,Praha,Price Planners,FlexPass,55,86,65,68,68,0.837,TRUE
R0143,45–64,žena,Jihovýchod,Comfort Members,Membership Plus,35,86,81,61,66,1.203,TRUE
R0144,18–29,žena,Střední Čechy,Comfort Members,Membership Plus,53,81,80,47,65,1.141,TRUE
R0145,45–64,muž,Severozápad,Weekend Explorers,FlexPass,30,82,62,64,60,0.792,TRUE
R0146,45–64,muž,Jihovýchod,Weekend Explorers,FlexPass,59,85,81,67,73,1.235,TRUE
R0147,18–29,žena,Jihozápad,Daily Commuters,Commuter Pass,30,74,62,63,57,0.784,TRUE
R0148,30–44,muž,Severovýchod,Daily Commuters,Commuter Pass,42,46,58,76,56,1.096,TRUE
R0149,18–29,muž,Severovýchod,Price Planners,FlexPass,62,85,59,85,73,0.82,TRUE
R0150,65+,žena,Jihozápad,Hybrid Commuters,FlexPass,33,85,56,86,65,0.807,TRUE
R0151,18–29,žena,Moravskoslezsko,Price Planners,FlexPass,62,75,89,52,70,0.986,TRUE
R0152,18–29,muž,Severozápad,Daily Commuters,Commuter Pass,54,76,54,73,64,1.239,TRUE
R0153,45–64,muž,Praha,Comfort Members,Membership Plus,39,62,72,48,55,0.926,TRUE
R0154,45–64,muž,Praha,Hybrid Commuters,FlexPass,41,75,70,63,62,1.172,TRUE
R0155,65+,muž,Střední Čechy,Hybrid Commuters,FlexPass,37,73,85,48,61,0.853,TRUE
R0156,18–29,žena,Moravskoslezsko,Price Planners,FlexPass,44,59,76,86,66,0.791,TRUE
R0157,45–64,žena,Severovýchod,Price Planners,FlexPass,37,51,46,81,54,1.007,TRUE
R0158,65+,žena,Severovýchod,Hybrid Commuters,FlexPass,48,54,67,46,54,1.01,TRUE
R0159,30–44,muž,Severovýchod,Hybrid Commuters,FlexPass,52,45,70,58,56,0.893,TRUE
R0160,65+,muž,Praha,Hybrid Commuters,FlexPass,43,68,49,79,60,1.038,TRUE
R0161,65+,žena,Severozápad,Daily Commuters,Commuter Pass,56,49,46,90,60,1.219,TRUE
R0162,65+,muž,Moravskoslezsko,Daily Commuters,Commuter Pass,35,88,86,48,64,1.189,TRUE
R0163,65+,žena,Střední Morava,Daily Commuters,Commuter Pass,46,66,49,47,52,1.172,TRUE
R0164,30–44,muž,Praha,Comfort Members,Membership Plus,35,74,63,46,54,1.227,TRUE
R0165,65+,žena,Střední Čechy,Price Planners,FlexPass,33,45,58,38,44,1.043,TRUE
R0166,30–44,muž,Jihovýchod,Hybrid Commuters,FlexPass,29,59,64,62,54,0.952,TRUE
R0167,65+,muž,Moravskoslezsko,Weekend Explorers,FlexPass,55,45,59,88,62,0.965,TRUE
R0168,18–29,muž,Moravskoslezsko,Comfort Members,Membership Plus,36,87,83,54,65,1.189,TRUE
R0169,65+,muž,Praha,Weekend Explorers,FlexPass,40,52,74,38,51,1.029,TRUE
R0170,45–64,muž,Severovýchod,Weekend Explorers,FlexPass,54,88,89,62,73,0.911,TRUE
R0171,18–29,žena,Střední Čechy,Weekend Explorers,FlexPass,35,77,83,75,68,1.026,TRUE
R0172,65+,žena,Moravskoslezsko,Hybrid Commuters,FlexPass,41,46,84,83,64,1.004,TRUE
R0173,30–44,muž,Severozápad,Weekend Explorers,FlexPass,43,69,89,69,68,0.809,TRUE
R0174,65+,žena,Jihozápad,Weekend Explorers,FlexPass,38,89,73,45,61,0.865,TRUE
R0175,30–44,muž,Jihovýchod,Daily Commuters,Commuter Pass,40,51,66,65,56,1.067,TRUE
R0176,30–44,žena,Jihozápad,Hybrid Commuters,FlexPass,52,46,51,71,55,0.99,TRUE
R0177,65+,žena,Severozápad,Daily Commuters,Commuter Pass,57,52,81,47,59,1.099,TRUE
R0178,30–44,muž,Severovýchod,Daily Commuters,Commuter Pass,43,63,89,75,68,0.773,TRUE
R0179,30–44,žena,Střední Morava,Daily Commuters,Commuter Pass,60,67,71,87,71,0.855,TRUE
R0180,65+,muž,Jihovýchod,Daily Commuters,Commuter Pass,38,62,86,70,64,0.887,TRUE
R0181,65+,žena,Střední Morava,Hybrid Commuters,FlexPass,51,69,64,72,64,0.923,TRUE
R0182,30–44,žena,Severozápad,Comfort Members,Membership Plus,38,65,79,58,60,1.033,TRUE
R0183,65+,žena,Jihovýchod,Daily Commuters,Commuter Pass,51,80,89,51,68,1.209,TRUE
R0184,18–29,muž,Severozápad,Weekend Explorers,FlexPass,32,71,60,63,56,0.803,TRUE
R0185,18–29,žena,Střední Čechy,Price Planners,FlexPass,43,72,88,70,68,0.817,TRUE
R0186,65+,muž,Jihozápad,Hybrid Commuters,FlexPass,56,48,66,72,60,1.024,TRUE
R0187,18–29,žena,Severozápad,Price Planners,FlexPass,30,82,51,59,56,1.046,TRUE
R0188,30–44,žena,Praha,Comfort Members,Membership Plus,27,78,87,87,70,1.112,TRUE
R0189,18–29,žena,Střední Čechy,Hybrid Commuters,FlexPass,39,55,66,38,50,0.944,TRUE
R0190,45–64,žena,Severovýchod,Price Planners,FlexPass,38,84,52,73,62,1.099,TRUE
R0191,45–64,muž,Moravskoslezsko,Hybrid Commuters,FlexPass,49,71,76,39,59,1.228,TRUE
R0192,65+,žena,Jihovýchod,Daily Commuters,Commuter Pass,44,48,50,40,46,1.053,TRUE
R0193,65+,muž,Jihozápad,Price Planners,FlexPass,60,70,85,88,76,1.003,TRUE
R0194,30–44,muž,Severozápad,Daily Commuters,Commuter Pass,42,71,86,53,63,1.104,TRUE
R0195,65+,žena,Střední Čechy,Daily Commuters,Commuter Pass,28,47,53,69,49,0.961,TRUE
R0196,30–44,žena,Střední Čechy,Daily Commuters,Commuter Pass,56,82,47,78,66,1.057,TRUE
R0197,65+,žena,Střední Morava,Daily Commuters,Commuter Pass,26,52,47,85,52,1.218,TRUE
R0198,30–44,žena,Severozápad,Weekend Explorers,FlexPass,57,77,58,67,65,0.855,TRUE
R0199,30–44,žena,Severozápad,Daily Commuters,Commuter Pass,33,75,58,59,56,1.092,TRUE
R0200,18–29,žena,Jihozápad,Hybrid Commuters,FlexPass,45,64,73,76,64,1.208,TRUE
R0201,65+,muž,Severovýchod,Price Planners,FlexPass,28,64,45,54,48,0.841,TRUE
R0202,45–64,žena,Severovýchod,Daily Commuters,Commuter Pass,46,74,51,56,57,0.914,TRUE
R0203,45–64,žena,Střední Čechy,Daily Commuters,Commuter Pass,49,87,50,80,66,0.968,TRUE
R0204,65+,muž,Severovýchod,Daily Commuters,Commuter Pass,43,61,62,69,59,1.18,TRUE
R0205,45–64,muž,Jihovýchod,Weekend Explorers,FlexPass,62,66,60,47,59,1.106,TRUE
R0206,18–29,muž,Praha,Daily Commuters,Commuter Pass,37,77,74,56,61,0.954,TRUE
R0207,18–29,žena,Severozápad,Price Planners,FlexPass,30,55,62,44,48,1.216,TRUE
R0208,65+,muž,Severovýchod,Price Planners,FlexPass,47,61,52,35,49,0.79,TRUE
R0209,65+,žena,Jihovýchod,Price Planners,FlexPass,44,64,61,53,56,0.928,TRUE
R0210,45–64,žena,Střední Morava,Hybrid Commuters,FlexPass,48,65,73,45,58,1.136,TRUE
R0211,30–44,žena,Střední Čechy,Daily Commuters,Commuter Pass,29,67,75,86,64,1.233,TRUE
R0212,65+,muž,Jihovýchod,Daily Commuters,Commuter Pass,45,80,68,78,68,0.845,TRUE
R0213,18–29,žena,Jihozápad,Price Planners,FlexPass,37,68,82,54,60,1.222,TRUE
R0214,18–29,muž,Střední Morava,Weekend Explorers,FlexPass,60,68,53,41,56,1.234,TRUE
R0215,30–44,muž,Praha,Daily Commuters,Commuter Pass,44,87,77,73,70,1.191,TRUE
R0216,18–29,žena,Severozápad,Daily Commuters,Commuter Pass,54,78,71,56,65,0.854,TRUE
R0217,65+,žena,Severovýchod,Weekend Explorers,FlexPass,48,68,88,60,66,1.073,TRUE
R0218,65+,muž,Jihovýchod,Comfort Members,Membership Plus,42,66,59,68,59,0.98,TRUE
R0219,18–29,muž,Moravskoslezsko,Comfort Members,Membership Plus,34,46,68,62,52,0.901,TRUE
R0220,30–44,žena,Moravskoslezsko,Weekend Explorers,FlexPass,45,85,55,60,61,0.777,TRUE
R0221,45–64,žena,Praha,Hybrid Commuters,FlexPass,29,81,85,66,65,1.113,TRUE
R0222,45–64,muž,Praha,Price Planners,FlexPass,59,84,83,46,68,0.954,TRUE
R0223,18–29,žena,Praha,Hybrid Commuters,FlexPass,40,55,55,88,60,0.843,TRUE
R0224,18–29,muž,Střední Morava,Price Planners,FlexPass,60,69,70,44,61,1.11,TRUE
R0225,45–64,žena,Praha,Daily Commuters,Commuter Pass,36,70,54,89,62,1.24,TRUE
R0226,30–44,žena,Střední Čechy,Weekend Explorers,FlexPass,53,69,55,76,63,1.017,TRUE
R0227,30–44,muž,Střední Morava,Weekend Explorers,FlexPass,28,55,66,69,54,1.164,TRUE
R0228,45–64,muž,Severovýchod,Daily Commuters,Commuter Pass,61,47,77,35,55,0.766,TRUE
R0229,30–44,žena,Střední Morava,Price Planners,FlexPass,47,79,72,73,68,0.972,TRUE
R0230,18–29,muž,Moravskoslezsko,Price Planners,FlexPass,57,70,62,44,58,0.788,TRUE
R0231,30–44,žena,Severovýchod,Daily Commuters,Commuter Pass,38,66,60,85,62,1.161,TRUE
R0232,45–64,muž,Moravskoslezsko,Weekend Explorers,FlexPass,62,55,51,49,54,1.079,TRUE
R0233,65+,muž,Střední Čechy,Hybrid Commuters,FlexPass,40,69,68,74,63,0.893,TRUE
R0234,45–64,žena,Střední Čechy,Price Planners,FlexPass,51,84,66,53,64,1.149,TRUE
R0235,65+,žena,Severovýchod,Daily Commuters,Commuter Pass,59,50,51,90,62,1.095,TRUE
R0236,18–29,muž,Praha,Weekend Explorers,FlexPass,45,70,82,74,68,0.942,TRUE
R0237,65+,žena,Jihovýchod,Price Planners,FlexPass,29,74,88,63,64,1.112,TRUE
R0238,65+,muž,Severovýchod,Weekend Explorers,FlexPass,40,84,73,44,60,0.869,TRUE
R0239,65+,žena,Jihovýchod,Comfort Members,Membership Plus,43,52,66,84,61,1.18,TRUE
R0240,65+,žena,Střední Čechy,Hybrid Commuters,FlexPass,56,75,82,44,64,0.888,TRUE
R0241,65+,žena,Jihozápad,Hybrid Commuters,FlexPass,58,45,69,60,58,0.75,TRUE
R0242,18–29,žena,Moravskoslezsko,Weekend Explorers,FlexPass,32,59,76,48,54,1.126,TRUE
R0243,45–64,žena,Střední Morava,Weekend Explorers,FlexPass,34,76,49,68,57,1.228,TRUE
R0244,45–64,žena,Střední Morava,Daily Commuters,Commuter Pass,37,57,87,75,64,1.215,TRUE
R0245,65+,žena,Praha,Comfort Members,Membership Plus,46,72,80,83,70,0.896,TRUE
R0246,65+,muž,Moravskoslezsko,Hybrid Commuters,FlexPass,48,66,45,87,62,1.225,TRUE
R0247,45–64,muž,Jihovýchod,Price Planners,FlexPass,26,60,79,50,54,1.132,TRUE
R0248,65+,žena,Jihozápad,Hybrid Commuters,FlexPass,31,77,83,86,69,1.025,TRUE
R0249,45–64,žena,Severovýchod,Hybrid Commuters,FlexPass,57,79,73,46,64,1.014,TRUE
R0250,30–44,muž,Jihozápad,Hybrid Commuters,FlexPass,43,85,79,52,65,1.112,TRUE
R0251,65+,žena,Střední Morava,Comfort Members,Membership Plus,38,67,55,70,58,0.782,TRUE
R0252,30–44,muž,Jihozápad,Daily Commuters,Commuter Pass,44,50,57,80,58,0.973,TRUE
R0253,18–29,žena,Jihozápad,Weekend Explorers,FlexPass,43,75,84,79,70,0.817,TRUE
R0254,18–29,žena,Praha,Daily Commuters,Commuter Pass,53,76,66,50,61,1.075,TRUE
R0255,18–29,muž,Severozápad,Daily Commuters,Commuter Pass,60,75,87,50,68,0.952,TRUE
R0256,18–29,muž,Moravskoslezsko,Price Planners,FlexPass,40,61,57,88,62,1.061,TRUE
R0257,18–29,muž,Severovýchod,Comfort Members,Membership Plus,56,71,62,70,65,0.755,TRUE
R0258,65+,žena,Praha,Weekend Explorers,FlexPass,39,64,52,83,60,1.151,TRUE
R0259,18–29,muž,Střední Morava,Comfort Members,Membership Plus,46,67,86,72,68,0.753,TRUE
R0260,65+,žena,Střední Čechy,Weekend Explorers,FlexPass,41,51,87,70,62,0.895,TRUE
R0261,30–44,muž,Moravskoslezsko,Price Planners,FlexPass,59,53,75,65,63,1.139,TRUE
R0262,30–44,žena,Severozápad,Price Planners,FlexPass,45,83,59,60,62,0.852,TRUE
R0263,45–64,žena,Praha,Daily Commuters,Commuter Pass,35,45,58,36,44,1.065,TRUE
R0264,65+,muž,Severovýchod,Daily Commuters,Commuter Pass,32,50,84,72,60,0.814,TRUE
R0265,65+,žena,Střední Čechy,Daily Commuters,Commuter Pass,40,55,48,62,51,0.865,TRUE
R0266,18–29,žena,Severozápad,Daily Commuters,Commuter Pass,41,69,65,35,52,0.838,TRUE
R0267,30–44,žena,Moravskoslezsko,Comfort Members,Membership Plus,62,67,63,86,70,1.21,TRUE
R0268,65+,žena,Praha,Daily Commuters,Commuter Pass,58,56,48,83,61,0.838,TRUE
R0269,65+,muž,Moravskoslezsko,Daily Commuters,Commuter Pass,42,68,67,43,55,1.136,TRUE
R0270,30–44,žena,Severozápad,Hybrid Commuters,FlexPass,45,45,68,65,56,0.973,TRUE
R0271,45–64,žena,Střední Čechy,Daily Commuters,Commuter Pass,34,45,79,75,58,0.757,TRUE
R0272,18–29,muž,Jihovýchod,Hybrid Commuters,FlexPass,35,75,57,68,59,0.998,TRUE
R0273,30–44,žena,Severozápad,Hybrid Commuters,FlexPass,50,88,49,46,58,0.831,TRUE
R0274,30–44,muž,Moravskoslezsko,Price Planners,FlexPass,43,70,46,69,57,1.111,TRUE
R0275,65+,muž,Jihovýchod,Price Planners,FlexPass,47,70,56,73,62,1.067,TRUE
R0276,30–44,žena,Severovýchod,Price Planners,FlexPass,26,53,90,41,52,1.2,TRUE
R0277,65+,muž,Praha,Weekend Explorers,FlexPass,31,50,68,76,56,1.192,TRUE
R0278,30–44,žena,Severozápad,Hybrid Commuters,FlexPass,26,82,90,59,64,1.191,TRUE
R0279,18–29,muž,Severozápad,Daily Commuters,Commuter Pass,42,47,89,43,55,1.191,TRUE
R0280,30–44,žena,Jihovýchod,Hybrid Commuters,FlexPass,59,81,61,43,61,1.234,TRUE
R0281,18–29,muž,Střední Čechy,Comfort Members,Membership Plus,39,87,60,55,60,0.821,TRUE
R0282,45–64,žena,Severozápad,Price Planners,FlexPass,49,52,51,36,47,0.985,TRUE
R0283,30–44,muž,Severovýchod,Hybrid Commuters,FlexPass,58,46,60,35,50,1.197,TRUE
R0284,30–44,muž,Severovýchod,Daily Commuters,Commuter Pass,34,46,65,35,45,0.826,TRUE
R0285,45–64,žena,Severozápad,Hybrid Commuters,FlexPass,58,58,87,52,64,1.156,TRUE
R0286,18–29,žena,Moravskoslezsko,Comfort Members,Membership Plus,49,82,75,87,73,0.883,TRUE
R0287,65+,žena,Jihozápad,Daily Commuters,Commuter Pass,60,82,54,89,71,0.976,TRUE
R0288,30–44,muž,Střední Čechy,Daily Commuters,Commuter Pass,30,45,61,77,53,0.761,TRUE
R0289,30–44,žena,Moravskoslezsko,Price Planners,FlexPass,45,60,79,56,60,1.142,TRUE
R0290,65+,muž,Moravskoslezsko,Comfort Members,Membership Plus,57,72,49,57,59,1.039,TRUE
R0291,30–44,žena,Praha,Comfort Members,Membership Plus,35,70,64,49,54,1.183,TRUE
R0292,65+,muž,Jihozápad,Hybrid Commuters,FlexPass,48,63,67,52,58,0.863,TRUE
R0293,65+,muž,Severozápad,Hybrid Commuters,FlexPass,41,50,46,58,49,0.98,TRUE
R0294,18–29,muž,Praha,Comfort Members,Membership Plus,50,47,52,83,58,0.994,TRUE
R0295,30–44,žena,Severozápad,Price Planners,FlexPass,53,71,68,73,66,0.916,TRUE
R0296,18–29,muž,Severovýchod,Weekend Explorers,FlexPass,32,68,60,66,56,0.782,TRUE
R0297,30–44,muž,Severozápad,Weekend Explorers,FlexPass,58,89,59,40,62,1.101,TRUE
R0298,18–29,muž,Střední Morava,Weekend Explorers,FlexPass,30,89,64,82,66,1.079,TRUE
R0299,30–44,muž,Praha,Daily Commuters,Commuter Pass,52,45,75,56,57,1.229,TRUE
R0300,30–44,žena,Střední Čechy,Comfort Members,Membership Plus,50,55,70,51,56,1.13,TRUE
R0301,30–44,žena,Moravskoslezsko,Daily Commuters,Commuter Pass,26,53,59,37,44,1.061,TRUE
R0302,30–44,žena,Severovýchod,Comfort Members,Membership Plus,33,69,60,59,55,1.235,TRUE
R0303,30–44,žena,Jihozápad,Hybrid Commuters,FlexPass,48,81,72,42,61,0.984,TRUE
R0304,18–29,muž,Jihozápad,Hybrid Commuters,FlexPass,55,90,89,57,73,1.114,TRUE
R0305,30–44,muž,Jihovýchod,Comfort Members,Membership Plus,31,59,66,41,49,0.789,TRUE
R0306,18–29,žena,Moravskoslezsko,Hybrid Commuters,FlexPass,40,51,58,58,52,0.9,TRUE
R0307,30–44,muž,Střední Čechy,Hybrid Commuters,FlexPass,45,62,68,38,53,1.175,TRUE
R0308,45–64,žena,Moravskoslezsko,Hybrid Commuters,FlexPass,58,55,73,35,55,1.105,TRUE
R0309,18–29,muž,Střední Čechy,Hybrid Commuters,FlexPass,44,79,62,79,66,0.772,TRUE
R0310,18–29,žena,Střední Morava,Daily Commuters,Commuter Pass,35,80,64,65,61,1.053,TRUE
R0311,65+,muž,Střední Čechy,Price Planners,FlexPass,33,51,87,37,52,0.858,TRUE
R0312,18–29,žena,Severovýchod,Daily Commuters,Commuter Pass,58,51,55,85,62,0.788,TRUE
R0313,45–64,žena,Střední Morava,Price Planners,FlexPass,51,60,45,54,52,0.891,TRUE
R0314,65+,muž,Severozápad,Comfort Members,Membership Plus,62,66,73,46,62,1.133,TRUE
R0315,45–64,muž,Severozápad,Price Planners,FlexPass,56,45,81,43,56,0.893,TRUE
R0316,45–64,žena,Jihozápad,Price Planners,FlexPass,31,57,85,42,54,1.094,TRUE
R0317,45–64,žena,Střední Morava,Hybrid Commuters,FlexPass,44,86,87,46,66,0.789,TRUE
R0318,18–29,žena,Jihovýchod,Price Planners,FlexPass,28,64,50,51,48,1.225,TRUE
R0319,45–64,žena,Jihovýchod,Daily Commuters,Commuter Pass,62,65,82,85,74,1.064,TRUE
R0320,65+,muž,Moravskoslezsko,Daily Commuters,Commuter Pass,55,82,70,44,63,1.185,TRUE
R0321,65+,muž,Jihovýchod,Comfort Members,Membership Plus,58,86,80,41,66,1.21,TRUE
R0322,45–64,žena,Jihozápad,Daily Commuters,Commuter Pass,42,79,82,80,71,0.925,TRUE
R0323,65+,žena,Jihozápad,Hybrid Commuters,FlexPass,46,50,72,53,55,1.237,TRUE
R0324,30–44,žena,Jihovýchod,Daily Commuters,Commuter Pass,50,67,77,60,64,1.033,TRUE
R0325,45–64,muž,Střední Morava,Weekend Explorers,FlexPass,42,89,88,51,68,1.059,TRUE
R0326,65+,žena,Střední Čechy,Comfort Members,Membership Plus,33,72,66,45,54,1.201,TRUE
R0327,18–29,muž,Severozápad,Daily Commuters,Commuter Pass,43,76,84,59,66,1.002,TRUE
R0328,65+,muž,Moravskoslezsko,Daily Commuters,Commuter Pass,53,54,62,84,63,0.765,TRUE
R0329,18–29,muž,Moravskoslezsko,Weekend Explorers,FlexPass,60,82,58,54,64,0.92,TRUE
R0330,65+,žena,Jihozápad,Weekend Explorers,FlexPass,40,88,59,39,56,0.768,TRUE
R0331,30–44,muž,Severozápad,Price Planners,FlexPass,47,49,68,66,58,0.844,TRUE
R0332,18–29,muž,Střední Morava,Hybrid Commuters,FlexPass,49,60,58,72,60,0.787,TRUE
R0333,30–44,žena,Jihozápad,Hybrid Commuters,FlexPass,62,79,78,53,68,0.914,TRUE
R0334,30–44,muž,Severozápad,Daily Commuters,Commuter Pass,34,65,53,51,51,0.903,TRUE
R0335,18–29,žena,Severovýchod,Daily Commuters,Commuter Pass,49,82,65,48,61,1.04,TRUE
R0336,45–64,žena,Praha,Hybrid Commuters,FlexPass,29,51,64,51,49,0.86,TRUE
R0337,65+,žena,Severozápad,Weekend Explorers,FlexPass,56,72,45,52,56,0.844,TRUE
R0338,65+,muž,Jihovýchod,Hybrid Commuters,FlexPass,54,66,62,62,61,0.759,TRUE
R0339,18–29,žena,Jihozápad,Hybrid Commuters,FlexPass,58,59,88,88,73,1.12,TRUE
R0340,30–44,žena,Severovýchod,Comfort Members,Membership Plus,35,47,49,81,53,0.895,TRUE
R0341,18–29,žena,Jihovýchod,Weekend Explorers,FlexPass,45,74,59,89,67,1.006,TRUE
R0342,45–64,muž,Severovýchod,Hybrid Commuters,FlexPass,53,57,63,59,58,1.08,TRUE
R0343,18–29,muž,Praha,Daily Commuters,Commuter Pass,36,52,63,40,48,0.878,TRUE
R0344,18–29,muž,Střední Morava,Hybrid Commuters,FlexPass,33,89,67,75,66,1.213,TRUE
R0345,30–44,muž,Střední Čechy,Hybrid Commuters,FlexPass,36,79,68,36,55,1.053,TRUE
R0346,18–29,žena,Střední Čechy,Daily Commuters,Commuter Pass,57,78,51,80,66,1.117,TRUE
R0347,65+,žena,Jihovýchod,Comfort Members,Membership Plus,50,47,65,76,60,1.201,TRUE
R0348,18–29,muž,Jihozápad,Daily Commuters,Commuter Pass,62,59,62,71,64,1.236,TRUE
R0349,18–29,žena,Jihovýchod,Comfort Members,Membership Plus,43,62,60,44,52,1.071,TRUE
R0350,18–29,žena,Praha,Hybrid Commuters,FlexPass,50,76,47,81,64,1.236,TRUE
R0351,18–29,žena,Jihovýchod,Weekend Explorers,FlexPass,32,85,63,61,60,0.772,TRUE
R0352,30–44,žena,Moravskoslezsko,Daily Commuters,Commuter Pass,43,55,70,46,54,0.834,TRUE
R0353,65+,muž,Praha,Daily Commuters,Commuter Pass,26,72,77,80,64,0.942,TRUE
R0354,65+,muž,Jihozápad,Weekend Explorers,FlexPass,35,46,87,73,60,0.998,TRUE
R0355,30–44,žena,Moravskoslezsko,Weekend Explorers,FlexPass,58,62,83,41,61,0.995,TRUE
R0356,45–64,žena,Jihozápad,Weekend Explorers,FlexPass,54,59,58,41,53,1.048,TRUE
R0357,45–64,žena,Jihovýchod,Price Planners,FlexPass,42,85,89,77,73,0.887,TRUE
R0358,65+,žena,Severozápad,Price Planners,FlexPass,40,84,84,40,62,0.883,TRUE
R0359,65+,žena,Střední Čechy,Weekend Explorers,FlexPass,55,49,65,88,64,0.855,TRUE
R0360,18–29,žena,Severovýchod,Weekend Explorers,FlexPass,49,69,65,74,64,1.129,TRUE
R0361,45–64,žena,Střední Čechy,Hybrid Commuters,FlexPass,53,51,78,65,62,1.015,TRUE
R0362,45–64,muž,Praha,Comfort Members,Membership Plus,58,66,75,64,66,0.79,TRUE
R0363,30–44,muž,Severovýchod,Price Planners,FlexPass,53,69,82,56,65,0.891,TRUE
R0364,30–44,žena,Severozápad,Daily Commuters,Commuter Pass,48,48,57,90,61,0.761,TRUE
R0365,18–29,muž,Střední Morava,Price Planners,FlexPass,47,65,76,82,68,1.068,TRUE
R0366,18–29,žena,Jihovýchod,Daily Commuters,Commuter Pass,36,66,60,73,59,0.827,TRUE
R0367,18–29,žena,Střední Morava,Price Planners,FlexPass,49,89,66,76,70,1.199,TRUE
R0368,65+,muž,Jihovýchod,Weekend Explorers,FlexPass,57,87,51,35,58,0.833,TRUE
R0369,65+,žena,Moravskoslezsko,Hybrid Commuters,FlexPass,45,51,66,53,54,1.075,TRUE
R0370,65+,žena,Jihozápad,Hybrid Commuters,FlexPass,35,61,73,80,62,0.818,TRUE
R0371,45–64,žena,Praha,Hybrid Commuters,FlexPass,33,51,90,46,55,1.135,TRUE
R0372,45–64,žena,Jihovýchod,Comfort Members,Membership Plus,26,60,77,36,50,1.18,TRUE
R0373,45–64,muž,Severovýchod,Daily Commuters,Commuter Pass,38,74,47,61,55,1.027,TRUE
R0374,18–29,žena,Praha,Comfort Members,Membership Plus,60,76,55,56,62,1.02,TRUE
R0375,18–29,muž,Střední Čechy,Daily Commuters,Commuter Pass,51,51,49,35,46,0.931,TRUE
R0376,45–64,muž,Jihovýchod,Hybrid Commuters,FlexPass,42,61,69,83,64,0.8,TRUE
R0377,45–64,žena,Severovýchod,Comfort Members,Membership Plus,51,55,64,90,65,0.894,TRUE
R0378,65+,žena,Severozápad,Weekend Explorers,FlexPass,31,72,49,71,56,0.844,TRUE
R0379,65+,žena,Moravskoslezsko,Hybrid Commuters,FlexPass,44,45,69,35,48,1.11,TRUE
R0380,30–44,muž,Jihovýchod,Price Planners,FlexPass,37,84,78,58,64,1.162,TRUE
R0381,18–29,muž,Střední Čechy,Comfort Members,Membership Plus,61,89,90,57,74,0.758,TRUE
R0382,65+,muž,Jihozápad,Daily Commuters,Commuter Pass,38,46,65,73,56,1.163,TRUE
R0383,18–29,žena,Střední Čechy,Weekend Explorers,FlexPass,56,80,70,86,73,1.071,TRUE
R0384,45–64,žena,Jihozápad,Hybrid Commuters,FlexPass,49,55,68,38,52,1.153,TRUE
R0385,18–29,muž,Praha,Weekend Explorers,FlexPass,48,59,47,79,58,0.872,TRUE
R0386,18–29,žena,Moravskoslezsko,Weekend Explorers,FlexPass,57,61,45,55,54,0.916,TRUE
R0387,30–44,muž,Střední Čechy,Price Planners,FlexPass,57,57,63,72,62,1.037,TRUE
R0388,18–29,muž,Jihovýchod,Daily Commuters,Commuter Pass,46,65,57,72,60,0.888,TRUE
R0389,45–64,muž,Střední Čechy,Hybrid Commuters,FlexPass,57,50,88,62,64,0.961,TRUE
R0390,45–64,žena,Střední Čechy,Comfort Members,Membership Plus,30,45,65,70,52,0.995,TRUE
R0391,18–29,žena,Severovýchod,Daily Commuters,Commuter Pass,32,50,80,56,54,1.205,TRUE
R0392,65+,žena,Střední Morava,Hybrid Commuters,FlexPass,60,49,54,66,57,1.143,TRUE
R0393,65+,žena,Střední Čechy,Weekend Explorers,FlexPass,26,87,57,82,63,0.773,TRUE
R0394,18–29,žena,Jihovýchod,Daily Commuters,Commuter Pass,44,58,61,50,53,0.969,TRUE
R0395,65+,muž,Jihovýchod,Price Planners,FlexPass,28,63,47,44,46,0.987,TRUE
R0396,45–64,muž,Jihozápad,Price Planners,FlexPass,56,46,83,46,58,0.972,TRUE
R0397,65+,žena,Severozápad,Weekend Explorers,FlexPass,60,56,61,72,62,1.072,TRUE
R0398,30–44,žena,Severovýchod,Daily Commuters,Commuter Pass,26,52,73,61,53,0.966,TRUE
R0399,65+,muž,Střední Morava,Price Planners,FlexPass,40,84,61,44,57,0.944,TRUE
R0400,18–29,muž,Jihovýchod,Daily Commuters,Commuter Pass,54,69,55,44,56,1.041,TRUE
R0401,65+,muž,Praha,Comfort Members,Membership Plus,44,78,61,72,64,1.162,TRUE
R0402,45–64,muž,Severozápad,Daily Commuters,Commuter Pass,43,74,64,48,57,0.883,TRUE
R0403,30–44,muž,Jihovýchod,Price Planners,FlexPass,57,63,46,65,58,0.816,TRUE
R0404,45–64,muž,Jihozápad,Price Planners,FlexPass,28,49,61,39,44,1.013,TRUE
R0405,30–44,muž,Střední Čechy,Hybrid Commuters,FlexPass,57,78,72,52,65,0.885,TRUE
R0406,30–44,muž,Praha,Hybrid Commuters,FlexPass,35,66,58,47,52,1.205,TRUE
R0407,18–29,žena,Střední Čechy,Weekend Explorers,FlexPass,47,80,67,49,61,1.049,TRUE
R0408,30–44,žena,Střední Čechy,Hybrid Commuters,FlexPass,45,89,65,65,66,1.103,TRUE
R0409,45–64,žena,Jihozápad,Daily Commuters,Commuter Pass,33,48,64,42,47,1.14,TRUE
R0410,18–29,žena,Severovýchod,Weekend Explorers,FlexPass,59,63,81,43,62,0.994,TRUE
R0411,18–29,žena,Jihozápad,Daily Commuters,Commuter Pass,60,64,47,87,64,1.242,TRUE
R0412,45–64,muž,Jihozápad,Comfort Members,Membership Plus,33,78,80,90,70,1.216,TRUE
R0413,18–29,muž,Moravskoslezsko,Price Planners,FlexPass,50,86,46,82,66,0.841,TRUE
R0414,30–44,žena,Jihozápad,Price Planners,FlexPass,49,78,73,85,71,1.229,TRUE
R0415,30–44,muž,Praha,Price Planners,FlexPass,53,47,71,61,58,1.008,TRUE
R0416,18–29,muž,Střední Morava,Hybrid Commuters,FlexPass,28,56,74,88,62,0.865,TRUE
R0417,18–29,muž,Severovýchod,Daily Commuters,Commuter Pass,51,56,53,53,53,1.083,TRUE
R0418,18–29,žena,Jihozápad,Daily Commuters,Commuter Pass,46,86,61,61,64,0.944,TRUE
R0419,45–64,muž,Střední Čechy,Weekend Explorers,FlexPass,29,77,79,90,69,1.231,TRUE
R0420,18–29,žena,Severozápad,Daily Commuters,Commuter Pass,49,55,57,45,52,1.097,TRUE
R0421,18–29,muž,Severovýchod,Daily Commuters,Commuter Pass,61,78,68,48,64,0.947,TRUE
R0422,18–29,žena,Jihovýchod,Hybrid Commuters,FlexPass,36,86,56,61,60,1.243,TRUE
R0423,18–29,muž,Jihovýchod,Hybrid Commuters,FlexPass,34,54,58,84,58,1.174,TRUE
R0424,30–44,muž,Severovýchod,Comfort Members,Membership Plus,43,73,68,48,58,0.788,TRUE
R0425,45–64,žena,Střední Čechy,Hybrid Commuters,FlexPass,54,48,49,38,47,1.109,TRUE
R0426,65+,žena,Střední Čechy,Hybrid Commuters,FlexPass,35,79,64,47,56,0.781,TRUE
R0427,30–44,muž,Jihozápad,Daily Commuters,Commuter Pass,38,80,87,78,71,1.243,TRUE
R0428,65+,muž,Severozápad,Daily Commuters,Commuter Pass,31,59,47,88,56,1.236,TRUE
R0429,65+,žena,Střední Morava,Hybrid Commuters,FlexPass,29,90,50,36,51,0.924,TRUE
R0430,30–44,žena,Střední Čechy,Hybrid Commuters,FlexPass,33,46,52,40,43,0.997,TRUE
R0431,45–64,žena,Jihozápad,Price Planners,FlexPass,41,59,53,48,50,0.818,TRUE
R0432,45–64,muž,Praha,Price Planners,FlexPass,37,67,90,78,68,0.917,TRUE
R0433,18–29,muž,Jihovýchod,Hybrid Commuters,FlexPass,58,51,47,77,58,0.857,TRUE
R0434,65+,žena,Moravskoslezsko,Daily Commuters,Commuter Pass,28,74,69,35,52,1.044,TRUE
R0435,45–64,muž,Střední Čechy,Daily Commuters,Commuter Pass,52,84,49,42,57,0.886,TRUE
R0436,30–44,žena,Praha,Hybrid Commuters,FlexPass,59,50,65,73,62,0.867,TRUE
R0437,65+,žena,Jihozápad,Weekend Explorers,FlexPass,26,46,47,51,42,0.855,TRUE
R0438,65+,žena,Severozápad,Hybrid Commuters,FlexPass,42,69,53,43,52,1.022,TRUE
R0439,65+,muž,Severovýchod,Hybrid Commuters,FlexPass,52,53,76,71,63,0.99,TRUE
R0440,18–29,žena,Severozápad,Comfort Members,Membership Plus,31,62,76,90,65,1.09,TRUE
R0441,65+,žena,Střední Morava,Daily Commuters,Commuter Pass,45,51,84,37,54,0.813,TRUE
R0442,45–64,muž,Jihovýchod,Price Planners,FlexPass,41,83,67,36,57,0.775,TRUE
R0443,45–64,muž,Střední Morava,Daily Commuters,Commuter Pass,41,57,83,63,61,0.874,TRUE
R0444,45–64,žena,Severozápad,Hybrid Commuters,FlexPass,26,70,45,78,55,0.843,TRUE
R0445,18–29,muž,Jihovýchod,Daily Commuters,Commuter Pass,47,59,47,45,50,0.832,TRUE
R0446,18–29,žena,Střední Čechy,Weekend Explorers,FlexPass,29,72,75,62,60,1.1,TRUE
R0447,65+,muž,Severozápad,Comfort Members,Membership Plus,47,86,89,88,78,0.893,TRUE
R0448,45–64,muž,Praha,Price Planners,FlexPass,57,68,56,43,56,0.89,TRUE
R0449,30–44,žena,Praha,Price Planners,FlexPass,30,62,83,80,64,0.847,TRUE
R0450,45–64,muž,Moravskoslezsko,Price Planners,FlexPass,50,52,83,80,66,0.995,TRUE
R0451,30–44,muž,Jihozápad,Weekend Explorers,FlexPass,41,71,67,79,64,0.804,TRUE
R0452,18–29,žena,Severovýchod,Weekend Explorers,FlexPass,60,54,65,86,66,1.139,TRUE
R0453,45–64,žena,Jihozápad,Price Planners,FlexPass,37,74,88,64,66,0.852,TRUE
R0454,30–44,muž,Moravskoslezsko,Price Planners,FlexPass,60,56,74,57,62,1.04,TRUE
R0455,30–44,žena,Střední Čechy,Price Planners,FlexPass,40,58,68,80,62,0.761,TRUE
R0456,30–44,muž,Severozápad,Daily Commuters,Commuter Pass,45,75,84,81,71,0.927,TRUE
R0457,30–44,muž,Jihovýchod,Daily Commuters,Commuter Pass,32,70,84,57,61,1.229,TRUE
R0458,45–64,žena,Moravskoslezsko,Daily Commuters,Commuter Pass,40,64,88,59,63,0.761,TRUE
R0459,45–64,žena,Střední Čechy,Weekend Explorers,FlexPass,55,81,79,78,73,0.787,TRUE
R0460,18–29,muž,Severozápad,Daily Commuters,Commuter Pass,38,83,62,86,67,0.999,TRUE
R0461,30–44,muž,Moravskoslezsko,Hybrid Commuters,FlexPass,58,57,57,66,60,0.797,TRUE
R0462,45–64,žena,Severovýchod,Weekend Explorers,FlexPass,40,55,79,78,63,1.231,TRUE
R0463,18–29,muž,Střední Čechy,Daily Commuters,Commuter Pass,29,54,75,61,55,1.006,TRUE
R0464,45–64,žena,Praha,Hybrid Commuters,FlexPass,49,55,73,59,59,1.193,TRUE
R0465,45–64,žena,Jihozápad,Daily Commuters,Commuter Pass,26,50,49,65,48,1.087,TRUE
R0466,30–44,muž,Jihozápad,Daily Commuters,Commuter Pass,28,54,54,63,50,0.889,TRUE
R0467,45–64,žena,Střední Čechy,Price Planners,FlexPass,57,80,52,82,68,0.821,TRUE
R0468,30–44,žena,Severozápad,Price Planners,FlexPass,42,46,71,68,57,0.909,TRUE
R0469,18–29,muž,Severozápad,Daily Commuters,Commuter Pass,28,52,76,57,53,0.852,TRUE
R0470,18–29,žena,Střední Čechy,Hybrid Commuters,FlexPass,40,61,68,86,64,0.755,TRUE
R0471,45–64,muž,Jihozápad,Daily Commuters,Commuter Pass,54,83,66,35,60,0.834,TRUE
R0472,65+,žena,Praha,Daily Commuters,Commuter Pass,46,46,66,88,62,1.061,TRUE
R0473,65+,muž,Praha,Daily Commuters,Commuter Pass,61,73,68,87,72,0.891,TRUE
R0474,18–29,žena,Moravskoslezsko,Price Planners,FlexPass,40,87,84,40,63,0.976,TRUE
R0475,30–44,žena,Střední Morava,Hybrid Commuters,FlexPass,42,84,48,89,66,0.792,TRUE
R0476,18–29,muž,Jihovýchod,Hybrid Commuters,FlexPass,57,66,49,58,58,1.211,TRUE
R0477,45–64,žena,Střední Morava,Price Planners,FlexPass,55,58,88,65,66,0.75,TRUE
R0478,18–29,muž,Střední Morava,Daily Commuters,Commuter Pass,35,87,86,47,64,0.849,TRUE
R0479,45–64,žena,Moravskoslezsko,Daily Commuters,Commuter Pass,45,62,83,80,68,1.114,TRUE
R0480,30–44,žena,Praha,Price Planners,FlexPass,50,82,63,63,64,0.761,TRUE
R0481,65+,muž,Severovýchod,Daily Commuters,Commuter Pass,45,75,61,62,61,0.815,TRUE
R0482,45–64,žena,Střední Morava,Price Planners,FlexPass,35,60,86,49,58,1.197,TRUE
R0483,45–64,muž,Severovýchod,Hybrid Commuters,FlexPass,60,79,64,49,63,0.867,TRUE
R0484,18–29,muž,Jihovýchod,Weekend Explorers,FlexPass,50,61,81,77,67,0.952,TRUE
R0485,18–29,žena,Severozápad,Comfort Members,Membership Plus,47,53,74,74,62,0.807,TRUE
R0486,30–44,žena,Jihozápad,Daily Commuters,Commuter Pass,41,48,85,78,63,1.082,TRUE
R0487,45–64,žena,Jihozápad,Hybrid Commuters,FlexPass,38,75,62,77,63,0.902,TRUE
R0488,45–64,žena,Praha,Weekend Explorers,FlexPass,49,62,68,47,56,0.781,TRUE
R0489,30–44,muž,Praha,Hybrid Commuters,FlexPass,38,71,90,80,70,1.148,TRUE
R0490,45–64,žena,Střední Morava,Hybrid Commuters,FlexPass,32,46,79,63,55,0.83,TRUE
R0491,65+,muž,Střední Čechy,Price Planners,FlexPass,35,87,81,83,72,0.914,TRUE
R0492,30–44,muž,Jihozápad,Hybrid Commuters,FlexPass,42,64,68,80,64,0.801,TRUE
R0493,18–29,žena,Střední Čechy,Daily Commuters,Commuter Pass,46,78,82,51,64,1.194,TRUE
R0494,30–44,muž,Jihozápad,Daily Commuters,Commuter Pass,34,83,52,82,63,0.929,TRUE
R0495,45–64,muž,Moravskoslezsko,Daily Commuters,Commuter Pass,56,49,83,73,65,1.138,TRUE
R0496,45–64,muž,Střední Čechy,Weekend Explorers,FlexPass,35,84,66,63,62,1.155,TRUE
R0497,30–44,muž,Jihovýchod,Daily Commuters,Commuter Pass,52,87,47,54,60,1.041,TRUE
R0498,30–44,muž,Jihozápad,Weekend Explorers,FlexPass,43,88,51,89,68,0.988,TRUE
R0499,45–64,muž,Jihozápad,Weekend Explorers,FlexPass,54,85,47,53,60,0.789,TRUE
R0500,18–29,žena,Severozápad,Hybrid Commuters,FlexPass,37,83,47,50,54,0.939,TRUE
R0501,18–29,muž,Střední Čechy,Hybrid Commuters,FlexPass,41,46,55,77,55,1.018,TRUE
R0502,45–64,žena,Střední Morava,Comfort Members,Membership Plus,48,63,74,84,67,1.061,TRUE
R0503,30–44,muž,Praha,Hybrid Commuters,FlexPass,58,45,76,46,56,0.936,TRUE
R0504,30–44,muž,Jihovýchod,Weekend Explorers,FlexPass,33,56,49,87,56,0.773,TRUE
R0505,18–29,muž,Praha,Price Planners,FlexPass,52,67,48,80,62,1.086,TRUE
R0506,65+,muž,Jihovýchod,Price Planners,FlexPass,35,70,53,47,51,1.235,TRUE
R0507,45–64,žena,Střední Morava,Weekend Explorers,FlexPass,43,78,68,35,56,0.912,TRUE
R0508,45–64,muž,Severozápad,Weekend Explorers,FlexPass,49,74,58,38,55,1.09,TRUE
R0509,30–44,muž,Střední Morava,Hybrid Commuters,FlexPass,53,65,64,49,58,1.199,TRUE
R0510,65+,žena,Střední Morava,Daily Commuters,Commuter Pass,34,73,66,57,58,1.053,TRUE
R0511,45–64,muž,Střední Čechy,Hybrid Commuters,FlexPass,51,57,70,53,58,0.978,TRUE
R0512,65+,žena,Severovýchod,Hybrid Commuters,FlexPass,37,68,77,65,62,1.058,TRUE
R0513,30–44,žena,Severozápad,Hybrid Commuters,FlexPass,29,51,64,59,51,1.223,TRUE
R0514,65+,žena,Moravskoslezsko,Daily Commuters,Commuter Pass,44,46,75,81,62,0.833,TRUE
R0515,18–29,muž,Střední Morava,Weekend Explorers,FlexPass,53,60,69,49,58,1.026,TRUE
R0516,30–44,žena,Střední Čechy,Daily Commuters,Commuter Pass,45,48,83,85,65,0.965,TRUE
R0517,45–64,muž,Jihozápad,Daily Commuters,Commuter Pass,42,68,53,56,55,1.168,TRUE
R0518,45–64,muž,Severozápad,Weekend Explorers,FlexPass,59,48,62,90,65,1.118,TRUE
R0519,30–44,žena,Severozápad,Hybrid Commuters,FlexPass,35,89,57,46,57,0.828,TRUE
R0520,45–64,žena,Severozápad,Daily Commuters,Commuter Pass,46,77,82,50,64,0.802,TRUE
R0521,45–64,žena,Moravskoslezsko,Price Planners,FlexPass,32,73,51,84,60,0.788,TRUE
R0522,30–44,žena,Severovýchod,Daily Commuters,Commuter Pass,41,45,83,43,53,0.807,TRUE
R0523,45–64,muž,Moravskoslezsko,Hybrid Commuters,FlexPass,28,77,55,65,56,1.202,TRUE
R0524,30–44,muž,Severovýchod,Daily Commuters,Commuter Pass,57,76,58,83,68,0.751,TRUE
R0525,65+,žena,Severovýchod,Weekend Explorers,FlexPass,60,62,64,52,60,1.24,TRUE
R0526,45–64,žena,Jihovýchod,Hybrid Commuters,FlexPass,46,59,67,85,64,1.0,TRUE
R0527,65+,žena,Jihovýchod,Comfort Members,Membership Plus,61,75,73,68,69,1.243,TRUE
R0528,18–29,žena,Praha,Daily Commuters,Commuter Pass,50,48,64,85,62,0.982,TRUE
R0529,30–44,žena,Moravskoslezsko,Hybrid Commuters,FlexPass,41,49,58,51,50,0.807,TRUE
R0530,65+,muž,Jihozápad,Price Planners,FlexPass,39,70,50,52,53,0.791,TRUE
R0531,65+,muž,Severozápad,Hybrid Commuters,FlexPass,59,72,85,81,74,1.143,TRUE
R0532,65+,muž,Jihovýchod,Hybrid Commuters,FlexPass,55,90,59,39,61,0.814,TRUE
R0533,30–44,muž,Střední Čechy,Comfort Members,Membership Plus,26,88,46,56,54,0.899,TRUE
R0534,18–29,žena,Severovýchod,Daily Commuters,Commuter Pass,29,68,84,67,62,1.082,TRUE
R0535,30–44,žena,Praha,Daily Commuters,Commuter Pass,55,70,70,67,66,0.893,TRUE
R0536,30–44,žena,Severozápad,Price Planners,FlexPass,57,46,46,77,56,0.943,TRUE
R0537,30–44,muž,Jihovýchod,Comfort Members,Membership Plus,47,79,89,75,72,0.954,TRUE
R0538,65+,muž,Střední Čechy,Weekend Explorers,FlexPass,51,60,68,77,64,0.878,TRUE
R0539,45–64,žena,Střední Morava,Price Planners,FlexPass,41,54,71,54,55,1.091,TRUE
R0540,65+,muž,Střední Čechy,Weekend Explorers,FlexPass,45,52,46,74,54,1.128,TRUE
R0541,18–29,muž,Střední Čechy,Weekend Explorers,FlexPass,40,85,55,75,64,0.984,TRUE
R0542,18–29,muž,Praha,Daily Commuters,Commuter Pass,36,46,66,75,56,0.953,TRUE
R0543,45–64,muž,Moravskoslezsko,Daily Commuters,Commuter Pass,35,76,63,42,54,1.118,TRUE
R0544,30–44,muž,Jihozápad,Daily Commuters,Commuter Pass,51,73,76,49,62,1.226,TRUE
R0545,18–29,žena,Střední Čechy,Daily Commuters,Commuter Pass,47,80,64,39,58,1.212,TRUE
R0546,30–44,žena,Praha,Daily Commuters,Commuter Pass,43,76,76,68,66,1.241,TRUE
R0547,18–29,žena,Praha,Daily Commuters,Commuter Pass,62,69,85,86,76,1.009,TRUE
R0548,65+,muž,Jihovýchod,Comfort Members,Membership Plus,43,57,57,67,56,0.986,TRUE
R0549,65+,žena,Praha,Hybrid Commuters,FlexPass,29,68,68,70,59,1.056,TRUE
R0550,30–44,žena,Jihozápad,Hybrid Commuters,FlexPass,59,86,52,89,72,0.91,TRUE
R0551,45–64,žena,Jihozápad,Hybrid Commuters,FlexPass,51,54,61,89,64,1.169,TRUE
R0552,65+,žena,Střední Morava,Weekend Explorers,FlexPass,51,90,57,84,70,0.954,TRUE
R0553,45–64,žena,Střední Čechy,Hybrid Commuters,FlexPass,45,89,86,50,68,1.099,TRUE
R0554,65+,žena,Praha,Comfort Members,Membership Plus,41,62,60,85,62,1.207,TRUE
R0555,45–64,žena,Praha,Price Planners,FlexPass,57,89,79,39,66,0.846,TRUE
R0556,45–64,muž,Moravskoslezsko,Hybrid Commuters,FlexPass,36,46,55,71,52,1.015,TRUE
R0557,30–44,žena,Severozápad,Daily Commuters,Commuter Pass,53,48,87,73,65,0.813,TRUE
R0558,18–29,muž,Jihozápad,Daily Commuters,Commuter Pass,56,67,75,63,65,1.175,TRUE
R0559,18–29,žena,Moravskoslezsko,Price Planners,FlexPass,53,45,50,89,59,0.855,TRUE
R0560,45–64,muž,Střední Morava,Hybrid Commuters,FlexPass,47,67,73,65,63,1.128,TRUE
R0561,45–64,žena,Jihozápad,Daily Commuters,Commuter Pass,50,49,75,84,64,1.137,TRUE
R0562,18–29,muž,Moravskoslezsko,Daily Commuters,Commuter Pass,41,71,82,66,65,0.755,TRUE
R0563,18–29,muž,Severozápad,Price Planners,FlexPass,34,80,50,78,60,1.104,TRUE
R0564,30–44,žena,Střední Morava,Daily Commuters,Commuter Pass,59,66,89,45,65,0.822,TRUE
R0565,65+,muž,Severovýchod,Weekend Explorers,FlexPass,29,76,56,54,54,0.895,TRUE
R0566,45–64,žena,Severozápad,Weekend Explorers,FlexPass,49,74,85,44,63,0.778,TRUE
R0567,30–44,žena,Střední Morava,Price Planners,FlexPass,35,83,49,77,61,0.774,TRUE
R0568,30–44,žena,Severovýchod,Hybrid Commuters,FlexPass,60,61,77,76,68,0.97,TRUE
R0569,65+,žena,Jihovýchod,Hybrid Commuters,FlexPass,42,67,88,58,64,0.927,TRUE
R0570,45–64,žena,Moravskoslezsko,Hybrid Commuters,FlexPass,45,63,89,71,67,0.862,TRUE
R0571,18–29,muž,Severozápad,Daily Commuters,Commuter Pass,53,67,63,61,61,0.912,TRUE
R0572,65+,žena,Severozápad,Weekend Explorers,FlexPass,39,54,62,57,53,0.845,TRUE
R0573,45–64,muž,Severozápad,Price Planners,FlexPass,58,67,82,51,64,1.031,TRUE
R0574,65+,žena,Střední Morava,Daily Commuters,Commuter Pass,26,76,55,88,61,0.77,TRUE
R0575,45–64,muž,Jihozápad,Hybrid Commuters,FlexPass,37,79,85,83,71,1.071,TRUE
R0576,45–64,muž,Jihovýchod,Daily Commuters,Commuter Pass,46,76,78,76,69,1.213,TRUE
R0577,18–29,žena,Jihozápad,Hybrid Commuters,FlexPass,57,60,59,51,57,0.773,TRUE
R0578,18–29,muž,Severozápad,Weekend Explorers,FlexPass,35,73,76,39,56,1.127,TRUE
R0579,65+,muž,Praha,Comfort Members,Membership Plus,54,54,74,60,60,1.183,TRUE
R0580,45–64,žena,Moravskoslezsko,Daily Commuters,Commuter Pass,40,69,54,68,58,1.215,TRUE
R0581,18–29,žena,Jihozápad,Price Planners,FlexPass,54,78,54,82,67,1.143,TRUE
R0582,45–64,žena,Severozápad,Price Planners,FlexPass,47,54,88,74,66,1.11,TRUE
R0583,65+,žena,Praha,Price Planners,FlexPass,59,83,79,60,70,1.057,TRUE
R0584,18–29,žena,Jihovýchod,Price Planners,FlexPass,53,50,56,38,49,1.216,TRUE
R0585,30–44,žena,Jihozápad,Hybrid Commuters,FlexPass,45,51,64,63,56,0.907,TRUE
R0586,45–64,žena,Jihozápad,Weekend Explorers,FlexPass,44,52,90,66,63,0.803,TRUE
R0587,30–44,žena,Střední Čechy,Price Planners,FlexPass,46,59,73,62,60,1.039,TRUE
R0588,65+,muž,Střední Morava,Comfort Members,Membership Plus,40,68,73,50,58,1.019,TRUE
R0589,45–64,žena,Střední Čechy,Weekend Explorers,FlexPass,47,64,70,72,63,0.808,TRUE
R0590,45–64,žena,Jihovýchod,Hybrid Commuters,FlexPass,46,47,48,44,46,0.772,TRUE
R0591,30–44,muž,Moravskoslezsko,Price Planners,FlexPass,57,64,90,69,70,1.122,TRUE
R0592,65+,muž,Jihovýchod,Daily Commuters,Commuter Pass,37,75,71,81,66,1.152,TRUE
R0593,65+,muž,Severovýchod,Comfort Members,Membership Plus,58,89,59,70,69,0.853,TRUE
R0594,65+,muž,Střední Čechy,Daily Commuters,Commuter Pass,44,83,55,60,60,1.221,TRUE
R0595,30–44,žena,Jihovýchod,Weekend Explorers,FlexPass,40,85,77,36,60,0.902,TRUE
R0596,65+,žena,Severovýchod,Comfort Members,Membership Plus,52,83,81,67,71,1.074,TRUE
R0597,65+,muž,Praha,Price Planners,FlexPass,35,77,51,85,62,0.913,TRUE
R0598,65+,žena,Severovýchod,Hybrid Commuters,FlexPass,30,90,55,52,57,0.924,TRUE
R0599,30–44,muž,Moravskoslezsko,Weekend Explorers,FlexPass,50,47,83,36,54,1.065,TRUE
R0600,65+,žena,Střední Morava,Comfort Members,Membership Plus,47,82,88,40,64,1.231,TRUE
R0601,30–44,žena,Praha,Comfort Members,Membership Plus,50,61,49,80,60,1.027,TRUE
R0602,30–44,muž,Moravskoslezsko,Hybrid Commuters,FlexPass,28,67,88,75,64,0.887,TRUE
R0603,65+,muž,Střední Morava,Price Planners,FlexPass,46,49,86,83,66,0.908,TRUE
R0604,18–29,žena,Praha,Hybrid Commuters,FlexPass,50,46,87,51,58,0.856,TRUE
R0605,18–29,muž,Jihovýchod,Hybrid Commuters,FlexPass,40,62,68,40,52,0.996,TRUE
R0606,30–44,muž,Střední Čechy,Weekend Explorers,FlexPass,42,52,48,76,54,0.972,TRUE
R0607,18–29,muž,Jihovýchod,Hybrid Commuters,FlexPass,32,80,76,42,58,0.89,TRUE
R0608,30–44,žena,Jihozápad,Hybrid Commuters,FlexPass,41,86,46,82,64,1.052,TRUE
R0609,65+,muž,Střední Čechy,Daily Commuters,Commuter Pass,27,79,88,88,70,0.934,TRUE
R0610,45–64,žena,Střední Čechy,Hybrid Commuters,FlexPass,35,66,62,89,63,1.024,TRUE
R0611,18–29,žena,Severovýchod,Hybrid Commuters,FlexPass,27,48,68,37,45,0.855,TRUE
R0612,30–44,muž,Jihozápad,Price Planners,FlexPass,30,60,81,60,58,0.871,TRUE
R0613,65+,žena,Moravskoslezsko,Price Planners,FlexPass,55,66,60,56,59,1.236,TRUE
R0614,65+,žena,Severovýchod,Hybrid Commuters,FlexPass,61,71,53,52,59,0.967,TRUE
R0615,45–64,žena,Střední Čechy,Daily Commuters,Commuter Pass,39,52,81,88,65,1.148,TRUE
R0616,65+,muž,Moravskoslezsko,Hybrid Commuters,FlexPass,57,70,70,63,65,1.073,TRUE
R0617,30–44,muž,Jihozápad,Hybrid Commuters,FlexPass,53,78,84,82,74,0.884,TRUE
R0618,18–29,žena,Střední Morava,Hybrid Commuters,FlexPass,49,49,75,42,54,0.863,TRUE
R0619,30–44,muž,Střední Čechy,Daily Commuters,Commuter Pass,28,65,66,78,59,1.058,TRUE
R0620,30–44,žena,Moravskoslezsko,Price Planners,FlexPass,28,69,87,69,63,0.849,TRUE
R0621,30–44,žena,Moravskoslezsko,Price Planners,FlexPass,46,53,63,39,50,0.77,TRUE
R0622,65+,žena,Severovýchod,Weekend Explorers,FlexPass,60,53,57,80,62,1.102,TRUE
R0623,45–64,žena,Jihovýchod,Daily Commuters,Commuter Pass,44,76,69,36,56,0.978,TRUE
R0624,65+,žena,Severovýchod,Hybrid Commuters,FlexPass,35,81,66,85,67,1.238,TRUE
R0625,30–44,žena,Praha,Hybrid Commuters,FlexPass,56,86,71,35,62,1.003,TRUE
R0626,65+,muž,Jihozápad,Daily Commuters,Commuter Pass,28,80,59,67,58,0.987,TRUE
R0627,65+,muž,Jihovýchod,Price Planners,FlexPass,45,51,68,52,54,1.115,TRUE
R0628,65+,muž,Jihovýchod,Daily Commuters,Commuter Pass,45,77,90,39,63,1.089,TRUE
R0629,65+,žena,Severovýchod,Price Planners,FlexPass,27,67,87,48,57,0.785,TRUE
R0630,30–44,muž,Střední Čechy,Daily Commuters,Commuter Pass,39,53,90,79,65,1.153,TRUE
R0631,65+,muž,Jihozápad,Weekend Explorers,FlexPass,43,60,53,80,59,0.983,TRUE
R0632,65+,žena,Praha,Weekend Explorers,FlexPass,47,67,48,37,50,1.115,TRUE
R0633,30–44,žena,Praha,Hybrid Commuters,FlexPass,59,76,77,73,71,0.867,TRUE
R0634,18–29,muž,Jihozápad,Daily Commuters,Commuter Pass,51,57,56,84,62,0.829,TRUE
R0635,18–29,žena,Moravskoslezsko,Weekend Explorers,FlexPass,42,59,55,39,49,0.836,TRUE
R0636,30–44,žena,Severozápad,Hybrid Commuters,FlexPass,26,83,48,81,60,0.992,TRUE
R0637,18–29,muž,Střední Morava,Price Planners,FlexPass,58,49,73,82,66,0.935,TRUE
R0638,65+,muž,Praha,Weekend Explorers,FlexPass,27,57,59,86,57,1.216,TRUE
R0639,45–64,muž,Severovýchod,Daily Commuters,Commuter Pass,52,64,68,42,56,1.083,TRUE
R0640,45–64,muž,Moravskoslezsko,Comfort Members,Membership Plus,33,81,49,59,56,0.981,TRUE
R0641,18–29,žena,Jihovýchod,Hybrid Commuters,FlexPass,44,58,79,40,55,0.939,TRUE
R0642,30–44,žena,Střední Čechy,Price Planners,FlexPass,53,56,72,81,66,0.762,TRUE
R0643,65+,žena,Severozápad,Hybrid Commuters,FlexPass,30,88,45,62,56,0.855,TRUE
R0644,45–64,muž,Moravskoslezsko,Comfort Members,Membership Plus,40,71,53,41,51,1.071,TRUE
R0645,18–29,žena,Střední Morava,Price Planners,FlexPass,27,78,78,70,63,1.088,TRUE
R0646,45–64,žena,Severozápad,Hybrid Commuters,FlexPass,40,76,46,89,63,1.039,TRUE
R0647,65+,muž,Jihozápad,Comfort Members,Membership Plus,60,75,50,83,67,0.975,TRUE
R0648,65+,žena,Severozápad,Hybrid Commuters,FlexPass,35,50,84,61,58,0.787,TRUE
R0649,65+,žena,Severozápad,Daily Commuters,Commuter Pass,57,70,63,86,69,0.941,TRUE
R0650,18–29,žena,Moravskoslezsko,Weekend Explorers,FlexPass,55,47,67,82,63,0.879,TRUE
R0651,30–44,muž,Severozápad,Price Planners,FlexPass,37,61,71,75,61,1.172,TRUE
R0652,30–44,žena,Severozápad,Hybrid Commuters,FlexPass,32,70,67,60,57,0.975,TRUE
R0653,18–29,žena,Severozápad,Hybrid Commuters,FlexPass,54,79,73,77,71,1.127,TRUE
R0654,65+,žena,Jihozápad,Daily Commuters,Commuter Pass,50,87,49,81,67,1.092,TRUE
R0655,30–44,muž,Střední Čechy,Weekend Explorers,FlexPass,47,87,56,63,63,0.968,TRUE
R0656,65+,žena,Střední Morava,Weekend Explorers,FlexPass,54,73,56,45,57,0.932,TRUE
R0657,30–44,muž,Severozápad,Comfort Members,Membership Plus,55,87,58,89,72,1.152,TRUE
R0658,18–29,žena,Moravskoslezsko,Hybrid Commuters,FlexPass,43,71,60,36,52,1.107,TRUE
R0659,45–64,muž,Praha,Hybrid Commuters,FlexPass,43,83,47,59,58,1.197,TRUE
R0660,65+,žena,Severovýchod,Daily Commuters,Commuter Pass,61,59,69,44,58,0.809,TRUE
R0661,45–64,žena,Jihozápad,Weekend Explorers,FlexPass,33,81,89,86,72,1.218,TRUE
R0662,18–29,žena,Jihozápad,Comfort Members,Membership Plus,52,77,76,72,69,0.959,TRUE
R0663,45–64,žena,Severozápad,Price Planners,FlexPass,52,56,56,90,64,0.826,TRUE
R0664,65+,žena,Jihovýchod,Daily Commuters,Commuter Pass,51,52,80,78,65,1.02,TRUE
R0665,30–44,muž,Moravskoslezsko,Price Planners,FlexPass,48,65,64,61,60,1.19,TRUE
R0666,45–64,žena,Severovýchod,Weekend Explorers,FlexPass,45,88,81,70,71,1.017,TRUE
R0667,45–64,muž,Jihovýchod,Price Planners,FlexPass,60,89,72,80,75,1.225,TRUE
R0668,30–44,muž,Střední Morava,Price Planners,FlexPass,37,59,78,75,62,0.772,TRUE
R0669,65+,muž,Praha,Hybrid Commuters,FlexPass,35,71,65,71,60,1.239,TRUE
R0670,18–29,žena,Jihozápad,Daily Commuters,Commuter Pass,49,70,82,56,64,1.143,TRUE
R0671,45–64,muž,Střední Čechy,Comfort Members,Membership Plus,40,58,63,69,58,1.218,TRUE
R0672,45–64,muž,Jihozápad,Daily Commuters,Commuter Pass,26,63,63,45,49,1.244,TRUE
R0673,18–29,žena,Praha,Hybrid Commuters,FlexPass,52,90,66,84,73,0.814,TRUE
R0674,30–44,muž,Severozápad,Weekend Explorers,FlexPass,46,69,89,80,71,0.905,TRUE
R0675,30–44,muž,Severozápad,Daily Commuters,Commuter Pass,39,61,64,39,51,1.011,TRUE
R0676,65+,muž,Jihozápad,Comfort Members,Membership Plus,35,62,74,58,57,1.015,TRUE
R0677,18–29,žena,Jihozápad,Weekend Explorers,FlexPass,29,50,84,73,59,0.787,TRUE
R0678,30–44,žena,Praha,Weekend Explorers,FlexPass,56,46,85,39,56,1.132,TRUE
R0679,65+,žena,Severozápad,Daily Commuters,Commuter Pass,46,83,63,90,70,1.168,TRUE
R0680,45–64,žena,Střední Morava,Hybrid Commuters,FlexPass,30,70,47,87,58,1.012,TRUE
R0681,30–44,muž,Moravskoslezsko,Price Planners,FlexPass,27,62,57,73,55,0.902,TRUE
R0682,45–64,žena,Praha,Price Planners,FlexPass,29,80,61,63,58,1.04,TRUE
R0683,65+,žena,Jihozápad,Hybrid Commuters,FlexPass,58,51,83,41,58,1.23,TRUE
R0684,30–44,muž,Severozápad,Hybrid Commuters,FlexPass,29,85,89,63,66,1.186,TRUE
R0685,45–64,žena,Severovýchod,Daily Commuters,Commuter Pass,52,79,77,36,61,1.012,TRUE
R0686,30–44,žena,Střední Morava,Daily Commuters,Commuter Pass,51,78,48,55,58,0.911,TRUE
R0687,65+,muž,Severovýchod,Daily Commuters,Commuter Pass,55,46,56,72,57,0.759,TRUE
R0688,45–64,žena,Střední Čechy,Daily Commuters,Commuter Pass,47,58,67,62,58,1.121,TRUE
R0689,18–29,žena,Praha,Comfort Members,Membership Plus,53,47,48,81,57,1.003,TRUE
R0690,65+,žena,Jihozápad,Weekend Explorers,FlexPass,26,74,45,51,49,0.926,TRUE
R0691,65+,žena,Praha,Weekend Explorers,FlexPass,49,67,68,68,63,0.967,TRUE
R0692,30–44,muž,Střední Morava,Daily Commuters,Commuter Pass,55,74,75,41,61,1.07,TRUE
R0693,18–29,muž,Jihozápad,Hybrid Commuters,FlexPass,33,83,77,54,62,0.981,TRUE
R0694,18–29,muž,Střední Čechy,Hybrid Commuters,FlexPass,26,63,69,73,58,1.007,TRUE
R0695,65+,žena,Severozápad,Weekend Explorers,FlexPass,53,81,59,45,60,1.012,TRUE
R0696,30–44,žena,Moravskoslezsko,Hybrid Commuters,FlexPass,36,57,52,48,48,1.037,TRUE
R0697,65+,žena,Severozápad,Daily Commuters,Commuter Pass,51,59,68,35,53,0.809,TRUE
R0698,65+,muž,Střední Morava,Hybrid Commuters,FlexPass,30,85,51,38,51,1.06,TRUE
R0699,45–64,žena,Severozápad,Weekend Explorers,FlexPass,27,90,74,75,66,0.796,TRUE
R0700,65+,žena,Jihovýchod,Price Planners,FlexPass,52,82,58,57,62,0.977,TRUE
R0701,65+,žena,Severovýchod,Weekend Explorers,FlexPass,46,63,75,54,60,0.838,TRUE
R0702,45–64,žena,Střední Morava,Hybrid Commuters,FlexPass,60,72,76,46,64,1.241,TRUE
R0703,65+,žena,Praha,Daily Commuters,Commuter Pass,32,83,47,87,62,0.82,TRUE
R0704,30–44,muž,Jihovýchod,Hybrid Commuters,FlexPass,43,46,75,40,51,1.113,TRUE
R0705,30–44,muž,Jihovýchod,Daily Commuters,Commuter Pass,42,46,49,42,45,1.192,TRUE
R0706,65+,žena,Střední Čechy,Daily Commuters,Commuter Pass,44,77,47,74,60,0.984,TRUE
R0707,18–29,žena,Střední Čechy,Weekend Explorers,FlexPass,53,76,50,83,66,0.929,TRUE
R0708,65+,žena,Jihozápad,Weekend Explorers,FlexPass,28,59,71,82,60,0.904,TRUE
R0709,45–64,žena,Moravskoslezsko,Price Planners,FlexPass,27,46,77,69,55,1.042,TRUE
R0710,45–64,žena,Střední Morava,Hybrid Commuters,FlexPass,27,68,63,73,58,0.978,TRUE
R0711,65+,žena,Střední Čechy,Comfort Members,Membership Plus,53,53,77,74,64,0.861,TRUE
R0712,65+,žena,Severozápad,Comfort Members,Membership Plus,33,51,47,36,42,1.231,TRUE
R0713,18–29,žena,Severozápad,Price Planners,FlexPass,54,64,85,72,69,0.877,TRUE
R0714,45–64,muž,Střední Čechy,Hybrid Commuters,FlexPass,46,70,49,47,53,0.876,TRUE
R0715,65+,muž,Jihovýchod,Hybrid Commuters,FlexPass,33,59,86,71,62,1.135,TRUE
R0716,45–64,žena,Moravskoslezsko,Hybrid Commuters,FlexPass,30,75,66,56,57,1.127,TRUE
R0717,30–44,žena,Střední Morava,Hybrid Commuters,FlexPass,50,65,89,38,60,1.187,TRUE
R0718,18–29,žena,Jihozápad,Weekend Explorers,FlexPass,31,66,66,45,52,0.875,TRUE
R0719,45–64,žena,Severozápad,Daily Commuters,Commuter Pass,33,49,77,35,48,1.207,TRUE
R0720,18–29,muž,Jihozápad,Hybrid Commuters,FlexPass,38,51,63,65,54,0.913,TRUE
R0721,30–44,muž,Severozápad,Daily Commuters,Commuter Pass,48,87,57,53,61,0.821,TRUE
R0722,65+,muž,Praha,Weekend Explorers,FlexPass,49,69,68,76,66,1.024,TRUE
R0723,65+,žena,Moravskoslezsko,Daily Commuters,Commuter Pass,47,48,59,65,55,1.041,TRUE
R0724,65+,muž,Moravskoslezsko,Price Planners,FlexPass,45,80,47,37,52,1.212,TRUE
R0725,30–44,žena,Moravskoslezsko,Hybrid Commuters,FlexPass,59,56,58,75,62,0.754,TRUE
R0726,18–29,žena,Moravskoslezsko,Comfort Members,Membership Plus,33,51,80,78,60,0.823,TRUE
R0727,30–44,žena,Střední Morava,Price Planners,FlexPass,34,50,52,46,46,0.834,TRUE
R0728,65+,muž,Střední Čechy,Hybrid Commuters,FlexPass,44,53,75,37,52,0.988,TRUE
R0729,65+,žena,Jihozápad,Daily Commuters,Commuter Pass,32,76,52,78,60,0.757,TRUE
R0730,45–64,žena,Severozápad,Hybrid Commuters,FlexPass,45,85,77,65,68,0.868,TRUE
R0731,65+,žena,Praha,Hybrid Commuters,FlexPass,56,76,63,85,70,1.137,TRUE
R0732,18–29,žena,Severozápad,Daily Commuters,Commuter Pass,29,85,86,68,67,1.123,TRUE
R0733,45–64,žena,Jihozápad,Hybrid Commuters,FlexPass,34,67,67,78,62,1.226,TRUE
R0734,30–44,žena,Střední Morava,Weekend Explorers,FlexPass,33,73,75,80,65,1.182,TRUE
R0735,45–64,muž,Severovýchod,Daily Commuters,Commuter Pass,39,49,74,65,57,0.928,TRUE
R0736,30–44,žena,Jihozápad,Comfort Members,Membership Plus,31,50,78,74,58,1.249,TRUE
R0737,18–29,žena,Jihovýchod,Daily Commuters,Commuter Pass,35,87,49,88,65,1.245,TRUE
R0738,65+,muž,Severozápad,Price Planners,FlexPass,60,70,81,36,62,1.215,TRUE
R0739,30–44,žena,Jihozápad,Price Planners,FlexPass,32,45,61,36,44,1.083,TRUE
R0740,30–44,žena,Severovýchod,Daily Commuters,Commuter Pass,40,51,76,63,58,0.818,TRUE
R0741,18–29,muž,Severozápad,Price Planners,FlexPass,54,86,86,46,68,1.21,TRUE
R0742,65+,žena,Střední Morava,Hybrid Commuters,FlexPass,26,90,76,69,65,1.083,TRUE
R0743,30–44,muž,Severozápad,Hybrid Commuters,FlexPass,40,46,63,84,58,1.198,TRUE
R0744,65+,muž,Jihovýchod,Hybrid Commuters,FlexPass,57,58,58,75,62,0.928,TRUE
R0745,45–64,muž,Severozápad,Daily Commuters,Commuter Pass,56,57,67,69,62,0.812,TRUE
R0746,18–29,muž,Střední Čechy,Hybrid Commuters,FlexPass,36,71,83,56,62,1.159,TRUE
R0747,45–64,muž,Střední Morava,Hybrid Commuters,FlexPass,46,50,49,66,53,0.972,TRUE
R0748,45–64,muž,Střední Morava,Weekend Explorers,FlexPass,27,54,45,35,40,0.983,TRUE
R0749,18–29,muž,Jihovýchod,Daily Commuters,Commuter Pass,33,61,61,87,60,0.99,TRUE
R0750,65+,muž,Praha,Price Planners,FlexPass,41,78,50,45,54,0.868,TRUE
R0751,45–64,muž,Jihovýchod,Weekend Explorers,FlexPass,51,60,88,59,64,0.809,TRUE
R0752,45–64,muž,Moravskoslezsko,Hybrid Commuters,FlexPass,52,82,88,90,78,0.961,TRUE
R0753,65+,žena,Severovýchod,Daily Commuters,Commuter Pass,48,55,70,45,54,1.053,TRUE
R0754,30–44,muž,Severozápad,Hybrid Commuters,FlexPass,40,73,86,45,61,1.176,TRUE
R0755,30–44,muž,Jihovýchod,Price Planners,FlexPass,29,89,57,49,56,0.791,TRUE
R0756,65+,muž,Jihozápad,Daily Commuters,Commuter Pass,29,49,71,41,48,0.832,TRUE
R0757,30–44,muž,Moravskoslezsko,Daily Commuters,Commuter Pass,44,62,55,52,53,0.861,TRUE
R0758,45–64,žena,Střední Čechy,Weekend Explorers,FlexPass,30,78,53,88,62,0.851,TRUE
R0759,45–64,žena,Severozápad,Daily Commuters,Commuter Pass,49,62,86,84,70,0.986,TRUE
R0760,45–64,muž,Praha,Comfort Members,Membership Plus,59,78,63,85,71,0.872,TRUE
R0761,65+,žena,Praha,Weekend Explorers,FlexPass,53,84,64,36,59,0.865,TRUE
R0762,30–44,muž,Jihovýchod,Hybrid Commuters,FlexPass,62,69,78,82,73,1.237,TRUE
R0763,18–29,žena,Severozápad,Price Planners,FlexPass,47,68,57,82,64,0.953,TRUE
R0764,45–64,muž,Jihovýchod,Price Planners,FlexPass,55,50,57,80,60,1.161,TRUE
R0765,18–29,muž,Jihovýchod,Price Planners,FlexPass,53,52,70,84,65,1.1,TRUE
R0766,65+,žena,Moravskoslezsko,Hybrid Commuters,FlexPass,52,53,46,80,58,0.9,TRUE
R0767,30–44,muž,Střední Morava,Daily Commuters,Commuter Pass,60,86,46,39,58,1.029,TRUE
R0768,30–44,muž,Praha,Price Planners,FlexPass,28,50,48,38,41,1.17,TRUE
R0769,18–29,žena,Střední Čechy,Price Planners,FlexPass,59,72,75,90,74,1.163,TRUE
R0770,65+,žena,Střední Čechy,Weekend Explorers,FlexPass,40,60,67,78,61,0.985,TRUE
R0771,30–44,žena,Moravskoslezsko,Price Planners,FlexPass,41,73,64,45,56,1.019,TRUE
R0772,30–44,žena,Praha,Weekend Explorers,FlexPass,48,66,71,52,59,1.137,TRUE
R0773,18–29,žena,Střední Čechy,Daily Commuters,Commuter Pass,62,76,84,73,74,0.782,TRUE
R0774,18–29,žena,Střední Morava,Price Planners,FlexPass,57,67,78,80,70,0.934,TRUE
R0775,45–64,muž,Praha,Comfort Members,Membership Plus,61,56,71,90,70,1.227,TRUE
R0776,30–44,žena,Jihovýchod,Hybrid Commuters,FlexPass,28,79,80,72,65,1.082,TRUE
R0777,30–44,muž,Jihozápad,Comfort Members,Membership Plus,35,64,45,50,48,0.784,TRUE
R0778,18–29,žena,Střední Čechy,Daily Commuters,Commuter Pass,35,71,68,76,62,0.887,TRUE
R0779,18–29,žena,Střední Morava,Price Planners,FlexPass,50,77,90,82,75,1.21,TRUE
R0780,18–29,muž,Severovýchod,Daily Commuters,Commuter Pass,39,68,73,47,57,0.781,TRUE
R0781,45–64,muž,Severozápad,Daily Commuters,Commuter Pass,31,90,81,86,72,0.777,TRUE
R0782,45–64,žena,Severovýchod,Hybrid Commuters,FlexPass,41,54,58,37,48,1.015,TRUE
R0783,18–29,muž,Jihozápad,Daily Commuters,Commuter Pass,41,46,90,54,58,0.764,TRUE
R0784,18–29,žena,Moravskoslezsko,Hybrid Commuters,FlexPass,44,51,47,54,49,0.944,TRUE
R0785,45–64,muž,Jihovýchod,Price Planners,FlexPass,27,64,62,46,50,0.984,TRUE
R0786,30–44,žena,Jihozápad,Weekend Explorers,FlexPass,53,65,45,39,50,0.782,TRUE
R0787,45–64,žena,Jihozápad,Price Planners,FlexPass,59,55,51,71,59,1.2,TRUE
R0788,65+,muž,Praha,Weekend Explorers,FlexPass,46,89,80,68,71,0.799,TRUE
R0789,45–64,muž,Severovýchod,Daily Commuters,Commuter Pass,60,89,61,75,71,1.108,TRUE
R0790,45–64,muž,Severozápad,Price Planners,FlexPass,61,47,73,58,60,1.192,TRUE
R0791,18–29,žena,Praha,Comfort Members,Membership Plus,29,50,64,89,58,1.205,TRUE
R0792,65+,muž,Severozápad,Hybrid Commuters,FlexPass,46,53,51,84,58,1.208,TRUE
R0793,18–29,žena,Střední Morava,Weekend Explorers,FlexPass,27,68,86,36,54,1.072,TRUE
R0794,45–64,žena,Střední Čechy,Hybrid Commuters,FlexPass,40,63,57,79,60,0.828,TRUE
R0795,45–64,žena,Severovýchod,Hybrid Commuters,FlexPass,27,64,87,62,60,0.942,TRUE
R0796,65+,muž,Jihovýchod,Comfort Members,Membership Plus,56,89,76,64,71,0.928,TRUE
R0797,18–29,žena,Střední Morava,Weekend Explorers,FlexPass,61,57,60,73,63,1.198,TRUE
R0798,65+,žena,Jihozápad,Hybrid Commuters,FlexPass,45,88,52,82,67,0.777,TRUE
R0799,30–44,žena,Jihovýchod,Weekend Explorers,FlexPass,39,76,54,48,54,0.917,TRUE
R0800,18–29,žena,Praha,Price Planners,FlexPass,29,52,56,59,49,1.016,TRUE
R0801,65+,žena,Moravskoslezsko,Price Planners,FlexPass,44,55,46,51,49,0.764,TRUE
R0802,18–29,žena,Praha,Daily Commuters,Commuter Pass,51,79,63,60,63,1.12,TRUE
R0803,30–44,muž,Střední Čechy,Hybrid Commuters,FlexPass,55,87,62,48,63,0.901,TRUE
R0804,65+,muž,Jihozápad,Daily Commuters,Commuter Pass,36,53,45,42,44,0.769,TRUE
R0805,18–29,muž,Praha,Daily Commuters,Commuter Pass,44,83,51,36,54,1.181,TRUE
R0806,65+,žena,Střední Morava,Daily Commuters,Commuter Pass,34,83,70,87,68,1.029,TRUE
R0807,18–29,muž,Jihovýchod,Daily Commuters,Commuter Pass,38,88,52,66,61,0.963,TRUE
R0808,45–64,muž,Severozápad,Weekend Explorers,FlexPass,50,81,86,88,76,1.008,TRUE
R0809,30–44,muž,Severovýchod,Comfort Members,Membership Plus,40,70,61,89,65,1.009,TRUE
R0810,65+,muž,Jihovýchod,Daily Commuters,Commuter Pass,50,70,84,84,72,0.974,TRUE
R0811,18–29,žena,Praha,Price Planners,FlexPass,45,83,68,64,65,0.975,TRUE
R0812,30–44,muž,Severovýchod,Comfort Members,Membership Plus,58,58,76,74,66,0.841,TRUE
R0813,45–64,žena,Jihovýchod,Weekend Explorers,FlexPass,59,54,64,54,58,0.918,TRUE
R0814,18–29,žena,Severozápad,Weekend Explorers,FlexPass,34,57,52,71,54,1.242,TRUE
R0815,65+,muž,Jihovýchod,Hybrid Commuters,FlexPass,35,72,60,61,57,0.803,TRUE
R0816,45–64,žena,Střední Morava,Price Planners,FlexPass,45,59,52,36,48,0.825,TRUE
R0817,65+,muž,Střední Čechy,Comfort Members,Membership Plus,50,71,48,55,56,0.971,TRUE
R0818,30–44,muž,Střední Čechy,Price Planners,FlexPass,47,73,88,68,69,1.184,TRUE
R0819,65+,muž,Praha,Daily Commuters,Commuter Pass,45,72,52,88,64,0.909,TRUE
R0820,18–29,muž,Jihovýchod,Comfort Members,Membership Plus,56,80,51,80,67,1.103,TRUE
R0821,30–44,muž,Střední Čechy,Price Planners,FlexPass,57,56,58,80,63,1.095,TRUE
R0822,65+,muž,Jihovýchod,Weekend Explorers,FlexPass,55,73,66,45,60,0.989,TRUE
R0823,30–44,muž,Moravskoslezsko,Hybrid Commuters,FlexPass,54,82,67,62,66,1.17,TRUE
R0824,45–64,žena,Praha,Hybrid Commuters,FlexPass,52,87,86,45,68,0.771,TRUE
R0825,65+,žena,Severovýchod,Comfort Members,Membership Plus,52,62,77,77,67,0.997,TRUE
R0826,18–29,muž,Jihozápad,Comfort Members,Membership Plus,62,68,65,51,62,1.15,TRUE
R0827,45–64,žena,Střední Čechy,Hybrid Commuters,FlexPass,53,82,45,39,55,0.803,TRUE
R0828,30–44,žena,Jihozápad,Hybrid Commuters,FlexPass,41,66,49,74,58,1.235,TRUE
R0829,18–29,muž,Střední Morava,Weekend Explorers,FlexPass,43,46,86,83,64,1.119,TRUE
R0830,18–29,žena,Střední Morava,Weekend Explorers,FlexPass,46,74,53,55,57,0.918,TRUE
R0831,45–64,žena,Střední Čechy,Daily Commuters,Commuter Pass,54,71,52,58,59,1.202,TRUE
R0832,18–29,muž,Střední Morava,Daily Commuters,Commuter Pass,58,67,76,72,68,1.189,TRUE
R0833,65+,žena,Moravskoslezsko,Weekend Explorers,FlexPass,39,73,80,74,66,1.136,TRUE
R0834,30–44,muž,Střední Morava,Hybrid Commuters,FlexPass,30,75,53,54,53,1.099,TRUE
R0835,45–64,muž,Jihovýchod,Comfort Members,Membership Plus,59,55,86,62,66,1.223,TRUE
R0836,45–64,muž,Střední Čechy,Comfort Members,Membership Plus,58,85,65,68,69,1.012,TRUE
R0837,65+,žena,Střední Morava,Price Planners,FlexPass,53,70,54,55,58,1.022,TRUE
R0838,18–29,žena,Severovýchod,Hybrid Commuters,FlexPass,37,53,63,87,60,1.24,TRUE
R0839,30–44,muž,Jihozápad,Price Planners,FlexPass,59,61,60,73,63,1.127,TRUE
R0840,18–29,žena,Severozápad,Price Planners,FlexPass,34,90,59,39,56,0.799,TRUE
R0841,30–44,muž,Moravskoslezsko,Daily Commuters,Commuter Pass,53,81,83,79,74,1.045,TRUE
R0842,65+,muž,Moravskoslezsko,Comfort Members,Membership Plus,47,49,51,48,49,0.754,TRUE
R0843,65+,žena,Praha,Daily Commuters,Commuter Pass,35,87,89,44,64,0.792,TRUE
R0844,45–64,muž,Praha,Daily Commuters,Commuter Pass,47,74,46,38,51,1.165,TRUE
R0845,65+,muž,Střední Morava,Daily Commuters,Commuter Pass,47,66,49,71,58,0.793,TRUE
R0846,45–64,žena,Střední Čechy,Hybrid Commuters,FlexPass,42,78,76,89,71,0.983,TRUE
R0847,45–64,muž,Praha,Daily Commuters,Commuter Pass,60,83,60,51,64,1.061,TRUE
R0848,18–29,muž,Jihovýchod,Weekend Explorers,FlexPass,31,70,46,79,56,0.899,TRUE
R0849,30–44,muž,Severovýchod,Hybrid Commuters,FlexPass,50,58,71,43,56,0.826,TRUE
R0850,30–44,žena,Jihozápad,Price Planners,FlexPass,40,51,68,39,50,0.778,TRUE
R0851,18–29,muž,Moravskoslezsko,Hybrid Commuters,FlexPass,44,74,79,79,69,0.873,TRUE
R0852,18–29,žena,Severozápad,Daily Commuters,Commuter Pass,30,89,74,62,64,0.791,TRUE
R0853,18–29,muž,Praha,Comfort Members,Membership Plus,34,51,47,78,52,1.04,TRUE
R0854,65+,žena,Severozápad,Weekend Explorers,FlexPass,52,77,83,88,75,0.849,TRUE
R0855,30–44,žena,Střední Morava,Hybrid Commuters,FlexPass,38,58,88,87,68,1.021,TRUE
R0856,30–44,muž,Severovýchod,Price Planners,FlexPass,31,71,87,36,56,1.2,TRUE
R0857,18–29,žena,Moravskoslezsko,Comfort Members,Membership Plus,59,78,80,37,64,0.88,TRUE
R0858,45–64,žena,Praha,Daily Commuters,Commuter Pass,40,64,68,79,63,1.077,TRUE
R0859,18–29,muž,Severozápad,Price Planners,FlexPass,53,60,61,67,60,1.176,TRUE
R0860,45–64,žena,Jihozápad,Daily Commuters,Commuter Pass,29,80,72,51,58,0.792,TRUE
R0861,30–44,muž,Praha,Comfort Members,Membership Plus,57,72,46,39,54,1.235,TRUE
R0862,18–29,žena,Severozápad,Daily Commuters,Commuter Pass,61,63,75,90,72,0.776,TRUE
R0863,65+,žena,Moravskoslezsko,Weekend Explorers,FlexPass,43,51,62,88,61,1.016,TRUE
R0864,30–44,žena,Střední Čechy,Price Planners,FlexPass,55,83,60,37,59,1.027,TRUE
R0865,65+,žena,Moravskoslezsko,Price Planners,FlexPass,26,82,81,49,60,1.192,TRUE
R0866,65+,muž,Praha,Hybrid Commuters,FlexPass,61,75,82,78,74,0.932,TRUE
R0867,18–29,žena,Severozápad,Hybrid Commuters,FlexPass,42,88,86,41,64,1.163,TRUE
R0868,65+,muž,Moravskoslezsko,Comfort Members,Membership Plus,62,85,55,43,61,1.163,TRUE
R0869,30–44,žena,Jihovýchod,Daily Commuters,Commuter Pass,32,51,90,90,66,1.228,TRUE
R0870,18–29,žena,Jihovýchod,Weekend Explorers,FlexPass,51,88,61,55,64,1.06,TRUE
R0871,18–29,muž,Severovýchod,Daily Commuters,Commuter Pass,43,45,79,50,54,0.922,TRUE
R0872,30–44,žena,Jihozápad,Price Planners,FlexPass,46,53,65,60,56,0.798,TRUE
R0873,45–64,žena,Severovýchod,Daily Commuters,Commuter Pass,52,70,70,76,67,0.961,TRUE
R0874,30–44,žena,Jihovýchod,Daily Commuters,Commuter Pass,57,66,70,37,58,0.81,TRUE
R0875,18–29,muž,Střední Morava,Weekend Explorers,FlexPass,35,61,85,64,61,1.227,TRUE
R0876,18–29,žena,Střední Morava,Weekend Explorers,FlexPass,47,46,74,39,52,1.026,TRUE
R0877,45–64,muž,Severovýchod,Weekend Explorers,FlexPass,35,88,70,56,62,1.161,TRUE
R0878,65+,žena,Severozápad,Weekend Explorers,FlexPass,47,52,72,51,56,0.964,TRUE
R0879,30–44,muž,Moravskoslezsko,Weekend Explorers,FlexPass,50,46,57,49,50,1.119,TRUE
R0880,65+,žena,Severozápad,Hybrid Commuters,FlexPass,45,52,72,67,59,0.946,TRUE
R0881,45–64,muž,Střední Morava,Daily Commuters,Commuter Pass,33,76,50,87,62,0.775,TRUE
R0882,30–44,muž,Severozápad,Weekend Explorers,FlexPass,47,90,73,81,73,1.113,TRUE
R0883,45–64,muž,Moravskoslezsko,Weekend Explorers,FlexPass,27,62,60,55,51,0.944,TRUE
R0884,18–29,muž,Severozápad,Daily Commuters,Commuter Pass,55,86,75,42,64,1.227,TRUE
R0885,30–44,žena,Střední Morava,Weekend Explorers,FlexPass,45,68,60,86,65,0.812,TRUE
R0886,18–29,muž,Moravskoslezsko,Weekend Explorers,FlexPass,54,78,88,54,68,1.127,TRUE
R0887,65+,žena,Jihozápad,Weekend Explorers,FlexPass,34,73,83,58,62,1.197,TRUE
R0888,30–44,muž,Severovýchod,Price Planners,FlexPass,62,47,68,46,56,1.085,TRUE
R0889,45–64,žena,Moravskoslezsko,Hybrid Commuters,FlexPass,47,85,86,36,64,1.104,TRUE
R0890,65+,muž,Moravskoslezsko,Daily Commuters,Commuter Pass,52,59,74,55,60,0.82,TRUE
R0891,65+,žena,Střední Morava,Comfort Members,Membership Plus,30,47,89,86,63,0.93,TRUE
R0892,18–29,muž,Severozápad,Weekend Explorers,FlexPass,61,66,84,40,63,0.79,TRUE
R0893,45–64,muž,Jihovýchod,Hybrid Commuters,FlexPass,62,83,77,44,66,0.76,TRUE
R0894,45–64,muž,Moravskoslezsko,Hybrid Commuters,FlexPass,46,55,58,56,54,0.984,TRUE
R0895,45–64,žena,Jihozápad,Hybrid Commuters,FlexPass,36,51,70,65,56,0.953,TRUE
R0896,45–64,muž,Střední Čechy,Price Planners,FlexPass,46,74,76,46,60,0.999,TRUE
R0897,65+,žena,Střední Morava,Hybrid Commuters,FlexPass,58,87,90,63,74,0.955,TRUE
R0898,65+,muž,Praha,Price Planners,FlexPass,61,64,87,40,63,0.828,TRUE
R0899,18–29,žena,Praha,Daily Commuters,Commuter Pass,59,82,58,83,70,0.977,TRUE
R0900,30–44,muž,Moravskoslezsko,Daily Commuters,Commuter Pass,49,80,86,53,67,0.855,TRUE
R0901,18–29,muž,Jihovýchod,Weekend Explorers,FlexPass,39,90,76,51,64,1.108,TRUE
R0902,65+,žena,Praha,Daily Commuters,Commuter Pass,35,52,71,55,53,0.925,TRUE
R0903,45–64,muž,Severovýchod,Hybrid Commuters,FlexPass,33,68,81,87,67,0.841,TRUE
R0904,45–64,muž,Severozápad,Weekend Explorers,FlexPass,31,86,52,72,60,1.185,TRUE
R0905,65+,muž,Jihozápad,Weekend Explorers,FlexPass,37,55,83,83,64,0.841,TRUE
R0906,45–64,muž,Střední Čechy,Weekend Explorers,FlexPass,34,77,46,58,54,0.846,TRUE
R0907,45–64,muž,Jihovýchod,Weekend Explorers,FlexPass,51,57,75,81,66,1.179,TRUE
R0908,30–44,muž,Moravskoslezsko,Daily Commuters,Commuter Pass,36,57,68,41,50,0.935,TRUE
R0909,65+,muž,Severozápad,Daily Commuters,Commuter Pass,41,55,82,35,53,0.932,TRUE
R0910,30–44,žena,Moravskoslezsko,Hybrid Commuters,FlexPass,30,66,50,56,50,1.139,TRUE
R0911,30–44,žena,Střední Morava,Weekend Explorers,FlexPass,43,64,61,47,54,0.986,TRUE
R0912,65+,žena,Severozápad,Daily Commuters,Commuter Pass,39,50,79,37,51,0.805,TRUE
R0913,18–29,muž,Střední Čechy,Weekend Explorers,FlexPass,37,49,67,45,50,1.185,TRUE
R0914,30–44,žena,Moravskoslezsko,Hybrid Commuters,FlexPass,62,84,67,66,70,1.221,TRUE
R0915,30–44,žena,Severovýchod,Comfort Members,Membership Plus,55,71,69,39,58,1.065,TRUE
R0916,45–64,žena,Moravskoslezsko,Price Planners,FlexPass,32,66,78,65,60,0.927,TRUE
R0917,65+,žena,Moravskoslezsko,Hybrid Commuters,FlexPass,35,75,53,86,62,0.754,TRUE
R0918,18–29,muž,Severovýchod,Weekend Explorers,FlexPass,54,48,84,48,58,0.849,TRUE
R0919,65+,muž,Moravskoslezsko,Hybrid Commuters,FlexPass,54,62,74,65,64,1.181,TRUE
R0920,65+,muž,Severozápad,Comfort Members,Membership Plus,60,70,50,82,66,0.855,TRUE
R0921,30–44,žena,Moravskoslezsko,Daily Commuters,Commuter Pass,26,50,80,74,58,0.803,TRUE
R0922,18–29,muž,Jihozápad,Daily Commuters,Commuter Pass,40,71,87,69,67,0.945,TRUE
R0923,30–44,muž,Moravskoslezsko,Hybrid Commuters,FlexPass,29,75,69,54,57,0.754,TRUE
R0924,65+,muž,Praha,Price Planners,FlexPass,26,87,83,55,63,1.186,TRUE
R0925,45–64,muž,Jihovýchod,Comfort Members,Membership Plus,56,79,66,74,69,0.966,TRUE
R0926,65+,žena,Severovýchod,Hybrid Commuters,FlexPass,61,78,61,54,64,0.851,TRUE
R0927,30–44,muž,Jihozápad,Hybrid Commuters,FlexPass,60,88,61,52,65,1.236,TRUE
R0928,65+,muž,Praha,Comfort Members,Membership Plus,51,49,65,47,53,1.205,TRUE
R0929,18–29,žena,Jihovýchod,Hybrid Commuters,FlexPass,41,85,84,37,62,0.846,TRUE
R0930,45–64,žena,Praha,Daily Commuters,Commuter Pass,61,68,85,64,70,1.124,TRUE
R0931,18–29,žena,Střední Morava,Daily Commuters,Commuter Pass,37,69,87,47,60,1.072,TRUE
R0932,65+,žena,Praha,Weekend Explorers,FlexPass,38,80,54,57,57,1.125,TRUE
R0933,18–29,muž,Jihovýchod,Price Planners,FlexPass,39,76,74,87,69,0.971,TRUE
R0934,45–64,muž,Jihovýchod,Price Planners,FlexPass,49,85,83,38,64,0.991,TRUE
R0935,65+,žena,Severovýchod,Comfort Members,Membership Plus,42,71,45,83,60,1.212,TRUE
R0936,65+,žena,Jihovýchod,Hybrid Commuters,FlexPass,59,81,63,64,67,0.868,TRUE
R0937,30–44,muž,Praha,Daily Commuters,Commuter Pass,33,74,84,48,60,0.786,TRUE
R0938,18–29,muž,Jihovýchod,Price Planners,FlexPass,39,83,45,83,62,0.87,TRUE
R0939,65+,muž,Severozápad,Hybrid Commuters,FlexPass,48,46,81,89,66,1.05,TRUE
R0940,45–64,muž,Jihozápad,Daily Commuters,Commuter Pass,54,67,58,39,54,1.229,TRUE
R0941,30–44,žena,Praha,Daily Commuters,Commuter Pass,52,88,63,36,60,1.148,TRUE
R0942,18–29,muž,Praha,Comfort Members,Membership Plus,60,62,68,44,58,0.899,TRUE
R0943,65+,muž,Jihozápad,Daily Commuters,Commuter Pass,60,78,49,83,68,0.803,TRUE
R0944,30–44,žena,Střední Čechy,Daily Commuters,Commuter Pass,61,88,67,60,69,0.761,TRUE
R0945,30–44,žena,Jihovýchod,Daily Commuters,Commuter Pass,26,52,59,60,49,0.957,TRUE
R0946,30–44,muž,Severozápad,Weekend Explorers,FlexPass,51,88,74,41,64,0.861,TRUE
R0947,30–44,muž,Severovýchod,Weekend Explorers,FlexPass,45,69,52,78,61,1.062,TRUE
R0948,65+,žena,Severovýchod,Weekend Explorers,FlexPass,31,82,65,46,56,0.99,TRUE
R0949,18–29,žena,Jihovýchod,Hybrid Commuters,FlexPass,45,53,62,89,62,1.021,TRUE
R0950,65+,muž,Jihozápad,Comfort Members,Membership Plus,38,90,79,51,64,0.899,TRUE
R0951,30–44,muž,Severozápad,Daily Commuters,Commuter Pass,56,88,49,65,64,0.979,TRUE
R0952,30–44,muž,Jihovýchod,Weekend Explorers,FlexPass,34,77,68,55,58,1.055,TRUE
R0953,45–64,muž,Severozápad,Weekend Explorers,FlexPass,55,69,67,59,62,1.11,TRUE
R0954,45–64,muž,Praha,Daily Commuters,Commuter Pass,44,84,87,69,71,0.888,TRUE
R0955,30–44,žena,Střední Morava,Price Planners,FlexPass,33,84,64,85,66,1.067,TRUE
R0956,30–44,muž,Severozápad,Hybrid Commuters,FlexPass,52,84,77,54,67,1.169,TRUE
R0957,30–44,muž,Praha,Daily Commuters,Commuter Pass,51,79,76,43,62,0.773,TRUE
R0958,30–44,žena,Střední Čechy,Hybrid Commuters,FlexPass,47,81,66,82,69,1.238,TRUE
R0959,30–44,žena,Severovýchod,Price Planners,FlexPass,27,59,56,71,53,0.943,TRUE
R0960,30–44,žena,Severozápad,Daily Commuters,Commuter Pass,31,86,63,63,61,0.779,TRUE
R0961,65+,muž,Severozápad,Hybrid Commuters,FlexPass,42,72,56,62,58,0.816,TRUE
R0962,18–29,muž,Praha,Comfort Members,Membership Plus,33,74,48,48,51,0.828,TRUE
R0963,30–44,muž,Praha,Weekend Explorers,FlexPass,58,80,46,42,56,0.753,TRUE
R0964,65+,žena,Jihovýchod,Daily Commuters,Commuter Pass,50,77,89,73,72,1.051,TRUE
R0965,65+,žena,Střední Morava,Hybrid Commuters,FlexPass,37,85,77,40,60,1.169,TRUE
R0966,30–44,žena,Moravskoslezsko,Hybrid Commuters,FlexPass,45,73,64,68,62,0.936,TRUE
R0967,30–44,žena,Praha,Comfort Members,Membership Plus,39,46,81,38,51,1.17,TRUE
R0968,45–64,žena,Střední Čechy,Weekend Explorers,FlexPass,29,64,65,43,50,1.123,TRUE
R0969,18–29,žena,Severozápad,Daily Commuters,Commuter Pass,44,49,61,38,48,0.82,TRUE
R0970,65+,žena,Severovýchod,Comfort Members,Membership Plus,54,64,63,75,64,0.949,TRUE
R0971,18–29,muž,Střední Čechy,Daily Commuters,Commuter Pass,42,52,78,39,53,0.868,TRUE
R0972,30–44,muž,Praha,Hybrid Commuters,FlexPass,43,60,51,72,56,0.944,TRUE
R0973,18–29,muž,Jihozápad,Daily Commuters,Commuter Pass,50,77,84,39,62,0.996,TRUE
R0974,18–29,žena,Severovýchod,Hybrid Commuters,FlexPass,31,83,85,56,64,0.94,TRUE
R0975,45–64,muž,Jihovýchod,Daily Commuters,Commuter Pass,29,45,89,62,56,0.883,TRUE
R0976,18–29,muž,Severovýchod,Price Planners,FlexPass,38,61,73,52,56,0.769,TRUE
R0977,45–64,muž,Moravskoslezsko,Hybrid Commuters,FlexPass,35,62,53,74,56,0.986,TRUE
R0978,45–64,žena,Moravskoslezsko,Weekend Explorers,FlexPass,49,76,64,65,64,0.761,TRUE
R0979,45–64,muž,Střední Čechy,Daily Commuters,Commuter Pass,48,79,87,35,62,0.98,TRUE
R0980,65+,žena,Severozápad,Hybrid Commuters,FlexPass,58,81,69,51,65,0.887,TRUE
R0981,30–44,muž,Severozápad,Price Planners,FlexPass,46,63,70,81,65,0.992,TRUE
R0982,30–44,žena,Jihovýchod,Weekend Explorers,FlexPass,62,85,64,89,75,0.8,TRUE
R0983,45–64,žena,Střední Morava,Weekend Explorers,FlexPass,34,77,63,47,55,0.89,TRUE
R0984,45–64,muž,Jihozápad,Hybrid Commuters,FlexPass,50,52,83,41,56,0.992,TRUE
R0985,18–29,muž,Severozápad,Hybrid Commuters,FlexPass,34,66,90,65,64,1.031,TRUE
R0986,65+,žena,Moravskoslezsko,Price Planners,FlexPass,40,56,62,36,48,0.777,TRUE
R0987,45–64,žena,Severovýchod,Hybrid Commuters,FlexPass,33,65,85,37,55,1.018,TRUE
R0988,65+,žena,Moravskoslezsko,Price Planners,FlexPass,29,59,89,72,62,1.249,TRUE
R0989,18–29,žena,Jihozápad,Price Planners,FlexPass,35,55,54,82,56,0.77,TRUE
R0990,45–64,muž,Střední Čechy,Hybrid Commuters,FlexPass,54,56,74,70,64,1.216,TRUE
R0991,45–64,muž,Moravskoslezsko,Price Planners,FlexPass,29,74,81,53,59,1.083,TRUE
R0992,18–29,muž,Střední Morava,Hybrid Commuters,FlexPass,42,66,61,62,58,1.137,TRUE
R0993,30–44,žena,Severovýchod,Daily Commuters,Commuter Pass,55,65,56,50,56,0.795,TRUE
R0994,30–44,muž,Střední Čechy,Daily Commuters,Commuter Pass,43,70,76,64,63,1.122,TRUE
R0995,45–64,žena,Praha,Daily Commuters,Commuter Pass,61,54,69,41,56,1.173,TRUE
R0996,45–64,žena,Praha,Daily Commuters,Commuter Pass,32,52,47,78,52,0.78,TRUE
R0997,30–44,žena,Jihozápad,Daily Commuters,Commuter Pass,61,71,86,87,76,1.231,TRUE
R0998,18–29,žena,Severovýchod,Daily Commuters,Commuter Pass,49,86,61,84,70,1.137,TRUE
R0999,18–29,žena,Střední Morava,Weekend Explorers,FlexPass,28,48,70,38,46,1.131,TRUE
R1000,65+,žena,Střední Morava,Daily Commuters,Commuter Pass,46,45,72,56,55,1.099,TRUE
R1001,65+,žena,Jihozápad,Price Planners,FlexPass,38,83,61,44,56,1.246,TRUE
R1002,65+,muž,Střední Čechy,Daily Commuters,Commuter Pass,33,55,81,79,62,0.963,TRUE
R1003,18–29,žena,Střední Čechy,Daily Commuters,Commuter Pass,54,58,56,72,60,0.852,TRUE
R1004,45–64,žena,Jihovýchod,Hybrid Commuters,FlexPass,28,58,70,78,58,0.934,TRUE
R1005,30–44,muž,Severozápad,Comfort Members,Membership Plus,46,66,53,64,57,0.895,TRUE
R1006,18–29,muž,Jihovýchod,Daily Commuters,Commuter Pass,56,85,71,57,67,1.119,TRUE
R1007,30–44,muž,Moravskoslezsko,Hybrid Commuters,FlexPass,52,88,57,37,58,0.921,TRUE
R1008,45–64,žena,Severozápad,Weekend Explorers,FlexPass,48,72,70,60,62,0.914,TRUE
R1009,65+,muž,Střední Morava,Daily Commuters,Commuter Pass,57,70,47,37,53,1.138,TRUE
R1010,45–64,žena,Severovýchod,Weekend Explorers,FlexPass,44,71,57,85,64,0.843,TRUE
R1011,65+,žena,Střední Čechy,Price Planners,FlexPass,61,78,78,89,76,1.085,TRUE
R1012,65+,muž,Jihovýchod,Daily Commuters,Commuter Pass,48,81,62,51,60,1.007,TRUE
R1013,30–44,muž,Jihovýchod,Hybrid Commuters,FlexPass,34,72,61,82,62,0.762,TRUE
R1014,30–44,muž,Střední Čechy,Price Planners,FlexPass,60,50,81,82,68,1.051,TRUE
R1015,18–29,muž,Severovýchod,Weekend Explorers,FlexPass,61,82,49,47,60,1.111,TRUE
R1016,45–64,žena,Jihozápad,Daily Commuters,Commuter Pass,44,58,62,59,56,1.085,TRUE
R1017,30–44,žena,Jihozápad,Hybrid Commuters,FlexPass,39,72,51,57,55,0.801,TRUE
R1018,30–44,žena,Jihozápad,Daily Commuters,Commuter Pass,39,72,72,41,56,1.104,TRUE
R1019,30–44,muž,Severozápad,Daily Commuters,Commuter Pass,43,70,78,72,66,0.79,TRUE
R1020,45–64,žena,Moravskoslezsko,Daily Commuters,Commuter Pass,30,51,85,74,60,1.142,TRUE
R1021,65+,muž,Střední Morava,Weekend Explorers,FlexPass,27,54,57,48,46,0.861,TRUE
R1022,45–64,žena,Severovýchod,Price Planners,FlexPass,32,70,86,62,62,1.023,TRUE
R1023,65+,žena,Jihovýchod,Hybrid Commuters,FlexPass,55,64,68,69,64,0.978,TRUE
R1024,65+,muž,Praha,Daily Commuters,Commuter Pass,51,50,79,58,60,1.165,TRUE
R1025,18–29,muž,Praha,Hybrid Commuters,FlexPass,30,68,76,46,55,1.171,TRUE
R1026,45–64,muž,Praha,Price Planners,FlexPass,33,48,88,61,58,0.941,TRUE
R1027,45–64,muž,Praha,Daily Commuters,Commuter Pass,49,78,87,88,76,1.078,TRUE
R1028,65+,žena,Jihozápad,Hybrid Commuters,FlexPass,62,89,68,77,74,0.928,TRUE
R1029,18–29,muž,Jihovýchod,Daily Commuters,Commuter Pass,50,47,83,50,58,0.773,TRUE
R1030,65+,muž,Severovýchod,Price Planners,FlexPass,26,83,47,87,61,0.985,TRUE
R1031,30–44,žena,Jihovýchod,Hybrid Commuters,FlexPass,54,74,70,39,59,1.135,TRUE
R1032,65+,žena,Praha,Weekend Explorers,FlexPass,46,77,87,69,70,0.835,TRUE
R1033,65+,žena,Jihovýchod,Hybrid Commuters,FlexPass,41,86,58,73,64,1.149,TRUE
R1034,18–29,žena,Jihozápad,Daily Commuters,Commuter Pass,61,46,81,80,67,0.794,TRUE
R1035,65+,muž,Střední Čechy,Weekend Explorers,FlexPass,40,51,60,48,50,1.238,TRUE
R1036,18–29,žena,Severozápad,Price Planners,FlexPass,45,47,81,61,58,0.83,TRUE
R1037,30–44,žena,Severovýchod,Hybrid Commuters,FlexPass,29,56,84,48,54,0.921,TRUE
R1038,30–44,muž,Jihovýchod,Daily Commuters,Commuter Pass,36,58,77,35,52,0.772,TRUE
R1039,30–44,žena,Jihozápad,Daily Commuters,Commuter Pass,60,79,53,37,57,0.865,TRUE
R1040,65+,muž,Praha,Daily Commuters,Commuter Pass,48,83,73,43,62,1.156,TRUE
R1041,65+,žena,Severozápad,Hybrid Commuters,FlexPass,39,89,79,55,66,0.841,TRUE
R1042,65+,žena,Jihovýchod,Daily Commuters,Commuter Pass,50,80,53,44,57,1.185,TRUE
R1043,45–64,muž,Jihozápad,Daily Commuters,Commuter Pass,53,55,56,44,52,1.021,TRUE
R1044,30–44,muž,Jihozápad,Daily Commuters,Commuter Pass,53,49,82,71,64,1.046,TRUE
R1045,30–44,muž,Jihovýchod,Daily Commuters,Commuter Pass,62,52,66,80,65,1.219,TRUE
R1046,30–44,žena,Moravskoslezsko,Hybrid Commuters,FlexPass,37,86,55,50,57,1.118,TRUE
R1047,65+,muž,Praha,Daily Commuters,Commuter Pass,59,46,67,54,56,1.07,TRUE
R1048,30–44,muž,Severozápad,Daily Commuters,Commuter Pass,60,75,79,79,73,1.138,TRUE
R1049,30–44,muž,Severovýchod,Price Planners,FlexPass,43,62,84,39,57,0.942,TRUE
R1050,30–44,žena,Střední Čechy,Price Planners,FlexPass,45,88,61,79,68,1.027,TRUE
R1051,18–29,muž,Severozápad,Hybrid Commuters,FlexPass,53,73,89,62,69,0.966,TRUE
R1052,45–64,muž,Jihozápad,Hybrid Commuters,FlexPass,35,88,67,88,70,1.089,TRUE
R1053,30–44,muž,Severozápad,Weekend Explorers,FlexPass,33,72,65,51,55,1.17,TRUE
R1054,18–29,muž,Severozápad,Comfort Members,Membership Plus,58,64,78,76,69,1.097,TRUE
R1055,18–29,žena,Střední Čechy,Weekend Explorers,FlexPass,51,63,55,80,62,1.089,TRUE
R1056,45–64,muž,Severovýchod,Price Planners,FlexPass,42,62,49,63,54,0.894,TRUE
R1057,18–29,muž,Severovýchod,Comfort Members,Membership Plus,58,75,79,73,71,0.752,TRUE
R1058,30–44,muž,Střední Čechy,Weekend Explorers,FlexPass,50,53,89,74,66,1.061,TRUE
R1059,65+,žena,Praha,Daily Commuters,Commuter Pass,53,72,74,54,63,0.98,TRUE
R1060,18–29,žena,Střední Čechy,Comfort Members,Membership Plus,54,57,74,84,67,1.04,TRUE
R1061,18–29,žena,Jihovýchod,Price Planners,FlexPass,34,69,63,54,55,1.099,TRUE
R1062,30–44,žena,Střední Morava,Daily Commuters,Commuter Pass,46,68,63,83,65,1.084,TRUE
R1063,18–29,muž,Moravskoslezsko,Daily Commuters,Commuter Pass,57,55,49,85,62,0.927,TRUE
R1064,45–64,muž,Jihozápad,Hybrid Commuters,FlexPass,53,58,48,57,54,0.86,TRUE
R1065,30–44,muž,Moravskoslezsko,Weekend Explorers,FlexPass,41,48,82,61,58,1.241,TRUE
R1066,65+,žena,Moravskoslezsko,Daily Commuters,Commuter Pass,39,81,85,63,67,1.123,TRUE
R1067,65+,žena,Střední Morava,Hybrid Commuters,FlexPass,36,69,77,83,66,1.066,TRUE
R1068,45–64,muž,Střední Morava,Price Planners,FlexPass,59,59,76,47,60,1.058,TRUE
R1069,45–64,muž,Praha,Comfort Members,Membership Plus,27,65,64,41,49,0.86,TRUE
R1070,30–44,žena,Střední Morava,Comfort Members,Membership Plus,50,61,87,62,65,1.047,TRUE
R1071,65+,muž,Jihozápad,Weekend Explorers,FlexPass,62,48,62,89,65,0.866,TRUE
R1072,30–44,žena,Střední Morava,Hybrid Commuters,FlexPass,53,71,74,65,66,1.047,TRUE
R1073,30–44,žena,Praha,Weekend Explorers,FlexPass,40,47,70,65,56,0.987,TRUE
R1074,45–64,muž,Severovýchod,Daily Commuters,Commuter Pass,52,58,46,45,50,1.124,TRUE
R1075,18–29,žena,Severovýchod,Price Planners,FlexPass,41,80,52,83,64,1.155,TRUE
R1076,30–44,muž,Praha,Hybrid Commuters,FlexPass,40,48,64,47,50,0.77,TRUE
R1077,30–44,žena,Střední Morava,Daily Commuters,Commuter Pass,29,45,83,76,58,0.994,TRUE
R1078,65+,žena,Střední Morava,Daily Commuters,Commuter Pass,42,56,49,58,51,1.192,TRUE
R1079,30–44,žena,Severozápad,Hybrid Commuters,FlexPass,28,68,54,68,54,0.971,TRUE
R1080,65+,žena,Jihovýchod,Hybrid Commuters,FlexPass,47,53,75,70,61,0.808,TRUE
R1081,45–64,muž,Střední Čechy,Hybrid Commuters,FlexPass,52,56,58,75,60,0.944,TRUE
R1082,18–29,muž,Severovýchod,Daily Commuters,Commuter Pass,31,66,83,88,67,1.037,TRUE
R1083,65+,žena,Střední Morava,Weekend Explorers,FlexPass,26,58,67,51,50,0.845,TRUE
R1084,65+,muž,Praha,Price Planners,FlexPass,44,46,73,57,55,1.14,TRUE
R1085,30–44,žena,Moravskoslezsko,Weekend Explorers,FlexPass,57,63,50,56,56,1.193,TRUE
R1086,65+,muž,Praha,Weekend Explorers,FlexPass,47,53,60,44,51,0.851,TRUE
R1087,18–29,žena,Praha,Weekend Explorers,FlexPass,57,58,77,48,60,1.072,TRUE
R1088,18–29,žena,Střední Morava,Weekend Explorers,FlexPass,61,84,66,61,68,0.889,TRUE
R1089,30–44,muž,Praha,Comfort Members,Membership Plus,26,58,78,38,50,0.783,TRUE
R1090,30–44,žena,Jihozápad,Price Planners,FlexPass,51,78,74,80,71,1.005,TRUE
R1091,65+,muž,Praha,Hybrid Commuters,FlexPass,40,88,61,51,60,0.827,TRUE
R1092,18–29,žena,Severovýchod,Weekend Explorers,FlexPass,26,88,60,69,61,1.085,TRUE
R1093,65+,muž,Moravskoslezsko,Hybrid Commuters,FlexPass,33,75,77,37,56,0.893,TRUE
R1094,18–29,žena,Jihozápad,Daily Commuters,Commuter Pass,50,52,50,83,59,0.873,TRUE
R1095,30–44,muž,Jihozápad,Hybrid Commuters,FlexPass,47,66,89,70,68,1.046,TRUE
R1096,45–64,žena,Severozápad,Weekend Explorers,FlexPass,52,57,76,62,62,0.995,TRUE
R1097,65+,muž,Jihovýchod,Price Planners,FlexPass,26,73,78,35,53,1.105,TRUE
R1098,45–64,žena,Severovýchod,Price Planners,FlexPass,50,64,52,39,51,0.793,TRUE
R1099,45–64,muž,Praha,Daily Commuters,Commuter Pass,47,72,45,54,54,0.836,TRUE
R1100,45–64,žena,Střední Čechy,Daily Commuters,Commuter Pass,51,90,81,38,65,0.806,TRUE
R1101,45–64,žena,Střední Čechy,Daily Commuters,Commuter Pass,60,54,82,54,62,0.939,TRUE
R1102,65+,žena,Severozápad,Weekend Explorers,FlexPass,29,57,68,52,52,1.167,TRUE
R1103,65+,muž,Jihovýchod,Comfort Members,Membership Plus,54,89,82,62,72,0.896,TRUE
R1104,30–44,muž,Střední Čechy,Hybrid Commuters,FlexPass,41,71,63,38,53,0.966,TRUE
R1105,30–44,žena,Jihozápad,Hybrid Commuters,FlexPass,52,57,84,68,65,1.005,TRUE
R1106,18–29,žena,Jihozápad,Daily Commuters,Commuter Pass,36,79,48,83,62,1.093,TRUE
R1107,45–64,žena,Severovýchod,Comfort Members,Membership Plus,37,85,76,43,60,1.056,TRUE
R1108,65+,muž,Jihozápad,Weekend Explorers,FlexPass,31,52,59,58,50,1.161,TRUE
R1109,45–64,žena,Jihozápad,Price Planners,FlexPass,46,54,82,85,67,1.18,TRUE
R1110,30–44,žena,Střední Čechy,Weekend Explorers,FlexPass,47,49,67,40,51,1.232,TRUE
R1111,30–44,žena,Moravskoslezsko,Daily Commuters,Commuter Pass,43,83,71,35,58,0.805,TRUE
R1112,30–44,žena,Severovýchod,Hybrid Commuters,FlexPass,29,48,81,68,56,1.117,TRUE
R1113,45–64,muž,Severozápad,Weekend Explorers,FlexPass,37,84,54,75,62,0.829,TRUE
R1114,30–44,muž,Jihovýchod,Daily Commuters,Commuter Pass,54,53,84,84,69,0.763,TRUE
R1115,18–29,žena,Severozápad,Comfort Members,Membership Plus,32,79,52,84,62,1.127,TRUE
R1116,18–29,muž,Střední Čechy,Daily Commuters,Commuter Pass,31,76,84,70,65,0.818,TRUE
R1117,45–64,muž,Jihovýchod,Hybrid Commuters,FlexPass,52,60,60,37,52,0.865,TRUE
R1118,18–29,žena,Střední Čechy,Weekend Explorers,FlexPass,45,47,81,55,57,0.784,TRUE
R1119,30–44,muž,Severovýchod,Hybrid Commuters,FlexPass,51,53,46,53,51,0.846,TRUE
R1120,65+,žena,Jihovýchod,Weekend Explorers,FlexPass,49,63,73,35,55,0.912,TRUE
R1121,30–44,muž,Jihovýchod,Hybrid Commuters,FlexPass,60,79,61,41,60,1.058,TRUE
R1122,65+,žena,Severozápad,Weekend Explorers,FlexPass,60,53,59,36,52,1.161,TRUE
R1123,30–44,žena,Moravskoslezsko,Hybrid Commuters,FlexPass,52,67,66,84,67,0.913,TRUE
R1124,45–64,žena,Střední Čechy,Hybrid Commuters,FlexPass,31,46,55,72,51,0.964,TRUE
R1125,45–64,muž,Praha,Price Planners,FlexPass,30,65,67,42,51,1.006,TRUE
R1126,18–29,žena,Jihovýchod,Comfort Members,Membership Plus,35,57,67,80,60,1.055,TRUE
R1127,18–29,žena,Moravskoslezsko,Hybrid Commuters,FlexPass,36,50,90,54,58,1.035,TRUE
R1128,45–64,muž,Severovýchod,Comfort Members,Membership Plus,38,68,85,36,57,1.047,TRUE
R1129,65+,muž,Jihovýchod,Weekend Explorers,FlexPass,46,62,74,45,57,0.791,TRUE
R1130,45–64,žena,Jihovýchod,Hybrid Commuters,FlexPass,36,69,46,79,58,0.854,TRUE
R1131,18–29,žena,Střední Čechy,Daily Commuters,Commuter Pass,62,55,85,50,63,1.048,TRUE
R1132,65+,žena,Střední Morava,Price Planners,FlexPass,39,62,72,68,60,0.753,TRUE
R1133,65+,muž,Severovýchod,Weekend Explorers,FlexPass,47,89,88,66,72,1.003,TRUE
R1134,65+,žena,Severozápad,Price Planners,FlexPass,42,83,56,64,61,1.185,TRUE
R1135,45–64,muž,Střední Čechy,Hybrid Commuters,FlexPass,43,56,46,49,48,0.957,TRUE
R1136,45–64,žena,Střední Morava,Hybrid Commuters,FlexPass,50,47,59,40,49,0.99,TRUE
R1137,18–29,muž,Střední Morava,Price Planners,FlexPass,33,60,50,76,55,0.976,TRUE
R1138,65+,žena,Severozápad,Daily Commuters,Commuter Pass,49,52,67,49,54,0.802,TRUE
R1139,65+,muž,Jihovýchod,Daily Commuters,Commuter Pass,32,79,46,47,51,1.183,TRUE
R1140,30–44,žena,Jihovýchod,Price Planners,FlexPass,61,69,59,51,60,1.216,TRUE
R1141,45–64,muž,Severozápad,Hybrid Commuters,FlexPass,28,52,60,61,50,0.953,TRUE
R1142,45–64,žena,Střední Čechy,Weekend Explorers,FlexPass,49,75,47,36,52,0.915,TRUE
R1143,30–44,muž,Severovýchod,Price Planners,FlexPass,43,70,45,37,49,1.121,TRUE
R1144,30–44,žena,Střední Čechy,Hybrid Commuters,FlexPass,41,61,63,89,64,0.882,TRUE
R1145,65+,muž,Střední Morava,Hybrid Commuters,FlexPass,52,69,58,60,60,0.9,TRUE
R1146,45–64,žena,Severovýchod,Comfort Members,Membership Plus,38,49,48,58,48,1.093,TRUE
R1147,30–44,žena,Jihovýchod,Weekend Explorers,FlexPass,40,87,83,40,62,1.077,TRUE
R1148,30–44,muž,Jihovýchod,Price Planners,FlexPass,46,70,56,79,63,0.803,TRUE
R1149,65+,žena,Jihozápad,Price Planners,FlexPass,44,85,89,74,73,1.08,TRUE
R1150,30–44,žena,Severozápad,Comfort Members,Membership Plus,26,90,57,61,58,1.032,TRUE
R1151,18–29,muž,Jihozápad,Hybrid Commuters,FlexPass,61,75,70,89,74,0.874,TRUE
R1152,45–64,muž,Střední Čechy,Daily Commuters,Commuter Pass,28,47,80,85,60,0.961,TRUE
R1153,30–44,žena,Jihovýchod,Daily Commuters,Commuter Pass,37,80,84,76,69,0.788,TRUE
R1154,45–64,žena,Střední Morava,Hybrid Commuters,FlexPass,26,45,53,86,52,0.962,TRUE
R1155,45–64,muž,Střední Morava,Hybrid Commuters,FlexPass,52,63,54,43,53,1.192,TRUE
R1156,18–29,muž,Severozápad,Hybrid Commuters,FlexPass,53,78,57,37,56,0.824,TRUE
R1157,30–44,muž,Praha,Daily Commuters,Commuter Pass,31,61,48,82,56,0.838,TRUE
R1158,30–44,žena,Jihovýchod,Daily Commuters,Commuter Pass,60,81,80,61,70,0.835,TRUE
R1159,45–64,muž,Střední Morava,Comfort Members,Membership Plus,59,88,90,39,69,1.055,TRUE
R1160,65+,muž,Severovýchod,Hybrid Commuters,FlexPass,56,80,86,47,67,0.816,TRUE
R1161,65+,žena,Jihovýchod,Daily Commuters,Commuter Pass,49,57,62,48,54,1.121,TRUE
R1162,65+,muž,Střední Čechy,Price Planners,FlexPass,45,64,49,36,48,1.175,TRUE
R1163,30–44,žena,Střední Čechy,Weekend Explorers,FlexPass,27,78,60,58,56,0.88,TRUE
R1164,45–64,žena,Severozápad,Price Planners,FlexPass,31,54,79,57,55,1.169,TRUE
R1165,65+,muž,Jihovýchod,Hybrid Commuters,FlexPass,52,85,90,55,70,0.805,TRUE
R1166,65+,žena,Jihozápad,Hybrid Commuters,FlexPass,55,48,54,87,61,0.763,TRUE
R1167,30–44,žena,Praha,Comfort Members,Membership Plus,61,72,66,81,70,0.965,TRUE
R1168,18–29,žena,Jihozápad,Weekend Explorers,FlexPass,46,59,69,48,56,1.129,TRUE
R1169,65+,žena,Severozápad,Price Planners,FlexPass,29,70,62,39,50,1.018,TRUE
R1170,18–29,žena,Střední Morava,Daily Commuters,Commuter Pass,45,55,80,65,61,1.21,TRUE
R1171,65+,muž,Moravskoslezsko,Daily Commuters,Commuter Pass,48,74,73,36,58,1.068,TRUE
R1172,30–44,žena,Praha,Comfort Members,Membership Plus,29,46,80,89,61,0.966,TRUE
R1173,65+,muž,Severozápad,Hybrid Commuters,FlexPass,52,78,68,75,68,0.933,TRUE
R1174,45–64,muž,Praha,Comfort Members,Membership Plus,31,87,62,73,63,1.167,TRUE
R1175,18–29,muž,Jihovýchod,Daily Commuters,Commuter Pass,62,84,77,62,71,0.816,TRUE
R1176,45–64,žena,Střední Čechy,Daily Commuters,Commuter Pass,59,65,70,79,68,0.839,TRUE
R1177,30–44,muž,Severozápad,Hybrid Commuters,FlexPass,51,83,67,44,61,1.012,TRUE
R1178,65+,muž,Praha,Weekend Explorers,FlexPass,52,55,74,77,64,1.071,TRUE
R1179,45–64,muž,Střední Čechy,Hybrid Commuters,FlexPass,50,81,79,84,74,1.182,TRUE
R1180,45–64,muž,Jihovýchod,Daily Commuters,Commuter Pass,48,65,46,64,56,0.896,TRUE
R1181,18–29,žena,Severovýchod,Hybrid Commuters,FlexPass,32,70,47,48,49,0.854,TRUE
R1182,18–29,žena,Severozápad,Daily Commuters,Commuter Pass,45,89,54,48,59,1.187,TRUE
R1183,45–64,muž,Severozápad,Weekend Explorers,FlexPass,56,80,78,57,68,1.056,TRUE
R1184,18–29,žena,Jihozápad,Daily Commuters,Commuter Pass,31,47,46,36,40,1.189,TRUE
R1185,30–44,muž,Jihozápad,Hybrid Commuters,FlexPass,49,50,71,39,52,1.048,TRUE
R1186,65+,muž,Moravskoslezsko,Daily Commuters,Commuter Pass,29,61,55,49,48,0.945,TRUE
R1187,18–29,muž,Jihozápad,Price Planners,FlexPass,47,55,57,71,58,0.824,TRUE
R1188,65+,žena,Jihovýchod,Price Planners,FlexPass,45,60,54,74,58,1.171,TRUE
R1189,18–29,žena,Střední Morava,Hybrid Commuters,FlexPass,55,56,72,72,64,0.843,TRUE
R1190,18–29,muž,Střední Morava,Daily Commuters,Commuter Pass,47,87,70,35,60,1.15,TRUE
R1191,45–64,muž,Severovýchod,Weekend Explorers,FlexPass,44,84,45,47,55,0.796,TRUE
R1192,30–44,žena,Jihovýchod,Hybrid Commuters,FlexPass,60,81,70,40,63,0.899,TRUE
R1193,45–64,žena,Moravskoslezsko,Hybrid Commuters,FlexPass,30,45,57,63,49,0.946,TRUE
R1194,18–29,muž,Moravskoslezsko,Weekend Explorers,FlexPass,26,89,66,70,63,1.178,TRUE
R1195,18–29,žena,Jihozápad,Weekend Explorers,FlexPass,47,83,82,81,73,1.176,TRUE
R1196,30–44,žena,Moravskoslezsko,Hybrid Commuters,FlexPass,36,47,89,56,57,0.838,TRUE
R1197,30–44,žena,Jihozápad,Price Planners,FlexPass,29,73,55,39,49,1.087,TRUE
R1198,45–64,žena,Jihozápad,Weekend Explorers,FlexPass,33,83,82,64,66,0.932,TRUE
R1199,45–64,muž,Severovýchod,Hybrid Commuters,FlexPass,31,78,81,66,64,0.827,TRUE
R1200,65+,žena,Severozápad,Hybrid Commuters,FlexPass,35,53,51,40,45,0.8,TRUE
R1201,45–64,muž,Severovýchod,Daily Commuters,Commuter Pass,30,47,88,77,60,0.827,TRUE
R1202,18–29,žena,Jihozápad,Comfort Members,Membership Plus,44,45,69,51,52,1.171,TRUE
R1203,18–29,muž,Severozápad,Comfort Members,Membership Plus,27,62,59,35,46,1.247,TRUE
R1204,65+,žena,Jihozápad,Hybrid Commuters,FlexPass,44,61,57,80,60,1.156,TRUE
R1205,45–64,žena,Severozápad,Hybrid Commuters,FlexPass,32,62,80,84,64,1.044,TRUE
R1206,45–64,žena,Jihovýchod,Weekend Explorers,FlexPass,55,68,86,90,75,0.918,TRUE
R1207,45–64,muž,Střední Čechy,Weekend Explorers,FlexPass,41,85,63,66,64,0.924,TRUE
R1208,65+,muž,Jihozápad,Daily Commuters,Commuter Pass,53,72,62,74,65,0.839,TRUE
R1209,18–29,žena,Moravskoslezsko,Hybrid Commuters,FlexPass,57,64,59,49,57,0.912,TRUE
R1210,30–44,žena,Jihozápad,Daily Commuters,Commuter Pass,48,86,52,42,57,0.826,TRUE
R1211,18–29,žena,Střední Čechy,Hybrid Commuters,FlexPass,50,83,86,47,66,0.885,TRUE
R1212,18–29,žena,Severozápad,Weekend Explorers,FlexPass,45,88,59,77,67,0.935,TRUE
R1213,30–44,žena,Severozápad,Comfort Members,Membership Plus,37,59,72,76,61,0.954,TRUE
R1214,18–29,muž,Praha,Daily Commuters,Commuter Pass,29,57,72,85,61,1.171,TRUE
R1215,30–44,žena,Severovýchod,Daily Commuters,Commuter Pass,40,85,48,84,64,0.781,TRUE
R1216,18–29,muž,Severovýchod,Comfort Members,Membership Plus,41,66,79,68,64,0.862,TRUE
R1217,65+,muž,Střední Morava,Price Planners,FlexPass,36,85,61,56,60,1.063,TRUE
R1218,45–64,muž,Střední Morava,Price Planners,FlexPass,31,88,54,74,62,0.752,TRUE
R1219,65+,žena,Jihozápad,Daily Commuters,Commuter Pass,34,89,68,65,64,1.194,TRUE
R1220,65+,muž,Praha,Hybrid Commuters,FlexPass,52,75,72,63,66,1.175,TRUE
R1221,45–64,žena,Moravskoslezsko,Daily Commuters,Commuter Pass,38,81,71,75,66,0.904,TRUE
R1222,18–29,muž,Střední Morava,Hybrid Commuters,FlexPass,37,74,48,65,56,0.894,TRUE
R1223,45–64,žena,Jihozápad,Hybrid Commuters,FlexPass,40,77,63,67,62,1.156,TRUE
R1224,65+,muž,Severovýchod,Comfort Members,Membership Plus,50,48,86,50,58,1.134,TRUE
R1225,18–29,muž,Praha,Hybrid Commuters,FlexPass,51,78,83,46,64,1.032,TRUE
R1226,18–29,žena,Moravskoslezsko,Hybrid Commuters,FlexPass,61,66,63,78,67,0.816,TRUE
R1227,30–44,žena,Praha,Price Planners,FlexPass,38,88,83,58,67,0.937,TRUE
R1228,45–64,muž,Severovýchod,Weekend Explorers,FlexPass,34,56,81,48,55,0.879,TRUE
R1229,30–44,žena,Střední Čechy,Weekend Explorers,FlexPass,58,65,72,60,64,1.198,TRUE
R1230,45–64,žena,Jihozápad,Hybrid Commuters,FlexPass,54,87,48,56,61,0.774,TRUE
R1231,45–64,žena,Střední Čechy,Daily Commuters,Commuter Pass,38,85,72,75,68,1.243,TRUE
R1232,65+,žena,Jihozápad,Weekend Explorers,FlexPass,31,62,82,58,58,0.853,TRUE
R1233,30–44,muž,Střední Morava,Comfort Members,Membership Plus,51,59,74,82,66,0.794,TRUE
R1234,30–44,žena,Severovýchod,Daily Commuters,Commuter Pass,52,77,69,86,71,0.765,TRUE
R1235,18–29,žena,Severozápad,Hybrid Commuters,FlexPass,59,67,48,37,53,0.992,TRUE
R1236,30–44,muž,Jihozápad,Weekend Explorers,FlexPass,37,53,77,53,55,0.945,TRUE
R1237,45–64,muž,Praha,Daily Commuters,Commuter Pass,55,60,81,66,66,0.874,TRUE
R1238,30–44,žena,Severovýchod,Weekend Explorers,FlexPass,48,80,81,55,66,1.209,TRUE
R1239,30–44,žena,Severozápad,Price Planners,FlexPass,46,46,87,82,65,0.778,TRUE
R1240,65+,žena,Severozápad,Daily Commuters,Commuter Pass,55,64,46,42,52,1.133,TRUE
R1241,45–64,žena,Střední Čechy,Price Planners,FlexPass,37,74,64,48,56,1.149,TRUE
R1242,65+,žena,Jihovýchod,Comfort Members,Membership Plus,52,87,46,53,60,1.216,TRUE
R1243,45–64,muž,Severozápad,Daily Commuters,Commuter Pass,48,65,73,48,58,0.843,TRUE
R1244,30–44,muž,Moravskoslezsko,Daily Commuters,Commuter Pass,36,46,90,85,64,0.882,TRUE
R1245,65+,žena,Severozápad,Comfort Members,Membership Plus,40,87,78,64,67,0.758,TRUE
R1246,65+,muž,Severovýchod,Daily Commuters,Commuter Pass,56,56,47,81,60,0.942,TRUE
R1247,30–44,muž,Praha,Comfort Members,Membership Plus,56,67,57,82,66,0.853,TRUE
R1248,30–44,muž,Praha,Daily Commuters,Commuter Pass,39,83,66,89,69,0.926,TRUE
R1249,30–44,žena,Jihozápad,Daily Commuters,Commuter Pass,50,87,79,44,65,1.225,TRUE
R1250,65+,žena,Jihovýchod,Weekend Explorers,FlexPass,46,85,88,76,74,1.17,TRUE
