respondent_id,variant_id,consideration_pct,switch_intent_pct,trust,savings,simplicity,control,respondent_composite_0_100
1,A,0,1,5.7,4.5,8.5,5.8,57.5
1,B,1,0,4.9,5.7,4.7,6.5,53.0
1,C,1,1,5.7,3.9,6.4,8.1,73.5
1,D,0,1,7.3,5.7,5.3,6.8,58.5
2,A,0,0,5.5,4.4,5.1,6.4,35.7
2,B,0,0,3.0,6.9,3.2,5.8,31.5
2,C,0,0,4.3,3.8,4.5,6.9,32.5
2,D,1,0,5.1,5.8,6.1,6.1,55.2
3,A,1,0,7.0,2.7,5.6,3.3,47.7
3,B,1,1,4.4,6.6,4.8,5.8,69.3
3,C,1,0,8.3,7.2,3.6,5.0,56.8
3,D,1,1,4.3,5.2,5.1,6.6,68.7
4,A,0,0,4.5,5.8,6.6,6.4,38.8
4,B,1,1,5.6,6.1,5.7,7.8,75.3
4,C,1,0,5.2,4.3,6.0,9.5,58.3
4,D,1,1,5.6,6.5,4.0,7.8,73.2
5,A,1,0,4.5,6.0,5.1,5.8,52.3
5,B,1,1,7.5,5.1,1.2,4.9,64.5
5,C,0,0,6.9,5.2,6.0,5.0,38.5
5,D,1,0,8.1,6.7,3.9,8.4,61.8
6,A,0,1,7.9,3.2,6.1,6.8,56.7
6,B,1,1,3.6,7.9,4.1,4.7,67.2
6,C,0,0,6.7,5.5,6.9,5.2,40.5
6,D,1,0,7.1,5.2,8.1,7.3,62.8
7,A,0,1,6.1,7.3,7.7,6.4,62.5
7,B,0,0,6.3,6.3,3.9,5.9,37.3
7,C,1,0,5.2,4.6,5.1,5.7,51.0
7,D,0,1,7.2,6.0,8.9,7.9,66.7
8,A,0,0,6.2,3.2,8.6,6.9,41.5
8,B,0,1,2.7,7.6,4.2,6.8,52.2
8,C,1,1,4.8,4.4,4.0,4.5,62.8
8,D,1,1,3.5,5.5,5.6,5.3,66.5
9,A,0,1,8.0,3.7,7.2,4.2,55.2
9,B,0,1,4.6,8.8,5.0,6.1,57.5
9,C,0,0,8.0,3.9,9.7,5.4,45.0
9,D,0,1,3.8,4.4,3.5,5.6,45.5
10,A,1,0,6.5,5.9,5.7,7.3,59.0
10,B,1,1,6.6,8.3,3.9,6.6,75.7
10,C,1,0,7.4,4.1,7.0,6.3,58.0
10,D,0,1,4.2,4.6,7.4,7.6,56.3
11,A,1,0,7.2,7.0,6.1,4.5,58.0
11,B,0,1,6.6,5.7,6.0,6.2,57.5
11,C,1,1,7.6,2.4,6.3,6.0,70.5
11,D,0,1,9.5,7.7,5.9,7.0,66.8
12,A,0,0,5.1,4.5,8.1,3.6,35.5
12,B,0,1,6.7,10,3.3,7.5,62.5
12,C,0,1,4.1,3.1,5.6,6.3,48.5
12,D,0,0,5.7,4.3,4.3,6.4,34.5
13,A,1,0,6.7,4.5,7.7,7.1,60.0
13,B,0,1,6.5,5.9,6.6,4.9,56.5
13,C,1,0,6.7,6.1,6.4,4.4,56.0
13,D,1,1,6.4,5.9,7.3,4.6,73.7
14,A,0,0,6.3,4.8,6.6,7.0,41.2
14,B,1,0,4.8,6.6,4.4,6.3,53.5
14,C,1,1,6.1,2.7,4.2,6.2,65.3
14,D,1,1,8.6,4.0,5.6,6.9,75.2
15,A,1,0,8.1,3.4,7.5,8.1,61.8
15,B,0,1,4.4,7.9,5.4,7.0,57.8
15,C,0,1,6.8,4.1,6.4,6.7,56.7
15,D,0,1,6.7,6.1,8.4,7.9,65.2
16,A,1,0,9.0,4.3,7.3,8.1,64.5
16,B,1,1,4.5,6.7,3.8,5.7,67.8
16,C,1,0,7.4,5.1,5.8,6.3,57.7
16,D,1,0,7.2,4.7,5.7,5.9,55.8
17,A,1,0,10,5.0,5.3,3.8,56.8
17,B,0,1,4.0,8.2,4.6,5.1,53.2
17,C,0,0,7.9,5.2,7.7,4.8,42.7
17,D,1,1,5.5,6.1,6.6,6.2,74.0
18,A,0,1,6.1,7.6,5.8,5.7,58.7
18,B,0,0,4.2,5.5,2.9,7.2,33.0
18,C,0,0,4.5,5.5,7.7,4.9,37.7
18,D,1,0,6.2,6.1,8.0,6.6,61.5
19,A,1,0,8.2,3.2,6.6,6.1,56.8
19,B,0,0,4.4,7.1,5.3,5.3,36.8
19,C,0,1,3.6,2.9,7.3,5.6,49.0
19,D,0,1,7.3,6.1,4.8,5.8,56.7
20,A,0,0,5.1,3.8,6.7,6.1,36.2
20,B,1,0,3.5,6.1,3.7,6.2,49.2
20,C,1,0,6.6,5.9,6.4,6.1,58.3
20,D,0,1,5.7,7.9,6.9,8.1,64.3
21,A,1,0,7.7,3.9,7.9,4.9,57.3
21,B,0,1,4.8,7.6,3.8,4.9,51.8
21,C,0,0,6.9,3.0,4.9,4.9,32.8
21,D,1,0,3.5,4.8,5.3,5.8,49.0
22,A,1,0,8.4,3.6,5.5,3.2,51.2
22,B,1,1,5.1,7.6,4.6,8.3,76.0
22,C,0,0,5.4,4.6,5.7,6.9,37.7
22,D,1,1,6.4,3.7,5.9,7.5,72.5
23,A,0,0,6.2,5.4,6.3,6.1,40.0
23,B,1,1,7.2,5.7,4.0,5.7,71.0
23,C,0,0,5.4,5.3,6.8,4.5,36.7
23,D,1,1,6.3,7.1,6.3,6.2,76.5
24,A,0,1,6.1,6.7,5.6,5.2,56.0
24,B,1,0,5.6,7.3,3.4,4.6,51.5
24,C,0,0,7.1,4.7,7.6,4.7,40.2
24,D,1,0,5.9,7.0,6.8,5.6,58.8
25,A,1,0,5.9,4.0,5.9,3.0,48.0
25,B,1,1,1.9,6.8,3.5,8.4,67.7
25,C,1,0,5.4,4.1,7.3,5.6,54.0
25,D,0,1,5.8,9.2,5.0,7.0,61.7
26,A,1,1,8.8,4.2,6.4,6.9,77.2
26,B,1,0,4.0,7.4,5.8,5.0,53.7
26,C,0,0,6.5,4.9,4.7,7.1,38.7
26,D,0,0,4.9,5.7,4.6,6.5,36.2
27,A,0,0,6.9,3.5,6.7,6.4,39.2
27,B,0,1,4.5,8.5,5.5,5.7,57.0
27,C,1,1,6.7,4.6,7.0,4.8,71.8
27,D,1,1,6.5,5.5,6.6,7.2,76.3
28,A,0,0,7.6,5.8,7.9,6.4,46.2
28,B,1,1,6.5,5.6,4.0,6.8,71.5
28,C,0,0,7.8,4.3,8.0,7.2,45.5
28,D,1,1,7.0,6.8,5.8,6.4,76.7
29,A,1,0,5.8,3.8,5.0,6.5,51.8
29,B,0,1,5.3,3.8,5.5,3.8,47.3
29,C,1,0,7.3,4.7,5.2,7.4,57.7
29,D,1,0,5.9,6.2,7.6,4.5,57.0
30,A,1,1,6.0,6.7,7.1,7.3,78.5
30,B,1,0,5.6,5.1,5.7,7.6,56.7
30,C,0,0,6.0,2.4,8.3,4.9,36.0
30,D,1,1,5.1,6.5,8.2,5.8,76.0
31,A,1,1,5.8,5.6,6.9,4.3,71.0
31,B,1,0,5.1,8.6,4.5,8.4,61.0
31,C,0,0,7.5,5.8,5.4,5.3,40.0
31,D,0,0,8.5,6.4,7.3,6.7,48.2
32,A,1,1,7.5,7.3,4.8,7.2,78.0
32,B,0,0,1.7,7.8,3.5,3.9,28.2
32,C,1,0,6.9,4.7,5.5,7.2,57.2
32,D,1,0,5.1,6.7,5.4,6.0,55.3
33,A,0,0,8.0,6.1,7.4,5.3,44.7
33,B,1,1,4.4,6.0,4.6,6.2,68.7
33,C,0,1,6.2,3.6,6.4,5.2,52.3
33,D,1,1,7.1,7.9,5.0,7.8,79.7
34,A,0,1,5.8,1.8,6.1,6.8,50.8
34,B,1,1,4.6,7.5,2.7,7.2,70.0
34,C,0,0,6.5,2.1,6.0,5.3,33.2
34,D,1,1,8.7,7.0,6.8,6.5,81.7
35,A,1,0,6.9,1.1,7.6,7.0,54.3
35,B,0,0,4.2,6.7,5.0,5.3,35.3
35,C,0,1,6.0,2.8,5.2,5.2,48.7
35,D,0,0,7.9,5.2,5.8,7.1,43.3
36,A,0,1,4.4,6.2,7.2,4.6,54.0
36,B,1,0,4.2,6.2,5.6,6.5,54.2
36,C,0,0,4.6,5.6,6.5,4.8,35.8
36,D,0,0,7.7,6.4,4.5,7.0,42.7
37,A,0,1,7.7,6.2,7.2,5.0,60.2
37,B,1,0,7.3,8.4,3.9,5.7,58.8
37,C,0,0,5.3,3.5,7.8,5.1,36.2
37,D,0,0,4.0,5.9,7.2,5.4,37.5
38,A,1,0,7.5,3.3,6.9,6.6,57.2
38,B,1,1,4.4,6.2,2.3,7.1,66.7
38,C,1,0,5.4,4.6,6.2,5.5,52.8
38,D,1,0,6.6,7.0,7.1,6.4,61.8
39,A,1,0,7.4,3.5,7.5,5.9,57.2
39,B,0,1,2.2,8.0,2.9,5.4,47.5
39,C,0,1,6.0,5.9,7.1,2.8,53.0
39,D,1,0,8.1,6.3,8.4,7.9,67.8
40,A,0,0,7.7,4.6,6.7,3.5,37.5
40,B,1,1,6.2,7.1,5.7,6.0,75.0
40,C,0,1,8.6,3.6,5.4,6.2,56.3
40,D,0,1,7.6,6.2,7.2,6.7,62.8
41,A,0,0,9.5,3.0,6.6,6.5,42.7
41,B,0,0,5.5,6.1,6.2,3.5,35.5
41,C,0,0,5.3,5.2,4.6,6.8,36.5
41,D,1,0,7.2,4.7,7.4,5.8,58.5
42,A,1,0,4.7,2.2,6.4,5.2,47.5
42,B,1,1,4.8,6.9,3.5,6.1,68.8
42,C,0,1,6.5,4.3,6.5,4.7,53.3
42,D,1,1,7.0,5.9,7.6,5.9,77.3
43,A,0,0,7.9,4.6,6.6,5.3,40.7
43,B,1,1,4.6,6.9,5.1,5.9,70.8
43,C,1,0,5.2,3.7,7.2,4.8,51.5
43,D,1,1,6.3,5.4,8.1,7.8,79.3
44,A,1,0,7.4,3.6,4.5,5.3,51.3
44,B,1,0,3.7,8.0,3.8,6.0,52.5
44,C,0,1,4.6,4.4,6.3,5.6,51.5
44,D,1,0,4.8,4.5,6.7,6.1,53.5
45,A,0,1,6.9,4.4,5.5,5.6,54.0
45,B,0,1,5.3,6.5,2.4,5.8,50.0
45,C,1,1,7.2,4.8,6.0,3.6,69.3
45,D,1,0,6.9,6.6,6.9,6.7,61.8
46,A,0,0,5.7,3.6,6.5,4.2,33.3
46,B,0,1,6.4,6.6,7.2,7.6,63.0
46,C,1,0,5.0,5.1,7.5,5.1,54.5
46,D,0,1,7.4,5.5,5.5,5.0,55.7
47,A,1,0,5.8,6.2,4.2,6.3,54.2
47,B,0,1,6.4,5.6,4.7,7.9,57.7
47,C,0,0,4.9,5.9,4.8,7.1,37.8
47,D,1,1,6.6,8.2,7.5,6.8,81.8
48,A,1,0,6.0,6.4,6.4,3.1,53.2
48,B,0,1,3.8,8.9,3.2,4.2,50.2
48,C,1,0,7.6,5.2,4.8,5.1,54.5
48,D,0,1,7.8,9.5,5.2,6.9,65.7
49,A,0,0,5.5,7.1,5.5,6.0,40.2
49,B,0,1,5.6,5.2,4.9,7.2,54.8
49,C,1,0,8.0,6.9,5.4,4.0,57.2
49,D,1,1,8.1,6.6,5.6,6.7,78.3
50,A,0,1,9.3,4.8,7.9,5.2,62.0
50,B,1,1,4.9,7.4,4.4,7.9,74.3
50,C,0,0,5.4,4.3,5.3,7.1,36.8
50,D,1,1,4.7,5.8,6.6,6.8,73.2
51,A,0,0,8.4,3.2,5.0,5.3,36.5
51,B,0,1,2.8,6.2,6.4,5.8,52.0
51,C,0,0,8.4,4.3,6.2,4.8,39.5
51,D,1,1,5.3,3.5,4.2,7.6,67.7
52,A,0,0,6.8,3.9,7.0,7.3,41.7
52,B,0,1,3.6,7.6,5.5,7.2,56.5
52,C,1,0,6.7,5.0,5.6,5.4,54.5
52,D,1,1,7.1,7.1,4.1,7.9,77.0
53,A,0,0,6.4,3.6,6.8,6.0,38.0
53,B,1,1,6.2,5.6,5.5,5.7,71.7
53,C,0,1,6.5,5.5,5.7,3.8,52.5
53,D,1,0,4.9,4.6,3.3,7.6,50.7
54,A,1,1,6.4,2.7,5.3,4.4,64.7
54,B,0,1,4.3,4.8,5.7,5.1,49.8
54,C,1,0,5.8,6.6,6.3,6.7,59.0
54,D,1,1,7.0,9.0,5.0,9.6,84.3
55,A,1,0,7.8,3.7,8.8,7.9,63.7
55,B,0,0,5.2,6.7,4.6,6.3,38.0
55,C,0,1,7.1,6.3,6.3,4.3,56.7
55,D,1,0,6.5,6.0,6.4,5.8,57.8
56,A,1,0,5.2,1.8,7.9,3.2,46.8
56,B,1,1,5.6,7.0,4.2,7.7,74.2
56,C,0,0,5.5,5.8,7.0,4.5,38.0
56,D,1,1,5.1,5.8,3.9,5.8,67.7
57,A,1,0,4.2,2.9,3.1,5.2,42.3
57,B,0,0,4.0,5.7,3.8,6.9,34.0
57,C,0,0,5.8,2.9,7.8,5.2,36.2
57,D,1,0,6.2,7.4,8.8,5.5,63.2
58,A,0,1,5.8,5.2,6.5,6.2,56.2
58,B,0,1,4.9,7.0,3.8,5.8,52.5
58,C,0,0,6.1,3.9,4.9,8.1,38.3
58,D,0,1,7.3,7.1,2.8,6.9,56.8
59,A,0,0,6.0,4.0,4.5,4.1,31.0
59,B,0,0,5.4,7.2,5.1,5.8,39.2
59,C,0,1,7.1,5.6,5.3,5.1,55.2
59,D,0,0,2.6,5.6,5.5,6.8,34.2
60,A,0,1,5.2,4.2,8.0,5.1,54.2
60,B,1,1,2.8,5.5,6.0,4.6,64.8
60,C,0,0,6.9,6.7,5.2,6.2,41.7
60,D,1,1,8.0,7.8,7.4,8.1,85.5
61,A,1,0,5.5,5.3,6.0,5.0,53.0
61,B,1,1,4.0,4.9,2.4,7.5,64.7
61,C,0,0,6.5,6.9,6.9,5.5,43.0
61,D,0,1,8.0,6.6,5.5,5.1,58.7
62,A,1,0,5.1,5.0,7.7,6.0,56.3
62,B,1,0,6.0,7.1,5.4,5.6,56.8
62,C,1,0,5.7,5.5,6.8,5.8,56.3
62,D,1,1,10,5.6,6.1,8.0,82.8
63,A,1,1,6.4,5.1,7.3,5.4,73.7
63,B,1,1,5.7,8.3,4.1,7.2,75.5
63,C,1,0,6.6,4.5,5.5,7.9,57.5
63,D,1,0,6.7,7.9,4.4,7.3,60.5
64,A,1,0,6.1,1.9,6.3,4.3,47.7
64,B,1,0,4.1,6.7,5.3,6.8,54.8
64,C,0,0,4.0,2.5,7.2,5.9,32.7
64,D,1,0,4.3,5.6,7.0,7.6,57.5
65,A,0,0,6.3,5.2,7.0,4.9,39.0
65,B,0,0,2.6,7.0,3.5,8.1,35.3
65,C,0,0,6.0,2.6,5.3,6.1,33.3
65,D,1,1,5.7,7.2,4.6,8.7,77.0
66,A,1,0,6.6,5.5,7.8,6.9,61.3
66,B,1,0,3.1,8.9,4.7,9.0,59.5
66,C,1,0,8.1,4.3,5.9,4.6,54.8
66,D,1,0,6.6,5.4,3.9,6.1,53.3
67,A,1,0,6.6,6.0,5.5,3.0,51.8
67,B,0,0,5.5,6.5,5.4,7.5,41.5
67,C,0,1,6.5,5.7,6.2,4.1,54.2
67,D,1,0,3.7,5.2,5.1,9.9,56.5
68,A,1,0,7.2,5.8,8.1,7.4,64.2
68,B,0,1,6.1,7.6,4.4,8.1,60.3
68,C,1,1,7.6,3.3,3.5,7.8,70.3
68,D,1,1,6.4,4.9,3.4,7.5,70.3
69,A,1,1,5.4,6.2,7.0,3.3,69.8
69,B,0,0,4.6,5.6,3.9,6.7,34.7
69,C,1,0,5.8,4.0,4.3,5.6,49.5
69,D,0,0,6.7,3.9,3.1,7.5,35.3
70,A,0,1,5.3,4.4,6.6,4.3,51.0
70,B,1,0,2.5,6.8,1,6.9,45.3
70,C,1,0,6.0,5.9,5.9,4.8,54.3
70,D,1,0,7.5,5.3,7.0,6.6,60.7
71,A,0,0,7.4,6.2,6.6,6.1,43.8
71,B,0,0,5.0,7.3,4.7,4.8,36.3
71,C,1,0,3.0,4.8,6.5,4.5,48.0
71,D,1,0,7.1,5.8,4.5,5.2,54.3
72,A,0,0,7.1,3.6,6.9,3.9,35.8
72,B,1,1,4.8,6.6,5.0,9.4,76.3
72,C,1,1,4.9,3.8,5.3,5.5,65.8
72,D,0,0,4.8,8.6,6.7,4.8,41.5
73,A,0,0,6.9,3.8,8.1,4.9,39.5
73,B,1,0,4.4,5.9,6.0,5.7,53.3
73,C,0,1,7.4,7.4,4.6,4.9,57.2
73,D,1,1,7.3,4.7,5.2,7.0,73.7
74,A,0,1,6.5,5.4,5.1,5.1,53.5
74,B,1,0,3.9,6.0,4.9,4.2,48.3
74,C,1,0,4.2,5.6,4.2,4.6,47.7
74,D,0,0,7.9,6.8,5.7,6.0,44.0
75,A,1,0,6.4,3.3,4.3,5.7,49.5
75,B,1,1,6.2,5.1,4.8,6.0,70.2
75,C,0,0,6.6,3.6,6.2,5.8,37.0
75,D,1,0,4.2,9.0,4.6,6.1,56.5
76,A,0,0,7.0,5.3,8.3,5.4,43.3
76,B,1,1,3.9,6.9,5.0,5.1,68.2
76,C,0,0,3.7,4.2,7.6,5.8,35.5
76,D,1,1,6.4,4.9,6.3,4.6,70.3
77,A,1,0,6.7,5.9,7.0,7.5,61.8
77,B,0,0,6.5,5.8,4.1,6.8,38.7
77,C,0,0,7.5,5.8,5.6,5.1,40.0
77,D,0,0,7.2,5.8,4.4,6.8,40.3
78,A,0,0,8.4,2.9,6.9,3.9,36.8
78,B,0,1,6.0,5.9,3.6,6.9,54.0
78,C,0,1,8.0,4.7,5.2,6.7,57.7
78,D,0,0,6.2,5.3,6.5,7.0,41.7
79,A,1,0,6.5,3.6,8.8,4.7,56.0
79,B,1,0,5.9,8.6,4.9,5.6,58.3
79,C,0,0,5.5,4.4,7.5,5.3,37.8
79,D,1,0,6.7,4.2,5.8,8.2,58.2
80,A,1,0,7.2,6.0,5.1,5.8,56.8
80,B,1,0,4.9,6.3,4.4,7.3,54.8
80,C,0,1,6.2,6.1,4.2,7.1,56.0
80,D,0,1,8.1,8.6,4.5,6.7,63.2
81,A,1,0,5.8,4.5,9.3,5.7,58.8
81,B,1,0,3.0,6.6,3.1,6.7,49.0
81,C,0,0,5.7,4.8,5.7,3.4,32.7
81,D,0,0,8.5,7.0,6.3,7.6,49.0
82,A,0,1,7.8,3.3,7.4,4.0,54.2
82,B,1,1,4.2,8.0,7.7,7.7,79.3
82,C,0,0,8.3,6.9,6.4,4.6,43.7
82,D,0,1,7.9,6.5,7.6,6.9,64.8
83,A,0,0,6.4,5.0,6.6,5.4,39.0
83,B,1,1,3.7,5.9,3.1,6.8,65.8
83,C,1,0,5.6,6.0,5.8,5.7,55.2
83,D,0,0,6.4,5.9,6.4,6.8,42.5
84,A,0,0,5.5,2.4,7.3,2.8,30.0
84,B,0,0,6.4,6.5,7.9,7.0,46.3
84,C,0,0,5.6,5.9,8.6,4.3,40.7
84,D,0,1,4.2,5.2,5.7,6.0,51.8
85,A,0,0,8.0,4.5,4.6,6.1,38.7
85,B,0,0,6.5,7.8,5.6,5.5,42.3
85,C,0,1,3.5,5.6,6.4,5.3,51.3
85,D,1,0,5.5,7.6,5.5,5.8,57.3
86,A,1,0,5.6,5.9,9.5,6.8,63.0
86,B,0,0,2.8,6.3,6.4,6.4,36.5
86,C,0,1,8.0,4.2,5.3,4.0,52.5
86,D,0,1,7.8,6.9,6.0,5.5,60.3
87,A,0,0,5.8,6.2,8.1,6.8,44.8
87,B,1,0,3.0,9.3,3.4,4.2,49.8
87,C,0,0,6.6,5.2,6.0,6.0,39.7
87,D,1,0,7.6,7.5,5.5,7.4,63.3
88,A,0,0,8.0,3.9,6.5,5.6,40.0
88,B,1,0,3.5,8.5,4.0,7.1,55.2
88,C,1,1,4.4,5.2,6.6,2.6,64.7
88,D,0,1,7.0,7.6,7.9,8.4,68.2
89,A,1,0,4.8,7.6,5.5,5.6,55.8
89,B,0,0,3.3,8.8,3.8,4.5,34.0
89,C,1,1,7.4,6.0,4.2,6.3,73.2
89,D,0,1,5.7,6.2,7.4,6.6,59.8
90,A,0,0,5.7,4.6,5.8,5.7,36.3
90,B,1,0,6.2,4.3,4.8,7.6,54.8
90,C,0,0,7.4,5.8,9.2,4.8,45.3
90,D,1,0,4.7,4.8,7.1,5.6,53.7
91,A,1,0,7.6,5.3,6.1,4.1,55.2
91,B,1,1,4.6,7.8,4.8,6.4,72.7
91,C,1,0,6.9,6.6,5.3,7.6,60.7
91,D,0,1,7.7,6.9,6.7,8.2,65.8
92,A,0,0,5.9,7.3,10,2.8,43.3
92,B,0,1,3.7,8.8,5.0,6.4,56.5
92,C,0,1,4.5,5.0,8.0,4.7,53.7
92,D,1,1,4.7,5.8,8.0,5.9,74.0
93,A,0,1,5.2,5.0,5.1,5.5,51.3
93,B,1,0,4.4,8.5,3.7,5.5,53.5
93,C,0,0,6.7,3.0,7.1,6.0,38.0
93,D,1,0,6.7,5.3,5.9,6.6,57.5
94,A,1,0,5.8,4.2,6.8,7.2,56.7
94,B,1,0,5.6,8.1,4.3,8.0,60.0
94,C,0,0,3.8,4.2,6.2,6.1,33.8
94,D,1,1,5.6,5.2,5.2,5.3,68.8
95,A,1,1,5.6,6.5,7.6,6.2,76.5
95,B,1,1,3.6,7.5,6.1,7.1,73.8
95,C,1,1,6.0,5.9,6.9,5.6,74.0
95,D,0,0,6.1,7.9,7.8,7.8,49.3
96,A,0,0,7.2,6.1,7.6,5.8,44.5
96,B,1,1,6.2,9.0,7.6,6.6,82.3
96,C,0,0,3.2,6.1,7.3,5.4,36.7
96,D,1,0,5.2,6.3,9.2,5.8,60.8
97,A,1,0,4.9,4.8,6.7,4.5,51.5
97,B,0,1,5.1,7.0,4.9,4.3,52.2
97,C,0,1,5.9,5.5,5.0,6.4,54.7
97,D,1,1,6.9,4.5,9.2,7.3,79.8
98,A,0,1,7.3,4.9,6.3,5.6,56.8
98,B,1,1,3.4,8.5,4.4,8.6,74.8
98,C,0,1,4.5,5.4,5.4,4.8,50.2
98,D,1,0,5.1,7.9,4.5,8.0,59.2
99,A,0,0,9.3,5.0,8.3,4.2,44.7
99,B,0,1,6.2,8.7,4.4,5.1,57.3
99,C,1,0,7.7,3.3,6.4,7.2,57.7
99,D,1,0,7.5,7.5,5.8,6.4,62.0
100,A,0,0,6.8,5.5,5.9,4.1,37.2
100,B,0,0,5.8,6.9,3.6,7.9,40.3
100,C,1,1,6.7,3.6,5.7,3.8,66.3
100,D,1,1,6.0,4.9,4.8,6.1,69.7
101,A,0,1,5.4,3.1,7.8,5.9,53.7
101,B,0,0,6.7,6.3,5.6,4.9,39.2
101,C,0,0,4.8,3.2,6.4,5.0,32.3
101,D,0,0,5.8,6.2,5.3,6.3,39.3
102,A,1,0,8.5,3.1,6.8,7.0,59.0
102,B,1,1,5.0,8.6,4.4,5.5,72.5
102,C,1,1,5.7,5.6,5.7,4.1,68.5
102,D,1,0,6.1,5.8,8.6,7.7,63.7
103,A,0,1,6.4,5.8,7.2,4.1,55.8
103,B,0,1,3.9,6.4,4.6,4.2,48.5
103,C,1,0,6.6,4.5,4.3,7.5,54.8
103,D,0,1,7.4,5.0,4.9,5.2,54.2
104,A,1,1,5.0,6.1,8.2,5.3,74.3
104,B,0,0,5.5,7.4,3.2,4.5,34.3
104,C,1,1,3.6,2.8,5.5,3.5,59.0
104,D,1,0,8.4,5.8,7.0,7.0,63.7
105,A,1,0,5.9,4.2,6.6,5.8,54.2
105,B,0,1,5.0,6.3,3.2,7.6,53.5
105,C,1,0,7.8,4.5,5.6,6.0,56.5
105,D,1,0,5.1,6.3,7.2,8.2,61.3
106,A,0,0,6.0,2.8,6.8,5.2,34.7
106,B,1,1,4.9,6.9,6.6,7.0,75.7
106,C,1,1,7.2,1,4.3,4.8,62.2
106,D,1,1,5.8,8.3,5.6,6.2,76.5
107,A,1,1,7.0,7.4,7.4,7.9,82.8
107,B,1,0,3.6,5.1,5.4,5.5,49.3
107,C,0,0,6.8,5.2,6.7,7.0,42.8
107,D,1,1,7.4,7.3,4.1,6.7,75.8
108,A,1,0,3.7,2.5,5.8,6.7,47.8
108,B,1,0,3.1,7.5,4.6,4.9,50.2
108,C,1,1,5.8,8.3,5.7,5.9,76.2
108,D,1,1,7.9,6.0,6.1,6.8,78.0
109,A,0,0,7.0,4.2,5.8,7.7,41.2
109,B,0,0,5.0,7.3,4.4,5.8,37.5
109,C,1,0,4.7,5.3,5.1,6.4,52.5
109,D,1,1,6.0,6.3,6.8,6.7,76.3
110,A,0,0,4.9,6.5,5.3,5.7,37.3
110,B,1,1,4.2,5.3,4.1,6.4,66.7
110,C,0,0,4.4,5.2,6.6,5.1,35.5
110,D,1,0,5.8,6.7,6.3,6.3,58.5
111,A,1,0,8.1,4.2,4.4,4.9,52.7
111,B,0,1,1,7.4,5.9,9.0,55.5
111,C,1,1,5.3,2.7,4.1,4.5,61.0
111,D,1,1,6.0,5.0,7.1,7.3,75.7
112,A,0,0,6.6,4.8,8.3,5.7,42.3
112,B,1,0,5.8,5.2,5.6,5.1,52.8
112,C,0,0,4.5,5.0,5.6,5.8,34.8
112,D,1,0,6.0,7.3,6.6,6.9,61.3
113,A,0,0,6.1,3.0,6.5,6.2,36.3
113,B,1,0,5.1,7.1,2.5,8.5,55.3
113,C,0,0,4.6,4.4,7.2,4.0,33.7
113,D,1,0,6.4,6.4,7.2,6.9,61.5
114,A,1,0,6.2,5.9,6.6,6.5,58.7
114,B,0,1,3.9,9.6,4.3,5.4,55.3
114,C,0,0,4.5,5.7,6.2,5.7,36.8
114,D,1,0,6.5,9.5,7.8,7.1,68.2
115,A,0,0,6.0,6.1,6.5,6.2,41.3
115,B,1,0,4.2,7.6,2.1,4.1,46.7
115,C,1,0,5.3,6.4,6.7,3.8,53.7
115,D,1,1,6.9,6.6,5.4,5.1,73.3
116,A,1,0,7.1,4.4,8.3,6.1,59.8
116,B,1,0,7.6,6.9,5.1,7.1,61.2
116,C,0,0,7.2,5.6,6.6,5.1,40.8
116,D,1,1,6.2,6.7,6.1,6.8,76.3
117,A,0,0,7.9,1.2,5.2,5.9,33.7
117,B,1,0,3.2,4.9,3.3,7.1,47.5
117,C,0,0,6.0,3.4,6.3,6.7,37.3
117,D,0,1,7.0,7.4,6.8,7.8,65.0
118,A,0,0,6.7,4.8,6.6,3.7,36.3
118,B,1,1,2.9,6.6,6.5,6.9,71.5
118,C,0,1,4.9,7.2,6.3,5.1,55.8
118,D,1,1,5.5,3.9,4.4,6.6,67.3
119,A,0,0,6.6,6.8,8.6,8.8,51.3
119,B,1,0,5.2,4.8,5.7,6.6,53.8
119,C,1,0,5.2,4.2,5.4,5.7,50.8
119,D,1,1,6.3,5.8,6.8,6.7,76.0
120,A,0,0,5.2,6.4,6.4,6.7,41.2
120,B,1,0,4.6,5.8,5.0,9.0,57.3
120,C,0,1,5.0,4.3,4.3,5.3,48.2
120,D,1,0,4.4,6.5,5.1,7.7,56.2
121,A,1,0,6.8,4.6,5.5,3.8,51.2
121,B,0,0,2.9,6.5,5.0,6.1,34.2
121,C,0,1,5.4,2.5,6.9,5.8,51.0
121,D,0,0,6.6,6.6,7.2,5.9,43.8
122,A,0,1,6.9,3.3,7.2,6.6,56.7
122,B,1,1,7.6,5.0,4.1,8.5,75.3
122,C,1,0,6.4,5.2,4.8,6.1,54.2
122,D,0,0,5.3,6.2,6.9,7.2,42.7
123,A,0,0,6.1,5.1,5.7,6.9,39.7
123,B,1,0,7.2,5.7,4.8,4.5,53.7
123,C,0,0,7.4,4.2,7.7,3.4,37.8
123,D,1,1,5.5,5.3,5.9,6.6,72.2
124,A,1,0,6.5,4.2,6.9,6.7,57.2
124,B,1,1,3.8,5.1,4.9,5.4,65.3
124,C,1,1,6.8,5.0,5.9,5.0,71.2
124,D,1,0,7.2,6.8,6.7,7.4,63.5
125,A,1,0,6.7,4.8,5.7,5.5,54.5
125,B,1,1,6.1,6.6,5.4,7.1,75.3
125,C,1,1,6.9,7.2,7.7,4.0,76.3
125,D,1,1,7.0,5.7,6.1,6.0,74.7
126,A,1,0,7.9,4.3,7.1,4.6,56.5
126,B,1,0,7.5,6.3,5.1,7.9,61.3
126,C,1,0,5.9,4.4,6.9,5.3,54.2
126,D,1,1,6.2,7.2,6.8,7.0,78.7
127,A,0,1,6.9,3.9,8.6,3.9,55.5
127,B,1,0,4.9,7.5,5.4,6.5,57.2
127,C,1,0,5.4,5.6,6.7,5.1,54.7
127,D,1,1,7.0,6.1,5.6,6.5,75.3
128,A,0,0,7.6,6.0,6.7,6.0,43.8
128,B,0,1,4.3,6.2,6.7,7.9,58.5
128,C,0,0,6.1,5.4,5.8,5.1,37.3
128,D,1,1,6.9,6.3,6.0,5.6,74.7
129,A,0,0,5.4,5.5,9.3,5.6,43.0
129,B,1,1,5.5,7.7,3.8,6.8,73.0
129,C,1,0,6.5,5.3,5.5,6.8,56.8
129,D,1,0,7.9,4.2,6.2,6.1,57.3
130,A,1,0,6.9,4.5,7.0,6.0,57.3
130,B,0,1,6.3,4.6,1.1,9.0,51.7
130,C,0,0,4.9,6.3,5.6,5.1,36.5
130,D,1,1,7.7,7.2,7.5,6.0,80.7
131,A,1,0,8.9,5.3,5.4,5.2,58.0
131,B,1,1,7.0,5.2,6.2,5.8,73.7
131,C,1,1,7.0,2.5,5.4,4.9,66.3
131,D,0,1,4.8,7.8,6.6,9.1,63.8
132,A,1,0,3.6,4.3,5.8,6.4,50.2
132,B,0,1,5.1,7.8,6.6,6.1,59.3
132,C,0,0,5.6,3.9,6.1,4.5,33.5
132,D,1,1,4.6,7.4,5.0,7.6,74.3
133,A,1,0,6.8,4.6,6.6,2.2,50.3
133,B,1,0,5.2,7.6,3.1,8.5,57.3
133,C,1,1,5.6,6.6,3.7,5.5,69.0
133,D,1,0,6.1,4.7,5.7,7.1,56.0
134,A,1,0,5.9,5.3,5.6,6.0,54.7
134,B,0,0,5.9,6.5,3.2,5.4,35.0
134,C,0,0,5.8,4.5,6.2,4.8,35.5
134,D,0,1,5.7,5.2,6.8,7.9,59.3
135,A,1,1,5.7,3.2,4.2,6.2,65.5
135,B,1,1,6.1,6.0,3.8,6.5,70.7
135,C,1,0,5.5,5.3,7.1,6.2,56.8
135,D,0,0,4.8,4.1,6.3,5.5,34.5
136,A,0,0,5.3,2.9,6.6,5.9,34.5
136,B,1,0,4.2,5.8,6.9,4.8,52.8
136,C,0,0,6.9,3.4,7.1,4.5,36.5
136,D,1,1,4.0,5.5,6.1,6.2,69.7
137,A,0,0,5.8,2.3,5.8,6.2,33.5
137,B,0,1,6.8,6.9,3.4,6.3,55.7
137,C,0,0,5.5,5.1,4.5,5.8,34.8
137,D,1,1,6.8,4.7,7.8,10,82.2
138,A,0,0,6.4,3.7,7.1,5.7,38.2
138,B,0,1,3.8,5.8,3.8,6.6,50.0
138,C,1,1,5.8,2.7,2.9,3.6,58.3
138,D,1,0,6.1,6.6,7.7,6.6,61.7
139,A,1,0,7.1,2.2,4.9,6.2,50.7
139,B,0,0,4.4,8.0,3.6,4.2,33.7
139,C,0,0,5.6,2.7,6.5,2.4,28.7
139,D,1,0,5.8,7.0,8.3,6.7,63.0
140,A,0,1,5.7,4.8,6.5,5.8,54.7
140,B,1,1,5.9,8.1,3.1,7.3,74.0
140,C,0,0,5.1,4.4,6.5,6.0,36.7
140,D,1,1,6.3,5.1,4.7,4.2,67.2
141,A,0,0,6.8,5.5,8.5,6.5,45.5
141,B,1,0,5.5,7.0,4.4,5.4,53.8
141,C,1,0,4.2,3.1,8.1,5.1,50.8
141,D,0,1,5.5,8.5,6.6,5.5,60.2
142,A,0,0,6.4,5.0,6.0,6.5,39.8
142,B,1,1,4.3,6.0,3.9,7.4,69.3
142,C,0,0,5.3,5.1,5.5,7.1,38.3
142,D,0,1,5.9,6.5,4.4,8.1,58.2
143,A,0,1,5.9,3.9,6.0,5.9,52.8
143,B,0,0,6.6,6.3,4.8,7.2,41.5
143,C,0,0,5.3,3.8,5.9,5.3,33.8
143,D,0,1,6.9,5.2,5.5,6.2,56.3
144,A,1,0,8.9,4.7,5.3,4.4,55.5
144,B,0,0,5.4,7.3,5.8,7.0,42.5
144,C,0,0,7.4,5.3,5.3,7.1,41.8
144,D,1,1,6.6,4.9,7.4,6.3,75.3
145,A,0,0,5.3,3.7,4.2,7.1,33.8
145,B,1,0,5.1,4.8,3.0,5.6,47.5
145,C,1,0,3.2,2.1,9.3,6.6,52.0
145,D,1,0,6.6,6.9,6.0,6.9,60.7
146,A,1,0,6.7,5.7,4.8,7.0,57.0
146,B,0,1,3.8,6.4,3.9,6.5,51.0
146,C,0,0,7.2,4.9,6.5,6.3,41.5
146,D,1,0,4.4,6.3,3.7,8.7,55.2
147,A,0,1,6.8,4.1,6.8,6.1,56.3
147,B,1,0,3.6,6.4,4.6,6.1,51.2
147,C,1,1,8.0,5.1,6.3,6.1,75.8
147,D,1,1,5.9,6.1,6.3,5.1,72.3
148,A,0,1,6.9,5.8,8.6,6.3,62.7
148,B,0,0,6.6,5.6,4.2,5.4,36.3
148,C,0,1,5.5,5.3,4.9,5.8,52.5
148,D,1,1,7.0,8.1,6.3,6.8,80.3
149,A,1,1,7.7,3.4,5.2,4.0,67.2
149,B,0,1,4.9,6.8,3.2,6.0,51.5
149,C,1,1,10.0,5.6,8.3,2.2,76.8
149,D,1,0,4.8,6.0,6.5,3.3,51.0
150,A,1,0,7.9,5.0,6.3,5.8,58.3
150,B,1,1,3.6,7.3,6.0,6.9,73.0
150,C,1,1,6.0,2.5,7.2,5.4,68.5
150,D,1,1,3.8,6.1,6.8,6.4,71.8
151,A,1,0,6.1,3.2,8.2,6.6,56.8
151,B,1,1,5.8,6.5,6.5,4.7,72.5
151,C,1,0,8.2,7.0,6.3,5.3,61.3
151,D,1,1,6.0,7.4,5.9,5.6,74.8
152,A,1,0,5.5,2.4,5.6,4.9,47.3
152,B,1,0,5.7,5.3,6.1,8.6,59.5
152,C,1,0,6.0,6.0,4.4,4.6,51.7
152,D,1,1,8.4,6.4,6.4,7.6,81.3
153,A,1,1,6.6,4.9,7.1,3.9,70.8
153,B,1,0,5.4,5.7,4.4,6.3,53.0
153,C,1,0,7.5,6.2,6.9,4.1,57.8
153,D,1,1,8.3,5.4,7.0,6.6,78.8
154,A,0,0,6.6,6.9,6.8,4.7,41.7
154,B,1,0,3.8,5.0,5.8,6.1,51.2
154,C,0,0,6.2,6.3,4.9,5.3,37.8
154,D,0,1,3.9,4.8,5.9,5.9,50.8
155,A,0,0,6.5,3.4,7.8,5.4,38.5
155,B,0,0,4.7,6.5,3.9,5.0,33.5
155,C,0,0,7.8,6.0,6.4,5.6,43.0
155,D,1,0,7.4,5.6,3.1,5.2,52.2
156,A,0,0,7.6,3.6,7.4,5.5,40.2
156,B,1,1,5.6,6.7,4.4,6.3,71.7
156,C,0,0,7.2,5.2,3.8,6.7,38.2
156,D,1,1,7.7,4.6,7.1,7.3,77.8
157,A,0,1,4.4,3.2,7.3,5.3,50.3
157,B,0,0,2.7,7.6,4.6,8.8,39.5
157,C,1,1,4.3,3.7,6.8,6.4,68.7
157,D,1,0,6.8,5.1,3.9,4.6,50.7
158,A,0,0,7.7,3.0,5.4,7.4,39.2
158,B,1,0,6.2,6.7,4.3,6.1,55.5
158,C,0,0,6.5,4.6,3.8,6.0,34.8
158,D,0,0,6.9,6.6,6.3,6.1,43.2
159,A,1,0,5.9,5.7,6.8,6.7,58.5
159,B,0,1,4.7,6.9,5.2,6.1,54.8
159,C,0,1,4.6,5.1,6.2,3.8,49.5
159,D,1,1,8.3,6.3,5.3,8.0,79.8
160,A,1,0,6.3,5.0,7.5,6.5,58.8
160,B,1,1,6.5,6.2,6.1,8.3,78.5
160,C,0,0,4.3,5.7,4.9,7.8,37.8
160,D,1,0,6.9,5.7,6.2,8.9,62.8
161,A,0,0,6.6,5.5,7.3,6.5,43.2
161,B,1,1,5.5,6.2,2.2,7.6,69.2
161,C,0,0,6.7,4.9,5.1,6.5,38.7
161,D,1,0,7.9,5.8,5.8,5.2,57.8
162,A,0,0,6.5,4.5,7.8,7.3,43.5
162,B,1,1,4.3,7.3,2.9,4.9,65.7
162,C,0,0,6.9,5.4,6.1,5.0,39.0
162,D,1,0,9.0,8.5,8.5,6.4,70.7
163,A,0,1,5.7,5.5,5.8,5.9,54.8
163,B,1,0,5.2,9.3,5.6,6.1,60.3
163,C,0,1,5.5,5.2,7.4,5.3,55.7
163,D,1,0,6.3,6.8,8.5,8.3,66.5
164,A,1,1,7.7,4.4,6.4,5.1,72.7
164,B,0,0,4.2,7.0,3.0,5.0,32.0
164,C,0,0,7.6,5.3,6.8,5.8,42.5
164,D,1,0,7.1,5.5,6.5,8.4,62.5
165,A,0,0,7.7,4.1,6.7,3.6,36.8
165,B,0,0,2.9,6.0,3.5,4.7,28.5
165,C,0,0,5.1,7.2,7.1,5.0,40.7
165,D,1,1,7.3,6.3,6.7,4.9,75.3
166,A,0,1,6.5,3.3,5.9,4.6,50.5
166,B,1,0,2.8,5.4,3.7,4.9,44.7
166,C,0,0,4.8,8.2,6.8,5.2,41.7
166,D,1,1,6.8,5.6,7.1,6.5,76.7
167,A,0,0,5.7,5.5,5.0,5.5,36.2
167,B,1,1,8.2,9.2,5.8,9.4,87.7
167,C,0,0,7.8,4.8,5.4,6.5,40.8
167,D,1,1,4.1,6.1,4.9,8.1,72.0
168,A,0,0,6.8,5.6,6.5,5.0,39.8
168,B,0,1,6.0,4.3,5.8,6.0,53.5
168,C,0,1,4.9,6.4,5.0,6.8,55.2
168,D,0,1,5.4,6.8,8.5,7.6,63.8
169,A,0,0,8.6,4.1,6.1,4.8,39.3
169,B,0,0,3.5,7.4,4.1,6.9,36.5
169,C,1,0,3.7,2.8,6.4,5.3,47.0
169,D,1,1,7.8,5.9,5.6,9.1,80.7
170,A,1,0,6.8,5.2,4.9,4.4,52.2
170,B,1,1,5.2,6.6,4.4,3.7,66.5
170,C,1,0,4.3,4.5,6.6,6.5,53.2
170,D,1,0,6.3,7.4,7.8,7.0,64.2
171,A,0,0,7.3,4.7,8.8,5.3,43.5
171,B,1,0,4.1,6.8,3.5,8.6,55.0
171,C,0,0,5.1,4.8,6.0,5.4,35.5
171,D,1,1,7.1,4.3,6.5,7.7,76.0
172,A,1,0,9.0,4.5,7.0,7.8,63.8
172,B,0,0,3.8,8.7,5.0,8.2,42.8
172,C,1,0,4.8,5.2,5.4,5.8,52.0
172,D,1,0,8.4,5.3,7.7,4.8,60.3
173,A,1,0,5.7,4.4,6.5,5.0,52.7
173,B,1,0,4.2,6.5,5.4,8.2,57.2
173,C,0,0,6.5,5.0,6.8,3.8,36.8
173,D,1,0,5.0,6.3,4.9,6.8,55.0
174,A,0,0,6.0,4.0,6.9,4.9,36.3
174,B,1,1,5.4,5.0,2.6,6.6,66.0
174,C,0,0,4.4,5.0,6.6,6.2,37.0
174,D,1,1,8.1,5.7,8.9,5.0,79.5
175,A,0,0,5.0,5.9,5.7,6.1,37.8
175,B,1,0,3.7,7.5,3.4,3.1,46.2
175,C,1,0,5.9,7.7,7.0,5.3,59.8
175,D,0,0,6.3,7.3,3.3,9.5,44.0
176,A,0,0,5.1,4.7,5.5,5.7,35.0
176,B,0,0,6.2,8.0,4.1,4.5,38.0
176,C,1,0,8.1,3.1,5.3,7.2,56.2
176,D,0,1,5.7,8.3,4.7,5.8,57.5
177,A,0,0,8.9,3.7,5.0,6.4,40.0
177,B,1,1,4.1,6.2,4.8,7.1,70.3
177,C,0,1,6.1,3.7,7.2,7.3,57.2
177,D,1,0,8.1,6.9,6.0,5.2,60.3
178,A,1,0,5.9,6.1,6.0,7.6,59.3
178,B,1,0,4.3,6.7,6.5,7.4,58.2
178,C,0,0,8.3,5.3,7.1,4.9,42.7
178,D,1,0,6.2,6.6,6.5,6.2,59.2
179,A,1,0,8.5,4.6,8.7,5.9,62.8
179,B,0,1,3.5,5.2,3.7,8.5,51.5
179,C,0,0,5.5,3.2,5.0,5.8,32.5
179,D,1,1,4.8,6.9,6.0,5.4,71.8
180,A,0,0,6.1,4.3,7.2,4.6,37.0
180,B,1,0,5.6,9.0,5.1,8.6,63.8
180,C,1,0,7.3,5.2,6.2,6.2,58.2
180,D,1,0,5.0,5.9,5.6,6.3,54.7
181,A,0,1,6.7,4.6,7.2,4.8,55.5
181,B,0,1,7.0,9.1,3.4,9.7,65.3
181,C,0,1,7.5,6.3,6.1,4.1,56.7
181,D,1,1,5.3,6.2,5.9,6.0,72.3
182,A,1,1,4.5,6.8,6.3,6.1,72.8
182,B,1,1,6.6,9.0,5.5,4.7,76.3
182,C,1,1,5.3,6.7,3.7,5.0,67.8
182,D,1,0,5.6,5.6,5.5,7.5,57.0
183,A,0,1,6.2,2.6,8.8,6.6,57.0
183,B,1,0,5.8,5.5,4.8,3.6,49.5
183,C,1,0,6.1,4.0,3.3,5.1,47.5
183,D,1,1,8.1,4.2,8.0,8.3,81.0
184,A,1,0,7.2,4.7,9.2,6.4,62.5
184,B,0,1,5.3,6.9,5.6,4.9,54.5
184,C,1,1,6.2,4.7,4.2,6.6,69.5
184,D,1,1,7.5,6.8,6.0,7.0,78.8
185,A,0,0,8.1,5.6,5.2,5.8,41.2
185,B,1,1,2.9,3.7,3.8,6.8,62.0
185,C,0,0,6.1,4.8,7.3,6.9,41.8
185,D,0,0,5.2,7.0,5.6,6.4,40.3
186,A,1,0,5.6,3.0,6.7,6.0,52.2
186,B,0,0,6.1,6.0,6.0,6.3,40.7
186,C,1,0,7.3,5.6,6.6,5.4,58.2
186,D,1,0,8.1,5.4,6.9,8.1,64.2
187,A,1,0,5.5,2.6,6.0,6.8,51.5
187,B,1,1,3.1,7.2,5.6,5.3,68.7
187,C,0,0,6.7,4.0,6.1,3.6,34.0
187,D,1,1,6.3,4.5,5.3,8.8,74.8
188,A,1,0,6.6,3.9,8.6,4.6,56.2
188,B,0,0,2.9,7.5,4.1,6.5,35.0
188,C,1,0,4.5,6.5,6.2,4.2,52.3
188,D,1,0,7.3,6.6,5.2,4.8,56.5
189,A,0,1,6.6,5.2,8.2,5.6,59.3
189,B,1,0,3.8,7.7,5.4,4.8,52.8
189,C,1,1,5.0,6.4,4.6,5.4,69.0
189,D,0,0,8.5,4.3,6.7,7.9,45.7
190,A,1,0,5.5,4.0,9.4,4.5,55.7
190,B,1,1,5.1,6.0,4.5,7.5,71.8
190,C,0,0,5.0,3.3,5.0,5.4,31.2
190,D,1,0,5.9,6.2,7.3,7.1,60.8
191,A,1,0,6.7,3.0,6.5,5.8,53.3
191,B,0,1,4.3,4.0,7.4,7.5,55.3
191,C,0,0,3.8,5.8,5.1,6.7,35.7
191,D,0,0,8.1,6.5,4.9,7.2,44.5
192,A,0,0,6.2,6.2,7.3,6.2,43.2
192,B,0,0,5.4,7.1,3.5,6.1,36.8
192,C,1,0,5.9,5.4,6.0,6.3,56.0
192,D,0,0,5.0,5.6,7.1,4.0,36.2
193,A,0,0,6.8,3.7,5.1,5.3,34.8
193,B,0,1,7.1,4.5,4.1,6.4,53.5
193,C,0,1,5.8,7.2,7.1,4.9,58.3
193,D,1,0,7.3,5.8,6.2,9.0,63.8
194,A,1,0,7.1,2.3,6.8,4.1,50.5
194,B,1,0,3.7,6.1,4.8,6.8,52.3
194,C,1,0,5.3,5.2,4.8,5.8,51.8
194,D,1,1,5.1,5.3,6.0,8.3,74.5
195,A,0,0,6.2,3.9,8.2,4.9,38.7
195,B,0,0,5.3,5.8,5.3,6.5,38.2
195,C,1,0,5.9,6.6,5.6,5.2,55.5
195,D,1,1,4.5,7.2,6.3,5.5,72.5
196,A,0,0,5.5,3.4,8.3,1.2,30.7
196,B,1,0,7.5,7.3,6.7,6.2,62.8
196,C,0,1,5.7,3.6,5.4,4.2,48.2
196,D,1,1,7.0,6.1,5.7,5.6,74.0
197,A,0,0,7.0,5.7,4.2,6.2,38.5
197,B,1,0,4.1,7.6,4.3,6.6,54.3
197,C,1,1,5.3,3.1,4.2,4.9,62.5
197,D,1,1,7.5,6.6,7.1,7.0,80.3
198,A,1,0,5.5,5.4,6.9,6.3,56.8
198,B,0,1,5.6,6.4,5.3,8.0,58.8
198,C,0,0,6.9,2.9,5.7,4.4,33.2
198,D,0,0,4.7,7.1,7.8,5.4,41.7
199,A,0,0,7.4,4.8,7.1,4.3,39.3
199,B,0,0,6.8,6.3,6.0,6.8,43.2
199,C,1,0,4.7,3.9,7.2,5.8,52.7
199,D,0,0,6.7,6.9,5.9,5.6,41.8
200,A,1,0,8.6,3.8,9.5,5.6,62.5
200,B,1,1,4.3,6.0,5.5,3.2,65.0
200,C,1,1,6.0,4.7,5.4,4.5,67.7
200,D,1,1,4.9,4.8,4.2,6.0,66.5
201,A,1,0,7.6,4.8,8.2,4.6,58.7
201,B,1,0,3.5,7.2,5.7,7.9,57.2
201,C,1,0,6.7,6.7,5.0,7.3,59.5
201,D,1,1,6.3,6.2,3.7,7.2,72.3
202,A,1,0,4.1,4.8,8.0,6.2,55.2
202,B,1,1,4.1,7.1,4.5,7.1,71.3
202,C,1,1,5.8,4.5,6.3,3.6,67.0
202,D,1,0,6.8,5.7,6.4,6.3,58.7
203,A,0,0,4.6,4.8,7.6,5.7,37.8
203,B,0,1,3.9,6.6,5.5,7.2,55.3
203,C,1,0,5.8,1,6.0,6.2,48.3
203,D,0,1,5.8,4.7,3.8,6.2,50.8
204,A,0,0,7.5,4.5,3.3,6.1,35.7
204,B,1,0,5.3,8.1,2.3,5.8,52.5
204,C,1,0,4.8,5.0,7.2,6.7,56.2
204,D,0,1,5.8,7.4,6.8,7.8,63.0
205,A,0,1,8.0,5.3,6.4,5.9,59.3
205,B,0,1,5.3,6.6,6.4,6.5,58.0
205,C,1,1,4.4,4.1,4.7,5.0,63.7
205,D,1,0,7.6,6.5,5.4,5.9,59.0
206,A,1,0,6.7,4.2,6.8,5.8,55.8
206,B,0,1,3.3,6.4,4.8,8.2,54.5
206,C,0,1,5.7,3.8,5.9,4.7,50.2
206,D,1,1,7.1,7.2,5.9,6.7,78.2
207,A,0,0,6.1,6.5,6.7,2.8,36.8
207,B,0,0,8.1,7.9,5.5,7.7,48.7
207,C,0,0,4.4,5.6,8.8,4.3,38.5
207,D,1,1,5.2,6.3,5.0,4.6,68.5
208,A,1,1,7.7,5.9,6.6,5.4,76.0
208,B,1,0,4.0,7.8,5.0,6.9,56.2
208,C,1,0,4.8,4.5,5.7,3.0,46.7
208,D,1,1,5.3,5.6,6.4,6.7,73.3
209,A,0,1,7.4,5.0,8.0,6.0,60.7
209,B,0,0,6.2,6.9,4.3,8.5,43.2
209,C,0,1,6.7,7.1,6.1,7.0,61.5
209,D,1,0,5.3,4.8,6.9,6.9,56.5
210,A,0,1,6.0,4.2,6.0,6.7,54.8
210,B,1,0,2.8,4.7,4.1,6.4,46.7
210,C,0,0,6.2,3.3,6.9,7.2,39.3
210,D,1,1,6.7,8.3,7.4,6.5,81.5
211,A,0,0,7.0,4.7,6.6,3.5,36.3
211,B,0,0,5.1,6.4,5.6,6.9,40.0
211,C,1,0,6.7,3.1,6.3,4.7,51.3
211,D,0,1,7.1,7.1,7.9,5.6,62.8
212,A,0,0,8.1,6.8,6.1,5.9,44.8
212,B,0,1,3.5,8.5,4.2,6.4,54.3
212,C,0,0,5.4,2.2,5.5,8.3,35.7
212,D,0,0,6.4,6.9,4.1,6.7,40.2
213,A,0,0,5.1,6.2,4.6,5.4,35.5
213,B,1,0,4.6,5.6,4.4,6.4,51.7
213,C,1,0,6.2,5.9,7.1,6.6,59.7
213,D,0,1,6.0,8.5,6.9,5.6,61.7
214,A,0,1,7.4,5.6,7.9,3.6,57.5
214,B,1,1,6.0,5.7,4.0,5.4,68.5
214,C,0,1,6.7,4.5,6.6,6.2,56.7
214,D,0,1,6.3,7.3,7.8,7.3,64.5
215,A,1,0,5.5,3.4,7.2,4.3,50.7
215,B,0,1,3.1,5.8,6.4,5.7,51.7
215,C,0,0,5.1,5.7,7.4,4.4,37.7
215,D,1,0,3.4,5.4,5.2,6.7,51.2
216,A,0,1,5.9,1.8,6.5,6.7,51.5
216,B,1,0,4.2,5.9,4.3,7.6,53.3
216,C,0,1,4.6,5.8,4.6,5.8,51.3
216,D,1,1,8.0,6.5,6.4,5.7,77.7
217,A,1,0,6.2,5.1,5.4,7.0,56.2
217,B,1,1,5.6,5.6,5.2,5.6,70.0
217,C,1,0,6.1,3.9,7.7,9.0,61.2
217,D,1,0,7.2,7.3,5.3,7.5,62.2
218,A,1,0,6.6,5.9,9.9,6.0,64.0
218,B,1,0,4.0,8.2,4.5,7.5,57.0
218,C,1,0,8.3,5.9,3.7,6.3,57.0
218,D,1,0,6.6,7.1,9.0,7.6,67.2
219,A,0,0,5.2,4.3,4.4,4.7,31.0
219,B,1,0,5.4,8.0,2.9,6.2,54.2
219,C,1,0,6.8,5.1,7.3,4.7,56.5
219,D,1,0,5.0,5.9,7.2,8.9,61.7
220,A,0,0,8.4,4.8,5.2,3.9,37.2
220,B,1,1,7.1,6.3,4.0,8.3,76.2
220,C,0,0,8.8,5.2,6.1,3.9,40.0
220,D,0,1,7.6,6.3,6.7,6.1,61.2
221,A,1,0,6.0,5.1,5.4,4.6,51.8
221,B,0,0,6.0,6.3,4.2,7.1,39.3
221,C,1,0,6.0,7.5,5.3,5.4,57.0
221,D,1,1,8.6,5.1,7.1,6.8,79.3
222,A,1,1,7.0,5.4,7.7,5.7,76.3
222,B,1,1,3.7,3.9,5.6,5.5,64.5
222,C,0,0,5.2,4.2,6.7,4.8,34.8
222,D,1,0,4.9,6.8,7.9,8.3,63.2
223,A,0,1,6.9,2.7,6.6,6.5,54.5
223,B,0,0,6.0,6.5,2.6,6.3,35.7
223,C,0,0,4.0,7.3,5.0,6.6,38.2
223,D,1,1,7.2,6.8,5.2,8.6,79.7
224,A,1,0,4.8,5.9,5.9,5.4,53.3
224,B,1,0,5.6,7.7,2.9,8.6,58.0
224,C,0,0,6.9,4.7,6.0,4.8,37.3
224,D,1,1,6.6,5.6,4.4,6.5,71.8
225,A,0,0,5.6,4.5,7.4,3.0,34.2
225,B,1,1,5.1,7.8,3.0,3.3,65.3
225,C,1,0,4.6,7.9,6.7,6.5,59.5
225,D,1,1,4.4,6.7,7.2,5.8,73.5
226,A,1,0,7.2,3.6,3.7,4.7,48.7
226,B,1,0,3.2,6.3,3.6,4.4,45.8
226,C,0,0,6.9,3.7,4.6,7.6,38.0
226,D,0,1,6.8,6.2,6.5,6.0,59.2
227,A,1,0,8.6,5.2,7.0,6.8,62.7
227,B,0,1,4.5,6.2,2.7,8.3,52.8
227,C,0,0,4.1,4.6,7.6,7.6,39.8
227,D,1,0,7.4,5.2,5.7,5.3,56.0
228,A,0,0,7.1,4.8,6.8,3.9,37.7
228,B,1,1,5.3,5.5,5.4,6.6,71.3
228,C,1,0,6.4,4.2,8.2,6.3,58.5
228,D,0,0,5.2,5.7,7.6,9.3,46.3
229,A,0,0,8.5,2.7,7.4,7.6,43.7
229,B,1,0,2.8,7.0,2.2,5.8,46.3
229,C,0,0,8.0,5.0,6.4,5.3,41.2
229,D,0,0,6.1,5.6,7.3,6.7,42.8
230,A,0,0,5.1,7.4,6.3,6.3,41.8
230,B,0,1,3.2,5.8,4.8,6.6,50.7
230,C,0,0,5.5,5.8,5.9,5.1,37.2
230,D,0,1,8.0,5.7,6.1,4.8,57.7
231,A,0,0,9.4,7.4,6.6,4.9,47.2
231,B,1,0,2.2,7.3,4.7,6.6,51.3
231,C,0,0,6.8,4.4,8.6,5.4,42.0
231,D,1,0,6.3,6.4,7.6,5.8,60.2
232,A,0,0,7.0,2.2,5.4,6.2,34.7
232,B,1,0,6.6,7.1,6.0,5.9,59.3
232,C,0,0,8.0,4.0,9.2,6.2,45.7
232,D,1,1,7.0,6.0,5.1,5.2,72.2
233,A,1,0,4.9,4.4,5.2,3.5,46.7
233,B,1,0,3.5,9.1,4.6,6.8,56.7
233,C,1,0,3.8,4.1,6.1,7.9,53.2
233,D,1,0,7.3,3.3,5.5,9.0,58.5
234,A,0,0,8.4,3.9,7.4,4.3,40.0
234,B,0,0,6.5,6.1,4.0,5.7,37.2
234,C,1,0,7.8,5.3,3.1,5.6,53.0
234,D,0,0,6.1,6.0,4.2,5.7,36.7
235,A,0,0,7.5,4.1,5.6,4.8,36.7
235,B,1,0,6.7,8.1,5.4,7.0,62.0
235,C,0,0,3.9,4.3,6.6,5.8,34.3
235,D,1,0,4.2,6.0,5.7,8.5,57.3
236,A,1,0,7.1,4.0,7.3,5.9,57.2
236,B,1,0,5.4,6.8,5.5,5.1,54.7
236,C,1,0,7.4,4.1,8.3,4.1,56.5
236,D,1,0,5.0,6.0,8.4,8.1,62.5
237,A,0,0,8.1,2.7,5.8,5.1,36.2
237,B,1,0,3.8,6.5,4.7,6.2,52.0
237,C,0,0,5.7,4.6,6.4,8.0,41.2
237,D,0,1,6.0,5.2,4.7,6.1,53.3
238,A,1,0,5.1,6.9,9.1,5.2,60.5
238,B,1,0,3.9,6.3,4.8,5.8,51.3
238,C,0,0,5.4,4.4,7.7,7.3,41.3
238,D,0,0,7.6,8.0,6.1,5.9,46.0
239,A,1,0,6.8,5.2,5.6,7.0,57.7
239,B,1,0,5.6,8.7,5.8,5.8,59.8
239,C,1,0,5.9,4.8,6.8,4.4,53.2
239,D,0,1,6.8,6.6,4.4,4.8,54.3
240,A,0,1,7.8,2.9,5.2,6.6,54.2
240,B,0,1,6.6,6.3,5.3,6.5,57.8
240,C,1,0,7.6,7.5,6.0,6.3,62.3
240,D,1,1,7.6,6.7,6.0,8.2,80.8
241,A,0,0,5.8,4.2,6.1,6.3,37.3
241,B,0,1,3.2,6.6,2.4,8.3,50.8
241,C,1,0,2.8,4.8,6.0,4.4,46.7
241,D,0,1,8.3,7.7,7.2,6.4,66.0
242,A,0,1,7.1,3.7,7.1,5.3,55.3
242,B,0,0,3.3,7.0,4.3,5.8,34.0
242,C,0,0,6.5,6.8,7.9,4.4,42.7
242,D,1,1,6.3,6.7,5.9,5.8,74.5
243,A,0,0,5.7,3.4,5.0,4.7,31.3
243,B,1,0,5.3,7.7,5.0,6.3,57.2
243,C,1,0,5.9,6.4,6.9,5.0,57.0
243,D,1,1,5.1,5.1,6.3,6.7,72.0
244,A,0,0,5.8,4.4,4.9,4.4,32.5
244,B,0,0,7.1,8.1,3.9,6.5,42.7
244,C,1,1,6.5,6.4,3.4,4.8,68.5
244,D,1,0,4.5,7.2,6.7,6.6,58.3
245,A,1,0,8.9,4.5,6.8,7.8,63.3
245,B,0,1,3.2,7.1,4.2,7.1,52.7
245,C,0,1,6.2,4.7,7.6,6.6,58.5
245,D,1,1,8.5,5.9,6.9,5.8,78.5
246,A,0,1,5.5,4.7,5.6,3.3,48.5
246,B,1,0,6.4,8.9,5.7,5.8,61.3
246,C,0,0,7.3,4.5,5.5,6.1,39.0
246,D,1,1,6.7,7.1,8.6,8.7,85.2
247,A,1,0,4.7,4.8,6.5,5.9,53.2
247,B,1,1,5.8,5.5,5.7,4.4,69.0
247,C,0,0,3.8,6.0,5.3,4.9,33.3
247,D,0,1,7.0,6.1,6.0,6.2,58.8
248,A,1,1,6.1,4.5,5.6,6.6,71.3
248,B,1,0,4.2,7.7,4.7,7.1,56.2
248,C,0,0,5.1,4.6,8.7,4.5,38.2
248,D,1,0,5.9,6.6,2.6,4.9,50.0
249,A,1,0,2.7,4.2,7.8,6.2,51.5
249,B,1,1,7.2,8.2,3.2,5.5,73.5
249,C,1,1,6.7,7.0,6.8,5.5,76.7
249,D,0,0,4.8,6.7,6.6,6.7,41.3
250,A,0,0,8.4,5.5,6.7,6.3,44.8
250,B,0,0,4.7,5.2,5.2,7.4,37.5
250,C,0,0,5.7,6.0,7.4,5.2,40.5
250,D,1,1,5.0,9.0,5.6,6.0,76.0
251,A,0,0,5.4,3.8,6.1,3.7,31.7
251,B,0,1,5.1,6.1,6.7,7.2,58.5
251,C,1,0,4.0,4.8,4.6,5.4,48.0
251,D,1,0,6.5,4.2,6.0,8.8,59.2
252,A,1,1,7.5,4.4,6.6,5.3,73.0
252,B,1,0,6.4,6.7,3.7,5.4,53.7
252,C,0,0,4.5,4.4,4.6,3.5,28.3
252,D,1,0,6.4,8.5,6.3,5.5,61.2
253,A,0,1,6.9,4.5,9.7,5.0,60.2
253,B,1,0,3.6,7.3,3.3,7.1,52.2
253,C,1,0,5.4,6.5,5.1,7.4,57.3
253,D,0,1,5.4,3.6,5.1,6.4,50.8
254,A,0,0,6.8,6.1,7.9,6.5,45.5
254,B,0,1,3.6,7.3,5.0,5.6,52.5
254,C,1,0,5.7,2.9,6.2,5.6,50.7
254,D,1,1,4.3,6.1,5.0,3.8,65.3
255,A,1,1,7.7,4.9,6.9,4.8,73.8
255,B,0,1,6.3,7.1,4.0,6.7,56.8
255,C,1,1,6.0,4.3,4.9,2.1,62.2
255,D,0,1,5.3,7.6,7.6,6.6,61.8
256,A,1,0,8.4,3.7,9.9,7.7,66.2
256,B,1,0,5.6,4.5,5.3,7.8,55.3
256,C,0,0,5.0,3.8,7.2,5.2,35.3
256,D,1,1,4.8,8.1,4.7,7.1,74.5
257,A,1,0,5.9,4.6,5.4,6.0,53.2
257,B,1,0,5.1,5.7,5.1,5.6,52.5
257,C,0,0,6.5,6.3,5.6,5.7,40.2
257,D,1,1,6.2,6.5,4.1,6.2,71.7
258,A,1,0,8.6,5.8,5.8,3.0,55.3
258,B,1,0,6.6,5.4,4.3,5.3,52.7
258,C,1,1,4.5,3.5,7.8,5.0,68.0
258,D,0,1,6.8,7.6,5.7,8.7,64.7
259,A,0,0,6.3,3.7,7.1,3.5,34.3
259,B,1,0,6.2,7.7,5.1,5.9,58.2
259,C,1,0,4.0,4.4,5.9,5.7,50.0
259,D,1,0,7.6,5.7,7.8,8.4,65.8
260,A,0,0,6.0,4.2,7.1,7.9,42.0
260,B,1,0,3.8,6.2,2.9,7.3,50.3
260,C,0,0,5.3,5.6,6.6,6.4,39.8
260,D,1,1,4.4,6.2,5.6,6.0,70.3
261,A,1,0,6.6,5.5,6.6,4.0,54.5
261,B,1,0,4.8,6.5,2.5,7.1,51.5
261,C,0,0,5.5,5.3,4.8,6.2,36.3
261,D,0,1,5.2,6.0,3.8,5.3,50.5
262,A,1,0,6.0,6.2,7.8,6.4,60.7
262,B,1,1,3.2,7.6,6.9,5.5,72.0
262,C,1,0,5.3,5.4,6.4,6.2,55.5
262,D,1,0,5.5,6.4,7.6,6.4,59.8
263,A,1,0,8.3,5.0,5.2,5.4,56.5
263,B,1,0,4.1,4.8,2.6,7.7,48.7
263,C,0,0,7.1,5.7,6.2,2.4,35.7
263,D,1,0,5.3,4.2,7.6,6.3,55.7
264,A,1,1,6.4,5.0,6.5,5.4,72.2
264,B,0,1,5.3,7.9,5.0,7.5,59.5
264,C,0,0,10.0,6.4,5.5,5.7,46.0
264,D,1,0,6.3,5.0,6.6,4.0,53.2
265,A,0,1,8.7,5.9,5.0,5.4,58.3
265,B,1,0,5.3,6.8,4.3,8.0,57.3
265,C,0,0,3.3,3.8,7.1,3.1,28.8
265,D,0,0,7.9,5.0,5.7,7.8,44.0
266,A,1,0,5.1,3.8,5.3,6.4,51.0
266,B,0,1,5.4,8.5,3.6,6.0,55.8
266,C,1,1,7.2,4.3,4.8,5.9,70.3
266,D,0,1,6.9,6.1,8.8,3.3,58.5
267,A,1,0,4.9,2.6,8.4,6.6,54.2
267,B,1,0,6.6,6.3,4.0,7.2,56.8
267,C,0,1,6.5,4.7,3.6,4.5,48.8
267,D,0,0,5.9,7.0,6.1,5.9,41.5
268,A,0,0,7.1,5.9,6.4,7.8,45.3
268,B,1,0,5.2,7.2,5.9,8.4,61.2
268,C,0,1,5.3,6.7,4.3,7.0,55.5
268,D,1,1,4.8,6.1,6.3,6.0,72.0
269,A,1,0,6.2,5.1,6.1,4.2,52.7
269,B,0,0,4.7,8.0,1,6.5,33.7
269,C,1,1,6.5,3.7,6.0,3.8,66.7
269,D,1,1,5.0,7.8,6.2,5.9,74.8
270,A,0,0,6.6,5.4,7.6,4.9,40.8
270,B,1,0,5.8,5.0,3.4,4.9,48.5
270,C,1,1,3.0,5.7,7.0,7.5,72.0
270,D,0,1,5.5,4.8,3.9,6.1,50.5
271,A,0,1,3.4,6.2,6.4,5.6,52.7
271,B,0,0,5.5,6.1,3.6,6.0,35.3
271,C,1,1,7.2,6.1,6.8,3.4,72.5
271,D,1,1,5.8,7.9,6.1,7.4,78.7
272,A,0,1,5.8,6.0,5.9,6.1,56.3
272,B,1,0,6.7,6.5,3.5,7.2,56.5
272,C,0,1,4.9,4.7,5.9,4.1,49.3
272,D,0,1,7.1,7.7,4.3,5.4,57.5
273,A,1,0,6.7,4.1,8.1,3.6,54.2
273,B,1,0,2.4,6.0,5.0,5.7,48.5
273,C,0,1,4.0,3.7,6.8,4.9,49.0
273,D,0,0,8.8,4.8,4.1,6.9,41.0
274,A,0,0,6.6,4.1,4.6,5.6,34.8
274,B,0,0,5.0,6.8,4.5,7.5,39.7
274,C,1,0,5.2,4.6,5.0,6.4,52.0
274,D,1,0,5.0,6.2,6.6,9.1,61.5
275,A,0,0,5.7,6.7,7.7,5.9,43.3
275,B,0,1,4.4,8.0,6.5,4.5,55.7
275,C,1,0,4.7,4.3,5.9,5.8,51.2
275,D,1,0,7.6,6.7,6.3,7.6,63.7
276,A,0,0,6.5,7.7,6.5,5.3,43.3
276,B,1,0,5.3,6.7,5.5,5.5,55.0
276,C,0,0,6.4,5.0,6.2,5.1,37.8
276,D,1,0,6.0,7.8,6.2,8.4,64.0
277,A,0,0,8.0,5.3,5.0,6.0,40.5
277,B,0,0,3.9,8.6,3.7,4.3,34.2
277,C,0,1,7.8,4.9,6.6,6.0,58.8
277,D,1,0,7.8,5.8,6.9,5.1,59.3
278,A,1,0,7.0,3.2,5.3,6.7,53.7
278,B,1,0,6.1,6.1,5.4,6.0,56.0
278,C,1,0,7.5,5.3,8.1,4.1,58.3
278,D,0,0,5.9,6.4,6.6,5.6,40.8
279,A,1,0,9.4,4.4,6.6,6.1,60.8
279,B,0,0,4.5,7.0,4.2,5.9,36.0
279,C,1,1,4.0,4.8,8.0,3.5,67.2
279,D,0,0,6.8,6.8,6.3,6.5,44.0
280,A,1,1,7.7,5.8,6.0,4.9,74.0
280,B,0,0,5.9,6.8,3.6,5.2,35.8
280,C,0,1,6.6,3.4,9.5,3.4,54.8
280,D,0,0,5.8,5.2,9.1,7.6,46.2
281,A,1,0,6.5,4.1,7.9,6.8,58.8
281,B,0,0,4.4,5.7,5.2,7.2,37.5
281,C,0,1,3.3,3.7,7.7,4.3,48.3
281,D,1,1,4.6,6.4,6.8,6.4,73.7
282,A,0,0,7.9,3.7,6.3,5.7,39.3
282,B,0,0,5.6,7.0,4.8,7.4,41.3
282,C,1,0,6.9,6.0,6.6,3.6,55.2
282,D,1,1,4.7,5.8,7.6,9.1,78.7
283,A,1,0,5.3,5.3,7.1,5.7,55.7
283,B,1,0,3.8,5.3,5.2,5.3,49.3
283,C,1,0,4.7,5.9,4.1,5.4,50.2
283,D,1,1,6.0,6.4,6.3,8.4,78.5
284,A,0,0,5.8,6.2,7.9,4.5,40.7
284,B,1,1,4.7,5.6,4.8,5.0,66.8
284,C,1,1,4.9,5.4,5.9,4.0,67.0
284,D,1,1,6.6,4.9,5.9,8.7,76.8
285,A,0,0,3.9,5.6,9.2,6.0,41.2
285,B,0,0,4.3,5.7,4.4,5.7,33.5
285,C,0,0,7.5,4.7,5.5,4.5,37.0
285,D,0,0,7.8,5.0,6.0,7.3,43.5
286,A,1,0,7.5,6.2,7.8,6.0,62.5
286,B,1,1,7.1,7.9,3.2,6.4,74.3
286,C,1,0,4.2,5.6,4.7,4.8,48.8
286,D,0,1,5.7,7.9,8.7,5.3,62.7
287,A,0,0,5.9,6.7,9.1,6.0,46.2
287,B,1,1,6.3,8.5,5.8,5.9,77.5
287,C,0,0,4.4,5.9,5.4,5.7,35.7
287,D,0,0,5.5,6.9,7.3,4.4,40.2
288,A,1,1,7.9,3.9,7.6,6.8,77.0
288,B,0,1,5.6,7.8,4.2,5.0,54.3
288,C,1,1,7.2,4.8,3.8,6.0,69.7
288,D,0,1,3.8,6.8,6.3,5.8,54.5
289,A,0,0,7.7,4.4,6.7,5.0,39.7
289,B,0,1,3.7,7.7,4.6,7.6,56.0
289,C,0,0,5.4,6.4,5.4,5.2,37.3
289,D,1,1,5.2,7.3,8.3,5.1,76.5
290,A,1,0,6.9,4.9,8.1,6.4,60.5
290,B,1,0,2.5,6.5,4.6,7.9,52.5
290,C,0,0,6.0,4.2,5.8,6.6,37.7
290,D,0,1,7.0,7.2,5.0,6.9,60.2
291,A,1,1,6.8,3.5,6.8,4.6,69.5
291,B,1,1,5.8,7.6,5.3,8.5,78.7
291,C,1,0,6.1,5.1,6.6,4.9,54.5
291,D,1,1,8.6,8.2,7.4,6.8,85.0
292,A,0,0,5.9,5.8,7.9,6.5,43.5
292,B,0,1,4.2,5.9,3.9,4.4,47.3
292,C,1,1,7.2,4.2,4.8,3.3,65.8
292,D,0,0,6.9,4.6,4.4,7.3,38.7
293,A,1,1,4.6,6.3,6.3,6.3,72.5
293,B,1,0,5.3,5.7,6.7,7.1,58.0
293,C,1,1,6.3,3.3,5.6,4.8,66.7
293,D,0,1,4.9,3.5,7.6,9.3,58.8
294,A,1,0,7.0,3.9,6.0,6.8,56.2
294,B,1,0,4.5,7.1,4.5,6.9,55.0
294,C,0,0,5.1,5.3,6.2,4.7,35.5
294,D,1,0,7.0,6.6,6.2,5.0,58.0
295,A,1,0,7.4,2.6,7.9,4.0,53.2
295,B,0,0,4.3,8.4,5.8,7.0,42.5
295,C,1,0,7.1,5.8,5.3,3.8,53.3
295,D,1,0,7.0,7.5,7.3,7.2,65.0
296,A,0,1,4.3,2.4,7.2,7.5,52.3
296,B,0,0,3.8,5.7,3.5,4.8,29.7
296,C,0,0,4.2,6.1,5.8,5.3,35.7
296,D,0,1,5.9,8.5,7.2,5.2,61.3
297,A,0,0,4.5,4.0,6.2,5.7,34.0
297,B,1,0,4.6,7.3,3.5,6.7,53.5
297,C,0,1,5.1,4.9,5.7,5.5,52.0
297,D,0,1,7.4,2.7,6.4,6.6,55.2
298,A,0,0,5.8,1.7,7.0,5.8,33.8
298,B,1,1,2.5,6.6,6.1,7.8,71.7
298,C,0,0,5.4,7.4,8.3,4.3,42.3
298,D,0,1,7.5,6.5,4.3,5.1,55.7
299,A,0,0,7.3,5.3,7.0,4.5,40.2
299,B,0,0,3.5,6.7,2.6,7.9,34.5
299,C,1,0,5.7,4.7,6.6,5.0,53.3
299,D,0,1,7.1,4.7,5.2,6.6,56.0
300,A,0,0,7.8,2.7,7.2,6.1,39.7
300,B,1,0,5.2,5.6,4.8,6.4,53.3
300,C,0,0,5.8,4.7,7.6,6.2,40.5
300,D,0,0,7.4,3.9,4.9,5.4,36.0
301,A,1,0,6.5,4.6,8.0,4.7,56.3
301,B,1,1,5.9,6.7,5.5,7.1,75.3
301,C,1,1,7.7,6.1,5.6,4.4,73.0
301,D,1,1,6.7,5.8,5.8,9.3,79.3
302,A,1,0,9.0,2.1,7.0,5.2,55.5
302,B,1,1,3.7,7.4,5.4,5.1,69.3
302,C,0,0,5.3,5.0,4.4,6.6,35.5
302,D,0,1,5.9,6.5,6.1,7.7,60.3
303,A,0,1,6.3,4.4,5.5,5.5,52.8
303,B,0,0,2.5,3.4,5.2,4.0,25.2
303,C,0,1,5.8,5.0,4.3,6.5,52.7
303,D,0,0,6.6,7.9,3.3,7.8,42.7
304,A,0,0,6.8,6.6,5.4,7.3,43.5
304,B,0,0,4.1,6.0,4.9,8.0,38.3
304,C,0,0,4.9,5.0,6.7,4.4,35.0
304,D,1,0,4.1,7.2,8.4,5.9,59.3
305,A,0,0,7.7,6.0,6.3,5.2,42.0
305,B,0,0,3.7,8.4,2.9,5.6,34.3
305,C,1,1,6.6,3.8,6.3,4.6,68.8
305,D,1,0,8.6,6.9,6.9,7.6,66.7
306,A,1,0,6.6,4.4,5.8,6.5,55.5
306,B,1,0,5.4,6.7,3.1,4.6,49.7
306,C,1,0,8.3,3.8,4.8,7.1,56.7
306,D,1,1,6.4,5.6,7.2,6.1,75.5
307,A,1,0,6.8,3.6,8.8,3.0,53.7
307,B,1,1,3.9,3.9,4.9,5.6,63.8
307,C,0,0,4.1,4.5,6.4,6.7,36.2
307,D,1,0,7.1,6.0,6.0,5.4,57.5
308,A,1,0,6.2,3.4,7.3,6.6,55.8
308,B,1,0,4.6,7.5,5.5,7.2,58.0
308,C,1,1,4.9,5.7,5.7,4.1,67.3
308,D,1,1,6.5,5.3,5.3,5.2,70.5
309,A,0,0,5.0,4.2,5.0,5.9,33.5
309,B,0,1,4.0,7.8,3.8,4.9,50.8
309,C,1,0,7.5,6.1,6.1,5.6,58.8
309,D,1,1,8.2,3.0,5.1,6.4,71.2
310,A,0,0,8.8,4.6,6.9,8.8,48.5
310,B,0,0,5.6,8.0,4.2,6.5,40.5
310,C,0,0,6.3,4.0,3.8,6.2,33.8
310,D,1,0,8.2,7.6,7.2,7.4,67.3
311,A,1,0,2.4,5.9,6.1,6.7,51.8
311,B,0,1,5.3,3.6,5.2,5.7,49.7
311,C,0,1,5.3,4.7,6.3,5.7,53.3
311,D,1,0,4.9,6.1,6.0,7.0,56.7
312,A,1,1,7.0,4.1,5.1,5.9,70.2
312,B,0,0,5.8,6.8,5.3,4.4,37.2
312,C,0,0,6.7,5.7,6.2,7.3,43.2
312,D,1,0,7.3,5.9,5.3,6.4,58.2
313,A,0,0,6.9,4.8,9.1,5.4,43.7
313,B,0,1,4.3,6.1,2.6,5.5,47.5
313,C,0,1,8.5,5.1,6.4,3.6,56.0
313,D,0,0,6.2,5.2,6.6,6.2,40.3
314,A,0,0,6.0,5.5,6.3,4.8,37.7
314,B,1,1,4.6,7.0,4.4,6.5,70.8
314,C,1,1,5.8,4.4,6.1,5.4,69.5
314,D,0,0,6.7,4.3,6.7,3.6,35.5
315,A,0,0,4.2,3.3,8.5,5.7,36.2
315,B,1,1,6.1,4.5,6.5,4.7,69.7
315,C,1,0,4.8,4.5,6.2,4.1,49.3
315,D,1,1,6.2,9.5,4.5,5.8,76.7
316,A,1,0,6.8,5.2,5.5,3.2,51.2
316,B,0,0,6.0,7.4,5.5,7.8,44.5
316,C,0,0,5.1,4.6,6.6,4.9,35.3
316,D,1,0,6.8,5.9,3.3,6.4,54.0
317,A,0,0,4.3,6.5,7.1,7.0,41.5
317,B,0,1,3.7,5.9,6.2,4.2,50.0
317,C,1,1,5.4,6.9,6.4,6.8,75.8
317,D,1,1,7.5,6.5,4.2,6.4,74.3
318,A,1,0,5.0,4.1,8.5,6.4,56.7
318,B,1,1,4.4,8.4,3.1,6.4,70.5
318,C,0,0,6.2,6.0,7.5,8.5,47.0
318,D,1,0,6.9,5.5,1,7.3,51.2
319,A,0,1,5.7,3.6,7.2,4.4,51.5
319,B,1,0,5.4,6.5,5.0,7.3,57.0
319,C,1,0,8.1,4.7,4.5,6.3,56.0
319,D,1,0,7.8,8.1,5.5,9.3,67.8
320,A,0,0,7.9,5.2,5.6,6.0,41.2
320,B,0,0,6.2,7.3,5.7,3.7,38.2
320,C,0,0,5.0,5.3,6.5,5.2,36.7
320,D,0,1,8.1,7.4,4.5,8.2,63.7
321,A,1,0,5.8,3.6,6.0,5.6,51.7
321,B,0,0,3.2,6.3,3.9,7.8,35.3
321,C,1,0,5.3,4.9,2.8,3.8,44.7
321,D,0,0,7.6,6.3,6.3,6.8,45.0
322,A,1,0,7.6,6.6,7.1,7.2,64.2
322,B,1,0,3.2,5.0,4.8,7.4,50.7
322,C,0,0,7.8,4.8,5.4,6.2,40.3
322,D,1,0,4.9,7.1,6.6,7.9,60.8
323,A,0,1,6.6,4.4,6.0,4.5,52.5
323,B,0,1,4.7,5.1,3.8,8.9,54.2
323,C,0,0,4.5,5.4,6.7,5.9,37.5
323,D,0,0,7.3,6.0,6.7,6.1,43.5
324,A,0,0,6.0,5.3,6.3,6.3,39.8
324,B,1,0,6.1,8.7,3.8,5.9,57.5
324,C,1,0,3.0,5.1,5.3,5.1,47.5
324,D,1,0,5.1,7.1,4.6,6.5,55.5
325,A,0,0,3.6,4.3,6.2,3.6,29.5
325,B,1,1,4.5,6.2,5.1,6.7,70.8
325,C,0,0,5.9,6.9,3.5,3.6,33.2
325,D,1,1,7.6,5.3,6.2,8.5,79.3
326,A,1,1,5.0,6.3,7.2,4.5,71.7
326,B,1,0,4.6,5.6,2.8,6.0,48.3
326,C,0,0,5.3,5.9,4.4,6.9,37.5
326,D,0,0,7.4,6.2,7.6,5.5,44.5
327,A,0,0,6.8,4.1,5.7,8.0,41.0
327,B,1,1,5.9,9.6,4.0,6.4,76.5
327,C,1,0,5.8,6.7,5.7,4.7,54.8
327,D,1,0,8.7,4.7,7.8,6.4,62.7
328,A,1,0,7.4,4.3,5.6,6.5,56.3
328,B,1,1,3.4,8.2,1.4,6.0,65.0
328,C,1,0,2.9,6.5,7.6,6.6,56.0
328,D,1,1,7.1,5.3,7.1,7.7,78.7
329,A,1,1,5.0,3.6,8.4,4.0,68.3
329,B,0,1,4.7,7.6,3.9,7.4,56.0
329,C,0,0,5.3,5.8,7.9,5.5,40.8
329,D,1,0,3.7,5.5,5.0,5.3,49.2
330,A,1,1,6.5,4.9,6.5,5.4,72.2
330,B,0,1,4.4,8.9,7.5,6.1,61.5
330,C,1,0,4.5,3.9,6.8,6.1,52.2
330,D,1,0,6.5,5.6,5.6,5.8,55.8
331,A,1,0,5.9,5.6,6.0,7.2,57.8
331,B,1,0,6.5,5.9,6.1,8.4,61.5
331,C,0,0,5.8,2.7,6.8,2.5,29.7
331,D,0,0,9.3,5.0,7.7,7.1,48.5
332,A,0,0,6.8,4.8,6.9,4.7,38.7
332,B,0,0,4.7,5.3,4.6,4.8,32.3
332,C,0,1,4.0,5.1,4.5,5.9,49.2
332,D,1,1,6.0,6.0,7.3,7.4,77.8
333,A,0,0,8.5,5.0,5.8,5.4,41.2
333,B,1,1,4.6,7.4,6.4,4.7,71.8
333,C,0,1,3.4,4.9,5.2,3.5,45.0
333,D,1,0,6.7,7.4,7.3,6.4,63.0
334,A,0,0,6.3,5.6,6.2,4.6,37.8
334,B,0,0,2.7,6.8,4.7,5.8,33.3
334,C,1,0,4.8,5.0,6.7,4.6,51.8
334,D,1,0,6.2,4.5,8.4,8.0,61.8
335,A,1,0,7.4,5.0,7.8,5.3,59.2
335,B,1,0,4.3,8.2,3.7,4.6,51.3
335,C,0,0,4.6,4.3,5.3,6.2,34.0
335,D,1,1,9.3,7.0,9.0,9.2,90.8
336,A,0,0,7.9,6.6,6.9,5.0,44.0
336,B,0,0,5.9,7.6,5.0,6.0,40.8
336,C,1,1,5.3,5.7,6.0,4.6,69.3
336,D,1,0,7.2,5.8,7.8,6.8,62.7
337,A,0,1,7.1,4.4,8.2,4.1,56.3
337,B,0,1,6.0,7.7,2.1,6.3,53.5
337,C,1,1,5.7,3.3,4.3,4.9,63.7
337,D,1,0,4.8,7.0,5.7,6.0,55.8
338,A,1,0,6.1,2.9,4.9,5.8,49.5
338,B,1,0,5.4,7.6,6.5,6.0,59.2
338,C,0,0,4.7,6.4,6.7,5.9,39.5
338,D,1,0,5.3,6.4,7.3,7.3,60.5
339,A,1,0,6.6,6.1,4.8,7.6,58.5
339,B,1,1,3.1,6.6,5.1,5.9,67.8
339,C,0,0,5.1,6.4,7.9,5.1,40.8
339,D,0,0,5.0,7.3,7.5,5.9,42.8
340,A,0,0,6.1,6.5,7.3,5.3,42.0
340,B,1,0,6.6,7.1,4.9,8.1,61.2
340,C,1,1,5.1,4.0,6.7,5.0,68.0
340,D,1,1,6.3,8.4,7.7,6.5,81.5
341,A,0,0,7.7,5.1,5.9,5.7,40.7
341,B,0,1,5.0,6.5,5.9,5.1,54.2
341,C,0,0,6.3,1.1,7.4,5.2,33.3
341,D,0,1,6.5,5.6,6.1,6.5,57.8
342,A,0,0,8.1,5.9,5.3,5.1,40.7
342,B,0,0,4.2,8.7,4.3,4.1,35.5
342,C,1,0,4.5,6.0,6.2,6.0,54.5
342,D,0,1,7.2,6.0,5.7,7.2,60.2
343,A,0,1,6.0,2.6,8.1,4.9,52.7
343,B,0,0,4.5,6.9,6.1,5.9,39.0
343,C,1,0,4.2,4.7,6.2,5.9,51.7
343,D,1,0,7.6,7.8,4.8,6.4,61.0
344,A,0,0,5.6,4.1,6.8,4.7,35.3
344,B,0,1,4.3,7.2,2.3,8.6,54.0
344,C,0,0,6.7,4.9,6.6,7.3,42.5
344,D,0,0,8.2,3.2,6.2,9.6,45.3
345,A,0,0,4.4,5.6,8.2,5.6,39.7
345,B,1,0,4.6,6.8,3.9,6.2,52.5
345,C,0,0,6.5,4.7,7.3,6.4,41.5
345,D,0,1,3.7,8.0,6.1,5.5,55.5
346,A,1,0,6.2,2.4,9.1,5.4,55.2
346,B,1,1,5.7,5.9,3.1,8.3,71.7
346,C,1,0,4.8,7.4,7.0,7.4,61.0
346,D,1,1,7.1,6.3,5.1,8.3,78.0
347,A,1,1,7.0,3.4,7.1,6.7,73.7
347,B,1,1,4.4,5.7,3.0,6.3,65.7
347,C,0,0,5.9,3.7,5.1,6.9,36.0
347,D,1,0,6.9,7.7,6.6,8.3,65.8
348,A,0,1,6.8,6.7,6.6,4.8,58.2
348,B,1,1,4.4,7.6,7.5,10.0,82.5
348,C,1,0,6.8,2.8,4.4,6.0,50.0
348,D,1,1,7.9,8.0,8.2,6.1,83.7
349,A,0,0,6.8,3.1,7.4,4.3,36.0
349,B,1,1,4.8,5.1,2.9,8.6,69.0
349,C,0,0,7.0,4.9,4.7,3.9,34.2
349,D,1,0,7.2,7.0,6.6,5.6,60.7
350,A,1,0,8.2,4.8,4.2,5.7,54.8
350,B,1,1,5.4,4.3,4.7,7.0,69.0
350,C,1,0,7.6,5.2,5.5,7.2,59.2
350,D,1,0,4.1,6.9,6.5,6.3,56.3
351,A,1,0,6.3,4.0,7.8,5.0,55.2
351,B,1,0,5.1,5.2,4.8,5.9,51.7
351,C,1,0,6.1,3.8,7.1,6.2,55.3
351,D,1,1,6.1,5.7,5.8,5.9,72.5
352,A,1,1,6.1,1.7,8.3,6.1,70.3
352,B,1,0,6.9,5.6,4.3,6.1,54.8
352,C,1,0,3.9,5.8,6.3,5.7,52.8
352,D,0,0,7.0,5.3,6.6,8.1,45.0
353,A,0,0,7.7,4.6,4.4,4.7,35.7
353,B,1,0,5.8,6.6,3.6,7.1,55.2
353,C,0,0,6.5,4.2,6.5,6.1,38.8
353,D,1,1,6.2,7.2,8.0,4.3,76.2
354,A,1,0,5.1,4.2,8.4,5.0,54.5
354,B,1,0,5.7,8.4,3.8,4.9,54.7
354,C,1,0,8.2,3.1,5.5,7.3,56.8
354,D,0,0,5.6,4.6,4.7,5.5,34.0
355,A,1,0,7.6,6.9,6.6,5.4,60.8
355,B,1,1,5.0,5.6,5.8,4.4,68.0
355,C,0,0,5.6,6.5,5.7,5.7,39.2
355,D,1,1,5.7,4.2,4.4,6.6,68.2
356,A,0,0,4.7,4.9,7.9,5.3,38.0
356,B,1,1,3.8,7.2,3.2,7.4,69.3
356,C,0,1,4.6,5.7,5.9,5.6,53.0
356,D,1,0,6.8,6.1,4.7,3.5,51.8
357,A,1,0,4.3,2.2,4.2,6.4,45.2
357,B,1,1,4.5,5.5,6.0,6.8,71.3
357,C,1,1,4.0,3.1,6.6,3.8,62.5
357,D,1,1,6.5,5.6,4.9,8.3,75.5
358,A,1,0,8.0,5.2,6.3,6.2,59.5
358,B,0,0,3.0,5.6,3.6,8.2,34.0
358,C,1,0,4.5,2.7,6.0,5.1,47.2
358,D,0,0,8.6,7.5,7.6,7.1,51.3
359,A,1,0,5.2,3.3,6.0,4.8,48.8
359,B,1,0,4.3,6.6,5.8,6.9,56.0
359,C,1,0,4.9,3.6,5.3,6.1,49.8
359,D,0,1,5.2,5.7,6.4,6.5,56.3
360,A,1,0,6.6,3.8,7.1,6.2,56.2
360,B,1,0,5.9,6.9,4.1,5.2,53.5
360,C,0,0,4.4,6.3,5.3,5.6,36.0
360,D,1,1,6.2,6.9,7.7,7.3,80.2
361,A,0,1,9.0,4.3,5.6,3.4,53.8
361,B,0,0,4.7,4.0,3.5,6.7,31.5
361,C,1,1,4.5,5.3,7.2,6.7,72.8
361,D,0,1,5.1,5.8,7.9,6.1,58.2
362,A,0,0,8.5,3.4,7.1,5.5,40.8
362,B,0,1,3.7,8.6,3.1,7.2,54.3
362,C,1,0,7.3,4.9,5.7,5.8,56.2
362,D,0,0,5.5,4.4,6.7,6.0,37.7
363,A,0,0,5.7,5.2,6.8,5.1,38.0
363,B,1,0,6.7,9.0,4.8,6.8,62.2
363,C,0,1,7.7,2.7,5.8,6.5,54.5
363,D,1,1,5.9,7.6,7.9,7.9,82.2
364,A,0,0,5.6,2.1,5.9,4.9,30.8
364,B,0,1,4.6,6.3,6.6,6.3,56.3
364,C,1,0,6.9,5.7,5.0,7.8,59.0
364,D,0,0,4.6,4.1,7.6,3.8,33.5
365,A,0,0,5.9,4.2,8.9,6.7,42.8
365,B,1,1,3.9,6.4,5.2,6.9,70.7
365,C,1,0,6.2,4.3,8.9,3.4,54.7
365,D,0,1,6.9,4.4,6.5,8.5,60.5
366,A,0,0,6.3,3.0,5.6,5.5,34.0
366,B,0,0,4.7,5.8,5.3,7.1,38.2
366,C,1,1,5.5,5.0,6.4,5.8,71.2
366,D,1,1,7.7,7.6,7.5,7.3,83.5
367,A,0,1,7.0,5.4,5.5,5.0,54.8
367,B,1,0,4.9,7.0,2.0,4.6,47.5
367,C,1,0,4.5,4.0,5.6,7.4,52.5
367,D,1,0,7.8,6.9,5.6,7.3,62.7
368,A,1,0,5.8,3.3,4.7,5.4,48.7
368,B,0,1,7.4,9.0,4.5,6.4,62.2
368,C,0,0,5.6,6.4,7.5,5.0,40.8
368,D,1,1,4.5,5.3,5.6,4.9,67.2
369,A,1,1,5.6,5.0,6.3,7.0,73.2
369,B,1,0,4.1,5.8,6.5,5.0,52.3
369,C,1,1,7.2,6.9,4.0,6.5,74.3
369,D,1,0,4.9,6.7,7.1,7.3,60.0
370,A,0,0,7.4,4.2,6.6,5.3,39.2
370,B,1,1,5.5,7.1,3.1,8.1,73.0
370,C,0,0,6.2,3.1,7.0,2.9,32.0
370,D,1,1,6.8,6.4,7.0,7.9,80.2
371,A,1,1,6.5,8.4,6.9,4.0,76.3
371,B,1,0,2.6,9.7,3.5,6.4,53.7
371,C,0,0,5.8,5.8,7.9,5.8,42.2
371,D,0,0,8.2,5.5,7.8,5.3,44.7
372,A,1,0,5.8,7.2,7.2,2.9,55.2
372,B,0,0,5.7,5.2,3.7,7.8,37.3
372,C,0,0,5.2,8.3,5.3,6.3,41.8
372,D,1,1,5.7,5.2,4.4,7.5,71.3
373,A,1,0,7.1,3.7,8.8,6.7,60.5
373,B,0,0,4.6,8.2,6.2,6.5,42.5
373,C,1,0,6.6,5.5,4.2,5.2,52.5
373,D,0,1,5.8,6.6,7.1,7.8,62.2
374,A,0,1,5.7,3.7,6.8,4.9,51.8
374,B,1,0,4.9,6.2,7.4,7.8,60.5
374,C,0,0,7.1,5.8,7.9,4.8,42.7
374,D,0,1,6.2,6.9,5.3,7.6,60.0
375,A,0,0,5.6,6.3,7.0,7.0,43.2
375,B,0,0,5.5,6.7,4.6,5.9,37.8
375,C,0,0,5.0,6.8,4.7,4.9,35.7
375,D,1,0,5.0,8.7,7.8,7.3,64.7
376,A,1,1,6.6,4.5,6.6,7.8,75.8
376,B,1,1,5.6,7.1,7.6,8.8,81.8
376,C,0,0,5.7,3.6,5.8,6.6,36.2
376,D,1,0,5.7,7.2,7.2,6.8,61.5
377,A,0,0,6.1,4.8,7.0,6.3,40.3
377,B,0,1,3.0,6.2,5.5,7.1,53.0
377,C,0,0,8.0,3.9,7.2,6.6,42.8
377,D,1,1,6.0,7.4,5.6,7.3,77.2
378,A,1,0,4.8,6.3,8.6,7.1,61.3
378,B,1,0,4.8,8.4,3.9,6.7,56.3
378,C,0,0,2.2,6.0,7.8,5.5,35.8
378,D,1,1,4.3,5.5,4.1,7.0,68.2
379,A,1,1,6.8,6.3,5.3,4.0,70.7
379,B,0,1,5.3,5.7,3.2,5.5,49.5
379,C,0,0,8.4,3.6,7.7,5.4,41.8
379,D,1,1,4.2,5.9,4.5,6.8,69.0
380,A,0,0,5.5,2.7,7.5,5.0,34.5
380,B,0,1,3.3,7.4,7.5,8.8,61.7
380,C,0,0,5.6,3.3,5.2,4.7,31.3
380,D,1,1,7.8,6.5,6.2,7.4,79.8
381,A,1,1,6.9,3.2,7.7,5.4,72.0
381,B,1,0,7.2,8.6,5.1,7.3,63.7
381,C,1,0,8.4,6.1,7.7,7.2,65.7
381,D,1,0,6.7,7.5,8.0,7.6,66.3
382,A,1,1,5.5,6.2,6.9,5.4,73.3
382,B,1,1,6.8,7.6,4.2,3.5,70.2
382,C,0,1,4.9,3.7,4.6,5.1,47.2
382,D,0,1,7.5,5.2,6.1,6.6,59.0
383,A,0,0,5.7,4.7,5.3,5.9,36.0
383,B,1,0,2.1,7.2,6.0,7.5,54.7
383,C,0,1,4.7,6.8,6.9,6.5,58.2
383,D,1,1,6.0,6.8,5.2,5.0,71.7
384,A,1,0,5.2,3.6,9.4,3.3,52.5
384,B,0,0,4.7,7.0,3.0,6.9,36.0
384,C,0,0,4.4,7.6,4.6,4.5,35.2
384,D,1,1,5.5,8.1,4.0,7.7,75.5
385,A,0,0,6.5,2.8,6.8,5.4,35.8
385,B,1,0,6.4,6.0,1.3,5.7,49.0
385,C,1,0,6.6,5.7,6.0,5.5,56.3
385,D,1,0,5.6,7.3,4.7,5.3,54.8
386,A,1,0,5.5,5.7,7.1,3.4,52.8
386,B,1,0,5.6,7.1,5.2,5.8,56.2
386,C,0,0,5.5,3.9,5.9,4.9,33.7
386,D,1,0,6.8,4.9,5.1,5.7,54.2
387,A,1,0,7.1,3.7,5.4,3.9,50.2
387,B,1,0,4.7,7.1,4.2,6.5,54.2
387,C,1,1,4.5,4.4,7.2,5.2,68.8
387,D,0,1,5.2,6.6,7.2,7.3,60.5
388,A,0,0,9.6,2.8,6.6,5.9,41.5
388,B,1,1,4.6,9.1,4.3,6.7,74.5
388,C,1,0,7.2,5.4,6.2,8.3,61.8
388,D,0,0,6.7,4.0,6.7,8.6,43.3
389,A,0,0,8.9,4.1,6.2,6.1,42.2
389,B,0,1,5.3,6.1,3.6,6.0,51.7
389,C,0,0,7.8,5.7,5.8,9.0,47.2
389,D,1,0,7.7,5.7,5.9,5.7,58.3
390,A,1,1,6.1,4.8,6.6,6.0,72.5
390,B,1,0,4.1,7.8,5.4,5.7,55.0
390,C,1,1,5.6,6.0,4.6,6.7,71.5
390,D,0,1,5.7,8.3,6.8,5.0,59.7
391,A,0,0,7.1,3.6,6.8,5.7,38.7
391,B,0,0,6.6,7.1,7.1,5.3,43.5
391,C,0,0,6.8,2.8,4.3,5.4,32.2
391,D,1,0,7.6,4.8,5.7,6.6,57.8
392,A,0,0,6.0,4.9,6.7,6.0,39.3
392,B,1,1,3.9,5.0,5.1,6.7,67.8
392,C,0,1,5.3,6.5,9.1,5.3,60.3
392,D,0,0,6.1,7.4,6.2,6.9,44.3
393,A,0,1,7.6,6.0,4.0,6.5,56.8
393,B,1,0,6.0,7.0,2.2,7.3,54.2
393,C,0,0,6.1,4.8,5.9,5.4,37.0
393,D,1,0,6.8,6.2,5.7,7.9,61.0
394,A,0,1,6.8,5.5,6.3,4.8,55.7
394,B,1,1,4.8,8.5,4.8,5.5,72.7
394,C,1,1,5.9,1.6,7.3,3.7,64.2
394,D,1,1,4.3,6.8,7.0,7.7,76.3
395,A,1,0,3.7,3.3,4.8,5.2,45.0
395,B,1,0,5.6,6.1,4.4,6.2,53.8
395,C,0,0,6.6,5.1,7.3,6.2,42.0
395,D,1,0,5.7,5.3,7.5,6.3,58.0
396,A,1,1,7.5,5.9,10,4.7,80.2
396,B,0,0,5.5,6.8,6.8,6.1,42.0
396,C,1,1,4.4,3.9,6.0,6.3,67.7
396,D,1,0,6.1,6.3,4.8,6.5,56.2
397,A,0,0,5.3,3.5,5.4,2.6,28.0
397,B,1,0,2.5,7.6,5.2,7.4,54.5
397,C,0,0,7.3,5.5,4.9,6.0,39.5
397,D,1,1,6.5,6.6,9.1,8.4,84.3
398,A,0,0,7.5,5.3,7.9,5.2,43.2
398,B,1,1,5.4,7.4,4.9,6.4,73.5
398,C,0,0,1.3,2.7,8.1,4.7,28.0
398,D,1,1,8.0,7.6,5.4,6.8,79.7
399,A,1,0,5.9,4.4,5.8,6.5,54.3
399,B,1,0,5.1,7.2,1.9,4.7,48.2
399,C,0,1,7.6,4.6,6.6,6.7,59.2
399,D,0,1,8.2,6.2,5.7,7.3,62.3
400,A,0,1,8.4,5.3,9.4,9.0,70.2
400,B,1,0,3.9,7.4,3.0,5.6,49.8
400,C,1,0,6.2,2.9,4.5,5.6,48.7
400,D,0,1,6.8,7.7,5.5,7.5,62.5
401,A,0,0,6.0,3.5,6.0,5.3,34.7
401,B,1,0,7.4,7.9,3.4,4.0,54.5
401,C,1,1,4.1,7.0,7.0,4.1,70.3
401,D,0,1,6.5,7.1,6.6,6.7,61.5
402,A,0,0,5.3,4.3,6.6,5.4,36.0
402,B,1,1,6.9,2.8,4.8,7.7,70.3
402,C,1,0,5.2,3.8,9.0,6.0,56.7
402,D,0,1,7.0,6.1,4.4,4.1,52.7
403,A,1,0,6.7,4.5,8.2,6.7,60.2
403,B,1,1,6.2,3.5,5.4,7.5,71.0
403,C,0,1,4.9,4.2,5.7,4.1,48.2
403,D,1,1,5.8,6.1,5.6,7.1,74.3
404,A,1,0,7.8,4.9,6.3,6.0,58.3
404,B,0,1,2.3,7.7,3.6,7.1,51.2
404,C,0,1,5.7,3.0,4.7,4.4,46.3
404,D,1,1,8.1,6.2,6.8,10,85.2
405,A,0,0,5.7,3.7,7.0,4.9,35.5
405,B,0,0,5.7,6.3,4.9,8.6,42.5
405,C,1,1,2.6,5.9,5.4,5.5,65.7
405,D,1,1,7.6,6.3,5.0,7.9,78.0
406,A,0,1,5.5,5.7,7.1,7.1,59.0
406,B,1,1,4.5,7.4,3.6,6.0,69.2
406,C,1,0,5.6,4.8,6.3,4.4,51.8
406,D,1,1,7.0,7.0,6.2,6.8,78.3
407,A,0,0,6.3,5.0,8.9,5.1,42.2
407,B,1,1,5.7,7.6,7.0,4.7,75.0
407,C,0,0,6.0,2.8,6.2,3.5,30.8
407,D,0,1,7.7,7.0,5.7,7.0,62.3
408,A,0,0,7.6,4.9,6.2,3.0,36.2
408,B,1,0,5.4,6.9,5.9,6.7,58.2
408,C,1,1,3.0,5.8,7.1,3.8,66.2
408,D,1,1,5.2,6.1,7.4,5.2,73.2
409,A,1,1,5.5,2.2,6.4,7.3,69.0
409,B,1,0,5.5,6.6,4.5,4.6,52.0
409,C,1,0,5.6,6.4,5.3,6.1,55.7
409,D,0,0,5.3,6.1,5.0,8.0,40.7
410,A,1,0,4.6,5.2,4.7,6.4,51.5
410,B,0,0,5.2,6.2,7.6,10,48.3
410,C,1,0,4.2,2.8,6.2,4.0,45.3
410,D,1,0,7.0,5.6,8.9,6.3,63.0
411,A,1,1,8.6,6.2,7.9,4.7,79.0
411,B,0,1,3.9,6.8,6.0,4.8,52.5
411,C,0,0,5.5,4.9,6.1,5.9,37.3
411,D,0,0,4.8,6.6,7.8,5.2,40.7
412,A,0,0,9.8,3.4,6.3,7.5,45.0
412,B,0,1,8.1,8.9,5.0,6.2,63.7
412,C,0,0,5.9,5.2,4.6,6.0,36.2
412,D,1,1,6.8,7.9,5.5,6.5,77.8
413,A,1,1,5.5,5.6,8.8,7.9,79.7
413,B,0,1,5.9,7.3,3.1,7.3,56.0
413,C,1,1,6.3,3.6,5.5,5.8,68.7
413,D,0,1,7.8,6.6,5.1,8.2,62.8
414,A,0,0,5.8,5.4,5.8,5.3,37.2
414,B,1,1,5.6,6.6,6.3,6.7,75.3
414,C,1,0,6.2,4.2,7.3,6.6,57.2
414,D,1,0,5.0,5.3,7.4,7.2,58.2
415,A,1,0,9.3,5.8,8.0,6.3,65.7
415,B,0,0,4.7,5.7,4.8,4.2,32.3
415,C,0,0,6.8,5.4,6.6,3.2,36.7
415,D,0,0,7.6,6.4,5.7,6.4,43.5
416,A,1,1,8.2,4.1,10,4.7,78.3
416,B,1,0,5.7,5.4,4.4,6.3,53.0
416,C,1,1,4.8,5.8,7.8,6.3,74.5
416,D,1,0,4.7,7.8,5.2,4.8,54.2
417,A,0,0,7.5,1.8,5.2,4.8,32.2
417,B,0,0,4.0,8.9,4.7,7.2,41.3
417,C,0,1,5.0,6.8,7.9,5.5,58.7
417,D,1,0,5.4,5.1,5.0,6.6,53.5
418,A,0,0,4.8,4.3,6.5,6.2,36.3
418,B,0,0,4.6,7.5,6.2,6.9,42.0
418,C,0,0,7.4,5.4,6.9,3.6,38.8
418,D,1,0,7.4,6.9,7.1,7.3,64.5
419,A,0,1,6.3,7.3,6.7,7.0,62.2
419,B,1,1,3.1,8.1,4.8,6.6,71.0
419,C,1,0,8.0,5.2,5.2,5.8,57.0
419,D,1,1,6.5,6.6,8.6,7.1,81.3
420,A,1,0,6.5,6.2,6.2,6.5,59.0
420,B,1,1,4.9,7.7,6.7,6.4,76.2
420,C,0,0,6.9,6.7,6.0,3.7,38.8
420,D,0,1,8.2,6.0,7.8,7.4,65.7
421,A,0,0,7.2,5.3,7.0,6.2,42.8
421,B,0,0,4.6,6.4,5.9,6.0,38.2
421,C,1,0,5.3,1.6,5.6,7.0,49.2
421,D,1,0,4.4,7.8,4.5,7.2,56.5
422,A,0,0,7.3,4.4,6.7,5.8,40.3
422,B,1,0,4.7,7.1,3.6,6.8,53.7
422,C,0,0,4.9,4.1,6.1,8.4,39.2
422,D,0,1,7.9,7.6,4.7,5.8,60.0
423,A,0,0,6.0,5.6,6.8,3.7,36.8
423,B,0,0,5.6,5.7,3.3,5.9,34.2
423,C,1,0,5.8,5.6,5.7,6.3,55.7
423,D,1,1,6.9,6.1,5.0,6.5,74.2
424,A,1,0,6.1,4.3,7.8,5.6,56.3
424,B,1,1,5.0,7.2,7.2,2.6,70.0
424,C,1,0,3.1,3.8,5.1,5.4,45.7
424,D,1,1,7.3,6.1,6.3,6.5,77.0
425,A,1,0,7.6,3.8,6.6,5.3,55.5
425,B,1,0,5.2,7.2,3.5,6.2,53.5
425,C,0,1,5.3,6.8,4.8,5.5,54.0
425,D,0,1,4.1,5.4,7.4,7.2,56.8
426,A,0,1,4.7,5.3,8.2,6.5,57.8
426,B,0,1,3.2,6.9,4.0,6.7,51.3
426,C,1,1,4.5,5.4,7.3,5.1,70.5
426,D,1,0,7.8,6.7,6.3,6.3,61.8
427,A,1,1,7.2,3.1,7.9,5.3,72.5
427,B,1,0,4.0,6.1,3.7,7.1,51.5
427,C,0,0,5.5,4.0,5.0,3.9,30.7
427,D,0,0,5.6,5.0,5.5,7.5,39.3
428,A,1,0,6.7,4.8,7.4,5.8,57.8
428,B,0,1,4.2,5.2,4.2,7.5,51.8
428,C,0,0,8.1,3.3,6.2,6.7,40.5
428,D,1,0,7.0,6.8,5.3,8.9,63.3
429,A,0,0,7.9,5.4,8.1,8.7,50.2
429,B,1,1,3.4,4.4,5.9,7.3,68.3
429,C,1,0,8.2,5.5,4.4,6.7,58.0
429,D,0,1,9.0,5.6,6.8,8.7,66.8
430,A,0,0,8.0,5.1,8.3,3.1,40.8
430,B,1,0,4.6,7.6,6.0,6.4,57.7
430,C,1,0,5.9,4.9,5.9,5.6,53.8
430,D,1,1,7.1,4.7,6.2,5.5,72.5
431,A,1,1,3.9,4.1,6.1,5.1,65.3
431,B,1,0,3.2,4.8,3.3,4.2,42.5
431,C,0,0,4.7,6.3,6.4,4.2,36.0
431,D,1,0,3.4,5.6,7.5,7.2,56.2
432,A,1,0,8.7,2.4,6.2,5.4,54.5
432,B,1,0,3.2,6.0,1.9,5.0,43.5
432,C,0,0,5.7,6.2,4.8,6.3,38.3
432,D,0,0,7.2,5.0,7.2,6.8,43.7
433,A,0,0,4.9,5.9,7.7,4.3,38.0
433,B,1,0,4.5,5.7,4.6,6.1,51.5
433,C,1,0,3.9,5.0,6.1,6.0,51.7
433,D,0,1,7.4,6.6,8.7,5.1,63.0
434,A,0,1,7.3,5.0,6.8,3.2,53.8
434,B,0,0,5.3,5.9,7.1,1.6,33.2
434,C,1,0,4.2,5.4,6.1,5.7,52.3
434,D,0,1,7.7,6.0,5.8,5.2,57.8
435,A,0,0,6.8,3.7,6.4,5.2,36.8
435,B,0,0,3.7,5.9,4.2,5.7,32.5
435,C,1,0,4.3,6.2,6.7,3.9,51.8
435,D,1,1,6.0,3.9,8.0,6.2,73.5
436,A,1,1,8.1,3.5,3.7,5.7,68.3
436,B,0,0,5.2,8.8,5.1,5.8,41.5
436,C,0,0,5.3,5.5,6.6,4.7,36.8
436,D,1,0,7.4,4.3,8.6,5.6,59.8
437,A,0,1,6.5,4.2,5.4,6.2,53.8
437,B,0,1,5.4,5.7,3.5,6.5,51.8
437,C,1,0,7.8,6.8,4.4,5.5,57.5
437,D,0,0,5.8,5.2,6.6,9.5,45.2
438,A,0,0,6.8,8.3,6.6,5.6,45.5
438,B,1,0,4.0,9.2,4.7,5.6,55.8
438,C,0,0,4.8,5.4,6.1,5.0,35.5
438,D,1,1,8.2,7.6,7.3,6.4,82.5
439,A,1,0,7.1,5.1,7.1,6.1,59.0
439,B,0,0,5.2,4.9,4.8,4.5,32.3
439,C,0,1,4.7,5.1,7.1,5.7,54.3
439,D,1,0,5.6,6.6,5.6,6.3,56.8
440,A,0,0,2.7,3.7,7.5,2.5,27.3
440,B,1,1,4.7,4.1,3.0,6.2,63.3
440,C,1,1,4.1,4.5,5.9,5.1,66.0
440,D,0,0,5.1,4.4,6.7,7.2,39.0
441,A,0,0,7.2,6.6,4.5,4.2,37.5
441,B,1,1,5.3,9.1,5.5,5.5,75.7
441,C,0,0,3.9,4.5,6.0,5.5,33.2
441,D,1,1,6.8,5.8,7.1,7.2,78.2
442,A,1,0,4.9,2.3,8.2,4.2,49.3
442,B,1,1,3.8,4.5,3.6,7.2,65.2
442,C,1,0,4.8,5.6,6.7,6.3,55.7
442,D,0,0,8.2,4.2,6.0,6.3,41.2
443,A,0,1,7.9,5.1,6.1,5.7,58.0
443,B,0,1,5.6,6.4,5.4,8.3,59.5
443,C,1,1,6.4,5.2,3.8,4.1,65.8
443,D,1,1,8.1,6.1,6.4,5.2,76.3
444,A,0,1,5.2,6.0,6.5,6.7,57.3
444,B,0,0,2.8,6.2,4.6,5.6,32.0
444,C,0,1,4.0,4.6,5.5,4.7,48.0
444,D,0,1,6.5,6.6,5.8,5.5,57.3
445,A,1,0,5.1,3.4,7.2,5.7,52.3
445,B,0,1,6.1,6.6,5.2,6.8,57.8
445,C,0,0,7.4,7.2,5.9,6.0,44.2
445,D,0,0,8.3,5.6,6.7,6.5,45.2
446,A,1,0,5.9,4.6,4.7,4.1,48.8
446,B,0,1,4.4,4.9,5.0,6.3,51.0
446,C,0,0,5.6,3.3,6.8,6.8,37.5
446,D,1,1,7.8,7.6,4.2,4.6,73.7
447,A,0,1,8.7,5.5,6.4,7.4,63.3
447,B,1,1,2.5,4.5,5.7,5.5,63.7
447,C,0,0,5.5,3.9,5.4,3.3,30.2
447,D,1,1,6.4,4.8,5.8,7.4,74.0
448,A,1,0,7.4,1.9,8.4,7.0,57.8
448,B,1,1,4.5,7.9,3.7,5.8,69.8
448,C,0,0,4.8,3.7,5.4,4.1,30.0
448,D,1,1,8.4,7.5,6.6,7.0,82.5
449,A,1,0,6.3,3.2,8.1,1.4,48.3
449,B,0,1,4.6,6.0,4.7,4.9,50.3
449,C,1,0,4.5,4.0,5.6,5.4,49.2
449,D,0,1,9.7,4.4,6.4,6.3,61.3
450,A,0,0,5.1,5.0,6.5,7.6,40.3
450,B,1,0,6.6,6.6,4.4,4.5,53.5
450,C,1,1,6.0,5.3,6.3,4.6,70.3
450,D,1,0,6.1,7.7,6.5,5.6,59.8
451,A,0,1,4.9,2.9,6.4,4.1,47.2
451,B,1,1,4.7,7.5,6.4,6.5,75.2
451,C,1,0,5.6,5.0,6.2,3.4,50.3
451,D,0,0,7.2,6.2,7.1,5.9,44.0
452,A,0,0,6.0,4.9,6.3,9.3,44.2
452,B,0,1,5.1,6.8,3.1,7.7,54.5
452,C,0,0,5.1,7.2,4.8,7.0,40.2
452,D,1,1,4.5,5.1,8.0,8.2,76.3
453,A,0,0,5.3,4.9,4.8,5.9,34.8
453,B,1,1,3.4,4.8,4.1,6.1,64.0
453,C,1,1,6.5,2.5,5.2,7.7,69.8
453,D,1,1,7.0,8.1,4.7,6.4,77.0
454,A,1,0,7.2,4.1,6.3,4.8,54.0
454,B,1,1,4.7,5.8,4.6,7.7,71.3
454,C,0,1,6.4,5.8,7.2,7.8,62.0
454,D,0,0,5.3,6.0,6.0,5.7,38.3
455,A,1,0,8.1,5.2,5.2,3.9,54.0
455,B,0,0,2.5,8.0,2.6,7.3,34.0
455,C,1,0,7.6,4.9,4.9,4.6,53.3
455,D,1,1,7.3,6.0,5.6,8.0,78.2
456,A,0,1,7.0,5.4,7.5,6.9,61.3
456,B,0,1,4.3,5.9,2.8,4.9,46.5
456,C,0,0,5.3,4.2,3.4,5.3,30.3
456,D,1,1,7.0,8.1,7.3,6.8,82.0
457,A,1,0,7.7,4.3,7.6,6.6,60.3
457,B,0,1,8.4,10,6.5,5.9,68.0
457,C,1,0,4.7,5.8,6.0,5.7,53.7
457,D,1,1,6.2,7.1,5.3,6.6,75.3
458,A,0,1,5.5,4.2,7.6,6.3,56.0
458,B,1,0,5.8,7.1,2.8,5.5,52.0
458,C,0,0,5.4,6.2,4.2,5.8,36.0
458,D,1,1,6.9,4.4,6.4,8.9,77.7
459,A,1,0,6.3,4.4,4.8,6.0,52.5
459,B,1,1,6.2,8.5,6.2,7.1,80.0
459,C,0,0,5.5,3.7,5.3,5.9,34.0
459,D,1,1,4.9,4.6,7.0,7.5,73.3
460,A,1,0,6.7,2.6,6.0,4.1,49.0
460,B,1,0,4.8,7.1,5.8,5.1,54.7
460,C,0,0,6.2,6.2,4.2,5.1,36.2
460,D,1,1,4.4,6.4,7.5,7.5,76.3
461,A,1,0,6.8,5.7,5.0,7.6,58.5
461,B,0,1,3.8,4.7,4.3,6.9,49.5
461,C,1,0,4.6,4.0,3.5,5.2,45.5
461,D,1,1,7.1,8.1,7.7,6.6,82.5
462,A,1,0,6.1,5.1,7.3,4.9,55.7
462,B,0,0,5.7,7.1,5.7,5.6,40.2
462,C,1,0,5.4,4.4,5.6,5.2,51.0
462,D,0,0,7.4,5.8,7.2,8.3,47.8
463,A,0,0,6.8,4.6,5.6,5.2,37.0
463,B,1,1,3.6,6.6,3.1,5.7,65.0
463,C,1,1,7.7,4.7,7.7,4.8,74.8
463,D,0,0,6.9,5.6,4.1,8.4,41.7
464,A,1,1,6.7,1,3.3,4.7,59.5
464,B,1,0,6.2,7.0,3.9,4.5,52.7
464,C,1,1,6.0,5.4,7.0,5.7,73.5
464,D,0,0,5.5,6.8,6.1,5.9,40.5
465,A,0,1,7.6,3.2,6.6,4.7,53.5
465,B,1,1,6.1,6.0,3.7,6.4,70.3
465,C,0,1,6.2,1.3,6.7,5.7,49.8
465,D,1,0,4.9,6.3,7.3,7.4,59.8
466,A,0,0,4.2,4.8,8.7,7.3,41.7
466,B,1,1,3.7,8.4,4.3,6.3,71.2
466,C,1,0,6.7,5.2,6.3,7.4,59.3
466,D,1,1,4.9,8.0,6.5,5.0,74.0
467,A,1,0,4.2,5.3,5.9,7.1,54.2
467,B,0,0,5.1,5.6,5.1,8.9,41.2
467,C,0,0,6.1,6.1,5.4,8.6,43.7
467,D,1,0,7.8,6.8,6.4,10,68.3
468,A,0,1,7.6,4.2,6.2,6.5,57.5
468,B,1,0,4.9,6.5,6.1,6.1,56.0
468,C,1,1,7.6,6.7,7.4,5.7,79.0
468,D,1,1,5.9,7.6,6.1,7.6,78.7
469,A,1,0,5.0,4.6,6.2,8.1,56.5
469,B,1,1,4.7,7.0,1.7,8.2,69.3
469,C,0,0,5.7,3.2,6.2,7.5,37.7
469,D,0,0,5.7,4.3,5.5,7.7,38.7
470,A,1,1,5.3,3.1,6.1,5.2,66.2
470,B,1,0,4.0,4.5,5.4,4.5,47.3
470,C,1,1,6.8,4.6,7.7,2.8,69.8
470,D,1,0,6.3,4.6,7.5,7.8,60.3
471,A,1,1,8.5,1.7,6.0,5.1,68.8
471,B,1,0,3.7,5.7,4.4,3.5,45.5
471,C,1,1,7.1,6.7,6.5,5.3,76.0
471,D,1,1,9.5,3.9,4.1,6.6,73.5
472,A,1,0,4.8,3.3,7.7,5.6,52.3
472,B,1,0,5.9,8.0,4.2,5.2,55.5
472,C,1,0,7.3,3.6,7.8,2.6,52.2
472,D,0,1,5.0,9.8,7.1,6.7,64.3
473,A,0,0,7.3,2.7,8.9,6.4,42.2
473,B,0,1,4.1,4.7,3.8,5.6,47.0
473,C,0,0,5.3,6.0,7.0,4.8,38.5
473,D,1,1,5.2,6.7,7.7,6.0,76.0
474,A,0,0,4.9,3.8,5.7,5.2,32.7
474,B,0,0,6.9,5.7,3.2,5.2,35.0
474,C,1,0,5.0,5.8,8.4,5.4,57.7
474,D,1,1,6.3,7.6,7.9,7.6,82.3
475,A,1,0,7.8,4.8,6.2,4.9,56.2
475,B,1,1,5.3,6.1,3.9,5.9,68.7
475,C,0,0,6.0,4.9,5.6,5.3,36.3
475,D,1,1,8.8,5.0,6.5,7.6,79.8
476,A,1,1,6.6,5.0,5.3,4.8,69.5
476,B,0,0,4.2,7.3,3.3,9.7,40.8
476,C,0,0,5.8,3.4,4.7,4.5,30.7
476,D,0,1,8.0,6.3,5.3,7.4,61.7
477,A,1,1,5.8,6.3,5.8,5.9,73.0
477,B,0,0,3.4,6.0,4.6,7.0,35.0
477,C,0,0,6.3,4.1,6.4,5.5,37.2
477,D,0,1,5.0,6.6,6.4,4.9,54.8
478,A,0,0,6.0,4.7,7.9,6.0,41.0
478,B,1,0,5.3,6.3,4.7,8.7,58.3
478,C,0,0,5.0,4.7,5.9,6.2,36.3
478,D,1,1,6.9,6.6,5.5,8.0,78.3
479,A,1,0,6.9,4.4,7.4,5.3,56.7
479,B,1,0,2.8,6.2,4.5,6.1,49.3
479,C,1,0,7.2,3.4,5.9,4.6,51.8
479,D,0,1,7.3,6.8,3.5,4.7,53.8
480,A,0,0,7.1,2.2,6.0,5.8,35.2
480,B,0,0,4.8,7.4,4.5,5.5,37.0
480,C,0,0,5.8,2.9,6.7,6.1,35.8
480,D,1,0,4.8,6.1,6.5,7.5,58.2
481,A,1,0,6.6,4.5,7.8,5.5,57.3
481,B,1,1,5.4,5.8,4.8,6.7,71.2
481,C,1,0,5.0,4.9,5.2,7.9,55.0
481,D,1,1,6.5,8.5,7.5,6.7,82.0
482,A,1,0,7.5,4.8,8.7,4.7,59.5
482,B,1,0,4.8,7.2,2.8,6.5,52.2
482,C,1,0,5.3,3.1,6.8,6.1,52.2
482,D,1,1,7.6,4.8,3.6,4.9,68.2
483,A,0,0,4.7,5.7,5.9,3.9,33.7
483,B,1,0,4.1,6.1,4.7,8.0,54.8
483,C,0,1,7.5,2.4,5.0,5.4,50.5
483,D,0,1,8.1,6.1,5.9,5.0,58.5
484,A,1,0,5.3,3.8,6.0,6.2,52.2
484,B,1,1,4.0,5.8,3.8,6.4,66.7
484,C,1,0,6.3,3.9,4.4,2.7,45.5
484,D,0,0,8.6,8.4,6.4,7.0,50.7
485,A,0,0,7.2,6.4,7.0,4.8,42.3
485,B,1,1,4.2,6.6,4.0,6.1,68.2
485,C,1,1,5.8,6.5,7.5,6.3,76.8
485,D,0,0,4.5,6.0,7.0,8.6,43.5
486,A,0,0,5.1,4.9,4.9,5.5,34.0
486,B,0,0,6.8,4.9,4.5,4.5,34.5
486,C,1,0,4.2,6.0,6.7,5.3,53.7
486,D,1,1,6.6,5.7,6.9,5.7,74.8
487,A,0,0,4.3,6.4,6.9,5.3,38.2
487,B,1,1,4.6,6.2,4.6,6.8,70.3
487,C,0,0,5.0,3.8,7.1,6.5,37.3
487,D,0,0,4.3,5.9,4.9,4.8,33.2
488,A,0,1,4.9,4.2,4.3,6.3,49.5
488,B,0,1,4.3,5.7,5.8,6.9,54.5
488,C,1,1,6.1,5.2,5.7,6.0,71.7
488,D,0,0,5.4,4.7,5.0,8.2,38.8
489,A,1,1,5.7,5.5,7.6,3.9,71.2
489,B,1,0,4.5,5.3,2.5,4.0,43.8
489,C,0,0,7.6,7.5,5.7,5.7,44.2
489,D,0,1,6.4,6.0,6.0,8.5,61.5
490,A,0,1,6.3,4.7,5.2,4.3,50.8
490,B,1,1,4.4,5.8,5.0,5.4,67.7
490,C,1,0,4.6,5.6,7.6,6.0,56.3
490,D,1,0,8.3,7.1,3.9,6.0,58.8
491,A,0,0,5.8,6.2,6.5,4.3,38.0
491,B,1,1,6.4,4.9,3.9,6.4,69.3
491,C,0,1,6.1,3.7,5.0,5.9,51.2
491,D,0,1,7.8,5.3,6.2,6.0,58.8
492,A,1,0,5.1,5.4,4.4,6.6,52.5
492,B,1,0,4.1,7.4,5.9,6.2,56.0
492,C,1,1,5.3,6.2,7.6,7.0,76.8
492,D,1,0,7.2,7.4,6.6,5.6,61.3
493,A,0,0,8.4,6.9,8.0,5.0,47.2
493,B,1,1,5.2,7.5,5.4,6.6,74.5
493,C,0,0,5.5,3.1,5.8,4.1,30.8
493,D,1,0,7.5,4.6,5.4,7.8,58.8
494,A,1,1,6.2,5.4,7.0,6.6,75.3
494,B,1,1,4.0,7.2,3.3,8.2,71.2
494,C,0,1,5.3,5.0,3.3,6.6,50.3
494,D,1,0,5.2,6.7,7.3,6.6,59.7
495,A,1,0,6.0,5.9,7.3,5.1,57.2
495,B,1,0,4.7,5.3,4.6,6.4,51.7
495,C,0,0,7.5,4.9,5.8,6.4,41.0
495,D,1,0,6.9,7.3,6.3,7.1,62.7
496,A,0,0,6.9,3.9,8.1,8.1,45.0
496,B,0,1,5.0,7.9,3.9,6.8,56.0
496,C,1,0,3.6,5.8,8.2,4.4,53.3
496,D,1,0,5.0,3.6,6.9,7.7,55.3
497,A,0,1,5.3,2.8,7.8,4.0,49.8
497,B,0,0,5.1,6.9,3.4,6.3,36.2
497,C,1,0,5.0,3.4,6.1,3.7,47.0
497,D,1,1,4.7,5.0,5.0,4.7,65.7
498,A,0,0,7.0,5.7,8.0,5.0,42.8
498,B,1,1,3.4,3.9,4.5,5.1,61.5
498,C,1,0,6.8,5.2,6.2,4.1,53.8
498,D,1,0,7.1,5.3,7.0,6.9,60.5
499,A,1,1,7.0,6.1,9.8,3.7,77.7
499,B,0,1,4.8,4.7,2.1,4.5,43.5
499,C,0,0,6.9,5.5,9.5,6.3,47.0
499,D,0,0,5.0,6.0,5.1,5.3,35.7
500,A,1,1,7.9,6.5,6.3,6.7,79.0
500,B,0,0,3.2,3.8,1.9,5.5,24.0
500,C,0,0,6.9,5.4,8.6,5.9,44.7
500,D,1,0,6.6,5.6,4.9,7.4,57.5
501,A,1,0,6.8,1.8,6.2,6.7,52.5
501,B,0,0,4.1,6.2,1.5,7.6,32.3
501,C,1,0,6.8,3.9,5.1,6.5,53.8
501,D,1,1,6.5,6.5,7.1,5.8,76.5
502,A,1,1,7.9,6.2,5.6,5.7,75.7
502,B,0,0,5.2,10,5.0,7.3,45.8
502,C,0,0,6.7,6.4,4.8,4.7,37.7
502,D,1,1,8.1,6.5,6.4,7.5,80.8
503,A,1,0,5.1,3.4,6.8,4.6,49.8
503,B,1,1,2.7,7.3,6.7,5.1,69.7
503,C,1,0,5.7,4.3,7.7,4.6,53.8
503,D,1,1,4.6,4.5,7.3,8.8,75.3
504,A,0,1,5.8,3.9,6.5,5.6,53.0
504,B,0,1,6.2,6.3,3.8,7.3,56.0
504,C,1,0,7.9,4.0,5.3,6.4,56.0
504,D,1,1,3.7,5.1,6.8,7.8,72.3
505,A,1,0,6.8,2.6,7.1,5.4,53.2
505,B,1,0,5.0,7.6,4.1,7.0,56.2
505,C,1,0,6.8,7.4,2.7,5.3,53.7
505,D,1,0,8.3,5.8,5.6,6.6,60.5
506,A,0,1,5.7,4.0,5.7,5.0,50.7
506,B,0,1,3.4,7.1,3.2,4.4,46.8
506,C,1,0,6.0,5.6,5.7,6.2,55.8
506,D,0,0,9.1,6.7,6.7,8.5,51.7
507,A,0,1,6.4,4.4,4.1,4.8,49.5
507,B,1,1,6.2,6.0,4.9,4.3,69.0
507,C,1,1,6.9,4.9,7.1,5.9,74.7
507,D,0,0,5.7,5.1,5.3,5.8,36.5
508,A,0,0,6.2,5.2,7.1,4.0,37.5
508,B,1,0,3.6,7.7,4.3,4.6,50.3
508,C,0,0,5.3,5.4,5.8,4.7,35.3
508,D,1,0,5.5,7.5,6.0,5.5,57.5
509,A,1,0,6.1,3.8,7.2,4.9,53.3
509,B,1,0,4.3,7.1,2.8,8.4,54.3
509,C,0,0,5.4,4.9,4.9,6.7,36.5
509,D,1,1,7.6,7.2,6.7,8.7,83.7
510,A,1,1,5.4,4.6,8.8,7.7,77.5
510,B,0,0,7.6,8.2,5.9,8.3,50.0
510,C,1,0,5.2,2.6,6.4,5.4,49.3
510,D,0,0,6.8,7.2,5.9,4.3,40.3
511,A,0,1,7.0,4.5,4.7,5.8,53.3
511,B,1,1,5.1,6.2,6.1,4.9,70.5
511,C,0,0,7.5,4.8,6.9,2.5,36.2
511,D,1,0,5.3,8.3,5.8,3.9,55.5
512,A,0,0,8.1,6.0,7.9,5.3,45.5
512,B,1,0,2.8,6.4,4.6,4.3,46.8
512,C,1,0,6.3,5.0,6.3,5.2,54.7
512,D,1,0,6.8,8.2,8.8,6.9,67.8
513,A,0,1,5.3,5.0,5.9,6.6,54.7
513,B,1,1,4.7,7.0,4.1,6.4,70.3
513,C,1,0,3.4,5.3,6.1,3.6,47.3
513,D,0,0,7.6,5.0,7.0,5.6,42.0
514,A,1,0,7.2,5.0,7.7,7.0,61.5
514,B,0,1,5.0,9.6,1.5,5.2,52.2
514,C,1,0,7.6,4.8,7.7,5.3,59.0
514,D,1,0,4.6,7.1,6.9,6.2,58.0
515,A,1,1,6.6,4.5,6.0,4.1,68.7
515,B,1,1,4.2,7.1,6.9,6.0,73.7
515,C,1,0,6.2,4.1,5.9,4.3,50.8
515,D,1,1,7.4,4.3,6.4,5.8,73.2
516,A,1,0,6.4,6.1,7.3,6.6,60.7
516,B,1,0,3.5,5.2,2.8,5.0,44.2
516,C,1,0,4.4,6.4,6.7,7.4,58.2
516,D,1,0,8.0,8.0,4.3,7.4,62.8
517,A,0,1,7.1,5.7,6.8,6.1,59.5
517,B,1,1,5.4,3.6,6.9,4.6,67.5
517,C,1,0,9.0,4.4,5.5,4.9,56.3
517,D,1,1,6.6,6.2,6.5,6.1,75.7
518,A,0,0,6.2,4.3,6.8,5.4,37.8
518,B,1,1,4.9,7.4,4.4,6.7,72.3
518,C,0,1,6.4,1,5.9,6.8,50.2
518,D,0,1,6.5,5.5,7.8,6.4,60.3
519,A,1,0,4.5,2.8,8.1,5.4,51.3
519,B,1,1,6.0,5.7,6.9,4.9,72.5
519,C,0,0,4.2,5.3,7.1,7.3,39.8
519,D,1,0,6.7,7.8,4.1,7.0,59.3
520,A,1,1,3.3,3.2,6.6,4.1,62.0
520,B,1,1,6.2,6.1,3.1,6.0,69.0
520,C,0,0,6.1,7.2,6.1,5.0,40.7
520,D,1,1,8.0,6.8,4.7,6.3,76.3
521,A,0,1,6.5,5.2,8.7,6.4,61.3
521,B,1,1,5.0,7.3,4.2,6.1,71.0
521,C,0,1,5.8,6.5,6.3,5.8,57.3
521,D,0,0,7.4,6.1,8.2,6.0,46.2
522,A,0,0,5.6,5.2,8.4,6.4,42.7
522,B,0,0,4.6,5.1,5.0,4.5,32.0
522,C,0,0,3.2,5.9,7.6,7.8,40.8
522,D,1,0,8.9,5.1,4.6,7.6,60.3
523,A,0,0,9.5,3.4,4.4,5.3,37.7
523,B,1,1,4.3,4.9,2.4,6.6,63.7
523,C,0,0,5.0,5.9,7.5,4.6,38.3
523,D,0,0,6.5,5.3,5.6,6.5,39.8
524,A,1,0,8.3,7.2,3.1,5.1,56.2
524,B,1,0,5.0,6.4,3.1,5.1,49.3
524,C,0,1,5.2,4.9,7.0,3.8,51.5
524,D,0,0,4.8,8.1,6.3,7.4,44.3
525,A,0,0,5.6,6.5,6.0,6.0,40.2
525,B,0,0,5.9,5.9,3.9,5.2,34.8
525,C,0,1,7.8,5.3,6.1,3.6,54.7
525,D,0,0,4.8,6.1,5.2,5.2,35.5
526,A,0,0,5.6,2.9,5.1,4.8,30.7
526,B,0,1,5.9,8.0,5.4,7.1,60.7
526,C,1,1,5.9,3.7,6.1,5.4,68.5
526,D,1,1,6.0,5.4,6.9,7.1,75.7
527,A,1,0,6.4,3.8,6.3,7.3,56.3
527,B,1,0,3.6,6.5,5.8,6.5,54.0
527,C,0,0,7.2,7.8,7.2,7.4,49.3
527,D,1,1,6.3,4.4,5.9,6.9,72.5
528,A,1,0,5.2,5.4,6.6,5.5,54.5
528,B,1,0,5.1,5.8,4.2,5.0,50.2
528,C,0,0,7.4,3.6,7.5,4.0,37.5
528,D,1,0,6.7,5.9,6.8,4.3,56.2
529,A,1,0,8.7,6.1,7.2,4.5,60.8
529,B,1,1,4.2,7.1,3.8,6.1,68.7
529,C,1,0,7.2,2.5,6.2,5.5,52.3
529,D,0,0,8.4,8.3,6.4,6.0,48.5
530,A,0,0,3.9,3.5,6.0,4.7,30.2
530,B,0,0,7.0,7.6,4.8,5.3,41.2
530,C,0,0,5.0,6.4,5.6,5.3,37.2
530,D,1,0,7.8,6.3,7.6,6.6,63.8
531,A,0,0,7.1,1.9,6.3,5.9,35.3
531,B,0,0,2.9,9.3,5.4,7.6,42.0
531,C,1,0,5.8,6.8,6.2,5.9,57.8
531,D,0,1,6.8,2.6,5.5,8.4,55.5
532,A,0,1,5.8,3.3,8.8,4.5,54.0
532,B,1,1,5.0,6.3,3.7,6.4,69.0
532,C,1,0,4.9,5.5,7.0,3.6,51.7
532,D,0,0,7.9,6.3,3.7,8.0,43.2
533,A,0,0,5.8,4.2,6.0,4.0,33.3
533,B,1,0,3.9,6.8,5.0,5.5,52.0
533,C,0,0,6.8,3.8,6.3,4.1,35.0
533,D,1,1,7.2,6.9,9.0,7.3,84.0
534,A,1,0,5.7,4.4,8.5,1.7,50.5
534,B,0,0,6.9,7.3,2.8,4.4,35.7
534,C,0,0,5.3,3.4,8.2,3.4,33.8
534,D,0,1,6.6,6.0,6.8,5.4,58.0
535,A,1,0,5.5,3.7,7.0,5.2,52.3
535,B,1,1,7.6,6.9,2.9,6.1,72.5
535,C,1,0,3.5,3.5,7.1,5.2,48.8
535,D,1,0,4.4,6.5,6.4,8.2,59.2
536,A,0,0,7.1,4.2,7.5,6.8,42.7
536,B,1,0,5.5,6.6,4.1,5.2,52.3
536,C,1,0,4.2,5.7,7.4,5.2,54.2
536,D,0,1,5.6,6.7,5.6,8.1,60.0
537,A,1,0,6.0,5.6,7.8,6.8,60.3
537,B,1,0,5.0,4.0,3.5,5.5,46.7
537,C,0,0,4.6,5.1,6.3,6.2,37.0
537,D,1,1,7.3,5.4,4.9,8.5,76.8
538,A,0,1,6.9,4.0,7.0,5.2,55.2
538,B,0,1,1.7,6.5,4.1,7.3,49.3
538,C,1,0,6.6,4.3,7.6,5.3,56.3
538,D,0,1,6.5,5.2,5.3,8.2,58.7
539,A,0,0,6.6,4.1,6.7,6.4,39.7
539,B,1,0,3.2,8.6,2.7,5.5,50.0
539,C,0,1,5.5,3.4,5.7,5.3,49.8
539,D,1,0,6.6,5.0,6.6,8.6,61.3
540,A,0,1,4.5,6.0,4.7,5.1,50.5
540,B,0,1,3.3,4.5,3.2,5.2,43.7
540,C,1,0,3.0,5.2,7.7,4.2,50.2
540,D,1,0,7.8,6.4,7.1,5.9,62.0
541,A,0,1,5.6,4.1,9.6,6.2,59.2
541,B,1,1,3.9,7.5,4.2,7.4,71.7
541,C,0,1,3.6,5.3,4.8,7.1,51.3
541,D,1,0,6.3,8.3,6.8,6.5,63.2
542,A,0,0,7.9,6.0,7.8,3.1,41.3
542,B,1,0,2.5,9.8,4.0,4.6,51.5
542,C,0,1,6.2,4.7,6.8,4.0,52.8
542,D,0,1,5.6,6.3,7.0,6.3,58.7
543,A,0,0,6.1,4.6,5.3,6.2,37.0
543,B,0,1,5.6,6.8,5.1,6.0,55.8
543,C,0,0,4.8,4.3,6.3,3.8,32.0
543,D,1,1,7.7,7.5,6.1,7.4,81.2
544,A,1,0,7.2,4.6,6.4,6.1,57.2
544,B,1,1,3.6,6.3,4.6,8.0,70.8
544,C,0,0,5.8,6.1,10,8.6,50.8
544,D,1,1,6.2,6.7,7.8,6.6,78.8
545,A,0,0,5.0,7.5,5.3,7.0,41.3
545,B,1,0,3.4,7.5,5.5,5.9,53.8
545,C,1,1,5.4,4.6,9.0,7.3,77.2
545,D,1,0,7.2,7.2,5.8,6.6,61.3
546,A,1,1,6.1,5.3,4.9,3.2,65.8
546,B,1,0,4.7,5.9,5.4,6.8,54.7
546,C,0,1,3.7,4.9,7.2,3.1,48.2
546,D,1,0,7.9,8.9,3.7,4.6,58.5
547,A,0,0,5.3,4.4,8.1,5.5,38.8
547,B,1,0,6.4,6.4,5.0,5.2,55.0
547,C,1,0,4.5,5.9,6.0,4.1,50.8
547,D,0,0,5.2,7.5,6.3,5.4,40.7
548,A,0,0,8.0,5.3,4.3,4.2,36.3
548,B,1,1,6.4,5.8,4.4,2.9,65.8
548,C,1,0,5.1,3.6,6.7,5.7,51.8
548,D,1,0,8.0,6.1,6.5,8.2,64.7
549,A,1,1,5.1,4.8,4.9,5.1,66.5
549,B,1,0,3.5,6.4,5.4,6.6,53.2
549,C,0,1,6.3,6.3,6.5,5.4,57.5
549,D,0,1,6.6,7.5,6.6,5.4,60.2
550,A,1,0,8.6,3.9,6.3,5.9,57.8
550,B,0,1,4.1,7.8,5.2,4.4,52.5
550,C,1,1,5.7,5.7,8.7,5.5,76.0
550,D,1,0,5.8,5.4,7.4,7.3,59.8
551,A,1,0,7.2,3.6,5.0,7.9,56.2
551,B,1,1,4.7,7.2,4.9,6.5,72.2
551,C,1,1,4.4,4.4,7.3,7.4,72.5
551,D,0,1,8.9,4.6,7.4,6.1,61.7
552,A,0,0,6.4,4.7,7.8,7.5,44.0
552,B,0,0,5.5,7.2,7.0,5.9,42.7
552,C,1,1,6.2,3.5,5.4,4.6,66.2
552,D,1,0,8.2,5.1,9.2,5.9,64.0
553,A,0,0,6.8,5.1,4.9,5.9,37.8
553,B,0,0,4.3,5.4,4.2,5.4,32.2
553,C,1,0,5.9,4.7,6.8,4.9,53.8
553,D,1,1,4.6,5.9,6.6,6.7,73.0
554,A,1,1,7.8,3.8,6.7,6.6,74.8
554,B,0,0,5.9,6.7,3.5,7.8,39.8
554,C,0,1,6.9,4.4,5.8,7.0,56.8
554,D,1,1,6.7,6.0,7.0,6.9,77.7
555,A,0,1,7.0,6.9,6.0,5.9,59.7
555,B,1,1,4.1,6.7,4.1,6.1,68.3
555,C,0,0,5.4,4.7,5.0,5.2,33.8
555,D,1,0,7.0,5.8,3.0,6.8,54.3
556,A,0,0,6.6,5.1,7.0,4.2,38.2
556,B,1,0,3.9,5.2,5.2,4.9,48.7
556,C,0,0,5.9,3.2,8.1,6.1,38.8
556,D,1,1,7.8,5.3,4.2,7.9,75.3
557,A,1,0,6.3,5.4,5.6,7.4,57.8
557,B,0,1,1.9,8.7,2.3,4.1,45.0
557,C,0,0,6.4,3.1,7.0,6.5,38.3
557,D,0,1,7.2,7.4,8.6,8.0,68.7
558,A,1,1,7.3,4.9,7.2,5.2,74.3
558,B,1,1,3.8,5.5,4.9,5.9,66.8
558,C,0,0,8.2,4.1,6.0,4.7,38.3
558,D,0,0,6.7,7.3,6.5,5.6,43.5
559,A,0,0,4.9,2.8,5.5,5.9,31.8
559,B,1,1,4.2,7.7,3.2,6.1,68.7
559,C,1,1,4.8,5.1,7.1,6.0,71.7
559,D,0,1,6.9,6.1,7.7,6.1,61.3
560,A,0,0,6.5,5.9,9.1,4.6,43.5
560,B,1,1,3.9,7.8,4.5,6.5,71.2
560,C,0,1,5.9,6.0,7.7,3.5,55.2
560,D,1,0,6.6,6.4,8.2,7.9,65.2
561,A,1,0,6.6,4.8,6.7,5.9,56.7
561,B,1,1,5.9,6.7,6.4,7.6,77.7
561,C,0,0,4.6,5.3,7.5,5.6,38.3
561,D,0,1,7.9,6.6,7.7,6.5,64.5
562,A,0,0,7.1,3.4,6.0,6.9,39.0
562,B,1,1,4.4,6.5,4.1,6.9,69.8
562,C,1,0,5.6,4.2,5.0,6.2,51.7
562,D,1,1,6.4,6.2,7.0,6.0,76.0
563,A,1,0,7.0,2.5,6.8,6.7,55.0
563,B,0,0,5.4,5.5,4.0,7.2,36.8
563,C,1,0,4.9,8.2,5.7,4.4,55.3
563,D,1,1,5.8,6.9,5.9,6.4,75.0
564,A,0,1,7.6,6.3,5.7,8.5,63.5
564,B,1,0,6.5,6.1,5.2,6.1,56.5
564,C,1,0,6.6,5.0,7.6,5.0,57.0
564,D,1,0,5.1,6.2,4.6,7.7,56.0
565,A,0,0,8.0,4.1,5.5,7.6,42.0
565,B,1,0,5.6,7.2,3.3,8.2,57.2
565,C,0,1,5.2,6.0,6.5,4.2,53.2
565,D,1,1,7.0,7.4,7.7,8.7,84.7
566,A,1,1,6.7,5.0,7.7,5.2,74.3
566,B,0,0,3.1,7.6,6.4,5.4,37.5
566,C,1,1,9.6,4.9,6.2,6.8,79.2
566,D,1,0,6.3,7.9,6.9,6.5,62.7
567,A,0,1,6.1,4.3,6.5,4.6,52.5
567,B,1,0,6.8,4.1,3.8,7.1,53.0
567,C,1,0,3.1,4.6,7.9,6.1,52.8
567,D,0,1,6.4,6.9,4.1,8.6,60.0
568,A,1,0,7.6,3.5,6.6,5.5,55.3
568,B,1,1,5.3,6.9,3.2,7.0,70.7
568,C,0,1,4.7,6.3,7.7,3.1,53.0
568,D,1,1,5.3,8.2,7.8,6.7,80.0
569,A,0,0,3.3,5.9,7.1,5.8,36.8
569,B,1,0,5.8,8.1,5.6,7.9,62.3
569,C,1,0,5.1,4.2,4.8,6.3,50.7
569,D,0,1,7.4,5.9,5.0,4.9,55.3
570,A,0,1,7.8,3.8,8.2,5.5,58.8
570,B,1,0,4.5,3.7,2.5,6.4,45.2
570,C,1,0,5.7,3.3,2.6,5.6,45.3
570,D,1,0,5.2,4.4,5.0,7.2,53.0
571,A,0,0,6.5,5.7,8.3,3.7,40.3
571,B,0,0,4.3,6.5,5.2,7.6,39.3
571,C,0,0,5.4,4.8,5.2,7.3,37.8
571,D,1,1,5.4,4.8,6.6,7.4,73.7
572,A,0,0,9.3,3.0,5.7,5.6,39.3
572,B,0,1,3.4,5.7,6.1,4.1,48.8
572,C,0,1,4.3,3.5,6.1,6.1,50.0
572,D,0,0,5.3,7.4,7.2,7.6,45.8
573,A,1,0,5.0,5.2,5.6,5.1,51.5
573,B,0,1,5.2,6.6,3.5,7.3,54.3
573,C,1,0,5.6,7.3,7.2,6.9,61.7
573,D,1,0,4.4,6.1,4.5,6.2,52.0
574,A,1,1,6.2,4.2,6.3,6.2,71.5
574,B,1,1,5.5,7.3,5.6,5.2,72.7
574,C,0,1,5.9,7.3,6.2,7.6,61.7
574,D,1,1,7.6,8.6,6.6,7.3,83.5
575,A,1,0,7.3,4.6,6.1,6.7,57.8
575,B,0,1,4.1,6.9,6.1,6.5,56.0
575,C,0,1,5.4,4.6,5.6,4.1,49.5
575,D,1,1,8.2,6.4,7.2,8.3,83.5
576,A,1,1,4.5,3.5,7.2,6.5,69.5
576,B,1,0,5.7,8.8,3.3,7.3,58.5
576,C,1,0,6.6,5.1,6.0,7.3,58.3
576,D,0,1,7.3,5.8,5.2,8.0,60.5
577,A,1,0,8.0,6.4,5.5,7.2,61.8
577,B,1,0,4.4,5.3,5.7,5.3,51.2
577,C,0,0,6.7,5.2,7.6,6.7,43.7
577,D,1,0,6.2,5.9,6.0,5.9,56.7
578,A,1,0,4.3,3.0,6.7,6.3,50.5
578,B,0,0,5.3,5.5,4.3,7.7,38.0
578,C,0,0,5.3,4.2,7.0,5.8,37.2
578,D,1,1,5.4,9.5,5.2,6.0,76.8
579,A,0,1,8.2,2.6,3.4,3.6,46.3
579,B,0,1,7.5,6.6,5.3,6.2,59.3
579,C,0,0,5.5,3.8,6.8,5.5,36.0
579,D,1,1,6.4,3.1,5.8,7.5,71.3
580,A,0,0,6.7,6.5,7.4,4.2,41.3
580,B,1,0,5.5,7.1,6.7,8.3,62.7
580,C,1,0,5.8,5.6,5.6,4.5,52.5
580,D,0,1,5.1,6.7,7.4,7.8,61.7
581,A,0,1,6.2,3.8,5.9,2.5,47.3
581,B,0,0,5.0,3.9,5.3,7.0,35.3
581,C,0,0,6.8,6.1,4.8,6.2,39.8
581,D,1,0,7.8,8.2,5.8,7.2,65.0
582,A,1,1,4.0,5.1,5.7,6.5,68.8
582,B,1,1,5.4,7.5,3.9,5.6,70.7
582,C,0,1,6.2,4.6,7.3,5.7,56.3
582,D,1,1,5.5,6.0,6.1,8.6,77.0
583,A,1,0,7.8,5.9,7.8,7.7,65.3
583,B,0,0,6.7,7.0,5.3,5.0,40.0
583,C,0,0,6.5,2.2,7.0,5.7,35.7
583,D,1,1,7.1,6.8,4.5,7.0,75.7
584,A,1,0,4.3,4.4,6.2,7.2,53.5
584,B,1,1,5.2,5.7,3.7,4.8,65.7
584,C,0,0,7.0,4.9,5.5,6.5,39.8
584,D,1,1,6.1,5.9,5.3,6.4,72.8
585,A,1,0,5.3,5.1,8.1,5.8,57.2
585,B,1,1,7.3,6.2,4.3,9.6,79.0
585,C,0,1,4.9,2.5,4.1,6.3,46.3
585,D,0,1,7.3,6.4,5.2,6.1,58.3
586,A,1,1,7.6,5.6,8.3,5.4,78.2
586,B,1,1,3.1,7.4,4.5,8.0,71.7
586,C,0,0,6.9,5.2,5.3,6.1,39.2
586,D,1,0,9.0,7.4,5.6,7.2,65.3
587,A,1,1,6.5,2.7,6.8,5.0,68.3
587,B,1,0,3.6,7.6,5.4,6.0,54.3
587,C,0,0,6.6,3.9,5.7,4.0,33.7
587,D,1,1,7.2,6.7,5.7,6.0,76.0
588,A,1,1,9.3,5.0,5.7,6.2,77.0
588,B,0,1,3.5,6.1,6.6,9.1,58.8
588,C,1,0,6.7,2.0,7.6,7.6,56.5
588,D,1,0,5.7,6.0,6.9,8.0,61.0
589,A,1,0,8.9,5.4,4.9,6.0,58.7
589,B,0,1,2.3,8.3,4.5,6.9,53.3
589,C,0,0,4.2,4.5,5.6,6.4,34.5
589,D,0,1,7.2,5.2,4.3,7.1,56.3
590,A,0,0,7.6,2.0,6.6,4.2,34.0
590,B,0,0,5.2,7.9,3.6,5.0,36.2
590,C,0,1,6.2,6.4,6.2,7.1,59.8
590,D,1,0,7.7,6.2,5.9,7.1,61.5
591,A,1,0,6.7,6.9,6.3,7.0,61.5
591,B,1,0,2.7,8.1,4.5,7.9,55.3
591,C,0,1,4.0,3.8,7.8,4.1,49.5
591,D,1,1,8.3,7.3,6.4,8.9,84.8
592,A,1,0,8.8,3.8,4.6,7.6,58.0
592,B,0,1,2.4,6.2,5.9,5.5,50.0
592,C,0,1,6.8,2.9,6.4,8.2,57.2
592,D,0,1,8.5,5.0,6.2,6.3,60.0
593,A,0,0,4.8,5.6,5.3,7.0,37.8
593,B,1,0,5.9,6.9,3.8,7.3,56.5
593,C,1,0,6.8,5.6,5.8,5.5,56.2
593,D,1,1,7.2,6.7,6.7,8.5,81.8
594,A,0,1,8.9,4.1,6.6,2.7,53.8
594,B,1,1,6.1,6.9,4.9,5.9,73.0
594,C,0,0,6.6,7.2,8.9,7.3,50.0
594,D,1,0,6.3,6.7,6.6,7.6,62.0
595,A,0,0,6.0,5.3,7.7,4.4,39.0
595,B,1,0,4.1,8.0,6.2,5.7,56.7
595,C,0,0,5.6,5.6,6.2,6.6,40.0
595,D,0,0,4.7,6.1,5.8,4.6,35.3
596,A,0,0,6.7,4.0,6.7,6.3,39.5
596,B,1,1,5.7,8.0,4.2,4.1,70.0
596,C,0,0,4.0,5.3,4.2,4.6,30.2
596,D,1,1,5.6,5.5,7.6,7.5,77.0
597,A,0,0,4.4,5.3,5.6,6.3,36.0
597,B,1,1,3.9,6.4,5.8,6.7,71.3
597,C,0,0,4.5,5.6,6.4,6.4,38.2
597,D,1,1,5.2,5.8,6.6,7.7,75.5
598,A,1,1,8.4,6.3,6.9,4.5,76.8
598,B,0,1,5.7,5.7,1.9,5.4,47.8
598,C,1,1,8.3,5.4,8.4,4.3,77.3
598,D,1,0,8.7,5.0,6.3,8.9,64.8
599,A,0,1,7.0,5.6,6.7,6.9,60.3
599,B,1,0,5.0,6.0,4.2,6.0,52.0
599,C,0,0,5.3,5.5,5.7,3.1,32.7
599,D,1,1,7.3,5.9,7.5,4.6,75.5
600,A,0,0,8.7,5.8,5.1,5.4,41.7
600,B,0,1,2.5,8.3,4.2,6.2,52.0
600,C,0,0,6.6,4.7,4.2,7.0,37.5
600,D,0,1,7.5,7.3,6.4,8.8,66.7
601,A,1,0,4.7,3.3,4.7,3.9,44.3
601,B,1,0,1.7,7.9,4.3,6.0,49.8
601,C,1,1,5.2,4.8,4.8,4.6,65.7
601,D,0,1,5.6,3.7,8.8,7.0,58.5
602,A,0,0,4.8,3.3,7.6,7.0,37.8
602,B,0,0,2.6,7.5,3.5,8.8,37.3
602,C,1,0,7.6,5.4,7.3,4.1,57.3
602,D,1,1,6.8,6.1,6.0,5.8,74.5
603,A,1,0,6.0,5.4,7.0,4.3,54.5
603,B,1,1,6.6,7.6,5.7,4.2,73.5
603,C,0,0,6.8,3.9,4.9,3.8,32.3
603,D,1,1,5.5,7.2,5.8,7.5,76.7
604,A,0,0,6.4,6.7,7.3,6.5,44.8
604,B,0,1,4.6,4.9,5.3,4.3,48.5
604,C,1,0,5.4,5.4,7.7,6.6,58.5
604,D,0,0,7.6,4.7,7.1,7.3,44.5
605,A,0,0,5.7,4.2,8.3,4.4,37.7
605,B,0,1,4.2,6.4,3.2,5.5,48.8
605,C,0,0,7.0,3.7,3.9,4.9,32.5
605,D,1,0,7.1,3.2,6.4,5.2,53.2
606,A,1,0,7.6,4.4,7.4,3.5,54.8
606,B,1,0,5.0,6.8,4.0,5.7,52.5
606,C,1,1,7.3,3.9,5.4,3.7,67.2
606,D,0,0,6.4,6.5,5.8,8.2,44.8
607,A,1,0,4.3,5.5,6.4,4.8,51.7
607,B,1,1,4.6,6.1,6.4,6.1,72.0
607,C,1,0,4.2,3.6,6.8,4.8,49.0
607,D,0,1,8.5,6.0,5.5,5.5,59.2
608,A,1,0,6.4,3.3,6.4,4.5,51.0
608,B,1,1,4.4,7.8,3.7,6.8,71.2
608,C,1,0,5.3,4.9,4.6,5.8,51.0
608,D,1,0,5.3,4.5,4.8,6.6,52.0
609,A,1,0,6.5,4.7,9.7,6.2,61.8
609,B,1,0,6.7,5.6,5.2,4.6,53.5
609,C,0,0,4.3,3.6,5.8,6.1,33.0
609,D,1,1,5.6,4.5,5.9,4.6,67.7
610,A,0,0,5.9,5.9,7.7,5.3,41.3
610,B,1,0,2.4,5.3,5.9,4.9,47.5
610,C,0,0,7.8,5.7,3.2,4.0,34.5
610,D,0,0,6.8,7.7,7.0,5.6,45.2
611,A,1,0,6.5,5.4,6.3,3.8,53.3
611,B,1,1,4.1,8.0,2.9,5.8,68.0
611,C,0,0,5.7,5.4,6.9,5.6,39.3
611,D,0,1,4.8,4.6,4.8,6.5,51.2
612,A,1,0,7.4,2.3,6.6,4.7,51.7
612,B,1,0,2.3,8.3,3.5,7.4,52.5
612,C,1,0,3.6,4.1,7.0,6.4,51.8
612,D,0,0,5.1,3.8,5.8,7.7,37.3
613,A,0,1,7.8,2.3,7.5,5.4,55.0
613,B,1,1,4.9,6.9,6.1,6.1,73.3
613,C,1,0,6.5,5.9,6.3,2.9,52.7
613,D,0,0,4.7,6.8,7.5,5.7,41.2
614,A,0,0,5.9,4.1,6.0,5.4,35.7
614,B,1,0,4.5,8.7,4.5,6.4,56.8
614,C,0,0,6.2,6.2,7.6,5.6,42.7
614,D,1,1,7.4,5.8,5.3,5.8,73.8
615,A,1,0,5.5,8.1,7.3,4.6,59.2
615,B,1,0,6.9,7.5,4.5,4.9,56.3
615,C,1,0,3.9,4.5,4.6,2.6,42.7
615,D,1,1,6.9,5.4,7.0,7.6,78.2
616,A,0,0,6.3,4.7,6.1,5.5,37.7
616,B,0,0,4.9,4.5,4.3,6.8,34.2
616,C,1,0,7.2,3.9,7.9,5.5,57.5
616,D,1,0,5.5,7.2,4.9,6.0,56.0
617,A,1,0,7.4,3.9,5.4,7.5,57.0
617,B,0,0,5.2,6.2,5.0,7.8,40.3
617,C,1,0,5.3,3.4,7.5,8.0,57.0
617,D,0,1,7.9,5.3,8.4,7.1,64.5
618,A,0,1,6.1,7.3,5.2,6.8,59.0
618,B,1,1,5.1,7.1,6.5,6.6,75.5
618,C,1,0,7.1,7.9,5.4,5.5,59.8
618,D,1,1,5.2,6.7,5.1,6.1,71.8
619,A,0,0,5.3,4.7,5.5,5.8,35.5
619,B,1,0,4.6,7.4,5.0,6.5,55.8
619,C,0,0,6.0,5.4,5.4,4.7,35.8
619,D,1,1,7.4,4.7,5.5,9.2,78.0
620,A,0,0,5.5,3.8,6.8,5.2,35.5
620,B,1,1,5.2,6.3,6.0,6.3,73.0
620,C,0,0,6.6,3.9,3.3,6.1,33.2
620,D,0,1,6.7,6.5,4.8,6.3,57.2
621,A,1,0,7.0,3.1,7.8,5.6,55.8
621,B,1,1,4.9,5.5,3.3,5.1,64.7
621,C,0,0,3.0,2.2,6.4,3.1,24.5
621,D,0,0,6.4,5.6,4.0,6.1,36.8
622,A,0,0,7.0,2.7,3.9,7.6,35.3
622,B,1,1,5.7,8.9,3.8,6.2,74.3
622,C,1,1,5.8,4.0,6.0,7.1,71.5
622,D,1,1,6.1,5.6,6.7,6.5,74.8
623,A,1,1,5.6,5.3,7.2,7.5,76.0
623,B,1,0,4.5,4.6,4.8,4.5,47.3
623,C,1,1,4.4,2.5,5.2,3.8,59.8
623,D,1,1,8.5,5.2,5.5,7.3,77.5
624,A,1,0,6.7,5.0,8.0,3.6,55.5
624,B,0,0,1.6,7.2,3.6,7.5,33.2
624,C,0,1,5.9,3.2,5.4,7.1,52.7
624,D,1,0,6.8,9.2,7.9,7.6,69.2
625,A,0,0,4.9,5.1,9.9,5.9,43.0
625,B,1,1,5.1,8.7,3.7,7.3,74.7
625,C,1,0,4.2,6.2,6.0,5.4,53.0
625,D,1,1,5.8,4.5,4.2,5.9,67.3
626,A,1,0,5.5,6.7,7.0,8.4,62.7
626,B,1,1,4.4,7.7,3.7,3.1,64.8
626,C,0,0,4.7,6.0,5.4,5.8,36.5
626,D,1,0,8.4,5.8,6.0,6.1,60.5
627,A,1,0,5.4,2.8,7.8,6.8,54.7
627,B,0,1,5.0,9.2,4.0,3.7,53.2
627,C,1,0,8.0,6.2,5.0,4.5,56.2
627,D,0,1,6.6,5.0,5.7,6.3,56.0
628,A,0,1,7.5,6.5,7.2,7.2,64.0
628,B,1,0,4.6,9.3,5.0,5.4,57.2
628,C,1,0,5.4,3.9,5.2,6.1,51.0
628,D,1,1,3.5,4.6,5.6,7.3,68.3
629,A,0,0,4.3,4.1,4.8,6.0,32.0
629,B,1,1,4.3,6.9,3.6,3.8,64.3
629,C,1,0,5.9,4.5,6.2,5.0,52.7
629,D,1,1,8.2,5.8,8.9,8.2,85.2
630,A,1,0,7.3,5.7,6.5,5.8,58.8
630,B,1,0,5.7,7.8,4.7,5.9,56.8
630,C,1,1,3.9,3.5,4.0,4.3,59.5
630,D,1,0,5.2,7.8,7.4,4.9,58.8
631,A,0,1,5.2,5.1,7.3,6.5,56.8
631,B,1,1,4.0,6.7,5.1,4.9,67.8
631,C,0,1,4.2,5.8,5.0,5.0,50.0
631,D,1,0,9.2,5.4,8.0,5.2,63.0
632,A,1,0,7.5,3.3,6.8,5.5,55.2
632,B,1,1,5.5,7.2,1.1,6.1,66.5
632,C,1,0,4.0,5.1,7.5,6.6,55.3
632,D,1,0,6.2,7.8,4.4,4.9,55.5
633,A,0,0,5.7,3.4,6.2,5.1,34.0
633,B,0,0,7.1,5.8,6.5,4.4,39.7
633,C,1,1,8.1,3.7,5.4,6.1,72.2
633,D,0,1,6.8,7.3,4.2,7.2,59.2
634,A,1,1,9.0,5.6,5.1,5.0,74.5
634,B,0,1,5.5,7.2,5.1,7.7,59.2
634,C,1,0,4.8,3.5,7.1,6.4,53.0
634,D,0,1,8.1,7.8,6.6,7.0,65.8
635,A,0,0,7.3,5.0,6.6,4.6,39.2
635,B,1,0,6.5,6.1,6.7,7.6,61.5
635,C,0,1,5.8,4.8,8.3,3.8,54.5
635,D,1,0,10,5.8,6.9,6.7,65.7
636,A,0,0,5.2,3.0,7.9,4.2,33.8
636,B,0,1,4.7,7.1,5.6,6.6,56.7
636,C,0,0,6.2,4.3,7.0,5.8,38.8
636,D,1,0,4.2,4.0,6.2,6.6,51.7
637,A,0,0,6.7,4.1,6.4,6.8,40.0
637,B,1,0,4.1,6.4,5.0,5.7,52.0
637,C,1,0,5.2,6.5,7.0,5.4,56.8
637,D,1,1,6.8,5.9,5.9,9.0,79.3
638,A,0,0,7.5,5.1,7.6,6.5,44.5
638,B,0,1,5.2,5.7,3.2,5.8,49.8
638,C,1,1,7.9,3.7,6.0,3.7,68.8
638,D,0,1,7.0,5.4,5.9,6.7,58.3
639,A,1,0,5.0,5.1,6.1,5.9,53.5
639,B,1,1,4.7,4.7,4.9,9.4,72.8
639,C,1,0,4.2,5.2,4.7,6.8,51.5
639,D,1,0,5.2,4.9,6.3,6.9,55.5
640,A,1,1,6.3,5.3,8.8,4.9,75.5
640,B,1,1,5.5,8.1,6.1,6.7,77.3
640,C,0,0,5.6,7.1,6.1,3.2,36.7
640,D,1,1,6.3,7.1,7.1,6.5,78.3
641,A,0,0,6.8,7.3,5.8,5.5,42.3
641,B,1,0,4.9,6.5,3.9,4.9,50.3
641,C,1,0,5.4,4.9,6.8,3.4,50.8
641,D,1,1,5.6,3.8,8.8,8.1,77.2
642,A,1,0,6.4,5.3,5.8,5.6,55.2
642,B,1,0,5.0,4.9,5.7,7.6,55.3
642,C,1,0,5.5,2.5,7.1,6.7,53.0
642,D,1,0,7.2,8.5,6.1,6.8,64.3
643,A,0,0,7.6,4.3,6.2,6.9,41.7
643,B,0,1,6.6,5.2,4.6,4.7,51.8
643,C,0,0,6.9,1.8,7.3,4.6,34.3
643,D,1,1,6.4,7.9,7.1,5.5,78.2
644,A,1,0,6.0,3.1,7.8,3.8,51.2
644,B,0,0,6.4,7.7,4.7,6.1,41.5
644,C,1,0,6.7,4.1,4.0,5.1,49.8
644,D,1,1,4.3,8.1,5.6,4.8,71.3
645,A,1,0,7.5,4.1,7.1,5.2,56.5
645,B,1,1,4.8,6.2,4.3,6.5,69.7
645,C,0,0,5.4,4.0,5.9,4.5,33.0
645,D,0,0,8.0,6.9,8.0,7.1,50.0
646,A,1,1,7.1,5.7,4.7,6.3,73.0
646,B,1,1,4.5,4.8,3.9,7.8,68.3
646,C,0,0,6.6,4.7,8.5,7.5,45.5
646,D,0,1,3.8,7.9,7.2,8.8,62.8
647,A,0,1,5.1,5.6,5.8,4.8,52.2
647,B,0,1,3.7,7.5,4.7,7.2,55.2
647,C,0,1,5.7,6.1,5.4,4.3,52.5
647,D,1,0,7.2,5.0,9.4,5.4,61.7
648,A,1,1,6.3,5.6,6.5,6.0,74.0
648,B,1,1,8.0,5.4,3.3,5.1,69.7
648,C,1,0,5.0,6.5,6.5,5.4,55.7
648,D,1,1,9.1,4.5,5.2,5.5,73.8
649,A,0,0,7.8,4.0,5.4,6.0,38.7
649,B,1,1,5.7,5.3,5.3,6.3,71.0
649,C,1,0,7.2,4.3,6.2,6.6,57.2
649,D,1,1,4.8,7.5,7.4,5.5,75.3
650,A,0,1,6.8,5.7,7.0,5.9,59.0
650,B,1,1,5.2,7.8,5.9,6.3,75.3
650,C,0,0,4.6,4.7,7.1,4.3,34.5
650,D,1,0,7.4,5.6,8.5,7.9,65.7
651,A,0,0,8.3,4.9,6.2,5.1,40.8
651,B,0,0,4.9,4.9,2.7,4.6,28.5
651,C,1,0,5.0,2.7,6.6,5.0,48.8
651,D,1,1,7.8,6.2,6.4,6.4,78.0
652,A,0,0,6.8,3.7,9.9,5.4,43.0
652,B,1,0,4.8,6.1,3.2,6.6,51.2
652,C,0,0,5.4,5.5,7.6,5.6,40.2
652,D,1,1,7.7,5.9,7.5,8.2,82.2
653,A,0,0,6.6,4.0,6.2,5.9,37.8
653,B,0,1,5.8,7.9,6.2,5.8,59.5
653,C,1,1,7.0,4.0,5.6,6.2,71.3
653,D,1,1,4.4,7.2,5.4,7.4,74.0
654,A,0,0,5.4,4.3,5.9,1,27.7
654,B,1,1,5.2,6.2,4.1,6.5,70.0
654,C,0,0,4.4,3.9,6.9,4.9,33.5
654,D,1,0,8.7,6.1,6.5,5.4,61.2
655,A,1,0,4.7,3.9,7.6,4.5,51.2
655,B,0,1,6.3,5.5,3.5,6.9,53.7
655,C,0,0,2.3,5.6,5.3,6.3,32.5
655,D,0,0,7.3,5.9,6.2,9.2,47.7
656,A,1,0,7.0,6.7,7.7,6.1,62.5
656,B,1,1,5.4,6.6,2.8,7.0,69.7
656,C,0,1,6.1,6.0,6.8,6.0,58.2
656,D,1,1,5.4,7.1,7.0,7.9,79.0
657,A,0,0,5.9,6.0,7.2,6.0,41.8
657,B,1,0,3.5,7.5,4.1,7.5,54.3
657,C,1,0,6.3,4.8,7.2,6.5,58.0
657,D,1,0,3.3,3.2,4.7,6.2,45.7
658,A,0,0,6.3,2.3,6.8,5.2,34.3
658,B,0,1,7.9,6.3,3.9,4.0,53.5
658,C,0,1,5.3,7.4,5.3,6.2,57.0
658,D,1,0,8.8,4.4,5.9,5.4,57.5
659,A,1,0,7.4,3.0,5.3,3.0,47.8
659,B,1,0,4.0,7.8,6.0,4.8,54.3
659,C,1,0,4.6,4.3,5.9,5.7,50.8
659,D,1,0,8.2,6.2,5.5,5.6,59.2
660,A,0,0,7.6,4.7,5.3,6.3,39.8
660,B,0,0,3.3,8.4,5.2,6.1,38.3
660,C,0,1,4.4,6.0,6.0,5.4,53.0
660,D,1,0,7.0,7.4,5.5,8.0,63.2
661,A,1,1,7.5,4.0,7.0,5.2,72.8
661,B,0,1,5.2,6.2,2.3,7.9,52.7
661,C,0,0,4.6,4.7,5.4,7.0,36.2
661,D,0,0,7.4,5.3,7.9,7.4,46.7
662,A,1,0,7.7,4.9,6.4,6.9,59.8
662,B,0,0,7.3,6.2,2.2,6.3,36.7
662,C,1,0,6.1,3.2,7.4,5.7,54.0
662,D,1,0,5.5,8.9,6.0,5.3,59.5
663,A,0,0,6.8,5.9,6.1,3.5,37.2
663,B,1,0,3.9,4.7,4.0,5.3,46.5
663,C,1,0,6.1,3.6,6.9,7.5,56.8
663,D,1,0,7.5,7.0,5.7,7.2,62.3
664,A,1,1,7.2,6.7,6.8,6.7,79.0
664,B,0,0,4.8,4.1,5.1,4.9,31.5
664,C,1,0,6.4,4.0,6.9,5.8,55.2
664,D,0,1,5.2,5.9,9.5,5.2,59.7
665,A,1,1,6.7,6.4,9.3,6.5,81.5
665,B,0,0,3.1,6.7,4.9,6.8,35.8
665,C,1,0,8.1,4.6,7.5,5.1,58.8
665,D,1,1,5.3,4.5,5.2,6.1,68.5
666,A,0,0,7.2,6.0,6.2,8.3,46.2
666,B,1,0,3.4,6.3,4.5,5.2,49.0
666,C,0,0,4.9,5.0,6.3,6.9,38.5
666,D,1,0,4.4,4.0,5.5,5.5,49.0
667,A,1,0,6.3,3.2,4.6,6.1,50.3
667,B,0,0,4.8,6.9,2.5,6.9,35.2
667,C,0,0,6.4,4.2,6.1,5.6,37.2
667,D,1,1,4.5,6.1,6.8,8.9,77.2
668,A,0,0,6.2,2.5,7.5,4.1,33.8
668,B,1,0,6.0,5.6,5.1,6.2,54.8
668,C,1,0,5.7,3.9,6.5,5.5,52.7
668,D,1,1,6.7,6.6,5.3,5.9,74.2
669,A,1,0,6.1,4.1,6.1,5.1,52.3
669,B,0,0,5.8,6.3,3.5,7.3,38.2
669,C,1,1,5.2,3.9,5.5,6.0,67.7
669,D,1,0,4.3,5.0,7.6,5.5,54.0
670,A,1,0,6.6,3.5,6.3,4.8,52.0
670,B,0,0,4.5,6.8,3.0,4.3,31.0
670,C,0,0,4.3,1.8,7.6,9.4,38.5
670,D,1,0,6.3,6.6,6.3,5.6,58.0
671,A,0,1,4.0,4.3,7.1,4.7,50.2
671,B,1,0,3.5,6.2,3.8,6.8,50.5
671,C,0,0,7.9,5.6,6.7,4.2,40.7
671,D,1,0,7.3,8.4,5.4,7.3,64.0
672,A,0,0,6.8,5.6,5.8,3.5,36.2
672,B,1,1,4.8,5.4,3.9,6.2,67.2
672,C,0,1,3.2,7.1,8.4,4.9,56.0
672,D,0,1,7.0,5.7,5.0,5.7,55.7
673,A,0,1,6.2,2.0,5.9,5.1,48.7
673,B,0,1,4.1,7.0,2.6,6.1,49.7
673,C,0,0,5.0,4.7,6.2,6.1,36.7
673,D,1,0,6.7,6.6,8.6,6.9,64.7
674,A,1,0,6.7,5.2,5.8,6.2,56.5
674,B,1,0,4.0,5.7,2.2,7.5,49.0
674,C,1,0,4.9,6.4,8.1,5.9,58.8
674,D,1,1,6.8,7.7,3.3,6.9,74.5
675,A,0,0,8.1,5.7,7.0,6.4,45.3
675,B,0,1,3.7,9.2,5.2,5.7,56.3
675,C,0,0,5.0,4.9,5.3,5.1,33.8
675,D,1,1,7.1,4.4,6.8,7.6,76.5
676,A,1,0,6.5,5.1,4.0,5.4,51.7
676,B,1,1,4.3,6.6,4.9,6.3,70.2
676,C,1,1,6.4,4.3,7.0,4.5,70.3
676,D,0,0,7.0,5.7,4.8,5.4,38.2
677,A,0,0,4.7,3.5,6.5,6.7,35.7
677,B,1,1,3.7,9.1,4.3,5.3,70.7
677,C,0,0,4.7,4.5,7.9,5.9,38.3
677,D,0,1,8.1,4.8,6.7,7.1,61.2
678,A,1,0,3.2,4.6,6.1,6.0,49.8
678,B,0,1,3.9,7.3,5.8,5.9,54.8
678,C,0,0,6.0,5.7,4.2,3.7,32.7
678,D,1,0,6.6,6.8,6.7,6.5,61.0
679,A,0,1,6.7,6.0,6.0,6.5,58.7
679,B,0,0,4.3,8.2,4.0,6.9,39.0
679,C,1,0,6.7,3.4,6.4,3.7,50.3
679,D,1,1,8.1,6.6,5.8,7.7,80.3
680,A,0,0,4.5,3.5,5.9,3.3,28.7
680,B,1,0,3.8,6.9,5.1,5.9,52.8
680,C,0,0,6.4,3.8,5.0,7.1,37.2
680,D,1,1,6.8,6.3,7.3,3.8,73.7
681,A,1,0,6.9,6.8,6.6,5.9,60.3
681,B,0,0,3.2,4.7,2.7,5.6,27.0
681,C,1,0,7.8,6.0,5.7,6.5,60.0
681,D,1,0,6.1,5.7,5.9,7.5,58.7
682,A,1,0,7.8,5.2,7.0,3.3,55.5
682,B,0,0,4.2,5.7,5.7,5.4,35.0
682,C,1,0,5.7,4.9,7.0,4.2,53.0
682,D,0,0,6.2,3.6,8.5,5.9,40.3
683,A,1,1,5.9,3.8,5.2,7.2,70.2
683,B,1,1,4.0,6.5,3.8,4.9,65.3
683,C,1,0,5.2,4.3,6.7,5.9,53.5
683,D,1,1,7.8,9.1,7.1,6.8,84.7
684,A,1,0,6.8,6.4,6.1,4.3,56.0
684,B,0,0,3.9,6.3,2.2,5.0,29.0
684,C,0,0,7.2,5.0,5.3,6.5,40.0
684,D,1,1,7.8,3.6,6.4,5.0,71.3
685,A,1,0,7.1,4.2,4.0,7.5,54.7
685,B,1,1,5.2,7.4,3.7,7.2,72.5
685,C,0,0,7.9,5.4,7.3,6.7,45.5
685,D,1,1,6.9,5.6,8.4,4.8,76.2
686,A,0,0,5.6,5.9,7.6,7.0,43.5
686,B,0,0,4.7,8.2,4.5,5.9,38.8
686,C,1,1,8.0,5.5,7.3,5.8,77.7
686,D,1,0,5.8,7.8,6.8,8.6,65.0
687,A,0,1,5.5,4.4,7.1,4.4,52.3
687,B,1,1,3.3,6.7,4.2,7.2,69.0
687,C,0,0,4.0,6.3,7.5,7.5,42.2
687,D,1,1,8.1,4.2,6.5,5.3,73.5
688,A,0,0,5.8,7.6,7.8,5.8,45.0
688,B,0,1,4.8,6.1,5.2,7.6,56.2
688,C,0,1,5.4,4.7,5.4,5.4,51.5
688,D,0,0,4.4,9.4,7.5,5.3,44.3
689,A,0,0,5.1,4.1,6.8,6.4,37.3
689,B,0,1,5.9,6.7,3.2,5.9,52.8
689,C,0,0,5.4,6.6,7.6,5.1,41.2
689,D,1,0,7.7,7.7,6.5,5.4,62.2
690,A,1,1,7.0,3.4,7.1,6.4,73.2
690,B,1,1,3.9,8.2,2.9,7.6,71.0
690,C,0,0,5.4,5.2,6.4,5.3,37.2
690,D,0,0,8.2,5.4,7.9,6.7,47.0
691,A,1,0,6.6,5.9,6.7,5.7,58.2
691,B,0,0,4.7,5.6,7.3,6.5,40.2
691,C,0,0,4.1,2.8,6.1,5.2,30.3
691,D,1,0,8.1,5.3,7.0,7.7,63.5
692,A,0,1,5.1,4.6,5.8,5.6,51.8
692,B,1,1,5.8,8.7,5.1,6.9,77.5
692,C,1,0,4.6,7.2,6.6,6.3,57.8
692,D,1,0,4.3,5.4,3.6,6.9,50.3
693,A,1,0,6.8,5.0,4.5,4.1,50.7
693,B,0,1,4.5,7.1,6.0,7.0,57.7
693,C,1,0,6.0,4.4,4.9,7.1,54.0
693,D,0,1,5.8,5.2,5.6,7.1,56.2
694,A,0,1,6.7,4.9,5.4,6.8,56.3
694,B,1,1,2.2,7.1,6.2,6.4,69.8
694,C,1,1,7.0,2.8,5.4,7.3,70.8
694,D,1,0,7.4,6.6,5.1,7.7,61.3
695,A,0,0,6.1,4.5,7.0,5.6,38.7
695,B,1,0,5.9,6.2,6.0,6.8,58.2
695,C,0,0,8.8,5.0,7.7,6.3,46.3
695,D,0,0,6.7,5.2,6.2,8.7,44.7
696,A,1,1,8.6,4.0,5.1,7.1,74.7
696,B,0,1,5.1,8.2,4.2,7.1,57.7
696,C,1,0,6.1,4.8,3.6,4.2,47.8
696,D,0,0,7.6,8.1,3.7,5.6,41.7
697,A,0,0,6.7,6.5,7.7,4.3,42.0
697,B,0,0,5.2,6.8,6.0,10,46.7
697,C,0,0,5.5,5.5,4.7,4.2,33.2
697,D,1,1,5.6,4.4,6.4,6.6,71.7
698,A,0,1,8.1,4.2,7.3,5.0,57.7
698,B,1,1,6.0,6.0,5.7,6.7,74.0
698,C,0,1,6.3,4.1,6.4,6.8,56.0
698,D,0,0,6.4,6.7,6.8,7.0,44.8
699,A,1,1,6.6,6.1,6.8,6.4,76.5
699,B,0,0,5.0,4.8,4.1,4.6,30.8
699,C,0,0,7.0,6.1,6.3,7.1,44.2
699,D,1,0,6.2,5.9,4.4,4.2,51.2
700,A,0,0,6.5,5.3,5.0,6.8,39.3
700,B,1,0,4.1,6.0,5.6,6.8,54.2
700,C,1,0,4.0,3.5,6.5,2.9,44.8
700,D,0,1,4.7,6.6,5.1,5.6,53.3
701,A,0,0,7.2,5.4,8.8,4.9,43.8
701,B,1,1,4.3,6.3,4.5,8.0,71.8
701,C,0,0,6.0,5.1,5.7,5.6,37.3
701,D,0,0,7.8,5.5,6.2,8.1,46.0
702,A,0,0,4.3,4.2,9.8,5.3,39.3
702,B,1,0,3.1,6.7,4.0,5.9,49.5
702,C,1,0,7.3,1.7,7.2,6.6,54.7
702,D,1,0,7.5,6.1,5.6,6.2,59.0
703,A,1,0,5.5,2.9,5.5,4.3,47.0
703,B,0,1,6.4,5.7,6.3,6.6,58.3
703,C,0,1,4.0,4.2,5.7,6.5,50.7
703,D,0,0,6.5,4.8,5.8,9.1,43.7
704,A,0,0,7.6,5.3,9.3,5.5,46.2
704,B,0,1,5.1,6.8,6.4,5.6,56.5
704,C,1,0,7.2,4.5,4.6,4.9,52.0
704,D,1,1,6.1,7.1,6.7,7.7,79.3
705,A,0,1,4.6,3.6,7.1,3.6,48.2
705,B,0,1,6.2,7.4,6.3,5.5,59.0
705,C,0,0,5.1,1.6,6.5,6.2,32.3
705,D,0,0,5.6,7.6,5.3,6.2,41.2
706,A,0,0,9.7,5.2,6.3,4.8,43.3
706,B,1,0,5.6,7.7,4.5,6.9,57.8
706,C,1,0,4.3,6.5,6.1,5.2,53.5
706,D,1,0,5.4,7.2,5.9,5.1,56.0
707,A,1,0,5.0,3.3,7.7,4.7,51.2
707,B,1,1,3.6,5.9,4.1,4.2,63.0
707,C,0,1,3.4,3.2,6.5,3.3,44.0
707,D,0,1,7.6,3.8,6.3,5.2,54.8
708,A,0,1,6.2,3.7,6.4,5.9,53.7
708,B,1,0,4.7,9.9,2.7,3.3,51.0
708,C,1,0,6.1,5.6,6.1,7.7,59.2
708,D,1,1,7.4,5.8,4.7,4.3,70.3
709,A,0,0,8.6,3.4,7.7,3.8,39.2
709,B,0,1,5.7,6.7,5.1,6.6,56.8
709,C,0,0,5.8,5.3,5.5,9.2,43.0
709,D,1,1,7.4,5.1,7.2,4.9,74.3
710,A,1,0,5.7,5.8,6.3,3.6,52.3
710,B,0,0,4.7,6.4,5.2,3.2,32.5
710,C,0,1,4.2,3.3,5.9,2.6,43.3
710,D,0,1,7.6,7.3,4.8,3.8,55.8
711,A,1,0,5.2,5.0,7.6,5.4,55.3
711,B,0,0,5.1,7.1,4.3,5.4,36.5
711,C,0,0,5.8,3.2,4.5,5.0,30.8
711,D,1,0,8.0,5.1,7.9,6.2,62.0
712,A,0,0,5.9,3.2,7.1,4.2,34.0
712,B,0,1,5.2,7.4,3.5,5.6,52.8
712,C,1,0,5.2,2.9,6.2,4.1,47.3
712,D,1,1,6.5,8.6,8.8,4.8,81.2
713,A,0,1,6.7,5.9,7.3,6.9,61.3
713,B,0,1,6.8,5.6,4.3,7.0,56.2
713,C,0,0,4.9,6.5,5.6,3.8,34.7
713,D,0,1,5.5,6.9,7.6,7.9,63.2
714,A,0,1,5.8,4.1,5.6,3.6,48.5
714,B,1,1,5.1,7.5,5.7,5.9,73.7
714,C,1,1,5.4,2.7,7.3,6.2,69.3
714,D,1,1,7.2,7.1,4.3,7.5,76.8
715,A,0,0,8.4,7.5,8.0,7.4,52.2
715,B,1,1,4.2,7.4,5.3,7.7,74.3
715,C,0,0,5.0,4.1,5.2,6.0,33.8
715,D,1,0,5.5,4.5,6.9,8.3,58.7
716,A,0,0,5.4,5.2,5.9,3.5,33.3
716,B,1,0,4.4,5.0,4.9,6.2,50.8
716,C,1,0,5.8,4.3,6.3,5.4,53.0
716,D,1,1,7.5,5.2,7.6,5.8,76.8
717,A,1,0,5.6,4.7,6.4,6.8,55.8
717,B,0,0,5.4,5.7,4.0,5.9,35.0
717,C,0,0,6.9,5.2,3.7,4.9,34.5
717,D,0,1,5.9,6.8,7.8,6.6,61.8
718,A,1,0,8.3,5.2,9.8,3.1,60.7
718,B,1,1,3.0,7.5,5.1,7.7,72.2
718,C,1,0,4.9,4.9,4.6,9.4,56.3
718,D,1,0,6.4,7.1,6.5,3.9,56.5
719,A,0,0,4.4,6.5,8.1,5.4,40.7
719,B,1,1,6.4,5.2,3.3,7.5,70.7
719,C,0,1,8.5,2.5,8.4,4.6,56.7
719,D,1,0,6.3,6.3,5.9,7.1,59.3
720,A,0,0,6.4,5.1,7.3,5.4,40.3
720,B,1,1,4.8,6.6,6.1,6.9,74.0
720,C,1,1,4.0,5.1,6.4,5.2,67.8
720,D,0,1,6.3,5.3,6.3,8.2,60.2
721,A,0,0,9.4,4.4,8.4,4.7,44.8
721,B,1,0,5.0,6.4,4.2,6.5,53.5
721,C,0,0,5.2,5.5,9.0,5.1,41.3
721,D,1,0,8.0,5.0,6.9,6.3,60.3
722,A,0,0,6.1,5.7,5.8,4.9,37.5
722,B,0,1,2.4,7.4,6.2,6.7,54.5
722,C,1,1,6.1,4.2,7.1,3.3,67.8
722,D,1,1,6.4,6.7,5.2,4.1,70.7
723,A,1,0,7.0,1,5.4,5.3,47.8
723,B,1,0,5.0,6.3,5.8,7.4,57.5
723,C,0,0,2.8,5.5,7.6,3.7,32.7
723,D,1,0,7.6,5.3,5.4,6.1,57.3
724,A,0,0,7.3,4.1,7.6,7.3,43.8
724,B,1,0,5.8,6.4,6.2,5.0,55.7
724,C,1,0,6.7,5.0,8.2,5.6,59.2
724,D,0,1,5.4,5.6,6.1,9.6,61.2
725,A,0,0,6.6,6.2,7.1,5.9,43.0
725,B,1,0,5.7,8.6,4.2,6.2,57.8
725,C,0,0,6.4,4.3,7.1,5.9,39.5
725,D,1,0,5.9,6.3,4.2,6.3,54.5
726,A,0,0,6.5,6.2,5.1,5.3,38.5
726,B,1,1,5.8,6.4,6.5,6.7,75.7
726,C,0,0,6.0,5.4,4.7,6.4,37.5
726,D,1,1,7.7,3.8,7.1,5.6,73.7
727,A,0,0,7.2,4.4,8.3,2.9,38.0
727,B,1,0,4.1,7.5,5.7,6.8,56.8
727,C,1,0,6.0,6.6,6.2,3.0,53.0
727,D,1,1,6.5,5.1,5.5,6.6,72.8
728,A,0,1,5.5,2.3,4.7,5.5,46.7
728,B,1,1,6.2,8.9,4.1,3.3,70.8
728,C,1,0,7.0,3.8,5.9,5.5,53.7
728,D,1,1,6.1,6.4,7.8,8.5,81.3
729,A,0,0,6.3,8.2,6.4,4.0,41.5
729,B,0,0,3.4,8.0,4.4,6.1,36.5
729,C,1,1,5.9,6.0,6.9,6.7,75.8
729,D,1,1,9.3,6.7,5.6,6.9,80.8
730,A,1,0,6.9,4.3,6.4,5.1,54.5
730,B,0,1,4.7,8.8,5.0,7.8,60.5
730,C,0,1,4.7,4.7,5.0,6.3,51.2
730,D,1,0,4.3,5.4,5.2,9.7,57.7
731,A,0,0,7.2,6.0,6.3,4.8,40.5
731,B,1,1,4.6,6.7,3.3,6.8,69.0
731,C,0,0,8.7,4.7,2.7,4.9,35.0
731,D,1,0,8.0,5.7,6.7,6.6,61.7
732,A,1,0,8.9,2.5,8.0,6.8,60.3
732,B,1,1,4.8,7.8,6.5,6.1,75.3
732,C,1,0,5.5,2.4,5.4,4.6,46.5
732,D,0,0,5.6,7.7,4.0,5.0,37.2
733,A,1,1,8.5,5.5,4.5,6.4,74.8
733,B,1,0,5.3,5.9,6.0,6.3,55.8
733,C,1,1,6.0,4.2,6.5,6.3,71.7
733,D,0,0,8.2,5.8,5.4,6.5,43.2
734,A,0,0,5.3,4.4,8.1,3.7,35.8
734,B,0,0,5.1,7.9,4.5,7.5,41.7
734,C,0,0,7.2,4.7,5.1,6.2,38.7
734,D,1,0,5.1,4.3,4.7,6.2,50.5
735,A,0,0,7.4,6.0,4.9,7.2,42.5
735,B,1,0,4.7,6.7,5.6,5.3,53.8
735,C,1,0,5.8,4.3,7.2,5.2,54.2
735,D,1,1,8.3,5.1,8.1,6.3,79.7
736,A,1,0,6.5,4.8,5.6,6.3,55.3
736,B,0,1,4.6,5.7,3.5,6.8,51.0
736,C,1,0,4.9,5.5,5.7,5.5,52.7
736,D,1,1,8.0,6.2,7.1,6.3,79.3
737,A,0,0,2.6,5.8,7.3,4.2,33.2
737,B,0,1,2.7,6.8,4.8,5.2,49.2
737,C,0,0,6.2,2.8,6.5,6.2,36.2
737,D,0,1,6.7,6.8,7.1,7.6,63.7
738,A,1,0,6.5,7.5,7.3,6.3,62.7
738,B,1,0,3.0,7.9,3.9,5.9,51.2
738,C,0,1,5.3,5.4,6.6,2.9,50.3
738,D,0,0,7.4,6.4,7.0,6.8,46.0
739,A,0,1,5.3,5.2,9.5,4.8,58.0
739,B,1,0,5.1,7.8,6.2,4.6,56.2
739,C,0,0,6.3,6.5,5.0,4.9,37.8
739,D,1,0,8.5,6.6,6.9,6.6,64.3
740,A,1,0,5.6,2.9,6.7,5.0,50.3
740,B,1,0,4.1,6.7,5.1,5.8,52.8
740,C,1,0,3.5,5.4,5.3,7.2,52.3
740,D,1,0,6.4,7.9,6.7,6.4,62.3
741,A,0,0,9.1,2.3,7.9,3.3,37.7
741,B,1,0,5.1,9.0,3.8,6.4,57.2
741,C,0,0,7.7,4.7,8.0,4.8,42.0
741,D,1,1,7.9,8.1,4.7,6.8,79.2
742,A,1,0,6.6,4.5,6.8,4.8,54.5
742,B,1,0,6.2,4.6,3.6,5.8,50.3
742,C,1,0,7.0,6.4,4.4,5.5,55.5
742,D,1,1,7.0,5.8,6.1,5.6,74.2
743,A,1,0,4.5,3.9,7.4,6.0,53.0
743,B,1,0,6.7,6.8,3.3,6.3,55.2
743,C,0,0,4.9,6.2,7.1,5.9,40.2
743,D,1,0,6.0,5.3,5.5,8.3,58.5
744,A,0,1,7.0,3.8,6.5,5.9,55.3
744,B,0,1,4.5,4.9,4.8,6.3,50.8
744,C,1,0,5.1,3.6,7.5,8.1,57.2
744,D,1,0,7.3,6.4,5.2,7.6,60.8
745,A,0,0,6.8,3.0,7.6,5.9,38.8
745,B,0,0,6.4,7.2,4.7,4.9,38.7
745,C,1,0,5.0,3.5,4.2,4.8,45.8
745,D,0,1,4.8,6.5,6.6,7.3,58.7
746,A,1,0,7.3,5.5,6.5,5.7,58.3
746,B,1,1,3.6,7.4,5.5,8.1,74.3
746,C,0,1,5.2,6.9,3.8,5.8,52.8
746,D,1,0,7.4,8.2,5.8,6.9,63.8
747,A,0,0,7.7,3.0,4.6,3.9,32.0
747,B,0,0,6.0,6.3,4.1,4.7,35.2
747,C,0,0,5.6,5.6,8.1,6.2,42.5
747,D,1,1,7.0,7.5,3.5,7.0,75.0
748,A,0,0,7.1,5.8,7.7,2.3,38.2
748,B,1,0,5.5,8.0,4.5,6.6,57.7
748,C,0,1,6.0,4.0,7.8,7.6,59.0
748,D,1,0,5.3,5.1,7.8,6.4,57.7
749,A,0,1,6.9,5.0,7.6,7.1,61.0
749,B,1,1,6.2,7.6,4.9,5.0,72.8
749,C,0,1,5.1,4.8,5.5,2.4,46.3
749,D,1,1,5.6,8.8,5.9,5.6,76.5
750,A,0,0,7.2,5.1,6.0,4.5,38.0
750,B,0,0,6.0,8.2,4.8,6.4,42.3
750,C,0,1,5.5,5.8,6.6,4.2,53.5
750,D,1,0,5.8,6.6,7.4,6.8,61.0
751,A,1,1,5.9,3.7,8.0,4.7,70.5
751,B,0,1,6.8,8.0,6.0,6.7,62.5
751,C,0,0,7.0,6.4,4.2,7.7,42.2
751,D,1,1,8.2,6.6,6.0,7.3,80.2
752,A,0,1,5.5,3.7,7.5,4.9,52.7
752,B,0,0,4.7,5.3,3.2,6.8,33.3
752,C,0,0,5.5,1.6,5.4,5.2,29.5
752,D,1,1,5.8,7.1,8.6,6.4,79.8
753,A,0,0,7.3,4.6,7.6,5.1,41.0
753,B,1,0,4.7,6.0,4.4,7.4,54.2
753,C,0,1,6.1,7.2,7.6,5.7,61.0
753,D,1,1,4.1,6.0,4.3,7.8,70.3
754,A,0,0,6.2,5.3,6.3,5.6,39.0
754,B,1,0,5.7,5.1,3.2,5.2,48.7
754,C,0,0,3.5,5.6,5.6,7.5,37.0
754,D,0,1,6.9,4.7,6.4,4.5,54.2
755,A,0,0,6.9,3.8,7.3,6.6,41.0
755,B,1,0,5.2,6.9,2.2,4.6,48.2
755,C,0,0,5.2,4.7,7.9,3.3,35.2
755,D,1,1,7.3,7.2,7.4,7.4,82.2
756,A,0,0,7.4,4.3,5.1,7.2,40.0
756,B,1,0,4.6,6.3,3.6,6.9,52.3
756,C,0,0,5.9,7.2,6.9,7.1,45.2
756,D,0,0,6.7,5.3,6.5,8.5,45.0
757,A,0,0,6.3,6.2,5.5,3.2,35.3
757,B,1,1,5.5,7.5,3.4,5.7,70.2
757,C,1,0,5.3,4.6,6.4,6.6,54.8
757,D,1,1,9.0,4.5,6.4,9.5,82.3
758,A,0,0,8.3,4.0,6.5,5.2,40.0
758,B,0,0,5.8,7.5,5.0,6.7,41.7
758,C,0,0,5.3,3.6,2.7,6.1,29.5
758,D,0,1,6.0,7.4,3.9,6.4,56.2
759,A,0,0,7.2,2.9,7.2,6.7,40.0
759,B,1,0,2.5,6.2,4.2,6.4,48.8
759,C,1,0,6.7,3.5,3.6,4.9,47.8
759,D,1,0,7.4,5.0,5.4,6.1,56.5
760,A,0,0,7.3,3.4,6.4,6.9,40.0
760,B,0,1,2.8,6.9,4.6,5.2,49.2
760,C,1,1,8.6,4.4,4.2,5.5,71.2
760,D,0,1,5.8,5.4,8.2,4.6,56.7
761,A,0,0,4.4,4.9,5.9,5.8,35.0
761,B,1,1,4.8,8.5,3.2,6.3,71.3
761,C,1,0,5.1,4.6,4.5,6.3,50.8
761,D,1,1,5.9,5.4,6.6,5.6,72.5
762,A,0,0,4.6,5.3,9.0,1.5,34.0
762,B,1,0,6.5,5.7,3.1,7.1,54.0
762,C,0,0,4.2,6.0,6.6,7.6,40.7
762,D,1,0,5.7,8.3,5.7,6.7,60.7
763,A,0,0,7.0,5.3,6.3,3.7,37.2
763,B,0,1,6.1,9.3,3.5,6.9,59.7
763,C,0,0,5.8,3.8,4.7,7.8,36.8
763,D,1,1,6.7,4.7,6.1,8.6,76.8
764,A,1,0,6.7,2.5,4.9,5.4,49.2
764,B,1,1,5.3,5.2,6.6,5.3,70.7
764,C,1,0,4.7,5.0,7.3,3.7,51.2
764,D,1,0,4.0,7.1,4.0,7.3,54.0
765,A,0,1,3.5,5.9,8.8,5.5,56.2
765,B,1,0,3.5,8.0,1,7.5,50.0
765,C,1,0,6.1,6.2,5.8,6.2,57.2
765,D,0,1,9.2,6.0,6.5,8.7,67.3
766,A,0,0,6.3,1,7.9,4.4,32.7
766,B,0,1,3.8,4.4,4.5,5.1,46.3
766,C,0,0,5.1,4.2,5.4,6.5,35.3
766,D,0,0,8.1,7.5,5.3,5.8,44.5
767,A,0,0,4.7,4.2,7.3,2.1,30.5
767,B,1,1,4.8,8.1,3.9,7.3,73.5
767,C,0,0,7.5,5.1,7.6,2.9,38.5
767,D,1,0,7.6,6.8,5.8,7.2,62.3
768,A,1,1,6.0,4.7,8.2,5.8,74.5
768,B,1,1,4.4,5.2,5.7,6.2,69.2
768,C,1,0,3.3,3.6,4.9,3.9,42.8
768,D,1,0,6.9,4.9,8.0,7.3,61.8
769,A,0,1,7.9,5.7,6.8,8.0,64.0
769,B,0,0,4.8,4.4,4.1,8.0,35.5
769,C,1,1,5.9,4.5,7.4,4.9,71.2
769,D,1,1,10,6.2,6.9,6.5,82.7
770,A,0,0,6.8,3.6,8.0,6.8,42.0
770,B,1,1,4.7,5.8,3.6,4.2,63.8
770,C,1,0,9.1,3.9,5.7,6.4,58.5
770,D,1,1,5.8,6.9,6.7,8.0,79.0
771,A,0,0,9.2,5.5,6.5,5.7,44.8
771,B,1,0,5.2,6.5,6.2,5.2,55.2
771,C,1,0,7.0,5.5,6.2,6.2,58.2
771,D,1,1,7.2,4.6,7.2,7.6,77.7
772,A,0,0,8.0,5.3,7.9,3.6,41.3
772,B,1,0,5.6,8.2,5.2,5.8,58.0
772,C,0,0,2.9,6.6,7.5,4.1,35.2
772,D,1,1,5.3,3.1,5.3,5.8,65.8
773,A,1,0,5.4,4.4,7.6,7.6,58.3
773,B,0,1,6.6,6.8,3.5,4.4,52.2
773,C,1,0,6.9,4.6,5.2,5.1,53.0
773,D,0,1,9.2,6.8,6.3,4.7,61.7
774,A,0,0,5.7,4.6,6.8,5.3,37.3
774,B,0,1,3.1,5.6,5.4,4.3,47.3
774,C,0,1,3.8,5.6,7.6,5.8,54.7
774,D,1,0,7.8,5.8,5.7,5.0,57.2
775,A,1,1,7.0,5.0,6.3,5.7,73.3
775,B,1,0,5.6,5.9,4.8,5.9,53.7
775,C,1,0,4.0,7.0,6.0,5.1,53.5
775,D,0,0,7.4,7.4,4.6,5.8,42.0
776,A,0,0,7.0,3.9,7.3,5.4,39.3
776,B,1,0,5.6,5.4,4.7,4.3,50.0
776,C,0,0,5.8,5.7,6.5,6.3,40.5
776,D,1,1,7.9,7.3,6.7,10,86.5
777,A,0,0,7.8,5.0,6.8,6.1,42.8
777,B,0,0,4.7,7.5,3.6,5.4,35.3
777,C,1,0,5.1,3.3,5.7,8.5,54.3
777,D,1,0,5.5,7.4,5.1,7.9,59.8
778,A,0,1,5.3,4.5,5.5,7.3,54.3
778,B,0,1,4.9,7.3,4.1,6.1,54.0
778,C,1,0,6.2,4.7,3.9,5.6,50.7
778,D,0,0,4.1,6.1,6.8,6.8,39.7
779,A,0,0,8.2,5.1,7.3,7.0,46.0
779,B,0,1,5.2,9.6,4.0,3.6,54.0
779,C,0,0,5.0,7.0,5.6,5.6,38.7
779,D,0,0,7.9,6.5,6.1,7.3,46.3
780,A,0,0,3.7,5.0,5.7,6.1,34.2
780,B,1,0,3.5,7.7,3.2,3.0,45.7
780,C,1,0,4.9,5.5,4.4,2.7,45.8
780,D,0,1,4.9,4.9,5.1,7.2,53.5
781,A,1,0,6.1,5.3,6.4,5.0,54.7
781,B,0,1,4.1,5.2,5.1,6.9,52.2
781,C,1,0,5.1,4.8,7.4,7.5,58.0
781,D,0,0,7.0,6.0,3.7,6.4,38.5
782,A,0,1,5.0,4.1,6.8,7.1,55.0
782,B,0,1,5.6,4.9,5.1,5.7,52.2
782,C,0,0,6.9,5.1,6.0,5.8,39.7
782,D,1,1,4.3,5.7,6.8,9.0,76.3
783,A,1,1,5.9,4.0,7.4,4.6,69.8
783,B,1,0,7.6,7.1,3.8,7.5,60.0
783,C,0,0,6.6,5.8,6.0,5.8,40.3
783,D,0,0,6.4,4.5,8.1,4.8,39.7
784,A,1,0,6.0,5.8,7.7,5.8,58.8
784,B,1,0,6.0,6.9,4.9,6.8,57.7
784,C,1,1,5.8,4.3,7.0,5.6,71.2
784,D,0,1,8.6,6.8,6.0,4.4,59.7
785,A,1,0,6.5,5.3,7.6,5.6,58.3
785,B,1,1,5.8,6.3,4.2,3.3,66.0
785,C,1,0,3.5,5.3,5.6,4.8,48.7
785,D,1,0,6.7,5.9,5.5,4.3,54.0
786,A,0,0,6.2,4.1,6.4,4.8,35.8
786,B,1,0,6.5,8.1,3.1,8.9,61.0
786,C,1,0,5.8,3.1,6.2,5.8,51.5
786,D,1,1,5.9,7.8,4.3,6.5,74.2
787,A,1,0,6.5,2.4,6.9,3.7,49.2
787,B,1,0,4.4,6.4,3.5,2.9,45.3
787,C,0,0,7.5,5.5,8.1,6.5,46.0
787,D,1,0,7.6,4.8,5.9,5.3,56.0
788,A,0,1,8.1,5.8,9.7,5.0,64.3
788,B,1,1,4.7,7.4,4.9,5.6,71.0
788,C,0,0,4.7,1.1,7.2,4.8,29.7
788,D,1,1,4.5,8.7,10.0,7.5,84.5
789,A,0,1,7.4,5.4,6.7,6.9,60.7
789,B,1,1,5.4,5.8,4.2,5.0,67.3
789,C,1,0,6.9,4.8,6.3,3.5,52.5
789,D,1,0,7.4,6.7,6.5,5.4,60.0
790,A,1,0,9.2,2.9,8.6,7.0,62.8
790,B,1,0,4.3,7.9,4.9,5.9,55.0
790,C,1,1,4.5,3.7,7.3,8.4,73.2
790,D,0,0,4.1,6.6,6.1,6.8,39.3
791,A,1,0,9.0,5.0,7.8,6.8,64.3
791,B,0,0,2.7,7.8,5.2,6.8,37.5
791,C,0,0,6.9,7.4,4.6,7.5,44.0
791,D,0,0,5.2,5.1,4.6,7.4,37.2
792,A,0,0,6.8,3.9,5.7,5.4,36.3
792,B,1,0,4.9,6.8,4.8,8.1,57.7
792,C,1,0,7.3,2.9,6.4,3.8,50.7
792,D,1,0,5.7,5.4,7.2,9.1,62.3
793,A,0,0,7.1,4.8,7.3,7.8,45.0
793,B,1,1,6.4,3.8,4.4,5.9,67.5
793,C,0,1,5.1,4.6,6.7,5.5,53.2
793,D,0,1,5.4,6.6,6.6,7.7,60.5
794,A,0,1,8.0,3.9,4.3,6.8,55.0
794,B,1,1,4.1,6.0,2.6,5.2,63.2
794,C,1,0,4.2,4.5,4.7,6.0,49.0
794,D,1,0,5.3,5.9,7.6,8.0,61.3
795,A,0,1,5.7,6.5,6.6,2.4,52.0
795,B,1,0,6.2,4.9,4.3,6.8,53.7
795,C,1,0,5.4,4.4,8.1,4.0,53.2
795,D,1,1,7.1,6.3,7.0,6.0,77.3
796,A,1,0,7.8,3.8,6.5,6.5,57.7
796,B,0,0,6.3,6.5,5.4,4.3,37.5
796,C,0,0,5.7,5.5,6.3,5.2,37.8
796,D,0,1,5.7,4.5,8.0,7.9,60.2
797,A,0,1,8.5,5.3,4.5,5.9,57.0
797,B,1,1,3.7,5.5,3.9,6.5,66.0
797,C,0,0,6.0,4.8,8.2,4.9,39.8
797,D,0,0,6.2,6.6,6.0,7.4,43.7
798,A,1,0,7.6,4.0,6.4,3.4,52.3
798,B,1,1,5.9,8.2,5.8,5.7,76.0
798,C,1,0,6.2,6.2,3.3,5.9,52.7
798,D,1,0,7.5,5.3,5.9,4.3,55.0
799,A,0,1,10,2.8,6.2,5.9,58.2
799,B,0,1,4.5,7.4,5.5,5.8,55.3
799,C,1,0,4.2,4.7,5.3,3.9,46.8
799,D,1,1,7.0,6.8,7.2,6.6,79.3
800,A,1,0,6.8,6.2,8.4,6.3,62.8
800,B,1,0,4.8,7.5,5.1,3.3,51.2
800,C,1,0,5.8,5.1,4.0,7.1,53.3
800,D,0,0,4.5,3.4,4.3,8.3,34.2
801,A,0,0,4.8,4.7,8.0,5.9,39.0
801,B,1,1,3.7,10,6.4,4.4,74.2
801,C,0,1,6.4,4.8,5.1,4.7,51.7
801,D,1,0,7.5,6.7,5.8,6.4,60.7
802,A,0,1,8.7,4.6,6.7,5.6,59.3
802,B,1,0,4.6,4.9,4.3,5.9,49.5
802,C,0,0,6.0,6.9,6.4,4.9,40.3
802,D,0,0,6.1,4.0,6.9,6.8,39.7
803,A,0,0,5.6,4.6,9.1,4.9,40.3
803,B,1,1,4.3,8.0,6.7,5.5,74.2
803,C,1,0,6.2,4.9,4.2,6.1,52.3
803,D,0,0,7.0,5.6,6.9,7.3,44.7
804,A,1,0,7.5,6.3,8.3,6.0,63.5
804,B,1,1,3.5,6.6,4.3,6.4,68.0
804,C,1,0,7.0,5.2,7.1,4.5,56.3
804,D,1,0,5.2,8.4,8.7,7.4,66.2
805,A,0,0,7.5,5.5,8.3,4.4,42.8
805,B,1,0,5.7,4.4,2.4,6.7,48.7
805,C,0,1,6.5,6.1,7.6,4.7,58.2
805,D,1,1,8.3,2.9,4.6,6.7,70.8
806,A,0,0,7.6,4.8,6.0,6.3,41.2
806,B,0,1,4.8,6.7,3.0,5.4,49.8
806,C,0,0,6.4,6.3,6.6,5.0,40.5
806,D,1,0,9.9,4.7,5.0,8.5,63.5
807,A,0,0,6.2,3.8,6.9,4.7,36.0
807,B,0,0,7.4,5.6,5.2,4.4,37.7
807,C,1,0,5.2,3.1,7.5,3.6,49.0
807,D,0,1,7.5,6.2,5.2,5.7,57.7
808,A,1,0,6.5,3.1,5.4,6.8,53.0
808,B,1,0,3.6,5.4,3.6,6.5,48.5
808,C,0,0,4.6,1.9,6.5,5.1,30.2
808,D,1,1,8.0,7.3,6.5,6.9,81.2
809,A,0,0,6.2,4.1,6.7,4.6,36.0
809,B,1,1,4.9,6.3,6.3,7.0,74.2
809,C,0,0,6.2,4.9,6.0,5.6,37.8
809,D,0,1,5.0,7.7,9.3,6.4,64.0
810,A,1,0,5.3,4.1,4.3,3.7,45.7
810,B,0,1,5.9,6.8,5.0,5.7,55.7
810,C,0,0,5.7,4.0,4.2,5.6,32.5
810,D,1,1,5.8,7.3,6.1,6.7,76.5
811,A,1,0,7.4,4.2,7.0,5.8,57.3
811,B,0,0,2.1,6.9,4.8,6.3,33.5
811,C,1,0,4.7,5.9,6.0,7.2,56.3
811,D,0,1,6.6,7.7,6.3,7.3,63.2
812,A,1,0,6.3,5.8,5.8,5.9,56.3
812,B,0,0,3.5,8.2,4.8,6.7,38.7
812,C,1,0,6.9,5.1,4.9,5.5,54.0
812,D,1,0,4.3,5.7,5.5,7.2,54.5
813,A,1,0,6.1,4.6,7.1,4.8,54.3
813,B,0,1,4.3,7.8,4.0,5.9,53.3
813,C,1,0,5.0,6.8,6.0,5.3,55.2
813,D,0,0,5.8,6.1,5.6,8.6,43.5
814,A,0,0,4.6,4.8,7.0,5.6,36.7
814,B,1,0,5.0,6.0,5.3,5.9,53.7
814,C,0,0,4.6,2.2,5.0,2.9,24.5
814,D,1,1,6.3,3.9,5.4,7.0,71.0
815,A,1,0,7.2,3.5,7.6,6.6,58.2
815,B,0,0,7.5,7.0,1.9,7.0,39.0
815,C,0,0,6.1,5.5,4.4,5.0,35.0
815,D,1,1,5.8,5.8,5.0,5.7,70.5
816,A,0,0,7.5,4.6,6.2,5.8,40.2
816,B,1,1,4.0,8.1,4.2,7.5,73.0
816,C,0,0,4.9,5.2,5.3,7.9,38.8
816,D,1,1,6.6,5.4,7.2,8.6,79.7
817,A,1,0,5.9,3.7,6.2,5.3,51.8
817,B,1,1,4.9,5.9,2.7,5.2,64.5
817,C,0,0,6.8,5.0,4.3,4.7,34.7
817,D,0,1,5.8,7.1,4.0,8.3,58.7
818,A,1,0,7.4,6.4,5.2,7.0,60.0
818,B,1,0,5.7,7.6,6.5,3.6,55.7
818,C,0,0,6.7,4.8,6.1,4.3,36.5
818,D,0,1,6.7,4.8,7.5,5.9,58.2
819,A,0,0,5.0,3.1,6.2,3.4,29.5
819,B,1,0,3.8,7.4,4.1,8.2,55.8
819,C,0,1,5.4,3.6,4.8,3.0,44.7
819,D,0,1,6.2,4.6,5.8,7.9,57.5
820,A,0,0,6.3,5.3,6.5,5.2,38.8
820,B,0,1,4.5,6.0,3.8,6.3,51.0
820,C,0,0,6.5,4.1,6.4,2.7,32.8
820,D,1,0,6.1,7.6,7.2,8.2,65.2
821,A,0,1,8.0,3.7,5.4,6.7,56.3
821,B,0,0,4.4,7.0,4.4,5.6,35.7
821,C,1,0,6.2,4.6,6.7,4.1,52.7
821,D,1,1,5.7,5.4,5.7,7.9,74.5
822,A,1,0,7.4,3.2,5.0,4.3,49.8
822,B,0,0,6.1,8.1,4.4,5.7,40.5
822,C,0,0,5.5,2.1,7.5,5.5,34.3
822,D,1,0,6.0,4.8,6.7,4.4,53.2
823,A,0,0,7.5,4.9,5.4,6.8,41.0
823,B,1,1,5.3,7.5,4.5,4.5,69.7
823,C,1,0,5.6,3.8,6.8,3.9,50.2
823,D,1,0,6.7,6.2,7.8,6.5,62.0
824,A,0,0,7.3,4.2,7.6,6.4,42.5
824,B,1,0,4.7,6.1,4.7,5.6,51.8
824,C,1,1,6.3,4.0,5.4,3.1,64.7
824,D,0,1,7.5,7.0,5.8,5.6,59.8
825,A,0,0,6.3,4.1,7.6,7.4,42.3
825,B,0,0,4.0,6.0,3.3,4.8,30.2
825,C,0,1,8.2,5.3,5.8,5.6,58.2
825,D,1,0,6.6,4.3,6.4,7.7,58.3
826,A,0,0,6.9,4.0,7.1,5.5,39.2
826,B,0,0,7.0,6.9,4.9,4.5,38.8
826,C,0,0,5.3,7.1,4.1,6.0,37.5
826,D,1,1,5.2,7.3,6.3,6.5,75.5
827,A,1,0,6.8,5.0,5.2,4.2,52.0
827,B,1,1,3.5,6.5,2.5,5.9,64.0
827,C,0,0,7.9,3.5,6.5,2.8,34.5
827,D,1,1,5.9,5.7,6.4,6.2,73.7
828,A,0,0,6.2,5.9,8.2,3.1,39.0
828,B,1,1,4.2,7.6,5.8,7.6,75.3
828,C,1,0,7.0,5.1,6.4,3.5,53.3
828,D,0,1,7.9,8.6,6.7,8.2,69.0
829,A,0,0,6.7,4.3,7.8,6.2,41.7
829,B,1,0,3.6,4.7,5.8,6.7,51.3
829,C,1,0,5.0,5.1,7.1,4.7,53.2
829,D,1,0,5.2,7.2,8.1,6.8,62.2
830,A,0,0,7.3,6.6,4.6,7.1,42.7
830,B,1,1,5.1,7.5,5.9,5.5,73.3
830,C,0,0,5.6,5.6,6.0,4.2,35.7
830,D,1,1,7.4,5.3,6.7,5.1,74.2
831,A,1,0,5.3,5.3,8.2,6.0,58.0
831,B,1,1,5.1,8.2,5.8,7.1,77.0
831,C,0,1,5.3,6.2,5.6,4.9,53.3
831,D,1,1,5.4,8.2,4.6,7.4,76.0
832,A,1,0,6.7,3.2,7.6,5.9,55.7
832,B,1,1,4.1,7.2,4.7,5.7,69.5
832,C,1,0,7.4,4.9,9.2,3.9,59.0
832,D,1,0,5.8,7.2,5.3,6.7,58.3
833,A,1,0,6.5,4.0,6.3,4.1,51.5
833,B,0,1,3.5,5.6,4.6,4.4,46.8
833,C,1,0,5.7,3.2,5.7,6.2,51.3
833,D,1,1,7.4,8.9,5.5,6.2,80.0
834,A,1,1,6.9,6.6,6.0,4.3,73.0
834,B,1,0,5.7,7.4,5.4,5.7,57.0
834,C,1,0,4.6,3.6,5.8,5.3,48.8
834,D,1,1,6.3,6.9,7.3,9.2,82.8
835,A,1,1,6.0,7.7,7.2,5.4,77.2
835,B,0,0,5.8,5.1,4.6,6.8,37.2
835,C,1,0,6.0,5.6,4.0,7.4,55.0
835,D,1,1,5.7,3.5,6.1,8.0,72.2
836,A,1,1,6.6,2.5,8.2,5.2,70.8
836,B,1,0,4.5,4.6,2.0,9.5,51.0
836,C,1,0,5.5,7.1,7.0,5.1,57.8
836,D,1,0,7.6,7.2,6.8,6.6,63.7
837,A,0,0,8.4,3.6,7.1,3.9,38.3
837,B,1,0,5.3,5.0,4.3,3.4,46.7
837,C,0,0,5.8,7.5,5.4,5.0,39.5
837,D,1,0,5.4,5.5,6.1,5.0,53.3
838,A,1,0,6.3,2.6,5.6,4.2,47.8
838,B,1,0,6.8,7.0,5.5,3.4,54.5
838,C,0,0,5.6,6.7,6.1,2.3,34.5
838,D,1,0,4.2,7.5,8.2,7.5,62.3
839,A,1,1,6.8,4.8,4.4,4.4,67.3
839,B,0,1,5.5,7.7,5.8,7.6,61.0
839,C,1,0,6.6,6.3,5.6,2.0,50.8
839,D,1,0,5.9,3.8,4.1,3.8,46.0
840,A,0,0,5.5,3.4,5.7,4.4,31.7
840,B,0,0,4.2,8.2,7.4,6.5,43.8
840,C,1,0,6.5,4.2,5.8,4.4,51.5
840,D,0,1,5.3,2.7,4.2,6.0,47.0
841,A,1,0,5.6,2.3,5.2,5.7,48.0
841,B,1,0,4.8,9.0,3.5,6.1,55.7
841,C,1,0,6.4,3.0,9.4,3.1,53.2
841,D,0,1,6.5,3.0,6.1,7.4,55.0
842,A,0,0,6.4,6.1,7.2,5.3,41.7
842,B,1,1,3.8,6.7,6.7,7.0,73.7
842,C,0,0,6.1,4.0,6.0,4.9,35.0
842,D,1,1,4.0,5.9,5.5,8.6,73.3
843,A,1,0,7.1,4.2,5.1,5.3,52.8
843,B,1,0,4.3,8.4,6.1,5.8,57.7
843,C,1,1,7.3,4.6,7.5,4.9,73.8
843,D,0,0,6.9,3.5,6.9,7.3,41.0
844,A,0,0,7.4,5.2,7.4,6.4,44.0
844,B,1,0,5.6,6.9,5.1,7.0,57.7
844,C,1,0,4.9,5.4,3.5,6.0,49.7
844,D,0,1,6.3,7.2,6.9,8.3,64.5
845,A,0,0,9.6,4.2,6.1,2.4,37.2
845,B,0,1,5.8,6.4,2.1,5.7,50.0
845,C,1,1,6.0,5.3,5.9,3.8,68.3
845,D,1,0,6.6,4.5,4.3,4.8,50.3
846,A,1,0,4.5,3.6,7.4,6.9,54.0
846,B,0,0,5.2,7.7,3.3,5.0,35.3
846,C,1,1,5.9,5.3,5.9,6.2,72.2
846,D,0,1,8.9,7.6,5.2,6.5,63.7
847,A,1,1,7.5,6.2,7.6,7.3,81.0
847,B,0,0,5.4,8.1,4.9,5.1,39.2
847,C,1,0,6.8,5.6,6.7,4.4,55.8
847,D,0,1,5.4,5.6,4.4,6.4,53.0
848,A,1,0,6.4,6.6,5.9,5.1,56.7
848,B,1,1,4.5,7.1,4.9,7.1,72.7
848,C,0,0,7.7,5.3,7.3,5.4,42.8
848,D,1,0,5.5,6.9,6.2,4.4,55.0
849,A,0,0,3.9,3.9,8.3,4.8,34.8
849,B,0,0,3.6,8.4,5.7,4.8,37.5
849,C,0,0,7.7,2.7,6.7,4.5,36.0
849,D,0,0,6.4,6.6,7.9,7.2,46.8
850,A,1,0,4.7,6.8,7.6,5.6,57.8
850,B,0,0,5.9,7.6,3.3,5.8,37.7
850,C,0,1,5.0,3.2,2.9,4.9,43.3
850,D,1,0,7.5,7.2,4.2,5.7,57.7
851,A,0,0,8.1,4.1,6.9,5.1,40.3
851,B,0,1,5.6,5.9,4.1,4.4,50.0
851,C,0,0,5.2,4.3,3.7,2.7,26.5
851,D,1,0,7.2,5.0,5.2,5.5,54.8
852,A,1,0,9.7,4.4,3.2,7.5,58.0
852,B,1,1,5.9,6.9,3.1,6.3,70.3
852,C,0,0,5.5,5.1,7.0,5.2,38.0
852,D,1,1,6.4,5.4,4.1,8.0,73.2
853,A,0,0,9.0,4.8,6.7,4.9,42.3
853,B,0,1,3.7,6.2,3.4,5.4,47.8
853,C,0,0,7.9,3.5,5.1,9.5,43.3
853,D,1,0,7.6,7.9,4.2,3.9,56.0
854,A,0,0,6.7,3.5,5.8,5.4,35.7
854,B,0,1,4.5,6.7,4.8,5.2,52.0
854,C,0,0,6.1,5.6,7.2,5.8,41.2
854,D,1,1,6.1,6.7,5.7,8.5,78.3
855,A,0,0,6.0,4.4,7.3,5.7,39.0
855,B,0,1,6.3,6.7,4.8,6.6,57.3
855,C,1,1,5.6,4.5,6.8,1.8,64.5
855,D,0,1,6.5,6.0,4.3,8.5,58.8
856,A,1,0,5.3,4.1,7.8,7.4,57.7
856,B,0,1,3.3,6.9,5.6,4.9,51.2
856,C,1,0,3.9,5.2,7.6,5.7,54.0
856,D,1,1,8.1,7.6,6.2,4.7,77.7
857,A,1,0,6.0,5.5,7.7,4.3,55.8
857,B,0,0,5.4,7.1,3.5,7.5,39.2
857,C,1,0,5.1,5.0,5.9,5.8,53.0
857,D,1,0,6.3,8.2,7.2,5.4,61.8
858,A,1,0,4.5,3.4,8.0,4.9,51.3
858,B,1,0,7.0,6.5,4.1,3.9,52.5
858,C,1,0,7.2,3.9,6.2,3.4,51.2
858,D,0,1,5.6,8.6,6.2,6.8,62.0
859,A,0,0,8.8,5.6,7.0,4.5,43.2
859,B,1,1,4.5,7.3,4.4,5.3,69.2
859,C,1,0,7.0,7.2,5.3,5.5,58.3
859,D,1,1,5.0,5.3,5.4,7.0,71.2
860,A,0,0,6.0,2.4,6.0,5.0,32.3
860,B,0,1,3.9,7.3,3.4,5.8,50.7
860,C,0,0,5.9,5.6,4.6,5.7,36.3
860,D,1,0,6.4,6.5,4.4,6.1,55.7
861,A,1,0,5.8,6.6,5.9,4.0,53.8
861,B,1,0,3.5,7.0,3.7,7.4,52.7
861,C,1,1,5.8,3.8,5.6,4.4,66.0
861,D,1,0,6.6,3.1,5.2,6.4,52.2
862,A,0,0,8.1,4.5,7.5,5.5,42.7
862,B,0,1,4.8,6.6,4.2,5.7,52.2
862,C,0,0,4.9,4.0,4.9,6.5,33.8
862,D,1,1,5.7,4.9,6.1,6.6,72.2
863,A,0,0,8.1,5.7,7.2,5.2,43.7
863,B,1,0,6.3,5.3,3.8,5.7,51.8
863,C,1,1,6.5,6.1,7.4,5.8,76.3
863,D,1,1,7.6,4.5,7.8,7.7,79.3
864,A,0,0,7.4,4.1,7.6,3.9,38.3
864,B,1,1,5.8,8.7,6.7,6.0,78.7
864,C,0,1,6.3,6.2,6.2,6.8,59.2
864,D,1,0,5.9,5.4,7.2,4.9,55.7
865,A,0,0,7.7,4.9,8.9,4.3,43.0
865,B,0,1,3.9,5.7,3.6,5.5,47.8
865,C,1,0,4.6,7.3,5.2,5.7,54.7
865,D,1,0,4.4,8.6,8.3,4.8,60.2
866,A,0,1,10,6.6,7.2,7.0,68.0
866,B,1,0,4.7,6.9,5.1,5.9,54.3
866,C,0,0,3.5,6.8,6.9,5.2,37.3
866,D,1,1,5.5,7.6,8.7,5.2,78.3
867,A,0,1,5.4,5.8,7.8,6.2,58.7
867,B,0,1,3.7,7.1,3.5,7.5,53.0
867,C,0,1,8.1,7.2,2.0,6.2,55.8
867,D,0,0,4.0,6.3,5.7,7.7,39.5
868,A,0,0,6.7,3.3,6.4,3.8,33.7
868,B,1,0,4.7,6.5,5.9,7.2,57.2
868,C,1,1,7.6,4.2,8.5,5.3,76.0
868,D,1,0,4.3,7.7,5.8,5.0,54.7
869,A,1,1,6.2,3.3,6.2,7.1,71.3
869,B,1,1,6.9,6.0,5.8,8.1,78.0
869,C,0,1,3.6,5.5,5.0,4.8,48.2
869,D,1,0,4.8,6.5,5.5,4.5,52.2
870,A,1,0,5.9,3.4,7.4,6.0,54.5
870,B,0,0,5.0,7.5,4.0,6.2,37.8
870,C,0,1,5.8,5.5,7.7,5.5,57.5
870,D,1,1,6.1,5.0,6.5,6.0,72.7
871,A,0,0,6.4,2.8,6.8,6.2,37.0
871,B,1,1,6.5,6.1,4.5,7.3,74.0
871,C,0,0,6.0,2.9,5.2,6.4,34.2
871,D,1,1,5.4,7.3,6.5,6.6,76.3
872,A,0,1,8.3,4.4,6.2,4.0,54.8
872,B,1,0,5.7,8.1,3.1,7.3,57.0
872,C,0,0,6.3,4.5,5.3,5.2,35.5
872,D,1,1,4.7,5.7,6.7,7.0,73.5
873,A,0,0,6.3,5.6,7.7,5.5,41.8
873,B,1,0,5.7,8.0,4.0,6.7,57.3
873,C,1,1,5.2,6.1,7.5,4.2,71.7
873,D,1,0,4.7,6.5,7.1,5.3,56.0
874,A,1,1,6.4,6.8,7.1,5.0,75.5
874,B,1,0,4.7,7.3,2.4,7.7,53.5
874,C,1,0,7.7,3.0,8.3,4.5,55.8
874,D,0,0,6.5,6.4,9.5,6.9,48.8
875,A,0,0,5.8,3.7,7.9,4.9,37.2
875,B,1,1,3.4,8.1,4.9,5.3,69.5
875,C,0,0,6.4,2.5,4.9,5.0,31.3
875,D,1,0,5.2,7.5,8.9,8.4,66.7
876,A,0,0,4.0,4.3,6.5,4.9,32.8
876,B,0,1,4.2,8.7,4.1,3.8,51.3
876,C,1,0,4.7,4.2,5.2,5.5,49.3
876,D,1,0,8.9,6.9,4.5,9.0,65.5
877,A,1,0,7.3,4.7,6.5,7.4,59.8
877,B,1,0,4.7,8.5,5.6,5.4,57.0
877,C,0,0,2.1,3.9,6.4,3.7,26.8
877,D,1,0,5.5,7.0,6.3,8.0,61.3
878,A,0,0,7.8,4.5,5.3,4.3,36.5
878,B,1,1,5.2,6.3,3.9,6.7,70.2
878,C,1,0,4.1,5.4,6.5,6.9,54.8
878,D,0,1,8.0,6.0,6.5,7.5,63.3
879,A,1,0,6.7,6.2,8.3,6.2,62.3
879,B,0,1,4.2,6.2,4.9,7.9,55.3
879,C,1,0,6.3,5.7,5.6,4.9,54.2
879,D,1,1,3.9,7.4,5.6,8.3,75.3
880,A,1,0,8.0,4.2,5.8,4.8,54.7
880,B,0,0,3.1,7.8,5.6,7.6,40.2
880,C,0,0,7.8,6.4,5.8,4.1,40.2
880,D,1,0,4.8,5.7,7.8,7.3,59.3
881,A,0,0,7.2,7.0,8.4,4.8,45.7
881,B,0,1,4.7,9.3,6.8,7.3,63.5
881,C,1,0,4.8,3.8,4.8,4.5,46.5
881,D,0,0,4.9,6.4,6.0,6.0,38.8
882,A,0,0,5.3,3.6,9.3,6.0,40.3
882,B,1,0,4.5,5.4,4.1,5.4,49.0
882,C,0,1,5.0,3.9,5.5,7.3,52.8
882,D,0,1,8.4,5.2,7.0,8.0,64.3
883,A,0,0,6.9,5.7,7.2,5.6,42.3
883,B,0,0,4.2,5.1,3.0,7.2,32.5
883,C,1,0,7.3,4.5,6.6,5.5,56.5
883,D,1,1,7.4,6.1,7.4,5.2,76.8
884,A,1,0,7.8,5.5,6.0,4.3,56.0
884,B,1,0,4.8,8.2,6.1,3.9,55.0
884,C,0,0,6.0,3.2,4.2,4.2,29.3
884,D,0,1,7.7,8.4,5.8,8.2,66.8
885,A,1,0,6.4,5.5,6.3,7.6,59.7
885,B,1,0,3.9,6.1,3.8,7.8,52.7
885,C,0,1,4.4,3.5,5.0,5.1,46.7
885,D,1,0,6.6,6.7,6.6,4.3,57.0
886,A,0,0,6.8,5.6,5.7,5.7,39.7
886,B,1,0,5.4,7.8,3.9,4.7,53.0
886,C,0,0,6.4,4.1,6.2,5.4,36.8
886,D,1,0,5.5,6.6,6.9,7.8,61.3
887,A,0,0,8.4,5.4,6.2,5.5,42.5
887,B,1,0,3.6,8.7,2.5,6.2,51.7
887,C,1,0,6.9,6.0,8.0,6.4,62.2
887,D,1,0,7.1,5.4,5.5,8.7,61.2
888,A,1,0,5.9,4.0,7.0,3.2,50.2
888,B,0,0,4.1,5.4,4.4,4.3,30.3
888,C,0,1,4.7,5.8,5.2,5.7,52.3
888,D,1,1,3.8,8.5,5.9,6.6,74.7
889,A,0,1,9.8,5.4,4.8,5.4,59.0
889,B,0,0,7.6,6.8,4.7,6.4,42.5
889,C,0,0,5.4,6.2,6.6,7.3,42.5
889,D,1,1,7.2,6.6,6.5,7.1,79.0
890,A,1,0,6.7,3.9,6.2,6.5,55.5
890,B,0,1,4.9,7.0,5.2,5.7,54.7
890,C,0,1,4.4,5.1,6.0,4.5,50.0
890,D,1,1,5.1,8.9,7.4,7.4,81.3
891,A,1,0,5.9,4.7,5.8,4.8,52.0
891,B,0,0,5.5,6.5,3.3,6.8,36.8
891,C,0,0,6.1,6.5,4.3,6.2,38.5
891,D,1,1,6.8,7.8,4.2,7.5,77.2
892,A,0,1,6.0,6.8,5.9,6.2,58.2
892,B,1,1,4.3,6.5,4.5,4.7,66.7
892,C,1,0,6.2,4.9,7.6,6.9,59.3
892,D,0,1,8.1,7.2,6.9,4.6,61.3
893,A,0,0,6.4,6.0,4.9,6.8,40.2
893,B,0,0,4.9,4.2,4.0,5.4,30.8
893,C,1,0,7.1,4.0,7.4,6.2,57.8
893,D,1,1,7.6,6.5,6.3,7.0,79.0
894,A,1,0,4.1,5.2,3.5,3.9,44.5
894,B,0,0,8.3,7.9,3.3,9.0,47.5
894,C,1,0,5.6,4.9,8.1,6.8,59.0
894,D,1,1,6.4,3.8,5.0,7.0,70.3
895,A,1,0,7.0,5.4,5.5,5.8,56.2
895,B,0,0,7.0,5.9,5.2,8.2,43.8
895,C,1,0,3.6,6.7,5.4,6.7,54.0
895,D,1,0,9.2,5.9,4.6,5.6,58.8
896,A,0,1,7.0,3.5,6.9,5.0,54.0
896,B,0,0,2.7,7.5,2.9,5.0,30.2
896,C,1,0,7.1,3.9,8.7,7.1,61.3
896,D,1,0,7.1,8.0,6.0,6.4,62.5
897,A,1,0,5.1,4.0,7.6,5.4,53.5
897,B,0,1,5.5,5.9,4.6,5.6,52.7
897,C,0,0,6.0,4.5,5.8,6.7,38.3
897,D,0,0,5.9,4.4,6.8,5.2,37.2
898,A,1,0,7.7,4.2,9.5,3.8,58.7
898,B,0,0,8.1,6.6,4.6,8.1,45.7
898,C,0,1,5.2,4.3,6.6,5.5,52.7
898,D,1,0,7.5,7.9,6.3,5.8,62.5
899,A,0,0,8.9,5.8,7.3,7.9,49.8
899,B,0,1,6.0,5.2,5.9,5.7,54.7
899,C,1,0,5.8,5.0,6.5,4.0,52.2
899,D,0,0,7.0,5.6,3.4,8.1,40.2
900,A,0,0,4.4,5.8,6.8,5.9,38.2
900,B,1,1,5.1,4.6,4.6,7.8,70.2
900,C,0,0,6.1,1.9,6.3,4.8,31.8
900,D,0,0,5.9,6.5,7.1,4.1,39.3
901,A,1,0,9.6,5.0,6.6,4.0,58.7
901,B,1,0,4.4,8.2,3.7,7.8,56.8
901,C,1,0,5.8,3.5,5.5,4.4,48.7
901,D,1,1,5.5,7.1,5.0,8.0,76.0
902,A,1,0,6.5,5.6,6.4,5.5,56.7
902,B,1,1,2.8,7.0,5.8,6.7,70.5
902,C,1,0,5.0,5.1,6.9,7.1,56.8
902,D,1,0,7.5,4.5,5.6,6.6,57.0
903,A,1,0,6.3,3.9,5.4,5.6,52.0
903,B,0,0,3.6,6.7,4.2,8.5,38.3
903,C,0,0,6.1,5.0,6.7,6.9,41.2
903,D,1,0,6.2,6.2,7.9,5.5,59.7
904,A,0,0,6.2,3.6,5.8,6.2,36.3
904,B,1,1,5.9,6.7,3.9,6.2,71.2
904,C,1,0,6.4,4.9,6.9,6.6,58.0
904,D,1,0,5.9,5.3,6.7,6.9,58.0
905,A,0,0,5.2,1.1,7.8,7.7,36.3
905,B,1,1,5.4,6.2,5.2,8.1,74.8
905,C,0,0,7.6,5.9,7.1,8.0,47.7
905,D,0,0,6.9,5.1,5.3,7.4,41.2
906,A,1,1,7.1,4.9,7.5,4.8,73.8
906,B,0,1,5.3,7.2,4.0,5.2,52.8
906,C,0,0,3.9,5.0,6.9,5.2,35.0
906,D,0,1,6.4,4.1,8.0,10,64.2
907,A,0,1,7.0,3.5,7.1,8.6,60.3
907,B,0,1,3.8,7.5,6.2,7.3,58.0
907,C,0,0,6.5,5.9,6.4,4.7,39.2
907,D,1,1,8.1,8.1,5.4,7.7,82.2
908,A,1,0,10,5.6,5.5,7.6,64.5
908,B,0,0,3.5,5.9,6.3,5.2,34.8
908,C,1,0,7.0,5.3,7.9,6.6,61.3
908,D,1,0,7.8,5.1,6.6,6.7,60.3
909,A,1,0,7.1,2.0,5.6,7.2,53.2
909,B,1,0,5.0,9.8,5.8,5.6,60.3
909,C,0,0,6.4,3.4,7.9,4.2,36.5
909,D,0,1,5.6,5.0,6.4,8.9,59.8
910,A,0,0,6.7,2.7,6.0,5.3,34.5
910,B,1,0,3.9,6.9,4.0,6.5,52.2
910,C,1,1,6.1,5.2,7.7,4.2,72.0
910,D,1,1,6.7,4.8,7.4,7.6,77.5
911,A,1,1,6.3,6.4,6.4,5.0,73.5
911,B,0,0,5.9,8.9,6.2,6.0,45.0
911,C,0,1,7.0,4.6,5.3,4.1,51.7
911,D,1,1,5.2,5.6,5.4,6.7,71.5
912,A,0,0,8.1,5.2,6.1,6.4,43.0
912,B,0,0,5.5,6.4,5.3,5.6,38.0
912,C,1,0,7.3,6.3,6.2,6.3,60.2
912,D,1,0,5.8,6.3,5.2,7.1,57.3
913,A,1,0,6.7,2.9,8.0,6.8,57.3
913,B,1,1,5.2,5.1,4.9,5.5,67.8
913,C,0,0,6.9,3.1,6.8,4.9,36.2
913,D,0,1,6.5,5.9,6.7,5.4,57.5
914,A,1,0,5.0,4.2,5.9,5.6,51.2
914,B,1,0,3.2,4.0,4.2,5.6,45.0
914,C,1,0,3.9,5.2,5.2,3.8,46.8
914,D,1,0,5.1,4.6,7.5,6.9,56.8
915,A,0,1,5.1,2.7,6.6,4.6,48.3
915,B,0,1,4.7,9.7,5.1,4.4,56.5
915,C,0,0,5.9,4.4,5.6,6.5,37.3
915,D,0,1,5.7,3.4,5.2,6.8,51.8
916,A,0,0,7.2,5.9,7.4,6.4,44.8
916,B,1,1,4.0,6.7,2.2,2.2,58.5
916,C,0,0,6.5,5.8,5.1,5.5,38.2
916,D,1,1,5.5,4.6,7.8,5.7,72.7
917,A,0,0,5.8,7.2,7.5,6.3,44.7
917,B,0,0,4.6,6.9,1.8,6.6,33.2
917,C,1,1,5.1,4.7,4.4,7.9,70.2
917,D,0,0,6.8,5.5,6.8,10,48.5
918,A,0,0,4.7,4.9,6.2,3.7,32.5
918,B,1,1,4.2,7.3,3.2,5.0,66.2
918,C,0,1,5.3,5.4,5.6,5.7,53.3
918,D,0,0,7.4,3.1,6.7,6.3,39.2
919,A,0,0,6.3,3.8,8.1,6.1,40.5
919,B,0,1,4.1,4.0,6.6,5.5,50.3
919,C,0,0,4.6,7.7,7.5,8.5,47.2
919,D,0,1,7.7,6.1,5.9,4.6,57.2
920,A,0,0,7.8,5.8,6.1,5.1,41.3
920,B,0,0,7.3,6.5,4.3,6.1,40.3
920,C,0,0,7.7,4.5,6.2,7.3,42.8
920,D,0,0,4.8,4.1,5.2,7.3,35.7
921,A,0,1,4.8,5.7,6.9,6.4,56.3
921,B,0,0,6.8,7.1,8.3,6.9,48.5
921,C,1,0,4.0,3.6,7.8,5.9,52.2
921,D,0,0,6.7,4.3,5.9,6.9,39.7
922,A,0,0,8.3,6.3,7.4,4.9,44.8
922,B,1,1,4.7,6.5,3.7,6.4,68.8
922,C,1,1,4.7,4.7,6.2,6.9,70.8
922,D,0,0,5.7,8.3,7.8,8.8,51.0
923,A,1,1,3.8,6.3,4.8,5.1,66.7
923,B,1,1,3.0,4.4,4.5,5.8,62.8
923,C,0,0,5.2,4.9,7.8,5.6,39.2
923,D,1,1,8.9,6.9,8.4,6.9,85.2
924,A,0,1,5.2,4.4,9.2,4.3,55.2
924,B,0,0,2.8,7.6,3.8,7.2,35.7
924,C,0,0,3.0,3.6,4.1,4.2,24.8
924,D,0,1,6.3,5.9,7.6,6.4,60.3
925,A,0,1,6.0,4.9,9.4,4.2,57.5
925,B,0,0,5.8,5.1,3.3,7.3,35.8
925,C,1,0,4.7,4.5,5.0,3.6,46.3
925,D,0,0,5.5,5.0,5.3,6.5,37.2
926,A,0,1,3.0,4.7,7.0,5.9,51.0
926,B,0,0,4.6,8.1,5.0,7.6,42.2
926,C,0,0,5.0,4.1,5.9,2.4,29.0
926,D,1,0,6.1,7.0,6.4,6.3,59.7
927,A,1,0,4.7,5.7,8.2,5.3,56.5
927,B,0,0,5.3,5.7,4.2,5.6,34.7
927,C,1,0,6.0,4.6,6.4,3.6,51.0
927,D,0,0,8.0,7.4,6.4,8.9,51.2
928,A,1,1,8.0,4.4,6.9,7.0,77.2
928,B,1,0,4.0,7.6,4.9,4.9,52.3
928,C,0,1,7.9,2.6,6.2,6.4,55.2
928,D,0,0,6.0,5.0,8.2,4.8,40.0
929,A,0,0,7.5,6.3,5.4,6.4,42.7
929,B,1,1,4.8,4.5,3.4,6.2,64.8
929,C,0,0,7.8,5.1,5.0,4.8,37.8
929,D,1,1,6.4,5.2,7.4,4.9,73.2
930,A,1,0,6.2,3.1,5.2,3.2,46.2
930,B,0,0,4.2,4.2,6.1,5.2,32.8
930,C,1,0,5.4,6.3,5.2,6.5,55.7
930,D,0,1,7.0,7.4,7.6,8.2,67.0
931,A,0,0,5.0,2.4,9.3,3.7,34.0
931,B,0,1,2.6,6.6,6.2,6.5,53.2
931,C,1,1,6.2,5.6,7.1,3.3,70.3
931,D,1,0,7.8,6.6,4.5,6.2,58.5
932,A,1,0,4.5,4.4,7.5,3.4,49.7
932,B,0,0,4.6,4.3,6.5,5.2,34.3
932,C,1,0,6.0,6.4,7.1,4.8,57.2
932,D,1,1,6.4,8.7,6.0,7.8,81.5
933,A,1,0,6.4,4.3,7.4,4.6,54.5
933,B,1,1,3.7,6.1,5.8,6.6,70.3
933,C,0,1,4.2,3.2,4.9,3.4,42.8
933,D,1,0,6.8,7.5,5.2,8.7,63.7
934,A,1,0,6.4,2.1,6.4,4.1,48.3
934,B,0,1,6.1,7.6,5.2,4.6,55.8
934,C,0,0,5.8,4.8,5.5,5.8,36.5
934,D,0,0,7.1,4.5,6.6,7.0,42.0
935,A,1,0,8.0,4.2,5.1,6.1,55.7
935,B,1,1,6.6,6.7,4.8,8.0,76.8
935,C,0,0,7.6,2.7,4.6,5.3,33.7
935,D,1,0,5.3,7.1,7.1,6.2,59.5
936,A,0,0,6.2,6.7,7.2,5.6,42.8
936,B,1,1,2.4,5.6,4.6,6.9,65.8
936,C,0,0,6.6,4.4,7.4,6.1,40.8
936,D,0,1,5.8,5.7,6.2,5.8,55.8
937,A,1,0,8.0,3.6,5.2,4.8,52.7
937,B,1,1,1.7,8.5,5.9,5.9,70.0
937,C,0,0,6.7,5.9,6.6,3.2,37.3
937,D,1,0,5.5,5.8,4.0,7.2,54.2
938,A,0,1,7.1,5.8,5.9,5.6,57.3
938,B,1,0,3.7,7.5,7.4,6.4,58.3
938,C,0,0,7.3,4.3,6.2,7.1,41.5
938,D,1,1,7.5,7.2,6.2,9.2,83.5
939,A,1,0,9.1,5.8,6.6,5.6,61.8
939,B,1,1,3.9,3.6,4.1,5.9,62.5
939,C,1,1,5.7,3.8,6.8,4.1,67.3
939,D,0,1,5.5,6.6,6.6,5.7,57.3
940,A,0,0,5.9,4.0,4.8,5.6,33.8
940,B,1,0,4.9,5.1,6.3,7.2,55.8
940,C,1,0,4.3,5.5,4.6,5.7,50.2
940,D,1,0,6.4,7.4,5.0,7.3,60.2
941,A,0,1,3.7,5.6,8.0,5.5,54.7
941,B,1,0,5.2,9.3,4.6,6.2,58.8
941,C,1,0,5.5,5.1,6.8,4.6,53.3
941,D,1,1,6.9,9.0,6.1,5.7,79.5
942,A,0,0,5.3,4.2,5.8,5.8,35.2
942,B,0,1,6.7,6.0,5.9,6.5,58.5
942,C,0,1,6.3,3.7,6.2,5.7,53.2
942,D,1,0,7.5,4.5,7.5,6.6,60.2
943,A,0,1,5.2,5.6,9.0,5.1,58.2
943,B,1,1,4.0,6.2,5.3,5.0,67.5
943,C,0,0,5.0,4.6,5.3,6.0,34.8
943,D,1,0,7.6,9.0,8.5,7.0,70.2
944,A,0,0,5.2,6.5,6.5,8.3,44.2
944,B,1,1,5.5,6.4,6.2,5.9,73.3
944,C,0,0,8.9,4.5,5.7,7.2,43.8
944,D,0,0,5.0,6.7,7.4,9.3,47.3
945,A,0,1,4.9,4.9,8.4,4.1,53.8
945,B,1,0,4.3,6.4,6.8,6.4,56.5
945,C,1,0,5.0,6.5,5.2,4.5,52.0
945,D,0,1,7.0,8.2,5.6,5.5,60.5
946,A,1,0,4.7,6.5,6.5,6.0,56.2
946,B,0,1,5.2,6.6,5.4,7.4,57.7
946,C,1,1,3.2,4.6,6.1,7.3,68.7
946,D,1,1,8.1,4.9,4.5,7.0,74.2
947,A,1,1,4.1,7.0,4.8,3.1,65.0
947,B,1,1,5.6,8.1,5.3,7.8,78.0
947,C,0,0,6.1,2.6,5.6,3.8,30.2
947,D,1,0,4.6,6.3,7.2,6.4,57.5
948,A,1,0,8.8,3.4,10,6.6,64.7
948,B,1,1,3.9,6.7,4.0,6.7,68.8
948,C,1,0,5.8,6.3,7.5,3.5,55.2
948,D,1,0,8.3,5.6,7.4,5.0,60.5
949,A,1,0,5.9,6.1,8.4,6.9,62.2
949,B,0,0,4.3,5.8,6.7,5.0,36.3
949,C,1,0,7.3,4.8,5.9,1.9,49.8
949,D,1,1,8.1,5.3,7.4,6.7,79.2
950,A,0,0,6.5,6.0,5.5,6.4,40.7
950,B,1,0,5.8,6.2,5.3,4.7,53.3
950,C,0,1,5.4,6.1,5.8,4.7,53.3
950,D,0,0,7.2,6.7,5.0,7.3,43.7
951,A,1,0,5.9,3.7,6.8,4.1,50.8
951,B,1,1,6.4,9.5,4.4,6.0,77.2
951,C,0,0,6.1,5.1,4.5,5.4,35.2
951,D,0,1,8.9,5.9,4.7,4.9,57.3
952,A,1,0,7.6,5.3,7.6,6.4,61.5
952,B,1,1,3.2,8.2,4.3,8.2,73.2
952,C,1,1,6.4,3.6,9.1,6.3,75.7
952,D,0,0,4.0,8.0,4.5,4.1,34.3
953,A,0,1,7.5,5.7,5.8,5.4,57.3
953,B,1,0,4.2,8.8,4.4,6.9,57.2
953,C,0,0,4.1,6.6,6.9,4.8,37.3
953,D,1,0,6.1,3.3,4.4,6.4,50.3
954,A,1,0,6.6,3.7,10,6.6,61.5
954,B,1,1,7.5,8.7,5.5,8.2,83.2
954,C,0,1,6.1,6.6,5.7,5.0,55.7
954,D,1,1,7.3,7.5,7.8,8.2,84.7
955,A,1,0,7.0,4.9,7.6,5.0,57.5
955,B,1,0,4.9,6.4,5.9,5.7,54.8
955,C,0,0,5.7,3.6,4.0,7.3,34.3
955,D,1,1,7.3,6.8,5.9,8.1,80.2
956,A,0,0,5.9,5.5,7.1,4.1,37.7
956,B,1,0,6.0,8.2,3.9,5.9,56.7
956,C,1,1,4.9,6.3,7.1,6.5,74.7
956,D,1,0,5.1,7.0,4.8,4.9,53.0
957,A,1,0,7.5,5.5,7.2,7.4,62.7
957,B,1,1,6.2,6.0,4.0,5.6,69.7
957,C,1,0,5.6,6.5,6.7,5.1,56.5
957,D,1,0,7.6,6.0,6.0,5.7,58.8
958,A,1,0,7.6,4.0,5.2,7.4,57.0
958,B,1,0,3.5,6.6,3.7,7.2,51.7
958,C,1,1,3.9,5.3,6.4,7.0,71.0
958,D,1,0,6.4,4.7,5.4,6.0,54.2
959,A,0,0,8.2,3.3,6.8,4.0,37.2
959,B,1,1,6.6,7.1,4.9,6.6,75.3
959,C,1,0,7.6,3.1,7.0,3.0,51.2
959,D,0,0,7.8,6.2,5.8,6.2,43.3
960,A,0,0,5.9,3.8,6.7,5.6,36.7
960,B,0,0,5.1,6.8,6.3,9.0,45.3
960,C,0,0,5.3,4.1,5.0,5.6,33.3
960,D,0,1,5.7,4.3,7.8,5.9,56.2
961,A,0,0,8.6,5.0,8.4,5.5,45.8
961,B,0,1,6.7,8.2,5.8,3.4,56.8
961,C,1,0,7.2,5.1,5.3,4.8,54.0
961,D,0,1,5.5,6.6,6.6,6.8,59.2
962,A,0,1,3.4,3.9,8.0,4.0,48.8
962,B,1,1,4.9,8.1,5.7,5.5,73.7
962,C,1,0,5.7,3.9,6.3,6.0,53.2
962,D,1,1,5.1,4.6,7.8,7.4,74.8
963,A,0,0,4.3,3.1,6.4,5.3,31.8
963,B,0,1,6.3,6.5,8.2,5.8,61.3
963,C,1,0,6.1,5.4,6.2,5.5,55.3
963,D,1,1,5.8,5.0,6.3,6.9,73.3
964,A,0,0,7.1,3.8,6.8,7.5,42.0
964,B,1,0,4.6,5.8,4.8,6.7,53.2
964,C,0,1,6.0,4.4,7.6,5.8,56.3
964,D,0,1,5.3,4.3,5.6,6.6,53.0
965,A,0,0,4.6,6.9,7.2,5.5,40.3
965,B,1,0,3.5,5.0,2.9,7.5,48.2
965,C,0,0,5.1,5.4,6.4,7.6,40.8
965,D,1,0,7.3,5.8,4.5,6.0,56.0
966,A,0,0,6.8,4.6,7.9,4.5,39.7
966,B,1,0,2.9,7.1,3.1,5.8,48.2
966,C,0,0,7.6,5.5,7.6,4.2,41.5
966,D,0,1,9.1,4.7,4.9,6.4,58.5
967,A,0,0,7.2,3.3,7.4,6.1,40.0
967,B,1,1,7.2,6.8,3.8,7.6,75.7
967,C,1,1,6.6,6.7,6.4,4.7,74.0
967,D,0,0,7.4,6.5,6.4,6.9,45.3
968,A,0,0,5.9,5.7,7.9,4.5,40.0
968,B,1,0,5.1,4.8,3.5,6.1,49.2
968,C,0,0,5.4,3.5,7.7,6.5,38.5
968,D,0,0,4.7,3.8,5.8,5.9,33.7
969,A,1,0,5.8,4.3,6.3,6.0,54.0
969,B,0,0,5.0,7.4,3.9,8.7,41.7
969,C,1,0,6.5,2.4,3.4,6.5,48.0
969,D,1,1,7.0,5.1,5.6,4.0,69.5
970,A,0,1,8.0,1.2,6.9,5.7,53.0
970,B,0,1,3.6,8.1,2.9,5.4,50.0
970,C,0,0,6.6,4.1,7.1,6.5,40.5
970,D,0,0,7.4,5.7,6.9,8.0,46.7
971,A,0,1,2.9,7.1,7.0,3.7,51.2
971,B,1,0,4.7,5.6,3.5,8.7,54.2
971,C,1,0,5.0,3.8,6.9,4.8,50.8
971,D,0,0,8.6,3.8,5.9,8.2,44.2
972,A,1,1,6.1,3.2,5.2,5.8,67.2
972,B,0,1,6.3,6.8,5.6,8.0,61.2
972,C,0,1,6.6,4.8,6.0,4.9,53.8
972,D,1,0,6.4,4.1,6.5,6.1,55.2
973,A,0,0,7.7,4.3,6.3,5.8,40.2
973,B,0,1,6.1,5.1,4.8,6.1,53.5
973,C,1,0,7.2,5.0,6.0,6.1,57.2
973,D,0,1,8.6,6.3,6.3,8.2,65.7
974,A,1,0,8.0,4.3,7.2,5.5,58.3
974,B,1,0,2.5,6.9,4.4,7.6,52.3
974,C,1,1,3.3,4.5,7.8,6.7,70.5
974,D,0,0,6.5,6.6,4.7,5.4,38.7
975,A,1,0,8.3,5.1,7.1,7.3,63.0
975,B,1,0,4.1,8.4,5.8,7.5,59.7
975,C,0,0,5.7,5.0,6.0,2.9,32.7
975,D,0,1,7.4,6.7,8.4,7.0,65.8
976,A,1,0,4.5,4.1,6.7,4.2,49.2
976,B,1,0,6.4,5.6,2.1,5.4,49.2
976,C,0,0,6.3,5.9,7.2,5.0,40.7
976,D,1,1,6.9,5.2,6.4,8.2,77.8
977,A,0,1,7.7,4.5,6.1,2.9,52.0
977,B,0,1,4.3,6.8,5.2,6.5,54.7
977,C,0,1,4.6,4.0,6.9,3.5,48.3
977,D,1,1,5.0,6.2,6.1,6.1,72.3
978,A,0,0,5.9,3.9,5.9,4.9,34.3
978,B,1,0,4.5,6.8,4.3,3.6,48.7
978,C,1,0,8.6,3.7,7.6,5.6,59.2
978,D,0,0,6.4,6.5,6.4,7.3,44.3
979,A,0,0,7.7,2.7,5.4,3.9,32.8
979,B,1,1,6.1,5.7,5.4,6.5,72.8
979,C,1,0,5.4,5.7,7.5,7.0,59.3
979,D,0,1,6.7,6.8,6.5,7.2,62.0
980,A,1,0,8.2,5.7,6.3,8.8,65.0
980,B,1,1,4.7,9.0,6.9,6.4,78.3
980,C,0,0,6.2,6.7,6.3,5.5,41.2
980,D,0,0,4.8,3.8,6.8,7.6,38.3
981,A,0,0,6.7,2.9,6.5,5.0,35.2
981,B,1,1,4.7,7.4,3.8,5.7,69.3
981,C,0,1,5.9,4.2,4.5,5.1,49.5
981,D,1,1,7.6,5.7,8.4,6.8,80.8
982,A,0,0,7.6,3.3,6.9,5.6,39.0
982,B,1,1,5.3,8.3,7.7,6.1,79.0
982,C,1,0,7.6,3.7,4.0,6.7,53.3
982,D,1,1,5.8,5.9,5.9,5.4,71.7
983,A,1,0,7.2,5.3,8.4,4.8,59.5
983,B,0,0,5.8,7.7,3.4,5.8,37.8
983,C,1,0,5.0,5.7,5.4,2.9,48.3
983,D,0,0,5.3,7.3,5.9,4.7,38.7
984,A,0,0,3.2,5.2,8.4,4.6,35.7
984,B,0,0,5.6,6.0,5.0,7.2,39.7
984,C,1,0,4.1,4.4,6.2,6.2,51.5
984,D,1,0,5.6,4.8,3.8,5.6,49.7
985,A,1,0,6.3,4.3,7.0,4.0,52.7
985,B,1,1,4.3,6.2,5.6,4.4,67.5
985,C,1,0,6.3,4.7,4.4,5.7,51.8
985,D,0,0,5.7,6.8,8.0,5.9,44.0
986,A,0,1,5.3,4.1,6.8,4.4,51.0
986,B,0,0,3.1,4.7,4.3,5.3,29.0
986,C,0,0,4.0,6.1,4.2,5.7,33.3
986,D,0,0,7.2,8.2,3.9,7.4,44.5
987,A,1,0,6.3,5.5,6.8,6.5,58.5
987,B,1,0,3.9,8.3,2.2,6.5,51.5
987,C,0,0,5.3,4.1,3.1,3.6,26.8
987,D,1,0,6.4,7.2,6.6,5.6,59.7
988,A,1,0,3.5,4.8,5.3,5.6,48.7
988,B,0,1,2.7,7.8,4.6,4.5,49.3
988,C,0,0,4.4,7.6,5.8,3.7,35.8
988,D,0,0,6.2,5.6,6.3,6.5,41.0
989,A,1,0,5.7,4.1,5.6,3.5,48.2
989,B,0,1,5.8,6.4,4.5,7.4,56.8
989,C,1,0,6.1,7.3,6.9,4.9,58.7
989,D,0,0,7.1,6.9,7.7,8.9,51.0
990,A,0,1,5.6,4.3,6.6,4.9,52.3
990,B,0,1,3.8,8.6,4.9,7.4,57.8
990,C,0,1,4.6,3.6,6.2,5.2,49.3
990,D,1,0,7.2,6.2,7.6,8.4,65.7
991,A,1,0,8.4,4.2,7.3,6.0,59.8
991,B,1,1,5.0,7.0,4.9,6.0,71.5
991,C,0,0,5.6,3.1,7.1,4.7,34.2
991,D,1,0,7.6,4.8,7.1,6.8,60.5
992,A,1,0,7.3,6.5,7.6,5.5,61.5
992,B,1,0,5.0,8.8,3.6,6.6,56.7
992,C,1,0,7.5,6.1,4.1,6.0,56.2
992,D,1,1,4.4,6.7,6.8,6.5,74.0
993,A,0,1,6.6,5.7,7.3,5.6,58.7
993,B,1,1,5.8,6.1,3.8,5.3,68.3
993,C,0,0,6.5,5.3,8.3,8.2,47.2
993,D,0,0,9.7,7.8,7.8,6.3,52.7
994,A,0,0,4.6,3.5,5.6,6.3,33.3
994,B,0,0,5.6,6.1,3.2,6.6,35.8
994,C,1,0,8.0,4.9,6.1,5.7,57.8
994,D,0,1,7.0,3.0,6.1,8.3,57.3
995,A,1,0,6.4,5.2,6.0,5.5,55.2
995,B,0,0,8.3,5.5,4.8,5.7,40.5
995,C,0,0,7.1,2.8,4.7,5.5,33.5
995,D,1,1,6.0,6.9,4.6,5.6,71.8
996,A,0,0,4.8,3.0,5.9,4.8,30.8
996,B,0,0,4.9,5.3,4.6,6.2,35.0
996,C,1,1,6.5,2.9,7.2,5.5,70.2
996,D,1,1,6.9,5.4,6.6,7.3,77.0
997,A,1,0,6.1,2.8,6.9,5.3,51.8
997,B,1,0,4.2,4.7,4.7,9.3,54.8
997,C,1,0,6.3,3.4,8.6,5.3,56.0
997,D,0,1,5.0,4.3,6.4,6.2,53.2
998,A,0,0,5.0,2.0,5.3,5.9,30.3
998,B,1,0,3.7,8.4,6.6,6.1,58.0
998,C,0,0,4.5,4.3,6.3,5.8,34.8
998,D,0,0,6.2,6.1,6.1,6.2,41.0
999,A,1,1,6.8,1.7,6.7,6.8,70.0
999,B,0,0,5.3,7.8,4.3,5.0,37.3
999,C,0,1,7.0,4.2,5.1,5.0,52.2
999,D,1,0,4.8,6.3,5.1,6.1,53.8
1000,A,0,0,6.3,5.5,5.8,6.2,39.7
1000,B,0,0,4.4,6.0,5.0,6.5,36.5
1000,C,1,0,4.3,3.8,8.1,6.2,54.0
1000,D,1,0,6.1,5.7,6.4,7.9,60.2
1001,A,1,0,6.1,6.7,6.2,5.7,57.8
1001,B,1,0,5.0,5.9,4.6,5.5,51.7
1001,C,1,0,6.5,4.5,4.3,6.0,52.2
1001,D,1,1,8.3,6.8,7.1,7.0,82.0
1002,A,0,0,7.3,5.9,4.2,4.9,37.2
1002,B,1,1,4.0,6.1,5.1,5.5,67.8
1002,C,0,1,5.0,4.8,7.1,5.5,54.0
1002,D,1,1,7.0,6.1,6.8,8.5,80.7
1003,A,0,0,6.6,4.4,5.5,6.1,37.7
1003,B,1,0,3.9,7.2,3.8,7.3,53.7
1003,C,1,0,6.9,3.9,3.5,5.1,49.0
1003,D,1,0,6.9,7.0,7.6,5.2,61.2
1004,A,0,0,5.7,5.3,7.7,5.6,40.5
1004,B,1,1,3.3,6.9,6.2,7.8,73.7
1004,C,0,0,6.9,2.5,6.4,7.1,38.2
1004,D,1,0,6.0,6.6,6.3,4.9,56.3
1005,A,0,1,7.9,3.5,7.5,4.8,56.2
1005,B,1,0,4.3,6.7,3.9,4.0,48.2
1005,C,1,0,6.5,4.9,5.8,4.8,53.3
1005,D,1,0,6.2,6.2,3.2,8.5,56.8
1006,A,0,0,6.7,3.3,9.9,7.1,45.0
1006,B,1,0,5.8,5.8,7.5,6.3,59.0
1006,C,0,0,4.7,3.4,6.6,2.8,29.2
1006,D,0,1,7.1,6.6,5.4,6.1,58.7
1007,A,1,1,7.0,6.8,6.8,5.4,76.7
1007,B,1,1,6.1,6.0,2.7,4.8,66.0
1007,C,0,0,5.5,4.9,8.0,5.3,39.5
1007,D,1,0,6.9,6.3,7.3,6.0,60.8
1008,A,1,0,4.4,6.4,8.7,5.9,59.0
1008,B,1,0,4.9,5.4,4.1,7.4,53.0
1008,C,1,0,6.9,5.1,5.4,4.4,53.0
1008,D,0,1,3.7,4.5,5.8,9.5,55.8
1009,A,0,0,8.3,5.5,5.0,5.1,39.8
1009,B,1,0,4.3,5.3,3.5,7.2,50.5
1009,C,0,1,5.1,6.1,5.0,5.9,53.5
1009,D,0,0,8.4,6.7,6.1,4.6,43.0
1010,A,1,0,6.5,6.0,6.8,5.0,57.2
1010,B,1,0,5.1,6.8,4.8,7.1,56.3
1010,C,0,0,7.0,1.8,6.3,6.3,35.7
1010,D,1,0,5.6,3.4,7.1,4.1,50.3
1011,A,0,1,8.7,6.4,7.7,4.3,61.8
1011,B,1,0,4.3,5.5,5.0,5.5,50.5
1011,C,0,0,4.5,3.7,5.7,4.9,31.3
1011,D,0,1,6.0,7.8,3.7,6.5,56.7
1012,A,0,0,5.9,3.4,6.9,4.0,33.7
1012,B,0,0,4.8,7.6,4.8,5.9,38.5
1012,C,1,0,4.5,4.5,5.3,5.5,49.7
1012,D,1,0,7.0,4.2,5.0,6.7,54.8
1013,A,0,0,8.0,4.7,7.9,6.0,44.3
1013,B,1,1,5.9,6.7,4.2,6.9,72.8
1013,C,1,1,5.4,4.4,7.1,5.8,71.2
1013,D,1,1,5.7,5.7,6.0,3.9,68.8
1014,A,1,0,5.5,4.6,4.9,5.2,50.3
1014,B,0,1,3.0,5.9,3.0,7.3,48.7
1014,C,0,0,3.0,5.1,4.2,3.9,27.0
1014,D,0,1,5.6,7.1,4.4,5.7,54.7
1015,A,0,1,5.9,3.5,7.8,6.1,55.5
1015,B,1,0,5.0,5.5,4.8,8.0,55.5
1015,C,1,0,5.9,3.6,6.7,5.8,53.3
1015,D,1,0,7.1,5.1,5.3,9.0,60.8
1016,A,1,1,7.1,6.2,5.6,6.0,74.8
1016,B,0,1,3.5,5.6,4.4,5.8,48.8
1016,C,1,0,5.3,5.0,4.7,8.9,56.5
1016,D,1,0,6.7,6.1,5.6,7.0,59.0
1017,A,0,1,5.4,3.7,5.5,5.5,50.2
1017,B,0,0,5.0,8.2,3.2,7.7,40.2
1017,C,1,0,5.3,6.6,5.0,4.8,52.8
1017,D,0,0,5.4,6.2,6.7,7.4,42.8
1018,A,0,0,6.9,2.5,9.7,7.7,44.7
1018,B,0,0,5.1,7.3,6.1,7.6,43.5
1018,C,0,0,4.2,3.2,4.6,5.3,28.8
1018,D,1,0,5.9,6.1,5.6,6.4,56.7
1019,A,0,0,5.6,3.9,7.6,5.6,37.8
1019,B,0,0,7.5,5.4,4.9,6.9,41.2
1019,C,1,0,4.0,4.3,3.6,6.0,46.5
1019,D,0,1,5.8,6.4,6.6,8.8,62.7
1020,A,1,0,7.1,5.3,7.5,5.3,58.7
1020,B,0,0,4.7,6.1,7.0,6.3,40.2
1020,C,1,1,5.6,5.4,8.0,5.1,73.5
1020,D,1,0,9.7,5.5,5.1,5.6,59.8
1021,A,1,0,9.2,3.3,8.1,3.6,57.0
1021,B,1,0,5.2,6.9,3.9,5.2,52.0
1021,C,0,0,6.1,6.5,7.8,4.8,42.0
1021,D,1,1,5.4,5.4,5.6,6.8,72.0
1022,A,1,0,7.0,5.6,7.0,4.4,56.7
1022,B,1,0,5.3,6.3,4.1,6.3,53.3
1022,C,0,0,6.4,4.4,7.2,5.9,39.8
1022,D,1,1,6.1,4.6,6.2,4.2,68.5
1023,A,1,0,6.2,5.3,7.3,4.2,55.0
1023,B,0,0,3.6,6.6,6.1,7.2,39.2
1023,C,0,1,6.2,6.2,7.6,6.2,60.3
1023,D,1,0,6.0,5.8,6.3,7.3,59.0
1024,A,0,0,5.3,3.9,7.4,4.8,35.7
1024,B,0,0,5.7,6.3,3.0,6.1,35.2
1024,C,1,0,5.1,5.2,8.2,7.4,59.8
1024,D,1,1,7.0,5.6,6.0,7.3,76.5
1025,A,0,1,6.0,5.9,7.1,7.0,60.0
1025,B,0,1,6.4,4.3,2.8,5.5,48.3
1025,C,0,0,6.1,3.9,6.7,6.3,38.3
1025,D,1,0,6.6,5.3,5.5,6.4,56.3
1026,A,0,0,4.1,4.5,4.6,5.9,31.8
1026,B,1,1,1.7,8.5,6.5,5.5,70.3
1026,C,1,0,4.7,2.6,4.6,6.4,47.2
1026,D,1,1,6.0,6.0,5.8,6.7,74.2
1027,A,0,0,7.3,4.4,5.0,4.8,35.8
1027,B,1,0,4.8,7.3,2.0,7.6,52.8
1027,C,0,0,4.9,3.7,4.3,6.4,32.2
1027,D,0,1,6.7,5.1,6.3,7.2,58.8
1028,A,1,0,7.0,3.9,6.7,6.9,57.5
1028,B,0,0,9.1,7.3,6.3,4.5,45.3
1028,C,0,0,6.0,4.3,6.6,5.4,37.2
1028,D,0,1,6.3,4.5,5.5,5.6,53.2
1029,A,1,0,8.4,4.9,7.3,4.6,58.7
1029,B,1,0,3.8,3.8,6.8,6.3,51.2
1029,C,1,0,3.7,5.5,5.6,5.8,51.0
1029,D,1,1,5.1,6.0,4.5,4.3,66.5
1030,A,1,0,7.3,6.1,6.6,7.5,62.5
1030,B,0,0,4.4,7.6,4.2,5.5,36.2
1030,C,0,0,7.0,4.6,6.9,4.0,37.5
1030,D,1,0,5.8,5.7,7.1,5.8,57.3
1031,A,0,1,5.0,6.7,6.7,5.8,57.0
1031,B,0,0,2.4,6.0,3.7,6.4,30.8
1031,C,0,0,7.2,3.5,5.5,4.6,34.7
1031,D,1,1,5.3,5.7,6.4,7.0,74.0
1032,A,1,1,3.6,7.0,6.9,4.6,70.2
1032,B,1,0,5.7,8.7,2.7,5.2,53.8
1032,C,1,0,7.0,3.0,4.6,6.9,52.5
1032,D,0,0,6.4,5.7,6.3,6.3,41.2
1033,A,0,0,6.1,5.4,4.5,5.4,35.7
1033,B,0,1,3.9,7.7,2.2,6.9,51.2
1033,C,0,0,5.9,4.0,5.2,7.2,37.2
1033,D,1,1,7.5,7.3,5.3,7.5,79.3
1034,A,0,1,7.2,4.9,6.0,6.4,57.5
1034,B,0,0,2.9,8.4,5.9,8.2,42.3
1034,C,0,0,5.3,6.6,5.3,6.0,38.7
1034,D,0,0,7.1,8.3,6.3,7.0,47.8
1035,A,0,0,6.9,5.7,6.2,7.4,43.7
1035,B,1,0,4.8,4.5,6.0,5.4,51.2
1035,C,1,0,3.8,5.7,4.9,6.7,51.8
1035,D,1,0,4.9,6.2,5.4,6.4,54.8
1036,A,1,0,6.9,3.3,5.0,6.8,53.3
1036,B,0,0,5.5,9.5,4.9,4.2,40.2
1036,C,0,0,6.1,5.1,4.4,3.6,32.0
1036,D,0,0,5.1,6.0,4.6,6.0,36.2
1037,A,1,0,6.8,3.3,7.9,5.8,56.3
1037,B,0,1,7.1,5.9,5.3,5.1,55.7
1037,C,0,0,4.9,6.6,4.5,6.8,38.0
1037,D,1,1,5.1,8.2,7.4,6.7,79.0
1038,A,0,0,6.5,6.7,7.3,5.4,43.2
1038,B,1,1,6.5,7.3,3.8,3.9,69.2
1038,C,1,0,6.6,3.6,4.7,8.0,54.8
1038,D,1,1,3.8,6.5,7.3,5.5,71.8
1039,A,1,0,7.0,5.7,9.0,4.1,59.7
1039,B,1,0,5.4,7.3,3.2,6.8,54.5
1039,C,1,0,6.6,4.5,7.6,6.8,59.2
1039,D,0,0,8.1,5.5,6.8,6.8,45.3
1040,A,0,0,6.8,4.8,7.5,5.3,40.7
1040,B,1,1,5.4,8.3,4.9,6.7,75.5
1040,C,1,0,4.3,3.7,4.6,4.7,45.5
1040,D,1,0,5.2,6.3,6.3,8.2,60.0
1041,A,0,1,3.4,3.8,6.8,4.0,46.7
1041,B,0,0,5.2,7.8,4.6,5.4,38.3
1041,C,1,0,5.2,4.6,7.9,6.3,56.7
1041,D,1,0,6.1,3.9,6.1,6.6,54.5
1042,A,0,0,6.4,3.6,7.3,4.9,37.0
1042,B,1,0,3.6,6.3,3.9,6.1,49.8
1042,C,1,0,4.6,3.9,6.9,5.7,51.8
1042,D,1,0,6.9,6.7,6.6,8.2,64.0
1043,A,1,0,8.7,4.4,6.8,7.1,61.7
1043,B,1,0,6.6,6.0,3.9,6.6,55.2
1043,C,1,0,6.4,4.3,6.9,6.0,56.0
1043,D,1,0,5.7,6.8,6.8,5.7,58.3
1044,A,0,0,5.2,4.4,5.6,3.7,31.5
1044,B,1,0,5.4,6.1,5.5,5.3,53.8
1044,C,0,1,6.3,6.2,4.3,5.8,54.3
1044,D,0,1,5.8,8.6,7.5,8.0,66.5
1045,A,1,0,6.6,2.2,8.0,5.0,53.0
1045,B,1,0,5.8,6.8,4.4,6.0,55.0
1045,C,0,0,4.6,5.1,6.1,4.9,34.5
1045,D,1,0,7.4,7.8,5.6,6.5,62.2
1046,A,0,0,7.1,4.2,7.0,4.4,37.8
1046,B,1,1,4.5,4.5,4.4,8.3,69.5
1046,C,1,0,3.6,2.8,6.8,6.1,48.8
1046,D,0,1,10,7.2,6.1,7.6,68.2
1047,A,0,0,5.8,5.5,5.2,5.3,36.3
1047,B,1,1,6.6,7.4,5.5,6.6,76.8
1047,C,0,1,8.1,5.4,7.0,5.8,60.5
1047,D,1,1,6.4,6.9,4.7,6.3,73.8
1048,A,1,0,7.2,4.6,6.9,6.4,58.5
1048,B,1,0,5.4,6.9,3.0,7.2,54.2
1048,C,0,0,6.7,4.1,6.5,4.7,36.7
1048,D,1,1,4.6,7.3,7.0,6.9,76.3
1049,A,0,0,5.4,3.4,5.8,7.4,36.7
1049,B,0,0,2.1,6.2,2.7,5.9,28.2
1049,C,0,1,4.0,6.5,6.7,6.0,55.3
1049,D,1,1,5.9,6.4,6.5,4.4,72.0
1050,A,1,1,6.8,2.4,7.6,3.8,67.7
1050,B,1,0,7.2,8.0,2.6,7.5,58.8
1050,C,0,1,7.0,6.9,6.7,5.6,60.3
1050,D,0,0,4.9,6.2,8.2,7.4,44.5
1051,A,0,1,6.0,4.6,6.6,2.4,49.3
1051,B,1,0,6.7,6.3,4.2,5.1,53.8
1051,C,0,0,7.5,5.8,7.6,7.2,46.8
1051,D,1,1,5.5,5.6,4.7,7.1,71.5
1052,A,1,0,9.6,3.7,7.8,7.4,64.2
1052,B,0,1,4.8,5.9,2.7,4.8,47.0
1052,C,0,0,4.8,5.0,5.4,7.3,37.5
1052,D,1,1,5.7,6.1,4.8,8.1,74.5
1053,A,1,0,6.0,3.5,8.5,5.6,56.0
1053,B,1,1,5.2,7.1,5.2,6.5,73.3
1053,C,1,0,5.4,4.3,6.4,4.2,50.5
1053,D,1,0,6.1,6.4,6.3,8.3,61.8
1054,A,1,0,6.9,6.2,6.5,6.6,60.3
1054,B,0,1,3.6,8.2,4.7,5.1,52.7
1054,C,0,0,7.3,4.8,6.9,5.2,40.3
1054,D,0,0,7.2,6.9,7.1,4.7,43.2
1055,A,1,0,4.7,3.0,5.4,5.4,47.5
1055,B,1,0,3.3,5.7,5.4,8.0,54.0
1055,C,0,0,4.4,3.0,6.2,5.0,31.0
1055,D,1,1,3.8,5.5,5.8,7.1,70.3
1056,A,0,0,5.2,5.0,5.1,6.3,36.0
1056,B,0,0,6.0,6.8,2.9,5.8,35.8
1056,C,0,0,6.8,2.0,6.5,6.0,35.5
1056,D,1,0,4.1,6.6,4.8,7.4,54.8
1057,A,1,0,6.4,4.8,5.9,4.4,52.5
1057,B,1,1,4.1,7.2,4.5,6.5,70.5
1057,C,0,0,7.3,1.1,5.0,6.9,33.8
1057,D,0,0,5.0,7.4,7.2,6.2,43.0
1058,A,0,0,7.1,5.4,6.8,4.0,38.8
1058,B,0,0,3.4,7.1,7.6,6.4,40.8
1058,C,1,1,4.8,6.1,9.2,6.8,78.2
1058,D,1,1,7.8,7.4,6.9,5.1,78.7
1059,A,1,0,6.5,5.2,7.6,5.8,58.5
1059,B,1,0,4.1,6.8,3.9,6.9,52.8
1059,C,0,1,5.5,4.3,7.4,3.5,51.2
1059,D,1,1,7.3,5.2,5.7,7.2,75.7
1060,A,1,1,7.2,5.2,6.3,6.3,75.0
1060,B,1,0,5.5,5.8,4.6,5.0,51.5
1060,C,1,0,7.1,3.0,3.6,4.0,46.2
1060,D,1,0,6.3,6.0,5.7,5.8,56.3
1061,A,1,0,6.8,4.9,7.4,6.5,59.3
1061,B,1,0,7.2,8.2,4.4,6.2,60.0
1061,C,0,1,6.9,3.7,7.8,6.9,58.8
1061,D,1,1,6.3,5.1,5.2,8.9,75.8
1062,A,0,1,8.1,5.3,7.2,6.3,61.5
1062,B,1,1,5.2,4.6,4.5,5.4,66.2
1062,C,1,0,4.4,5.2,6.0,4.8,50.7
1062,D,0,1,5.9,6.6,6.4,5.6,57.5
1063,A,1,1,6.0,3.7,7.5,5.1,70.5
1063,B,1,0,4.9,5.0,2.9,5.1,46.5
1063,C,1,0,5.5,6.6,6.3,4.4,54.7
1063,D,1,0,7.0,2.5,6.0,6.1,52.7
1064,A,1,0,4.3,5.7,5.5,8.0,55.8
1064,B,0,0,4.2,5.9,3.7,6.3,33.5
1064,C,0,1,5.0,5.9,8.4,5.5,58.0
1064,D,1,1,6.7,5.1,5.3,5.0,70.2
1065,A,1,0,6.6,4.2,7.4,6.4,57.7
1065,B,1,0,3.2,8.1,6.5,4.8,54.3
1065,C,1,0,7.3,6.0,7.4,4.9,59.3
1065,D,1,0,6.2,6.5,6.1,8.3,61.8
1066,A,1,1,6.9,3.8,4.8,6.3,69.7
1066,B,1,0,6.4,6.6,6.3,4.7,56.7
1066,C,0,0,5.4,2.7,6.4,4.1,31.0
1066,D,0,0,5.5,8.4,7.5,7.0,47.3
1067,A,0,0,8.2,6.7,5.4,4.5,41.3
1067,B,1,1,4.9,4.4,3.5,4.4,62.0
1067,C,1,0,5.3,5.8,6.5,7.3,58.2
1067,D,1,1,4.5,4.7,6.9,7.1,72.0
1068,A,0,0,6.6,4.0,6.4,5.5,37.5
1068,B,0,0,6.3,6.0,4.3,5.1,36.2
1068,C,0,0,5.4,7.2,5.2,2.3,33.5
1068,D,1,0,5.8,6.6,5.8,3.9,53.5
1069,A,1,0,6.6,5.5,6.5,7.0,59.3
1069,B,0,0,4.0,5.8,6.0,6.4,37.0
1069,C,0,0,7.5,5.7,8.4,6.6,47.0
1069,D,1,0,7.3,5.8,5.9,8.0,61.7
1070,A,1,1,5.5,5.5,6.8,3.1,68.2
1070,B,0,0,7.9,5.8,4.2,8.1,43.3
1070,C,1,0,7.4,3.9,6.8,7.3,59.0
1070,D,1,0,5.4,5.5,5.5,4.5,51.5
1071,A,1,0,7.3,4.9,5.0,4.4,52.7
1071,B,1,1,5.1,7.4,4.7,6.5,72.8
1071,C,1,0,7.4,3.2,5.7,9.2,59.2
1071,D,1,1,6.9,5.7,5.6,4.7,71.5
1072,A,1,0,5.2,5.8,6.4,5.7,55.2
1072,B,0,1,6.7,8.6,3.6,3.6,54.2
1072,C,1,1,5.2,3.7,7.0,1.7,62.7
1072,D,0,0,4.7,6.0,8.1,5.1,39.8
1073,A,0,0,6.7,8.2,7.8,4.9,46.0
1073,B,1,0,3.5,9.3,2.9,8.4,56.8
1073,C,0,1,6.4,4.8,6.5,7.3,58.3
1073,D,1,0,4.1,6.3,5.3,5.7,52.3
1074,A,1,1,6.9,4.7,6.4,5.6,72.7
1074,B,1,0,3.2,6.4,4.4,6.3,50.5
1074,C,0,0,7.0,6.2,6.2,6.1,42.5
1074,D,1,0,7.4,5.5,2.6,5.3,51.3
1075,A,0,0,6.2,4.0,7.8,5.8,39.7
1075,B,1,0,3.9,7.4,3.5,4.9,49.5
1075,C,0,0,8.6,3.2,7.1,5.7,41.0
1075,D,0,0,6.3,5.6,7.5,5.3,41.2
1076,A,0,0,6.5,5.7,4.4,6.4,38.3
1076,B,1,0,4.2,4.4,4.9,5.3,48.0
1076,C,1,1,6.4,5.8,5.8,5.7,72.8
1076,D,0,0,3.2,5.9,4.9,6.9,34.8
1077,A,0,0,5.7,2.9,6.5,5.4,34.2
1077,B,1,0,4.2,7.3,4.5,5.9,53.2
1077,C,0,0,8.1,4.8,6.5,5.6,41.7
1077,D,1,1,7.7,6.0,5.6,8.3,79.3
1078,A,1,0,7.4,4.7,7.2,3.5,54.7
1078,B,1,0,5.9,6.5,3.2,8.5,56.8
1078,C,1,1,3.5,3.2,7.6,4.3,64.3
1078,D,0,0,5.4,6.5,6.7,5.3,39.8
1079,A,1,1,5.4,6.2,7.5,4.4,72.5
1079,B,1,0,4.8,4.4,5.7,8.5,55.7
1079,C,0,0,6.8,6.6,7.1,5.0,42.5
1079,D,1,1,5.4,6.5,6.1,5.6,72.7
1080,A,0,0,4.7,5.4,6.6,6.9,39.3
1080,B,1,0,5.6,8.0,3.6,6.9,56.8
1080,C,0,0,7.0,6.1,7.7,4.6,42.3
1080,D,1,1,6.5,4.8,5.7,7.9,74.8
1081,A,1,0,4.7,5.6,7.4,4.9,54.3
1081,B,0,0,4.5,4.9,6.7,7.7,39.7
1081,C,0,1,4.6,3.5,5.0,4.4,45.8
1081,D,0,0,6.2,7.4,6.4,7.4,45.7
1082,A,0,0,6.6,6.6,8.5,2.5,40.3
1082,B,1,1,5.0,6.1,4.1,6.1,68.8
1082,C,1,0,5.4,3.6,7.8,6.7,55.8
1082,D,1,0,7.0,4.2,6.7,5.4,55.5
1083,A,0,1,6.3,2.9,4.8,6.3,50.5
1083,B,0,0,4.8,7.1,5.5,4.1,35.8
1083,C,0,0,3.7,5.7,6.4,6.2,36.7
1083,D,1,0,8.1,7.0,6.6,7.5,65.3
1084,A,0,0,7.4,6.0,4.5,5.7,39.3
1084,B,1,0,4.4,6.1,5.9,7.9,57.2
1084,C,1,0,6.3,5.5,6.3,5.2,55.5
1084,D,1,0,5.0,8.0,8.9,8.3,67.0
1085,A,1,0,7.6,3.9,7.1,4.2,54.7
1085,B,1,0,3.3,4.4,5.9,8.3,53.2
1085,C,0,1,4.2,5.3,5.6,6.3,52.3
1085,D,1,1,6.3,9.4,6.1,7.2,81.7
1086,A,0,1,4.4,6.5,5.9,6.1,54.8
1086,B,1,1,3.6,5.4,5.5,8.8,72.2
1086,C,0,1,6.3,5.4,6.6,4.8,55.2
1086,D,1,1,6.9,5.5,5.8,5.5,72.8
1087,A,0,0,9.4,5.4,7.5,5.1,45.7
1087,B,0,0,3.5,5.4,4.6,6.7,33.7
1087,C,0,0,6.5,4.3,7.7,7.5,43.3
1087,D,0,0,6.9,6.4,5.2,7.6,43.5
1088,A,0,0,7.6,5.5,6.7,4.7,40.8
1088,B,1,1,3.9,5.8,5.2,7.2,70.2
1088,C,0,0,6.1,4.0,4.6,5.9,34.3
1088,D,0,1,6.0,7.2,5.9,5.0,56.8
1089,A,0,0,5.6,4.3,6.5,6.7,38.5
1089,B,1,1,5.9,5.3,4.0,7.0,70.3
1089,C,0,0,5.6,5.0,6.7,8.8,43.5
1089,D,0,1,6.5,5.3,5.7,5.9,55.7
1090,A,0,0,9.3,3.5,5.3,4.5,37.7
1090,B,1,0,4.6,4.3,2.9,8.1,49.8
1090,C,1,0,3.5,3.5,5.0,5.4,45.7
1090,D,1,0,5.3,5.2,6.7,7.2,57.3
1091,A,1,0,6.9,4.4,4.4,4.2,49.8
1091,B,1,0,2.9,7.7,3.8,7.3,52.8
1091,C,0,1,5.8,5.3,7.7,2.8,52.7
1091,D,1,0,5.5,7.9,7.7,7.1,63.7
1092,A,0,0,6.1,3.8,5.4,4.7,33.3
1092,B,1,1,6.8,7.3,5.1,5.2,74.0
1092,C,1,1,5.6,5.4,7.5,4.7,72.0
1092,D,1,1,7.3,6.1,7.3,8.7,82.3
1093,A,1,0,4.6,5.6,7.7,6.4,57.2
1093,B,1,1,4.9,4.7,6.6,6.6,71.3
1093,C,0,1,3.1,2.8,5.2,5.7,44.7
1093,D,1,0,4.5,4.6,4.8,8.2,53.5
1094,A,0,0,7.6,4.0,7.7,4.5,39.7
1094,B,1,1,2.9,6.2,3.1,7.3,65.8
1094,C,1,0,6.3,4.8,4.7,5.3,51.8
1094,D,1,0,6.5,5.5,5.5,5.5,55.0
1095,A,0,1,5.5,6.4,8.7,4.2,58.0
1095,B,0,0,4.9,7.2,5.7,5.2,38.3
1095,C,1,1,5.6,4.1,6.6,4.8,68.5
1095,D,1,1,6.0,5.2,6.8,4.2,70.3
1096,A,0,0,5.8,4.5,4.7,4.6,32.7
1096,B,1,1,3.5,7.9,4.7,5.8,69.8
1096,C,0,1,5.7,6.4,5.8,4.1,53.3
1096,D,0,0,4.8,7.4,5.3,7.1,41.0
1097,A,1,0,6.7,4.1,6.8,5.4,55.0
1097,B,1,0,5.3,9.4,5.5,7.7,63.2
1097,C,0,0,4.9,2.7,6.5,5.1,32.0
1097,D,1,0,7.3,7.1,8.6,7.3,67.2
1098,A,0,1,8.8,3.8,9.5,4.7,61.3
1098,B,1,1,6.1,5.4,3.8,5.6,68.2
1098,C,1,0,6.0,5.9,4.6,5.8,53.8
1098,D,0,1,6.2,6.9,2.8,7.4,55.5
1099,A,1,0,6.8,4.0,8.9,7.5,62.0
1099,B,0,0,5.7,5.0,4.9,8.3,39.8
1099,C,0,0,7.3,6.6,5.7,5.0,41.0
1099,D,1,0,6.3,6.1,6.6,7.1,60.2
1100,A,0,0,7.7,6.0,7.1,3.7,40.8
1100,B,0,0,3.2,5.0,5.4,4.7,30.5
1100,C,0,0,5.1,7.3,6.1,6.2,41.2
1100,D,0,0,8.1,8.2,6.5,6.3,48.5
1101,A,0,0,6.4,4.4,5.9,6.0,37.8
1101,B,0,1,3.6,7.3,1.6,5.7,47.0
1101,C,0,1,6.1,4.8,4.3,5.5,51.2
1101,D,1,1,5.3,6.7,7.6,7.7,78.8
1102,A,1,0,5.7,3.4,6.3,7.7,55.2
1102,B,0,1,3.7,6.7,3.6,5.6,49.3
1102,C,1,0,9.2,4.9,3.3,3.7,51.8
1102,D,0,0,5.1,8.1,6.7,7.0,44.8
1103,A,0,0,6.7,4.9,5.1,5.9,37.7
1103,B,0,0,3.0,7.3,3.9,6.7,34.8
1103,C,1,0,5.2,4.6,6.4,3.8,50.0
1103,D,1,1,7.9,5.6,4.8,7.2,75.8
1104,A,0,1,6.6,2.2,5.2,5.7,49.5
1104,B,0,0,7.1,7.6,5.0,6.0,42.8
1104,C,0,0,6.8,6.0,6.1,6.1,41.7
1104,D,1,1,7.4,6.2,5.3,7.1,76.7
1105,A,0,0,7.3,2.8,7.9,5.9,39.8
1105,B,0,0,5.9,7.2,4.3,6.5,39.8
1105,C,1,0,3.8,4.6,4.1,4.9,45.7
1105,D,1,1,7.5,8.5,8.9,6.3,85.3
1106,A,1,1,6.6,3.6,7.1,5.6,71.5
1106,B,1,1,4.8,8.1,6.4,5.0,73.8
1106,C,0,1,6.7,4.1,6.6,5.2,54.3
1106,D,1,1,6.5,7.2,4.8,8.2,77.8
1107,A,1,0,7.2,4.6,6.0,5.4,55.3
1107,B,0,0,2.2,10,4.7,5.7,37.7
1107,C,1,0,7.4,4.5,7.4,4.6,56.5
1107,D,0,1,5.3,5.3,4.4,7.9,54.8
1108,A,1,0,6.3,5.7,8.2,5.5,59.5
1108,B,1,0,4.0,6.6,5.1,6.5,53.7
1108,C,0,0,3.7,5.1,4.6,5.8,32.0
1108,D,1,1,7.0,4.9,9.0,7.0,79.8
1109,A,0,0,7.3,4.0,6.6,3.9,36.3
1109,B,0,0,4.5,7.2,4.4,7.5,39.3
1109,C,0,0,4.4,4.9,5.6,5.3,33.7
1109,D,1,1,6.4,6.6,6.9,4.4,73.8
1110,A,0,0,6.7,4.2,6.9,5.9,39.5
1110,B,1,0,2.7,6.0,3.7,6.8,48.7
1110,C,0,1,6.9,5.5,8.4,5.8,61.0
1110,D,0,0,8.4,6.6,6.2,5.2,44.0
1111,A,0,1,7.9,5.0,6.3,5.7,58.2
1111,B,0,1,6.2,6.1,3.7,8.1,56.8
1111,C,0,1,5.5,4.4,5.8,7.4,55.2
1111,D,1,1,5.4,6.8,5.9,5.3,72.3
1112,A,0,1,4.2,7.0,7.0,6.5,57.8
1112,B,0,0,6.0,8.3,3.0,7.2,40.8
1112,C,0,0,6.7,4.7,8.4,6.2,43.3
1112,D,1,1,4.7,7.4,6.6,7.4,76.8
1113,A,1,0,4.9,5.3,6.0,5.4,52.7
1113,B,1,0,6.4,7.9,6.4,5.0,59.5
1113,C,0,0,3.8,5.7,6.1,4.6,33.7
1113,D,1,0,4.7,5.3,5.7,4.9,51.0
1114,A,0,0,6.1,5.0,6.0,5.0,36.8
1114,B,1,0,6.1,8.0,6.6,5.4,60.2
1114,C,0,0,3.6,4.8,8.9,5.6,38.2
1114,D,1,0,6.0,7.9,7.8,3.9,59.3
1115,A,0,1,6.3,3.3,7.5,4.9,53.3
1115,B,1,0,5.3,7.2,4.8,7.5,58.0
1115,C,1,1,6.3,5.1,5.4,5.3,70.2
1115,D,1,1,5.5,6.7,7.2,7.6,78.3
1116,A,1,0,4.8,6.1,6.8,6.7,57.3
1116,B,1,1,4.5,6.7,7.5,6.8,75.8
1116,C,0,0,4.7,4.5,5.1,5.3,32.7
1116,D,0,0,8.3,3.4,4.4,7.5,39.3
1117,A,1,1,6.7,6.2,6.0,7.0,76.5
1117,B,1,0,4.4,5.5,3.0,5.7,47.7
1117,C,0,0,2.7,4.6,6.5,7.6,35.7
1117,D,1,1,5.4,5.0,5.4,6.9,71.2
1118,A,0,0,6.8,6.4,9.2,4.8,45.3
1118,B,1,1,4.9,5.4,4.9,7.7,71.5
1118,C,1,0,6.8,3.3,6.6,4.4,51.8
1118,D,0,0,7.1,7.4,8.2,4.7,45.7
1119,A,1,1,8.0,3.7,8.2,3.6,72.5
1119,B,1,1,5.7,8.6,3.7,5.0,71.7
1119,C,0,0,4.8,4.9,5.4,4.0,31.8
1119,D,0,0,6.8,7.5,5.8,6.9,45.0
1120,A,0,0,6.9,4.8,7.3,6.5,42.5
1120,B,1,1,6.7,7.2,4.0,8.0,76.5
1120,C,1,1,4.5,4.7,6.6,7.1,71.5
1120,D,0,1,10,6.5,6.9,5.5,64.8
1121,A,0,0,6.9,7.3,7.3,6.4,46.5
1121,B,1,1,5.2,8.5,4.1,5.3,71.8
1121,C,0,0,9.4,3.6,4.8,6.5,40.5
1121,D,1,1,8.3,5.9,6.6,7.7,80.8
1122,A,0,0,8.0,5.6,4.0,6.1,39.5
1122,B,1,1,5.0,7.3,2.9,5.0,67.0
1122,C,0,0,6.7,7.1,6.9,4.2,41.5
1122,D,1,0,5.4,4.1,6.7,7.1,55.5
1123,A,1,0,7.6,5.2,7.7,5.7,60.3
1123,B,1,1,6.8,6.2,5.0,5.0,71.7
1123,C,0,0,4.9,4.9,7.0,4.9,36.2
1123,D,0,0,8.9,4.6,3.6,8.9,43.3
1124,A,1,0,7.1,4.3,8.9,6.0,60.5
1124,B,1,1,4.8,5.0,4.3,6.6,67.8
1124,C,1,1,5.1,5.4,5.3,6.7,70.8
1124,D,1,0,5.4,7.9,7.8,8.5,66.0
1125,A,0,1,8.4,2.0,7.5,5.6,55.8
1125,B,0,0,6.1,6.2,3.8,8.4,40.8
1125,C,0,1,4.3,4.8,5.5,6.4,51.7
1125,D,0,0,5.0,5.7,4.3,6.0,35.0
1126,A,1,0,6.7,4.5,7.0,6.7,58.2
1126,B,1,0,5.9,7.9,1.9,7.1,54.7
1126,C,0,0,6.1,4.1,7.3,5.8,38.8
1126,D,1,0,6.3,6.7,5.7,7.5,60.3
1127,A,0,0,9.1,6.1,6.9,6.8,48.2
1127,B,1,1,5.4,6.2,3.6,8.3,72.5
1127,C,1,0,7.2,5.7,4.2,6.7,56.3
1127,D,1,0,5.7,5.5,5.2,7.5,56.5
1128,A,1,0,4.9,4.4,7.2,2.8,48.8
1128,B,0,0,6.1,5.8,3.8,6.3,36.7
1128,C,0,0,5.9,3.0,4.5,4.9,30.5
1128,D,1,1,6.2,7.4,6.1,4.7,74.0
1129,A,1,0,8.0,5.2,6.9,7.3,62.3
1129,B,1,0,6.7,5.9,2.4,5.4,50.7
1129,C,0,0,4.7,3.2,4.8,4.2,28.2
1129,D,0,1,5.5,8.4,6.4,5.0,58.8
1130,A,0,0,7.3,5.6,4.8,6.8,40.8
1130,B,0,1,5.9,6.7,4.9,6.5,56.7
1130,C,1,0,6.4,4.7,5.5,5.9,54.2
1130,D,1,0,5.3,4.9,4.3,6.8,52.2
1131,A,0,0,7.5,4.7,7.3,4.9,40.7
1131,B,1,1,3.7,4.3,3.8,5.8,62.7
1131,C,0,0,6.5,6.6,6.4,4.6,40.2
1131,D,1,1,6.6,7.4,10,8.0,86.7
1132,A,1,0,6.0,5.0,9.7,7.1,63.0
1132,B,1,1,4.2,6.9,5.3,7.8,73.7
1132,C,0,0,5.5,4.3,5.6,4.2,32.7
1132,D,1,0,8.4,4.9,6.5,6.5,60.5
1133,A,0,0,7.0,3.8,6.5,4.9,37.0
1133,B,1,0,6.5,6.9,3.9,4.8,53.5
1133,C,1,0,5.3,3.6,3.5,7.9,50.5
1133,D,0,1,4.0,7.5,4.2,7.3,55.0
1134,A,0,1,4.8,2.9,6.9,5.4,50.0
1134,B,1,0,5.0,6.1,2.9,7.8,53.0
1134,C,1,0,5.7,3.4,5.9,4.6,49.3
1134,D,1,0,6.8,6.8,6.4,5.8,59.7
1135,A,1,0,9.1,3.9,7.9,4.5,59.0
1135,B,0,1,3.5,8.2,7.0,5.5,57.0
1135,C,0,0,4.2,4.1,6.0,7.6,36.5
1135,D,0,1,7.4,5.9,5.3,6.3,58.2
1136,A,0,0,7.2,3.9,6.0,7.1,40.3
1136,B,1,1,6.5,9.1,3.0,6.2,74.7
1136,C,1,1,7.0,4.3,4.5,4.3,66.8
1136,D,0,0,5.1,6.7,7.8,5.6,42.0
1137,A,1,0,7.6,4.8,7.3,6.7,60.7
1137,B,1,1,6.2,6.2,5.4,7.5,75.5
1137,C,1,0,4.9,5.5,6.7,5.3,54.0
1137,D,1,1,6.6,7.1,6.2,6.6,77.5
1138,A,1,1,7.7,4.9,7.7,4.3,74.3
1138,B,1,1,3.7,5.6,3.3,7.2,66.3
1138,C,1,0,7.1,6.9,6.1,6.0,60.2
1138,D,1,1,5.1,7.8,4.8,6.3,73.3
1139,A,1,0,6.7,5.6,7.8,7.0,61.8
1139,B,1,0,6.8,5.8,3.1,6.3,53.3
1139,C,1,0,8.8,5.0,7.3,5.3,60.7
1139,D,1,1,4.7,4.2,7.0,6.2,70.2
1140,A,1,0,5.4,5.1,7.9,7.1,59.2
1140,B,1,0,6.3,4.4,4.1,7.1,53.2
1140,C,0,0,5.8,7.5,3.3,7.3,39.8
1140,D,1,1,6.3,5.1,6.6,7.7,76.2
1141,A,0,0,7.4,4.5,5.7,3.8,35.7
1141,B,0,1,7.9,5.2,2.3,6.2,52.7
1141,C,0,0,5.7,3.9,4.7,6.3,34.3
1141,D,1,1,7.2,6.5,5.7,9.2,81.0
1142,A,1,1,5.9,6.3,7.5,6.0,76.2
1142,B,1,1,4.5,5.8,3.4,5.5,65.3
1142,C,0,0,5.0,6.9,6.5,6.0,40.7
1142,D,0,1,7.0,5.3,7.0,8.1,62.3
1143,A,0,1,8.2,5.0,6.9,4.2,57.2
1143,B,1,1,4.1,7.6,3.7,7.4,71.3
1143,C,0,1,7.0,5.2,6.6,4.7,55.8
1143,D,1,1,7.3,7.1,7.1,6.7,80.3
1144,A,0,1,7.3,2.9,6.7,6.0,54.8
1144,B,1,0,4.3,7.2,3.7,5.6,51.3
1144,C,1,1,4.9,4.3,6.2,5.2,67.7
1144,D,0,0,8.1,5.8,6.1,9.0,48.3
1145,A,1,1,7.6,6.6,5.4,5.3,74.8
1145,B,0,0,6.2,5.3,5.7,6.8,40.0
1145,C,0,0,7.0,6.1,4.9,5.3,38.8
1145,D,0,0,6.9,6.5,5.0,7.1,42.5
1146,A,0,0,7.2,2.6,6.3,7.0,38.5
1146,B,1,0,4.5,6.4,1.5,5.0,45.7
1146,C,1,1,6.1,6.3,9.0,4.2,76.0
1146,D,1,0,4.9,6.8,6.6,9.2,62.5
1147,A,1,0,7.0,3.9,6.9,4.7,54.2
1147,B,1,1,5.1,8.8,5.7,7.0,77.7
1147,C,0,0,5.1,4.7,5.2,5.7,34.5
1147,D,0,1,6.7,4.8,4.5,6.8,54.7
1148,A,1,0,4.9,3.9,4.0,6.5,48.8
1148,B,1,1,5.6,4.3,5.4,6.3,69.3
1148,C,0,0,6.1,2.3,4.8,5.8,31.7
1148,D,1,1,6.4,7.7,4.9,8.3,78.8
1149,A,1,1,5.8,7.5,5.7,7.5,77.5
1149,B,1,0,4.7,5.2,4.5,6.1,50.8
1149,C,1,1,6.0,4.8,5.0,5.8,69.3
1149,D,1,0,5.6,4.2,7.3,6.8,56.5
1150,A,1,0,6.5,6.1,4.6,5.4,54.3
1150,B,1,0,6.6,5.9,5.6,6.2,57.2
1150,C,1,0,4.5,5.9,6.4,4.5,52.2
1150,D,1,0,8.1,5.5,7.2,6.8,62.7
1151,A,1,0,7.2,7.8,7.8,4.9,62.8
1151,B,0,1,5.9,7.0,5.1,8.8,61.3
1151,C,1,0,7.2,4.0,4.2,5.4,51.3
1151,D,0,1,6.5,8.8,8.2,6.2,66.2
1152,A,0,0,8.3,2.8,7.7,5.1,39.8
1152,B,0,0,5.0,7.1,5.0,4.8,36.5
1152,C,1,1,8.6,6.7,5.1,4.5,74.8
1152,D,0,0,8.1,8.5,6.4,5.0,46.7
1153,A,0,1,6.9,6.2,4.2,6.0,55.5
1153,B,1,0,6.0,6.9,5.8,6.4,58.5
1153,C,1,0,7.6,4.6,5.7,6.5,57.3
1153,D,1,1,5.0,5.6,5.4,7.3,72.2
1154,A,0,0,6.7,5.7,6.8,8.3,45.8
1154,B,0,0,5.5,7.9,3.7,6.5,39.3
1154,C,0,0,6.4,7.1,4.5,4.4,37.3
1154,D,1,0,4.7,8.1,6.9,9.1,64.7
1155,A,0,0,7.6,3.0,9.1,5.4,41.8
1155,B,1,1,7.1,7.0,3.0,5.8,71.5
1155,C,0,0,4.6,3.0,7.4,5.4,34.0
1155,D,1,0,8.8,7.1,6.3,6.7,64.8
1156,A,0,0,7.8,1.9,6.2,5.4,35.5
1156,B,0,0,3.3,5.8,1.7,5.5,27.2
1156,C,0,0,6.1,5.6,6.4,4.5,37.7
1156,D,1,1,6.4,5.9,5.5,6.4,73.7
1157,A,0,0,7.1,4.5,8.0,5.0,41.0
1157,B,1,1,3.0,5.2,1.6,6.6,60.7
1157,C,1,0,4.2,2.6,7.2,5.6,49.3
1157,D,1,0,8.1,5.1,4.6,5.2,55.0
1158,A,0,1,7.6,2.3,6.1,3.0,48.3
1158,B,1,1,3.8,7.7,6.0,8.5,76.7
1158,C,1,0,3.7,3.6,5.3,2.8,42.3
1158,D,0,0,4.9,4.2,7.2,7.8,40.2
1159,A,1,0,5.8,3.3,7.7,5.2,53.3
1159,B,1,1,4.8,8.5,5.8,7.5,77.7
1159,C,1,0,8.4,4.3,8.6,3.2,57.5
1159,D,0,1,6.9,8.4,7.6,7.0,66.5
1160,A,0,0,6.7,1.9,7.0,5.9,35.8
1160,B,1,0,5.1,6.8,4.2,5.7,53.0
1160,C,1,1,7.4,4.6,5.5,5.3,71.3
1160,D,0,0,9.1,5.5,5.7,6.8,45.2
1161,A,1,0,7.7,5.3,9.6,6.7,65.5
1161,B,0,0,4.3,4.8,4.5,7.1,34.5
1161,C,0,1,4.7,5.6,7.2,5.0,54.2
1161,D,1,0,7.0,5.8,6.1,7.1,60.0
1162,A,0,1,5.7,4.4,7.8,4.8,54.5
1162,B,0,0,4.3,7.9,4.5,5.9,37.7
1162,C,1,0,3.4,4.6,5.8,4.9,47.8
1162,D,1,0,6.0,7.6,5.5,6.0,58.5
1163,A,1,0,6.5,3.3,6.1,5.4,52.2
1163,B,1,1,4.0,10,7.7,7.1,81.3
1163,C,1,1,6.1,2.3,3.8,4.7,61.5
1163,D,1,0,6.3,4.3,7.9,6.9,59.0
1164,A,1,0,6.0,2.2,5.3,5.2,47.8
1164,B,0,0,5.4,5.9,4.6,6.8,37.8
1164,C,1,0,5.2,4.5,7.2,5.9,54.7
1164,D,0,0,5.5,6.1,3.9,8.5,40.0
1165,A,0,0,6.5,3.5,9.0,6.2,42.0
1165,B,1,1,5.1,5.4,4.3,8.0,71.3
1165,C,0,1,6.4,6.0,6.4,7.0,59.7
1165,D,0,0,6.4,5.7,2.6,6.8,35.8
1166,A,1,1,8.7,4.5,7.7,6.1,78.3
1166,B,1,1,6.3,4.2,5.8,5.9,70.3
1166,C,1,1,6.2,4.9,3.5,5.2,66.3
1166,D,1,0,7.7,6.4,7.2,5.5,61.3
1167,A,0,0,6.4,4.3,8.0,3.1,36.3
1167,B,1,1,5.9,6.4,3.2,7.4,71.5
1167,C,1,0,4.8,4.8,4.1,6.2,49.8
1167,D,1,0,5.7,5.7,6.7,6.1,57.0
1168,A,1,0,6.0,6.1,7.7,7.3,61.8
1168,B,0,0,6.3,7.0,6.1,5.5,41.5
1168,C,1,0,6.2,5.4,5.8,6.8,57.0
1168,D,0,1,4.7,5.2,6.7,6.3,54.8
1169,A,0,1,6.4,5.7,7.8,6.2,60.2
1169,B,1,0,5.1,7.2,4.9,6.1,55.5
1169,C,0,1,6.0,4.2,6.5,4.2,51.5
1169,D,1,0,7.4,5.6,6.4,6.1,59.2
1170,A,0,0,5.9,4.7,6.7,4.4,36.2
1170,B,0,1,4.9,4.7,2.9,6.5,48.3
1170,C,0,0,7.8,7.4,6.0,5.9,45.2
1170,D,0,1,5.4,4.8,7.3,7.9,59.0
1171,A,1,0,5.5,2.9,7.7,6.7,54.7
1171,B,0,0,4.3,6.3,4.0,5.7,33.8
1171,C,1,0,6.2,5.4,7.7,7.0,60.5
1171,D,1,1,5.2,6.5,7.1,5.0,73.0
1172,A,0,0,4.5,5.6,6.9,6.2,38.7
1172,B,0,0,7.0,7.9,2.9,5.4,38.7
1172,C,1,0,3.8,5.0,7.9,5.9,54.3
1172,D,1,0,5.7,7.1,4.5,5.8,55.2
1173,A,1,0,6.0,5.2,7.0,7.7,59.8
1173,B,1,1,4.3,6.0,1.9,6.2,64.0
1173,C,1,0,5.8,5.2,7.0,6.3,57.2
1173,D,0,0,5.4,4.8,6.2,8.1,40.8
1174,A,0,0,7.0,2.5,7.9,5.9,38.8
1174,B,0,0,7.1,5.6,6.1,6.6,42.3
1174,C,1,0,7.2,6.9,6.1,6.7,61.5
1174,D,1,0,6.4,8.6,6.6,6.4,63.3
1175,A,0,1,4.9,4.2,5.3,5.9,50.5
1175,B,1,0,4.8,7.2,2.9,6.6,52.5
1175,C,1,0,5.8,3.5,5.8,6.5,52.7
1175,D,1,0,7.2,6.6,6.3,6.9,61.7
1176,A,0,1,7.2,5.2,8.0,3.4,56.3
1176,B,0,1,5.5,7.5,3.2,5.4,52.7
1176,C,1,0,7.7,5.7,3.5,3.9,51.3
1176,D,0,1,8.6,6.5,5.3,7.1,62.5
1177,A,0,0,8.6,7.4,7.2,6.0,48.7
1177,B,1,0,3.1,6.8,4.9,6.9,52.8
1177,C,0,0,6.6,6.2,7.1,8.6,47.5
1177,D,1,0,6.8,5.3,4.5,6.2,54.7
1178,A,1,1,6.1,3.0,6.0,8.2,72.2
1178,B,1,0,3.2,5.8,1.2,7.2,45.7
1178,C,0,1,5.6,3.8,3.5,4.4,45.5
1178,D,0,0,5.9,5.8,6.5,6.8,41.7
1179,A,0,0,6.2,4.9,7.2,7.1,42.3
1179,B,1,1,4.5,8.9,3.8,6.5,72.8
1179,C,0,0,5.0,4.4,8.2,6.7,40.5
1179,D,0,0,5.3,6.3,5.2,5.1,36.5
1180,A,0,0,5.9,3.5,4.7,6.4,34.2
1180,B,0,0,5.0,6.4,3.8,4.6,33.0
1180,C,1,1,6.5,4.1,4.2,4.0,64.7
1180,D,1,0,6.2,8.5,7.4,4.9,61.7
1181,A,1,0,7.3,3.2,5.3,6.3,53.5
1181,B,1,0,4.7,8.7,5.4,5.7,57.5
1181,C,0,0,5.6,4.6,7.4,6.9,40.8
1181,D,0,0,6.7,5.8,6.6,6.4,42.5
1182,A,1,0,5.9,2.3,5.3,2.0,42.5
1182,B,1,1,4.6,7.1,5.0,3.3,66.7
1182,C,0,0,4.2,3.2,6.0,5.2,31.0
1182,D,0,1,9.1,5.6,8.6,5.1,64.0
1183,A,1,0,4.7,5.7,6.9,6.3,56.0
1183,B,1,1,4.1,8.3,3.7,6.5,71.0
1183,C,0,0,4.2,4.0,6.6,4.5,32.2
1183,D,1,1,7.6,6.7,6.7,6.9,79.8
1184,A,0,0,6.2,4.8,7.6,6.9,42.5
1184,B,0,0,3.5,7.9,6.0,5.4,38.0
1184,C,0,0,4.9,5.0,6.7,4.2,34.7
1184,D,0,0,6.2,5.8,5.5,9.1,44.3
1185,A,0,0,6.7,2.6,7.7,4.9,36.5
1185,B,1,1,4.4,8.9,4.2,7.8,75.5
1185,C,1,0,6.7,3.0,5.9,2.7,47.2
1185,D,1,0,5.9,6.1,7.4,9.0,64.0
1186,A,0,0,7.8,4.4,5.7,4.7,37.7
1186,B,1,1,4.0,8.6,4.8,5.6,71.7
1186,C,0,0,7.3,4.1,6.3,6.0,39.5
1186,D,0,1,6.7,6.4,6.6,5.7,59.0
1187,A,0,1,5.7,4.5,5.7,5.2,51.8
1187,B,1,0,5.5,6.0,4.2,4.3,50.0
1187,C,1,1,5.3,5.5,4.9,6.4,70.2
1187,D,0,1,6.1,7.0,6.0,7.6,61.2
1188,A,1,1,6.5,4.0,4.9,5.3,67.8
1188,B,1,0,5.7,6.0,5.1,5.3,53.5
1188,C,0,0,4.7,4.1,5.6,4.7,31.8
1188,D,0,1,5.7,8.2,7.7,6.6,63.7
1189,A,0,0,7.5,3.4,7.9,5.3,40.2
1189,B,0,0,5.5,7.5,4.3,5.6,38.2
1189,C,1,0,7.3,5.1,5.8,7.2,59.0
1189,D,1,0,5.8,5.6,4.5,4.1,50.0
1190,A,0,0,6.0,6.6,7.0,5.8,42.3
1190,B,0,1,4.7,6.7,4.0,7.5,54.8
1190,C,0,0,6.7,4.9,4.5,5.8,36.5
1190,D,0,1,6.5,5.1,5.0,7.0,56.0
1191,A,1,0,7.1,4.6,5.5,5.4,54.3
1191,B,0,0,5.0,7.1,5.3,5.8,38.7
1191,C,0,0,7.1,3.9,3.3,5.0,32.2
1191,D,1,1,4.5,6.5,7.1,5.4,72.5
1192,A,0,0,7.5,3.1,6.7,6.7,40.0
1192,B,1,0,5.9,6.8,3.7,6.1,54.2
1192,C,0,0,6.1,1.2,4.5,5.3,28.5
1192,D,1,1,6.0,6.4,5.0,6.1,72.5
1193,A,0,0,5.9,3.7,5.5,5.4,34.2
1193,B,0,0,5.1,7.6,4.7,7.8,42.0
1193,C,1,1,6.2,4.3,8.4,6.4,75.5
1193,D,1,1,7.6,4.3,6.1,7.7,76.2
1194,A,1,1,6.1,4.7,7.5,5.5,73.0
1194,B,1,0,4.9,7.1,5.2,7.3,57.5
1194,C,1,1,6.7,4.2,6.5,6.3,72.8
1194,D,1,1,7.7,4.6,6.0,5.7,73.3
1195,A,1,0,5.6,5.4,8.5,7.0,60.8
1195,B,1,1,5.0,7.9,4.5,7.6,75.0
1195,C,0,0,6.0,4.2,6.5,5.2,36.5
1195,D,1,1,7.9,5.4,4.3,5.7,72.2
1196,A,1,1,7.3,5.0,6.0,5.9,73.7
1196,B,1,1,2.0,7.0,3.1,6.8,64.8
1196,C,0,0,6.1,5.4,7.1,5.5,40.2
1196,D,0,1,4.5,6.0,6.5,8.0,58.3
1197,A,1,0,5.1,4.6,7.6,6.3,56.0
1197,B,1,1,5.8,6.3,4.9,5.8,71.3
1197,C,0,0,6.1,4.8,6.4,5.6,38.2
1197,D,1,0,8.0,8.1,6.1,7.7,66.5
1198,A,1,0,3.9,4.1,6.4,6.1,50.8
1198,B,0,1,5.2,8.1,6.9,6.2,60.7
1198,C,0,1,6.8,4.0,5.6,5.1,52.5
1198,D,0,1,4.3,8.9,4.1,7.9,58.7
1199,A,1,0,8.7,5.9,7.6,5.6,63.0
1199,B,1,0,3.2,7.8,4.8,6.1,53.2
1199,C,1,0,5.8,3.8,4.7,4.6,48.2
1199,D,0,1,7.3,5.4,6.8,6.5,60.0
1200,A,1,0,3.5,5.7,9.6,4.3,55.2
1200,B,1,0,4.9,5.9,5.8,5.8,54.0
1200,C,0,0,4.9,4.9,6.7,6.1,37.7
1200,D,1,1,6.8,5.4,6.5,7.3,76.7
1201,A,1,0,7.0,3.7,9.0,8.9,64.3
1201,B,0,0,4.1,6.4,4.7,6.5,36.2
1201,C,1,1,5.9,5.0,5.7,5.1,69.5
1201,D,0,1,6.3,7.9,3.6,5.6,55.7
1202,A,0,0,6.0,3.8,7.8,5.2,38.0
1202,B,0,0,4.6,6.3,3.2,5.6,32.8
1202,C,0,1,4.6,4.6,4.8,4.0,46.7
1202,D,1,1,6.8,7.7,5.6,6.5,77.7
1203,A,1,0,6.4,3.9,7.8,5.8,56.5
1203,B,0,0,5.3,6.4,3.7,6.9,37.2
1203,C,1,0,9.2,5.3,6.3,5.4,60.3
1203,D,1,1,6.6,5.1,6.9,8.4,78.3
1204,A,0,0,8.5,4.2,4.9,5.2,38.0
1204,B,0,1,4.7,6.7,5.7,6.1,55.3
1204,C,0,0,7.1,5.1,8.9,4.2,42.2
1204,D,0,1,5.7,6.8,10,5.2,62.8
1205,A,0,0,5.9,5.0,4.6,5.4,34.8
1205,B,1,0,4.2,6.5,5.1,6.1,53.2
1205,C,0,0,5.6,4.0,4.4,7.0,35.0
1205,D,1,1,6.8,4.3,6.2,6.7,73.3
1206,A,0,0,8.2,4.0,8.6,5.6,44.0
1206,B,1,1,4.5,7.5,5.9,8.2,76.8
1206,C,0,0,4.1,5.6,6.5,6.3,37.5
1206,D,0,1,6.6,7.4,6.3,7.7,63.3
1207,A,0,1,6.1,6.0,6.9,4.7,56.2
1207,B,0,0,3.5,7.3,6.5,5.1,37.3
1207,C,0,1,6.1,5.1,8.5,4.5,57.0
1207,D,0,1,5.8,6.5,4.5,7.2,56.7
1208,A,0,1,6.8,2.1,4.8,5.9,49.3
1208,B,0,1,6.1,4.8,4.0,5.4,50.5
1208,C,1,0,7.8,3.9,5.2,7.2,56.8
1208,D,1,1,6.2,6.1,5.6,10,79.8
1209,A,0,1,6.0,5.4,5.5,5.8,54.5
1209,B,0,0,6.3,9.2,4.1,4.5,40.2
1209,C,0,0,7.1,4.5,5.4,6.3,38.8
1209,D,1,0,6.2,3.4,4.6,5.7,49.8
1210,A,0,0,7.6,5.0,6.5,6.7,43.0
1210,B,1,1,3.3,6.0,2.7,6.6,64.3
1210,C,0,0,2.0,3.9,4.9,5.3,26.8
1210,D,1,0,5.8,7.5,7.8,8.3,65.7
1211,A,0,1,6.6,6.0,7.6,6.8,61.7
1211,B,1,0,5.3,5.3,4.0,5.9,50.8
1211,C,1,0,7.1,3.7,6.0,5.0,53.0
1211,D,1,1,6.0,7.3,6.3,8.0,79.3
1212,A,0,0,5.1,3.6,7.2,5.8,36.2
1212,B,0,1,3.7,6.2,5.6,6.0,52.5
1212,C,1,0,6.3,2.2,7.4,4.6,50.8
1212,D,0,0,6.3,5.7,6.2,6.3,40.8
1213,A,1,0,5.7,5.7,9.4,6.9,62.8
1213,B,1,1,3.0,6.0,5.5,7.1,69.3
1213,C,1,0,5.7,4.7,7.0,6.9,57.2
1213,D,0,1,5.9,5.5,5.7,7.2,57.2
1214,A,1,0,8.2,3.6,8.0,6.7,60.8
1214,B,1,1,5.4,5.2,5.2,5.9,69.5
1214,C,0,0,5.3,3.7,6.7,4.5,33.7
1214,D,1,1,5.6,6.4,6.9,5.0,73.2
1215,A,0,0,7.4,3.5,8.0,6.8,42.8
1215,B,1,0,3.0,7.6,7.1,7.8,59.2
1215,C,0,0,5.0,5.6,6.0,5.7,37.2
1215,D,1,1,5.8,5.1,6.0,4.7,69.3
1216,A,0,1,6.2,5.3,7.0,7.1,59.3
1216,B,1,1,3.4,8.1,5.9,5.0,70.7
1216,C,1,0,7.3,3.6,5.8,5.9,54.3
1216,D,1,0,4.4,4.8,4.7,5.1,48.3
1217,A,1,0,6.5,5.1,6.5,5.2,55.5
1217,B,1,0,4.0,7.7,5.2,6.5,55.7
1217,C,0,0,6.3,5.7,6.4,3.7,36.8
1217,D,0,0,4.7,7.4,6.9,5.2,40.3
1218,A,0,0,7.0,3.7,7.8,5.0,39.2
1218,B,0,0,4.1,8.7,3.5,6.9,38.7
1218,C,1,0,7.0,3.7,9.0,7.7,62.3
1218,D,1,1,7.2,5.5,9.1,6.8,81.0
1219,A,1,0,7.6,3.5,6.6,3.1,51.3
1219,B,1,0,5.0,7.3,5.9,8.4,61.0
1219,C,1,1,7.8,4.4,6.8,4.3,72.2
1219,D,1,1,5.8,7.2,3.1,7.8,73.2
1220,A,1,0,8.1,4.2,5.6,7.5,59.0
1220,B,0,1,5.3,7.4,4.0,6.5,55.3
1220,C,0,1,4.4,7.1,6.7,7.0,58.7
1220,D,0,0,6.6,3.4,7.6,6.6,40.3
1221,A,1,1,5.8,5.5,5.2,5.1,69.3
1221,B,0,0,5.5,8.7,3.0,6.1,38.8
1221,C,1,0,6.2,4.1,6.3,4.7,52.2
1221,D,1,1,5.8,7.7,5.0,6.5,75.0
1222,A,0,0,5.6,3.4,7.2,5.2,35.7
1222,B,1,0,2.9,9.0,5.4,8.2,59.2
1222,C,0,0,3.7,5.3,4.3,4.6,29.8
1222,D,1,1,5.4,5.6,6.7,6.2,73.2
1223,A,0,1,7.7,3.6,4.1,7.6,55.0
1223,B,1,0,3.8,6.7,1,5.3,44.7
1223,C,0,1,7.0,6.6,6.5,6.3,60.7
1223,D,1,0,4.4,6.3,5.7,5.3,52.8
1224,A,1,0,8.5,4.8,6.9,6.0,60.3
1224,B,1,0,4.3,6.9,4.1,6.5,53.0
1224,C,0,1,3.5,6.3,7.9,6.4,56.8
1224,D,1,0,8.0,5.5,7.2,4.9,59.3
1225,A,0,0,4.0,5.1,5.3,3.5,29.8
1225,B,1,0,4.4,7.1,5.4,5.9,54.7
1225,C,0,0,6.4,7.5,7.9,4.2,43.3
1225,D,0,1,6.3,6.7,5.2,7.8,60.0
1226,A,0,0,7.7,6.4,8.8,2.5,42.3
1226,B,1,1,5.0,6.6,5.4,7.8,74.7
1226,C,1,0,6.7,3.1,4.6,7.8,53.7
1226,D,0,0,6.2,6.3,7.0,6.2,42.8
1227,A,0,0,7.6,4.4,6.9,4.7,39.3
1227,B,0,1,4.2,7.5,4.5,6.3,54.2
1227,C,1,1,6.7,4.7,5.6,8.0,75.0
1227,D,0,0,4.1,7.6,8.0,6.3,43.3
1228,A,1,0,4.9,3.5,10,3.4,53.0
1228,B,0,0,4.0,6.4,3.8,6.7,34.8
1228,C,0,1,6.2,6.3,7.2,4.5,57.0
1228,D,1,0,6.9,5.9,3.8,5.7,53.8
1229,A,1,0,8.3,5.2,7.6,6.7,63.0
1229,B,0,0,3.9,7.2,5.5,3.3,33.2
1229,C,0,1,5.5,4.8,5.7,4.8,51.3
1229,D,0,1,6.3,4.1,6.8,7.1,57.2
1230,A,0,0,7.1,5.1,8.9,4.9,43.3
1230,B,1,1,5.7,8.5,5.4,8.5,80.2
1230,C,1,0,6.2,2.7,6.0,5.4,50.5
1230,D,0,0,6.3,5.3,5.6,4.5,36.2
1231,A,1,0,8.7,3.4,8.3,4.8,58.7
1231,B,1,0,3.4,6.2,5.0,7.9,54.2
1231,C,0,0,4.6,4.1,7.2,6.9,38.0
1231,D,0,1,4.9,7.6,7.0,5.0,57.5
1232,A,1,0,5.2,4.3,6.7,6.8,55.0
1232,B,0,1,5.9,7.7,5.3,7.7,61.0
1232,C,0,1,6.8,4.0,6.0,6.6,55.7
1232,D,1,1,6.1,6.3,5.7,5.2,72.2
1233,A,1,0,7.7,4.9,8.6,6.7,63.2
1233,B,0,0,3.8,8.6,4.6,3.8,34.7
1233,C,1,0,6.8,3.1,6.2,7.4,55.8
1233,D,0,1,7.3,7.2,5.1,4.4,56.7
1234,A,1,0,6.4,6.4,8.3,5.9,61.7
1234,B,0,1,3.7,8.4,5.0,8.3,59.0
1234,C,1,0,4.1,4.9,7.9,6.7,56.0
1234,D,1,0,7.7,5.9,6.2,7.0,61.3
1235,A,1,0,6.2,6.6,3.8,7.1,56.2
1235,B,1,0,4.7,6.8,5.4,6.6,55.8
1235,C,0,1,4.3,7.3,5.0,4.5,51.8
1235,D,1,1,5.8,6.8,6.1,9.0,79.5
1236,A,1,0,4.6,3.5,5.8,7.7,52.7
1236,B,1,0,7.3,7.4,6.3,6.1,61.8
1236,C,0,0,7.0,6.1,8.9,5.1,45.2
1236,D,1,1,6.1,4.8,5.1,6.8,71.3
1237,A,0,1,8.2,4.8,5.3,2.0,50.5
1237,B,0,0,5.5,5.5,4.1,5.0,33.5
1237,C,1,1,7.5,3.8,5.1,6.2,71.0
1237,D,1,0,6.3,7.0,7.6,6.4,62.2
1238,A,0,0,5.7,2.3,6.3,6.2,34.2
1238,B,0,1,3.2,6.2,3.0,5.2,46.0
1238,C,1,1,6.1,3.2,6.3,5.5,68.5
1238,D,1,1,7.6,4.3,7.5,6.5,76.5
1239,A,0,0,5.1,3.8,4.7,3.3,28.2
1239,B,0,1,4.6,7.0,4.1,7.1,54.7
1239,C,0,1,7.0,6.2,3.3,6.6,55.2
1239,D,1,0,7.2,6.7,5.7,8.2,63.0
1240,A,1,0,8.3,5.9,8.9,5.4,64.2
1240,B,0,0,7.2,6.3,6.4,6.1,43.3
1240,C,1,0,7.2,3.3,5.4,6.5,54.0
1240,D,1,1,5.6,7.0,5.1,6.4,73.5
1241,A,0,0,7.5,3.7,4.7,3.3,32.0
1241,B,1,0,5.9,9.0,7.1,7.2,65.3
1241,C,0,0,6.5,3.8,5.6,4.9,34.7
1241,D,0,0,5.5,8.6,8.9,7.4,50.7
1242,A,1,0,6.2,5.5,7.4,5.1,57.0
1242,B,0,0,4.3,7.2,4.3,7.2,38.3
1242,C,1,1,5.0,3.2,4.5,3.9,61.0
1242,D,0,0,5.7,5.1,3.3,6.5,34.3
1243,A,1,1,8.8,4.5,8.2,6.8,80.5
1243,B,0,0,5.4,5.9,5.8,5.3,37.3
1243,C,1,0,3.9,6.6,6.2,5.5,53.7
1243,D,1,0,7.3,6.0,5.6,7.0,59.8
1244,A,0,0,6.4,6.4,8.2,5.7,44.5
1244,B,1,0,5.1,6.8,5.1,6.6,56.0
1244,C,1,0,7.3,4.8,8.6,4.3,58.3
1244,D,0,0,6.1,4.8,5.3,6.7,38.2
1245,A,1,1,7.0,1.7,6.3,5.6,67.7
1245,B,1,0,4.9,6.5,7.3,3.8,54.2
1245,C,0,0,6.0,4.0,6.6,4.8,35.7
1245,D,0,0,7.5,6.5,6.5,4.3,41.3
1246,A,1,0,6.8,2.4,6.7,5.5,52.3
1246,B,0,0,4.7,9.0,5.9,6.1,42.8
1246,C,1,0,5.6,5.0,6.7,5.6,54.8
1246,D,1,0,7.7,8.3,6.5,4.4,61.5
1247,A,1,1,5.7,4.1,7.4,5.1,70.5
1247,B,0,0,5.6,4.9,1.6,7.6,32.8
1247,C,0,0,5.6,3.8,5.0,4.3,31.2
1247,D,0,0,5.6,4.4,5.5,5.7,35.3
1248,A,1,0,5.7,3.8,7.3,5.3,53.5
1248,B,1,1,4.5,6.2,4.2,7.5,70.7
1248,C,1,0,3.4,6.0,6.1,6.0,52.5
1248,D,0,1,7.3,4.8,5.3,7.9,58.8
1249,A,1,0,5.2,3.1,5.5,4.6,47.3
1249,B,1,1,6.3,6.1,5.0,4.9,70.5
1249,C,0,0,6.7,4.2,5.5,7.2,39.3
1249,D,0,1,7.5,4.6,6.5,5.7,57.2
1250,A,0,0,8.7,5.3,7.8,5.2,45.0
1250,B,0,0,4.2,7.2,3.3,5.8,34.2
1250,C,1,1,6.2,6.1,4.1,3.2,66.0
1250,D,1,0,5.6,6.3,5.6,10,62.5
1251,A,0,0,4.6,6.3,8.1,5.4,40.7
1251,B,1,0,4.4,6.2,4.8,7.7,55.2
1251,C,1,1,5.6,4.8,7.6,4.9,71.5
1251,D,1,0,8.0,7.3,5.4,6.6,62.2
1252,A,1,1,5.4,5.1,6.6,6.3,72.3
1252,B,1,1,6.7,7.5,4.5,6.8,75.8
1252,C,0,0,5.2,3.0,6.4,5.0,32.7
1252,D,0,1,7.5,6.5,6.3,6.3,61.0
1253,A,0,0,5.0,6.0,7.0,6.0,40.0
1253,B,0,1,5.0,7.5,4.9,10,62.3
1253,C,0,1,6.0,4.1,6.4,4.9,52.3
1253,D,0,0,5.8,7.3,4.2,8.4,42.8
1254,A,0,1,8.2,2.8,5.2,4.1,50.5
1254,B,1,0,4.1,6.0,6.3,7.5,56.5
1254,C,0,0,5.6,3.3,4.6,3.7,28.7
1254,D,1,0,6.3,5.1,5.6,8.7,59.5
1255,A,1,0,6.9,6.4,4.4,5.4,55.2
1255,B,1,0,3.0,6.8,5.0,8.1,54.8
1255,C,1,0,4.0,5.6,7.1,4.2,51.5
1255,D,1,1,5.4,6.5,6.8,5.6,73.8
1256,A,1,0,5.5,4.2,5.9,4.4,50.0
1256,B,1,1,2.8,6.6,2.8,5.1,62.2
1256,C,1,0,7.4,4.8,5.4,3.8,52.3
1256,D,1,1,6.0,7.6,5.1,3.5,70.3
1257,A,1,0,9.4,6.0,6.9,4.4,61.2
1257,B,0,0,3.5,6.1,5.0,7.3,36.5
1257,C,0,0,7.1,4.6,4.4,5.1,35.3
1257,D,1,0,7.4,6.0,5.0,7.1,59.2
1258,A,1,0,8.0,3.0,5.8,6.2,55.0
1258,B,1,1,5.3,5.7,6.0,4.4,69.0
1258,C,0,0,7.0,4.7,4.2,5.5,35.7
1258,D,1,1,6.4,4.2,6.0,4.6,68.7
1259,A,0,1,9.2,8.0,8.7,6.0,69.8
1259,B,0,1,6.5,7.1,7.0,5.5,60.2
1259,C,0,0,6.0,3.4,6.1,6.3,36.3
1259,D,1,0,7.0,7.3,7.7,9.9,69.8
1260,A,0,0,6.3,7.3,5.9,4.0,39.2
1260,B,1,1,5.6,5.9,3.1,5.5,66.8
1260,C,0,0,4.4,5.6,5.4,7.4,38.0
1260,D,1,0,6.6,5.9,6.7,8.1,62.2
1261,A,0,0,5.7,4.5,6.4,8.0,41.0
1261,B,0,0,5.5,6.3,4.9,6.4,38.5
1261,C,0,0,5.6,3.9,4.2,6.6,33.8
1261,D,0,0,6.9,5.9,6.7,6.1,42.7
1262,A,0,0,7.0,6.4,5.3,4.5,38.7
1262,B,1,1,5.3,6.4,4.7,5.4,69.7
1262,C,1,0,3.6,5.6,4.6,7.2,51.7
1262,D,1,0,6.2,4.4,6.0,5.8,54.0
1263,A,1,0,5.3,5.4,5.5,6.8,55.0
1263,B,1,0,6.0,7.0,3.1,5.0,51.8
1263,C,1,0,7.4,5.6,4.8,4.3,53.5
1263,D,1,0,10,8.4,5.8,8.8,71.7
1264,A,0,1,8.9,2.8,7.5,6.5,59.5
1264,B,1,1,2.8,9.6,6.3,4.1,71.3
1264,C,0,0,4.9,6.4,6.8,5.0,38.5
1264,D,1,1,5.5,7.7,6.9,6.9,78.3
1265,A,0,1,7.8,5.3,7.0,5.4,59.2
1265,B,1,0,5.2,6.2,3.7,6.5,52.7
1265,C,1,1,7.3,4.3,6.6,7.3,75.8
1265,D,1,1,6.8,6.8,4.2,6.6,74.0
1266,A,0,1,5.7,3.2,9.6,5.4,56.5
1266,B,0,0,4.9,5.5,5.6,8.2,40.3
1266,C,1,0,6.8,6.1,7.0,5.7,59.3
1266,D,1,1,7.5,4.4,5.7,4.8,70.7
1267,A,1,0,5.6,5.4,6.4,5.4,54.7
1267,B,0,1,5.6,7.1,6.7,6.2,59.3
1267,C,1,0,5.6,6.4,6.0,5.6,56.0
1267,D,0,0,7.4,7.1,6.3,5.7,44.2
1268,A,0,0,6.3,3.9,6.7,5.1,36.7
1268,B,1,0,3.3,4.6,4.5,6.7,48.5
1268,C,0,0,5.4,6.1,5.3,5.5,37.2
1268,D,1,1,7.4,4.2,7.4,8.0,78.3
1269,A,1,1,5.4,5.1,5.6,6.4,70.8
1269,B,1,1,4.1,8.8,4.6,5.8,72.2
1269,C,0,0,7.6,3.2,5.7,5.3,36.3
1269,D,0,1,7.0,6.4,5.7,6.0,58.5
1270,A,1,0,6.1,6.2,7.1,8.3,62.8
1270,B,0,0,5.4,8.4,4.8,7.1,42.8
1270,C,0,0,5.4,2.8,5.0,5.8,31.7
1270,D,1,1,6.8,3.8,6.5,7.9,75.0
1271,A,0,0,8.1,3.8,6.3,3.2,35.7
1271,B,0,1,4.4,6.7,4.9,8.2,57.0
1271,C,1,0,3.9,4.9,3.8,7.7,50.5
1271,D,0,1,8.0,7.8,3.9,5.6,58.8
1272,A,0,1,5.6,3.4,8.1,5.2,53.8
1272,B,0,1,2.9,6.4,5.6,5.1,50.0
1272,C,0,0,5.4,8.1,5.0,5.1,39.3
1272,D,1,1,6.8,7.1,6.0,8.3,80.3
1273,A,0,0,5.2,2.8,8.7,5.1,36.3
1273,B,1,1,4.4,7.0,6.0,6.1,72.5
1273,C,0,0,5.4,4.7,7.6,4.5,37.0
1273,D,1,1,6.0,3.1,7.6,7.0,72.8
1274,A,1,1,7.5,4.3,7.3,5.3,74.0
1274,B,1,1,4.4,7.6,4.4,7.4,73.0
1274,C,1,1,3.6,7.6,7.0,5.5,72.8
1274,D,1,1,8.2,6.8,7.7,5.3,80.0
1275,A,0,1,6.5,6.1,6.0,8.4,61.7
1275,B,0,0,4.8,7.6,5.8,5.2,39.0
1275,C,1,0,7.6,1.2,4.5,4.6,46.5
1275,D,1,0,5.6,6.1,4.1,4.8,51.0
1276,A,0,0,5.8,5.6,5.3,5.9,37.7
1276,B,1,1,4.6,5.7,4.5,6.6,69.0
1276,C,1,0,6.5,6.4,5.9,3.9,54.5
1276,D,0,0,5.5,7.8,6.6,8.3,47.0
1277,A,1,0,8.0,3.6,6.8,4.3,54.5
1277,B,0,0,6.4,4.9,6.9,7.9,43.5
1277,C,0,0,5.3,8.2,4.3,4.4,37.0
1277,D,1,0,5.1,6.9,5.8,7.7,59.2
1278,A,0,0,8.4,5.8,7.0,4.4,42.7
1278,B,1,0,5.7,4.8,4.6,5.5,51.0
1278,C,0,1,4.0,4.4,6.5,6.2,51.8
1278,D,1,0,6.1,6.2,6.1,5.3,56.2
1279,A,0,0,7.7,2.3,8.0,5.7,39.5
1279,B,1,0,6.1,5.8,3.4,6.3,52.7
1279,C,1,1,4.1,7.5,7.2,6.6,75.7
1279,D,0,0,7.4,5.9,6.3,4.7,40.5
1280,A,0,0,6.4,6.0,4.2,5.2,36.3
1280,B,1,0,3.2,6.3,2.5,5.2,45.3
1280,C,0,1,5.1,3.1,6.5,5.2,49.8
1280,D,1,1,5.9,8.0,6.4,9.9,83.7
1281,A,0,0,9.9,3.2,6.2,5.9,42.0
1281,B,1,0,4.1,6.4,4.5,6.3,52.2
1281,C,1,1,6.6,3.2,5.0,6.2,68.3
1281,D,1,1,5.2,6.0,7.1,7.0,75.5
1282,A,1,0,5.1,5.8,7.2,5.3,55.7
1282,B,0,1,3.5,7.4,5.4,6.6,54.8
1282,C,0,0,7.5,5.2,7.5,6.0,43.7
1282,D,0,1,5.3,5.8,8.3,4.8,57.0
1283,A,0,1,5.5,4.4,5.4,6.9,53.7
1283,B,1,0,3.5,7.9,3.7,4.2,48.8
1283,C,0,0,6.8,5.4,8.1,7.4,46.2
1283,D,1,1,6.2,4.5,6.6,4.3,69.3
1284,A,0,0,6.0,2.7,8.7,6.0,39.0
1284,B,1,0,6.5,5.3,5.8,9.6,62.0
1284,C,1,0,6.6,4.5,6.0,4.2,52.2
1284,D,1,0,4.4,4.4,5.4,6.5,51.2
1285,A,1,0,5.2,4.2,8.7,7.1,58.7
1285,B,1,0,4.3,6.6,5.4,5.5,53.0
1285,C,0,0,5.7,3.0,7.5,5.8,36.7
1285,D,1,1,6.3,7.3,5.4,5.8,74.7
1286,A,1,1,5.8,3.9,6.0,5.2,68.2
1286,B,1,1,4.3,7.0,4.8,6.4,70.8
1286,C,0,0,5.4,3.2,4.4,5.7,31.2
1286,D,1,1,6.6,7.6,7.3,8.0,82.5
1287,A,0,0,4.4,4.7,9.2,6.1,40.7
1287,B,1,0,2.5,5.6,4.2,5.0,45.5
1287,C,1,0,4.3,5.9,9.0,5.5,57.8
1287,D,1,0,6.9,6.2,5.9,7.4,60.7
1288,A,0,0,8.4,4.8,6.5,5.7,42.3
1288,B,0,0,3.5,4.4,3.8,5.9,29.3
1288,C,1,0,6.4,4.3,6.6,6.5,56.3
1288,D,0,1,6.3,3.9,6.5,7.7,57.3
1289,A,0,1,9.2,3.8,7.9,4.1,58.3
1289,B,0,0,5.1,6.4,3.9,5.0,34.0
1289,C,0,0,5.0,5.0,5.9,5.6,35.8
1289,D,1,0,6.7,6.8,5.0,7.5,60.0
1290,A,1,0,7.9,4.4,4.0,5.6,53.2
1290,B,1,1,5.4,7.2,7.6,7.4,79.3
1290,C,1,0,5.0,4.2,8.8,6.5,57.5
1290,D,1,1,6.6,4.9,4.8,6.9,72.0
1291,A,0,1,4.9,3.5,8.2,4.0,51.0
1291,B,1,0,4.8,6.6,3.1,6.2,51.2
1291,C,1,0,5.9,4.8,5.3,3.4,49.0
1291,D,1,0,5.8,6.8,5.4,7.8,59.7
1292,A,0,1,6.3,6.0,5.5,5.5,55.5
1292,B,1,0,4.8,5.6,3.9,6.1,50.7
1292,C,0,0,7.5,1.4,6.3,5.1,33.8
1292,D,0,0,9.3,3.8,5.8,6.5,42.3
1293,A,0,1,6.8,4.8,6.6,5.8,56.7
1293,B,1,1,7.2,6.8,4.4,5.7,73.5
1293,C,1,0,4.6,2.7,5.7,5.6,47.7
1293,D,0,0,4.5,5.6,5.0,7.7,38.0
1294,A,1,1,6.3,4.7,6.9,6.3,73.7
1294,B,1,0,5.7,5.8,5.1,7.0,56.0
1294,C,1,0,7.4,5.9,5.5,6.1,58.2
1294,D,1,0,6.1,5.5,6.4,8.5,60.8
1295,A,1,0,9.1,3.6,7.5,6.9,61.8
1295,B,1,0,7.0,6.0,2.7,5.7,52.3
1295,C,0,0,4.9,4.3,6.2,4.1,32.5
1295,D,0,1,7.4,8.6,6.3,4.1,60.7
1296,A,1,0,8.7,4.9,4.3,5.9,56.3
1296,B,0,0,5.8,7.7,2.7,4.7,34.8
1296,C,0,1,6.4,4.1,4.1,9.5,56.8
1296,D,1,1,7.1,5.2,6.9,4.2,72.3
1297,A,1,0,6.2,4.6,6.4,5.4,54.3
1297,B,0,0,5.7,7.8,5.1,6.7,42.2
1297,C,1,1,6.4,6.0,6.8,3.9,71.8
1297,D,0,1,6.9,6.7,6.8,7.4,63.0
1298,A,1,0,5.4,3.5,8.0,6.2,55.2
1298,B,0,0,5.1,6.1,4.9,5.7,36.3
1298,C,0,0,5.0,6.9,9.1,6.3,45.5
1298,D,1,0,7.4,5.3,5.6,9.0,62.2
1299,A,0,0,7.0,2.0,4.2,6.5,32.8
1299,B,1,0,4.9,6.3,3.8,6.1,51.8
1299,C,1,0,6.9,4.7,6.8,4.8,55.3
1299,D,1,0,6.6,7.0,5.8,7.8,62.0
1300,A,0,0,5.8,4.7,6.1,6.1,37.8
1300,B,0,0,4.0,6.0,5.2,6.3,35.8
1300,C,0,1,8.2,6.7,6.5,4.1,59.2
1300,D,1,0,6.3,8.8,5.3,6.2,61.0
1301,A,0,0,3.4,3.2,4.3,7.0,29.8
1301,B,1,0,5.0,4.9,5.9,6.3,53.5
1301,C,0,1,6.1,5.1,7.0,7.5,59.5
1301,D,1,1,7.4,6.6,5.7,4.1,73.0
1302,A,0,1,8.4,5.0,5.7,6.4,59.2
1302,B,1,1,4.7,6.0,3.9,8.2,71.3
1302,C,1,0,6.7,2.9,5.8,6.1,52.5
1302,D,1,0,5.9,3.4,7.0,5.2,52.5
1303,A,0,0,6.7,5.4,6.0,6.0,40.2
1303,B,1,0,5.7,4.7,4.7,5.8,51.5
1303,C,0,0,4.8,6.5,8.2,4.8,40.5
1303,D,0,0,7.1,6.8,6.2,4.9,41.7
1304,A,1,0,6.0,3.7,8.1,5.4,55.3
1304,B,0,0,5.5,5.0,6.0,7.8,40.5
1304,C,0,0,8.1,3.7,7.4,5.5,41.2
1304,D,0,0,5.6,5.9,6.1,6.4,40.0
1305,A,0,1,5.6,1.4,7.0,4.1,46.8
1305,B,0,0,5.6,7.8,5.4,7.0,43.0
1305,C,1,0,7.5,4.9,4.0,5.5,53.2
1305,D,1,0,6.1,7.1,6.1,4.4,56.2
1306,A,1,0,7.3,5.3,6.5,4.6,56.2
1306,B,1,1,6.4,6.6,6.2,4.8,73.3
1306,C,0,1,3.9,4.5,6.5,5.0,49.8
1306,D,1,1,6.4,7.1,6.9,6.7,78.5
1307,A,0,1,4.6,3.4,8.0,6.9,54.8
1307,B,1,0,4.1,6.7,5.7,5.0,52.5
1307,C,1,0,7.1,4.3,6.9,5.8,56.8
1307,D,1,0,6.5,8.4,6.9,7.2,65.0
1308,A,1,0,6.0,5.6,6.2,5.5,55.5
1308,B,1,0,4.0,7.5,5.8,6.6,56.5
1308,C,1,0,6.6,5.1,7.7,6.8,60.3
1308,D,1,0,5.8,6.2,5.1,5.7,54.7
1309,A,1,1,5.3,4.5,7.9,7.5,75.3
1309,B,1,0,4.1,4.0,3.5,4.8,44.0
1309,C,0,0,8.7,4.8,4.7,7.6,43.0
1309,D,0,0,6.7,7.5,3.1,6.9,40.3
1310,A,1,0,7.9,3.5,5.4,4.2,51.7
1310,B,0,1,5.4,3.7,5.0,5.7,49.7
1310,C,1,1,6.6,7.7,7.2,5.3,78.0
1310,D,1,0,5.7,5.5,6.4,5.9,55.8
1311,A,0,0,7.3,3.6,6.9,6.2,40.0
1311,B,0,0,3.5,7.6,3.1,5.0,32.0
1311,C,1,0,7.4,6.4,5.6,4.8,57.0
1311,D,1,1,7.7,7.1,5.8,5.0,76.0
1312,A,1,0,6.5,4.3,7.3,8.8,61.5
1312,B,0,0,2.5,7.0,3.9,5.7,31.8
1312,C,0,0,4.6,4.6,7.2,5.5,36.5
1312,D,1,0,5.8,5.9,5.7,5.3,54.5
1313,A,1,0,7.0,5.4,7.2,6.3,59.8
1313,B,1,0,6.9,7.9,5.4,7.7,63.2
1313,C,1,0,4.3,6.0,5.8,5.0,51.8
1313,D,0,1,7.0,6.2,4.3,6.7,57.0
1314,A,0,0,7.9,6.1,8.5,6.5,48.3
1314,B,0,0,4.9,9.0,4.7,5.2,39.7
1314,C,0,0,6.8,2.8,8.2,3.8,36.0
1314,D,1,1,5.4,5.4,5.6,5.6,70.0
1315,A,0,0,6.9,1.9,7.9,6.6,38.8
1315,B,0,0,3.0,5.9,5.3,4.8,31.7
1315,C,0,0,6.2,5.7,5.9,6.0,39.7
1315,D,0,0,7.0,6.4,5.4,7.2,43.3
1316,A,0,0,6.4,5.8,7.4,5.2,41.3
1316,B,1,1,4.7,5.9,7.0,4.9,70.8
1316,C,0,1,5.4,7.0,6.1,4.9,55.7
1316,D,1,1,6.2,7.8,5.4,3.9,72.2
1317,A,0,0,7.3,1.5,5.5,5.3,32.7
1317,B,0,1,3.5,5.4,5.8,4.1,48.0
1317,C,0,0,4.8,2.3,4.1,7.2,30.7
1317,D,0,0,4.3,5.8,7.0,8.3,42.3
1318,A,0,1,6.8,5.8,4.8,6.2,56.0
1318,B,1,1,1.6,6.4,4.5,6.7,65.3
1318,C,0,0,7.0,5.8,6.1,4.6,39.2
1318,D,1,1,5.4,4.9,8.8,7.9,78.3
1319,A,0,0,6.5,5.4,4.5,4.7,35.2
1319,B,0,1,4.1,6.5,3.7,7.3,52.7
1319,C,1,0,2.1,4.5,6.7,6.6,49.8
1319,D,0,1,5.3,3.8,5.0,6.0,50.2
1320,A,1,0,3.4,2.5,6.5,5.8,47.0
1320,B,0,1,5.2,6.4,4.3,6.6,54.2
1320,C,1,1,6.4,6.5,5.6,4.1,71.0
1320,D,1,0,5.4,7.0,6.9,7.0,60.5
1321,A,0,0,7.7,3.2,8.5,5.9,42.2
1321,B,0,0,4.7,5.5,4.8,7.2,37.0
1321,C,1,0,4.3,5.3,7.8,6.7,56.8
1321,D,0,1,8.3,6.5,5.6,6.3,61.2
1322,A,0,0,6.4,1.7,5.6,3.7,29.0
1322,B,1,0,5.1,7.6,5.1,6.6,57.3
1322,C,1,1,5.7,6.0,3.6,7.2,70.8
1322,D,1,1,8.4,5.3,6.7,6.2,77.7
1323,A,0,0,8.7,3.7,8.4,4.3,41.8
1323,B,1,1,4.3,5.6,3.7,4.9,64.2
1323,C,1,0,6.0,4.3,8.5,4.2,55.0
1323,D,1,1,8.8,5.1,7.1,4.4,75.7
1324,A,1,0,6.9,4.4,6.6,6.0,56.5
1324,B,0,1,4.0,7.3,5.0,5.8,53.5
1324,C,1,0,9.1,7.1,6.0,4.0,60.3
1324,D,1,1,6.8,5.4,6.4,7.6,77.0
1325,A,0,0,8.3,3.4,8.0,3.4,38.5
1325,B,1,1,7.2,7.2,5.3,5.5,75.3
1325,C,0,0,4.0,5.1,9.6,6.2,41.5
1325,D,0,1,6.4,6.4,7.2,5.9,59.8
1326,A,1,0,7.7,3.2,8.4,3.8,55.2
1326,B,1,0,5.1,5.5,3.9,7.5,53.3
1326,C,1,0,6.2,5.0,4.1,7.4,54.5
1326,D,0,1,6.2,6.1,5.0,9.8,61.8
1327,A,1,1,2.9,5.7,6.9,6.0,69.2
1327,B,0,1,5.8,6.7,5.6,5.6,56.2
1327,C,0,0,4.6,2.2,7.6,5.8,33.7
1327,D,1,1,7.8,6.4,8.0,6.6,81.3
1328,A,0,1,7.5,6.3,6.7,6.1,61.0
1328,B,1,1,6.6,7.5,4.5,6.9,75.8
1328,C,0,1,4.4,2.9,7.6,5.9,51.3
1328,D,0,1,7.7,5.8,7.1,7.3,63.2
1329,A,1,0,5.6,3.1,6.5,6.0,52.0
1329,B,0,0,4.2,6.5,5.0,6.1,36.3
1329,C,0,0,4.6,7.2,7.8,5.0,41.0
1329,D,1,1,4.5,8.9,4.5,5.8,72.8
1330,A,1,1,8.2,3.4,7.6,6.6,76.3
1330,B,0,1,3.9,8.1,5.9,6.1,56.7
1330,C,1,1,6.7,5.3,5.9,3.3,68.7
1330,D,0,0,7.3,5.0,3.9,5.4,36.0
1331,A,0,0,4.2,5.7,9.5,4.0,39.0
1331,B,1,0,5.7,6.5,1.7,5.9,49.7
1331,C,0,0,5.9,4.6,5.9,2.7,31.8
1331,D,1,0,6.2,5.3,4.3,5.0,51.3
1332,A,1,0,7.5,7.4,7.2,3.8,59.8
1332,B,1,1,6.4,8.0,4.5,4.9,73.0
1332,C,1,0,4.1,5.0,5.1,4.4,47.7
1332,D,1,1,8.3,7.1,6.8,7.2,82.3
1333,A,0,0,7.6,5.4,6.5,6.6,43.5
1333,B,0,1,1.9,5.0,4.2,5.8,44.8
1333,C,1,0,6.3,5.8,6.6,4.5,55.3
1333,D,0,1,5.2,7.2,4.4,5.6,54.0
1334,A,0,0,8.3,4.3,6.7,4.8,40.2
1334,B,1,0,4.2,6.2,5.6,5.4,52.3
1334,C,1,0,4.7,6.0,6.9,4.0,52.7
1334,D,0,1,5.6,4.9,6.1,5.3,53.2
1335,A,1,0,4.4,5.8,4.6,7.7,54.2
1335,B,0,0,3.0,6.5,4.5,5.1,31.8
1335,C,0,1,5.2,5.4,6.6,8.8,60.0
1335,D,1,0,6.8,8.3,6.8,7.5,65.7
1336,A,1,0,7.5,4.5,6.4,5.5,56.5
1336,B,1,0,3.8,8.0,6.9,6.3,58.3
1336,C,1,1,3.2,5.1,6.7,7.5,70.8
1336,D,1,0,9.9,5.8,5.4,8.4,65.8
1337,A,1,1,7.6,3.9,7.9,4.7,73.5
1337,B,1,0,5.3,8.3,4.1,5.0,54.5
1337,C,1,1,6.8,6.6,6.3,6.2,76.5
1337,D,1,1,6.0,5.4,5.8,2.5,66.2
1338,A,1,0,6.5,3.8,6.8,5.9,55.0
1338,B,0,1,5.5,6.6,3.9,5.6,52.7
1338,C,1,0,3.3,2.3,4.5,5.0,41.8
1338,D,1,0,5.8,6.1,4.9,7.7,57.5
1339,A,1,0,4.5,2.2,4.7,4.7,43.5
1339,B,0,0,6.4,8.2,5.1,6.3,43.3
1339,C,0,0,3.6,2.9,7.6,6.9,35.0
1339,D,1,0,5.7,5.6,6.1,8.0,59.0
1340,A,1,0,6.7,5.0,7.2,3.3,53.7
1340,B,0,0,5.4,6.2,4.6,5.6,36.3
1340,C,0,0,4.4,4.9,7.9,4.8,36.7
1340,D,1,1,6.6,6.2,6.5,5.4,74.5
1341,A,0,1,5.9,5.1,7.0,6.9,58.2
1341,B,1,0,4.6,8.3,6.2,7.1,60.3
1341,C,0,0,5.9,3.4,5.5,7.7,37.5
1341,D,0,1,6.9,5.4,6.0,8.0,60.5
1342,A,1,0,6.5,4.8,5.9,7.2,57.3
1342,B,0,0,6.9,5.8,5.4,4.2,37.2
1342,C,1,0,5.0,5.8,7.8,6.9,59.2
1342,D,1,0,8.0,6.9,6.0,6.1,61.7
1343,A,0,0,6.7,6.8,5.9,6.6,43.3
1343,B,1,0,3.5,7.1,4.4,7.5,54.2
1343,C,1,0,5.3,4.8,6.5,5.4,53.3
1343,D,0,0,8.2,6.0,2.4,5.3,36.5
1344,A,0,0,6.1,5.7,6.9,7.0,42.8
1344,B,1,0,8.0,6.7,7.4,6.3,64.0
1344,C,1,0,6.2,5.3,4.7,5.2,52.3
1344,D,1,1,6.0,5.9,7.2,5.0,73.5
1345,A,0,0,5.2,7.9,7.1,5.1,42.2
1345,B,0,0,4.3,7.6,4.1,6.4,37.3
1345,C,0,0,6.1,5.2,5.4,6.4,38.5
1345,D,0,0,6.3,5.3,5.2,7.4,40.3
1346,A,1,1,5.7,4.4,6.4,6.9,72.3
1346,B,0,0,5.2,7.9,5.5,6.2,41.3
1346,C,1,0,5.3,4.2,4.6,6.9,51.7
1346,D,1,1,6.7,5.9,6.3,6.4,75.5
1347,A,0,0,4.3,5.9,6.9,4.1,35.3
1347,B,1,1,4.1,4.8,3.8,6.9,66.0
1347,C,0,1,8.3,3.1,7.6,5.6,57.7
1347,D,1,1,5.0,7.7,6.5,8.1,78.8
1348,A,0,0,7.0,4.6,6.6,6.1,40.5
1348,B,0,1,6.1,7.7,5.3,6.6,59.5
1348,C,0,0,3.4,4.6,5.9,5.8,32.8
1348,D,1,1,6.3,5.4,6.1,6.4,73.7
1349,A,1,0,9.4,4.7,10,5.4,65.8
1349,B,0,1,6.5,4.0,5.0,7.3,54.7
1349,C,1,0,6.0,5.0,6.7,4.0,52.8
1349,D,1,0,7.8,7.4,6.1,6.7,63.3
1350,A,0,0,4.8,3.8,6.8,5.3,34.5
1350,B,0,1,4.1,6.0,4.2,7.5,53.0
1350,C,0,0,5.0,5.1,7.7,5.9,39.5
1350,D,0,0,7.8,3.8,5.4,6.5,39.2
1351,A,0,0,6.4,3.2,7.7,5.4,37.8
1351,B,1,0,4.1,8.8,4.0,5.3,53.7
1351,C,1,0,8.0,4.7,7.4,5.7,59.7
1351,D,1,0,6.6,5.1,6.2,9.0,61.5
1352,A,1,1,6.4,3.0,7.2,6.1,71.2
1352,B,1,0,2.5,7.4,3.4,5.8,48.5
1352,C,0,1,6.4,1,8.2,6.6,53.7
1352,D,0,0,7.3,8.4,8.3,8.5,54.2
1353,A,1,1,6.6,5.0,6.0,6.3,73.2
1353,B,1,0,6.0,8.1,2.4,6.0,54.2
1353,C,0,1,6.1,6.6,4.7,8.3,59.5
1353,D,1,1,6.4,8.5,5.7,7.5,80.2
1354,A,0,1,6.4,3.6,7.0,3.5,50.8
1354,B,0,0,3.2,8.3,4.3,4.8,34.3
1354,C,0,0,4.6,5.0,8.6,5.3,39.2
1354,D,1,1,7.1,7.2,6.8,5.7,78.0
1355,A,0,0,5.3,3.9,7.8,7.4,40.7
1355,B,1,0,5.5,5.9,6.1,5.3,54.7
1355,C,0,1,4.5,5.2,5.6,5.7,51.7
1355,D,0,1,7.2,3.5,5.7,8.4,58.0
1356,A,0,0,7.2,2.2,5.5,6.6,35.8
1356,B,0,0,3.1,6.5,4.9,7.5,36.7
1356,C,0,0,6.1,2.6,6.0,6.4,35.2
1356,D,0,1,6.7,7.0,8.0,8.3,66.7
1357,A,0,1,7.0,3.8,8.5,5.2,57.5
1357,B,0,1,2.6,4.4,4.5,6.2,46.2
1357,C,0,0,6.6,2.8,5.8,4.9,33.5
1357,D,1,0,6.4,6.0,5.4,7.2,58.3
1358,A,0,0,4.4,3.1,5.4,3.9,28.0
1358,B,0,0,5.9,7.0,5.2,6.9,41.7
1358,C,0,0,9.9,3.8,5.8,7.7,45.3
1358,D,1,0,6.0,7.7,6.7,6.5,61.5
1359,A,0,0,6.6,3.9,5.2,6.0,36.2
1359,B,1,1,2.4,9.0,6.0,7.5,74.8
1359,C,0,0,5.1,4.2,2.8,6.0,30.2
1359,D,1,1,6.3,5.5,5.1,9.3,77.0
1360,A,0,0,5.4,5.5,5.3,6.6,38.0
1360,B,1,0,8.5,5.7,5.5,6.2,59.8
1360,C,0,0,7.7,2.9,6.4,5.2,37.0
1360,D,0,0,8.2,4.0,6.5,4.0,37.8
1361,A,0,0,3.6,2.7,8.1,4.7,31.8
1361,B,0,0,2.8,7.4,2.8,6.0,31.7
1361,C,0,0,7.0,4.4,4.3,4.7,34.0
1361,D,1,0,7.3,6.8,7.1,9.3,67.5
1362,A,0,0,6.2,3.6,6.6,5.3,36.2
1362,B,0,1,6.4,7.0,4.7,5.0,55.2
1362,C,1,0,7.0,5.5,7.6,4.1,57.0
1362,D,0,0,3.9,5.5,6.6,5.6,36.0
1363,A,1,0,7.1,4.6,7.1,5.8,57.7
1363,B,1,0,3.9,5.6,1.9,7.5,48.2
1363,C,1,1,5.8,5.2,4.1,6.2,68.8
1363,D,1,1,4.3,7.2,4.5,5.9,69.8
1364,A,1,0,5.9,5.7,9.0,8.2,64.7
1364,B,1,0,5.5,5.8,4.8,6.6,54.5
1364,C,1,1,6.1,3.1,5.2,7.8,70.3
1364,D,0,1,5.6,6.4,6.1,5.6,56.2
1365,A,1,0,5.9,5.9,5.7,9.8,62.2
1365,B,0,0,6.0,7.2,4.0,5.7,38.2
1365,C,1,0,6.3,7.6,6.7,4.9,59.2
1365,D,0,1,6.6,6.0,5.0,8.2,59.7
1366,A,0,1,6.8,4.2,8.8,5.2,58.3
1366,B,1,1,4.1,5.1,3.2,4.8,62.0
1366,C,1,0,5.3,2.9,7.4,4.4,50.0
1366,D,1,1,5.9,6.9,6.5,6.8,76.8
1367,A,1,0,7.3,3.7,6.9,5.9,56.3
1367,B,1,0,5.3,6.1,3.6,7.2,53.7
1367,C,0,1,5.8,4.4,4.5,6.6,52.2
1367,D,1,0,3.9,6.3,4.9,6.6,52.8
1368,A,0,0,7.0,4.8,5.8,5.2,38.0
1368,B,1,1,6.9,5.5,3.4,7.0,71.3
1368,C,1,0,4.4,6.6,4.9,4.7,51.0
1368,D,1,1,5.4,7.1,5.3,6.3,73.5
1369,A,0,0,8.5,5.2,6.6,7.3,46.0
1369,B,1,0,5.6,5.4,4.7,6.4,53.5
1369,C,0,1,5.5,6.0,6.2,4.6,53.8
1369,D,1,1,8.4,4.6,7.1,3.0,71.8
1370,A,1,0,7.6,4.8,5.5,5.3,55.3
1370,B,0,0,6.8,6.0,3.7,8.0,40.8
1370,C,1,0,5.9,4.9,5.5,4.9,52.0
1370,D,1,1,4.7,5.1,5.7,5.4,68.2
1371,A,0,0,9.2,4.4,8.9,5.5,46.7
1371,B,0,1,6.7,6.0,3.9,6.2,54.7
1371,C,1,0,7.2,5.4,6.0,3.1,52.8
1371,D,1,0,7.1,7.3,6.6,6.7,62.8
1372,A,0,0,7.7,5.8,5.6,6.0,41.8
1372,B,0,0,3.9,5.0,3.9,4.8,29.3
1372,C,1,1,6.0,3.9,5.3,8.2,72.3
1372,D,0,1,6.6,7.2,7.6,6.2,62.7
1373,A,0,0,7.2,3.4,6.6,3.4,34.3
1373,B,0,0,3.5,5.4,4.9,7.3,35.2
1373,C,1,0,6.0,5.6,5.5,5.8,54.8
1373,D,1,1,5.7,5.5,7.4,8.5,78.5
1374,A,0,0,8.0,5.0,6.3,3.0,37.2
1374,B,1,0,6.0,7.9,2.8,5.5,53.7
1374,C,1,0,6.8,4.7,5.2,6.6,55.5
1374,D,1,1,3.8,6.6,7.3,6.4,73.5
1375,A,0,1,6.0,4.1,9.1,5.4,57.7
1375,B,1,1,5.8,5.2,5.1,6.1,70.3
1375,C,0,0,6.2,6.0,6.9,8.4,45.8
1375,D,1,0,3.8,6.0,4.0,8.7,54.2
1376,A,1,1,9.1,6.6,6.6,5.8,80.2
1376,B,0,1,5.4,6.9,1,7.1,50.7
1376,C,0,0,7.3,5.5,4.2,3.5,34.2
1376,D,1,1,5.1,4.5,7.2,6.3,71.8
1377,A,1,0,5.9,4.5,5.2,3.7,48.8
1377,B,1,1,3.8,8.8,4.8,7.3,74.5
1377,C,0,1,6.7,3.8,6.9,5.9,55.5
1377,D,0,1,4.3,4.8,5.8,6.5,52.3
1378,A,1,0,6.1,6.1,6.9,6.5,59.3
1378,B,1,1,5.1,4.8,6.2,5.6,69.5
1378,C,0,0,8.2,6.7,3.4,5.2,39.2
1378,D,1,1,7.7,8.8,6.4,9.2,86.8
1379,A,0,1,6.6,6.8,5.5,3.6,54.2
1379,B,1,1,6.3,7.9,3.3,4.9,70.7
1379,C,0,1,5.4,3.0,6.3,4.7,49.0
1379,D,0,0,4.5,6.6,6.8,7.6,42.5
1380,A,1,0,7.3,3.6,6.8,3.6,52.2
1380,B,0,0,4.4,6.3,4.0,4.7,32.3
1380,C,1,1,3.6,6.7,8.3,4.9,72.5
1380,D,1,1,6.3,7.5,8.1,8.0,83.2
1381,A,0,0,5.3,5.6,5.0,5.6,35.8
1381,B,1,0,5.4,7.6,4.3,4.4,52.8
1381,C,0,0,5.7,5.2,4.3,6.0,35.3
1381,D,1,1,6.5,6.5,8.5,7.9,82.3
1382,A,1,0,3.1,6.4,6.7,6.3,54.2
1382,B,1,1,5.8,7.0,5.4,6.0,73.7
1382,C,1,0,6.4,4.7,5.4,4.5,51.7
1382,D,1,1,6.7,6.1,5.0,5.2,71.7
1383,A,1,0,6.7,6.5,6.9,4.7,58.0
1383,B,0,0,6.1,5.2,4.9,6.6,38.0
1383,C,1,0,5.6,4.7,4.7,5.9,51.5
1383,D,0,1,3.3,5.4,6.8,5.9,52.3
1384,A,0,1,7.4,6.7,6.6,6.3,61.7
1384,B,1,0,5.6,6.3,4.7,7.8,57.3
1384,C,1,0,5.4,6.8,7.2,5.9,58.8
1384,D,1,1,5.4,7.7,4.4,9.1,77.7
1385,A,1,0,7.4,6.3,6.7,4.2,57.7
1385,B,1,1,3.1,7.0,6.2,5.1,69.0
1385,C,1,0,6.0,7.0,4.8,4.8,54.3
1385,D,0,1,5.7,5.3,6.2,4.8,53.3
1386,A,1,0,6.1,4.5,7.9,4.4,54.8
1386,B,1,0,5.2,8.9,4.2,5.8,56.8
1386,C,0,0,5.5,4.7,6.3,4.9,35.7
1386,D,1,0,7.7,6.9,7.5,5.2,62.2
1387,A,1,0,7.2,3.3,5.8,5.5,53.0
1387,B,1,0,5.2,8.0,3.2,8.6,58.3
1387,C,1,0,5.6,4.8,6.2,5.3,53.2
1387,D,1,0,6.7,8.2,8.1,4.5,62.5
1388,A,0,0,5.8,3.5,5.7,4.2,32.0
1388,B,1,0,6.0,5.9,4.1,6.5,54.2
1388,C,1,0,4.6,3.9,3.5,5.7,46.2
1388,D,1,1,7.0,5.8,4.9,6.1,73.0
1389,A,1,0,8.0,4.6,6.3,6.1,58.3
1389,B,0,1,5.0,7.2,5.8,5.4,55.7
1389,C,0,1,6.0,6.1,4.3,5.1,52.5
1389,D,0,0,7.7,5.6,6.0,6.4,42.8
1390,A,1,0,6.7,4.5,6.6,3.9,52.8
1390,B,1,1,5.7,6.9,5.8,5.9,73.8
1390,C,1,0,4.9,6.4,7.0,4.1,54.0
1390,D,0,1,6.6,6.8,5.2,6.4,58.3
1391,A,1,0,7.4,4.2,6.6,6.7,58.2
1391,B,1,1,4.1,7.1,5.0,5.9,70.2
1391,C,0,0,7.1,6.0,7.3,4.8,42.0
1391,D,0,1,5.9,5.9,5.7,6.2,56.2
1392,A,1,1,4.7,4.4,6.3,7.5,71.5
1392,B,1,1,4.3,6.8,2.4,6.4,66.5
1392,C,1,0,7.6,3.1,7.7,3.7,53.5
1392,D,1,1,8.3,5.0,5.4,7.6,77.2
1393,A,1,0,6.1,3.7,6.5,2.2,47.5
1393,B,0,1,5.9,5.6,4.9,5.9,53.8
1393,C,0,0,5.2,4.8,6.7,5.6,37.2
1393,D,0,1,6.6,5.2,4.2,5.3,52.2
1394,A,0,0,6.8,6.1,7.4,6.9,45.3
1394,B,1,1,4.3,5.7,4.5,6.8,68.8
1394,C,1,1,5.4,5.8,3.7,4.0,64.8
1394,D,1,0,7.9,6.9,6.6,6.6,63.3
1395,A,0,0,8.2,4.9,7.9,5.2,43.7
1395,B,1,1,5.2,6.1,3.7,4.8,66.3
1395,C,0,1,3.5,6.1,4.4,5.7,49.5
1395,D,1,0,7.1,7.8,6.4,6.2,62.5
1396,A,0,0,5.6,4.0,5.4,5.3,33.8
1396,B,0,0,5.6,7.8,3.9,6.8,40.2
1396,C,0,1,7.4,3.7,7.1,6.3,57.5
1396,D,1,0,5.9,6.2,6.7,5.5,57.2
1397,A,1,0,6.2,3.5,6.2,5.1,51.7
1397,B,0,1,5.1,6.2,3.9,5.9,51.8
1397,C,1,1,2.7,5.3,5.5,2.4,59.8
1397,D,1,0,7.9,5.7,5.7,6.5,59.7
1398,A,1,1,7.3,4.1,6.3,5.6,72.2
1398,B,1,1,6.4,7.1,4.3,6.4,73.7
1398,C,0,1,5.6,4.8,4.6,7.2,53.7
1398,D,0,1,7.2,5.8,6.0,7.1,60.2
1399,A,0,1,9.6,3.7,8.4,5.6,62.2
1399,B,0,1,5.2,8.4,5.9,5.6,58.5
1399,C,0,1,7.6,5.9,5.5,6.8,59.7
1399,D,0,0,5.2,6.5,6.3,8.4,44.0
1400,A,0,1,6.5,5.4,6.9,5.7,57.5
1400,B,1,0,5.2,5.1,5.7,5.0,51.7
1400,C,0,1,4.2,6.9,4.7,9.2,58.3
1400,D,1,0,8.0,5.6,6.7,7.7,63.3
1401,A,1,0,8.7,3.4,5.2,5.6,54.8
1401,B,1,1,6.5,5.6,6.7,7.2,76.7
1401,C,0,0,5.3,2.5,7.6,4.9,33.8
1401,D,1,0,5.4,5.2,6.8,6.8,57.0
1402,A,1,0,5.3,4.5,6.0,7.5,55.5
1402,B,0,1,4.7,6.0,2.1,5.2,46.7
1402,C,1,1,5.9,5.3,5.1,6.8,71.8
1402,D,0,1,5.5,5.5,7.6,7.0,59.3
1403,A,0,1,6.2,7.1,3.9,4.1,52.2
1403,B,0,0,3.7,8.8,6.0,6.9,42.3
1403,C,1,0,6.1,5.6,5.7,6.5,56.5
1403,D,1,1,6.9,6.2,7.7,8.3,81.8
1404,A,0,0,7.6,5.6,7.0,4.4,41.0
1404,B,1,0,4.0,6.7,2.8,4.6,46.8
1404,C,0,0,4.8,6.0,6.9,6.0,39.5
1404,D,0,1,6.6,7.0,6.8,7.3,62.8
1405,A,0,0,6.4,6.0,6.3,4.2,38.2
1405,B,1,1,7.1,7.0,5.8,6.0,76.5
1405,C,1,0,3.2,6.7,6.4,7.3,56.0
1405,D,0,1,7.8,7.4,5.0,5.5,59.5
1406,A,1,0,6.5,6.2,6.6,6.6,59.8
1406,B,0,1,4.0,5.7,5.6,8.4,56.2
1406,C,0,0,7.7,5.3,7.4,6.2,44.3
1406,D,1,1,5.3,7.9,7.2,8.9,82.2
1407,A,0,1,6.6,4.3,7.1,5.8,56.3
1407,B,0,1,3.8,7.7,1.5,6.3,48.8
1407,C,0,0,7.1,6.5,5.9,4.3,39.7
1407,D,1,0,6.7,9.7,6.5,5.8,64.5
1408,A,1,1,6.5,2.8,8.1,6.2,72.7
1408,B,0,0,5.2,8.4,4.7,8.4,44.5
1408,C,0,0,5.9,5.0,5.5,3.7,33.5
1408,D,1,0,4.9,6.9,6.4,7.5,59.5
1409,A,0,0,5.3,3.5,5.7,7.8,37.2
1409,B,0,0,4.0,5.6,3.8,3.6,28.3
1409,C,1,0,8.3,4.1,4.8,6.9,56.8
1409,D,0,1,6.9,7.2,5.4,7.6,61.8
1410,A,1,0,6.1,3.1,6.1,5.0,50.5
1410,B,0,0,5.4,6.3,5.5,6.7,39.8
1410,C,0,0,5.6,4.5,5.2,6.5,36.3
1410,D,1,1,6.2,6.0,8.2,7.4,79.7
1411,A,1,0,5.5,5.3,6.0,4.2,51.7
1411,B,1,0,5.5,5.2,5.1,5.2,51.7
1411,C,0,0,6.5,3.7,5.6,4.3,33.5
1411,D,1,1,6.5,8.2,6.3,6.8,79.7
1412,A,1,0,6.4,6.1,6.4,5.3,57.0
1412,B,0,1,5.6,4.1,5.1,6.8,52.7
1412,C,1,0,6.6,5.9,7.3,5.3,58.5
1412,D,1,0,7.1,6.4,6.6,7.9,63.3
1413,A,1,0,5.9,6.1,7.8,5.7,59.2
1413,B,0,1,3.2,6.8,6.1,4.4,50.8
1413,C,0,0,8.5,2.8,7.1,6.1,40.8
1413,D,1,1,7.9,4.3,6.6,6.7,75.8
1414,A,0,0,6.3,3.1,7.9,7.2,40.8
1414,B,1,0,6.2,7.2,4.1,7.1,57.7
1414,C,0,0,7.1,6.5,6.9,6.5,45.0
1414,D,1,0,6.6,5.3,6.7,5.2,56.3
1415,A,1,1,6.0,5.2,6.9,5.7,73.0
1415,B,1,1,3.9,8.9,4.0,7.1,73.2
1415,C,0,0,6.4,4.3,5.8,7.1,39.3
1415,D,0,0,7.5,5.7,6.5,7.3,45.0
1416,A,0,1,7.4,3.1,3.7,7.7,53.2
1416,B,0,0,5.3,5.3,6.8,6.4,39.7
1416,C,1,1,4.4,6.1,7.1,2.3,66.5
1416,D,0,1,5.6,6.6,5.0,7.3,57.5
1417,A,0,0,5.3,3.6,8.1,5.7,37.8
1417,B,1,0,5.3,5.4,3.3,5.3,48.8
1417,C,1,0,5.1,5.5,5.6,5.7,53.2
1417,D,0,0,6.7,6.4,5.8,7.4,43.8
1418,A,0,0,5.6,4.5,6.8,7.6,40.8
1418,B,1,1,4.9,9.8,5.2,6.0,76.5
1418,C,0,0,3.4,4.3,4.4,3.6,26.2
1418,D,0,0,6.1,5.6,6.1,6.0,39.7
1419,A,0,0,4.2,4.2,6.9,4.2,32.5
1419,B,0,0,6.9,7.7,5.1,5.0,41.2
1419,C,0,1,5.4,5.6,7.1,5.4,55.8
1419,D,0,0,6.0,3.9,5.2,6.1,35.3
1420,A,0,1,8.5,2.6,7.7,8.2,61.7
1420,B,1,0,4.2,6.1,7.7,5.3,55.5
1420,C,1,0,5.1,6.1,4.8,6.8,54.7
1420,D,1,0,6.9,5.8,6.0,5.6,57.2
1421,A,0,0,6.3,3.8,7.6,5.7,39.0
1421,B,1,0,4.2,7.6,3.8,5.7,52.2
1421,C,1,0,5.6,6.6,5.7,4.4,53.8
1421,D,1,0,6.7,6.3,6.0,6.4,59.0
1422,A,1,1,6.6,4.7,9.7,6.3,78.8
1422,B,1,1,4.7,4.7,5.2,8.1,71.2
1422,C,0,0,5.5,4.1,6.6,4.8,35.0
1422,D,1,0,6.8,5.9,6.8,5.5,58.3
1423,A,0,0,8.4,5.2,6.6,4.2,40.7
1423,B,0,0,4.7,7.6,4.4,7.2,39.8
1423,C,0,0,6.6,5.3,6.2,9.1,45.3
1423,D,1,1,6.0,5.3,4.5,8.0,73.0
1424,A,0,1,8.9,4.0,7.2,5.6,59.5
1424,B,0,1,4.4,5.6,4.8,7.9,54.5
1424,C,0,1,4.7,4.7,7.3,5.7,54.0
1424,D,1,0,5.4,6.3,7.0,8.5,62.0
1425,A,1,0,4.4,3.2,5.8,6.6,50.0
1425,B,0,0,4.2,6.6,5.1,5.7,36.0
1425,C,0,0,4.0,6.7,4.9,6.0,36.0
1425,D,0,0,5.3,8.0,3.8,7.5,41.0
1426,A,1,0,5.7,4.0,7.7,3.7,51.8
1426,B,0,0,7.4,7.8,3.5,8.9,46.0
1426,C,0,0,5.4,6.1,5.3,4.1,34.8
1426,D,1,0,2.8,7.8,6.6,5.5,54.5
1427,A,0,0,6.9,2.3,4.1,5.7,31.7
1427,B,1,0,6.4,7.6,5.7,5.7,59.0
1427,C,1,0,5.4,6.3,7.1,4.1,54.8
1427,D,0,0,6.4,7.6,2.5,6.5,38.3
1428,A,0,0,8.7,4.6,7.3,3.1,39.5
1428,B,0,0,2.7,5.1,5.3,8.1,35.3
1428,C,0,1,5.1,3.6,7.6,4.7,51.7
1428,D,1,1,7.2,5.4,7.9,8.0,80.8
1429,A,1,1,6.0,2.4,5.2,5.7,65.5
1429,B,1,0,4.9,5.9,2.2,6.1,48.5
1429,C,1,0,6.4,3.5,8.8,5.1,56.3
1429,D,1,1,5.1,4.1,8.2,7.7,75.2
1430,A,0,0,7.8,4.2,9.7,4.1,43.0
1430,B,0,1,6.5,6.2,4.6,8.0,58.8
1430,C,0,0,4.6,4.9,6.8,6.5,38.0
1430,D,1,1,6.5,6.5,8.7,6.5,80.3
1431,A,0,0,6.0,5.3,5.7,6.5,39.2
1431,B,1,0,5.2,5.6,5.9,7.8,57.5
1431,C,0,1,5.8,6.0,6.1,5.6,55.8
1431,D,0,1,5.5,7.2,8.1,7.1,63.2
1432,A,1,0,7.1,4.9,5.9,7.6,59.2
1432,B,1,1,2.7,7.7,4.9,5.2,67.5
1432,C,0,0,7.5,3.7,8.2,6.0,42.3
1432,D,0,1,7.6,5.5,3.8,6.3,55.3
1433,A,1,1,7.7,6.7,6.7,4.5,76.0
1433,B,1,0,4.4,7.4,3.8,4.8,50.7
1433,C,1,0,3.9,4.7,7.1,5.9,52.7
1433,D,0,0,8.5,6.8,5.3,5.0,42.7
1434,A,1,0,7.9,2.8,6.9,3.7,52.2
1434,B,1,0,4.6,5.7,3.7,5.4,49.0
1434,C,0,0,7.9,4.7,4.0,7.4,40.0
1434,D,0,1,5.1,6.5,7.3,6.6,59.2
1435,A,1,0,7.3,4.6,6.4,5.3,56.0
1435,B,1,0,5.4,6.8,5.1,5.7,55.0
1435,C,0,0,5.1,3.6,3.5,6.7,31.5
1435,D,1,1,7.1,7.1,5.5,7.5,78.7
1436,A,0,0,7.3,5.2,6.2,5.6,40.5
1436,B,1,0,4.1,7.6,5.8,4.9,54.0
1436,C,1,0,9.3,5.0,7.2,6.7,63.7
1436,D,0,1,6.5,7.0,6.5,7.1,61.8
1437,A,0,0,6.3,2.9,6.8,5.3,35.5
1437,B,0,1,1.7,9.5,3.5,6.0,51.2
1437,C,0,0,3.7,6.5,6.8,5.7,37.8
1437,D,0,1,5.7,3.8,5.2,8.4,55.2
1438,A,0,0,4.7,3.4,7.0,4.9,33.3
1438,B,0,0,3.9,7.1,4.5,6.7,37.0
1438,C,1,0,6.5,6.7,5.5,6.1,58.0
1438,D,1,1,6.9,6.7,4.6,8.2,77.3
1439,A,1,1,8.2,5.6,8.2,6.6,81.0
1439,B,0,0,6.4,4.7,4.6,7.0,37.8
1439,C,0,0,8.6,3.3,7.3,6.5,42.8
1439,D,1,0,6.9,5.1,4.6,7.3,56.5
1440,A,0,0,8.9,2.8,7.9,7.2,44.7
1440,B,0,1,4.1,3.6,4.1,4.6,44.0
1440,C,0,0,5.9,4.7,7.1,5.6,38.8
1440,D,1,1,5.7,5.3,4.1,7.0,70.2
1441,A,1,1,6.2,6.6,5.9,7.4,76.8
1441,B,0,1,3.9,5.7,2.1,7.2,48.2
1441,C,0,0,7.7,4.0,7.0,3.6,37.2
1441,D,1,1,7.3,7.1,5.3,6.4,76.8
1442,A,0,1,6.6,4.3,7.9,4.7,55.8
1442,B,0,0,4.7,6.5,2.7,5.5,32.3
1442,C,1,0,4.2,3.8,5.5,4.2,46.2
1442,D,0,0,7.2,7.5,3.6,4.8,38.5
1443,A,1,1,5.9,2.0,6.7,6.1,67.8
1443,B,1,0,4.9,7.9,4.2,4.6,52.7
1443,C,1,1,6.2,5.0,6.3,2.8,67.2
1443,D,1,0,6.3,5.4,5.3,6.6,56.0
1444,A,1,0,7.8,4.4,7.9,5.4,59.2
1444,B,1,1,2.3,7.5,7.2,6.8,73.0
1444,C,0,0,7.9,4.1,6.9,4.3,38.7
1444,D,0,0,7.7,6.9,5.7,7.9,47.0
1445,A,1,0,5.6,5.4,8.3,4.1,55.7
1445,B,1,0,6.2,3.1,4.3,5.5,48.5
1445,C,1,0,6.4,5.2,7.2,5.6,57.3
1445,D,0,0,5.3,5.8,9.2,6.4,44.5
1446,A,1,0,5.7,4.4,6.9,5.4,54.0
1446,B,1,1,6.1,4.8,4.2,7.5,71.0
1446,C,1,0,5.4,5.7,6.1,6.1,55.5
1446,D,0,1,7.6,6.3,7.1,7.5,64.2
1447,A,0,0,4.9,6.2,6.7,6.2,40.0
1447,B,1,0,4.6,7.0,3.3,6.6,52.5
1447,C,1,0,5.8,5.6,7.1,4.9,55.7
1447,D,0,1,5.5,4.1,6.7,5.3,52.7
1448,A,0,1,9.8,5.4,7.4,7.0,66.0
1448,B,0,0,3.8,6.9,4.7,6.9,37.2
1448,C,1,0,5.6,5.9,6.1,6.3,56.5
1448,D,1,1,4.8,7.9,6.2,6.7,76.0
1449,A,0,0,3.8,4.8,8.4,4.2,35.3
1449,B,1,0,4.8,6.1,4.0,6.1,51.7
1449,C,0,0,5.2,4.5,6.3,9.5,42.5
1449,D,0,0,3.7,5.8,5.7,5.9,35.2
1450,A,0,0,5.9,2.7,5.3,2.6,27.5
1450,B,0,1,6.1,6.5,2.8,8.3,56.2
1450,C,1,1,3.9,3.6,7.4,5.5,67.3
1450,D,1,0,5.6,5.8,6.1,7.1,57.7
1451,A,1,0,5.6,9.7,5.9,6.3,62.5
1451,B,1,0,5.3,6.5,3.1,6.6,52.5
1451,C,0,0,7.5,4.0,3.8,6.5,36.3
1451,D,0,1,5.8,8.6,7.0,5.7,61.8
1452,A,0,1,6.5,3.4,7.5,6.7,56.8
1452,B,0,1,6.0,6.3,6.8,9.2,63.8
1452,C,0,0,4.9,4.6,5.8,5.9,35.3
1452,D,1,0,5.2,5.3,6.7,6.0,55.3
1453,A,0,0,5.1,4.4,6.3,4.0,33.0
1453,B,1,1,4.9,7.4,6.0,8.8,78.5
1453,C,1,0,6.0,5.2,6.8,5.1,55.2
1453,D,1,1,6.5,5.4,5.9,7.4,75.3
1454,A,0,0,7.8,6.8,6.1,6.2,44.8
1454,B,1,1,6.3,6.5,4.8,8.3,76.5
1454,C,1,0,4.8,5.2,6.3,5.0,52.2
1454,D,1,1,8.1,7.3,3.6,7.3,77.2
1455,A,1,0,6.7,5.8,9.1,4.7,60.5
1455,B,1,1,3.2,2.7,3.6,6.4,59.8
1455,C,0,1,7.2,5.8,4.7,5.9,56.0
1455,D,0,1,4.5,5.5,6.1,7.0,55.2
1456,A,1,0,8.1,3.0,7.3,6.2,57.7
1456,B,0,0,5.0,6.2,4.1,4.1,32.3
1456,C,1,0,4.8,3.8,8.2,4.6,52.3
1456,D,0,1,5.9,7.0,6.4,6.3,59.3
1457,A,0,0,8.0,6.7,7.8,6.5,48.3
1457,B,1,1,5.5,5.3,6.6,6.6,73.3
1457,C,0,0,5.7,5.0,5.2,4.7,34.3
1457,D,0,1,5.1,6.8,6.5,5.8,57.0
1458,A,1,1,4.9,1.8,7.0,6.1,66.3
1458,B,1,1,5.9,6.2,6.9,5.0,73.3
1458,C,1,0,6.0,5.5,5.8,4.2,52.5
1458,D,1,1,4.7,5.1,3.8,6.9,67.5
1459,A,0,0,4.8,5.3,5.8,6.0,36.5
1459,B,1,0,6.5,5.9,5.9,7.9,60.3
1459,C,0,0,5.5,5.4,5.1,3.7,32.8
1459,D,0,1,8.0,8.1,7.9,5.2,65.3
1460,A,1,0,5.6,2.6,4.6,6.9,49.5
1460,B,1,1,3.9,6.2,4.5,7.3,69.8
1460,C,1,0,5.7,7.1,5.2,6.8,58.0
1460,D,1,1,5.9,5.6,4.8,7.4,72.8
1461,A,0,0,6.2,1.9,6.4,6.6,35.2
1461,B,0,1,5.9,5.2,4.0,5.8,51.5
1461,C,0,1,8.7,4.6,5.6,5.4,57.2
1461,D,1,1,7.7,6.6,6.5,7.3,80.2
1462,A,0,0,7.2,6.0,7.6,7.6,47.3
1462,B,1,1,5.9,7.9,3.8,4.8,70.7
1462,C,1,0,3.8,7.7,5.4,7.7,57.7
1462,D,0,0,8.5,6.1,9.1,5.1,48.0
1463,A,1,1,9.3,3.9,6.9,6.7,78.0
1463,B,1,0,5.7,5.9,3.3,6.9,53.0
1463,C,1,1,6.5,8.1,3.7,5.0,72.2
1463,D,1,0,6.7,6.5,5.3,5.1,56.0
1464,A,1,0,6.8,4.5,7.3,5.3,56.5
1464,B,0,1,3.4,8.2,5.9,7.3,58.0
1464,C,1,0,5.6,5.2,6.0,6.2,55.0
1464,D,1,1,7.5,6.2,8.4,5.5,79.3
1465,A,0,1,6.8,4.4,7.9,5.7,58.0
1465,B,0,1,6.1,8.2,2.8,5.8,54.8
1465,C,1,0,6.9,5.5,5.2,6.7,57.2
1465,D,1,1,6.9,7.0,5.0,7.9,78.0
1466,A,1,0,7.1,3.1,7.8,5.0,55.0
1466,B,1,1,5.8,7.6,3.8,5.8,71.7
1466,C,0,1,7.6,2.8,4.2,6.6,52.0
1466,D,1,1,7.0,8.9,5.5,9.5,84.8
1467,A,1,0,7.0,3.1,6.3,4.9,52.2
1467,B,1,0,3.5,6.4,3.6,6.8,50.5
1467,C,1,0,4.7,3.1,4.2,3.1,41.8
1467,D,1,1,5.9,6.4,5.0,6.5,73.0
1468,A,0,0,6.7,2.9,8.4,1.5,32.5
1468,B,1,1,3.8,8.4,1.7,4.9,64.7
1468,C,1,0,7.3,3.7,4.6,5.5,51.8
1468,D,1,1,7.9,6.3,8.1,5.9,80.3
1469,A,0,1,5.1,4.1,6.6,5.1,51.5
1469,B,1,1,6.7,6.2,3.7,5.5,70.2
1469,C,1,0,5.0,2.5,7.4,7.0,53.2
1469,D,0,0,5.0,8.0,8.3,7.1,47.3
1470,A,1,0,7.4,3.6,7.6,4.2,54.7
1470,B,1,1,3.6,5.5,4.9,5.5,65.8
1470,C,0,0,4.8,5.0,5.6,5.2,34.3
1470,D,0,1,7.1,3.7,3.6,6.7,51.8
1471,A,0,0,8.0,4.2,6.0,6.7,41.5
1471,B,1,1,3.7,6.3,4.8,4.5,65.5
1471,C,1,0,6.5,4.2,6.3,6.5,55.8
1471,D,1,1,7.7,6.6,5.8,6.6,77.8
1472,A,1,1,8.7,7.0,7.4,5.3,80.7
1472,B,0,1,4.0,6.1,4.4,5.4,49.8
1472,C,1,0,4.2,5.5,5.5,4.0,48.7
1472,D,0,1,8.1,7.1,5.5,5.7,60.7
1473,A,0,0,3.7,5.1,7.3,5.4,35.8
1473,B,1,0,6.9,7.6,2.6,6.8,56.5
1473,C,1,0,6.4,4.1,6.6,5.5,54.3
1473,D,1,1,7.3,9.1,5.3,5.7,79.0
1474,A,0,0,6.4,2.5,7.0,6.0,36.5
1474,B,0,0,6.2,5.5,5.9,6.9,40.8
1474,C,1,0,5.3,6.7,3.6,8.0,56.0
1474,D,0,1,4.7,5.4,7.1,6.1,55.5
1475,A,1,0,5.9,5.5,5.2,5.5,53.5
1475,B,1,0,5.8,6.8,2.8,5.7,51.8
1475,C,0,0,2.4,3.8,6.5,8.5,35.3
1475,D,1,1,7.0,7.3,5.1,6.9,77.2
1476,A,1,0,5.5,5.7,6.1,5.4,54.5
1476,B,0,1,4.8,7.2,4.2,5.9,53.5
1476,C,0,0,7.6,3.5,3.2,6.7,35.0
1476,D,1,1,4.5,6.7,5.3,8.0,74.2
1477,A,0,1,6.6,4.0,6.3,5.5,54.0
1477,B,0,0,6.2,4.6,6.3,6.6,39.5
1477,C,0,1,5.9,5.0,5.5,3.7,50.2
1477,D,0,0,7.0,3.6,5.9,6.6,38.5
1478,A,1,0,6.7,3.8,5.6,5.5,52.7
1478,B,1,0,4.3,8.8,7.2,3.7,56.7
1478,C,0,0,7.2,3.9,6.9,6.1,40.2
1478,D,1,0,7.7,5.2,6.9,4.1,56.5
1479,A,1,1,7.0,4.6,6.7,4.9,72.0
1479,B,1,0,6.2,6.8,6.2,7.3,60.8
1479,C,0,0,6.1,4.7,6.2,4.7,36.2
1479,D,1,1,6.0,5.6,7.8,5.0,74.0
1480,A,0,0,4.5,5.3,9.5,8.3,46.0
1480,B,1,0,2.9,8.2,3.7,4.7,49.2
1480,C,1,0,5.3,4.3,5.4,5.2,50.3
1480,D,1,0,7.5,7.4,6.7,6.7,63.8
1481,A,0,1,4.8,6.2,6.4,3.7,51.8
1481,B,0,0,5.1,7.6,6.3,6.9,43.2
1481,C,0,0,8.7,3.4,5.6,7.0,41.2
1481,D,0,0,7.7,6.7,4.3,6.4,41.8
1482,A,1,1,8.1,3.4,8.6,4.2,73.8
1482,B,1,0,2.8,5.5,4.6,4.7,46.0
1482,C,0,0,6.4,4.6,6.7,5.1,38.0
1482,D,0,0,7.6,6.5,4.0,5.3,39.0
1483,A,0,0,4.9,4.1,6.7,4.1,33.0
1483,B,0,1,5.7,5.8,3.4,6.1,51.7
1483,C,1,0,6.6,5.2,6.5,4.7,55.0
1483,D,1,0,6.2,5.4,8.4,8.8,64.7
1484,A,1,1,8.3,3.1,5.1,5.2,69.5
1484,B,0,1,6.5,5.6,4.4,5.3,53.0
1484,C,0,0,4.7,4.1,5.0,7.2,35.0
1484,D,1,0,6.5,5.7,4.2,6.4,54.7
1485,A,1,1,8.4,6.6,5.2,5.4,76.0
1485,B,1,0,3.0,7.6,5.8,5.3,52.8
1485,C,0,0,6.0,4.2,6.1,5.4,36.2
1485,D,0,0,6.4,6.1,8.5,5.3,43.8
1486,A,0,0,8.6,2.6,6.6,3.8,36.0
1486,B,1,1,5.5,6.6,6.7,6.8,76.0
1486,C,0,1,3.8,6.2,5.6,6.0,52.7
1486,D,1,1,5.7,6.4,7.4,7.0,77.5
1487,A,0,0,5.8,6.7,6.6,3.5,37.7
1487,B,0,0,2.3,7.1,3.3,3.1,26.3
1487,C,0,0,5.1,4.0,5.5,7.0,36.0
1487,D,1,1,7.5,6.7,7.1,7.6,81.5
1488,A,0,0,6.1,7.3,7.9,5.8,45.2
1488,B,0,1,7.4,7.0,7.0,7.3,64.5
1488,C,1,0,5.1,4.9,6.1,6.7,54.7
1488,D,0,0,7.9,5.6,5.0,8.6,45.2
1489,A,0,1,5.0,3.4,8.1,3.6,50.2
1489,B,1,1,6.0,6.2,5.5,6.3,73.3
1489,C,1,0,4.3,3.0,8.6,6.9,54.7
1489,D,1,1,6.1,6.9,6.8,8.5,80.5
1490,A,1,0,7.0,5.3,8.3,7.6,63.7
1490,B,1,1,2.6,5.5,5.8,6.1,66.7
1490,C,0,1,5.9,6.7,5.7,5.1,55.7
1490,D,0,1,7.3,5.5,7.7,8.1,64.3
1491,A,0,0,8.2,5.5,7.0,6.1,44.7
1491,B,1,0,5.1,6.1,6.5,5.6,55.5
1491,C,1,0,4.3,4.5,5.0,5.2,48.3
1491,D,1,1,5.7,6.2,6.2,6.7,74.7
1492,A,1,0,4.3,4.7,4.8,5.7,49.2
1492,B,0,1,4.3,6.2,4.4,5.5,50.7
1492,C,0,0,5.1,5.6,8.0,4.3,38.3
1492,D,1,1,6.9,6.7,5.9,5.3,74.7
1493,A,1,0,5.8,3.7,6.8,7.2,55.8
1493,B,1,1,1.4,5.7,4.2,4.4,59.5
1493,C,1,1,8.3,3.6,5.7,6.9,74.2
1493,D,1,1,8.1,4.8,6.8,6.2,76.5
1494,A,0,0,7.5,6.1,6.4,5.2,42.0
1494,B,0,1,7.1,8.9,4.2,7.0,62.0
1494,C,0,0,6.8,4.4,7.0,5.9,40.2
1494,D,1,0,6.9,6.2,5.6,6.4,58.5
1495,A,0,0,7.8,7.2,7.0,3.1,41.8
1495,B,0,0,5.1,7.8,1.9,4.8,32.7
1495,C,1,1,5.9,6.3,7.3,4.9,74.0
1495,D,0,1,9.8,5.6,7.4,7.8,67.7
1496,A,0,0,5.7,6.2,7.7,3.2,38.0
1496,B,0,0,2.7,7.4,3.9,7.7,36.2
1496,C,0,1,6.4,4.3,5.8,5.1,52.7
1496,D,1,0,6.9,5.7,5.3,5.5,55.7
1497,A,0,0,4.1,5.5,7.5,4.9,36.7
1497,B,0,1,3.8,6.2,4.6,7.7,53.8
1497,C,1,1,5.7,1.1,4.6,5.5,61.5
1497,D,1,1,5.0,5.7,6.8,6.7,73.7
1498,A,1,1,4.6,3.5,5.0,5.4,64.2
1498,B,0,0,3.9,7.2,4.7,6.5,37.2
1498,C,1,0,7.0,3.2,6.1,4.4,51.2
1498,D,1,1,5.2,5.3,5.2,6.3,70.0
1499,A,0,0,7.8,2.2,4.7,7.1,36.3
1499,B,1,0,4.8,7.3,4.0,6.2,53.8
1499,C,1,0,4.9,4.5,7.3,6.2,54.8
1499,D,0,0,5.9,6.7,7.8,5.8,43.7
1500,A,1,0,5.4,6.9,6.4,5.5,57.0
1500,B,1,1,5.3,7.1,5.9,5.4,72.8
1500,C,1,0,6.4,4.8,7.3,6.9,59.0
1500,D,0,1,6.5,6.5,6.8,7.2,61.7
